freq_GHz,S21_db_engineered,k_star_engineered_rad
1,-9.2575441249e-12,-3.74282121094e-05
1.002,-1.33903250186e-06,-3.73312267459e-05
1.004,-2.67805574618e-06,-3.72342413824e-05
1.006,-4.0170789905e-06,-3.71372560188e-05
1.008,-5.35610223482e-06,-3.70402706553e-05
1.01,-6.69512547913e-06,-3.69432852918e-05
1.012,-8.03414872345e-06,-3.68462999282e-05
1.014,-9.37317196777e-06,-3.67493145647e-05
1.016,-1.07121952121e-05,-3.66523292012e-05
1.018,-1.20512184564e-05,-3.65553438376e-05
1.02,-1.32719946313e-05,-3.6458290186e-05
1.022,-1.44809460992e-05,-3.63612297056e-05
1.024,-1.56898975672e-05,-3.62641692252e-05
1.026,-1.68988490351e-05,-3.61671087448e-05
1.028,-1.8107800503e-05,-3.60700482644e-05
1.03,-1.9316751971e-05,-3.59729877839e-05
1.032,-2.05257034389e-05,-3.58759273035e-05
1.034,-2.17346549068e-05,-3.57788668231e-05
1.036,-2.29436063748e-05,-3.56818063427e-05
1.038,-2.40469659516e-05,-3.55846980673e-05
1.04,-2.51268606638e-05,-3.54875791708e-05
1.042,-2.6206755376e-05,-3.53904602743e-05
1.044,-2.72866500882e-05,-3.52933413778e-05
1.046,-2.83665448004e-05,-3.51962224813e-05
1.048,-2.94464395126e-05,-3.50991035848e-05
1.05,-3.05263342248e-05,-3.50019846883e-05
1.052,-3.1606228937e-05,-3.49048657918e-05
1.054,-3.26861236492e-05,-3.48077468953e-05
1.056,-3.36732344443e-05,-3.47105649376e-05
1.058,-3.46255512706e-05,-3.4613359332e-05
1.06,-3.55778680968e-05,-3.45161537264e-05
1.062,-3.65301849231e-05,-3.44189481208e-05
1.064,-3.74825017494e-05,-3.43217425152e-05
1.066,-3.84348185756e-05,-3.42245369096e-05
1.068,-3.93871354019e-05,-3.4127331304e-05
1.07,-4.03394522282e-05,-3.40301256984e-05
1.072,-4.12917690544e-05,-3.39329200928e-05
1.074,-4.21641281287e-05,-3.38356662657e-05
1.076,-4.29907970589e-05,-3.37383848834e-05
1.078,-4.38174659891e-05,-3.36411035011e-05
1.08,-4.46441349193e-05,-3.35438221188e-05
1.082,-4.54708038495e-05,-3.34465407365e-05
1.084,-4.62974727797e-05,-3.33492593542e-05
1.086,-4.71241417099e-05,-3.32519779719e-05
1.088,-4.79508106401e-05,-3.31546965897e-05
1.09,-4.87774795704e-05,-3.30574152074e-05
1.092,-4.95369079059e-05,-3.2960090758e-05
1.094,-5.02403024125e-05,-3.28627304195e-05
1.096,-5.09436969191e-05,-3.27653700809e-05
1.098,-5.16470914257e-05,-3.26680097423e-05
1.1,-5.23504859323e-05,-3.25706494038e-05
1.102,-5.30538804389e-05,-3.24732890652e-05
1.104,-5.37572749455e-05,-3.23759287266e-05
1.106,-5.44606694521e-05,-3.22785683881e-05
1.108,-5.51640639587e-05,-3.21812080495e-05
1.11,-5.58126960444e-05,-3.20838108406e-05
1.112,-5.6395613225e-05,-3.19863693872e-05
1.114,-5.69785304057e-05,-3.18889279337e-05
1.116,-5.75614475863e-05,-3.17914864803e-05
1.118,-5.81443647669e-05,-3.16940450269e-05
1.12,-5.87272819475e-05,-3.15966035735e-05
1.122,-5.93101991281e-05,-3.14991621201e-05
1.124,-5.98931163087e-05,-3.14017206667e-05
1.126,-6.04760334893e-05,-3.13042792133e-05
1.128,-6.10163082946e-05,-3.12068075323e-05
1.13,-6.14819589433e-05,-3.11092829533e-05
1.132,-6.19476095919e-05,-3.10117583743e-05
1.134,-6.24132602406e-05,-3.09142337953e-05
1.136,-6.28789108892e-05,-3.08167092162e-05
1.138,-6.33445615379e-05,-3.07191846372e-05
1.14,-6.38102121865e-05,-3.06216600582e-05
1.142,-6.42758628351e-05,-3.05241354791e-05
1.144,-6.47415134838e-05,-3.04266109001e-05
1.146,-6.51761673768e-05,-3.03290631178e-05
1.148,-6.55281632548e-05,-3.02314534599e-05
1.15,-6.58801591329e-05,-3.01338438021e-05
1.152,-6.62321550109e-05,-3.00362341442e-05
1.154,-6.65841508889e-05,-2.99386244864e-05
1.156,-6.6936146767e-05,-2.98410148286e-05
1.158,-6.7288142645e-05,-2.97434051707e-05
1.16,-6.7640138523e-05,-2.96457955129e-05
1.162,-6.79921344011e-05,-2.95481858551e-05
1.164,-6.83241905022e-05,-2.94505603798e-05
1.166,-6.85665176071e-05,-2.93528637263e-05
1.168,-6.88088447121e-05,-2.92551670728e-05
1.17,-6.9051171817e-05,-2.91574704193e-05
1.172,-6.9293498922e-05,-2.90597737658e-05
1.174,-6.95358260269e-05,-2.89620771123e-05
1.176,-6.97781531318e-05,-2.88643804588e-05
1.178,-7.00204802368e-05,-2.87666838053e-05
1.18,-7.02628073417e-05,-2.86689871517e-05
1.182,-7.04955600636e-05,-2.85712824179e-05
1.184,-7.0632568955e-05,-2.84734968802e-05
1.186,-7.07695778464e-05,-2.83757113426e-05
1.188,-7.09065867378e-05,-2.82779258049e-05
1.19,-7.10435956292e-05,-2.81801402673e-05
1.192,-7.11806045206e-05,-2.80823547297e-05
1.194,-7.1317613412e-05,-2.7984569192e-05
1.196,-7.14546223034e-05,-2.78867836544e-05
1.198,-7.15916311948e-05,-2.77889981167e-05
1.2,-7.17286400861e-05,-2.76912125791e-05
1.202,-7.17650234823e-05,-2.75933362933e-05
1.204,-7.18014068785e-05,-2.74954600075e-05
1.206,-7.18377902747e-05,-2.73975837218e-05
1.208,-7.18741736708e-05,-2.7299707436e-05
1.21,-7.1910557067e-05,-2.72018311502e-05
1.212,-7.19469404632e-05,-2.71039548644e-05
1.214,-7.19833238594e-05,-2.70060785787e-05
1.216,-7.20197072556e-05,-2.69082022929e-05
1.218,-7.20560906517e-05,-2.68103260071e-05
1.22,-7.20055531194e-05,-2.67123655483e-05
1.222,-7.19463234942e-05,-2.66143966723e-05
1.224,-7.1887093869e-05,-2.65164277962e-05
1.226,-7.18278642438e-05,-2.64184589201e-05
1.228,-7.17686346186e-05,-2.6320490044e-05
1.23,-7.17094049935e-05,-2.6222521168e-05
1.232,-7.16501753683e-05,-2.61245522919e-05
1.234,-7.15909457431e-05,-2.60265834158e-05
1.236,-7.15317161179e-05,-2.59286145398e-05
1.238,-7.13986049764e-05,-2.5830568417e-05
1.24,-7.12490757201e-05,-2.57325051284e-05
1.242,-7.10995464639e-05,-2.56344418397e-05
1.244,-7.09500172076e-05,-2.55363785511e-05
1.246,-7.08004879513e-05,-2.54383152624e-05
1.248,-7.06509586951e-05,-2.53402519738e-05
1.25,-7.05014294388e-05,-2.52421886851e-05
1.252,-7.03519001826e-05,-2.51441253965e-05
1.254,-7.02023709263e-05,-2.50460621078e-05
1.256,-6.99912364203e-05,-2.49479288435e-05
1.258,-6.97569999456e-05,-2.48497693383e-05
1.26,-6.95227634709e-05,-2.47516098332e-05
1.262,-6.92885269961e-05,-2.4653450328e-05
1.264,-6.90542905214e-05,-2.45552908228e-05
1.266,-6.88200540467e-05,-2.44571313176e-05
1.268,-6.8585817572e-05,-2.43589718124e-05
1.27,-6.83515810973e-05,-2.42608123072e-05
1.272,-6.81173446226e-05,-2.4162652802e-05
1.274,-6.78329227494e-05,-2.40644309309e-05
1.276,-6.75198235055e-05,-2.39661734221e-05
1.278,-6.72067242616e-05,-2.38679159133e-05
1.28,-6.68936250177e-05,-2.37696584045e-05
1.282,-6.65805257738e-05,-2.36714008957e-05
1.284,-6.62674265299e-05,-2.35731433869e-05
1.286,-6.5954327286e-05,-2.34748858781e-05
1.288,-6.56412280421e-05,-2.33766283693e-05
1.29,-6.53281287982e-05,-2.32783708605e-05
1.292,-6.49753273286e-05,-2.31800589289e-05
1.294,-6.4589440671e-05,-2.30817016451e-05
1.296,-6.42035540134e-05,-2.29833443613e-05
1.298,-6.38176673559e-05,-2.28849870775e-05
1.3,-6.34317806983e-05,-2.27866297937e-05
1.302,-6.30458940407e-05,-2.26882725099e-05
1.304,-6.26600073831e-05,-2.25899152261e-05
1.306,-6.22741207255e-05,-2.24915579423e-05
1.308,-6.18882340679e-05,-2.23932006584e-05
1.31,-6.14721177116e-05,-2.22947972238e-05
1.312,-6.10197257168e-05,-2.21963384082e-05
1.314,-6.0567333722e-05,-2.20978795925e-05
1.316,-6.01149417272e-05,-2.19994207769e-05
1.318,-5.96625497324e-05,-2.19009619613e-05
1.32,-5.92101577375e-05,-2.18025031457e-05
1.322,-5.87577657427e-05,-2.170404433e-05
1.324,-5.83053737479e-05,-2.16055855144e-05
1.326,-5.78529817531e-05,-2.15071266988e-05
1.328,-5.73787555639e-05,-2.14086303286e-05
1.33,-5.68663195343e-05,-2.13100682379e-05
1.332,-5.63538835048e-05,-2.12115061472e-05
1.334,-5.58414474752e-05,-2.11129440565e-05
1.336,-5.53290114457e-05,-2.10143819659e-05
1.338,-5.48165754162e-05,-2.09158198752e-05
1.34,-5.43041393866e-05,-2.08172577845e-05
1.342,-5.37917033571e-05,-2.07186956938e-05
1.344,-5.32792673275e-05,-2.06201336031e-05
1.346,-5.27522608732e-05,-2.05215428746e-05
1.348,-5.21863999525e-05,-2.04228757782e-05
1.35,-5.16205390319e-05,-2.03242086819e-05
1.352,-5.10546781112e-05,-2.02255415855e-05
1.354,-5.04888171906e-05,-2.01268744892e-05
1.356,-4.99229562699e-05,-2.00282073929e-05
1.358,-4.93570953493e-05,-1.99295402965e-05
1.36,-4.87912344286e-05,-1.98308732002e-05
1.362,-4.8225373508e-05,-1.97322061039e-05
1.364,-4.7651025225e-05,-1.96335196031e-05
1.366,-4.70384838114e-05,-1.95347457823e-05
1.368,-4.64259423978e-05,-1.94359719616e-05
1.37,-4.58134009843e-05,-1.93371981408e-05
1.372,-4.52008595707e-05,-1.92384243201e-05
1.374,-4.45883181571e-05,-1.91396504993e-05
1.376,-4.39757767436e-05,-1.90408766785e-05
1.378,-4.336323533e-05,-1.89421028578e-05
1.38,-4.27506939164e-05,-1.8843329037e-05
1.382,-4.21345316461e-05,-1.87445453588e-05
1.384,-4.14821608078e-05,-1.86456631058e-05
1.386,-4.08297899696e-05,-1.85467808529e-05
1.388,-4.01774191314e-05,-1.84478985999e-05
1.39,-3.95250482931e-05,-1.83490163469e-05
1.392,-3.88726774549e-05,-1.82501340939e-05
1.394,-3.82203066166e-05,-1.81512518409e-05
1.396,-3.75679357784e-05,-1.8052369588e-05
1.398,-3.69155649402e-05,-1.7953487335e-05
1.4,-3.62631941019e-05,-1.7854605082e-05
1.402,-3.55779179724e-05,-1.77556126993e-05
1.404,-3.48926418429e-05,-1.76566203166e-05
1.406,-3.42073657134e-05,-1.75576279339e-05
1.408,-3.35220895839e-05,-1.74586355512e-05
1.41,-3.28368134545e-05,-1.73596431685e-05
1.412,-3.2151537325e-05,-1.72606507858e-05
1.414,-3.14662611955e-05,-1.71616584031e-05
1.416,-3.0780985066e-05,-1.70626660204e-05
1.418,-3.00957089365e-05,-1.69636736377e-05
1.42,-2.93868614804e-05,-1.68645796026e-05
1.422,-2.86756568916e-05,-1.67654754023e-05
1.424,-2.79644523029e-05,-1.66663712019e-05
1.426,-2.72532477141e-05,-1.65672670016e-05
1.428,-2.65420431254e-05,-1.64681628013e-05
1.43,-2.58308385366e-05,-1.63690586009e-05
1.432,-2.51196339479e-05,-1.62699544006e-05
1.434,-2.44084293591e-05,-1.61708502003e-05
1.436,-2.36972247704e-05,-1.60717459999e-05
1.438,-2.29705309684e-05,-1.59725489387e-05
1.44,-2.2240395119e-05,-1.58733312418e-05
1.442,-2.15102592696e-05,-1.57741135449e-05
1.444,-2.07801234202e-05,-1.56748958479e-05
1.446,-2.00499875708e-05,-1.5575678151e-05
1.448,-1.93198517214e-05,-1.5476460454e-05
1.45,-1.8589715872e-05,-1.53772427571e-05
1.452,-1.78595800226e-05,-1.52780250602e-05
1.454,-1.71294441732e-05,-1.51788073632e-05
1.456,-1.63906280803e-05,-1.50795059083e-05
1.458,-1.56485568959e-05,-1.49801730442e-05
1.46,-1.49064857116e-05,-1.48808401801e-05
1.462,-1.41644145273e-05,-1.47815073159e-05
1.464,-1.3422343343e-05,-1.46821744518e-05
1.466,-1.26802721586e-05,-1.45828415877e-05
1.468,-1.19382009743e-05,-1.44835087235e-05
1.47,-1.119612979e-05,-1.43841758594e-05
1.472,-1.04540586057e-05,-1.42848429953e-05
1.474,-9.70882504413e-06,-1.41854357847e-05
1.476,-8.96178440988e-06,-1.40859860906e-05
1.478,-8.21474377563e-06,-1.39865363964e-05
1.48,-7.46770314138e-06,-1.38870867023e-05
1.482,-6.72066250714e-06,-1.37876370081e-05
1.484,-5.97362187289e-06,-1.36881873139e-05
1.486,-5.22658123864e-06,-1.35887376198e-05
1.488,-4.47954060439e-06,-1.34892879256e-05
1.49,-3.73249997014e-06,-1.33898382315e-05
1.492,-3.18935988276e-06,-1.32903239088e-05
1.494,-2.81613691775e-06,-1.31907557291e-05
1.496,-2.44291395275e-06,-1.30911875493e-05
1.498,-2.06969098775e-06,-1.29916193696e-05
1.5,-1.69646802274e-06,-1.28920511899e-05
1.502,-1.32324505774e-06,-1.27924830101e-05
1.504,-9.50022092736e-07,-1.26929148304e-05
1.506,-5.76799127733e-07,-1.25933466506e-05
1.508,-2.03576162729e-07,-1.24937784709e-05
1.51,-0,-1.23941556846e-05
1.512,-0,-1.22944673705e-05
1.514,-0,-1.21947790563e-05
1.516,-0,-1.20950907422e-05
1.518,-0,-1.19954024281e-05
1.52,-0,-1.1895714114e-05
1.522,-0,-1.17960257998e-05
1.524,-0,-1.16963374857e-05
1.526,-0,-1.15966491716e-05
1.528,-0,-1.14969165749e-05
1.53,-0,-1.13971064839e-05
1.532,-0,-1.12972963928e-05
1.534,-0,-1.11974863018e-05
1.536,-0,-1.10976762107e-05
1.538,-0,-1.09978661197e-05
1.54,-0,-1.08980560286e-05
1.542,-0,-1.07982459376e-05
1.544,-0,-1.06984358466e-05
1.546,-0,-1.05985920973e-05
1.548,-0,-1.04986585926e-05
1.55,-0,-1.03987250879e-05
1.552,-0,-1.02987915832e-05
1.554,-0,-1.01988580785e-05
1.556,-0,-1.00989245739e-05
1.558,-0,-9.99899106919e-06
1.56,-0,-9.89905756452e-06
1.562,-0,-9.79912405984e-06
1.564,-0,-9.69916781973e-06
1.566,-0,-9.59910927012e-06
1.568,-0,-9.49905072052e-06
1.57,-0,-9.39899217092e-06
1.572,-0,-9.29893362133e-06
1.574,-0,-9.19887507173e-06
1.576,-0,-9.09881652213e-06
1.578,-0,-8.99875797253e-06
1.58,-0,-8.89869942292e-06
1.582,-0,-8.79862935776e-06
1.584,-0,-8.69844413689e-06
1.586,-0,-8.59825891603e-06
1.588,-0,-8.49807369517e-06
1.59,-0,-8.3978884743e-06
1.592,-0,-8.29770325344e-06
1.594,-0,-8.19751803258e-06
1.596,-0,-8.09733281172e-06
1.598,-0,-7.99714759085e-06
1.6,-0,-7.89696236999e-06
1.602,-0,-7.79664885612e-06
1.604,-0,-7.69633534226e-06
1.606,-0,-7.59602182839e-06
1.608,-0,-7.49570831452e-06
1.61,-0,-7.39539480066e-06
1.612,-0,-7.29508128679e-06
1.614,-0,-7.19476777292e-06
1.616,-0,-7.09445425906e-06
1.618,-0,-6.99414074519e-06
1.62,-0,-6.89370913083e-06
1.622,-0,-6.79326570641e-06
1.624,-0,-6.692822282e-06
1.626,-0,-6.59237885759e-06
1.628,-0,-6.49193543317e-06
1.63,-0,-6.39149200876e-06
1.632,-0,-6.29104858435e-06
1.634,-0,-6.19060515994e-06
1.636,-0,-6.09016173552e-06
1.638,-0,-5.98961070036e-06
1.64,-0,-5.88903575171e-06
1.642,-0,-5.78846080305e-06
1.644,-0,-5.68788585439e-06
1.646,-0,-5.58731090573e-06
1.648,-0,-5.48673595708e-06
1.65,-0,-5.38616100842e-06
1.652,-0,-5.28558605976e-06
1.654,-0,-5.18501111111e-06
1.656,-0,-5.08433933741e-06
1.658,-0,-4.98363125432e-06
1.66,-0,-4.88292317124e-06
1.662,-0,-4.78221508815e-06
1.664,-0,-4.68150700506e-06
1.666,-0,-4.58079892198e-06
1.668,-0,-4.48009083889e-06
1.67,-0,-4.37938275581e-06
1.672,-0,-4.27867467272e-06
1.674,-0,-4.17788084505e-06
1.676,-0,-4.07703802048e-06
1.678,-0,-3.97619519591e-06
1.68,-0,-3.87535237134e-06
1.682,-0,-3.77450954677e-06
1.684,-0,-3.6736667222e-06
1.686,-0,-3.57282389763e-06
1.688,-0,-3.47198107306e-06
1.69,-0,-3.37113824849e-06
1.692,-0,-3.27022105353e-06
1.694,-0,-3.16924188324e-06
1.696,-0,-3.06826271296e-06
1.698,-0,-2.96728354267e-06
1.7,-0,-2.86630437238e-06
1.702,-0,-2.76532520209e-06
1.704,-0,-2.66434603181e-06
1.706,-0,-2.56336686152e-06
1.708,-0,-2.46238769123e-06
1.71,-0,-2.36134581757e-06
1.712,-0,-2.26022869986e-06
1.714,-0,-2.15911158214e-06
1.716,-0,-2.05799446443e-06
1.718,-0,-1.95687734672e-06
1.72,-0,-1.85576022901e-06
1.722,-0,-1.75464311129e-06
1.724,-0,-1.65352599358e-06
1.726,-0,-1.55240887587e-06
1.728,-0,-1.45124101381e-06
1.73,-0,-1.34998434916e-06
1.732,-0,-1.2487276845e-06
1.734,-0,-1.14747101985e-06
1.736,-0,-1.04621435519e-06
1.738,-0,-9.44957690539e-07
1.74,-0,-8.43701025884e-07
1.742,-0,-7.4244436123e-07
1.744,-0,-6.41187696574e-07
1.746,-0,-5.39892537944e-07
1.748,-0,-4.3849472871e-07
1.75,-0,-3.37096919477e-07
1.752,-0,-2.35699110247e-07
1.754,-0,-1.34301301011e-07
1.756,-0,-3.29034917802e-08
1.758,-0,6.84943174539e-08
1.76,-0,1.69892126685e-07
1.762,-0,2.71289935919e-07
1.764,-0,3.72713697985e-07
1.766,-0,4.74254247792e-07
1.768,-0,5.75794797602e-07
1.77,-0,6.77335347409e-07
1.772,-0,7.78875897217e-07
1.774,-0,8.80416447024e-07
1.776,-0,9.81956996835e-07
1.778,-0,1.08349754664e-06
1.78,-0,1.18503809645e-06
1.782,-0,1.28659176765e-06
1.784,-0,1.38827665273e-06
1.786,-0,1.48996153782e-06
1.788,-0,1.59164642291e-06
1.79,-0,1.69333130799e-06
1.792,-0,1.79501619308e-06
1.794,-0,1.89670107817e-06
1.796,-0,1.99838596325e-06
1.798,-0,2.10007084834e-06
1.8,-0,2.20175573342e-06
1.802,-0,2.30358654745e-06
1.804,-0,2.40541736148e-06
1.806,-0,2.50724817551e-06
1.808,-0,2.60907898953e-06
1.81,-0,2.71090980356e-06
1.812,-0,2.81274061759e-06
1.814,-0,2.91457143162e-06
1.816,-0,3.01640224565e-06
1.818,-0,3.11823305967e-06
1.82,-0,3.22019798445e-06
1.822,-0,3.3221763203e-06
1.824,-0,3.42415465615e-06
1.826,-0,3.526132992e-06
1.828,-0,3.62811132786e-06
1.83,-0,3.73008966371e-06
1.832,-0,3.83206799956e-06
1.834,-0,3.93404633541e-06
1.836,-0,4.03602467126e-06
1.838,-0,4.13812500966e-06
1.84,-0,4.24025245973e-06
1.842,-0,4.3423799098e-06
1.844,-0,4.44450735987e-06
1.846,-0,4.54663480994e-06
1.848,-0,4.64876226001e-06
1.85,-0,4.75088971009e-06
1.852,-0,4.85301716016e-06
1.854,-0,4.95514461023e-06
1.856,-0,5.05738166493e-06
1.858,-0,5.15965982136e-06
1.86,-0,5.2619379778e-06
1.862,-0,5.36421613423e-06
1.864,-0,5.46649429066e-06
1.866,-0,5.5687724471e-06
1.868,-0,5.67105060353e-06
1.87,-0,5.77332875997e-06
1.872,-0,5.8756069164e-06
1.874,-0,5.97798199008e-06
1.876,-0,6.08041244505e-06
1.878,-0,6.18284290002e-06
1.88,-0,6.28527335499e-06
1.882,-0,6.38770380995e-06
1.884,-0,6.49013426492e-06
1.886,-0,6.59256471989e-06
1.888,-0,6.69499517486e-06
1.89,-0,6.79742562983e-06
1.892,-0,6.89994002532e-06
1.894,-0,7.00252437127e-06
1.896,-0,7.10510871721e-06
1.898,-0,7.20769306316e-06
1.9,-0,7.3102774091e-06
1.902,-0,7.41286175505e-06
1.904,-0,7.51544610099e-06
1.906,-0,7.61803044694e-06
1.908,-0,7.72061479288e-06
1.91,-0,7.82326981334e-06
1.912,-0,7.92600964322e-06
1.914,-0,8.02874947311e-06
1.916,-0,8.13148930298e-06
1.918,-0,8.23422913286e-06
1.92,-0,8.33696896274e-06
1.922,-0,8.43970879262e-06
1.924,-0,8.5424486225e-06
1.926,-0,8.64518845238e-06
1.928,-0,8.74798540141e-06
1.93,-0,8.85088230894e-06
1.932,-0,8.95377921647e-06
1.934,-0,9.056676124e-06
1.936,-0,9.15957303154e-06
1.938,-0,9.26246993907e-06
1.94,-0,9.3653668466e-06
1.942,-0,9.46826375413e-06
1.944,-0,9.57116066166e-06
1.946,-0,9.67410084348e-06
1.948,-0,9.7771564234e-06
1.95,-0,9.88021200331e-06
1.952,-0,9.98326758323e-06
1.954,-0,1.00863231631e-05
1.956,-0,1.01893787431e-05
1.958,-0,1.0292434323e-05
1.96,-0,1.03954899029e-05
1.962,-0,1.04985454828e-05
1.964,-0,1.06016302024e-05
1.966,-0,1.07048460506e-05
1.968,-0,1.08080618989e-05
1.97,-0,1.09112777471e-05
1.972,-0,1.10144935954e-05
1.974,-0,1.11177094436e-05
1.976,-0,1.12209252918e-05
1.978,-0,1.13241411401e-05
1.98,-0,1.14273569883e-05
1.982,-6.94315775931e-14,1.15305875516e-05
1.984,-8.33178931103e-13,1.16339652656e-05
1.986,-1.59692628461e-12,1.17373429796e-05
1.988,-2.36067363812e-12,1.18407206936e-05
1.99,-3.12442099163e-12,1.19440984076e-05
1.992,-3.88816834514e-12,1.20474761216e-05
1.994,-4.65191569865e-12,1.21508538356e-05
1.996,-5.41566305216e-12,1.22542315496e-05
1.998,-6.17941040567e-12,1.23576092636e-05
2,-6.94315880931e-12,1.24609869776e-05
2.002,-1.1823413081e-06,1.25645281564e-05
2.004,-2.36467567304e-06,1.26680693353e-05
2.006,-3.54701003798e-06,1.27716105142e-05
2.008,-4.72934440291e-06,1.2875151693e-05
2.01,-5.91167876785e-06,1.29786928719e-05
2.012,-7.09401313279e-06,1.30822340508e-05
2.014,-8.27634749773e-06,1.31857752297e-05
2.016,-9.45868186267e-06,1.32893164085e-05
2.018,-1.06410162276e-05,1.33928575874e-05
2.02,-1.18994825475e-05,1.34965488262e-05
2.022,-1.3165562063e-05,1.3600255071e-05
2.024,-1.44316415784e-05,1.37039613158e-05
2.026,-1.56977210939e-05,1.38076675606e-05
2.028,-1.69638006093e-05,1.39113738054e-05
2.03,-1.82298801247e-05,1.40150800502e-05
2.032,-1.94959596402e-05,1.41187862949e-05
2.034,-2.07620391556e-05,1.42224925397e-05
2.036,-2.20281186711e-05,1.43261987845e-05
2.038,-2.33600216119e-05,1.44300413949e-05
2.04,-2.47065519807e-05,1.45339143088e-05
2.042,-2.60530823494e-05,1.46377872227e-05
2.044,-2.73996127182e-05,1.47416601366e-05
2.046,-2.8746143087e-05,1.48455330505e-05
2.048,-3.00926734557e-05,1.49494059644e-05
2.05,-3.14392038245e-05,1.50532788783e-05
2.052,-3.27857341932e-05,1.51571517922e-05
2.054,-3.4132264562e-05,1.52610247061e-05
2.056,-3.55345818133e-05,1.53650200015e-05
2.058,-3.69578191456e-05,1.546906119e-05
2.06,-3.83810564778e-05,1.55731023786e-05
2.062,-3.98042938101e-05,1.56771435671e-05
2.064,-4.12275311424e-05,1.57811847556e-05
2.066,-4.26507684747e-05,1.58852259441e-05
2.068,-4.40740058069e-05,1.59892671327e-05
2.07,-4.54972431392e-05,1.60933083212e-05
2.072,-4.69204804715e-05,1.61973495097e-05
2.074,-4.83898732768e-05,1.63014988054e-05
2.076,-4.9885640638e-05,1.64057098767e-05
2.078,-5.13814079993e-05,1.6509920948e-05
2.08,-5.28771753605e-05,1.66141320192e-05
2.082,-5.43729427218e-05,1.67183430905e-05
2.084,-5.58687100831e-05,1.68225541618e-05
2.086,-5.73644774443e-05,1.6926765233e-05
2.088,-5.88602448056e-05,1.70309763043e-05
2.09,-6.03560121668e-05,1.71351873756e-05
2.092,-6.18888253004e-05,1.72394919888e-05
2.094,-6.3452509911e-05,1.73438745537e-05
2.096,-6.50161945216e-05,1.74482571186e-05
2.098,-6.65798791321e-05,1.75526396836e-05
2.1,-6.81435637427e-05,1.76570222485e-05
2.102,-6.97072483532e-05,1.77614048134e-05
2.104,-7.12709329638e-05,1.78657873783e-05
2.106,-7.28346175744e-05,1.79701699432e-05
2.108,-7.43983021849e-05,1.80745525081e-05
2.11,-7.59905709647e-05,1.81790137582e-05
2.112,-7.76171407476e-05,1.82835694306e-05
2.114,-7.92437105305e-05,1.83881251031e-05
2.116,-8.08702803134e-05,1.84926807755e-05
2.118,-8.24968500963e-05,1.85972364479e-05
2.12,-8.41234198792e-05,1.87017921203e-05
2.122,-8.57499896621e-05,1.88063477927e-05
2.124,-8.7376559445e-05,1.89109034651e-05
2.126,-8.90031292279e-05,1.90154591376e-05
2.128,-9.06505856021e-05,1.91200783462e-05
2.13,-9.2334593511e-05,1.92248087432e-05
2.132,-9.40186014199e-05,1.93295391402e-05
2.134,-9.57026093288e-05,1.94342695372e-05
2.136,-9.73866172377e-05,1.95389999342e-05
2.138,-9.90706251466e-05,1.96437303312e-05
2.14,-0.000100754633055,1.97484607283e-05
2.142,-0.000102438640964,1.98531911253e-05
2.144,-0.000104122648873,1.99579215223e-05
2.146,-0.000105820727577,2.00627000134e-05
2.148,-0.000107556328398,2.01676067555e-05
2.15,-0.00010929192922,2.02725134975e-05
2.152,-0.000111027530041,2.03774202396e-05
2.154,-0.000112763130863,2.04823269817e-05
2.156,-0.000114498731685,2.05872337237e-05
2.158,-0.000116234332506,2.06921404658e-05
2.16,-0.000117969933328,2.07970472079e-05
2.162,-0.00011970553415,2.090195395e-05
2.164,-0.000121449381405,2.100689305e-05
2.166,-0.000123230337615,2.11119777612e-05
2.168,-0.000125011293825,2.12170624724e-05
2.17,-0.000126792250034,2.13221471835e-05
2.172,-0.000128573206244,2.14272318947e-05
2.174,-0.000130354162453,2.15323166058e-05
2.176,-0.000132135118663,2.1637401317e-05
2.178,-0.000133916074872,2.17424860282e-05
2.18,-0.000135697031082,2.18475707393e-05
2.182,-0.00013748150944,2.19526717775e-05
2.184,-0.000139301209276,2.20579360856e-05
2.186,-0.000141120909113,2.21632003937e-05
2.188,-0.000142940608949,2.22684647018e-05
2.19,-0.000144760308786,2.23737290098e-05
2.192,-0.000146580008622,2.24789933179e-05
2.194,-0.000148399708459,2.2584257626e-05
2.196,-0.000150219408296,2.26895219341e-05
2.198,-0.000152039108132,2.27947862422e-05
2.2,-0.000153858807969,2.29000505503e-05
2.202,-0.000155710275364,2.30054960871e-05
2.204,-0.000157561742759,2.3110941624e-05
2.206,-0.000159413210154,2.32163871608e-05
2.208,-0.000161264677549,2.33218326976e-05
2.21,-0.000163116144945,2.34272782345e-05
2.212,-0.00016496761234,2.35327237713e-05
2.214,-0.000166819079735,2.36381693081e-05
2.216,-0.00016867054713,2.37436148449e-05
2.218,-0.000170522014525,2.38490603818e-05
2.22,-0.000172395706039,2.39546721592e-05
2.222,-0.000174271619966,2.40603005607e-05
2.224,-0.000176147533892,2.41659289623e-05
2.226,-0.000178023447818,2.42715573638e-05
2.228,-0.000179899361744,2.43771857653e-05
2.23,-0.00018177527567,2.44828141668e-05
2.232,-0.000183651189597,2.45884425684e-05
2.234,-0.000185527103523,2.46940709699e-05
2.236,-0.000187403017449,2.47996993714e-05
2.238,-0.000189292672159,2.49054787316e-05
2.24,-0.000191185380377,2.50112916381e-05
2.242,-0.000193078088595,2.51171045446e-05
2.244,-0.000194970796813,2.52229174511e-05
2.246,-0.000196863505031,2.53287303577e-05
2.248,-0.000198756213249,2.54345432642e-05
2.25,-0.000200648921467,2.55403561707e-05
2.252,-0.000202541629685,2.56461690772e-05
2.254,-0.000204434337903,2.57519819838e-05
2.256,-0.000206333467521,2.5857930272e-05
2.258,-0.000208235005164,2.59639293283e-05
2.26,-0.000210136542807,2.60699283846e-05
2.262,-0.000212038080451,2.61759274409e-05
2.264,-0.000213939618094,2.62819264972e-05
2.266,-0.000215841155737,2.63879255536e-05
2.268,-0.00021774269338,2.64939246099e-05
2.27,-0.000219644231023,2.65999236662e-05
2.272,-0.000221545768667,2.67059227225e-05
2.274,-0.000223447664181,2.68120412875e-05
2.276,-0.000225349764194,2.69182281431e-05
2.278,-0.000227251864206,2.70244149988e-05
2.28,-0.000229153964219,2.71306018544e-05
2.282,-0.000231056064232,2.72367887101e-05
2.284,-0.000232958164244,2.73429755657e-05
2.286,-0.000234860264257,2.74491624213e-05
2.288,-0.00023676236427,2.7555349277e-05
2.29,-0.000238664464282,2.76615361326e-05
2.292,-0.000240562214822,2.77678263266e-05
2.294,-0.0002424563408,2.78742026359e-05
2.296,-0.000244350466778,2.79805789453e-05
2.298,-0.000246244592756,2.80869552546e-05
2.3,-0.000248138718734,2.81933315639e-05
2.302,-0.000250032844713,2.82997078733e-05
2.304,-0.000251926970691,2.84060841826e-05
2.306,-0.000253821096669,2.85124604919e-05
2.308,-0.000255715222647,2.86188368012e-05
2.31,-0.000257601723648,2.87252999801e-05
2.312,-0.000259479074677,2.88318674026e-05
2.314,-0.000261356425705,2.8938434825e-05
2.316,-0.000263233776734,2.90450022474e-05
2.318,-0.000265111127763,2.91515696698e-05
2.32,-0.000266988478791,2.92581370922e-05
2.322,-0.00026886582982,2.93647045146e-05
2.324,-0.000270743180848,2.9471271937e-05
2.326,-0.000272620531877,2.95778393595e-05
2.328,-0.000274488496496,2.96844768829e-05
2.33,-0.000276340034898,2.9791237083e-05
2.332,-0.000278191573301,2.98979972831e-05
2.334,-0.000280043111703,3.00047574832e-05
2.336,-0.000281894650106,3.01115176833e-05
2.338,-0.000283746188508,3.02182778834e-05
2.34,-0.00028559772691,3.03250380835e-05
2.342,-0.000287449265313,3.04317982836e-05
2.344,-0.000289300803715,3.05385584837e-05
2.346,-0.000291142777639,3.0645371715e-05
2.348,-0.000292959246289,3.07523263627e-05
2.35,-0.000294775714938,3.08592810105e-05
2.352,-0.000296592183588,3.09662356582e-05
2.354,-0.000298408652237,3.1073190306e-05
2.356,-0.000300225120886,3.11801449537e-05
2.358,-0.000302041589536,3.12870996014e-05
2.36,-0.000303858058185,3.13940542492e-05
2.362,-0.000305674526835,3.15010088969e-05
2.364,-0.00030748290078,3.16079992034e-05
2.366,-0.000309254848558,3.17151499743e-05
2.368,-0.000311026796336,3.18223007451e-05
2.37,-0.000312798744114,3.1929451516e-05
2.372,-0.000314570691892,3.20366022868e-05
2.374,-0.00031634263967,3.21437530577e-05
2.376,-0.000318114587448,3.22509038285e-05
2.378,-0.000319886535226,3.23580545994e-05
2.38,-0.000321658483005,3.24652053703e-05
2.382,-0.000323425507875,3.25723741233e-05
2.384,-0.000325143303674,3.26797226984e-05
2.386,-0.000326861099472,3.27870712735e-05
2.388,-0.000328578895271,3.28944198485e-05
2.39,-0.000330296691069,3.30017684236e-05
2.392,-0.000332014486868,3.31091169987e-05
2.394,-0.000333732282666,3.32164655738e-05
2.396,-0.000335450078465,3.33238141489e-05
2.398,-0.000337167874263,3.34311627239e-05
2.4,-0.000338885670061,3.3538511299e-05
2.402,-0.000340539534096,3.36460593653e-05
2.404,-0.000342193398131,3.37536074315e-05
2.406,-0.000343847262165,3.38611554978e-05
2.408,-0.0003455011262,3.3968703564e-05
2.41,-0.000347154990234,3.40762516303e-05
2.412,-0.000348808854269,3.41837996965e-05
2.414,-0.000350462718303,3.42913477628e-05
2.416,-0.000352116582338,3.4398895829e-05
2.418,-0.000353770446373,3.45064438953e-05
2.42,-0.000355357175164,3.46141748561e-05
2.422,-0.00035693719043,3.47219241064e-05
2.424,-0.000358517205697,3.48296733567e-05
2.426,-0.000360097220963,3.49374226071e-05
2.428,-0.00036167723623,3.50451718574e-05
2.43,-0.000363257251496,3.51529211077e-05
2.432,-0.000364837266763,3.5260670358e-05
2.434,-0.000366417282029,3.53684196083e-05
2.436,-0.000367997297296,3.54761688586e-05
2.438,-0.000369508693821,3.55840841042e-05
2.44,-0.000371004841737,3.56920362375e-05
2.442,-0.000372500989653,3.57999883709e-05
2.444,-0.000373997137569,3.59079405043e-05
2.446,-0.000375493285485,3.60158926376e-05
2.448,-0.000376989433401,3.6123844771e-05
2.45,-0.000378485581317,3.62317969044e-05
2.452,-0.000379981729233,3.63397490377e-05
2.454,-0.000381477877149,3.64477011711e-05
2.456,-0.000382905677917,3.65558020959e-05
2.458,-0.000384307848505,3.66639588176e-05
2.46,-0.000385710019093,3.67721155392e-05
2.462,-0.00038711218968,3.68802722608e-05
2.464,-0.000388514360268,3.69884289825e-05
2.466,-0.000389916530856,3.70965857041e-05
2.468,-0.000391318701444,3.72047424258e-05
2.47,-0.000392720872032,3.73128991474e-05
2.472,-0.000394123042619,3.7421055869e-05
2.474,-0.000395458937759,3.75293438724e-05
2.476,-0.000396756961214,3.76377068939e-05
2.478,-0.00039805498467,3.77460699154e-05
2.48,-0.000399353008125,3.78544329368e-05
2.482,-0.00040065103158,3.79627959583e-05
2.484,-0.000401949055035,3.80711589798e-05
2.486,-0.00040324707849,3.81795220013e-05
2.488,-0.000404545101946,3.82878850228e-05
2.49,-0.000405843125401,3.83962480442e-05
2.492,-0.000407078773334,3.850472453e-05
2.494,-0.000408262441665,3.86132955694e-05
2.496,-0.000409446109995,3.87218666088e-05
2.498,-0.000410629778326,3.88304376482e-05
2.5,-0.000411813446657,3.89390086876e-05
2.502,-0.000412997114988,3.9047579727e-05
2.504,-0.000414180783319,3.91561507664e-05
2.506,-0.000415364451649,3.92647218058e-05
2.508,-0.00041654811998,3.93732928452e-05
2.51,-0.000417675159687,3.94819592222e-05
2.512,-0.000418734245044,3.95907400042e-05
2.514,-0.000419793330401,3.96995207862e-05
2.516,-0.000420852415759,3.98083015682e-05
2.518,-0.000421911501116,3.99170823502e-05
2.52,-0.000422970586473,4.00258631322e-05
2.522,-0.00042402967183,4.01346439142e-05
2.524,-0.000425088757187,4.02434246962e-05
2.526,-0.000426147842545,4.03522054782e-05
2.528,-0.000427157910043,4.04610631599e-05
2.53,-0.000428082196288,4.05700554159e-05
2.532,-0.000429006482534,4.06790476719e-05
2.534,-0.000429930768779,4.07880399279e-05
2.536,-0.000430855055024,4.08970321839e-05
2.538,-0.000431779341269,4.10060244399e-05
2.54,-0.000432703627515,4.11150166959e-05
2.542,-0.00043362791376,4.12240089519e-05
2.544,-0.000434552200005,4.1333001208e-05
2.546,-0.000435436944621,4.14420516128e-05
2.548,-0.000436216244893,4.15512570811e-05
2.55,-0.000436995545165,4.16604625494e-05
2.552,-0.000437774845437,4.17696680177e-05
2.554,-0.000438554145708,4.1878873486e-05
2.556,-0.00043933344598,4.19880789543e-05
2.558,-0.000440112746252,4.20972844226e-05
2.56,-0.000440892046524,4.22064898909e-05
2.562,-0.000441671346796,4.23156953592e-05
2.564,-0.000442422443175,4.24249399107e-05
2.566,-0.000443046622037,4.25343603364e-05
2.568,-0.0004436708009,4.26437807622e-05
2.57,-0.000444294979763,4.2753201188e-05
2.572,-0.000444919158625,4.28626216138e-05
2.574,-0.000445543337488,4.29720420396e-05
2.576,-0.00044616751635,4.30814624653e-05
2.578,-0.000446791695213,4.31908828911e-05
2.58,-0.000447415874075,4.33003033169e-05
2.582,-0.000448025036832,4.34097434436e-05
2.584,-0.000448484038534,4.35193805791e-05
2.586,-0.000448943040236,4.36290177147e-05
2.588,-0.000449402041938,4.37386548502e-05
2.59,-0.000449861043639,4.38482919858e-05
2.592,-0.000450320045341,4.39579291214e-05
2.594,-0.000450779047043,4.40675662569e-05
2.596,-0.000451238048745,4.41772033925e-05
2.598,-0.000451697050446,4.4286840528e-05
2.6,-0.000452156052148,4.43964776636e-05
2.602,-0.000452439916661,4.45063332683e-05
2.604,-0.000452723781173,4.46161888731e-05
2.606,-0.000453007645685,4.47260444779e-05
2.608,-0.000453291510198,4.48359000827e-05
2.61,-0.00045357537471,4.49457556875e-05
2.612,-0.000453859239222,4.50556112922e-05
2.614,-0.000454143103735,4.5165466897e-05
2.616,-0.000454426968247,4.52753225018e-05
2.618,-0.000454710832759,4.53851781066e-05
2.62,-0.00045482653909,4.54952339258e-05
2.622,-0.000454925429602,4.56053097665e-05
2.624,-0.000455024320114,4.57153856072e-05
2.626,-0.000455123210626,4.5825461448e-05
2.628,-0.000455222101139,4.59355372887e-05
2.63,-0.000455320991651,4.60456131294e-05
2.632,-0.000455419882163,4.61556889701e-05
2.634,-0.000455518772675,4.62657648108e-05
2.636,-0.000455617663187,4.63758406515e-05
2.638,-0.000455557279473,4.64860981368e-05
2.64,-0.000455461501485,4.65963959875e-05
2.642,-0.000455365723498,4.67066938382e-05
2.644,-0.000455269945511,4.6816991689e-05
2.646,-0.000455174167524,4.69272895397e-05
2.648,-0.000455078389536,4.70375873904e-05
2.65,-0.000454982611549,4.71478852411e-05
2.652,-0.000454886833562,4.72581830919e-05
2.654,-0.000454791055574,4.73684809426e-05
2.656,-0.000454546769189,4.74789415508e-05
2.658,-0.000454246792154,4.7589463193e-05
2.66,-0.000453946815119,4.76999848353e-05
2.662,-0.000453646838084,4.78105064775e-05
2.664,-0.000453346861049,4.79210281198e-05
2.666,-0.000453046884014,4.8031549762e-05
2.668,-0.000452746906979,4.81420714043e-05
2.67,-0.000452446929944,4.82525930465e-05
2.672,-0.000452146952909,4.83631146888e-05
2.674,-0.000451711082938,4.84737798823e-05
2.676,-0.000451197559861,4.85845271052e-05
2.678,-0.000450684036784,4.86952743281e-05
2.68,-0.000450170513707,4.88060215509e-05
2.682,-0.000449656990629,4.89167687738e-05
2.684,-0.000449143467552,4.90275159966e-05
2.686,-0.000448629944475,4.91382632195e-05
2.688,-0.000448116421398,4.92490104423e-05
2.69,-0.000447602898321,4.93597576652e-05
2.692,-0.000446967910536,4.9470628912e-05
2.694,-0.000446231702161,4.95816035122e-05
2.696,-0.000445495493787,4.96925781123e-05
2.698,-0.000444759285412,4.98035527125e-05
2.7,-0.000444023077037,4.99145273127e-05
2.702,-0.000443286868663,5.00255019128e-05
2.704,-0.000442550660288,5.0136476513e-05
2.706,-0.000441814451913,5.02474511131e-05
2.708,-0.000441078243539,5.03584257133e-05
2.71,-0.000440236758613,5.0469504487e-05
2.712,-0.000439268941826,5.05807082689e-05
2.714,-0.000438301125039,5.06919120507e-05
2.716,-0.000437333308251,5.08031158326e-05
2.718,-0.000436365491464,5.09143196145e-05
2.72,-0.000435397674677,5.10255233964e-05
2.722,-0.00043442985789,5.11367271783e-05
2.724,-0.000433462041103,5.12479309601e-05
2.726,-0.000432494224316,5.1359134742e-05
2.728,-0.00043143903215,5.14704225217e-05
2.73,-0.000430230933071,5.15818572976e-05
2.732,-0.000429022833993,5.16932920734e-05
2.734,-0.000427814734914,5.18047268492e-05
2.736,-0.000426606635836,5.19161616251e-05
2.738,-0.000425398536757,5.20275964009e-05
2.74,-0.000424190437679,5.21390311767e-05
2.742,-0.0004229823386,5.22504659526e-05
2.744,-0.000421774239522,5.23619007284e-05
2.746,-0.000420498313571,5.2473398999e-05
2.748,-0.000419041515959,5.2585066589e-05
2.75,-0.000417584718348,5.26967341789e-05
2.752,-0.000416127920736,5.28084017688e-05
2.754,-0.000414671123124,5.29200693588e-05
2.756,-0.000413214325513,5.30317369487e-05
2.758,-0.000411757527901,5.31434045387e-05
2.76,-0.00041030073029,5.32550721286e-05
2.762,-0.000408843932678,5.33667397186e-05
2.764,-0.000407340436361,5.34784499707e-05
2.766,-0.000405626795868,5.35903522029e-05
2.768,-0.000403913155376,5.37022544351e-05
2.77,-0.000402199514883,5.38141566673e-05
2.772,-0.000400485874391,5.39260588995e-05
2.774,-0.000398772233898,5.40379611317e-05
2.776,-0.000397058593406,5.41498633639e-05
2.778,-0.000395344952913,5.42617655961e-05
2.78,-0.000393631312421,5.43736678283e-05
2.782,-0.000391893608865,5.44855915585e-05
2.784,-0.000389915274677,5.45977302693e-05
2.786,-0.000387936940489,5.47098689801e-05
2.788,-0.000385958606301,5.48220076909e-05
2.79,-0.000383980272113,5.49341464016e-05
2.792,-0.000382001937925,5.50462851124e-05
2.794,-0.000380023603737,5.51584238232e-05
2.796,-0.000378045269549,5.5270562534e-05
2.798,-0.000376066935362,5.53827012447e-05
2.8,-0.000374088601174,5.54948399555e-05
2.802,-0.000371838028484,5.56072169895e-05
2.804,-0.000369587455794,5.57195940236e-05
2.806,-0.000367336883104,5.58319710576e-05
2.808,-0.000365086310414,5.59443480916e-05
2.81,-0.000362835737724,5.60567251256e-05
2.812,-0.000360585165034,5.61691021597e-05
2.814,-0.000358334592344,5.62814791937e-05
2.816,-0.000356084019654,5.63938562277e-05
2.818,-0.000353833446964,5.65062332617e-05
2.82,-0.000351328813258,5.66188286381e-05
2.822,-0.00034879877345,5.67314458487e-05
2.824,-0.000346268733643,5.68440630593e-05
2.826,-0.000343738693835,5.69566802699e-05
2.828,-0.000341208654028,5.70692974805e-05
2.83,-0.00033867861422,5.71819146911e-05
2.832,-0.000336148574413,5.72945319017e-05
2.834,-0.000333618534605,5.74071491123e-05
2.836,-0.000331088494798,5.75197663229e-05
2.838,-0.000328324156329,5.76325815654e-05
2.84,-0.000325507751491,5.7745440815e-05
2.842,-0.000322691346652,5.78583000646e-05
2.844,-0.000319874941814,5.79711593142e-05
2.846,-0.000317058536976,5.80840185639e-05
2.848,-0.000314242132138,5.81968778135e-05
2.85,-0.000311425727299,5.83097370631e-05
2.852,-0.000308609322461,5.84225963127e-05
2.854,-0.000305792917623,5.85354555623e-05
2.856,-0.00030276347782,5.86484922021e-05
2.858,-0.000299654149905,5.87615953632e-05
2.86,-0.00029654482199,5.88746985243e-05
2.862,-0.000293435494076,5.89878016854e-05
2.864,-0.000290326166161,5.91009048465e-05
2.866,-0.000287216838246,5.92140080076e-05
2.868,-0.000284107510331,5.93271111687e-05
2.87,-0.000280998182416,5.94402143299e-05
2.872,-0.000277888854502,5.9553317491e-05
2.874,-0.000274589168182,5.96665770677e-05
2.876,-0.000271180705631,5.97799260247e-05
2.878,-0.00026777224308,5.98932749818e-05
2.88,-0.000264363780529,6.00066239389e-05
2.882,-0.000260955317979,6.0119972896e-05
2.884,-0.000257546855428,6.0233321853e-05
2.886,-0.000254138392877,6.03466708101e-05
2.888,-0.000250729930326,6.04600197672e-05
2.89,-0.000247321467775,6.05733687242e-05
2.892,-0.000243746648551,6.06868527888e-05
2.894,-0.000240033198765,6.08004494429e-05
2.896,-0.00023631974898,6.0914046097e-05
2.898,-0.000232606299195,6.1027642751e-05
2.9,-0.000228892849409,6.11412394051e-05
2.902,-0.000225179399624,6.12548360592e-05
2.904,-0.000221465949838,6.13684327133e-05
2.906,-0.000217752500053,6.14820293674e-05
2.908,-0.000214039050268,6.15956260215e-05
2.91,-0.000210184473276,6.17093361428e-05
2.912,-0.000206160543637,6.18231824248e-05
2.914,-0.000202136613997,6.19370287068e-05
2.916,-0.000198112684358,6.20508749887e-05
2.918,-0.000194088754719,6.21647212707e-05
2.92,-0.00019006482508,6.22785675527e-05
2.922,-0.00018604089544,6.23924138346e-05
2.924,-0.000182016965801,6.25062601166e-05
2.926,-0.000177993036162,6.26201063986e-05
2.928,-0.000173854340565,6.2734044185e-05
2.93,-0.000169514804542,6.28481421042e-05
2.932,-0.000165175268519,6.29622400234e-05
2.934,-0.000160835732496,6.30763379426e-05
2.936,-0.000156496196473,6.31904358619e-05
2.938,-0.00015215666045,6.33045337811e-05
2.94,-0.000147817124426,6.34186317003e-05
2.942,-0.000143477588403,6.35327296195e-05
2.944,-0.00013913805238,6.36468275387e-05
2.946,-0.000134711143101,6.37609947344e-05
2.948,-0.000130051238471,6.38753466674e-05
2.95,-0.000125391333841,6.39896986003e-05
2.952,-0.000120731429211,6.41040505332e-05
2.954,-0.000116071524582,6.42184024661e-05
2.956,-0.000111411619952,6.43327543991e-05
2.958,-0.000106751715322,6.4447106332e-05
2.96,-0.000102091810692,6.45614582649e-05
2.962,-9.74319060624e-05,6.46758101978e-05
2.964,-9.27129540386e-05,6.47902102969e-05
2.966,-8.77282887418e-05,6.49048271437e-05
2.968,-8.27436234449e-05,6.50194439906e-05
2.97,-7.77589581481e-05,6.51340608374e-05
2.972,-7.27742928512e-05,6.52486776842e-05
2.974,-6.77896275544e-05,6.5363294531e-05
2.976,-6.28049622575e-05,6.54779113779e-05
2.978,-5.78202969607e-05,6.55925282247e-05
2.98,-5.28356316639e-05,6.57071450715e-05
2.982,-4.78210765801e-05,6.58217828048e-05
2.984,-4.25076236267e-05,6.59366294027e-05
2.986,-3.71941706734e-05,6.60514760005e-05
2.988,-3.188071772e-05,6.61663225984e-05
2.99,-2.65672647667e-05,6.62811691963e-05
2.992,-2.12538118134e-05,6.63960157941e-05
2.994,-1.594035886e-05,6.6510862392e-05
2.996,-1.06269059067e-05,6.66257089899e-05
2.998,-5.31345295333e-06,6.67405555877e-05
3,-0,6.68554021856e-05
3.002,-0,6.69710579423e-05
3.004,-0,6.7086713699e-05
3.006,-0,6.72023694557e-05
3.008,-0,6.73180252124e-05
3.01,-0,6.7433680969e-05
3.012,-0,6.75493367257e-05
3.014,-0,6.76649924824e-05
3.016,-0,6.77806482391e-05
3.018,-0,6.78963039958e-05
3.02,-0,6.80119597525e-05
3.022,-0,6.81276155092e-05
3.024,-0,6.82432712659e-05
3.026,-0,6.83589270225e-05
3.028,-0,6.84745827792e-05
3.03,-0,6.85902385359e-05
3.032,-0,6.87058942926e-05
3.034,-0,6.88215500493e-05
3.036,-0,6.8937205806e-05
3.038,-0,6.90528615627e-05
3.04,-0,6.91685173194e-05
3.042,-0,6.9284173076e-05
3.044,-0,6.93998288327e-05
3.046,-0,6.95154845894e-05
3.048,-0,6.96311403461e-05
3.05,-0,6.97467961028e-05
3.052,-0,6.98624518595e-05
3.054,-0,6.99781076162e-05
3.056,-0,7.00937633729e-05
3.058,-0,7.02094191295e-05
3.06,-0,7.03250748862e-05
3.062,-0,7.04407306429e-05
3.064,-0,7.05563863996e-05
3.066,-0,7.06720421563e-05
3.068,-0,7.0787697913e-05
3.07,-0,7.09033536697e-05
3.072,-0,7.10190094264e-05
3.074,-0,7.1134665183e-05
3.076,-0,7.12503209397e-05
3.078,-0,7.13659766964e-05
3.08,-0,7.14816324531e-05
3.082,-0,7.15972882098e-05
3.084,-0,7.17129439665e-05
3.086,-0,7.18285997232e-05
3.088,-0,7.19442554798e-05
3.09,-0,7.20599112365e-05
3.092,-0,7.21755669932e-05
3.094,-0,7.22912227499e-05
3.096,-0,7.24068785066e-05
3.098,-0,7.25225342633e-05
3.1,-0,7.263819002e-05
3.102,-0,7.27552987452e-05
3.104,-0,7.28724074704e-05
3.106,-0,7.29895161956e-05
3.108,-0,7.31066249208e-05
3.11,-0,7.3223733646e-05
3.112,-0,7.33408423713e-05
3.114,-0,7.34579510965e-05
3.116,-0,7.35750598217e-05
3.118,-0,7.36921685469e-05
3.12,-0,7.38092772721e-05
3.122,-0,7.39263859973e-05
3.124,-0,7.40434947225e-05
3.126,-0,7.41606034477e-05
3.128,-0,7.42777121729e-05
3.13,-0,7.43948208982e-05
3.132,-0,7.45119296234e-05
3.134,-0,7.46290383486e-05
3.136,-0,7.47461470738e-05
3.138,-0,7.4863255799e-05
3.14,-0,7.49803645242e-05
3.142,-0,7.50974732494e-05
3.144,-0,7.52145819746e-05
3.146,-0,7.53316906999e-05
3.148,-0,7.54487994251e-05
3.15,-0,7.55659081503e-05
3.152,-0,7.56830168755e-05
3.154,-0,7.58001256007e-05
3.156,-0,7.59172343259e-05
3.158,-0,7.60343430511e-05
3.16,-0,7.61514517764e-05
3.162,-0,7.62685605016e-05
3.164,-0,7.63856692268e-05
3.166,-0,7.6502777952e-05
3.168,-0,7.66198866772e-05
3.17,-0,7.67369954024e-05
3.172,-0,7.68541041276e-05
3.174,-0,7.69712128528e-05
3.176,-0,7.7088321578e-05
3.178,-0,7.72054303033e-05
3.18,-0,7.73225390285e-05
3.182,-0,7.74396477537e-05
3.184,-0,7.75567564789e-05
3.186,-0,7.76738652041e-05
3.188,-0,7.77909739293e-05
3.19,-0,7.79080826545e-05
3.192,-0,7.80251913798e-05
3.194,-0,7.8142300105e-05
3.196,-0,7.82594088302e-05
3.198,-0,7.83765175554e-05
3.2,-6.16676288628e-26,7.84936262806e-05
3.202,-4.62877183946e-14,7.8612241303e-05
3.204,-9.25754367892e-14,7.87308563254e-05
3.206,-1.38863155184e-13,7.88494713478e-05
3.208,-1.85150873578e-13,7.89680863702e-05
3.21,-2.31438591973e-13,7.90867013926e-05
3.212,-2.77726310367e-13,7.9205316415e-05
3.214,-3.24014028762e-13,7.93239314374e-05
3.216,-3.70301747157e-13,7.94425464598e-05
3.218,-4.16589465551e-13,7.95611614822e-05
3.22,-4.62877183946e-13,7.96797765046e-05
3.222,-5.0916490234e-13,7.9798391527e-05
3.224,-5.55452620735e-13,7.99170065495e-05
3.226,-6.01740339129e-13,8.00356215719e-05
3.228,-6.48028057524e-13,8.01542365943e-05
3.23,-6.94315775918e-13,8.02728516167e-05
3.232,-7.40603494313e-13,8.03914666391e-05
3.234,-7.86891212708e-13,8.05100816615e-05
3.236,-8.33178931102e-13,8.06286966839e-05
3.238,-8.79466649497e-13,8.07473117063e-05
3.24,-9.25754367891e-13,8.08659267287e-05
3.242,-9.72042086286e-13,8.09845417511e-05
3.244,-1.01832980468e-12,8.11031567735e-05
3.246,-1.06461752307e-12,8.12217717959e-05
3.248,-1.11090524147e-12,8.13403868183e-05
3.25,-1.15719295986e-12,8.14590018407e-05
3.252,-1.20348067826e-12,8.15776168631e-05
3.254,-1.24976839665e-12,8.16962318855e-05
3.256,-1.29605611505e-12,8.18148469079e-05
3.258,-1.34234383344e-12,8.19334619303e-05
3.26,-1.38863155184e-12,8.20520769527e-05
3.262,-1.43491927023e-12,8.21706919751e-05
3.264,-1.48120698863e-12,8.22893069975e-05
3.266,-1.52749470702e-12,8.24079220199e-05
3.268,-1.57378242542e-12,8.25265370423e-05
3.27,-1.62007014381e-12,8.26451520648e-05
3.272,-1.6663578622e-12,8.27637670872e-05
3.274,-1.7126455806e-12,8.28823821096e-05
3.276,-1.75893329899e-12,8.3000997132e-05
3.278,-1.80522101739e-12,8.31196121544e-05
3.28,-1.85150873578e-12,8.32382271768e-05
3.282,-1.89779645418e-12,8.33568421992e-05
3.284,-1.94408417257e-12,8.34754572216e-05
3.286,-1.99037189097e-12,8.3594072244e-05
3.288,-2.03665960936e-12,8.37126872664e-05
3.29,-2.08294732776e-12,8.38313022888e-05
3.292,-2.12923504615e-12,8.39499173112e-05
3.294,-2.17552276454e-12,8.40685323336e-05
3.296,-2.22181048294e-12,8.4187147356e-05
3.298,-2.26809820133e-12,8.43057623784e-05
3.3,-2.31438591973e-12,8.44243774008e-05
3.302,-2.31438591973e-12,8.45445514384e-05
3.304,-2.31438591973e-12,8.46647254759e-05
3.306,-2.31438591973e-12,8.47848995134e-05
3.308,-2.31438591973e-12,8.49050735509e-05
3.31,-2.31438591973e-12,8.50252475885e-05
3.312,-2.31438591973e-12,8.5145421626e-05
3.314,-2.31438591973e-12,8.52655956635e-05
3.316,-2.31438591973e-12,8.53857697011e-05
3.318,-2.31438591973e-12,8.55059437386e-05
3.32,-2.31438591973e-12,8.56261177761e-05
3.322,-2.31438591973e-12,8.57462918137e-05
3.324,-2.31438591973e-12,8.58664658512e-05
3.326,-2.31438591973e-12,8.59866398887e-05
3.328,-2.31438591973e-12,8.61068139262e-05
3.33,-2.31438591973e-12,8.62269879638e-05
3.332,-2.31438591973e-12,8.63471620013e-05
3.334,-2.31438591973e-12,8.64673360388e-05
3.336,-2.31438591973e-12,8.65875100764e-05
3.338,-2.31438591973e-12,8.67076841139e-05
3.34,-2.31438591973e-12,8.68278581514e-05
3.342,-2.31438591973e-12,8.6948032189e-05
3.344,-2.31438591973e-12,8.70682062265e-05
3.346,-2.31438591973e-12,8.7188380264e-05
3.348,-2.31438591973e-12,8.73085543016e-05
3.35,-2.31438591973e-12,8.74287283391e-05
3.352,-2.31438591973e-12,8.75489023766e-05
3.354,-2.31438591973e-12,8.76690764141e-05
3.356,-2.31438591973e-12,8.77892504517e-05
3.358,-2.31438591973e-12,8.79094244892e-05
3.36,-2.31438591973e-12,8.80295985267e-05
3.362,-2.31438591973e-12,8.81497725643e-05
3.364,-2.31438591973e-12,8.82699466018e-05
3.366,-2.31438591973e-12,8.83901206393e-05
3.368,-2.31438591973e-12,8.85102946769e-05
3.37,-2.31438591973e-12,8.86304687144e-05
3.372,-2.31438591973e-12,8.87506427519e-05
3.374,-2.31438591973e-12,8.88708167894e-05
3.376,-2.31438591973e-12,8.8990990827e-05
3.378,-2.31438591973e-12,8.91111648645e-05
3.38,-2.31438591973e-12,8.9231338902e-05
3.382,-2.31438591973e-12,8.93515129396e-05
3.384,-2.31438591973e-12,8.94716869771e-05
3.386,-2.31438591973e-12,8.95918610146e-05
3.388,-2.31438591973e-12,8.97120350522e-05
3.39,-2.31438591973e-12,8.98322090897e-05
3.392,-2.31438591973e-12,8.99523831272e-05
3.394,-2.31438591973e-12,9.00725571648e-05
3.396,-2.31438591973e-12,9.01927312023e-05
3.398,-2.31438591973e-12,9.03129052398e-05
3.4,-2.31438591973e-12,9.04330792773e-05
3.402,-2.26809820133e-12,9.05548675215e-05
3.404,-2.22181048294e-12,9.06766557657e-05
3.406,-2.17552276454e-12,9.07984440099e-05
3.408,-2.12923504615e-12,9.09202322541e-05
3.41,-2.08294732776e-12,9.10420204983e-05
3.412,-2.03665960936e-12,9.11638087424e-05
3.414,-1.99037189097e-12,9.12855969866e-05
3.416,-1.94408417257e-12,9.14073852308e-05
3.418,-1.89779645418e-12,9.1529173475e-05
3.42,-1.85150873578e-12,9.16509617192e-05
3.422,-1.80522101739e-12,9.17727499633e-05
3.424,-1.75893329899e-12,9.18945382075e-05
3.426,-1.7126455806e-12,9.20163264517e-05
3.428,-1.6663578622e-12,9.21381146959e-05
3.43,-1.62007014381e-12,9.22599029401e-05
3.432,-1.57378242541e-12,9.23816911843e-05
3.434,-1.52749470702e-12,9.25034794284e-05
3.436,-1.48120698863e-12,9.26252676726e-05
3.438,-1.43491927023e-12,9.27470559168e-05
3.44,-1.38863155184e-12,9.2868844161e-05
3.442,-1.34234383344e-12,9.29906324052e-05
3.444,-1.29605611505e-12,9.31124206493e-05
3.446,-1.24976839665e-12,9.32342088935e-05
3.448,-1.20348067826e-12,9.33559971377e-05
3.45,-1.15719295986e-12,9.34777853819e-05
3.452,-1.11090524147e-12,9.35995736261e-05
3.454,-1.06461752307e-12,9.37213618702e-05
3.456,-1.01832980468e-12,9.38431501144e-05
3.458,-9.72042086286e-13,9.39649383586e-05
3.46,-9.25754367891e-13,9.40867266028e-05
3.462,-8.79466649497e-13,9.4208514847e-05
3.464,-8.33178931102e-13,9.43303030911e-05
3.466,-7.86891212707e-13,9.44520913353e-05
3.468,-7.40603494313e-13,9.45738795795e-05
3.47,-6.94315775918e-13,9.46956678237e-05
3.472,-6.48028057524e-13,9.48174560679e-05
3.474,-6.01740339129e-13,9.49392443121e-05
3.476,-5.55452620735e-13,9.50610325562e-05
3.478,-5.0916490234e-13,9.51828208004e-05
3.48,-4.62877183946e-13,9.53046090446e-05
3.482,-4.16589465551e-13,9.54263972888e-05
3.484,-3.70301747156e-13,9.5548185533e-05
3.486,-3.24014028762e-13,9.56699737771e-05
3.488,-2.77726310367e-13,9.57917620213e-05
3.49,-2.31438591973e-13,9.59135502655e-05
3.492,-1.85150873578e-13,9.60353385097e-05
3.494,-1.38863155184e-13,9.61571267539e-05
3.496,-9.2575436789e-14,9.62789149981e-05
3.498,-4.62877183945e-14,9.64007032422e-05
3.5,-0,9.65224914864e-05
3.502,-0,9.66459473369e-05
3.504,-0,9.67694031874e-05
3.506,-0,9.6892859038e-05
3.508,-0,9.70163148885e-05
3.51,-0,9.7139770739e-05
3.512,-0,9.72632265895e-05
3.514,-0,9.738668244e-05
3.516,-0,9.75101382905e-05
3.518,-0,9.7633594141e-05
3.52,-0,9.77570499916e-05
3.522,-0,9.78805058421e-05
3.524,-0,9.80039616926e-05
3.526,-0,9.81274175431e-05
3.528,-0,9.82508733936e-05
3.53,-0,9.83743292441e-05
3.532,-0,9.84977850946e-05
3.534,-0,9.86212409452e-05
3.536,-0,9.87446967957e-05
3.538,-0,9.88681526462e-05
3.54,-0,9.89916084967e-05
3.542,-0,9.91150643472e-05
3.544,-0,9.92385201977e-05
3.546,-0,9.93619760483e-05
3.548,-0,9.94854318988e-05
3.55,-0,9.96088877493e-05
3.552,-0,9.97323435998e-05
3.554,-0,9.98557994503e-05
3.556,-0,9.99792553008e-05
3.558,-0,0.000100102711151
3.56,-0,0.000100226167002
3.562,-0,0.000100349622852
3.564,-0,0.000100473078703
3.566,-0,0.000100596534553
3.568,-0,0.000100719990404
3.57,-0,0.000100843446254
3.572,-0,0.000100966902105
3.574,-0,0.000101090357955
3.576,-0,0.000101213813806
3.578,-0,0.000101337269656
3.58,-0,0.000101460725507
3.582,-0,0.000101584181358
3.584,-0,0.000101707637208
3.586,-0,0.000101831093059
3.588,-0,0.000101954548909
3.59,-0,0.00010207800476
3.592,-0,0.00010220146061
3.594,-0,0.000102324916461
3.596,-0,0.000102448372311
3.598,-0,0.000102571828162
3.6,-2.87782268026e-25,0.000102695284012
3.602,-1.85150873578e-13,0.000102820463794
3.604,-3.70301747157e-13,0.000102945643576
3.606,-5.55452620735e-13,0.000103070823359
3.608,-7.40603494313e-13,0.000103196003141
3.61,-9.25754367891e-13,0.000103321182923
3.612,-1.11090524147e-12,0.000103446362705
3.614,-1.29605611505e-12,0.000103571542487
3.616,-1.48120698863e-12,0.000103696722269
3.618,-1.6663578622e-12,0.000103821902051
3.62,-1.85150873578e-12,0.000103947081833
3.622,-2.03665960936e-12,0.000104072261615
3.624,-2.22181048294e-12,0.000104197441398
3.626,-2.40696135652e-12,0.00010432262118
3.628,-2.5921122301e-12,0.000104447800962
3.63,-2.77726310367e-12,0.000104572980744
3.632,-2.96241397725e-12,0.000104698160526
3.634,-3.14756485083e-12,0.000104823340308
3.636,-3.33271572441e-12,0.00010494852009
3.638,-3.51786659799e-12,0.000105073699872
3.64,-3.70301747156e-12,0.000105198879655
3.642,-3.88816834514e-12,0.000105324059437
3.644,-4.07331921872e-12,0.000105449239219
3.646,-4.2584700923e-12,0.000105574419001
3.648,-4.44362096588e-12,0.000105699598783
3.65,-4.62877183946e-12,0.000105824778565
3.652,-4.81392271303e-12,0.000105949958347
3.654,-4.99907358661e-12,0.000106075138129
3.656,-5.18422446019e-12,0.000106200317912
3.658,-5.36937533377e-12,0.000106325497694
3.66,-5.55452620735e-12,0.000106450677476
3.662,-5.73967708093e-12,0.000106575857258
3.664,-5.9248279545e-12,0.00010670103704
3.666,-6.10997882808e-12,0.000106826216822
3.668,-6.29512970166e-12,0.000106951396604
3.67,-6.48028057524e-12,0.000107076576386
3.672,-6.66543144882e-12,0.000107201756168
3.674,-6.85058232239e-12,0.000107326935951
3.676,-7.03573319597e-12,0.000107452115733
3.678,-7.22088406955e-12,0.000107577295515
3.68,-7.40603494313e-12,0.000107702475297
3.682,-7.59118581671e-12,0.000107827655079
3.684,-7.77633669029e-12,0.000107952834861
3.686,-7.96148756386e-12,0.000108078014643
3.688,-8.14663843744e-12,0.000108203194425
3.69,-8.33178931102e-12,0.000108328374208
3.692,-8.5169401846e-12,0.00010845355399
3.694,-8.70209105818e-12,0.000108578733772
3.696,-8.88724193176e-12,0.000108703913554
3.698,-9.07239280533e-12,0.000108829093336
3.7,-9.25754367891e-12,0.000108954273118
3.702,-9.07239280533e-12,0.000109081234044
3.704,-8.88724193175e-12,0.00010920819497
3.706,-8.70209105818e-12,0.000109335155896
3.708,-8.5169401846e-12,0.000109462116822
3.71,-8.33178931102e-12,0.000109589077748
3.712,-8.14663843744e-12,0.000109716038674
3.714,-7.96148756386e-12,0.0001098429996
3.716,-7.77633669029e-12,0.000109969960526
3.718,-7.59118581671e-12,0.000110096921452
3.72,-7.40603494313e-12,0.000110223882378
3.722,-7.22088406955e-12,0.000110350843304
3.724,-7.03573319597e-12,0.00011047780423
3.726,-6.85058232239e-12,0.000110604765156
3.728,-6.66543144882e-12,0.000110731726082
3.73,-6.48028057524e-12,0.000110858687008
3.732,-6.29512970166e-12,0.000110985647934
3.734,-6.10997882808e-12,0.00011111260886
3.736,-5.9248279545e-12,0.000111239569786
3.738,-5.73967708092e-12,0.000111366530712
3.74,-5.55452620735e-12,0.000111493491638
3.742,-5.36937533377e-12,0.000111620452564
3.744,-5.18422446019e-12,0.00011174741349
3.746,-4.99907358661e-12,0.000111874374416
3.748,-4.81392271303e-12,0.000112001335342
3.75,-4.62877183946e-12,0.000112128296268
3.752,-4.44362096588e-12,0.000112255257194
3.754,-4.2584700923e-12,0.00011238221812
3.756,-4.07331921872e-12,0.000112509179046
3.758,-3.88816834514e-12,0.000112636139972
3.76,-3.70301747156e-12,0.000112763100898
3.762,-3.51786659799e-12,0.000112890061824
3.764,-3.33271572441e-12,0.00011301702275
3.766,-3.14756485083e-12,0.000113143983676
3.768,-2.96241397725e-12,0.000113270944602
3.77,-2.77726310367e-12,0.000113397905528
3.772,-2.59211223009e-12,0.000113524866454
3.774,-2.40696135652e-12,0.00011365182738
3.776,-2.22181048294e-12,0.000113778788306
3.778,-2.03665960936e-12,0.000113905749232
3.78,-1.85150873578e-12,0.000114032710158
3.782,-1.6663578622e-12,0.000114159671084
3.784,-1.48120698863e-12,0.00011428663201
3.786,-1.29605611505e-12,0.000114413592936
3.788,-1.11090524147e-12,0.000114540553862
3.79,-9.25754367891e-13,0.000114667514788
3.792,-7.40603494313e-13,0.000114794475714
3.794,-5.55452620734e-13,0.00011492143664
3.796,-3.70301747156e-13,0.000115048397567
3.798,-1.85150873578e-13,0.000115175358493
3.8,-2.46670515451e-25,0.000115302319419
3.802,-1.38863155184e-13,0.000115431116863
3.804,-2.77726310368e-13,0.000115559914307
3.806,-4.16589465551e-13,0.000115688711751
3.808,-5.55452620735e-13,0.000115817509195
3.81,-6.94315775919e-13,0.000115946306639
3.812,-8.33178931102e-13,0.000116075104083
3.814,-9.72042086286e-13,0.000116203901527
3.816,-1.11090524147e-12,0.000116332698971
3.818,-1.24976839665e-12,0.000116461496415
3.82,-1.38863155184e-12,0.000116590293859
3.822,-1.52749470702e-12,0.000116719091303
3.824,-1.6663578622e-12,0.000116847888747
3.826,-1.80522101739e-12,0.000116976686191
3.828,-1.94408417257e-12,0.000117105483635
3.83,-2.08294732776e-12,0.000117234281079
3.832,-2.22181048294e-12,0.000117363078523
3.834,-2.36067363812e-12,0.000117491875968
3.836,-2.49953679331e-12,0.000117620673412
3.838,-2.63839994849e-12,0.000117749470856
3.84,-2.77726310367e-12,0.0001178782683
3.842,-2.91612625886e-12,0.000118007065744
3.844,-3.05498941404e-12,0.000118135863188
3.846,-3.19385256922e-12,0.000118264660632
3.848,-3.33271572441e-12,0.000118393458076
3.85,-3.47157887959e-12,0.00011852225552
3.852,-3.61044203478e-12,0.000118651052964
3.854,-3.74930518996e-12,0.000118779850408
3.856,-3.88816834514e-12,0.000118908647852
3.858,-4.02703150033e-12,0.000119037445296
3.86,-4.16589465551e-12,0.00011916624274
3.862,-4.30475781069e-12,0.000119295040184
3.864,-4.44362096588e-12,0.000119423837628
3.866,-4.58248412106e-12,0.000119552635072
3.868,-4.72134727625e-12,0.000119681432517
3.87,-4.86021043143e-12,0.000119810229961
3.872,-4.99907358661e-12,0.000119939027405
3.874,-5.1379367418e-12,0.000120067824849
3.876,-5.27679989698e-12,0.000120196622293
3.878,-5.41566305216e-12,0.000120325419737
3.88,-5.55452620735e-12,0.000120454217181
3.882,-5.69338936253e-12,0.000120583014625
3.884,-5.83225251771e-12,0.000120711812069
3.886,-5.9711156729e-12,0.000120840609513
3.888,-6.10997882808e-12,0.000120969406957
3.89,-6.24884198327e-12,0.000121098204401
3.892,-6.38770513845e-12,0.000121227001845
3.894,-6.52656829363e-12,0.000121355799289
3.896,-6.66543144882e-12,0.000121484596733
3.898,-6.804294604e-12,0.000121613394177
3.9,-6.94315775918e-12,0.000121742191622
3.902,-6.89687004079e-12,0.000121872885702
3.904,-6.85058232239e-12,0.000122003579782
3.906,-6.804294604e-12,0.000122134273863
3.908,-6.75800688561e-12,0.000122264967943
3.91,-6.71171916721e-12,0.000122395662023
3.912,-6.66543144882e-12,0.000122526356104
3.914,-6.61914373042e-12,0.000122657050184
3.916,-6.57285601203e-12,0.000122787744264
3.918,-6.52656829363e-12,0.000122918438345
3.92,-6.48028057524e-12,0.000123049132425
3.922,-6.43399285684e-12,0.000123179826505
3.924,-6.38770513845e-12,0.000123310520586
3.926,-6.34141742005e-12,0.000123441214666
3.928,-6.29512970166e-12,0.000123571908746
3.93,-6.24884198327e-12,0.000123702602827
3.932,-6.20255426487e-12,0.000123833296907
3.934,-6.15626654648e-12,0.000123963990988
3.936,-6.10997882808e-12,0.000124094685068
3.938,-6.06369110969e-12,0.000124225379148
3.94,-6.01740339129e-12,0.000124356073229
3.942,-5.9711156729e-12,0.000124486767309
3.944,-5.9248279545e-12,0.000124617461389
3.946,-5.87854023611e-12,0.00012474815547
3.948,-5.83225251771e-12,0.00012487884955
3.95,-5.78596479932e-12,0.00012500954363
3.952,-5.73967708093e-12,0.000125140237711
3.954,-5.69338936253e-12,0.000125270931791
3.956,-5.64710164414e-12,0.000125401625871
3.958,-5.60081392574e-12,0.000125532319952
3.96,-5.55452620735e-12,0.000125663014032
3.962,-5.50823848895e-12,0.000125793708113
3.964,-5.46195077056e-12,0.000125924402193
3.966,-5.41566305216e-12,0.000126055096273
3.968,-5.36937533377e-12,0.000126185790354
3.97,-5.32308761537e-12,0.000126316484434
3.972,-5.27679989698e-12,0.000126447178514
3.974,-5.23051217858e-12,0.000126577872595
3.976,-5.18422446019e-12,0.000126708566675
3.978,-5.1379367418e-12,0.000126839260755
3.98,-5.0916490234e-12,0.000126969954836
3.982,-5.04536130501e-12,0.000127100648916
3.984,-4.99907358661e-12,0.000127231342996
3.986,-4.95278586822e-12,0.000127362037077
3.988,-4.90649814982e-12,0.000127492731157
3.99,-4.86021043143e-12,0.000127623425238
3.992,-4.81392271303e-12,0.000127754119318
3.994,-4.76763499464e-12,0.000127884813398
3.996,-4.72134727624e-12,0.000128015507479
3.998,-4.67505955785e-12,0.000128146201559
4,-4.62877183946e-12,0.000128276895639
4.002,-4.53619640267e-12,0.000128409544683
4.004,-4.44362096588e-12,0.000128542193726
4.006,-4.35104552909e-12,0.00012867484277
4.008,-4.2584700923e-12,0.000128807491813
4.01,-4.16589465551e-12,0.000128940140856
4.012,-4.07331921872e-12,0.0001290727899
4.014,-3.98074378193e-12,0.000129205438943
4.016,-3.88816834514e-12,0.000129338087987
4.018,-3.79559290835e-12,0.00012947073703
4.02,-3.70301747156e-12,0.000129603386074
4.022,-3.61044203478e-12,0.000129736035117
4.024,-3.51786659799e-12,0.00012986868416
4.026,-3.4252911612e-12,0.000130001333204
4.028,-3.33271572441e-12,0.000130133982247
4.03,-3.24014028762e-12,0.000130266631291
4.032,-3.14756485083e-12,0.000130399280334
4.034,-3.05498941404e-12,0.000130531929378
4.036,-2.96241397725e-12,0.000130664578421
4.038,-2.86983854046e-12,0.000130797227464
4.04,-2.77726310367e-12,0.000130929876508
4.042,-2.68468766688e-12,0.000131062525551
4.044,-2.5921122301e-12,0.000131195174595
4.046,-2.49953679331e-12,0.000131327823638
4.048,-2.40696135652e-12,0.000131460472682
4.05,-2.31438591973e-12,0.000131593121725
4.052,-2.22181048294e-12,0.000131725770768
4.054,-2.12923504615e-12,0.000131858419812
4.056,-2.03665960936e-12,0.000131991068855
4.058,-1.94408417257e-12,0.000132123717899
4.06,-1.85150873578e-12,0.000132256366942
4.062,-1.75893329899e-12,0.000132389015986
4.064,-1.6663578622e-12,0.000132521665029
4.066,-1.57378242541e-12,0.000132654314072
4.068,-1.48120698863e-12,0.000132786963116
4.07,-1.38863155184e-12,0.000132919612159
4.072,-1.29605611505e-12,0.000133052261203
4.074,-1.20348067826e-12,0.000133184910246
4.076,-1.11090524147e-12,0.00013331755929
4.078,-1.01832980468e-12,0.000133450208333
4.08,-9.25754367891e-13,0.000133582857376
4.082,-8.33178931102e-13,0.00013371550642
4.084,-7.40603494313e-13,0.000133848155463
4.086,-6.48028057524e-13,0.000133980804507
4.088,-5.55452620735e-13,0.00013411345355
4.09,-4.62877183945e-13,0.000134246102594
4.092,-3.70301747156e-13,0.000134378751637
4.094,-2.77726310367e-13,0.00013451140068
4.096,-1.85150873578e-13,0.000134644049724
4.098,-9.25754367889e-14,0.000134776698767
4.1,-0,0.000134909347811
4.102,-0,0.000135044011871
4.104,-0,0.000135178675931
4.106,-0,0.000135313339992
4.108,-0,0.000135448004052
4.11,-0,0.000135582668113
4.112,-0,0.000135717332173
4.114,-0,0.000135851996233
4.116,-0,0.000135986660294
4.118,-0,0.000136121324354
4.12,-0,0.000136255988415
4.122,-0,0.000136390652475
4.124,-0,0.000136525316535
4.126,-0,0.000136659980596
4.128,-0,0.000136794644656
4.13,-0,0.000136929308716
4.132,-0,0.000137063972777
4.134,-0,0.000137198636837
4.136,-0,0.000137333300898
4.138,-0,0.000137467964958
4.14,-0,0.000137602629018
4.142,-0,0.000137737293079
4.144,-0,0.000137871957139
4.146,-0,0.0001380066212
4.148,-0,0.00013814128526
4.15,-0,0.00013827594932
4.152,-0,0.000138410613381
4.154,-0,0.000138545277441
4.156,-0,0.000138679941501
4.158,-0,0.000138814605562
4.16,-0,0.000138949269622
4.162,-0,0.000139083933683
4.164,-0,0.000139218597743
4.166,-0,0.000139353261803
4.168,-0,0.000139487925864
4.17,-0,0.000139622589924
4.172,-0,0.000139757253985
4.174,-0,0.000139891918045
4.176,-0,0.000140026582105
4.178,-0,0.000140161246166
4.18,-0,0.000140295910226
4.182,-0,0.000140430574286
4.184,-0,0.000140565238347
4.186,-0,0.000140699902407
4.188,-0,0.000140834566468
4.19,-0,0.000140969230528
4.192,-0,0.000141103894588
4.194,-0,0.000141238558649
4.196,-0,0.000141373222709
4.198,-0,0.00014150788677
4.2,-0,0.00014164255083
4.202,-0,0.000141779291502
4.204,-0,0.000141916032174
4.206,-0,0.000142052772846
4.208,-0,0.000142189513518
4.21,-0,0.00014232625419
4.212,-0,0.000142462994862
4.214,-0,0.000142599735534
4.216,-0,0.000142736476206
4.218,-0,0.000142873216878
4.22,-0,0.00014300995755
4.222,-0,0.000143146698222
4.224,-0,0.000143283438894
4.226,-0,0.000143420179566
4.228,-0,0.000143556920238
4.23,-0,0.00014369366091
4.232,-0,0.000143830401582
4.234,-0,0.000143967142254
4.236,-0,0.000144103882926
4.238,-0,0.000144240623598
4.24,-0,0.00014437736427
4.242,-0,0.000144514104942
4.244,-0,0.000144650845614
4.246,-0,0.000144787586286
4.248,-0,0.000144924326958
4.25,-0,0.00014506106763
4.252,-0,0.000145197808302
4.254,-0,0.000145334548974
4.256,-0,0.000145471289646
4.258,-0,0.000145608030318
4.26,-0,0.00014574477099
4.262,-0,0.000145881511662
4.264,-0,0.000146018252334
4.266,-0,0.000146154993006
4.268,-0,0.000146291733678
4.27,-0,0.00014642847435
4.272,-0,0.000146565215022
4.274,-0,0.000146701955694
4.276,-0,0.000146838696366
4.278,-0,0.000146975437038
4.28,-0,0.00014711217771
4.282,-0,0.000147248918382
4.284,-0,0.000147385659054
4.286,-0,0.000147522399726
4.288,-0,0.000147659140398
4.29,-0,0.00014779588107
4.292,-0,0.000147932621742
4.294,-0,0.000148069362413
4.296,-0,0.000148206103085
4.298,-0,0.000148342843757
4.3,-2.46670515451e-25,0.000148479584429
4.302,-1.38863155184e-13,0.000148618464692
4.304,-2.77726310368e-13,0.000148757344955
4.306,-4.16589465551e-13,0.000148896225218
4.308,-5.55452620735e-13,0.000149035105481
4.31,-6.94315775919e-13,0.000149173985744
4.312,-8.33178931102e-13,0.000149312866006
4.314,-9.72042086286e-13,0.000149451746269
4.316,-1.11090524147e-12,0.000149590626532
4.318,-1.24976839665e-12,0.000149729506795
4.32,-1.38863155184e-12,0.000149868387058
4.322,-1.52749470702e-12,0.000150007267321
4.324,-1.6663578622e-12,0.000150146147583
4.326,-1.80522101739e-12,0.000150285027846
4.328,-1.94408417257e-12,0.000150423908109
4.33,-2.08294732776e-12,0.000150562788372
4.332,-2.22181048294e-12,0.000150701668635
4.334,-2.36067363812e-12,0.000150840548898
4.336,-2.49953679331e-12,0.00015097942916
4.338,-2.63839994849e-12,0.000151118309423
4.34,-2.77726310367e-12,0.000151257189686
4.342,-2.91612625886e-12,0.000151396069949
4.344,-3.05498941404e-12,0.000151534950212
4.346,-3.19385256922e-12,0.000151673830474
4.348,-3.33271572441e-12,0.000151812710737
4.35,-3.47157887959e-12,0.000151951591
4.352,-3.61044203478e-12,0.000152090471263
4.354,-3.74930518996e-12,0.000152229351526
4.356,-3.88816834514e-12,0.000152368231789
4.358,-4.02703150033e-12,0.000152507112051
4.36,-4.16589465551e-12,0.000152645992314
4.362,-4.30475781069e-12,0.000152784872577
4.364,-4.44362096588e-12,0.00015292375284
4.366,-4.58248412106e-12,0.000153062633103
4.368,-4.72134727625e-12,0.000153201513366
4.37,-4.86021043143e-12,0.000153340393628
4.372,-4.99907358661e-12,0.000153479273891
4.374,-5.1379367418e-12,0.000153618154154
4.376,-5.27679989698e-12,0.000153757034417
4.378,-5.41566305216e-12,0.00015389591468
4.38,-5.55452620735e-12,0.000154034794943
4.382,-5.69338936253e-12,0.000154173675205
4.384,-5.83225251771e-12,0.000154312555468
4.386,-5.9711156729e-12,0.000154451435731
4.388,-6.10997882808e-12,0.000154590315994
4.39,-6.24884198327e-12,0.000154729196257
4.392,-6.38770513845e-12,0.00015486807652
4.394,-6.52656829363e-12,0.000155006956782
4.396,-6.66543144882e-12,0.000155145837045
4.398,-6.804294604e-12,0.000155284717308
4.4,-6.94315775918e-12,0.000155423597571
4.402,-6.804294604e-12,0.000155564680998
4.404,-6.66543144882e-12,0.000155705764425
4.406,-6.52656829363e-12,0.000155846847852
4.408,-6.38770513845e-12,0.000155987931279
4.41,-6.24884198327e-12,0.000156129014706
4.412,-6.10997882808e-12,0.000156270098134
4.414,-5.9711156729e-12,0.000156411181561
4.416,-5.83225251771e-12,0.000156552264988
4.418,-5.69338936253e-12,0.000156693348415
4.42,-5.55452620735e-12,0.000156834431842
4.422,-5.41566305216e-12,0.000156975515269
4.424,-5.27679989698e-12,0.000157116598696
4.426,-5.1379367418e-12,0.000157257682123
4.428,-4.99907358661e-12,0.000157398765551
4.43,-4.86021043143e-12,0.000157539848978
4.432,-4.72134727624e-12,0.000157680932405
4.434,-4.58248412106e-12,0.000157822015832
4.436,-4.44362096588e-12,0.000157963099259
4.438,-4.30475781069e-12,0.000158104182686
4.44,-4.16589465551e-12,0.000158245266113
4.442,-4.02703150033e-12,0.00015838634954
4.444,-3.88816834514e-12,0.000158527432968
4.446,-3.74930518996e-12,0.000158668516395
4.448,-3.61044203478e-12,0.000158809599822
4.45,-3.47157887959e-12,0.000158950683249
4.452,-3.33271572441e-12,0.000159091766676
4.454,-3.19385256922e-12,0.000159232850103
4.456,-3.05498941404e-12,0.00015937393353
4.458,-2.91612625886e-12,0.000159515016957
4.46,-2.77726310367e-12,0.000159656100385
4.462,-2.63839994849e-12,0.000159797183812
4.464,-2.49953679331e-12,0.000159938267239
4.466,-2.36067363812e-12,0.000160079350666
4.468,-2.22181048294e-12,0.000160220434093
4.47,-2.08294732775e-12,0.00016036151752
4.472,-1.94408417257e-12,0.000160502600947
4.474,-1.80522101739e-12,0.000160643684374
4.476,-1.6663578622e-12,0.000160784767802
4.478,-1.52749470702e-12,0.000160925851229
4.48,-1.38863155184e-12,0.000161066934656
4.482,-1.24976839665e-12,0.000161208018083
4.484,-1.11090524147e-12,0.00016134910151
4.486,-9.72042086285e-13,0.000161490184937
4.488,-8.33178931102e-13,0.000161631268364
4.49,-6.94315775918e-13,0.000161772351791
4.492,-5.55452620734e-13,0.000161913435219
4.494,-4.16589465551e-13,0.000162054518646
4.496,-2.77726310367e-13,0.000162195602073
4.498,-1.38863155183e-13,0.0001623366855
4.5,-1.02779381438e-25,0.000162477768927
4.502,-4.62877183947e-14,0.000162621119965
4.504,-9.25754367892e-14,0.000162764471003
4.506,-1.38863155184e-13,0.000162907822041
4.508,-1.85150873578e-13,0.000163051173079
4.51,-2.31438591973e-13,0.000163194524117
4.512,-2.77726310367e-13,0.000163337875155
4.514,-3.24014028762e-13,0.000163481226193
4.516,-3.70301747157e-13,0.000163624577231
4.518,-4.16589465551e-13,0.000163767928269
4.52,-4.62877183946e-13,0.000163911279307
4.522,-5.0916490234e-13,0.000164054630345
4.524,-5.55452620735e-13,0.000164197981383
4.526,-6.01740339129e-13,0.000164341332421
4.528,-6.48028057524e-13,0.000164484683459
4.53,-6.94315775918e-13,0.000164628034497
4.532,-7.40603494313e-13,0.000164771385535
4.534,-7.86891212708e-13,0.000164914736573
4.536,-8.33178931102e-13,0.000165058087611
4.538,-8.79466649497e-13,0.000165201438649
4.54,-9.25754367891e-13,0.000165344789687
4.542,-9.72042086286e-13,0.000165488140725
4.544,-1.01832980468e-12,0.000165631491763
4.546,-1.06461752307e-12,0.0001657748428
4.548,-1.11090524147e-12,0.000165918193838
4.55,-1.15719295986e-12,0.000166061544876
4.552,-1.20348067826e-12,0.000166204895914
4.554,-1.24976839665e-12,0.000166348246952
4.556,-1.29605611505e-12,0.00016649159799
4.558,-1.34234383344e-12,0.000166634949028
4.56,-1.38863155184e-12,0.000166778300066
4.562,-1.43491927023e-12,0.000166921651104
4.564,-1.48120698863e-12,0.000167065002142
4.566,-1.52749470702e-12,0.00016720835318
4.568,-1.57378242542e-12,0.000167351704218
4.57,-1.62007014381e-12,0.000167495055256
4.572,-1.6663578622e-12,0.000167638406294
4.574,-1.7126455806e-12,0.000167781757332
4.576,-1.75893329899e-12,0.00016792510837
4.578,-1.80522101739e-12,0.000168068459408
4.58,-1.85150873578e-12,0.000168211810446
4.582,-1.89779645418e-12,0.000168355161484
4.584,-1.94408417257e-12,0.000168498512522
4.586,-1.99037189097e-12,0.00016864186356
4.588,-2.03665960936e-12,0.000168785214598
4.59,-2.08294732776e-12,0.000168928565636
4.592,-2.12923504615e-12,0.000169071916674
4.594,-2.17552276454e-12,0.000169215267712
4.596,-2.22181048294e-12,0.00016935861875
4.598,-2.26809820133e-12,0.000169501969788
4.6,-2.31438591973e-12,0.000169645320826
4.602,-2.26809820133e-12,0.000169791007086
4.604,-2.22181048294e-12,0.000169936693346
4.606,-2.17552276454e-12,0.000170082379606
4.608,-2.12923504615e-12,0.000170228065866
4.61,-2.08294732776e-12,0.000170373752125
4.612,-2.03665960936e-12,0.000170519438385
4.614,-1.99037189097e-12,0.000170665124645
4.616,-1.94408417257e-12,0.000170810810905
4.618,-1.89779645418e-12,0.000170956497165
4.62,-1.85150873578e-12,0.000171102183425
4.622,-1.80522101739e-12,0.000171247869685
4.624,-1.75893329899e-12,0.000171393555945
4.626,-1.7126455806e-12,0.000171539242205
4.628,-1.6663578622e-12,0.000171684928465
4.63,-1.62007014381e-12,0.000171830614725
4.632,-1.57378242541e-12,0.000171976300985
4.634,-1.52749470702e-12,0.000172121987245
4.636,-1.48120698863e-12,0.000172267673505
4.638,-1.43491927023e-12,0.000172413359765
4.64,-1.38863155184e-12,0.000172559046025
4.642,-1.34234383344e-12,0.000172704732285
4.644,-1.29605611505e-12,0.000172850418545
4.646,-1.24976839665e-12,0.000172996104805
4.648,-1.20348067826e-12,0.000173141791065
4.65,-1.15719295986e-12,0.000173287477325
4.652,-1.11090524147e-12,0.000173433163585
4.654,-1.06461752307e-12,0.000173578849845
4.656,-1.01832980468e-12,0.000173724536104
4.658,-9.72042086286e-13,0.000173870222364
4.66,-9.25754367891e-13,0.000174015908624
4.662,-8.79466649496e-13,0.000174161594884
4.664,-8.33178931102e-13,0.000174307281144
4.666,-7.86891212707e-13,0.000174452967404
4.668,-7.40603494313e-13,0.000174598653664
4.67,-6.94315775918e-13,0.000174744339924
4.672,-6.48028057524e-13,0.000174890026184
4.674,-6.01740339129e-13,0.000175035712444
4.676,-5.55452620735e-13,0.000175181398704
4.678,-5.0916490234e-13,0.000175327084964
4.68,-4.62877183945e-13,0.000175472771224
4.682,-4.16589465551e-13,0.000175618457484
4.684,-3.70301747156e-13,0.000175764143744
4.686,-3.24014028762e-13,0.000175909830004
4.688,-2.77726310367e-13,0.000176055516264
4.69,-2.31438591973e-13,0.000176201202524
4.692,-1.85150873578e-13,0.000176346888784
4.694,-1.38863155184e-13,0.000176492575044
4.696,-9.2575436789e-14,0.000176638261304
4.698,-4.62877183945e-14,0.000176783947564
4.7,-8.22235051504e-26,0.000176929633823
4.702,-4.62877183947e-14,0.000177077723302
4.704,-9.25754367892e-14,0.000177225812781
4.706,-1.38863155184e-13,0.00017737390226
4.708,-1.85150873578e-13,0.000177521991739
4.71,-2.31438591973e-13,0.000177670081217
4.712,-2.77726310367e-13,0.000177818170696
4.714,-3.24014028762e-13,0.000177966260175
4.716,-3.70301747157e-13,0.000178114349654
4.718,-4.16589465551e-13,0.000178262439132
4.72,-4.62877183946e-13,0.000178410528611
4.722,-5.0916490234e-13,0.00017855861809
4.724,-5.55452620735e-13,0.000178706707569
4.726,-6.01740339129e-13,0.000178854797048
4.728,-6.48028057524e-13,0.000179002886526
4.73,-6.94315775918e-13,0.000179150976005
4.732,-7.40603494313e-13,0.000179299065484
4.734,-7.86891212708e-13,0.000179447154963
4.736,-8.33178931102e-13,0.000179595244441
4.738,-8.79466649497e-13,0.00017974333392
4.74,-9.25754367891e-13,0.000179891423399
4.742,-9.72042086286e-13,0.000180039512878
4.744,-1.01832980468e-12,0.000180187602357
4.746,-1.06461752307e-12,0.000180335691835
4.748,-1.11090524147e-12,0.000180483781314
4.75,-1.15719295986e-12,0.000180631870793
4.752,-1.20348067826e-12,0.000180779960272
4.754,-1.24976839665e-12,0.00018092804975
4.756,-1.29605611505e-12,0.000181076139229
4.758,-1.34234383344e-12,0.000181224228708
4.76,-1.38863155184e-12,0.000181372318187
4.762,-1.43491927023e-12,0.000181520407666
4.764,-1.48120698863e-12,0.000181668497144
4.766,-1.52749470702e-12,0.000181816586623
4.768,-1.57378242542e-12,0.000181964676102
4.77,-1.62007014381e-12,0.000182112765581
4.772,-1.6663578622e-12,0.000182260855059
4.774,-1.7126455806e-12,0.000182408944538
4.776,-1.75893329899e-12,0.000182557034017
4.778,-1.80522101739e-12,0.000182705123496
4.78,-1.85150873578e-12,0.000182853212975
4.782,-1.89779645418e-12,0.000183001302453
4.784,-1.94408417257e-12,0.000183149391932
4.786,-1.99037189097e-12,0.000183297481411
4.788,-2.03665960936e-12,0.00018344557089
4.79,-2.08294732776e-12,0.000183593660368
4.792,-2.12923504615e-12,0.000183741749847
4.794,-2.17552276454e-12,0.000183889839326
4.796,-2.22181048294e-12,0.000184037928805
4.798,-2.26809820133e-12,0.000184186018284
4.8,-2.31438591973e-12,0.000184334107762
4.802,-2.31438591973e-12,0.000184484669896
4.804,-2.31438591973e-12,0.000184635232029
4.806,-2.31438591973e-12,0.000184785794162
4.808,-2.31438591973e-12,0.000184936356296
4.81,-2.31438591973e-12,0.000185086918429
4.812,-2.31438591973e-12,0.000185237480563
4.814,-2.31438591973e-12,0.000185388042696
4.816,-2.31438591973e-12,0.000185538604829
4.818,-2.31438591973e-12,0.000185689166963
4.82,-2.31438591973e-12,0.000185839729096
4.822,-2.31438591973e-12,0.000185990291229
4.824,-2.31438591973e-12,0.000186140853363
4.826,-2.31438591973e-12,0.000186291415496
4.828,-2.31438591973e-12,0.000186441977629
4.83,-2.31438591973e-12,0.000186592539763
4.832,-2.31438591973e-12,0.000186743101896
4.834,-2.31438591973e-12,0.00018689366403
4.836,-2.31438591973e-12,0.000187044226163
4.838,-2.31438591973e-12,0.000187194788296
4.84,-2.31438591973e-12,0.00018734535043
4.842,-2.31438591973e-12,0.000187495912563
4.844,-2.31438591973e-12,0.000187646474696
4.846,-2.31438591973e-12,0.00018779703683
4.848,-2.31438591973e-12,0.000187947598963
4.85,-2.31438591973e-12,0.000188098161096
4.852,-2.31438591973e-12,0.00018824872323
4.854,-2.31438591973e-12,0.000188399285363
4.856,-2.31438591973e-12,0.000188549847497
4.858,-2.31438591973e-12,0.00018870040963
4.86,-2.31438591973e-12,0.000188850971763
4.862,-2.31438591973e-12,0.000189001533897
4.864,-2.31438591973e-12,0.00018915209603
4.866,-2.31438591973e-12,0.000189302658163
4.868,-2.31438591973e-12,0.000189453220297
4.87,-2.31438591973e-12,0.00018960378243
4.872,-2.31438591973e-12,0.000189754344564
4.874,-2.31438591973e-12,0.000189904906697
4.876,-2.31438591973e-12,0.00019005546883
4.878,-2.31438591973e-12,0.000190206030964
4.88,-2.31438591973e-12,0.000190356593097
4.882,-2.31438591973e-12,0.00019050715523
4.884,-2.31438591973e-12,0.000190657717364
4.886,-2.31438591973e-12,0.000190808279497
4.888,-2.31438591973e-12,0.00019095884163
4.89,-2.31438591973e-12,0.000191109403764
4.892,-2.31438591973e-12,0.000191259965897
4.894,-2.31438591973e-12,0.000191410528031
4.896,-2.31438591973e-12,0.000191561090164
4.898,-2.31438591973e-12,0.000191711652297
4.9,-2.31438591973e-12,0.000191862214431
4.902,-2.26809820133e-12,0.00019201532129
4.904,-2.22181048294e-12,0.000192168428149
4.906,-2.17552276454e-12,0.000192321535009
4.908,-2.12923504615e-12,0.000192474641868
4.91,-2.08294732776e-12,0.000192627748727
4.912,-2.03665960936e-12,0.000192780855587
4.914,-1.99037189097e-12,0.000192933962446
4.916,-1.94408417257e-12,0.000193087069305
4.918,-1.89779645418e-12,0.000193240176165
4.92,-1.85150873578e-12,0.000193393283024
4.922,-1.80522101739e-12,0.000193546389883
4.924,-1.75893329899e-12,0.000193699496743
4.926,-1.7126455806e-12,0.000193852603602
4.928,-1.6663578622e-12,0.000194005710461
4.93,-1.62007014381e-12,0.000194158817321
4.932,-1.57378242541e-12,0.00019431192418
4.934,-1.52749470702e-12,0.00019446503104
4.936,-1.48120698863e-12,0.000194618137899
4.938,-1.43491927023e-12,0.000194771244758
4.94,-1.38863155184e-12,0.000194924351618
4.942,-1.34234383344e-12,0.000195077458477
4.944,-1.29605611505e-12,0.000195230565336
4.946,-1.24976839665e-12,0.000195383672196
4.948,-1.20348067826e-12,0.000195536779055
4.95,-1.15719295986e-12,0.000195689885914
4.952,-1.11090524147e-12,0.000195842992774
4.954,-1.06461752307e-12,0.000195996099633
4.956,-1.01832980468e-12,0.000196149206492
4.958,-9.72042086286e-13,0.000196302313352
4.96,-9.25754367891e-13,0.000196455420211
4.962,-8.79466649497e-13,0.00019660852707
4.964,-8.33178931102e-13,0.00019676163393
4.966,-7.86891212707e-13,0.000196914740789
4.968,-7.40603494313e-13,0.000197067847648
4.97,-6.94315775918e-13,0.000197220954508
4.972,-6.48028057524e-13,0.000197374061367
4.974,-6.01740339129e-13,0.000197527168226
4.976,-5.55452620735e-13,0.000197680275086
4.978,-5.0916490234e-13,0.000197833381945
4.98,-4.62877183945e-13,0.000197986488804
4.982,-4.16589465551e-13,0.000198139595664
4.984,-3.70301747156e-13,0.000198292702523
4.986,-3.24014028762e-13,0.000198445809383
4.988,-2.77726310367e-13,0.000198598916242
4.99,-2.31438591973e-13,0.000198752023101
4.992,-1.85150873578e-13,0.000198905129961
4.994,-1.38863155184e-13,0.00019905823682
4.996,-9.2575436789e-14,0.000199211343679
4.998,-4.62877183945e-14,0.000199364450539
5,-1.02779381438e-25,0.000199517557398
5.002,-4.62877183947e-14,0.000199673282458
5.004,-9.25754367892e-14,0.000199829007517
5.006,-1.38863155184e-13,0.000199984732577
5.008,-1.85150873578e-13,0.000200140457637
5.01,-2.31438591973e-13,0.000200296182696
5.012,-2.77726310367e-13,0.000200451907756
5.014,-3.24014028762e-13,0.000200607632816
5.016,-3.70301747157e-13,0.000200763357875
5.018,-4.16589465551e-13,0.000200919082935
5.02,-4.62877183946e-13,0.000201074807995
5.022,-5.0916490234e-13,0.000201230533054
5.024,-5.55452620735e-13,0.000201386258114
5.026,-6.01740339129e-13,0.000201541983174
5.028,-6.48028057524e-13,0.000201697708234
5.03,-6.94315775918e-13,0.000201853433293
5.032,-7.40603494313e-13,0.000202009158353
5.034,-7.86891212708e-13,0.000202164883413
5.036,-8.33178931102e-13,0.000202320608472
5.038,-8.79466649497e-13,0.000202476333532
5.04,-9.25754367891e-13,0.000202632058592
5.042,-9.72042086286e-13,0.000202787783651
5.044,-1.01832980468e-12,0.000202943508711
5.046,-1.06461752307e-12,0.000203099233771
5.048,-1.11090524147e-12,0.00020325495883
5.05,-1.15719295986e-12,0.00020341068389
5.052,-1.20348067826e-12,0.00020356640895
5.054,-1.24976839665e-12,0.000203722134009
5.056,-1.29605611505e-12,0.000203877859069
5.058,-1.34234383344e-12,0.000204033584129
5.06,-1.38863155184e-12,0.000204189309188
5.062,-1.43491927023e-12,0.000204345034248
5.064,-1.48120698863e-12,0.000204500759308
5.066,-1.52749470702e-12,0.000204656484368
5.068,-1.57378242542e-12,0.000204812209427
5.07,-1.62007014381e-12,0.000204967934487
5.072,-1.6663578622e-12,0.000205123659547
5.074,-1.7126455806e-12,0.000205279384606
5.076,-1.75893329899e-12,0.000205435109666
5.078,-1.80522101739e-12,0.000205590834726
5.08,-1.85150873578e-12,0.000205746559785
5.082,-1.89779645418e-12,0.000205902284845
5.084,-1.94408417257e-12,0.000206058009905
5.086,-1.99037189097e-12,0.000206213734964
5.088,-2.03665960936e-12,0.000206369460024
5.09,-2.08294732776e-12,0.000206525185084
5.092,-2.12923504615e-12,0.000206680910143
5.094,-2.17552276454e-12,0.000206836635203
5.096,-2.22181048294e-12,0.000206992360263
5.098,-2.26809820133e-12,0.000207148085322
5.1,-2.31438591973e-12,0.000207303810382
5.102,-2.26809820133e-12,0.000207462229742
5.104,-2.22181048294e-12,0.000207620649101
5.106,-2.17552276454e-12,0.000207779068461
5.108,-2.12923504615e-12,0.00020793748782
5.11,-2.08294732775e-12,0.00020809590718
5.112,-2.03665960936e-12,0.000208254326539
5.114,-1.99037189097e-12,0.000208412745898
5.116,-1.94408417257e-12,0.000208571165258
5.118,-1.89779645418e-12,0.000208729584617
5.12,-1.85150873578e-12,0.000208888003977
5.122,-1.80522101739e-12,0.000209046423336
5.124,-1.75893329899e-12,0.000209204842696
5.126,-1.7126455806e-12,0.000209363262055
5.128,-1.6663578622e-12,0.000209521681415
5.13,-1.62007014381e-12,0.000209680100774
5.132,-1.57378242541e-12,0.000209838520134
5.134,-1.52749470702e-12,0.000209996939493
5.136,-1.48120698863e-12,0.000210155358853
5.138,-1.43491927023e-12,0.000210313778212
5.14,-1.38863155184e-12,0.000210472197572
5.142,-1.34234383344e-12,0.000210630616931
5.144,-1.29605611505e-12,0.000210789036291
5.146,-1.24976839665e-12,0.00021094745565
5.148,-1.20348067826e-12,0.00021110587501
5.15,-1.15719295986e-12,0.000211264294369
5.152,-1.11090524147e-12,0.000211422713729
5.154,-1.06461752307e-12,0.000211581133088
5.156,-1.01832980468e-12,0.000211739552447
5.158,-9.72042086286e-13,0.000211897971807
5.16,-9.25754367891e-13,0.000212056391166
5.162,-8.79466649496e-13,0.000212214810526
5.164,-8.33178931102e-13,0.000212373229885
5.166,-7.86891212707e-13,0.000212531649245
5.168,-7.40603494313e-13,0.000212690068604
5.17,-6.94315775918e-13,0.000212848487964
5.172,-6.48028057524e-13,0.000213006907323
5.174,-6.01740339129e-13,0.000213165326683
5.176,-5.55452620735e-13,0.000213323746042
5.178,-5.0916490234e-13,0.000213482165402
5.18,-4.62877183945e-13,0.000213640584761
5.182,-4.16589465551e-13,0.000213799004121
5.184,-3.70301747156e-13,0.00021395742348
5.186,-3.24014028762e-13,0.00021411584284
5.188,-2.77726310367e-13,0.000214274262199
5.19,-2.31438591973e-13,0.000214432681559
5.192,-1.85150873578e-13,0.000214591100918
5.194,-1.38863155184e-13,0.000214749520278
5.196,-9.2575436789e-14,0.000214907939637
5.198,-4.62877183944e-14,0.000215066358997
5.2,-0,0.000215224778356
5.202,-0,0.000215385969324
5.204,-0,0.000215547160291
5.206,-0,0.000215708351259
5.208,-0,0.000215869542226
5.21,-0,0.000216030733194
5.212,-0,0.000216191924162
5.214,-0,0.000216353115129
5.216,-0,0.000216514306097
5.218,-0,0.000216675497065
5.22,-0,0.000216836688032
5.222,-0,0.000216997879
5.224,-0,0.000217159069967
5.226,-0,0.000217320260935
5.228,-0,0.000217481451903
5.23,-0,0.00021764264287
5.232,-0,0.000217803833838
5.234,-0,0.000217965024805
5.236,-0,0.000218126215773
5.238,-0,0.000218287406741
5.24,-0,0.000218448597708
5.242,-0,0.000218609788676
5.244,-0,0.000218770979644
5.246,-0,0.000218932170611
5.248,-0,0.000219093361579
5.25,-0,0.000219254552546
5.252,-0,0.000219415743514
5.254,-0,0.000219576934482
5.256,-0,0.000219738125449
5.258,-0,0.000219899316417
5.26,-0,0.000220060507384
5.262,-0,0.000220221698352
5.264,-0,0.00022038288932
5.266,-0,0.000220544080287
5.268,-0,0.000220705271255
5.27,-0,0.000220866462223
5.272,-0,0.00022102765319
5.274,-0,0.000221188844158
5.276,-0,0.000221350035125
5.278,-0,0.000221511226093
5.28,-0,0.000221672417061
5.282,-0,0.000221833608028
5.284,-0,0.000221994798996
5.286,-0,0.000222155989963
5.288,-0,0.000222317180931
5.29,-0,0.000222478371899
5.292,-0,0.000222639562866
5.294,-0,0.000222800753834
5.296,-0,0.000222961944802
5.298,-0,0.000223123135769
5.3,-2.46670515451e-25,0.000223284326737
5.302,-9.25754367894e-14,0.000223448369166
5.304,-1.85150873578e-13,0.000223612411595
5.306,-2.77726310368e-13,0.000223776454024
5.308,-3.70301747157e-13,0.000223940496453
5.31,-4.62877183946e-13,0.000224104538882
5.312,-5.55452620735e-13,0.000224268581311
5.314,-6.48028057524e-13,0.00022443262374
5.316,-7.40603494313e-13,0.000224596666169
5.318,-8.33178931102e-13,0.000224760708598
5.32,-9.25754367891e-13,0.000224924751027
5.322,-1.01832980468e-12,0.000225088793456
5.324,-1.11090524147e-12,0.000225252835885
5.326,-1.20348067826e-12,0.000225416878314
5.328,-1.29605611505e-12,0.000225580920743
5.33,-1.38863155184e-12,0.000225744963172
5.332,-1.48120698863e-12,0.000225909005601
5.334,-1.57378242542e-12,0.00022607304803
5.336,-1.6663578622e-12,0.000226237090459
5.338,-1.75893329899e-12,0.000226401132888
5.34,-1.85150873578e-12,0.000226565175317
5.342,-1.94408417257e-12,0.000226729217746
5.344,-2.03665960936e-12,0.000226893260175
5.346,-2.12923504615e-12,0.000227057302604
5.348,-2.22181048294e-12,0.000227221345033
5.35,-2.31438591973e-12,0.000227385387462
5.352,-2.40696135652e-12,0.000227549429891
5.354,-2.49953679331e-12,0.00022771347232
5.356,-2.5921122301e-12,0.000227877514749
5.358,-2.68468766688e-12,0.000228041557178
5.36,-2.77726310367e-12,0.000228205599607
5.362,-2.86983854046e-12,0.000228369642036
5.364,-2.96241397725e-12,0.000228533684465
5.366,-3.05498941404e-12,0.000228697726894
5.368,-3.14756485083e-12,0.000228861769323
5.37,-3.24014028762e-12,0.000229025811752
5.372,-3.33271572441e-12,0.000229189854181
5.374,-3.4252911612e-12,0.00022935389661
5.376,-3.51786659799e-12,0.000229517939039
5.378,-3.61044203478e-12,0.000229681981468
5.38,-3.70301747156e-12,0.000229846023897
5.382,-3.79559290835e-12,0.000230010066326
5.384,-3.88816834514e-12,0.000230174108755
5.386,-3.98074378193e-12,0.000230338151184
5.388,-4.07331921872e-12,0.000230502193613
5.39,-4.16589465551e-12,0.000230666236042
5.392,-4.2584700923e-12,0.000230830278471
5.394,-4.35104552909e-12,0.0002309943209
5.396,-4.44362096588e-12,0.000231158363329
5.398,-4.53619640267e-12,0.000231322405758
5.4,-4.62877183946e-12,0.000231486448187
5.402,-4.53619640267e-12,0.000231653425785
5.404,-4.44362096588e-12,0.000231820403383
5.406,-4.35104552909e-12,0.000231987380981
5.408,-4.2584700923e-12,0.000232154358579
5.41,-4.16589465551e-12,0.000232321336176
5.412,-4.07331921872e-12,0.000232488313774
5.414,-3.98074378193e-12,0.000232655291372
5.416,-3.88816834514e-12,0.00023282226897
5.418,-3.79559290835e-12,0.000232989246568
5.42,-3.70301747156e-12,0.000233156224165
5.422,-3.61044203478e-12,0.000233323201763
5.424,-3.51786659799e-12,0.000233490179361
5.426,-3.4252911612e-12,0.000233657156959
5.428,-3.33271572441e-12,0.000233824134557
5.43,-3.24014028762e-12,0.000233991112155
5.432,-3.14756485083e-12,0.000234158089752
5.434,-3.05498941404e-12,0.00023432506735
5.436,-2.96241397725e-12,0.000234492044948
5.438,-2.86983854046e-12,0.000234659022546
5.44,-2.77726310367e-12,0.000234826000144
5.442,-2.68468766688e-12,0.000234992977741
5.444,-2.59211223009e-12,0.000235159955339
5.446,-2.49953679331e-12,0.000235326932937
5.448,-2.40696135652e-12,0.000235493910535
5.45,-2.31438591973e-12,0.000235660888133
5.452,-2.22181048294e-12,0.000235827865731
5.454,-2.12923504615e-12,0.000235994843328
5.456,-2.03665960936e-12,0.000236161820926
5.458,-1.94408417257e-12,0.000236328798524
5.46,-1.85150873578e-12,0.000236495776122
5.462,-1.75893329899e-12,0.00023666275372
5.464,-1.6663578622e-12,0.000236829731317
5.466,-1.57378242541e-12,0.000236996708915
5.468,-1.48120698863e-12,0.000237163686513
5.47,-1.38863155184e-12,0.000237330664111
5.472,-1.29605611505e-12,0.000237497641709
5.474,-1.20348067826e-12,0.000237664619307
5.476,-1.11090524147e-12,0.000237831596904
5.478,-1.01832980468e-12,0.000237998574502
5.48,-9.25754367891e-13,0.0002381655521
5.482,-8.33178931102e-13,0.000238332529698
5.484,-7.40603494313e-13,0.000238499507296
5.486,-6.48028057524e-13,0.000238666484893
5.488,-5.55452620734e-13,0.000238833462491
5.49,-4.62877183945e-13,0.000239000440089
5.492,-3.70301747156e-13,0.000239167417687
5.494,-2.77726310367e-13,0.000239334395285
5.496,-1.85150873578e-13,0.000239501372883
5.498,-9.25754367889e-14,0.00023966835048
5.5,-2.05558762876e-25,0.000239835328078
5.502,-9.25754367894e-14,0.000240005326087
5.504,-1.85150873578e-13,0.000240175324096
5.506,-2.77726310368e-13,0.000240345322105
5.508,-3.70301747157e-13,0.000240515320114
5.51,-4.62877183946e-13,0.000240685318123
5.512,-5.55452620735e-13,0.000240855316132
5.514,-6.48028057524e-13,0.000241025314141
5.516,-7.40603494313e-13,0.00024119531215
5.518,-8.33178931102e-13,0.000241365310159
5.52,-9.25754367891e-13,0.000241535308168
5.522,-1.01832980468e-12,0.000241705306177
5.524,-1.11090524147e-12,0.000241875304186
5.526,-1.20348067826e-12,0.000242045302195
5.528,-1.29605611505e-12,0.000242215300204
5.53,-1.38863155184e-12,0.000242385298213
5.532,-1.48120698863e-12,0.000242555296222
5.534,-1.57378242542e-12,0.000242725294231
5.536,-1.6663578622e-12,0.00024289529224
5.538,-1.75893329899e-12,0.000243065290249
5.54,-1.85150873578e-12,0.000243235288258
5.542,-1.94408417257e-12,0.000243405286267
5.544,-2.03665960936e-12,0.000243575284276
5.546,-2.12923504615e-12,0.000243745282285
5.548,-2.22181048294e-12,0.000243915280294
5.55,-2.31438591973e-12,0.000244085278303
5.552,-2.40696135652e-12,0.000244255276312
5.554,-2.49953679331e-12,0.000244425274321
5.556,-2.5921122301e-12,0.00024459527233
5.558,-2.68468766688e-12,0.000244765270339
5.56,-2.77726310367e-12,0.000244935268348
5.562,-2.86983854046e-12,0.000245105266357
5.564,-2.96241397725e-12,0.000245275264366
5.566,-3.05498941404e-12,0.000245445262375
5.568,-3.14756485083e-12,0.000245615260384
5.57,-3.24014028762e-12,0.000245785258393
5.572,-3.33271572441e-12,0.000245955256402
5.574,-3.4252911612e-12,0.000246125254411
5.576,-3.51786659799e-12,0.00024629525242
5.578,-3.61044203478e-12,0.000246465250429
5.58,-3.70301747156e-12,0.000246635248438
5.582,-3.79559290835e-12,0.000246805246447
5.584,-3.88816834514e-12,0.000246975244456
5.586,-3.98074378193e-12,0.000247145242465
5.588,-4.07331921872e-12,0.000247315240474
5.59,-4.16589465551e-12,0.000247485238483
5.592,-4.2584700923e-12,0.000247655236492
5.594,-4.35104552909e-12,0.000247825234501
5.596,-4.44362096588e-12,0.00024799523251
5.598,-4.53619640267e-12,0.000248165230519
5.6,-4.62877183946e-12,0.000248335228528
5.602,-4.53619640267e-12,0.000248508334449
5.604,-4.44362096588e-12,0.000248681440371
5.606,-4.35104552909e-12,0.000248854546292
5.608,-4.2584700923e-12,0.000249027652213
5.61,-4.16589465551e-12,0.000249200758134
5.612,-4.07331921872e-12,0.000249373864055
5.614,-3.98074378193e-12,0.000249546969976
5.616,-3.88816834514e-12,0.000249720075897
5.618,-3.79559290835e-12,0.000249893181818
5.62,-3.70301747156e-12,0.000250066287739
5.622,-3.61044203478e-12,0.000250239393661
5.624,-3.51786659799e-12,0.000250412499582
5.626,-3.4252911612e-12,0.000250585605503
5.628,-3.33271572441e-12,0.000250758711424
5.63,-3.24014028762e-12,0.000250931817345
5.632,-3.14756485083e-12,0.000251104923266
5.634,-3.05498941404e-12,0.000251278029187
5.636,-2.96241397725e-12,0.000251451135108
5.638,-2.86983854046e-12,0.000251624241029
5.64,-2.77726310367e-12,0.000251797346951
5.642,-2.68468766688e-12,0.000251970452872
5.644,-2.5921122301e-12,0.000252143558793
5.646,-2.49953679331e-12,0.000252316664714
5.648,-2.40696135652e-12,0.000252489770635
5.65,-2.31438591973e-12,0.000252662876556
5.652,-2.22181048294e-12,0.000252835982477
5.654,-2.12923504615e-12,0.000253009088398
5.656,-2.03665960936e-12,0.000253182194319
5.658,-1.94408417257e-12,0.00025335530024
5.66,-1.85150873578e-12,0.000253528406162
5.662,-1.75893329899e-12,0.000253701512083
5.664,-1.6663578622e-12,0.000253874618004
5.666,-1.57378242541e-12,0.000254047723925
5.668,-1.48120698863e-12,0.000254220829846
5.67,-1.38863155184e-12,0.000254393935767
5.672,-1.29605611505e-12,0.000254567041688
5.674,-1.20348067826e-12,0.000254740147609
5.676,-1.11090524147e-12,0.00025491325353
5.678,-1.01832980468e-12,0.000255086359452
5.68,-9.25754367891e-13,0.000255259465373
5.682,-8.33178931102e-13,0.000255432571294
5.684,-7.40603494313e-13,0.000255605677215
5.686,-6.48028057524e-13,0.000255778783136
5.688,-5.55452620734e-13,0.000255951889057
5.69,-4.62877183945e-13,0.000256124994978
5.692,-3.70301747156e-13,0.000256298100899
5.694,-2.77726310367e-13,0.00025647120682
5.696,-1.85150873578e-13,0.000256644312742
5.698,-9.25754367889e-14,0.000256817418663
5.7,-0,0.000256990524584
5.702,-0,0.000257166831537
5.704,-0,0.00025734313849
5.706,-0,0.000257519445444
5.708,-0,0.000257695752397
5.71,-0,0.00025787205935
5.712,-0,0.000258048366303
5.714,-0,0.000258224673257
5.716,-0,0.00025840098021
5.718,-0,0.000258577287163
5.72,-0,0.000258753594116
5.722,-0,0.00025892990107
5.724,-0,0.000259106208023
5.726,-0,0.000259282514976
5.728,-0,0.000259458821929
5.73,-0,0.000259635128883
5.732,-0,0.000259811435836
5.734,-0,0.000259987742789
5.736,-0,0.000260164049742
5.738,-0,0.000260340356696
5.74,-0,0.000260516663649
5.742,-0,0.000260692970602
5.744,-0,0.000260869277555
5.746,-0,0.000261045584509
5.748,-0,0.000261221891462
5.75,-0,0.000261398198415
5.752,-0,0.000261574505368
5.754,-0,0.000261750812322
5.756,-0,0.000261927119275
5.758,-0,0.000262103426228
5.76,-0,0.000262279733181
5.762,-0,0.000262456040135
5.764,-0,0.000262632347088
5.766,-0,0.000262808654041
5.768,-0,0.000262984960994
5.77,-0,0.000263161267948
5.772,-0,0.000263337574901
5.774,-0,0.000263513881854
5.776,-0,0.000263690188807
5.778,-0,0.000263866495761
5.78,-0,0.000264042802714
5.782,-0,0.000264219109667
5.784,-0,0.00026439541662
5.786,-0,0.000264571723574
5.788,-0,0.000264748030527
5.79,-0,0.00026492433748
5.792,-0,0.000265100644433
5.794,-0,0.000265276951387
5.796,-0,0.00026545325834
5.798,-0,0.000265629565293
5.8,-0,0.000265805872246
5.802,-0,0.000265985474354
5.804,-0,0.000266165076461
5.806,-0,0.000266344678568
5.808,-0,0.000266524280675
5.81,-0,0.000266703882782
5.812,-0,0.000266883484889
5.814,-0,0.000267063086996
5.816,-0,0.000267242689103
5.818,-0,0.00026742229121
5.82,-0,0.000267601893317
5.822,-0,0.000267781495424
5.824,-0,0.000267961097531
5.826,-0,0.000268140699638
5.828,-0,0.000268320301746
5.83,-0,0.000268499903853
5.832,-0,0.00026867950596
5.834,-0,0.000268859108067
5.836,-0,0.000269038710174
5.838,-0,0.000269218312281
5.84,-0,0.000269397914388
5.842,-0,0.000269577516495
5.844,-0,0.000269757118602
5.846,-0,0.000269936720709
5.848,-0,0.000270116322816
5.85,-0,0.000270295924923
5.852,-0,0.00027047552703
5.854,-0,0.000270655129137
5.856,-0,0.000270834731245
5.858,-0,0.000271014333352
5.86,-0,0.000271193935459
5.862,-0,0.000271373537566
5.864,-0,0.000271553139673
5.866,-0,0.00027173274178
5.868,-0,0.000271912343887
5.87,-0,0.000272091945994
5.872,-0,0.000272271548101
5.874,-0,0.000272451150208
5.876,-0,0.000272630752315
5.878,-0,0.000272810354422
5.88,-0,0.000272989956529
5.882,-0,0.000273169558637
5.884,-0,0.000273349160744
5.886,-0,0.000273528762851
5.888,-0,0.000273708364958
5.89,-0,0.000273887967065
5.892,-0,0.000274067569172
5.894,-0,0.000274247171279
5.896,-0,0.000274426773386
5.898,-0,0.000274606375493
5.9,-0,0.0002747859776
5.902,-0,0.000274968974284
5.904,-0,0.000275151970968
5.906,-0,0.000275334967652
5.908,-0,0.000275517964336
5.91,-0,0.00027570096102
5.912,-0,0.000275883957704
5.914,-0,0.000276066954389
5.916,-0,0.000276249951073
5.918,-0,0.000276432947757
5.92,-0,0.000276615944441
5.922,-0,0.000276798941125
5.924,-0,0.000276981937809
5.926,-0,0.000277164934493
5.928,-0,0.000277347931177
5.93,-0,0.000277530927861
5.932,-0,0.000277713924545
5.934,-0,0.000277896921229
5.936,-0,0.000278079917913
5.938,-0,0.000278262914597
5.94,-0,0.000278445911281
5.942,-0,0.000278628907965
5.944,-0,0.000278811904649
5.946,-0,0.000278994901333
5.948,-0,0.000279177898017
5.95,-0,0.000279360894701
5.952,-0,0.000279543891385
5.954,-0,0.00027972688807
5.956,-0,0.000279909884754
5.958,-0,0.000280092881438
5.96,-0,0.000280275878122
5.962,-0,0.000280458874806
5.964,-0,0.00028064187149
5.966,-0,0.000280824868174
5.968,-0,0.000281007864858
5.97,-0,0.000281190861542
5.972,-0,0.000281373858226
5.974,-0,0.00028155685491
5.976,-0,0.000281739851594
5.978,-0,0.000281922848278
5.98,-0,0.000282105844962
5.982,-0,0.000282288841646
5.984,-0,0.00028247183833
5.986,-0,0.000282654835014
5.988,-0,0.000282837831698
5.99,-0,0.000283020828382
5.992,-0,0.000283203825066
5.994,-0,0.000283386821751
5.996,-0,0.000283569818435
5.998,-0,0.000283752815119
6,-1.23335257726e-25,0.000283935811803
6.002,-4.62877183947e-14,0.000284122305315
6.004,-9.25754367892e-14,0.000284308798827
6.006,-1.38863155184e-13,0.000284495292339
6.008,-1.85150873578e-13,0.000284681785851
6.01,-2.31438591973e-13,0.000284868279363
6.012,-2.77726310367e-13,0.000285054772875
6.014,-3.24014028762e-13,0.000285241266388
6.016,-3.70301747157e-13,0.0002854277599
6.018,-4.16589465551e-13,0.000285614253412
6.02,-4.62877183946e-13,0.000285800746924
6.022,-5.0916490234e-13,0.000285987240436
6.024,-5.55452620735e-13,0.000286173733948
6.026,-6.01740339129e-13,0.00028636022746
6.028,-6.48028057524e-13,0.000286546720972
6.03,-6.94315775918e-13,0.000286733214484
6.032,-7.40603494313e-13,0.000286919707997
6.034,-7.86891212708e-13,0.000287106201509
6.036,-8.33178931102e-13,0.000287292695021
6.038,-8.79466649497e-13,0.000287479188533
6.04,-9.25754367891e-13,0.000287665682045
6.042,-9.72042086286e-13,0.000287852175557
6.044,-1.01832980468e-12,0.000288038669069
6.046,-1.06461752307e-12,0.000288225162581
6.048,-1.11090524147e-12,0.000288411656094
6.05,-1.15719295986e-12,0.000288598149606
6.052,-1.20348067826e-12,0.000288784643118
6.054,-1.24976839665e-12,0.00028897113663
6.056,-1.29605611505e-12,0.000289157630142
6.058,-1.34234383344e-12,0.000289344123654
6.06,-1.38863155184e-12,0.000289530617166
6.062,-1.43491927023e-12,0.000289717110678
6.064,-1.48120698863e-12,0.000289903604191
6.066,-1.52749470702e-12,0.000290090097703
6.068,-1.57378242542e-12,0.000290276591215
6.07,-1.62007014381e-12,0.000290463084727
6.072,-1.6663578622e-12,0.000290649578239
6.074,-1.7126455806e-12,0.000290836071751
6.076,-1.75893329899e-12,0.000291022565263
6.078,-1.80522101739e-12,0.000291209058775
6.08,-1.85150873578e-12,0.000291395552287
6.082,-1.89779645418e-12,0.0002915820458
6.084,-1.94408417257e-12,0.000291768539312
6.086,-1.99037189097e-12,0.000291955032824
6.088,-2.03665960936e-12,0.000292141526336
6.09,-2.08294732776e-12,0.000292328019848
6.092,-2.12923504615e-12,0.00029251451336
6.094,-2.17552276454e-12,0.000292701006872
6.096,-2.22181048294e-12,0.000292887500384
6.098,-2.26809820133e-12,0.000293073993897
6.1,-2.31438591973e-12,0.000293260487409
6.102,-2.36067363812e-12,0.000293450585314
6.104,-2.40696135652e-12,0.000293640683218
6.106,-2.45324907491e-12,0.000293830781123
6.108,-2.49953679331e-12,0.000294020879028
6.11,-2.5458245117e-12,0.000294210976933
6.112,-2.5921122301e-12,0.000294401074838
6.114,-2.63839994849e-12,0.000294591172743
6.116,-2.68468766688e-12,0.000294781270647
6.118,-2.73097538528e-12,0.000294971368552
6.12,-2.77726310367e-12,0.000295161466457
6.122,-2.82355082207e-12,0.000295351564362
6.124,-2.86983854046e-12,0.000295541662267
6.126,-2.91612625886e-12,0.000295731760172
6.128,-2.96241397725e-12,0.000295921858076
6.13,-3.00870169565e-12,0.000296111955981
6.132,-3.05498941404e-12,0.000296302053886
6.134,-3.10127713244e-12,0.000296492151791
6.136,-3.14756485083e-12,0.000296682249696
6.138,-3.19385256922e-12,0.000296872347601
6.14,-3.24014028762e-12,0.000297062445505
6.142,-3.28642800601e-12,0.00029725254341
6.144,-3.33271572441e-12,0.000297442641315
6.146,-3.3790034428e-12,0.00029763273922
6.148,-3.4252911612e-12,0.000297822837125
6.15,-3.47157887959e-12,0.00029801293503
6.152,-3.51786659799e-12,0.000298203032934
6.154,-3.56415431638e-12,0.000298393130839
6.156,-3.61044203478e-12,0.000298583228744
6.158,-3.65672975317e-12,0.000298773326649
6.16,-3.70301747156e-12,0.000298963424554
6.162,-3.74930518996e-12,0.000299153522459
6.164,-3.79559290835e-12,0.000299343620363
6.166,-3.84188062675e-12,0.000299533718268
6.168,-3.88816834514e-12,0.000299723816173
6.17,-3.93445606354e-12,0.000299913914078
6.172,-3.98074378193e-12,0.000300104011983
6.174,-4.02703150033e-12,0.000300294109888
6.176,-4.07331921872e-12,0.000300484207792
6.178,-4.11960693712e-12,0.000300674305697
6.18,-4.16589465551e-12,0.000300864403602
6.182,-4.2121823739e-12,0.000301054501507
6.184,-4.2584700923e-12,0.000301244599412
6.186,-4.30475781069e-12,0.000301434697317
6.188,-4.35104552909e-12,0.000301624795221
6.19,-4.39733324748e-12,0.000301814893126
6.192,-4.44362096588e-12,0.000302004991031
6.194,-4.48990868427e-12,0.000302195088936
6.196,-4.53619640267e-12,0.000302385186841
6.198,-4.58248412106e-12,0.000302575284746
6.2,-4.62877183946e-12,0.00030276538265
6.202,-4.76763499464e-12,0.000302959196139
6.204,-4.90649814982e-12,0.000303153009627
6.206,-5.04536130501e-12,0.000303346823116
6.208,-5.18422446019e-12,0.000303540636605
6.21,-5.32308761537e-12,0.000303734450093
6.212,-5.46195077056e-12,0.000303928263582
6.214,-5.60081392574e-12,0.00030412207707
6.216,-5.73967708093e-12,0.000304315890559
6.218,-5.87854023611e-12,0.000304509704047
6.22,-6.01740339129e-12,0.000304703517536
6.222,-6.15626654648e-12,0.000304897331024
6.224,-6.29512970166e-12,0.000305091144513
6.226,-6.43399285684e-12,0.000305284958002
6.228,-6.57285601203e-12,0.00030547877149
6.23,-6.71171916721e-12,0.000305672584979
6.232,-6.85058232239e-12,0.000305866398467
6.234,-6.98944547758e-12,0.000306060211956
6.236,-7.12830863276e-12,0.000306254025444
6.238,-7.26717178795e-12,0.000306447838933
6.24,-7.40603494313e-12,0.000306641652421
6.242,-7.54489809831e-12,0.00030683546591
6.244,-7.6837612535e-12,0.000307029279398
6.246,-7.82262440868e-12,0.000307223092887
6.248,-7.96148756386e-12,0.000307416906376
6.25,-8.10035071905e-12,0.000307610719864
6.252,-8.23921387423e-12,0.000307804533353
6.254,-8.37807702942e-12,0.000307998346841
6.256,-8.5169401846e-12,0.00030819216033
6.258,-8.65580333978e-12,0.000308385973818
6.26,-8.79466649497e-12,0.000308579787307
6.262,-8.93352965015e-12,0.000308773600795
6.264,-9.07239280533e-12,0.000308967414284
6.266,-9.21125596052e-12,0.000309161227772
6.268,-9.3501191157e-12,0.000309355041261
6.27,-9.48898227088e-12,0.00030954885475
6.272,-9.62784542607e-12,0.000309742668238
6.274,-9.76670858125e-12,0.000309936481727
6.276,-9.90557173644e-12,0.000310130295215
6.278,-1.00444348916e-11,0.000310324108704
6.28,-1.01832980468e-11,0.000310517922192
6.282,-1.0322161202e-11,0.000310711735681
6.284,-1.04610243572e-11,0.000310905549169
6.286,-1.05998875124e-11,0.000311099362658
6.288,-1.07387506675e-11,0.000311293176146
6.29,-1.08776138227e-11,0.000311486989635
6.292,-1.10164769779e-11,0.000311680803124
6.294,-1.11553401331e-11,0.000311874616612
6.296,-1.12942032883e-11,0.000312068430101
6.298,-1.14330664435e-11,0.000312262243589
6.3,-1.15719295986e-11,0.000312456057078
6.302,-1.13867787251e-11,0.000312653704377
6.304,-1.12016278515e-11,0.000312851351677
6.306,-1.10164769779e-11,0.000313048998976
6.308,-1.08313261043e-11,0.000313246646276
6.31,-1.06461752307e-11,0.000313444293575
6.312,-1.04610243572e-11,0.000313641940875
6.314,-1.02758734836e-11,0.000313839588174
6.316,-1.009072261e-11,0.000314037235474
6.318,-9.90557173643e-12,0.000314234882773
6.32,-9.72042086286e-12,0.000314432530073
6.322,-9.53526998928e-12,0.000314630177372
6.324,-9.3501191157e-12,0.000314827824672
6.326,-9.16496824212e-12,0.000315025471971
6.328,-8.97981736854e-12,0.000315223119271
6.33,-8.79466649497e-12,0.00031542076657
6.332,-8.60951562139e-12,0.00031561841387
6.334,-8.42436474781e-12,0.000315816061169
6.336,-8.23921387423e-12,0.000316013708469
6.338,-8.05406300065e-12,0.000316211355768
6.34,-7.86891212707e-12,0.000316409003068
6.342,-7.6837612535e-12,0.000316606650367
6.344,-7.49861037992e-12,0.000316804297667
6.346,-7.31345950634e-12,0.000317001944966
6.348,-7.12830863276e-12,0.000317199592266
6.35,-6.94315775918e-12,0.000317397239565
6.352,-6.7580068856e-12,0.000317594886865
6.354,-6.57285601203e-12,0.000317792534164
6.356,-6.38770513845e-12,0.000317990181464
6.358,-6.20255426487e-12,0.000318187828763
6.36,-6.01740339129e-12,0.000318385476063
6.362,-5.83225251771e-12,0.000318583123362
6.364,-5.64710164414e-12,0.000318780770662
6.366,-5.46195077056e-12,0.000318978417961
6.368,-5.27679989698e-12,0.000319176065261
6.37,-5.0916490234e-12,0.00031937371256
6.372,-4.90649814982e-12,0.00031957135986
6.374,-4.72134727624e-12,0.000319769007159
6.376,-4.53619640267e-12,0.000319966654459
6.378,-4.35104552909e-12,0.000320164301758
6.38,-4.16589465551e-12,0.000320361949058
6.382,-3.98074378193e-12,0.000320559596357
6.384,-3.79559290835e-12,0.000320757243657
6.386,-3.61044203478e-12,0.000320954890956
6.388,-3.4252911612e-12,0.000321152538256
6.39,-3.24014028762e-12,0.000321350185555
6.392,-3.05498941404e-12,0.000321547832855
6.394,-2.86983854046e-12,0.000321745480154
6.396,-2.68468766688e-12,0.000321943127454
6.398,-2.49953679331e-12,0.000322140774753
6.4,-2.31438591973e-12,0.000322338422053
6.402,-2.26809820133e-12,0.000322540024094
6.404,-2.22181048294e-12,0.000322741626136
6.406,-2.17552276454e-12,0.000322943228177
6.408,-2.12923504615e-12,0.000323144830219
6.41,-2.08294732775e-12,0.00032334643226
6.412,-2.03665960936e-12,0.000323548034302
6.414,-1.99037189097e-12,0.000323749636343
6.416,-1.94408417257e-12,0.000323951238385
6.418,-1.89779645418e-12,0.000324152840426
6.42,-1.85150873578e-12,0.000324354442468
6.422,-1.80522101739e-12,0.000324556044509
6.424,-1.75893329899e-12,0.000324757646551
6.426,-1.7126455806e-12,0.000324959248592
6.428,-1.6663578622e-12,0.000325160850634
6.43,-1.62007014381e-12,0.000325362452675
6.432,-1.57378242541e-12,0.000325564054717
6.434,-1.52749470702e-12,0.000325765656758
6.436,-1.48120698863e-12,0.000325967258799
6.438,-1.43491927023e-12,0.000326168860841
6.44,-1.38863155184e-12,0.000326370462882
6.442,-1.34234383344e-12,0.000326572064924
6.444,-1.29605611505e-12,0.000326773666965
6.446,-1.24976839665e-12,0.000326975269007
6.448,-1.20348067826e-12,0.000327176871048
6.45,-1.15719295986e-12,0.00032737847309
6.452,-1.11090524147e-12,0.000327580075131
6.454,-1.06461752307e-12,0.000327781677173
6.456,-1.01832980468e-12,0.000327983279214
6.458,-9.72042086286e-13,0.000328184881256
6.46,-9.25754367891e-13,0.000328386483297
6.462,-8.79466649496e-13,0.000328588085339
6.464,-8.33178931102e-13,0.00032878968738
6.466,-7.86891212707e-13,0.000328991289422
6.468,-7.40603494313e-13,0.000329192891463
6.47,-6.94315775918e-13,0.000329394493505
6.472,-6.48028057524e-13,0.000329596095546
6.474,-6.01740339129e-13,0.000329797697588
6.476,-5.55452620735e-13,0.000329999299629
6.478,-5.0916490234e-13,0.000330200901671
6.48,-4.62877183945e-13,0.000330402503712
6.482,-4.16589465551e-13,0.000330604105754
6.484,-3.70301747156e-13,0.000330805707795
6.486,-3.24014028762e-13,0.000331007309837
6.488,-2.77726310367e-13,0.000331208911878
6.49,-2.31438591973e-13,0.00033141051392
6.492,-1.85150873578e-13,0.000331612115961
6.494,-1.38863155184e-13,0.000331813718003
6.496,-9.2575436789e-14,0.000332015320044
6.498,-4.62877183944e-14,0.000332216922085
6.5,-0,0.000332418524127
6.502,-0,0.000332624211096
6.504,-0,0.000332829898064
6.506,-0,0.000333035585033
6.508,-0,0.000333241272002
6.51,-0,0.000333446958971
6.512,-0,0.000333652645939
6.514,-0,0.000333858332908
6.516,-0,0.000334064019877
6.518,-0,0.000334269706846
6.52,-0,0.000334475393814
6.522,-0,0.000334681080783
6.524,-0,0.000334886767752
6.526,-0,0.00033509245472
6.528,-0,0.000335298141689
6.53,-0,0.000335503828658
6.532,-0,0.000335709515627
6.534,-0,0.000335915202595
6.536,-0,0.000336120889564
6.538,-0,0.000336326576533
6.54,-0,0.000336532263502
6.542,-0,0.00033673795047
6.544,-0,0.000336943637439
6.546,-0,0.000337149324408
6.548,-0,0.000337355011376
6.55,-0,0.000337560698345
6.552,-0,0.000337766385314
6.554,-0,0.000337972072283
6.556,-0,0.000338177759251
6.558,-0,0.00033838344622
6.56,-0,0.000338589133189
6.562,-0,0.000338794820158
6.564,-0,0.000339000507126
6.566,-0,0.000339206194095
6.568,-0,0.000339411881064
6.57,-0,0.000339617568033
6.572,-0,0.000339823255001
6.574,-0,0.00034002894197
6.576,-0,0.000340234628939
6.578,-0,0.000340440315907
6.58,-0,0.000340646002876
6.582,-0,0.000340851689845
6.584,-0,0.000341057376814
6.586,-0,0.000341263063782
6.588,-0,0.000341468750751
6.59,-0,0.00034167443772
6.592,-0,0.000341880124689
6.594,-0,0.000342085811657
6.596,-0,0.000342291498626
6.598,-0,0.000342497185595
6.6,-0,0.000342702872563
6.602,-0,0.000342912779168
6.604,-0,0.000343122685773
6.606,-0,0.000343332592378
6.608,-0,0.000343542498983
6.61,-0,0.000343752405588
6.612,-0,0.000343962312193
6.614,-0,0.000344172218798
6.616,-0,0.000344382125403
6.618,-0,0.000344592032008
6.62,-0,0.000344801938613
6.622,-0,0.000345011845218
6.624,-0,0.000345221751823
6.626,-0,0.000345431658428
6.628,-0,0.000345641565033
6.63,-0,0.000345851471638
6.632,-0,0.000346061378243
6.634,-0,0.000346271284848
6.636,-0,0.000346481191453
6.638,-0,0.000346691098058
6.64,-0,0.000346901004663
6.642,-0,0.000347110911268
6.644,-0,0.000347320817873
6.646,-0,0.000347530724478
6.648,-0,0.000347740631083
6.65,-0,0.000347950537688
6.652,-0,0.000348160444293
6.654,-0,0.000348370350898
6.656,-0,0.000348580257503
6.658,-0,0.000348790164108
6.66,-0,0.000349000070713
6.662,-0,0.000349209977318
6.664,-0,0.000349419883923
6.666,-0,0.000349629790528
6.668,-0,0.000349839697133
6.67,-0,0.000350049603738
6.672,-0,0.000350259510343
6.674,-0,0.000350469416948
6.676,-0,0.000350679323553
6.678,-0,0.000350889230158
6.68,-0,0.000351099136763
6.682,-0,0.000351309043368
6.684,-0,0.000351518949973
6.686,-0,0.000351728856578
6.688,-0,0.000351938763183
6.69,-0,0.000352148669788
6.692,-0,0.000352358576393
6.694,-0,0.000352568482998
6.696,-0,0.000352778389603
6.698,-0,0.000352988296208
6.7,-0,0.000353198202813
6.702,-0,0.000353412471889
6.704,-0,0.000353626740966
6.706,-0,0.000353841010042
6.708,-0,0.000354055279119
6.71,-0,0.000354269548195
6.712,-0,0.000354483817272
6.714,-0,0.000354698086348
6.716,-0,0.000354912355425
6.718,-0,0.000355126624501
6.72,-0,0.000355340893578
6.722,-0,0.000355555162654
6.724,-0,0.000355769431731
6.726,-0,0.000355983700808
6.728,-0,0.000356197969884
6.73,-0,0.000356412238961
6.732,-0,0.000356626508037
6.734,-0,0.000356840777114
6.736,-0,0.00035705504619
6.738,-0,0.000357269315267
6.74,-0,0.000357483584343
6.742,-0,0.00035769785342
6.744,-0,0.000357912122496
6.746,-0,0.000358126391573
6.748,-0,0.000358340660649
6.75,-0,0.000358554929726
6.752,-0,0.000358769198802
6.754,-0,0.000358983467879
6.756,-0,0.000359197736955
6.758,-0,0.000359412006032
6.76,-0,0.000359626275108
6.762,-0,0.000359840544185
6.764,-0,0.000360054813261
6.766,-0,0.000360269082338
6.768,-0,0.000360483351414
6.77,-0,0.000360697620491
6.772,-0,0.000360911889567
6.774,-0,0.000361126158644
6.776,-0,0.00036134042772
6.778,-0,0.000361554696797
6.78,-0,0.000361768965873
6.782,-0,0.00036198323495
6.784,-0,0.000362197504026
6.786,-0,0.000362411773103
6.788,-0,0.00036262604218
6.79,-0,0.000362840311256
6.792,-0,0.000363054580333
6.794,-0,0.000363268849409
6.796,-0,0.000363483118486
6.798,-0,0.000363697387562
6.8,-4.3167340204e-25,0.000363911656639
6.802,-1.38863155184e-13,0.000364130438541
6.804,-2.77726310368e-13,0.000364349220444
6.806,-4.16589465551e-13,0.000364568002347
6.808,-5.55452620735e-13,0.00036478678425
6.81,-6.94315775919e-13,0.000365005566152
6.812,-8.33178931102e-13,0.000365224348055
6.814,-9.72042086286e-13,0.000365443129958
6.816,-1.11090524147e-12,0.00036566191186
6.818,-1.24976839665e-12,0.000365880693763
6.82,-1.38863155184e-12,0.000366099475666
6.822,-1.52749470702e-12,0.000366318257569
6.824,-1.6663578622e-12,0.000366537039471
6.826,-1.80522101739e-12,0.000366755821374
6.828,-1.94408417257e-12,0.000366974603277
6.83,-2.08294732776e-12,0.00036719338518
6.832,-2.22181048294e-12,0.000367412167082
6.834,-2.36067363812e-12,0.000367630948985
6.836,-2.49953679331e-12,0.000367849730888
6.838,-2.63839994849e-12,0.00036806851279
6.84,-2.77726310367e-12,0.000368287294693
6.842,-2.91612625886e-12,0.000368506076596
6.844,-3.05498941404e-12,0.000368724858499
6.846,-3.19385256922e-12,0.000368943640401
6.848,-3.33271572441e-12,0.000369162422304
6.85,-3.47157887959e-12,0.000369381204207
6.852,-3.61044203478e-12,0.00036959998611
6.854,-3.74930518996e-12,0.000369818768012
6.856,-3.88816834514e-12,0.000370037549915
6.858,-4.02703150033e-12,0.000370256331818
6.86,-4.16589465551e-12,0.00037047511372
6.862,-4.30475781069e-12,0.000370693895623
6.864,-4.44362096588e-12,0.000370912677526
6.866,-4.58248412106e-12,0.000371131459429
6.868,-4.72134727625e-12,0.000371350241331
6.87,-4.86021043143e-12,0.000371569023234
6.872,-4.99907358661e-12,0.000371787805137
6.874,-5.1379367418e-12,0.00037200658704
6.876,-5.27679989698e-12,0.000372225368942
6.878,-5.41566305216e-12,0.000372444150845
6.88,-5.55452620735e-12,0.000372662932748
6.882,-5.69338936253e-12,0.000372881714651
6.884,-5.83225251771e-12,0.000373100496553
6.886,-5.9711156729e-12,0.000373319278456
6.888,-6.10997882808e-12,0.000373538060359
6.89,-6.24884198327e-12,0.000373756842261
6.892,-6.38770513845e-12,0.000373975624164
6.894,-6.52656829363e-12,0.000374194406067
6.896,-6.66543144882e-12,0.00037441318797
6.898,-6.804294604e-12,0.000374631969872
6.9,-6.94315775918e-12,0.000374850751775
6.902,-6.804294604e-12,0.000375074206244
6.904,-6.66543144882e-12,0.000375297660713
6.906,-6.52656829363e-12,0.000375521115182
6.908,-6.38770513845e-12,0.000375744569651
6.91,-6.24884198326e-12,0.00037596802412
6.912,-6.10997882808e-12,0.000376191478589
6.914,-5.9711156729e-12,0.000376414933058
6.916,-5.83225251771e-12,0.000376638387527
6.918,-5.69338936253e-12,0.000376861841996
6.92,-5.55452620735e-12,0.000377085296465
6.922,-5.41566305216e-12,0.000377308750934
6.924,-5.27679989698e-12,0.000377532205403
6.926,-5.1379367418e-12,0.000377755659872
6.928,-4.99907358661e-12,0.000377979114341
6.93,-4.86021043143e-12,0.00037820256881
6.932,-4.72134727624e-12,0.000378426023279
6.934,-4.58248412106e-12,0.000378649477748
6.936,-4.44362096588e-12,0.000378872932217
6.938,-4.30475781069e-12,0.000379096386686
6.94,-4.16589465551e-12,0.000379319841155
6.942,-4.02703150033e-12,0.000379543295624
6.944,-3.88816834514e-12,0.000379766750093
6.946,-3.74930518996e-12,0.000379990204561
6.948,-3.61044203478e-12,0.00038021365903
6.95,-3.47157887959e-12,0.000380437113499
6.952,-3.33271572441e-12,0.000380660567968
6.954,-3.19385256922e-12,0.000380884022437
6.956,-3.05498941404e-12,0.000381107476906
6.958,-2.91612625886e-12,0.000381330931375
6.96,-2.77726310367e-12,0.000381554385844
6.962,-2.63839994849e-12,0.000381777840313
6.964,-2.49953679331e-12,0.000382001294782
6.966,-2.36067363812e-12,0.000382224749251
6.968,-2.22181048294e-12,0.00038244820372
6.97,-2.08294732775e-12,0.000382671658189
6.972,-1.94408417257e-12,0.000382895112658
6.974,-1.80522101739e-12,0.000383118567127
6.976,-1.6663578622e-12,0.000383342021596
6.978,-1.52749470702e-12,0.000383565476065
6.98,-1.38863155184e-12,0.000383788930534
6.982,-1.24976839665e-12,0.000384012385003
6.984,-1.11090524147e-12,0.000384235839472
6.986,-9.72042086285e-13,0.000384459293941
6.988,-8.33178931102e-13,0.00038468274841
6.99,-6.94315775918e-13,0.000384906202879
6.992,-5.55452620734e-13,0.000385129657348
6.994,-4.16589465551e-13,0.000385353111817
6.996,-2.77726310367e-13,0.000385576566286
6.998,-1.38863155183e-13,0.000385800020755
7,-0,0.000386023475224
7.002,-0,0.000386251770966
7.004,-0,0.000386480066709
7.006,-0,0.000386708362451
7.008,-0,0.000386936658194
7.01,-0,0.000387164953937
7.012,-0,0.000387393249679
7.014,-0,0.000387621545422
7.016,-0,0.000387849841164
7.018,-0,0.000388078136907
7.02,-0,0.000388306432649
7.022,-0,0.000388534728392
7.024,-0,0.000388763024135
7.026,-0,0.000388991319877
7.028,-0,0.00038921961562
7.03,-0,0.000389447911362
7.032,-0,0.000389676207105
7.034,-0,0.000389904502847
7.036,-0,0.00039013279859
7.038,-0,0.000390361094333
7.04,-0,0.000390589390075
7.042,-0,0.000390817685818
7.044,-0,0.00039104598156
7.046,-0,0.000391274277303
7.048,-0,0.000391502573045
7.05,-0,0.000391730868788
7.052,-0,0.00039195916453
7.054,-0,0.000392187460273
7.056,-0,0.000392415756016
7.058,-0,0.000392644051758
7.06,-0,0.000392872347501
7.062,-0,0.000393100643243
7.064,-0,0.000393328938986
7.066,-0,0.000393557234728
7.068,-0,0.000393785530471
7.07,-0,0.000394013826214
7.072,-0,0.000394242121956
7.074,-0,0.000394470417699
7.076,-0,0.000394698713441
7.078,-0,0.000394927009184
7.08,-0,0.000395155304926
7.082,-0,0.000395383600669
7.084,-0,0.000395611896411
7.086,-0,0.000395840192154
7.088,-0,0.000396068487897
7.09,-0,0.000396296783639
7.092,-0,0.000396525079382
7.094,-0,0.000396753375124
7.096,-0,0.000396981670867
7.098,-0,0.000397209966609
7.1,-1.43891134013e-25,0.000397438262352
7.102,-4.62877183947e-14,0.000397671578432
7.104,-9.25754367893e-14,0.000397904894512
7.106,-1.38863155184e-13,0.000398138210592
7.108,-1.85150873578e-13,0.000398371526672
7.11,-2.31438591973e-13,0.000398604842751
7.112,-2.77726310367e-13,0.000398838158831
7.114,-3.24014028762e-13,0.000399071474911
7.116,-3.70301747157e-13,0.000399304790991
7.118,-4.16589465551e-13,0.000399538107071
7.12,-4.62877183946e-13,0.000399771423151
7.122,-5.0916490234e-13,0.000400004739231
7.124,-5.55452620735e-13,0.000400238055311
7.126,-6.01740339129e-13,0.000400471371391
7.128,-6.48028057524e-13,0.000400704687471
7.13,-6.94315775919e-13,0.00040093800355
7.132,-7.40603494313e-13,0.00040117131963
7.134,-7.86891212708e-13,0.00040140463571
7.136,-8.33178931102e-13,0.00040163795179
7.138,-8.79466649497e-13,0.00040187126787
7.14,-9.25754367891e-13,0.00040210458395
7.142,-9.72042086286e-13,0.00040233790003
7.144,-1.01832980468e-12,0.00040257121611
7.146,-1.06461752307e-12,0.00040280453219
7.148,-1.11090524147e-12,0.00040303784827
7.15,-1.15719295986e-12,0.000403271164349
7.152,-1.20348067826e-12,0.000403504480429
7.154,-1.24976839665e-12,0.000403737796509
7.156,-1.29605611505e-12,0.000403971112589
7.158,-1.34234383344e-12,0.000404204428669
7.16,-1.38863155184e-12,0.000404437744749
7.162,-1.43491927023e-12,0.000404671060829
7.164,-1.48120698863e-12,0.000404904376909
7.166,-1.52749470702e-12,0.000405137692989
7.168,-1.57378242542e-12,0.000405371009068
7.17,-1.62007014381e-12,0.000405604325148
7.172,-1.6663578622e-12,0.000405837641228
7.174,-1.7126455806e-12,0.000406070957308
7.176,-1.75893329899e-12,0.000406304273388
7.178,-1.80522101739e-12,0.000406537589468
7.18,-1.85150873578e-12,0.000406770905548
7.182,-1.89779645418e-12,0.000407004221628
7.184,-1.94408417257e-12,0.000407237537708
7.186,-1.99037189097e-12,0.000407470853788
7.188,-2.03665960936e-12,0.000407704169867
7.19,-2.08294732776e-12,0.000407937485947
7.192,-2.12923504615e-12,0.000408170802027
7.194,-2.17552276454e-12,0.000408404118107
7.196,-2.22181048294e-12,0.000408637434187
7.198,-2.26809820133e-12,0.000408870750267
7.2,-2.31438591973e-12,0.000409104066347
7.202,-2.36067363812e-12,0.000409342594485
7.204,-2.40696135652e-12,0.000409581122623
7.206,-2.45324907491e-12,0.000409819650761
7.208,-2.49953679331e-12,0.000410058178899
7.21,-2.5458245117e-12,0.000410296707038
7.212,-2.5921122301e-12,0.000410535235176
7.214,-2.63839994849e-12,0.000410773763314
7.216,-2.68468766688e-12,0.000411012291452
7.218,-2.73097538528e-12,0.00041125081959
7.22,-2.77726310367e-12,0.000411489347728
7.222,-2.82355082207e-12,0.000411727875866
7.224,-2.86983854046e-12,0.000411966404004
7.226,-2.91612625886e-12,0.000412204932143
7.228,-2.96241397725e-12,0.000412443460281
7.23,-3.00870169565e-12,0.000412681988419
7.232,-3.05498941404e-12,0.000412920516557
7.234,-3.10127713244e-12,0.000413159044695
7.236,-3.14756485083e-12,0.000413397572833
7.238,-3.19385256922e-12,0.000413636100971
7.24,-3.24014028762e-12,0.00041387462911
7.242,-3.28642800601e-12,0.000414113157248
7.244,-3.33271572441e-12,0.000414351685386
7.246,-3.3790034428e-12,0.000414590213524
7.248,-3.4252911612e-12,0.000414828741662
7.25,-3.47157887959e-12,0.0004150672698
7.252,-3.51786659799e-12,0.000415305797938
7.254,-3.56415431638e-12,0.000415544326077
7.256,-3.61044203478e-12,0.000415782854215
7.258,-3.65672975317e-12,0.000416021382353
7.26,-3.70301747156e-12,0.000416259910491
7.262,-3.74930518996e-12,0.000416498438629
7.264,-3.79559290835e-12,0.000416736966767
7.266,-3.84188062675e-12,0.000416975494905
7.268,-3.88816834514e-12,0.000417214023044
7.27,-3.93445606354e-12,0.000417452551182
7.272,-3.98074378193e-12,0.00041769107932
7.274,-4.02703150033e-12,0.000417929607458
7.276,-4.07331921872e-12,0.000418168135596
7.278,-4.11960693712e-12,0.000418406663734
7.28,-4.16589465551e-12,0.000418645191872
7.282,-4.2121823739e-12,0.000418883720011
7.284,-4.2584700923e-12,0.000419122248149
7.286,-4.30475781069e-12,0.000419360776287
7.288,-4.35104552909e-12,0.000419599304425
7.29,-4.39733324748e-12,0.000419837832563
7.292,-4.44362096588e-12,0.000420076360701
7.294,-4.48990868427e-12,0.000420314888839
7.296,-4.53619640267e-12,0.000420553416978
7.298,-4.58248412106e-12,0.000420791945116
7.3,-4.62877183946e-12,0.000421030473254
7.302,-4.53619640267e-12,0.000421274416808
7.304,-4.44362096588e-12,0.000421518360362
7.306,-4.35104552909e-12,0.000421762303916
7.308,-4.2584700923e-12,0.00042200624747
7.31,-4.16589465551e-12,0.000422250191024
7.312,-4.07331921872e-12,0.000422494134578
7.314,-3.98074378193e-12,0.000422738078132
7.316,-3.88816834514e-12,0.000422982021686
7.318,-3.79559290835e-12,0.00042322596524
7.32,-3.70301747156e-12,0.000423469908794
7.322,-3.61044203478e-12,0.000423713852348
7.324,-3.51786659799e-12,0.000423957795902
7.326,-3.4252911612e-12,0.000424201739456
7.328,-3.33271572441e-12,0.00042444568301
7.33,-3.24014028762e-12,0.000424689626564
7.332,-3.14756485083e-12,0.000424933570118
7.334,-3.05498941404e-12,0.000425177513672
7.336,-2.96241397725e-12,0.000425421457226
7.338,-2.86983854046e-12,0.00042566540078
7.34,-2.77726310367e-12,0.000425909344334
7.342,-2.68468766688e-12,0.000426153287888
7.344,-2.59211223009e-12,0.000426397231442
7.346,-2.49953679331e-12,0.000426641174996
7.348,-2.40696135652e-12,0.00042688511855
7.35,-2.31438591973e-12,0.000427129062103
7.352,-2.22181048294e-12,0.000427373005657
7.354,-2.12923504615e-12,0.000427616949211
7.356,-2.03665960936e-12,0.000427860892765
7.358,-1.94408417257e-12,0.000428104836319
7.36,-1.85150873578e-12,0.000428348779873
7.362,-1.75893329899e-12,0.000428592723427
7.364,-1.6663578622e-12,0.000428836666981
7.366,-1.57378242541e-12,0.000429080610535
7.368,-1.48120698863e-12,0.000429324554089
7.37,-1.38863155184e-12,0.000429568497643
7.372,-1.29605611505e-12,0.000429812441197
7.374,-1.20348067826e-12,0.000430056384751
7.376,-1.11090524147e-12,0.000430300328305
7.378,-1.01832980468e-12,0.000430544271859
7.38,-9.25754367891e-13,0.000430788215413
7.382,-8.33178931102e-13,0.000431032158967
7.384,-7.40603494313e-13,0.000431276102521
7.386,-6.48028057524e-13,0.000431520046075
7.388,-5.55452620734e-13,0.000431763989629
7.39,-4.62877183945e-13,0.000432007933183
7.392,-3.70301747156e-13,0.000432251876737
7.394,-2.77726310367e-13,0.000432495820291
7.396,-1.85150873578e-13,0.000432739763845
7.398,-9.25754367888e-14,0.000432983707399
7.4,-2.87782268026e-25,0.000433227650953
7.402,-9.25754367894e-14,0.000433477228577
7.404,-1.85150873578e-13,0.000433726806202
7.406,-2.77726310368e-13,0.000433976383826
7.408,-3.70301747157e-13,0.00043422596145
7.41,-4.62877183946e-13,0.000434475539074
7.412,-5.55452620735e-13,0.000434725116698
7.414,-6.48028057524e-13,0.000434974694322
7.416,-7.40603494313e-13,0.000435224271947
7.418,-8.33178931102e-13,0.000435473849571
7.42,-9.25754367891e-13,0.000435723427195
7.422,-1.01832980468e-12,0.000435973004819
7.424,-1.11090524147e-12,0.000436222582443
7.426,-1.20348067826e-12,0.000436472160068
7.428,-1.29605611505e-12,0.000436721737692
7.43,-1.38863155184e-12,0.000436971315316
7.432,-1.48120698863e-12,0.00043722089294
7.434,-1.57378242542e-12,0.000437470470564
7.436,-1.6663578622e-12,0.000437720048188
7.438,-1.75893329899e-12,0.000437969625813
7.44,-1.85150873578e-12,0.000438219203437
7.442,-1.94408417257e-12,0.000438468781061
7.444,-2.03665960936e-12,0.000438718358685
7.446,-2.12923504615e-12,0.000438967936309
7.448,-2.22181048294e-12,0.000439217513934
7.45,-2.31438591973e-12,0.000439467091558
7.452,-2.40696135652e-12,0.000439716669182
7.454,-2.49953679331e-12,0.000439966246806
7.456,-2.5921122301e-12,0.00044021582443
7.458,-2.68468766688e-12,0.000440465402054
7.46,-2.77726310367e-12,0.000440714979679
7.462,-2.86983854046e-12,0.000440964557303
7.464,-2.96241397725e-12,0.000441214134927
7.466,-3.05498941404e-12,0.000441463712551
7.468,-3.14756485083e-12,0.000441713290175
7.47,-3.24014028762e-12,0.0004419628678
7.472,-3.33271572441e-12,0.000442212445424
7.474,-3.4252911612e-12,0.000442462023048
7.476,-3.51786659799e-12,0.000442711600672
7.478,-3.61044203478e-12,0.000442961178296
7.48,-3.70301747156e-12,0.00044321075592
7.482,-3.79559290835e-12,0.000443460333545
7.484,-3.88816834514e-12,0.000443709911169
7.486,-3.98074378193e-12,0.000443959488793
7.488,-4.07331921872e-12,0.000444209066417
7.49,-4.16589465551e-12,0.000444458644041
7.492,-4.2584700923e-12,0.000444708221666
7.494,-4.35104552909e-12,0.00044495779929
7.496,-4.44362096588e-12,0.000445207376914
7.498,-4.53619640267e-12,0.000445456954538
7.5,-4.62877183946e-12,0.000445706532162
7.502,-4.53619640267e-12,0.000445961978311
7.504,-4.44362096588e-12,0.000446217424459
7.506,-4.35104552909e-12,0.000446472870607
7.508,-4.2584700923e-12,0.000446728316756
7.51,-4.16589465551e-12,0.000446983762904
7.512,-4.07331921872e-12,0.000447239209053
7.514,-3.98074378193e-12,0.000447494655201
7.516,-3.88816834514e-12,0.00044775010135
7.518,-3.79559290835e-12,0.000448005547498
7.52,-3.70301747156e-12,0.000448260993646
7.522,-3.61044203478e-12,0.000448516439795
7.524,-3.51786659799e-12,0.000448771885943
7.526,-3.4252911612e-12,0.000449027332092
7.528,-3.33271572441e-12,0.00044928277824
7.53,-3.24014028762e-12,0.000449538224388
7.532,-3.14756485083e-12,0.000449793670537
7.534,-3.05498941404e-12,0.000450049116685
7.536,-2.96241397725e-12,0.000450304562834
7.538,-2.86983854046e-12,0.000450560008982
7.54,-2.77726310367e-12,0.00045081545513
7.542,-2.68468766688e-12,0.000451070901279
7.544,-2.59211223009e-12,0.000451326347427
7.546,-2.49953679331e-12,0.000451581793576
7.548,-2.40696135652e-12,0.000451837239724
7.55,-2.31438591973e-12,0.000452092685873
7.552,-2.22181048294e-12,0.000452348132021
7.554,-2.12923504615e-12,0.000452603578169
7.556,-2.03665960936e-12,0.000452859024318
7.558,-1.94408417257e-12,0.000453114470466
7.56,-1.85150873578e-12,0.000453369916615
7.562,-1.75893329899e-12,0.000453625362763
7.564,-1.6663578622e-12,0.000453880808911
7.566,-1.57378242541e-12,0.00045413625506
7.568,-1.48120698863e-12,0.000454391701208
7.57,-1.38863155184e-12,0.000454647147357
7.572,-1.29605611505e-12,0.000454902593505
7.574,-1.20348067826e-12,0.000455158039653
7.576,-1.11090524147e-12,0.000455413485802
7.578,-1.01832980468e-12,0.00045566893195
7.58,-9.25754367891e-13,0.000455924378099
7.582,-8.33178931102e-13,0.000456179824247
7.584,-7.40603494313e-13,0.000456435270396
7.586,-6.48028057523e-13,0.000456690716544
7.588,-5.55452620734e-13,0.000456946162692
7.59,-4.62877183945e-13,0.000457201608841
7.592,-3.70301747156e-13,0.000457457054989
7.594,-2.77726310367e-13,0.000457712501138
7.596,-1.85150873578e-13,0.000457967947286
7.598,-9.25754367888e-14,0.000458223393434
7.6,-4.93341030902e-25,0.000458478839583
7.602,-1.38863155184e-13,0.000458740405815
7.604,-2.77726310368e-13,0.000459001972047
7.606,-4.16589465552e-13,0.000459263538279
7.608,-5.55452620735e-13,0.000459525104511
7.61,-6.94315775919e-13,0.000459786670743
7.612,-8.33178931102e-13,0.000460048236975
7.614,-9.72042086286e-13,0.000460309803208
7.616,-1.11090524147e-12,0.00046057136944
7.618,-1.24976839665e-12,0.000460832935672
7.62,-1.38863155184e-12,0.000461094501904
7.622,-1.52749470702e-12,0.000461356068136
7.624,-1.6663578622e-12,0.000461617634368
7.626,-1.80522101739e-12,0.0004618792006
7.628,-1.94408417257e-12,0.000462140766832
7.63,-2.08294732776e-12,0.000462402333064
7.632,-2.22181048294e-12,0.000462663899296
7.634,-2.36067363812e-12,0.000462925465528
7.636,-2.49953679331e-12,0.000463187031761
7.638,-2.63839994849e-12,0.000463448597993
7.64,-2.77726310367e-12,0.000463710164225
7.642,-2.91612625886e-12,0.000463971730457
7.644,-3.05498941404e-12,0.000464233296689
7.646,-3.19385256922e-12,0.000464494862921
7.648,-3.33271572441e-12,0.000464756429153
7.65,-3.47157887959e-12,0.000465017995385
7.652,-3.61044203478e-12,0.000465279561617
7.654,-3.74930518996e-12,0.000465541127849
7.656,-3.88816834514e-12,0.000465802694081
7.658,-4.02703150033e-12,0.000466064260314
7.66,-4.16589465551e-12,0.000466325826546
7.662,-4.30475781069e-12,0.000466587392778
7.664,-4.44362096588e-12,0.00046684895901
7.666,-4.58248412106e-12,0.000467110525242
7.668,-4.72134727625e-12,0.000467372091474
7.67,-4.86021043143e-12,0.000467633657706
7.672,-4.99907358661e-12,0.000467895223938
7.674,-5.1379367418e-12,0.00046815679017
7.676,-5.27679989698e-12,0.000468418356402
7.678,-5.41566305216e-12,0.000468679922634
7.68,-5.55452620735e-12,0.000468941488867
7.682,-5.69338936253e-12,0.000469203055099
7.684,-5.83225251771e-12,0.000469464621331
7.686,-5.9711156729e-12,0.000469726187563
7.688,-6.10997882808e-12,0.000469987753795
7.69,-6.24884198327e-12,0.000470249320027
7.692,-6.38770513845e-12,0.000470510886259
7.694,-6.52656829363e-12,0.000470772452491
7.696,-6.66543144882e-12,0.000471034018723
7.698,-6.804294604e-12,0.000471295584955
7.7,-6.94315775918e-12,0.000471557151188
7.702,-6.89687004079e-12,0.000471825109269
7.704,-6.85058232239e-12,0.00047209306735
7.706,-6.804294604e-12,0.000472361025431
7.708,-6.75800688561e-12,0.000472628983512
7.71,-6.71171916721e-12,0.000472896941593
7.712,-6.66543144882e-12,0.000473164899674
7.714,-6.61914373042e-12,0.000473432857756
7.716,-6.57285601203e-12,0.000473700815837
7.718,-6.52656829363e-12,0.000473968773918
7.72,-6.48028057524e-12,0.000474236731999
7.722,-6.43399285684e-12,0.00047450469008
7.724,-6.38770513845e-12,0.000474772648161
7.726,-6.34141742005e-12,0.000475040606243
7.728,-6.29512970166e-12,0.000475308564324
7.73,-6.24884198327e-12,0.000475576522405
7.732,-6.20255426487e-12,0.000475844480486
7.734,-6.15626654648e-12,0.000476112438567
7.736,-6.10997882808e-12,0.000476380396648
7.738,-6.06369110969e-12,0.00047664835473
7.74,-6.01740339129e-12,0.000476916312811
7.742,-5.9711156729e-12,0.000477184270892
7.744,-5.9248279545e-12,0.000477452228973
7.746,-5.87854023611e-12,0.000477720187054
7.748,-5.83225251771e-12,0.000477988145135
7.75,-5.78596479932e-12,0.000478256103216
7.752,-5.73967708093e-12,0.000478524061298
7.754,-5.69338936253e-12,0.000478792019379
7.756,-5.64710164414e-12,0.00047905997746
7.758,-5.60081392574e-12,0.000479327935541
7.76,-5.55452620735e-12,0.000479595893622
7.762,-5.50823848895e-12,0.000479863851703
7.764,-5.46195077056e-12,0.000480131809785
7.766,-5.41566305216e-12,0.000480399767866
7.768,-5.36937533377e-12,0.000480667725947
7.77,-5.32308761537e-12,0.000480935684028
7.772,-5.27679989698e-12,0.000481203642109
7.774,-5.23051217858e-12,0.00048147160019
7.776,-5.18422446019e-12,0.000481739558272
7.778,-5.1379367418e-12,0.000482007516353
7.78,-5.0916490234e-12,0.000482275474434
7.782,-5.04536130501e-12,0.000482543432515
7.784,-4.99907358661e-12,0.000482811390596
7.786,-4.95278586822e-12,0.000483079348677
7.788,-4.90649814982e-12,0.000483347306758
7.79,-4.86021043143e-12,0.00048361526484
7.792,-4.81392271303e-12,0.000483883222921
7.794,-4.76763499464e-12,0.000484151181002
7.796,-4.72134727624e-12,0.000484419139083
7.798,-4.67505955785e-12,0.000484687097164
7.8,-4.62877183946e-12,0.000484955055245
7.802,-4.53619640267e-12,0.000485229697393
7.804,-4.44362096588e-12,0.000485504339541
7.806,-4.35104552909e-12,0.000485778981689
7.808,-4.2584700923e-12,0.000486053623837
7.81,-4.16589465551e-12,0.000486328265985
7.812,-4.07331921872e-12,0.000486602908133
7.814,-3.98074378193e-12,0.000486877550281
7.816,-3.88816834514e-12,0.000487152192429
7.818,-3.79559290835e-12,0.000487426834577
7.82,-3.70301747156e-12,0.000487701476725
7.822,-3.61044203478e-12,0.000487976118873
7.824,-3.51786659799e-12,0.000488250761021
7.826,-3.4252911612e-12,0.000488525403169
7.828,-3.33271572441e-12,0.000488800045317
7.83,-3.24014028762e-12,0.000489074687465
7.832,-3.14756485083e-12,0.000489349329613
7.834,-3.05498941404e-12,0.000489623971761
7.836,-2.96241397725e-12,0.000489898613909
7.838,-2.86983854046e-12,0.000490173256057
7.84,-2.77726310367e-12,0.000490447898205
7.842,-2.68468766688e-12,0.000490722540353
7.844,-2.59211223009e-12,0.000490997182501
7.846,-2.49953679331e-12,0.000491271824648
7.848,-2.40696135652e-12,0.000491546466796
7.85,-2.31438591973e-12,0.000491821108944
7.852,-2.22181048294e-12,0.000492095751092
7.854,-2.12923504615e-12,0.00049237039324
7.856,-2.03665960936e-12,0.000492645035388
7.858,-1.94408417257e-12,0.000492919677536
7.86,-1.85150873578e-12,0.000493194319684
7.862,-1.75893329899e-12,0.000493468961832
7.864,-1.6663578622e-12,0.00049374360398
7.866,-1.57378242541e-12,0.000494018246128
7.868,-1.48120698863e-12,0.000494292888276
7.87,-1.38863155184e-12,0.000494567530424
7.872,-1.29605611505e-12,0.000494842172572
7.874,-1.20348067826e-12,0.00049511681472
7.876,-1.11090524147e-12,0.000495391456868
7.878,-1.01832980468e-12,0.000495666099016
7.88,-9.25754367891e-13,0.000495940741164
7.882,-8.33178931102e-13,0.000496215383312
7.884,-7.40603494313e-13,0.00049649002546
7.886,-6.48028057523e-13,0.000496764667608
7.888,-5.55452620734e-13,0.000497039309756
7.89,-4.62877183945e-13,0.000497313951904
7.892,-3.70301747156e-13,0.000497588594052
7.894,-2.77726310367e-13,0.0004978632362
7.896,-1.85150873578e-13,0.000498137878347
7.898,-9.25754367888e-14,0.000498412520495
7.9,-0,0.000498687162643
7.902,-0,0.000498968807505
7.904,-0,0.000499250452367
7.906,-0,0.000499532097229
7.908,-0,0.000499813742091
7.91,-0,0.000500095386952
7.912,-0,0.000500377031814
7.914,-0,0.000500658676676
7.916,-0,0.000500940321538
7.918,-0,0.000501221966399
7.92,-0,0.000501503611261
7.922,-0,0.000501785256123
7.924,-0,0.000502066900985
7.926,-0,0.000502348545847
7.928,-0,0.000502630190708
7.93,-0,0.00050291183557
7.932,-0,0.000503193480432
7.934,-0,0.000503475125294
7.936,-0,0.000503756770155
7.938,-0,0.000504038415017
7.94,-0,0.000504320059879
7.942,-0,0.000504601704741
7.944,-0,0.000504883349603
7.946,-0,0.000505164994464
7.948,-0,0.000505446639326
7.95,-0,0.000505728284188
7.952,-0,0.00050600992905
7.954,-0,0.000506291573911
7.956,-0,0.000506573218773
7.958,-0,0.000506854863635
7.96,-0,0.000507136508497
7.962,-0,0.000507418153359
7.964,-0,0.00050769979822
7.966,-0,0.000507981443082
7.968,-0,0.000508263087944
7.97,-0,0.000508544732806
7.972,-0,0.000508826377667
7.974,-0,0.000509108022529
7.976,-0,0.000509389667391
7.978,-0,0.000509671312253
7.98,-0,0.000509952957115
7.982,-0,0.000510234601976
7.984,-0,0.000510516246838
7.986,-0,0.0005107978917
7.988,-0,0.000511079536562
7.99,-0,0.000511361181424
7.992,-0,0.000511642826285
7.994,-0,0.000511924471147
7.996,-0,0.000512206116009
7.998,-0,0.000512487760871
8,-0,0.000512769405732
8.002,-0,0.000513058399686
8.004,-0,0.000513347393639
8.006,-0,0.000513636387592
8.008,-0,0.000513925381546
8.01,-0,0.000514214375499
8.012,-0,0.000514503369452
8.014,-0,0.000514792363406
8.016,-0,0.000515081357359
8.018,-0,0.000515370351312
8.02,-0,0.000515659345265
8.022,-0,0.000515948339219
8.024,-0,0.000516237333172
8.026,-0,0.000516526327125
8.028,-0,0.000516815321079
8.03,-0,0.000517104315032
8.032,-0,0.000517393308985
8.034,-0,0.000517682302938
8.036,-0,0.000517971296892
8.038,-0,0.000518260290845
8.04,-0,0.000518549284798
8.042,-0,0.000518838278752
8.044,-0,0.000519127272705
8.046,-0,0.000519416266658
8.048,-0,0.000519705260612
8.05,-0,0.000519994254565
8.052,-0,0.000520283248518
8.054,-0,0.000520572242471
8.056,-0,0.000520861236425
8.058,-0,0.000521150230378
8.06,-0,0.000521439224331
8.062,-0,0.000521728218285
8.064,-0,0.000522017212238
8.066,-0,0.000522306206191
8.068,-0,0.000522595200145
8.07,-0,0.000522884194098
8.072,-0,0.000523173188051
8.074,-0,0.000523462182004
8.076,-0,0.000523751175958
8.078,-0,0.000524040169911
8.08,-0,0.000524329163864
8.082,-0,0.000524618157818
8.084,-0,0.000524907151771
8.086,-0,0.000525196145724
8.088,-0,0.000525485139678
8.09,-0,0.000525774133631
8.092,-0,0.000526063127584
8.094,-0,0.000526352121537
8.096,-0,0.000526641115491
8.098,-0,0.000526930109444
8.1,-3.28894020602e-25,0.000527219103397
8.102,-9.25754367895e-14,0.000527515822121
8.104,-1.85150873579e-13,0.000527812540846
8.106,-2.77726310368e-13,0.00052810925957
8.108,-3.70301747157e-13,0.000528405978294
8.11,-4.62877183946e-13,0.000528702697018
8.112,-5.55452620735e-13,0.000528999415742
8.114,-6.48028057524e-13,0.000529296134466
8.116,-7.40603494313e-13,0.00052959285319
8.118,-8.33178931102e-13,0.000529889571914
8.12,-9.25754367891e-13,0.000530186290638
8.122,-1.01832980468e-12,0.000530483009362
8.124,-1.11090524147e-12,0.000530779728087
8.126,-1.20348067826e-12,0.000531076446811
8.128,-1.29605611505e-12,0.000531373165535
8.13,-1.38863155184e-12,0.000531669884259
8.132,-1.48120698863e-12,0.000531966602983
8.134,-1.57378242542e-12,0.000532263321707
8.136,-1.6663578622e-12,0.000532560040431
8.138,-1.75893329899e-12,0.000532856759155
8.14,-1.85150873578e-12,0.000533153477879
8.142,-1.94408417257e-12,0.000533450196603
8.144,-2.03665960936e-12,0.000533746915328
8.146,-2.12923504615e-12,0.000534043634052
8.148,-2.22181048294e-12,0.000534340352776
8.15,-2.31438591973e-12,0.0005346370715
8.152,-2.40696135652e-12,0.000534933790224
8.154,-2.49953679331e-12,0.000535230508948
8.156,-2.5921122301e-12,0.000535527227672
8.158,-2.68468766688e-12,0.000535823946396
8.16,-2.77726310367e-12,0.00053612066512
8.162,-2.86983854046e-12,0.000536417383845
8.164,-2.96241397725e-12,0.000536714102569
8.166,-3.05498941404e-12,0.000537010821293
8.168,-3.14756485083e-12,0.000537307540017
8.17,-3.24014028762e-12,0.000537604258741
8.172,-3.33271572441e-12,0.000537900977465
8.174,-3.4252911612e-12,0.000538197696189
8.176,-3.51786659799e-12,0.000538494414913
8.178,-3.61044203478e-12,0.000538791133637
8.18,-3.70301747156e-12,0.000539087852361
8.182,-3.79559290835e-12,0.000539384571086
8.184,-3.88816834514e-12,0.00053968128981
8.186,-3.98074378193e-12,0.000539978008534
8.188,-4.07331921872e-12,0.000540274727258
8.19,-4.16589465551e-12,0.000540571445982
8.192,-4.2584700923e-12,0.000540868164706
8.194,-4.35104552909e-12,0.00054116488343
8.196,-4.44362096588e-12,0.000541461602154
8.198,-4.53619640267e-12,0.000541758320878
8.2,-4.62877183946e-12,0.000542055039602
8.202,-4.53619640267e-12,0.000542359897059
8.204,-4.44362096588e-12,0.000542664754516
8.206,-4.35104552909e-12,0.000542969611973
8.208,-4.2584700923e-12,0.00054327446943
8.21,-4.16589465551e-12,0.000543579326887
8.212,-4.07331921872e-12,0.000543884184343
8.214,-3.98074378193e-12,0.0005441890418
8.216,-3.88816834514e-12,0.000544493899257
8.218,-3.79559290835e-12,0.000544798756714
8.22,-3.70301747156e-12,0.000545103614171
8.222,-3.61044203478e-12,0.000545408471627
8.224,-3.51786659799e-12,0.000545713329084
8.226,-3.4252911612e-12,0.000546018186541
8.228,-3.33271572441e-12,0.000546323043998
8.23,-3.24014028762e-12,0.000546627901455
8.232,-3.14756485083e-12,0.000546932758912
8.234,-3.05498941404e-12,0.000547237616368
8.236,-2.96241397725e-12,0.000547542473825
8.238,-2.86983854046e-12,0.000547847331282
8.24,-2.77726310367e-12,0.000548152188739
8.242,-2.68468766688e-12,0.000548457046196
8.244,-2.59211223009e-12,0.000548761903652
8.246,-2.49953679331e-12,0.000549066761109
8.248,-2.40696135652e-12,0.000549371618566
8.25,-2.31438591973e-12,0.000549676476023
8.252,-2.22181048294e-12,0.00054998133348
8.254,-2.12923504615e-12,0.000550286190937
8.256,-2.03665960936e-12,0.000550591048393
8.258,-1.94408417257e-12,0.00055089590585
8.26,-1.85150873578e-12,0.000551200763307
8.262,-1.75893329899e-12,0.000551505620764
8.264,-1.6663578622e-12,0.000551810478221
8.266,-1.57378242541e-12,0.000552115335677
8.268,-1.48120698863e-12,0.000552420193134
8.27,-1.38863155184e-12,0.000552725050591
8.272,-1.29605611505e-12,0.000553029908048
8.274,-1.20348067826e-12,0.000553334765505
8.276,-1.11090524147e-12,0.000553639622962
8.278,-1.01832980468e-12,0.000553944480418
8.28,-9.25754367891e-13,0.000554249337875
8.282,-8.33178931102e-13,0.000554554195332
8.284,-7.40603494313e-13,0.000554859052789
8.286,-6.48028057524e-13,0.000555163910246
8.288,-5.55452620734e-13,0.000555468767702
8.29,-4.62877183945e-13,0.000555773625159
8.292,-3.70301747156e-13,0.000556078482616
8.294,-2.77726310367e-13,0.000556383340073
8.296,-1.85150873578e-13,0.00055668819753
8.298,-9.25754367888e-14,0.000556993054987
8.3,-2.46670515451e-25,0.000557297912443
8.302,-9.25754367894e-14,0.000557611360078
8.304,-1.85150873578e-13,0.000557924807712
8.306,-2.77726310368e-13,0.000558238255347
8.308,-3.70301747157e-13,0.000558551702981
8.31,-4.62877183946e-13,0.000558865150615
8.312,-5.55452620735e-13,0.00055917859825
8.314,-6.48028057524e-13,0.000559492045884
8.316,-7.40603494313e-13,0.000559805493519
8.318,-8.33178931102e-13,0.000560118941153
8.32,-9.25754367891e-13,0.000560432388788
8.322,-1.01832980468e-12,0.000560745836422
8.324,-1.11090524147e-12,0.000561059284056
8.326,-1.20348067826e-12,0.000561372731691
8.328,-1.29605611505e-12,0.000561686179325
8.33,-1.38863155184e-12,0.00056199962696
8.332,-1.48120698863e-12,0.000562313074594
8.334,-1.57378242542e-12,0.000562626522229
8.336,-1.6663578622e-12,0.000562939969863
8.338,-1.75893329899e-12,0.000563253417497
8.34,-1.85150873578e-12,0.000563566865132
8.342,-1.94408417257e-12,0.000563880312766
8.344,-2.03665960936e-12,0.000564193760401
8.346,-2.12923504615e-12,0.000564507208035
8.348,-2.22181048294e-12,0.000564820655669
8.35,-2.31438591973e-12,0.000565134103304
8.352,-2.40696135652e-12,0.000565447550938
8.354,-2.49953679331e-12,0.000565760998573
8.356,-2.5921122301e-12,0.000566074446207
8.358,-2.68468766688e-12,0.000566387893842
8.36,-2.77726310367e-12,0.000566701341476
8.362,-2.86983854046e-12,0.00056701478911
8.364,-2.96241397725e-12,0.000567328236745
8.366,-3.05498941404e-12,0.000567641684379
8.368,-3.14756485083e-12,0.000567955132014
8.37,-3.24014028762e-12,0.000568268579648
8.372,-3.33271572441e-12,0.000568582027283
8.374,-3.4252911612e-12,0.000568895474917
8.376,-3.51786659799e-12,0.000569208922551
8.378,-3.61044203478e-12,0.000569522370186
8.38,-3.70301747156e-12,0.00056983581782
8.382,-3.79559290835e-12,0.000570149265455
8.384,-3.88816834514e-12,0.000570462713089
8.386,-3.98074378193e-12,0.000570776160723
8.388,-4.07331921872e-12,0.000571089608358
8.39,-4.16589465551e-12,0.000571403055992
8.392,-4.2584700923e-12,0.000571716503627
8.394,-4.35104552909e-12,0.000572029951261
8.396,-4.44362096588e-12,0.000572343398896
8.398,-4.53619640267e-12,0.00057265684653
8.4,-4.62877183946e-12,0.000572970294164
8.402,-4.53619640267e-12,0.000573292831181
8.404,-4.44362096588e-12,0.000573615368199
8.406,-4.35104552909e-12,0.000573937905216
8.408,-4.2584700923e-12,0.000574260442233
8.41,-4.16589465551e-12,0.00057458297925
8.412,-4.07331921872e-12,0.000574905516267
8.414,-3.98074378193e-12,0.000575228053284
8.416,-3.88816834514e-12,0.000575550590301
8.418,-3.79559290835e-12,0.000575873127318
8.42,-3.70301747156e-12,0.000576195664335
8.422,-3.61044203478e-12,0.000576518201352
8.424,-3.51786659799e-12,0.000576840738369
8.426,-3.4252911612e-12,0.000577163275386
8.428,-3.33271572441e-12,0.000577485812403
8.43,-3.24014028762e-12,0.00057780834942
8.432,-3.14756485083e-12,0.000578130886437
8.434,-3.05498941404e-12,0.000578453423454
8.436,-2.96241397725e-12,0.000578775960471
8.438,-2.86983854046e-12,0.000579098497489
8.44,-2.77726310367e-12,0.000579421034506
8.442,-2.68468766688e-12,0.000579743571523
8.444,-2.59211223009e-12,0.00058006610854
8.446,-2.49953679331e-12,0.000580388645557
8.448,-2.40696135652e-12,0.000580711182574
8.45,-2.31438591973e-12,0.000581033719591
8.452,-2.22181048294e-12,0.000581356256608
8.454,-2.12923504615e-12,0.000581678793625
8.456,-2.03665960936e-12,0.000582001330642
8.458,-1.94408417257e-12,0.000582323867659
8.46,-1.85150873578e-12,0.000582646404676
8.462,-1.75893329899e-12,0.000582968941693
8.464,-1.6663578622e-12,0.00058329147871
8.466,-1.57378242541e-12,0.000583614015727
8.468,-1.48120698863e-12,0.000583936552744
8.47,-1.38863155184e-12,0.000584259089762
8.472,-1.29605611505e-12,0.000584581626779
8.474,-1.20348067826e-12,0.000584904163796
8.476,-1.11090524147e-12,0.000585226700813
8.478,-1.01832980468e-12,0.00058554923783
8.48,-9.25754367891e-13,0.000585871774847
8.482,-8.33178931102e-13,0.000586194311864
8.484,-7.40603494313e-13,0.000586516848881
8.486,-6.48028057524e-13,0.000586839385898
8.488,-5.55452620734e-13,0.000587161922915
8.49,-4.62877183945e-13,0.000587484459932
8.492,-3.70301747156e-13,0.000587806996949
8.494,-2.77726310367e-13,0.000588129533966
8.496,-1.85150873578e-13,0.000588452070983
8.498,-9.25754367888e-14,0.000588774608
8.5,-0,0.000589097145017
8.502,-0,0.000589429321551
8.504,-0,0.000589761498085
8.506,-0,0.000590093674618
8.508,-0,0.000590425851152
8.51,-0,0.000590758027685
8.512,-0,0.000591090204219
8.514,-0,0.000591422380753
8.516,-0,0.000591754557286
8.518,-0,0.00059208673382
8.52,-0,0.000592418910353
8.522,-0,0.000592751086887
8.524,-0,0.000593083263421
8.526,-0,0.000593415439954
8.528,-0,0.000593747616488
8.53,-0,0.000594079793021
8.532,-0,0.000594411969555
8.534,-0,0.000594744146089
8.536,-0,0.000595076322622
8.538,-0,0.000595408499156
8.54,-0,0.00059574067569
8.542,-0,0.000596072852223
8.544,-0,0.000596405028757
8.546,-0,0.00059673720529
8.548,-0,0.000597069381824
8.55,-0,0.000597401558358
8.552,-0,0.000597733734891
8.554,-0,0.000598065911425
8.556,-0,0.000598398087958
8.558,-0,0.000598730264492
8.56,-0,0.000599062441026
8.562,-0,0.000599394617559
8.564,-0,0.000599726794093
8.566,-0,0.000600058970626
8.568,-0,0.00060039114716
8.57,-0,0.000600723323694
8.572,-0,0.000601055500227
8.574,-0,0.000601387676761
8.576,-0,0.000601719853294
8.578,-0,0.000602052029828
8.58,-0,0.000602384206362
8.582,-0,0.000602716382895
8.584,-0,0.000603048559429
8.586,-0,0.000603380735963
8.588,-0,0.000603712912496
8.59,-0,0.00060404508903
8.592,-0,0.000604377265563
8.594,-0,0.000604709442097
8.596,-0,0.000605041618631
8.598,-0,0.000605373795164
8.6,-0,0.000605705971698
8.602,-0,0.000606048397657
8.604,-0,0.000606390823616
8.606,-0,0.000606733249575
8.608,-0,0.000607075675534
8.61,-0,0.000607418101493
8.612,-0,0.000607760527452
8.614,-0,0.000608102953411
8.616,-0,0.00060844537937
8.618,-0,0.000608787805329
8.62,-0,0.000609130231288
8.622,-0,0.000609472657247
8.624,-0,0.000609815083206
8.626,-0,0.000610157509165
8.628,-0,0.000610499935124
8.63,-0,0.000610842361083
8.632,-0,0.000611184787042
8.634,-0,0.000611527213001
8.636,-0,0.00061186963896
8.638,-0,0.000612212064919
8.64,-0,0.000612554490878
8.642,-0,0.000612896916837
8.644,-0,0.000613239342796
8.646,-0,0.000613581768755
8.648,-0,0.000613924194714
8.65,-0,0.000614266620673
8.652,-0,0.000614609046632
8.654,-0,0.000614951472591
8.656,-0,0.00061529389855
8.658,-0,0.000615636324509
8.66,-0,0.000615978750468
8.662,-0,0.000616321176427
8.664,-0,0.000616663602386
8.666,-0,0.000617006028345
8.668,-0,0.000617348454304
8.67,-0,0.000617690880263
8.672,-0,0.000618033306222
8.674,-0,0.000618375732181
8.676,-0,0.00061871815814
8.678,-0,0.000619060584099
8.68,-0,0.000619403010058
8.682,-0,0.000619745436017
8.684,-0,0.000620087861976
8.686,-0,0.000620430287935
8.688,-0,0.000620772713894
8.69,-0,0.000621115139853
8.692,-0,0.000621457565812
8.694,-0,0.000621799991771
8.696,-0,0.00062214241773
8.698,-0,0.000622484843689
8.7,-8.22235051504e-25,0.000622827269648
8.702,-2.31438591974e-13,0.000623180624269
8.704,-4.62877183947e-13,0.00062353397889
8.706,-6.94315775919e-13,0.000623887333511
8.708,-9.25754367892e-13,0.000624240688131
8.71,-1.15719295986e-12,0.000624594042752
8.712,-1.38863155184e-12,0.000624947397373
8.714,-1.62007014381e-12,0.000625300751994
8.716,-1.85150873578e-12,0.000625654106614
8.718,-2.08294732776e-12,0.000626007461235
8.72,-2.31438591973e-12,0.000626360815856
8.722,-2.5458245117e-12,0.000626714170477
8.724,-2.77726310367e-12,0.000627067525098
8.726,-3.00870169565e-12,0.000627420879718
8.728,-3.24014028762e-12,0.000627774234339
8.73,-3.47157887959e-12,0.00062812758896
8.732,-3.70301747157e-12,0.000628480943581
8.734,-3.93445606354e-12,0.000628834298201
8.736,-4.16589465551e-12,0.000629187652822
8.738,-4.39733324748e-12,0.000629541007443
8.74,-4.62877183946e-12,0.000629894362064
8.742,-4.86021043143e-12,0.000630247716685
8.744,-5.0916490234e-12,0.000630601071305
8.746,-5.32308761538e-12,0.000630954425926
8.748,-5.55452620735e-12,0.000631307780547
8.75,-5.78596479932e-12,0.000631661135168
8.752,-6.01740339129e-12,0.000632014489789
8.754,-6.24884198327e-12,0.000632367844409
8.756,-6.48028057524e-12,0.00063272119903
8.758,-6.71171916721e-12,0.000633074553651
8.76,-6.94315775918e-12,0.000633427908272
8.762,-7.17459635116e-12,0.000633781262892
8.764,-7.40603494313e-12,0.000634134617513
8.766,-7.6374735351e-12,0.000634487972134
8.768,-7.86891212708e-12,0.000634841326755
8.77,-8.10035071905e-12,0.000635194681376
8.772,-8.33178931102e-12,0.000635548035996
8.774,-8.56322790299e-12,0.000635901390617
8.776,-8.79466649497e-12,0.000636254745238
8.778,-9.02610508694e-12,0.000636608099859
8.78,-9.25754367891e-12,0.00063696145448
8.782,-9.48898227089e-12,0.0006373148091
8.784,-9.72042086286e-12,0.000637668163721
8.786,-9.95185945483e-12,0.000638021518342
8.788,-1.01832980468e-11,0.000638374872963
8.79,-1.04147366388e-11,0.000638728227583
8.792,-1.06461752307e-11,0.000639081582204
8.794,-1.08776138227e-11,0.000639434936825
8.796,-1.11090524147e-11,0.000639788291446
8.798,-1.13404910067e-11,0.000640141646067
8.8,-1.15719295986e-11,0.000640495000687
8.802,-1.15256418802e-11,0.000640860043013
8.804,-1.14793541619e-11,0.000641225085338
8.806,-1.14330664435e-11,0.000641590127663
8.808,-1.13867787251e-11,0.000641955169988
8.81,-1.13404910067e-11,0.000642320212314
8.812,-1.12942032883e-11,0.000642685254639
8.814,-1.12479155699e-11,0.000643050296964
8.816,-1.12016278515e-11,0.000643415339289
8.818,-1.11553401331e-11,0.000643780381615
8.82,-1.11090524147e-11,0.00064414542394
8.822,-1.10627646963e-11,0.000644510466265
8.824,-1.10164769779e-11,0.00064487550859
8.826,-1.09701892595e-11,0.000645240550915
8.828,-1.09239015411e-11,0.000645605593241
8.83,-1.08776138227e-11,0.000645970635566
8.832,-1.08313261043e-11,0.000646335677891
8.834,-1.07850383859e-11,0.000646700720216
8.836,-1.07387506675e-11,0.000647065762542
8.838,-1.06924629491e-11,0.000647430804867
8.84,-1.06461752307e-11,0.000647795847192
8.842,-1.05998875124e-11,0.000648160889517
8.844,-1.0553599794e-11,0.000648525931843
8.846,-1.05073120756e-11,0.000648890974168
8.848,-1.04610243572e-11,0.000649256016493
8.85,-1.04147366388e-11,0.000649621058818
8.852,-1.03684489204e-11,0.000649986101144
8.854,-1.0322161202e-11,0.000650351143469
8.856,-1.02758734836e-11,0.000650716185794
8.858,-1.02295857652e-11,0.000651081228119
8.86,-1.01832980468e-11,0.000651446270445
8.862,-1.01370103284e-11,0.00065181131277
8.864,-1.009072261e-11,0.000652176355095
8.866,-1.00444348916e-11,0.00065254139742
8.868,-9.99814717322e-12,0.000652906439745
8.87,-9.95185945483e-12,0.000653271482071
8.872,-9.90557173644e-12,0.000653636524396
8.874,-9.85928401804e-12,0.000654001566721
8.876,-9.81299629965e-12,0.000654366609046
8.878,-9.76670858125e-12,0.000654731651372
8.88,-9.72042086286e-12,0.000655096693697
8.882,-9.67413314446e-12,0.000655461736022
8.884,-9.62784542607e-12,0.000655826778347
8.886,-9.58155770767e-12,0.000656191820673
8.888,-9.53526998928e-12,0.000656556862998
8.89,-9.48898227088e-12,0.000656921905323
8.892,-9.44269455249e-12,0.000657286947648
8.894,-9.3964068341e-12,0.000657651989974
8.896,-9.3501191157e-12,0.000658017032299
8.898,-9.30383139731e-12,0.000658382074624
8.9,-9.25754367891e-12,0.000658747116949
8.902,-9.07239280533e-12,0.000659124694413
8.904,-8.88724193175e-12,0.000659502271878
8.906,-8.70209105818e-12,0.000659879849342
8.908,-8.5169401846e-12,0.000660257426806
8.91,-8.33178931102e-12,0.00066063500427
8.912,-8.14663843744e-12,0.000661012581734
8.914,-7.96148756386e-12,0.000661390159198
8.916,-7.77633669029e-12,0.000661767736662
8.918,-7.59118581671e-12,0.000662145314126
8.92,-7.40603494313e-12,0.000662522891591
8.922,-7.22088406955e-12,0.000662900469055
8.924,-7.03573319597e-12,0.000663278046519
8.926,-6.85058232239e-12,0.000663655623983
8.928,-6.66543144882e-12,0.000664033201447
8.93,-6.48028057524e-12,0.000664410778911
8.932,-6.29512970166e-12,0.000664788356375
8.934,-6.10997882808e-12,0.000665165933839
8.936,-5.9248279545e-12,0.000665543511303
8.938,-5.73967708092e-12,0.000665921088768
8.94,-5.55452620735e-12,0.000666298666232
8.942,-5.36937533377e-12,0.000666676243696
8.944,-5.18422446019e-12,0.00066705382116
8.946,-4.99907358661e-12,0.000667431398624
8.948,-4.81392271303e-12,0.000667808976088
8.95,-4.62877183946e-12,0.000668186553552
8.952,-4.44362096588e-12,0.000668564131016
8.954,-4.2584700923e-12,0.000668941708481
8.956,-4.07331921872e-12,0.000669319285945
8.958,-3.88816834514e-12,0.000669696863409
8.96,-3.70301747156e-12,0.000670074440873
8.962,-3.51786659799e-12,0.000670452018337
8.964,-3.33271572441e-12,0.000670829595801
8.966,-3.14756485083e-12,0.000671207173265
8.968,-2.96241397725e-12,0.000671584750729
8.97,-2.77726310367e-12,0.000671962328194
8.972,-2.59211223009e-12,0.000672339905658
8.974,-2.40696135652e-12,0.000672717483122
8.976,-2.22181048294e-12,0.000673095060586
8.978,-2.03665960936e-12,0.00067347263805
8.98,-1.85150873578e-12,0.000673850215514
8.982,-1.6663578622e-12,0.000674227792978
8.984,-1.48120698863e-12,0.000674605370442
8.986,-1.29605611505e-12,0.000674982947906
8.988,-1.11090524147e-12,0.000675360525371
8.99,-9.2575436789e-13,0.000675738102835
8.992,-7.40603494312e-13,0.000676115680299
8.994,-5.55452620734e-13,0.000676493257763
8.996,-3.70301747156e-13,0.000676870835227
8.998,-1.85150873578e-13,0.000677248412691
9,-3.28894020602e-25,0.000677625990155
9.002,-9.25754367895e-14,0.000678017071775
9.004,-1.85150873578e-13,0.000678408153394
9.006,-2.77726310368e-13,0.000678799235013
9.008,-3.70301747157e-13,0.000679190316633
9.01,-4.62877183946e-13,0.000679581398252
9.012,-5.55452620735e-13,0.000679972479871
9.014,-6.48028057524e-13,0.00068036356149
9.016,-7.40603494313e-13,0.00068075464311
9.018,-8.33178931102e-13,0.000681145724729
9.02,-9.25754367892e-13,0.000681536806348
9.022,-1.01832980468e-12,0.000681927887968
9.024,-1.11090524147e-12,0.000682318969587
9.026,-1.20348067826e-12,0.000682710051206
9.028,-1.29605611505e-12,0.000683101132826
9.03,-1.38863155184e-12,0.000683492214445
9.032,-1.48120698863e-12,0.000683883296064
9.034,-1.57378242542e-12,0.000684274377684
9.036,-1.6663578622e-12,0.000684665459303
9.038,-1.75893329899e-12,0.000685056540922
9.04,-1.85150873578e-12,0.000685447622541
9.042,-1.94408417257e-12,0.000685838704161
9.044,-2.03665960936e-12,0.00068622978578
9.046,-2.12923504615e-12,0.000686620867399
9.048,-2.22181048294e-12,0.000687011949019
9.05,-2.31438591973e-12,0.000687403030638
9.052,-2.40696135652e-12,0.000687794112257
9.054,-2.49953679331e-12,0.000688185193877
9.056,-2.5921122301e-12,0.000688576275496
9.058,-2.68468766688e-12,0.000688967357115
9.06,-2.77726310367e-12,0.000689358438735
9.062,-2.86983854046e-12,0.000689749520354
9.064,-2.96241397725e-12,0.000690140601973
9.066,-3.05498941404e-12,0.000690531683593
9.068,-3.14756485083e-12,0.000690922765212
9.07,-3.24014028762e-12,0.000691313846831
9.072,-3.33271572441e-12,0.00069170492845
9.074,-3.4252911612e-12,0.00069209601007
9.076,-3.51786659799e-12,0.000692487091689
9.078,-3.61044203478e-12,0.000692878173308
9.08,-3.70301747156e-12,0.000693269254928
9.082,-3.79559290835e-12,0.000693660336547
9.084,-3.88816834514e-12,0.000694051418166
9.086,-3.98074378193e-12,0.000694442499786
9.088,-4.07331921872e-12,0.000694833581405
9.09,-4.16589465551e-12,0.000695224663024
9.092,-4.2584700923e-12,0.000695615744644
9.094,-4.35104552909e-12,0.000696006826263
9.096,-4.44362096588e-12,0.000696397907882
9.098,-4.53619640267e-12,0.000696788989501
9.1,-4.62877183946e-12,0.000697180071121
9.102,-4.53619640267e-12,0.000697585738631
9.104,-4.44362096588e-12,0.00069799140614
9.106,-4.35104552909e-12,0.00069839707365
9.108,-4.2584700923e-12,0.00069880274116
9.11,-4.16589465551e-12,0.000699208408669
9.112,-4.07331921872e-12,0.000699614076179
9.114,-3.98074378193e-12,0.000700019743689
9.116,-3.88816834514e-12,0.000700425411198
9.118,-3.79559290835e-12,0.000700831078708
9.12,-3.70301747156e-12,0.000701236746218
9.122,-3.61044203478e-12,0.000701642413728
9.124,-3.51786659799e-12,0.000702048081237
9.126,-3.4252911612e-12,0.000702453748747
9.128,-3.33271572441e-12,0.000702859416257
9.13,-3.24014028762e-12,0.000703265083766
9.132,-3.14756485083e-12,0.000703670751276
9.134,-3.05498941404e-12,0.000704076418786
9.136,-2.96241397725e-12,0.000704482086296
9.138,-2.86983854046e-12,0.000704887753805
9.14,-2.77726310367e-12,0.000705293421315
9.142,-2.68468766688e-12,0.000705699088825
9.144,-2.59211223009e-12,0.000706104756334
9.146,-2.49953679331e-12,0.000706510423844
9.148,-2.40696135652e-12,0.000706916091354
9.15,-2.31438591973e-12,0.000707321758864
9.152,-2.22181048294e-12,0.000707727426373
9.154,-2.12923504615e-12,0.000708133093883
9.156,-2.03665960936e-12,0.000708538761393
9.158,-1.94408417257e-12,0.000708944428902
9.16,-1.85150873578e-12,0.000709350096412
9.162,-1.75893329899e-12,0.000709755763922
9.164,-1.6663578622e-12,0.000710161431431
9.166,-1.57378242541e-12,0.000710567098941
9.168,-1.48120698863e-12,0.000710972766451
9.17,-1.38863155184e-12,0.000711378433961
9.172,-1.29605611505e-12,0.00071178410147
9.174,-1.20348067826e-12,0.00071218976898
9.176,-1.11090524147e-12,0.00071259543649
9.178,-1.01832980468e-12,0.000713001103999
9.18,-9.25754367891e-13,0.000713406771509
9.182,-8.33178931102e-13,0.000713812439019
9.184,-7.40603494313e-13,0.000714218106529
9.186,-6.48028057523e-13,0.000714623774038
9.188,-5.55452620734e-13,0.000715029441548
9.19,-4.62877183945e-13,0.000715435109058
9.192,-3.70301747156e-13,0.000715840776567
9.194,-2.77726310367e-13,0.000716246444077
9.196,-1.85150873578e-13,0.000716652111587
9.198,-9.25754367887e-14,0.000717057779097
9.2,-1.64447010301e-25,0.000717463446606
9.202,-4.62877183947e-14,0.000717884931351
9.204,-9.25754367893e-14,0.000718306416096
9.206,-1.38863155184e-13,0.000718727900841
9.208,-1.85150873578e-13,0.000719149385585
9.21,-2.31438591973e-13,0.00071957087033
9.212,-2.77726310368e-13,0.000719992355075
9.214,-3.24014028762e-13,0.00072041383982
9.216,-3.70301747157e-13,0.000720835324564
9.218,-4.16589465551e-13,0.000721256809309
9.22,-4.62877183946e-13,0.000721678294054
9.222,-5.0916490234e-13,0.000722099778799
9.224,-5.55452620735e-13,0.000722521263544
9.226,-6.01740339129e-13,0.000722942748288
9.228,-6.48028057524e-13,0.000723364233033
9.23,-6.94315775919e-13,0.000723785717778
9.232,-7.40603494313e-13,0.000724207202523
9.234,-7.86891212708e-13,0.000724628687267
9.236,-8.33178931102e-13,0.000725050172012
9.238,-8.79466649497e-13,0.000725471656757
9.24,-9.25754367891e-13,0.000725893141502
9.242,-9.72042086286e-13,0.000726314626246
9.244,-1.01832980468e-12,0.000726736110991
9.246,-1.06461752308e-12,0.000727157595736
9.248,-1.11090524147e-12,0.000727579080481
9.25,-1.15719295986e-12,0.000728000565226
9.252,-1.20348067826e-12,0.00072842204997
9.254,-1.24976839665e-12,0.000728843534715
9.256,-1.29605611505e-12,0.00072926501946
9.258,-1.34234383344e-12,0.000729686504205
9.26,-1.38863155184e-12,0.000730107988949
9.262,-1.43491927023e-12,0.000730529473694
9.264,-1.48120698863e-12,0.000730950958439
9.266,-1.52749470702e-12,0.000731372443184
9.268,-1.57378242542e-12,0.000731793927929
9.27,-1.62007014381e-12,0.000732215412673
9.272,-1.6663578622e-12,0.000732636897418
9.274,-1.7126455806e-12,0.000733058382163
9.276,-1.75893329899e-12,0.000733479866908
9.278,-1.80522101739e-12,0.000733901351652
9.28,-1.85150873578e-12,0.000734322836397
9.282,-1.89779645418e-12,0.000734744321142
9.284,-1.94408417257e-12,0.000735165805887
9.286,-1.99037189097e-12,0.000735587290631
9.288,-2.03665960936e-12,0.000736008775376
9.29,-2.08294732776e-12,0.000736430260121
9.292,-2.12923504615e-12,0.000736851744866
9.294,-2.17552276454e-12,0.000737273229611
9.296,-2.22181048294e-12,0.000737694714355
9.298,-2.26809820133e-12,0.0007381161991
9.3,-2.31438591973e-12,0.000738537683845
9.302,-2.31438591973e-12,0.000738976410627
9.304,-2.31438591973e-12,0.00073941513741
9.306,-2.31438591973e-12,0.000739853864193
9.308,-2.31438591973e-12,0.000740292590975
9.31,-2.31438591973e-12,0.000740731317758
9.312,-2.31438591973e-12,0.00074117004454
9.314,-2.31438591973e-12,0.000741608771323
9.316,-2.31438591973e-12,0.000742047498105
9.318,-2.31438591973e-12,0.000742486224888
9.32,-2.31438591973e-12,0.00074292495167
9.322,-2.31438591973e-12,0.000743363678453
9.324,-2.31438591973e-12,0.000743802405236
9.326,-2.31438591973e-12,0.000744241132018
9.328,-2.31438591973e-12,0.000744679858801
9.33,-2.31438591973e-12,0.000745118585583
9.332,-2.31438591973e-12,0.000745557312366
9.334,-2.31438591973e-12,0.000745996039148
9.336,-2.31438591973e-12,0.000746434765931
9.338,-2.31438591973e-12,0.000746873492713
9.34,-2.31438591973e-12,0.000747312219496
9.342,-2.31438591973e-12,0.000747750946279
9.344,-2.31438591973e-12,0.000748189673061
9.346,-2.31438591973e-12,0.000748628399844
9.348,-2.31438591973e-12,0.000749067126626
9.35,-2.31438591973e-12,0.000749505853409
9.352,-2.31438591973e-12,0.000749944580191
9.354,-2.31438591973e-12,0.000750383306974
9.356,-2.31438591973e-12,0.000750822033756
9.358,-2.31438591973e-12,0.000751260760539
9.36,-2.31438591973e-12,0.000751699487322
9.362,-2.31438591973e-12,0.000752138214104
9.364,-2.31438591973e-12,0.000752576940887
9.366,-2.31438591973e-12,0.000753015667669
9.368,-2.31438591973e-12,0.000753454394452
9.37,-2.31438591973e-12,0.000753893121234
9.372,-2.31438591973e-12,0.000754331848017
9.374,-2.31438591973e-12,0.000754770574799
9.376,-2.31438591973e-12,0.000755209301582
9.378,-2.31438591973e-12,0.000755648028365
9.38,-2.31438591973e-12,0.000756086755147
9.382,-2.31438591973e-12,0.00075652548193
9.384,-2.31438591973e-12,0.000756964208712
9.386,-2.31438591973e-12,0.000757402935495
9.388,-2.31438591973e-12,0.000757841662277
9.39,-2.31438591973e-12,0.00075828038906
9.392,-2.31438591973e-12,0.000758719115842
9.394,-2.31438591973e-12,0.000759157842625
9.396,-2.31438591973e-12,0.000759596569408
9.398,-2.31438591973e-12,0.00076003529619
9.4,-2.31438591973e-12,0.000760474022973
9.402,-2.36067363812e-12,0.000760931612433
9.404,-2.40696135652e-12,0.000761389201893
9.406,-2.45324907491e-12,0.000761846791354
9.408,-2.49953679331e-12,0.000762304380814
9.41,-2.5458245117e-12,0.000762761970274
9.412,-2.5921122301e-12,0.000763219559735
9.414,-2.63839994849e-12,0.000763677149195
9.416,-2.68468766688e-12,0.000764134738655
9.418,-2.73097538528e-12,0.000764592328116
9.42,-2.77726310367e-12,0.000765049917576
9.422,-2.82355082207e-12,0.000765507507036
9.424,-2.86983854046e-12,0.000765965096497
9.426,-2.91612625886e-12,0.000766422685957
9.428,-2.96241397725e-12,0.000766880275417
9.43,-3.00870169565e-12,0.000767337864878
9.432,-3.05498941404e-12,0.000767795454338
9.434,-3.10127713244e-12,0.000768253043799
9.436,-3.14756485083e-12,0.000768710633259
9.438,-3.19385256922e-12,0.000769168222719
9.44,-3.24014028762e-12,0.00076962581218
9.442,-3.28642800601e-12,0.00077008340164
9.444,-3.33271572441e-12,0.0007705409911
9.446,-3.3790034428e-12,0.000770998580561
9.448,-3.4252911612e-12,0.000771456170021
9.45,-3.47157887959e-12,0.000771913759481
9.452,-3.51786659799e-12,0.000772371348942
9.454,-3.56415431638e-12,0.000772828938402
9.456,-3.61044203478e-12,0.000773286527862
9.458,-3.65672975317e-12,0.000773744117323
9.46,-3.70301747156e-12,0.000774201706783
9.462,-3.74930518996e-12,0.000774659296243
9.464,-3.79559290835e-12,0.000775116885704
9.466,-3.84188062675e-12,0.000775574475164
9.468,-3.88816834514e-12,0.000776032064624
9.47,-3.93445606354e-12,0.000776489654085
9.472,-3.98074378193e-12,0.000776947243545
9.474,-4.02703150033e-12,0.000777404833005
9.476,-4.07331921872e-12,0.000777862422466
9.478,-4.11960693712e-12,0.000778320011926
9.48,-4.16589465551e-12,0.000778777601386
9.482,-4.2121823739e-12,0.000779235190847
9.484,-4.2584700923e-12,0.000779692780307
9.486,-4.30475781069e-12,0.000780150369767
9.488,-4.35104552909e-12,0.000780607959228
9.49,-4.39733324748e-12,0.000781065548688
9.492,-4.44362096588e-12,0.000781523138148
9.494,-4.48990868427e-12,0.000781980727609
9.496,-4.53619640267e-12,0.000782438317069
9.498,-4.58248412106e-12,0.000782895906529
9.5,-4.62877183946e-12,0.00078335349599
9.502,-4.58248412106e-12,0.000783831831418
9.504,-4.53619640267e-12,0.000784310166846
9.506,-4.48990868427e-12,0.000784788502275
9.508,-4.44362096588e-12,0.000785266837703
9.51,-4.39733324748e-12,0.000785745173131
9.512,-4.35104552909e-12,0.00078622350856
9.514,-4.30475781069e-12,0.000786701843988
9.516,-4.2584700923e-12,0.000787180179417
9.518,-4.2121823739e-12,0.000787658514845
9.52,-4.16589465551e-12,0.000788136850273
9.522,-4.11960693712e-12,0.000788615185702
9.524,-4.07331921872e-12,0.00078909352113
9.526,-4.02703150033e-12,0.000789571856558
9.528,-3.98074378193e-12,0.000790050191987
9.53,-3.93445606354e-12,0.000790528527415
9.532,-3.88816834514e-12,0.000791006862843
9.534,-3.84188062675e-12,0.000791485198272
9.536,-3.79559290835e-12,0.0007919635337
9.538,-3.74930518996e-12,0.000792441869128
9.54,-3.70301747156e-12,0.000792920204557
9.542,-3.65672975317e-12,0.000793398539985
9.544,-3.61044203478e-12,0.000793876875413
9.546,-3.56415431638e-12,0.000794355210842
9.548,-3.51786659799e-12,0.00079483354627
9.55,-3.47157887959e-12,0.000795311881698
9.552,-3.4252911612e-12,0.000795790217127
9.554,-3.3790034428e-12,0.000796268552555
9.556,-3.33271572441e-12,0.000796746887983
9.558,-3.28642800601e-12,0.000797225223412
9.56,-3.24014028762e-12,0.00079770355884
9.562,-3.19385256922e-12,0.000798181894268
9.564,-3.14756485083e-12,0.000798660229697
9.566,-3.10127713244e-12,0.000799138565125
9.568,-3.05498941404e-12,0.000799616900553
9.57,-3.00870169565e-12,0.000800095235982
9.572,-2.96241397725e-12,0.00080057357141
9.574,-2.91612625886e-12,0.000801051906838
9.576,-2.86983854046e-12,0.000801530242267
9.578,-2.82355082207e-12,0.000802008577695
9.58,-2.77726310367e-12,0.000802486913123
9.582,-2.73097538528e-12,0.000802965248552
9.584,-2.68468766688e-12,0.00080344358398
9.586,-2.63839994849e-12,0.000803921919408
9.588,-2.5921122301e-12,0.000804400254837
9.59,-2.5458245117e-12,0.000804878590265
9.592,-2.49953679331e-12,0.000805356925694
9.594,-2.45324907491e-12,0.000805835261122
9.596,-2.40696135652e-12,0.00080631359655
9.598,-2.36067363812e-12,0.000806791931979
9.6,-2.31438591973e-12,0.000807270267407
9.602,-2.26809820133e-12,0.000807771537661
9.604,-2.22181048294e-12,0.000808272807915
9.606,-2.17552276454e-12,0.00080877407817
9.608,-2.12923504615e-12,0.000809275348424
9.61,-2.08294732775e-12,0.000809776618678
9.612,-2.03665960936e-12,0.000810277888932
9.614,-1.99037189097e-12,0.000810779159186
9.616,-1.94408417257e-12,0.000811280429441
9.618,-1.89779645418e-12,0.000811781699695
9.62,-1.85150873578e-12,0.000812282969949
9.622,-1.80522101739e-12,0.000812784240203
9.624,-1.75893329899e-12,0.000813285510458
9.626,-1.7126455806e-12,0.000813786780712
9.628,-1.6663578622e-12,0.000814288050966
9.63,-1.62007014381e-12,0.00081478932122
9.632,-1.57378242541e-12,0.000815290591474
9.634,-1.52749470702e-12,0.000815791861729
9.636,-1.48120698863e-12,0.000816293131983
9.638,-1.43491927023e-12,0.000816794402237
9.64,-1.38863155184e-12,0.000817295672491
9.642,-1.34234383344e-12,0.000817796942746
9.644,-1.29605611505e-12,0.000818298213
9.646,-1.24976839665e-12,0.000818799483254
9.648,-1.20348067826e-12,0.000819300753508
9.65,-1.15719295986e-12,0.000819802023762
9.652,-1.11090524147e-12,0.000820303294017
9.654,-1.06461752307e-12,0.000820804564271
9.656,-1.01832980468e-12,0.000821305834525
9.658,-9.72042086286e-13,0.000821807104779
9.66,-9.25754367891e-13,0.000822308375034
9.662,-8.79466649496e-13,0.000822809645288
9.664,-8.33178931102e-13,0.000823310915542
9.666,-7.86891212707e-13,0.000823812185796
9.668,-7.40603494313e-13,0.00082431345605
9.67,-6.94315775918e-13,0.000824814726305
9.672,-6.48028057524e-13,0.000825315996559
9.674,-6.01740339129e-13,0.000825817266813
9.676,-5.55452620735e-13,0.000826318537067
9.678,-5.0916490234e-13,0.000826819807321
9.68,-4.62877183945e-13,0.000827321077576
9.682,-4.16589465551e-13,0.00082782234783
9.684,-3.70301747156e-13,0.000828323618084
9.686,-3.24014028762e-13,0.000828824888338
9.688,-2.77726310367e-13,0.000829326158593
9.69,-2.31438591973e-13,0.000829827428847
9.692,-1.85150873578e-13,0.000830328699101
9.694,-1.38863155183e-13,0.000830829969355
9.696,-9.25754367889e-14,0.00083133123961
9.698,-4.62877183944e-14,0.000831832509864
9.7,-0,0.000832333780118
9.702,-0,0.000832860560273
9.704,-0,0.000833387340428
9.706,-0,0.000833914120583
9.708,-0,0.000834440900738
9.71,-0,0.000834967680893
9.712,-0,0.000835494461048
9.714,-0,0.000836021241204
9.716,-0,0.000836548021359
9.718,-0,0.000837074801514
9.72,-0,0.000837601581669
9.722,-0,0.000838128361824
9.724,-0,0.000838655141979
9.726,-0,0.000839181922134
9.728,-0,0.000839708702289
9.73,-0,0.000840235482444
9.732,-0,0.000840762262599
9.734,-0,0.000841289042754
9.736,-0,0.00084181582291
9.738,-0,0.000842342603065
9.74,-0,0.00084286938322
9.742,-0,0.000843396163375
9.744,-0,0.00084392294353
9.746,-0,0.000844449723685
9.748,-0,0.00084497650384
9.75,-0,0.000845503283995
9.752,-0,0.00084603006415
9.754,-0,0.000846556844305
9.756,-0,0.00084708362446
9.758,-0,0.000847610404615
9.76,-0,0.000848137184771
9.762,-0,0.000848663964926
9.764,-0,0.000849190745081
9.766,-0,0.000849717525236
9.768,-0,0.000850244305391
9.77,-0,0.000850771085546
9.772,-0,0.000851297865701
9.774,-0,0.000851824645856
9.776,-0,0.000852351426011
9.778,-0,0.000852878206166
9.78,-0,0.000853404986321
9.782,-0,0.000853931766477
9.784,-0,0.000854458546632
9.786,-0,0.000854985326787
9.788,-0,0.000855512106942
9.79,-0,0.000856038887097
9.792,-0,0.000856565667252
9.794,-0,0.000857092447407
9.796,-0,0.000857619227562
9.798,-0,0.000858146007717
9.8,-0,0.000858672787872
9.802,-0,0.000859228099761
9.804,-0,0.000859783411649
9.806,-0,0.000860338723538
9.808,-0,0.000860894035426
9.81,-0,0.000861449347314
9.812,-0,0.000862004659203
9.814,-0,0.000862559971091
9.816,-0,0.00086311528298
9.818,-0,0.000863670594868
9.82,-0,0.000864225906756
9.822,-0,0.000864781218645
9.824,-0,0.000865336530533
9.826,-0,0.000865891842422
9.828,-0,0.00086644715431
9.83,-0,0.000867002466199
9.832,-0,0.000867557778087
9.834,-0,0.000868113089975
9.836,-0,0.000868668401864
9.838,-0,0.000869223713752
9.84,-0,0.000869779025641
9.842,-0,0.000870334337529
9.844,-0,0.000870889649417
9.846,-0,0.000871444961306
9.848,-0,0.000872000273194
9.85,-0,0.000872555585083
9.852,-0,0.000873110896971
9.854,-0,0.00087366620886
9.856,-0,0.000874221520748
9.858,-0,0.000874776832636
9.86,-0,0.000875332144525
9.862,-0,0.000875887456413
9.864,-0,0.000876442768302
9.866,-0,0.00087699808019
9.868,-0,0.000877553392078
9.87,-0,0.000878108703967
9.872,-0,0.000878664015855
9.874,-0,0.000879219327744
9.876,-0,0.000879774639632
9.878,-0,0.00088032995152
9.88,-0,0.000880885263409
9.882,-0,0.000881440575297
9.884,-0,0.000881995887186
9.886,-0,0.000882551199074
9.888,-0,0.000883106510963
9.89,-0,0.000883661822851
9.892,-0,0.000884217134739
9.894,-0,0.000884772446628
9.896,-0,0.000885327758516
9.898,-0,0.000885883070405
9.9,-0,0.000886438382293
9.902,-0,0.000887025847638
9.904,-0,0.000887613312983
9.906,-0,0.000888200778327
9.908,-0,0.000888788243672
9.91,-0,0.000889375709017
9.912,-0,0.000889963174362
9.914,-0,0.000890550639706
9.916,-0,0.000891138105051
9.918,-0,0.000891725570396
9.92,-0,0.00089231303574
9.922,-0,0.000892900501085
9.924,-0,0.00089348796643
9.926,-0,0.000894075431775
9.928,-0,0.000894662897119
9.93,-0,0.000895250362464
9.932,-0,0.000895837827809
9.934,-0,0.000896425293154
9.936,-0,0.000897012758498
9.938,-0,0.000897600223843
9.94,-0,0.000898187689188
9.942,-0,0.000898775154533
9.944,-0,0.000899362619877
9.946,-0,0.000899950085222
9.948,-0,0.000900537550567
9.95,-0,0.000901125015912
9.952,-0,0.000901712481256
9.954,-0,0.000902299946601
9.956,-0,0.000902887411946
9.958,-0,0.000903474877291
9.96,-0,0.000904062342635
9.962,-0,0.00090464980798
9.964,-0,0.000905237273325
9.966,-0,0.00090582473867
9.968,-0,0.000906412204014
9.97,-0,0.000906999669359
9.972,-0,0.000907587134704
9.974,-0,0.000908174600049
9.976,-0,0.000908762065393
9.978,-0,0.000909349530738
9.98,-0,0.000909936996083
9.982,-0,0.000910524461428
9.984,-0,0.000911111926772
9.986,-0,0.000911699392117
9.988,-0,0.000912286857462
9.99,-0,0.000912874322807
9.992,-0,0.000913461788151
9.994,-0,0.000914049253496
9.996,-0,0.000914636718841
9.998,-0,0.000915224184186
10,-0,0.00091581164953
10.002,-0,0.000916435597795
10.004,-0,0.000917059546059
10.006,-0,0.000917683494323
10.008,-0,0.000918307442588
10.01,-0,0.000918931390852
10.012,-0,0.000919555339116
10.014,-0,0.000920179287381
10.016,-0,0.000920803235645
10.018,-0,0.000921427183909
10.02,-0,0.000922051132174
10.022,-0,0.000922675080438
10.024,-0,0.000923299028702
10.026,-0,0.000923922976967
10.028,-0,0.000924546925231
10.03,-0,0.000925170873496
10.032,-0,0.00092579482176
10.034,-0,0.000926418770024
10.036,-0,0.000927042718289
10.038,-0,0.000927666666553
10.04,-0,0.000928290614817
10.042,-0,0.000928914563082
10.044,-0,0.000929538511346
10.046,-0,0.00093016245961
10.048,-0,0.000930786407875
10.05,-0,0.000931410356139
10.052,-0,0.000932034304403
10.054,-0,0.000932658252668
10.056,-0,0.000933282200932
10.058,-0,0.000933906149196
10.06,-0,0.000934530097461
10.062,-0,0.000935154045725
10.064,-0,0.000935777993989
10.066,-0,0.000936401942254
10.068,-0,0.000937025890518
10.07,-0,0.000937649838782
10.072,-0,0.000938273787047
10.074,-0,0.000938897735311
10.076,-0,0.000939521683576
10.078,-0,0.00094014563184
10.08,-0,0.000940769580104
10.082,-0,0.000941393528369
10.084,-0,0.000942017476633
10.086,-0,0.000942641424897
10.088,-0,0.000943265373162
10.09,-0,0.000943889321426
10.092,-0,0.00094451326969
10.094,-0,0.000945137217955
10.096,-0,0.000945761166219
10.098,-0,0.000946385114483
10.1,-0,0.000947009062748
10.102,-0,0.000947674764864
10.104,-0,0.000948340466981
10.106,-0,0.000949006169097
10.108,-0,0.000949671871214
10.11,-0,0.00095033757333
10.112,-0,0.000951003275447
10.114,-0,0.000951668977563
10.116,-0,0.000952334679679
10.118,-0,0.000953000381796
10.12,-0,0.000953666083912
10.122,-0,0.000954331786029
10.124,-0,0.000954997488145
10.126,-0,0.000955663190262
10.128,-0,0.000956328892378
10.13,-0,0.000956994594495
10.132,-0,0.000957660296611
10.134,-0,0.000958325998728
10.136,-0,0.000958991700844
10.138,-0,0.000959657402961
10.14,-0,0.000960323105077
10.142,-0,0.000960988807194
10.144,-0,0.00096165450931
10.146,-0,0.000962320211427
10.148,-0,0.000962985913543
10.15,-0,0.000963651615659
10.152,-0,0.000964317317776
10.154,-0,0.000964983019892
10.156,-0,0.000965648722009
10.158,-0,0.000966314424125
10.16,-0,0.000966980126242
10.162,-0,0.000967645828358
10.164,-0,0.000968311530475
10.166,-0,0.000968977232591
10.168,-0,0.000969642934708
10.17,-0,0.000970308636824
10.172,-0,0.000970974338941
10.174,-0,0.000971640041057
10.176,-0,0.000972305743174
10.178,-0,0.00097297144529
10.18,-0,0.000973637147407
10.182,-0,0.000974302849523
10.184,-0,0.00097496855164
10.186,-0,0.000975634253756
10.188,-0,0.000976299955872
10.19,-0,0.000976965657989
10.192,-0,0.000977631360105
10.194,-0,0.000978297062222
10.196,-0,0.000978962764338
10.198,-0,0.000979628466455
10.2,-0,0.000980294168571
10.202,-0,0.000981008078071
10.204,-0,0.000981721987571
10.206,-0,0.000982435897071
10.208,-0,0.00098314980657
10.21,-0,0.00098386371607
10.212,-0,0.00098457762557
10.214,-0,0.00098529153507
10.216,-0,0.000986005444569
10.218,-0,0.000986719354069
10.22,-0,0.000987433263569
10.222,-0,0.000988147173069
10.224,-0,0.000988861082568
10.226,-0,0.000989574992068
10.228,-0,0.000990288901568
10.23,-0,0.000991002811068
10.232,-0,0.000991716720567
10.234,-0,0.000992430630067
10.236,-0,0.000993144539567
10.238,-0,0.000993858449067
10.24,-0,0.000994572358566
10.242,-0,0.000995286268066
10.244,-0,0.000996000177566
10.246,-0,0.000996714087066
10.248,-0,0.000997427996565
10.25,-0,0.000998141906065
10.252,-0,0.000998855815565
10.254,-0,0.000999569725065
10.256,-0,0.00100028363456
10.258,-0,0.00100099754406
10.26,-0,0.00100171145356
10.262,-0,0.00100242536306
10.264,-0,0.00100313927256
10.266,-0,0.00100385318206
10.268,-0,0.00100456709156
10.27,-0,0.00100528100106
10.272,-0,0.00100599491056
10.274,-0,0.00100670882006
10.276,-0,0.00100742272956
10.278,-0,0.00100813663906
10.28,-0,0.00100885054856
10.282,-0,0.00100956445806
10.284,-0,0.00101027836756
10.286,-0,0.00101099227706
10.288,-0,0.00101170618656
10.29,-0,0.00101242009606
10.292,-0,0.00101313400556
10.294,-0,0.00101384791506
10.296,-0,0.00101456182456
10.298,-0,0.00101527573406
10.3,-4.93341030902e-25,0.00101598964356
10.302,-1.38863155184e-13,0.00101675977497
10.304,-2.77726310368e-13,0.00101752990638
10.306,-4.16589465552e-13,0.00101830003779
10.308,-5.55452620735e-13,0.0010190701692
10.31,-6.94315775919e-13,0.00101984030061
10.312,-8.33178931103e-13,0.00102061043202
10.314,-9.72042086286e-13,0.00102138056343
10.316,-1.11090524147e-12,0.00102215069484
10.318,-1.24976839665e-12,0.00102292082625
10.32,-1.38863155184e-12,0.00102369095765
10.322,-1.52749470702e-12,0.00102446108906
10.324,-1.6663578622e-12,0.00102523122047
10.326,-1.80522101739e-12,0.00102600135188
10.328,-1.94408417257e-12,0.00102677148329
10.33,-2.08294732776e-12,0.0010275416147
10.332,-2.22181048294e-12,0.00102831174611
10.334,-2.36067363812e-12,0.00102908187752
10.336,-2.49953679331e-12,0.00102985200893
10.338,-2.63839994849e-12,0.00103062214034
10.34,-2.77726310367e-12,0.00103139227175
10.342,-2.91612625886e-12,0.00103216240316
10.344,-3.05498941404e-12,0.00103293253457
10.346,-3.19385256923e-12,0.00103370266598
10.348,-3.33271572441e-12,0.00103447279739
10.35,-3.47157887959e-12,0.0010352429288
10.352,-3.61044203478e-12,0.00103601306021
10.354,-3.74930518996e-12,0.00103678319162
10.356,-3.88816834514e-12,0.00103755332303
10.358,-4.02703150033e-12,0.00103832345444
10.36,-4.16589465551e-12,0.00103909358585
10.362,-4.30475781069e-12,0.00103986371726
10.364,-4.44362096588e-12,0.00104063384867
10.366,-4.58248412106e-12,0.00104140398008
10.368,-4.72134727625e-12,0.00104217411149
10.37,-4.86021043143e-12,0.00104294424289
10.372,-4.99907358661e-12,0.0010437143743
10.374,-5.1379367418e-12,0.00104448450571
10.376,-5.27679989698e-12,0.00104525463712
10.378,-5.41566305216e-12,0.00104602476853
10.38,-5.55452620735e-12,0.00104679489994
10.382,-5.69338936253e-12,0.00104756503135
10.384,-5.83225251771e-12,0.00104833516276
10.386,-5.9711156729e-12,0.00104910529417
10.388,-6.10997882808e-12,0.00104987542558
10.39,-6.24884198327e-12,0.00105064555699
10.392,-6.38770513845e-12,0.0010514156884
10.394,-6.52656829363e-12,0.00105218581981
10.396,-6.66543144882e-12,0.00105295595122
10.398,-6.804294604e-12,0.00105372608263
10.4,-6.94315775918e-12,0.00105449621404
10.402,-6.85058232239e-12,0.00105533265062
10.404,-6.75800688561e-12,0.00105616908721
10.406,-6.66543144882e-12,0.0010570055238
10.408,-6.57285601203e-12,0.00105784196038
10.41,-6.48028057524e-12,0.00105867839697
10.412,-6.38770513845e-12,0.00105951483356
10.414,-6.29512970166e-12,0.00106035127014
10.416,-6.20255426487e-12,0.00106118770673
10.418,-6.10997882808e-12,0.00106202414332
10.42,-6.01740339129e-12,0.0010628605799
10.422,-5.9248279545e-12,0.00106369701649
10.424,-5.83225251771e-12,0.00106453345307
10.426,-5.73967708092e-12,0.00106536988966
10.428,-5.64710164414e-12,0.00106620632625
10.43,-5.55452620735e-12,0.00106704276283
10.432,-5.46195077056e-12,0.00106787919942
10.434,-5.36937533377e-12,0.00106871563601
10.436,-5.27679989698e-12,0.00106955207259
10.438,-5.18422446019e-12,0.00107038850918
10.44,-5.0916490234e-12,0.00107122494577
10.442,-4.99907358661e-12,0.00107206138235
10.444,-4.90649814982e-12,0.00107289781894
10.446,-4.81392271303e-12,0.00107373425552
10.448,-4.72134727624e-12,0.00107457069211
10.45,-4.62877183946e-12,0.0010754071287
10.452,-4.53619640267e-12,0.00107624356528
10.454,-4.44362096588e-12,0.00107708000187
10.456,-4.35104552909e-12,0.00107791643846
10.458,-4.2584700923e-12,0.00107875287504
10.46,-4.16589465551e-12,0.00107958931163
10.462,-4.07331921872e-12,0.00108042574822
10.464,-3.98074378193e-12,0.0010812621848
10.466,-3.88816834514e-12,0.00108209862139
10.468,-3.79559290835e-12,0.00108293505797
10.47,-3.70301747156e-12,0.00108377149456
10.472,-3.61044203478e-12,0.00108460793115
10.474,-3.51786659799e-12,0.00108544436773
10.476,-3.4252911612e-12,0.00108628080432
10.478,-3.33271572441e-12,0.00108711724091
10.48,-3.24014028762e-12,0.00108795367749
10.482,-3.14756485083e-12,0.00108879011408
10.484,-3.05498941404e-12,0.00108962655067
10.486,-2.96241397725e-12,0.00109046298725
10.488,-2.86983854046e-12,0.00109129942384
10.49,-2.77726310367e-12,0.00109213586042
10.492,-2.68468766688e-12,0.00109297229701
10.494,-2.59211223009e-12,0.0010938087336
10.496,-2.49953679331e-12,0.00109464517018
10.498,-2.40696135652e-12,0.00109548160677
10.5,-2.31438591973e-12,0.00109631804336
10.502,-2.26809820133e-12,0.00109723367605
10.504,-2.22181048294e-12,0.00109814930875
10.506,-2.17552276454e-12,0.00109906494145
10.508,-2.12923504615e-12,0.00109998057414
10.51,-2.08294732775e-12,0.00110089620684
10.512,-2.03665960936e-12,0.00110181183954
10.514,-1.99037189097e-12,0.00110272747223
10.516,-1.94408417257e-12,0.00110364310493
10.518,-1.89779645418e-12,0.00110455873762
10.52,-1.85150873578e-12,0.00110547437032
10.522,-1.80522101739e-12,0.00110639000302
10.524,-1.75893329899e-12,0.00110730563571
10.526,-1.7126455806e-12,0.00110822126841
10.528,-1.6663578622e-12,0.00110913690111
10.53,-1.62007014381e-12,0.0011100525338
10.532,-1.57378242541e-12,0.0011109681665
10.534,-1.52749470702e-12,0.0011118837992
10.536,-1.48120698863e-12,0.00111279943189
10.538,-1.43491927023e-12,0.00111371506459
10.54,-1.38863155184e-12,0.00111463069729
10.542,-1.34234383344e-12,0.00111554632998
10.544,-1.29605611505e-12,0.00111646196268
10.546,-1.24976839665e-12,0.00111737759538
10.548,-1.20348067826e-12,0.00111829322807
10.55,-1.15719295986e-12,0.00111920886077
10.552,-1.11090524147e-12,0.00112012449346
10.554,-1.06461752307e-12,0.00112104012616
10.556,-1.01832980468e-12,0.00112195575886
10.558,-9.72042086286e-13,0.00112287139155
10.56,-9.25754367891e-13,0.00112378702425
10.562,-8.79466649496e-13,0.00112470265695
10.564,-8.33178931102e-13,0.00112561828964
10.566,-7.86891212707e-13,0.00112653392234
10.568,-7.40603494313e-13,0.00112744955504
10.57,-6.94315775918e-13,0.00112836518773
10.572,-6.48028057524e-13,0.00112928082043
10.574,-6.01740339129e-13,0.00113019645313
10.576,-5.55452620735e-13,0.00113111208582
10.578,-5.0916490234e-13,0.00113202771852
10.58,-4.62877183945e-13,0.00113294335121
10.582,-4.16589465551e-13,0.00113385898391
10.584,-3.70301747156e-13,0.00113477461661
10.586,-3.24014028762e-13,0.0011356902493
10.588,-2.77726310367e-13,0.001136605882
10.59,-2.31438591973e-13,0.0011375215147
10.592,-1.85150873578e-13,0.00113843714739
10.594,-1.38863155183e-13,0.00113935278009
10.596,-9.25754367889e-14,0.00114026841279
10.598,-4.62877183944e-14,0.00114118404548
10.6,-3.28894020602e-25,0.00114209967818
10.602,-9.25754367896e-14,0.00114311127941
10.604,-1.85150873579e-13,0.00114412288064
10.606,-2.77726310368e-13,0.00114513448187
10.608,-3.70301747157e-13,0.0011461460831
10.61,-4.62877183946e-13,0.00114715768433
10.612,-5.55452620735e-13,0.00114816928556
10.614,-6.48028057524e-13,0.00114918088679
10.616,-7.40603494313e-13,0.00115019248802
10.618,-8.33178931102e-13,0.00115120408925
10.62,-9.25754367892e-13,0.00115221569048
10.622,-1.01832980468e-12,0.00115322729171
10.624,-1.11090524147e-12,0.00115423889294
10.626,-1.20348067826e-12,0.00115525049418
10.628,-1.29605611505e-12,0.00115626209541
10.63,-1.38863155184e-12,0.00115727369664
10.632,-1.48120698863e-12,0.00115828529787
10.634,-1.57378242542e-12,0.0011592968991
10.636,-1.6663578622e-12,0.00116030850033
10.638,-1.75893329899e-12,0.00116132010156
10.64,-1.85150873578e-12,0.00116233170279
10.642,-1.94408417257e-12,0.00116334330402
10.644,-2.03665960936e-12,0.00116435490525
10.646,-2.12923504615e-12,0.00116536650648
10.648,-2.22181048294e-12,0.00116637810771
10.65,-2.31438591973e-12,0.00116738970894
10.652,-2.40696135652e-12,0.00116840131017
10.654,-2.49953679331e-12,0.0011694129114
10.656,-2.5921122301e-12,0.00117042451263
10.658,-2.68468766688e-12,0.00117143611386
10.66,-2.77726310367e-12,0.00117244771509
10.662,-2.86983854046e-12,0.00117345931632
10.664,-2.96241397725e-12,0.00117447091755
10.666,-3.05498941404e-12,0.00117548251878
10.668,-3.14756485083e-12,0.00117649412001
10.67,-3.24014028762e-12,0.00117750572124
10.672,-3.33271572441e-12,0.00117851732248
10.674,-3.4252911612e-12,0.00117952892371
10.676,-3.51786659799e-12,0.00118054052494
10.678,-3.61044203478e-12,0.00118155212617
10.68,-3.70301747157e-12,0.0011825637274
10.682,-3.79559290835e-12,0.00118357532863
10.684,-3.88816834514e-12,0.00118458692986
10.686,-3.98074378193e-12,0.00118559853109
10.688,-4.07331921872e-12,0.00118661013232
10.69,-4.16589465551e-12,0.00118762173355
10.692,-4.2584700923e-12,0.00118863333478
10.694,-4.35104552909e-12,0.00118964493601
10.696,-4.44362096588e-12,0.00119065653724
10.698,-4.53619640267e-12,0.00119166813847
10.7,-4.62877183946e-12,0.0011926797397
10.702,-4.53619640267e-12,0.00119380971693
10.704,-4.44362096588e-12,0.00119493969415
10.706,-4.35104552909e-12,0.00119606967138
10.708,-4.2584700923e-12,0.00119719964861
10.71,-4.16589465551e-12,0.00119832962583
10.712,-4.07331921872e-12,0.00119945960306
10.714,-3.98074378193e-12,0.00120058958029
10.716,-3.88816834514e-12,0.00120171955751
10.718,-3.79559290835e-12,0.00120284953474
10.72,-3.70301747156e-12,0.00120397951197
10.722,-3.61044203478e-12,0.00120510948919
10.724,-3.51786659799e-12,0.00120623946642
10.726,-3.4252911612e-12,0.00120736944365
10.728,-3.33271572441e-12,0.00120849942088
10.73,-3.24014028762e-12,0.0012096293981
10.732,-3.14756485083e-12,0.00121075937533
10.734,-3.05498941404e-12,0.00121188935256
10.736,-2.96241397725e-12,0.00121301932978
10.738,-2.86983854046e-12,0.00121414930701
10.74,-2.77726310367e-12,0.00121527928424
10.742,-2.68468766688e-12,0.00121640926146
10.744,-2.59211223009e-12,0.00121753923869
10.746,-2.49953679331e-12,0.00121866921592
10.748,-2.40696135652e-12,0.00121979919314
10.75,-2.31438591973e-12,0.00122092917037
10.752,-2.22181048294e-12,0.0012220591476
10.754,-2.12923504615e-12,0.00122318912482
10.756,-2.03665960936e-12,0.00122431910205
10.758,-1.94408417257e-12,0.00122544907928
10.76,-1.85150873578e-12,0.0012265790565
10.762,-1.75893329899e-12,0.00122770903373
10.764,-1.6663578622e-12,0.00122883901096
10.766,-1.57378242541e-12,0.00122996898818
10.768,-1.48120698863e-12,0.00123109896541
10.77,-1.38863155184e-12,0.00123222894264
10.772,-1.29605611505e-12,0.00123335891986
10.774,-1.20348067826e-12,0.00123448889709
10.776,-1.11090524147e-12,0.00123561887432
10.778,-1.01832980468e-12,0.00123674885154
10.78,-9.25754367891e-13,0.00123787882877
10.782,-8.33178931102e-13,0.001239008806
10.784,-7.40603494313e-13,0.00124013878322
10.786,-6.48028057523e-13,0.00124126876045
10.788,-5.55452620734e-13,0.00124239873768
10.79,-4.62877183945e-13,0.0012435287149
10.792,-3.70301747156e-13,0.00124465869213
10.794,-2.77726310367e-13,0.00124578866936
10.796,-1.85150873578e-13,0.00124691864658
10.798,-9.25754367887e-14,0.00124804862381
10.8,-3.28894020602e-25,0.00124917860104
10.802,-9.25754367895e-14,0.00125045710646
10.804,-1.85150873579e-13,0.00125173561189
10.806,-2.77726310368e-13,0.00125301411732
10.808,-3.70301747157e-13,0.00125429262275
10.81,-4.62877183946e-13,0.00125557112818
10.812,-5.55452620735e-13,0.00125684963361
10.814,-6.48028057524e-13,0.00125812813904
10.816,-7.40603494313e-13,0.00125940664446
10.818,-8.33178931102e-13,0.00126068514989
10.82,-9.25754367892e-13,0.00126196365532
10.822,-1.01832980468e-12,0.00126324216075
10.824,-1.11090524147e-12,0.00126452066618
10.826,-1.20348067826e-12,0.00126579917161
10.828,-1.29605611505e-12,0.00126707767703
10.83,-1.38863155184e-12,0.00126835618246
10.832,-1.48120698863e-12,0.00126963468789
10.834,-1.57378242542e-12,0.00127091319332
10.836,-1.6663578622e-12,0.00127219169875
10.838,-1.75893329899e-12,0.00127347020418
10.84,-1.85150873578e-12,0.0012747487096
10.842,-1.94408417257e-12,0.00127602721503
10.844,-2.03665960936e-12,0.00127730572046
10.846,-2.12923504615e-12,0.00127858422589
10.848,-2.22181048294e-12,0.00127986273132
10.85,-2.31438591973e-12,0.00128114123675
10.852,-2.40696135652e-12,0.00128241974217
10.854,-2.49953679331e-12,0.0012836982476
10.856,-2.5921122301e-12,0.00128497675303
10.858,-2.68468766688e-12,0.00128625525846
10.86,-2.77726310367e-12,0.00128753376389
10.862,-2.86983854046e-12,0.00128881226932
10.864,-2.96241397725e-12,0.00129009077474
10.866,-3.05498941404e-12,0.00129136928017
10.868,-3.14756485083e-12,0.0012926477856
10.87,-3.24014028762e-12,0.00129392629103
10.872,-3.33271572441e-12,0.00129520479646
10.874,-3.4252911612e-12,0.00129648330189
10.876,-3.51786659799e-12,0.00129776180732
10.878,-3.61044203478e-12,0.00129904031274
10.88,-3.70301747157e-12,0.00130031881817
10.882,-3.79559290835e-12,0.0013015973236
10.884,-3.88816834514e-12,0.00130287582903
10.886,-3.98074378193e-12,0.00130415433446
10.888,-4.07331921872e-12,0.00130543283989
10.89,-4.16589465551e-12,0.00130671134531
10.892,-4.2584700923e-12,0.00130798985074
10.894,-4.35104552909e-12,0.00130926835617
10.896,-4.44362096588e-12,0.0013105468616
10.898,-4.53619640267e-12,0.00131182536703
10.9,-4.62877183946e-12,0.00131310387246
10.902,-4.53619640267e-12,0.00131457347224
10.904,-4.44362096588e-12,0.00131604307202
10.906,-4.35104552909e-12,0.0013175126718
10.908,-4.2584700923e-12,0.00131898227158
10.91,-4.16589465551e-12,0.00132045187136
10.912,-4.07331921872e-12,0.00132192147115
10.914,-3.98074378193e-12,0.00132339107093
10.916,-3.88816834514e-12,0.00132486067071
10.918,-3.79559290835e-12,0.00132633027049
10.92,-3.70301747156e-12,0.00132779987027
10.922,-3.61044203478e-12,0.00132926947005
10.924,-3.51786659799e-12,0.00133073906984
10.926,-3.4252911612e-12,0.00133220866962
10.928,-3.33271572441e-12,0.0013336782694
10.93,-3.24014028762e-12,0.00133514786918
10.932,-3.14756485083e-12,0.00133661746896
10.934,-3.05498941404e-12,0.00133808706874
10.936,-2.96241397725e-12,0.00133955666853
10.938,-2.86983854046e-12,0.00134102626831
10.94,-2.77726310367e-12,0.00134249586809
10.942,-2.68468766688e-12,0.00134396546787
10.944,-2.59211223009e-12,0.00134543506765
10.946,-2.49953679331e-12,0.00134690466743
10.948,-2.40696135652e-12,0.00134837426722
10.95,-2.31438591973e-12,0.001349843867
10.952,-2.22181048294e-12,0.00135131346678
10.954,-2.12923504615e-12,0.00135278306656
10.956,-2.03665960936e-12,0.00135425266634
10.958,-1.94408417257e-12,0.00135572226612
10.96,-1.85150873578e-12,0.0013571918659
10.962,-1.75893329899e-12,0.00135866146569
10.964,-1.6663578622e-12,0.00136013106547
10.966,-1.57378242541e-12,0.00136160066525
10.968,-1.48120698863e-12,0.00136307026503
10.97,-1.38863155184e-12,0.00136453986481
10.972,-1.29605611505e-12,0.00136600946459
10.974,-1.20348067826e-12,0.00136747906438
10.976,-1.11090524147e-12,0.00136894866416
10.978,-1.01832980468e-12,0.00137041826394
10.98,-9.25754367891e-13,0.00137188786372
10.982,-8.33178931102e-13,0.0013733574635
10.984,-7.40603494313e-13,0.00137482706328
10.986,-6.48028057523e-13,0.00137629666307
10.988,-5.55452620734e-13,0.00137776626285
10.99,-4.62877183945e-13,0.00137923586263
10.992,-3.70301747156e-13,0.00138070546241
10.994,-2.77726310367e-13,0.00138217506219
10.996,-1.85150873578e-13,0.00138364466197
10.998,-9.25754367887e-14,0.00138511426176
11,-0,0.00138658386154
11.002,-0,0.00138830648338
11.004,-0,0.00139002910523
11.006,-0,0.00139175172707
11.008,-0,0.00139347434891
11.01,-0,0.00139519697076
11.012,-0,0.0013969195926
11.014,-0,0.00139864221444
11.016,-0,0.00140036483629
11.018,-0,0.00140208745813
11.02,-0,0.00140381007998
11.022,-0,0.00140553270182
11.024,-0,0.00140725532366
11.026,-0,0.00140897794551
11.028,-0,0.00141070056735
11.03,-0,0.0014124231892
11.032,-0,0.00141414581104
11.034,-0,0.00141586843288
11.036,-0,0.00141759105473
11.038,-0,0.00141931367657
11.04,-0,0.00142103629841
11.042,-0,0.00142275892026
11.044,-0,0.0014244815421
11.046,-0,0.00142620416395
11.048,-0,0.00142792678579
11.05,-0,0.00142964940763
11.052,-0,0.00143137202948
11.054,-0,0.00143309465132
11.056,-0,0.00143481727317
11.058,-0,0.00143653989501
11.06,-0,0.00143826251685
11.062,-0,0.0014399851387
11.064,-0,0.00144170776054
11.066,-0,0.00144343038238
11.068,-0,0.00144515300423
11.07,-0,0.00144687562607
11.072,-0,0.00144859824792
11.074,-0,0.00145032086976
11.076,-0,0.0014520434916
11.078,-0,0.00145376611345
11.08,-0,0.00145548873529
11.082,-0,0.00145721135714
11.084,-0,0.00145893397898
11.086,-0,0.00146065660082
11.088,-0,0.00146237922267
11.09,-0,0.00146410184451
11.092,-0,0.00146582446635
11.094,-0,0.0014675470882
11.096,-0,0.00146926971004
11.098,-0,0.00147099233189
11.1,-0,0.00147271495373
11.102,-0,0.00147478508775
11.104,-0,0.00147685522177
11.106,-0,0.00147892535579
11.108,-0,0.00148099548981
11.11,-0,0.00148306562383
11.112,-0,0.00148513575785
11.114,-0,0.00148720589187
11.116,-0,0.00148927602589
11.118,-0,0.00149134615991
11.12,-0,0.00149341629393
11.122,-0,0.00149548642795
11.124,-0,0.00149755656197
11.126,-0,0.00149962669599
11.128,-0,0.00150169683001
11.13,-0,0.00150376696403
11.132,-0,0.00150583709806
11.134,-0,0.00150790723208
11.136,-0,0.0015099773661
11.138,-0,0.00151204750012
11.14,-0,0.00151411763414
11.142,-0,0.00151618776816
11.144,-0,0.00151825790218
11.146,-0,0.0015203280362
11.148,-0,0.00152239817022
11.15,-0,0.00152446830424
11.152,-0,0.00152653843826
11.154,-0,0.00152860857228
11.156,-0,0.0015306787063
11.158,-0,0.00153274884032
11.16,-0,0.00153481897434
11.162,-0,0.00153688910836
11.164,-0,0.00153895924238
11.166,-0,0.0015410293764
11.168,-0,0.00154309951042
11.17,-0,0.00154516964444
11.172,-0,0.00154723977846
11.174,-0,0.00154930991248
11.176,-0,0.0015513800465
11.178,-0,0.00155345018052
11.18,-0,0.00155552031454
11.182,-0,0.00155759044856
11.184,-0,0.00155966058258
11.186,-0,0.0015617307166
11.188,-0,0.00156380085062
11.19,-0,0.00156587098464
11.192,-0,0.00156794111867
11.194,-0,0.00157001125269
11.196,-0,0.00157208138671
11.198,-0,0.00157415152073
11.2,-0,0.00157622165475
11.202,-0,0.00157879238957
11.204,-0,0.00158136312438
11.206,-0,0.0015839338592
11.208,-0,0.00158650459402
11.21,-0,0.00158907532884
11.212,-0,0.00159164606366
11.214,-0,0.00159421679848
11.216,-0,0.0015967875333
11.218,-0,0.00159935826812
11.22,-0,0.00160192900294
11.222,-0,0.00160449973775
11.224,-0,0.00160707047257
11.226,-0,0.00160964120739
11.228,-0,0.00161221194221
11.23,-0,0.00161478267703
11.232,-0,0.00161735341185
11.234,-0,0.00161992414667
11.236,-0,0.00162249488149
11.238,-0,0.00162506561631
11.24,-0,0.00162763635112
11.242,-0,0.00163020708594
11.244,-0,0.00163277782076
11.246,-0,0.00163534855558
11.248,-0,0.0016379192904
11.25,-0,0.00164049002522
11.252,-0,0.00164306076004
11.254,-0,0.00164563149486
11.256,-0,0.00164820222968
11.258,-0,0.00165077296449
11.26,-0,0.00165334369931
11.262,-0,0.00165591443413
11.264,-0,0.00165848516895
11.266,-0,0.00166105590377
11.268,-0,0.00166362663859
11.27,-0,0.00166619737341
11.272,-0,0.00166876810823
11.274,-0,0.00167133884305
11.276,-0,0.00167390957786
11.278,-0,0.00167648031268
11.28,-0,0.0016790510475
11.282,-0,0.00168162178232
11.284,-0,0.00168419251714
11.286,-0,0.00168676325196
11.288,-0,0.00168933398678
11.29,-0,0.0016919047216
11.292,-0,0.00169447545641
11.294,-0,0.00169704619123
11.296,-0,0.00169961692605
11.298,-0,0.00170218766087
11.3,-1.02779381438e-24,0.00170475839569
11.302,-2.31438591974e-13,0.00170810174691
11.304,-4.62877183947e-13,0.00171144509813
11.306,-6.94315775919e-13,0.00171478844934
11.308,-9.25754367892e-13,0.00171813180056
11.31,-1.15719295986e-12,0.00172147515178
11.312,-1.38863155184e-12,0.001724818503
11.314,-1.62007014381e-12,0.00172816185422
11.316,-1.85150873578e-12,0.00173150520543
11.318,-2.08294732776e-12,0.00173484855665
11.32,-2.31438591973e-12,0.00173819190787
11.322,-2.5458245117e-12,0.00174153525909
11.324,-2.77726310367e-12,0.0017448786103
11.326,-3.00870169565e-12,0.00174822196152
11.328,-3.24014028762e-12,0.00175156531274
11.33,-3.47157887959e-12,0.00175490866396
11.332,-3.70301747157e-12,0.00175825201518
11.334,-3.93445606354e-12,0.00176159536639
11.336,-4.16589465551e-12,0.00176493871761
11.338,-4.39733324748e-12,0.00176828206883
11.34,-4.62877183946e-12,0.00177162542005
11.342,-4.86021043143e-12,0.00177496877126
11.344,-5.0916490234e-12,0.00177831212248
11.346,-5.32308761538e-12,0.0017816554737
11.348,-5.55452620735e-12,0.00178499882492
11.35,-5.78596479932e-12,0.00178834217614
11.352,-6.01740339129e-12,0.00179168552735
11.354,-6.24884198327e-12,0.00179502887857
11.356,-6.48028057524e-12,0.00179837222979
11.358,-6.71171916721e-12,0.00180171558101
11.36,-6.94315775918e-12,0.00180505893222
11.362,-7.17459635116e-12,0.00180840228344
11.364,-7.40603494313e-12,0.00181174563466
11.366,-7.6374735351e-12,0.00181508898588
11.368,-7.86891212708e-12,0.0018184323371
11.37,-8.10035071905e-12,0.00182177568831
11.372,-8.33178931102e-12,0.00182511903953
11.374,-8.56322790299e-12,0.00182846239075
11.376,-8.79466649497e-12,0.00183180574197
11.378,-9.02610508694e-12,0.00183514909318
11.38,-9.25754367891e-12,0.0018384924444
11.382,-9.48898227089e-12,0.00184183579562
11.384,-9.72042086286e-12,0.00184517914684
11.386,-9.95185945483e-12,0.00184852249806
11.388,-1.01832980468e-11,0.00185186584927
11.39,-1.04147366388e-11,0.00185520920049
11.392,-1.06461752307e-11,0.00185855255171
11.394,-1.08776138227e-11,0.00186189590293
11.396,-1.11090524147e-11,0.00186523925414
11.398,-1.13404910067e-11,0.00186858260536
11.4,-1.15719295986e-11,0.00187192595658
11.402,-1.14330664435e-11,0.00187659017685
11.404,-1.12942032883e-11,0.00188125439713
11.406,-1.11553401331e-11,0.0018859186174
11.408,-1.10164769779e-11,0.00189058283767
11.41,-1.08776138227e-11,0.00189524705795
11.412,-1.07387506675e-11,0.00189991127822
11.414,-1.05998875124e-11,0.0019045754985
11.416,-1.04610243572e-11,0.00190923971877
11.418,-1.0322161202e-11,0.00191390393904
11.42,-1.01832980468e-11,0.00191856815932
11.422,-1.00444348916e-11,0.00192323237959
11.424,-9.90557173643e-12,0.00192789659986
11.426,-9.76670858125e-12,0.00193256082014
11.428,-9.62784542607e-12,0.00193722504041
11.43,-9.48898227088e-12,0.00194188926068
11.432,-9.3501191157e-12,0.00194655348096
11.434,-9.21125596052e-12,0.00195121770123
11.436,-9.07239280533e-12,0.0019558819215
11.438,-8.93352965015e-12,0.00196054614178
11.44,-8.79466649497e-12,0.00196521036205
11.442,-8.65580333978e-12,0.00196987458233
11.444,-8.5169401846e-12,0.0019745388026
11.446,-8.37807702941e-12,0.00197920302287
11.448,-8.23921387423e-12,0.00198386724315
11.45,-8.10035071905e-12,0.00198853146342
11.452,-7.96148756386e-12,0.00199319568369
11.454,-7.82262440868e-12,0.00199785990397
11.456,-7.6837612535e-12,0.00200252412424
11.458,-7.54489809831e-12,0.00200718834451
11.46,-7.40603494313e-12,0.00201185256479
11.462,-7.26717178794e-12,0.00201651678506
11.464,-7.12830863276e-12,0.00202118100534
11.466,-6.98944547758e-12,0.00202584522561
11.468,-6.85058232239e-12,0.00203050944588
11.47,-6.71171916721e-12,0.00203517366616
11.472,-6.57285601203e-12,0.00203983788643
11.474,-6.43399285684e-12,0.0020445021067
11.476,-6.29512970166e-12,0.00204916632698
11.478,-6.15626654648e-12,0.00205383054725
11.48,-6.01740339129e-12,0.00205849476752
11.482,-5.87854023611e-12,0.0020631589878
11.484,-5.73967708092e-12,0.00206782320807
11.486,-5.60081392574e-12,0.00207248742834
11.488,-5.46195077056e-12,0.00207715164862
11.49,-5.32308761537e-12,0.00208181586889
11.492,-5.18422446019e-12,0.00208648008917
11.494,-5.04536130501e-12,0.00209114430944
11.496,-4.90649814982e-12,0.00209580852971
11.498,-4.76763499464e-12,0.00210047274999
11.5,-4.62877183946e-12,0.00210513697026
11.502,-4.67505955785e-12,0.00211253214058
11.504,-4.72134727625e-12,0.0021199273109
11.506,-4.76763499464e-12,0.00212732248123
11.508,-4.81392271303e-12,0.00213471765155
11.51,-4.86021043143e-12,0.00214211282187
11.512,-4.90649814982e-12,0.00214950799219
11.514,-4.95278586822e-12,0.00215690316252
11.516,-4.99907358661e-12,0.00216429833284
11.518,-5.04536130501e-12,0.00217169350316
11.52,-5.0916490234e-12,0.00217908867348
11.522,-5.1379367418e-12,0.00218648384381
11.524,-5.18422446019e-12,0.00219387901413
11.526,-5.23051217859e-12,0.00220127418445
11.528,-5.27679989698e-12,0.00220866935477
11.53,-5.32308761537e-12,0.0022160645251
11.532,-5.36937533377e-12,0.00222345969542
11.534,-5.41566305216e-12,0.00223085486574
11.536,-5.46195077056e-12,0.00223825003606
11.538,-5.50823848895e-12,0.00224564520639
11.54,-5.55452620735e-12,0.00225304037671
11.542,-5.60081392574e-12,0.00226043554703
11.544,-5.64710164414e-12,0.00226783071735
11.546,-5.69338936253e-12,0.00227522588767
11.548,-5.73967708093e-12,0.002282621058
11.55,-5.78596479932e-12,0.00229001622832
11.552,-5.83225251771e-12,0.00229741139864
11.554,-5.87854023611e-12,0.00230480656896
11.556,-5.9248279545e-12,0.00231220173929
11.558,-5.9711156729e-12,0.00231959690961
11.56,-6.01740339129e-12,0.00232699207993
11.562,-6.06369110969e-12,0.00233438725025
11.564,-6.10997882808e-12,0.00234178242058
11.566,-6.15626654648e-12,0.0023491775909
11.568,-6.20255426487e-12,0.00235657276122
11.57,-6.24884198327e-12,0.00236396793154
11.572,-6.29512970166e-12,0.00237136310187
11.574,-6.34141742005e-12,0.00237875827219
11.576,-6.38770513845e-12,0.00238615344251
11.578,-6.43399285684e-12,0.00239354861283
11.58,-6.48028057524e-12,0.00240094378316
11.582,-6.52656829363e-12,0.00240833895348
11.584,-6.57285601203e-12,0.0024157341238
11.586,-6.61914373042e-12,0.00242312929412
11.588,-6.66543144882e-12,0.00243052446445
11.59,-6.71171916721e-12,0.00243791963477
11.592,-6.75800688561e-12,0.00244531480509
11.594,-6.804294604e-12,0.00245270997541
11.596,-6.85058232239e-12,0.00246010514573
11.598,-6.89687004079e-12,0.00246750031606
11.6,-6.94315775918e-12,0.00247489548638
11.602,-7.31345950634e-12,0.00249215385611
11.604,-7.6837612535e-12,0.00250941222584
11.606,-8.05406300065e-12,0.00252667059557
11.608,-8.42436474781e-12,0.0025439289653
11.61,-8.79466649497e-12,0.00256118733503
11.612,-9.16496824212e-12,0.00257844570476
11.614,-9.53526998928e-12,0.00259570407449
11.616,-9.90557173644e-12,0.00261296244422
11.618,-1.02758734836e-11,0.00263022081395
11.62,-1.06461752308e-11,0.00264747918368
11.622,-1.10164769779e-11,0.00266473755341
11.624,-1.13867787251e-11,0.00268199592314
11.626,-1.17570804722e-11,0.00269925429287
11.628,-1.21273822194e-11,0.0027165126626
11.63,-1.24976839665e-11,0.00273377103233
11.632,-1.28679857137e-11,0.00275102940206
11.634,-1.32382874608e-11,0.00276828777179
11.636,-1.3608589208e-11,0.00278554614152
11.638,-1.39788909552e-11,0.00280280451125
11.64,-1.43491927023e-11,0.00282006288099
11.642,-1.47194944495e-11,0.00283732125072
11.644,-1.50897961966e-11,0.00285457962045
11.646,-1.54600979438e-11,0.00287183799018
11.648,-1.58303996909e-11,0.00288909635991
11.65,-1.62007014381e-11,0.00290635472964
11.652,-1.65710031853e-11,0.00292361309937
11.654,-1.69413049324e-11,0.0029408714691
11.656,-1.73116066796e-11,0.00295812983883
11.658,-1.76819084267e-11,0.00297538820856
11.66,-1.80522101739e-11,0.00299264657829
11.662,-1.8422511921e-11,0.00300990494802
11.664,-1.87928136682e-11,0.00302716331775
11.666,-1.91631154153e-11,0.00304442168748
11.668,-1.95334171625e-11,0.00306168005721
11.67,-1.99037189097e-11,0.00307893842694
11.672,-2.02740206568e-11,0.00309619679667
11.674,-2.0644322404e-11,0.0031134551664
11.676,-2.10146241511e-11,0.00313071353613
11.678,-2.13849258983e-11,0.00314797190586
11.68,-2.17552276454e-11,0.00316523027559
11.682,-2.21255293926e-11,0.00318248864532
11.684,-2.24958311398e-11,0.00319974701505
11.686,-2.28661328869e-11,0.00321700538478
11.688,-2.32364346341e-11,0.00323426375451
11.69,-2.36067363812e-11,0.00325152212424
11.692,-2.39770381284e-11,0.00326878049397
11.694,-2.43473398755e-11,0.0032860388637
11.696,-2.47176416227e-11,0.00330329723343
11.698,-2.50879433699e-11,0.00332055560316
11.7,-9.88601156988e-11,0.00333781397289
11.702,-13.7738598751,0.00334497012036
11.704,-27.5477197501,0.00335212626782
11.706,-41.3215796251,0.00335928241528
11.708,-55.0954395002,0.00336643856275
11.71,-68.8692993752,0.00337359471021
11.712,-82.6431592502,0.00338075085767
11.714,-96.4170191252,0.00338790700513
11.716,-110.190879,0.0033950631526
11.718,-123.964738875,0.00340221930006
11.72,-137.73859875,0.00340937544752
11.722,-151.512458625,0.00341653159499
11.724,-165.2863185,0.00342368774245
11.726,-179.060178375,0.00343084388991
11.728,-192.83403825,0.00343800003738
11.73,-206.607898125,0.00344515618484
11.732,-220.381758,0.0034523123323
11.734,-234.155617875,0.00345946847976
11.736,-247.92947775,0.00346662462723
11.738,-261.703337625,0.00347378077469
11.74,-275.4771975,0.00348093692215
11.742,-289.251057375,0.00348809306962
11.744,-303.02491725,0.00349524921708
11.746,-316.798777125,0.00350240536454
11.748,-330.572637,0.00350956151201
11.75,-344.346496875,0.00351671765947
11.752,-358.12035675,0.00352387380693
11.754,-371.894216626,0.00353102995439
11.756,-385.668076501,0.00353818610186
11.758,-399.441936376,0.00354534224932
11.76,-413.215796251,0.00355249839678
11.762,-426.989656126,0.00355965454425
11.764,-440.763516001,0.00356681069171
11.766,-454.537375876,0.00357396683917
11.768,-468.311235751,0.00358112298664
11.77,-482.085095626,0.0035882791341
11.772,-495.858955501,0.00359543528156
11.774,-509.632815376,0.00360259142902
11.776,-523.406675251,0.00360974757649
11.778,-537.180535126,0.00361690372395
11.78,-550.954395001,0.00362405987141
11.782,-564.728254876,0.00363121601888
11.784,-578.502114751,0.00363837216634
11.786,-592.275974626,0.0036455283138
11.788,-606.049834501,0.00365268446127
11.79,-619.823694376,0.00365984060873
11.792,-633.597554251,0.00366699675619
11.794,-647.371414126,0.00367415290366
11.796,-661.145274001,0.00368130905112
11.798,-674.919133876,0.00368846519858
11.8,-688.692993751,0.00369562134604
11.802,-694.464542126,0.00368060111607
11.804,-700.236090501,0.00366558088609
11.806,-706.007638876,0.00365056065612
11.808,-711.779187251,0.00363554042614
11.81,-717.550735627,0.00362052019617
11.812,-723.322284002,0.00360549996619
11.814,-729.093832377,0.00359047973622
11.816,-734.865380752,0.00357545950624
11.818,-740.636929127,0.00356043927627
11.82,-746.408477502,0.00354541904629
11.822,-752.180025878,0.00353039881631
11.824,-757.951574253,0.00351537858634
11.826,-763.723122628,0.00350035835636
11.828,-769.494671003,0.00348533812639
11.83,-775.266219378,0.00347031789641
11.832,-781.037767753,0.00345529766644
11.834,-786.809316129,0.00344027743646
11.836,-792.580864504,0.00342525720649
11.838,-798.352412879,0.00341023697651
11.84,-804.123961254,0.00339521674654
11.842,-809.895509629,0.00338019651656
11.844,-815.667058004,0.00336517628659
11.846,-821.43860638,0.00335015605661
11.848,-827.210154755,0.00333513582664
11.85,-832.98170313,0.00332011559666
11.852,-838.753251505,0.00330509536668
11.854,-844.52479988,0.00329007513671
11.856,-850.296348255,0.00327505490673
11.858,-856.067896631,0.00326003467676
11.86,-861.839445006,0.00324501444678
11.862,-867.610993381,0.00322999421681
11.864,-873.382541756,0.00321497398683
11.866,-879.154090131,0.00319995375686
11.868,-884.925638506,0.00318493352688
11.87,-890.697186882,0.00316991329691
11.872,-896.468735257,0.00315489306693
11.874,-902.240283632,0.00313987283696
11.876,-908.011832007,0.00312485260698
11.878,-913.783380382,0.003109832377
11.88,-919.554928757,0.00309481214703
11.882,-925.326477133,0.00307979191705
11.884,-931.098025508,0.00306477168708
11.886,-936.869573883,0.0030497514571
11.888,-942.641122258,0.00303473122713
11.89,-948.412670633,0.00301971099715
11.892,-954.184219008,0.00300469076718
11.894,-959.955767384,0.0029896705372
11.896,-965.727315759,0.00297465030723
11.898,-971.498864134,0.00295963007725
11.9,-977.270412509,0.00294460984728
11.902,-980.420862711,0.0029295896173
11.904,-983.571312913,0.00291456938733
11.906,-986.721763115,0.00289954915735
11.908,-989.872213317,0.00288452892737
11.91,-993.022663519,0.0028695086974
11.912,-996.173113721,0.00285448846742
11.914,-999.323563923,0.00283946823745
11.916,-1002.47401412,0.00282444800747
11.918,-1005.62446433,0.0028094277775
11.92,-1008.77491453,0.00279440754752
11.922,-1011.92536473,0.00277938731755
11.924,-1015.07581493,0.00276436708757
11.926,-1018.22626513,0.0027493468576
11.928,-1021.37671534,0.00273432662762
11.93,-1024.52716554,0.00271930639765
11.932,-1027.67761574,0.00270428616767
11.934,-1030.82806594,0.00268926593769
11.936,-1033.97851614,0.00267424570772
11.938,-1037.12896635,0.00265922547774
11.94,-1040.27941655,0.00264420524777
11.942,-1043.42986675,0.00262918501779
11.944,-1046.58031695,0.00261416478782
11.946,-1049.73076715,0.00259914455784
11.948,-1052.88121736,0.00258412432787
11.95,-1056.03166756,0.00256910409789
11.952,-1059.18211776,0.00255408386792
11.954,-1062.33256796,0.00253906363794
11.956,-1065.48301816,0.00252404340797
11.958,-1068.63346837,0.00250902317799
11.96,-1071.78391857,0.00249400294801
11.962,-1074.93436877,0.00247898271804
11.964,-1078.08481897,0.00246396248806
11.966,-1081.23526917,0.00244894225809
11.968,-1084.38571938,0.00243392202811
11.97,-1087.53616958,0.00241890179814
11.972,-1090.68661978,0.00240388156816
11.974,-1093.83706998,0.00238886133819
11.976,-1096.98752018,0.00237384110821
11.978,-1100.13797039,0.00235882087824
11.98,-1103.28842059,0.00234380064826
11.982,-1106.43887079,0.00232878041829
11.984,-1109.58932099,0.00231376018831
11.986,-1112.73977119,0.00229873995834
11.988,-1115.8902214,0.00228371972836
11.99,-1119.0406716,0.00226869949838
11.992,-1122.1911218,0.00225367926841
11.994,-1125.341572,0.00223865903843
11.996,-1128.4920222,0.00222363880846
11.998,-1131.64247241,0.00220861857848
12,-1134.79292261,0.00219359834851
12.002,-1136.36390409,0.00217857811853
12.004,-1137.93488558,0.00216355788856
12.006,-1139.50586707,0.00214853765858
12.008,-1141.07684856,0.00213351742861
12.01,-1142.64783004,0.00211849719863
12.012,-1144.21881153,0.00210347696866
12.014,-1145.78979302,0.00208845673868
12.016,-1147.3607745,0.0020734365087
12.018,-1148.93175599,0.00205841627873
12.02,-1150.50273748,0.00204339604875
12.022,-1152.07371896,0.00202837581878
12.024,-1153.64470045,0.0020133555888
12.026,-1155.21568194,0.00199833535883
12.028,-1156.78666343,0.00198331512885
12.03,-1158.35764491,0.00196829489888
12.032,-1159.9286264,0.0019532746689
12.034,-1161.49960789,0.00193825443893
12.036,-1163.07058937,0.00192323420895
12.038,-1164.64157086,0.00190821397898
12.04,-1166.21255235,0.001893193749
12.042,-1167.78353383,0.00187817351902
12.044,-1169.35451532,0.00186315328905
12.046,-1170.92549681,0.00184813305907
12.048,-1172.49647829,0.0018331128291
12.05,-1174.06745978,0.00181809259912
12.052,-1175.63844127,0.00180307236915
12.054,-1177.20942276,0.00178805213917
12.056,-1178.78040424,0.0017730319092
12.058,-1180.35138573,0.00175801167922
12.06,-1181.92236722,0.00174299144925
12.062,-1183.4933487,0.00172797121927
12.064,-1185.06433019,0.0017129509893
12.066,-1186.63531168,0.00169793075932
12.068,-1188.20629316,0.00168291052935
12.07,-1189.77727465,0.00166789029937
12.072,-1191.34825614,0.00165287006939
12.074,-1192.91923762,0.00163784983942
12.076,-1194.49021911,0.00162282960944
12.078,-1196.0612006,0.00160780937947
12.08,-1197.63218209,0.00159278914949
12.082,-1199.20316357,0.00157776891952
12.084,-1200.77414506,0.00156274868954
12.086,-1202.34512655,0.00154772845957
12.088,-1203.91610803,0.00153270822959
12.09,-1205.48708952,0.00151768799962
12.092,-1207.05807101,0.00150266776964
12.094,-1208.62905249,0.00148764753967
12.096,-1210.20003398,0.00147262730969
12.098,-1211.77101547,0.00145760707971
12.1,-1213.34199695,0.00144258684974
12.102,-1213.63757936,0.00142756661976
12.104,-1213.93316176,0.00141254638979
12.106,-1214.22874417,0.00139752615981
12.108,-1214.52432657,0.00138250592984
12.11,-1214.81990898,0.00136748569986
12.112,-1215.11549138,0.00135246546989
12.114,-1215.41107379,0.00133744523991
12.116,-1215.70665619,0.00132242500994
12.118,-1216.0022386,0.00130740477996
12.12,-1216.297821,0.00129238454999
12.122,-1216.59340341,0.00127736432001
12.124,-1216.88898582,0.00126234409003
12.126,-1217.18456822,0.00124732386006
12.128,-1217.48015063,0.00123230363008
12.13,-1217.77573303,0.00121728340011
12.132,-1218.07131544,0.00120226317013
12.134,-1218.36689784,0.00118724294016
12.136,-1218.66248025,0.00117222271018
12.138,-1218.95806265,0.00115720248021
12.14,-1219.25364506,0.00114218225023
12.142,-1219.54922746,0.00112716202026
12.144,-1219.84480987,0.00111214179028
12.146,-1220.14039227,0.00109712156031
12.148,-1220.43597468,0.00108210133033
12.15,-1220.73155708,0.00106708110036
12.152,-1221.02713949,0.00105206087038
12.154,-1221.32272189,0.0010370406404
12.156,-1221.6183043,0.00102202041043
12.158,-1221.9138867,0.00100700018045
12.16,-1222.20946911,0.000991979950478
12.162,-1222.50505151,0.000976959720503
12.164,-1222.80063392,0.000961939490528
12.166,-1223.09621632,0.000946919260552
12.168,-1223.39179873,0.000931899030577
12.17,-1223.68738113,0.000916878800601
12.172,-1223.98296354,0.000901858570626
12.174,-1224.27854594,0.000886838340651
12.176,-1224.57412835,0.000871818110675
12.178,-1224.86971075,0.0008567978807
12.18,-1225.16529316,0.000841777650725
12.182,-1225.46087556,0.000826757420749
12.184,-1225.75645797,0.000811737190774
12.186,-1226.05204037,0.000796716960799
12.188,-1226.34762278,0.000781696730823
12.19,-1226.64320518,0.000766676500848
12.192,-1226.93878759,0.000751656270872
12.194,-1227.23436999,0.000736636040897
12.196,-1227.5299524,0.000721615810922
12.198,-1227.8255348,0.000706595580946
12.2,-1228.12111721,0.000691575350971
12.202,-1227.18787404,0.000676555120996
12.204,-1226.25463088,0.00066153489102
12.206,-1225.32138772,0.000646514661045
12.208,-1224.38814455,0.00063149443107
12.21,-1223.45490139,0.000616474201094
12.212,-1222.52165822,0.000601453971119
12.214,-1221.58841506,0.000586433741143
12.216,-1220.6551719,0.000571413511168
12.218,-1219.72192873,0.000556393281193
12.22,-1218.78868557,0.000541373051217
12.222,-1217.8554424,0.000526352821242
12.224,-1216.92219924,0.000511332591267
12.226,-1215.98895608,0.000496312361291
12.228,-1215.05571291,0.000481292131316
12.23,-1214.12246975,0.00046627190134
12.232,-1213.18922659,0.000451251671365
12.234,-1212.25598342,0.00043623144139
12.236,-1211.32274026,0.000421211211414
12.238,-1210.38949709,0.000406190981439
12.24,-1209.45625393,0.000391170751464
12.242,-1208.52301077,0.000376150521488
12.244,-1207.5897676,0.000361130291513
12.246,-1206.65652444,0.000346110061538
12.248,-1205.72328127,0.000331089831562
12.25,-1204.79003811,0.000316069601587
12.252,-1203.85679495,0.000301049371611
12.254,-1202.92355178,0.000286029141636
12.256,-1201.99030862,0.000271008911661
12.258,-1201.05706545,0.000255988681685
12.26,-1200.12382229,0.00024096845171
12.262,-1199.19057913,0.000225948221735
12.264,-1198.25733596,0.000210927991759
12.266,-1197.3240928,0.000195907761784
12.268,-1196.39084964,0.000180887531809
12.27,-1195.45760647,0.000165867301833
12.272,-1194.52436331,0.000150847071858
12.274,-1193.59112014,0.000135826841882
12.276,-1192.65787698,0.000120806611907
12.278,-1191.72463382,0.000105786381932
12.28,-1190.79139065,9.07661519563e-05
12.282,-1189.85814749,7.5745921981e-05
12.284,-1188.92490432,6.07256920056e-05
12.286,-1187.99166116,4.57054620302e-05
12.288,-1187.058418,3.06852320549e-05
12.29,-1186.12517483,1.56650020795e-05
12.292,-1185.19193167,6.44772104152e-07
12.294,-1184.25868851,-1.43754578712e-05
12.296,-1183.32544534,-2.93956878466e-05
12.298,-1182.39220218,-4.44159178219e-05
12.3,-1181.45895901,-5.94361477973e-05
12.302,-1179.13465972,-7.44563777727e-05
12.304,-1176.81036043,-8.9476607748e-05
12.306,-1174.48606114,-0.000104496837723
12.308,-1172.16176185,-0.000119517067699
12.31,-1169.83746256,-0.000134537297674
12.312,-1167.51316327,-0.00014955752765
12.314,-1165.18886398,-0.000164577757625
12.316,-1162.86456469,-0.0001795979876
12.318,-1160.5402654,-0.000194618217576
12.32,-1158.21596611,-0.000209638447551
12.322,-1155.89166682,-0.000224658677526
12.324,-1153.56736753,-0.000239678907502
12.326,-1151.24306824,-0.000254699137477
12.328,-1148.91876895,-0.000269719367452
12.33,-1146.59446966,-0.000284739597428
12.332,-1144.27017037,-0.000299759827403
12.334,-1141.94587108,-0.000314780057379
12.336,-1139.62157179,-0.000329800287354
12.338,-1137.2972725,-0.000344820517329
12.34,-1134.97297321,-0.000359840747305
12.342,-1132.64867392,-0.00037486097728
12.344,-1130.32437463,-0.000389881207255
12.346,-1128.00007534,-0.000404901437231
12.348,-1125.67577605,-0.000419921667206
12.35,-1123.35147676,-0.000434941897181
12.352,-1121.02717747,-0.000449962127157
12.354,-1118.70287818,-0.000464982357132
12.356,-1116.37857889,-0.000480002587108
12.358,-1114.0542796,-0.000495022817083
12.36,-1111.72998031,-0.000510043047058
12.362,-1109.40568102,-0.000525063277034
12.364,-1107.08138173,-0.000540083507009
12.366,-1104.75708244,-0.000555103736984
12.368,-1102.43278315,-0.00057012396696
12.37,-1100.10848386,-0.000585144196935
12.372,-1097.78418457,-0.00060016442691
12.374,-1095.45988528,-0.000615184656886
12.376,-1093.13558599,-0.000630204886861
12.378,-1090.8112867,-0.000645225116837
12.38,-1088.48698741,-0.000660245346812
12.382,-1086.16268812,-0.000675265576787
12.384,-1083.83838883,-0.000690285806763
12.386,-1081.51408954,-0.000705306036738
12.388,-1079.18979025,-0.000720326266713
12.39,-1076.86549096,-0.000735346496689
12.392,-1074.54119167,-0.000750366726664
12.394,-1072.21689238,-0.000765386956639
12.396,-1069.89259309,-0.000780407186615
12.398,-1067.5682938,-0.00079542741659
12.4,-1065.24399451,-0.000810447646566
12.402,-1060.96672164,-0.000825467876541
12.404,-1056.68944876,-0.000840488106516
12.406,-1052.41217588,-0.000855508336492
12.408,-1048.134903,-0.000870528566467
12.41,-1043.85763013,-0.000885548796442
12.412,-1039.58035725,-0.000900569026418
12.414,-1035.30308437,-0.000915589256393
12.416,-1031.02581149,-0.000930609486368
12.418,-1026.74853861,-0.000945629716344
12.42,-1022.47126574,-0.000960649946319
12.422,-1018.19399286,-0.000975670176295
12.424,-1013.91671998,-0.00099069040627
12.426,-1009.6394471,-0.00100571063625
12.428,-1005.36217422,-0.00102073086622
12.43,-1001.08490135,-0.0010357510962
12.432,-996.807628468,-0.00105077132617
12.434,-992.53035559,-0.00106579155615
12.436,-988.253082712,-0.00108081178612
12.438,-983.975809834,-0.0010958320161
12.44,-979.698536956,-0.00111085224607
12.442,-975.421264078,-0.00112587247605
12.444,-971.1439912,-0.00114089270602
12.446,-966.866718322,-0.001155912936
12.448,-962.589445444,-0.00117093316597
12.45,-958.312172566,-0.00118595339595
12.452,-954.034899688,-0.00120097362593
12.454,-949.75762681,-0.0012159938559
12.456,-945.480353932,-0.00123101408588
12.458,-941.203081054,-0.00124603431585
12.46,-936.925808176,-0.00126105454583
12.462,-932.648535298,-0.0012760747758
12.464,-928.37126242,-0.00129109500578
12.466,-924.093989542,-0.00130611523575
12.468,-919.816716664,-0.00132113546573
12.47,-915.539443786,-0.0013361556957
12.472,-911.262170908,-0.00135117592568
12.474,-906.984898031,-0.00136619615565
12.476,-902.707625153,-0.00138121638563
12.478,-898.430352275,-0.0013962366156
12.48,-894.153079397,-0.00141125684558
12.482,-889.875806519,-0.00142627707556
12.484,-885.598533641,-0.00144129730553
12.486,-881.321260763,-0.00145631753551
12.488,-877.043987885,-0.00147133776548
12.49,-872.766715007,-0.00148635799546
12.492,-868.489442129,-0.00150137822543
12.494,-864.212169251,-0.00151639845541
12.496,-859.934896373,-0.00153141868538
12.498,-855.657623495,-0.00154643891536
12.5,-851.380350617,-0.00156145914533
12.502,-842.50133416,-0.00157647937531
12.504,-833.622317704,-0.00159149960528
12.506,-824.743301247,-0.00160651983526
12.508,-815.86428479,-0.00162154006524
12.51,-806.985268333,-0.00163656029521
12.512,-798.106251877,-0.00165158052519
12.514,-789.22723542,-0.00166660075516
12.516,-780.348218963,-0.00168162098514
12.518,-771.469202507,-0.00169664121511
12.52,-762.59018605,-0.00171166144509
12.522,-753.711169593,-0.00172668167506
12.524,-744.832153136,-0.00174170190504
12.526,-735.95313668,-0.00175672213501
12.528,-727.074120223,-0.00177174236499
12.53,-718.195103766,-0.00178676259496
12.532,-709.316087309,-0.00180178282494
12.534,-700.437070853,-0.00181680305491
12.536,-691.558054396,-0.00183182328489
12.538,-682.679037939,-0.00184684351487
12.54,-673.800021483,-0.00186186374484
12.542,-664.921005026,-0.00187688397482
12.544,-656.041988569,-0.00189190420479
12.546,-647.162972112,-0.00190692443477
12.548,-638.283955656,-0.00192194466474
12.55,-629.404939199,-0.00193696489472
12.552,-620.525922742,-0.00195198512469
12.554,-611.646906285,-0.00196700535467
12.556,-602.767889829,-0.00198202558464
12.558,-593.888873372,-0.00199704581462
12.56,-585.009856915,-0.00201206604459
12.562,-576.130840459,-0.00202708627457
12.564,-567.251824002,-0.00204210650455
12.566,-558.372807545,-0.00205712673452
12.568,-549.493791088,-0.0020721469645
12.57,-540.614774632,-0.00208716719447
12.572,-531.735758175,-0.00210218742445
12.574,-522.856741718,-0.00211720765442
12.576,-513.977725261,-0.0021322278844
12.578,-505.098708805,-0.00214724811437
12.58,-496.219692348,-0.00216226834435
12.582,-487.340675891,-0.00217728857432
12.584,-478.461659435,-0.0021923088043
12.586,-469.582642978,-0.00220732903427
12.588,-460.703626521,-0.00222234926425
12.59,-451.824610064,-0.00223736949423
12.592,-442.945593608,-0.0022523897242
12.594,-434.066577151,-0.00226740995418
12.596,-425.187560694,-0.00228243018415
12.598,-416.308544238,-0.00229745041413
12.6,-407.429527781,-0.0023124706441
12.602,-399.280937225,-0.00228594970782
12.604,-391.13234667,-0.00225942877154
12.606,-382.983756114,-0.00223290783526
12.608,-374.835165558,-0.00220638689898
12.61,-366.686575003,-0.0021798659627
12.612,-358.537984447,-0.00215334502642
12.614,-350.389393891,-0.00212682409015
12.616,-342.240803336,-0.00210030315387
12.618,-334.09221278,-0.00207378221759
12.62,-325.943622225,-0.00204726128131
12.622,-317.795031669,-0.00202074034503
12.624,-309.646441113,-0.00199421940875
12.626,-301.497850558,-0.00196769847247
12.628,-293.349260002,-0.00194117753619
12.63,-285.200669447,-0.00191465659991
12.632,-277.052078891,-0.00188813566363
12.634,-268.903488335,-0.00186161472735
12.636,-260.75489778,-0.00183509379107
12.638,-252.606307224,-0.00180857285479
12.64,-244.457716668,-0.00178205191851
12.642,-236.309126113,-0.00175553098223
12.644,-228.160535557,-0.00172901004595
12.646,-220.011945002,-0.00170248910967
12.648,-211.863354446,-0.00167596817339
12.65,-203.71476389,-0.00164944723711
12.652,-195.566173335,-0.00162292630084
12.654,-187.417582779,-0.00159640536456
12.656,-179.268992224,-0.00156988442828
12.658,-171.120401668,-0.001543363492
12.66,-162.971811112,-0.00151684255572
12.662,-154.823220557,-0.00149032161944
12.664,-146.674630001,-0.00146380068316
12.666,-138.526039445,-0.00143727974688
12.668,-130.37744889,-0.0014107588106
12.67,-122.228858334,-0.00138423787432
12.672,-114.080267779,-0.00135771693804
12.674,-105.931677223,-0.00133119600176
12.676,-97.7830866674,-0.00130467506548
12.678,-89.6344961117,-0.0012781541292
12.68,-81.4859055561,-0.00125163319292
12.682,-73.3373150005,-0.00122511225664
12.684,-65.1887244449,-0.00119859132036
12.686,-57.0401338893,-0.00117207038408
12.688,-48.8915433337,-0.0011455494478
12.69,-40.742952778,-0.00111902851152
12.692,-32.5943622224,-0.00109250757525
12.694,-24.4457716668,-0.00106598663897
12.696,-16.2971811112,-0.00103946570269
12.698,-8.14859055557,-0.00101294476641
12.7,-0,-0.000986423830127
12.702,-0,-0.000976230444094
12.704,-0,-0.00096603705806
12.706,-0,-0.000955843672026
12.708,-0,-0.000945650285992
12.71,-0,-0.000935456899958
12.712,-0,-0.000925263513924
12.714,-0,-0.00091507012789
12.716,-0,-0.000904876741857
12.718,-0,-0.000894683355823
12.72,-0,-0.000884489969789
12.722,-0,-0.000874296583755
12.724,-0,-0.000864103197721
12.726,-0,-0.000853909811687
12.728,-0,-0.000843716425653
12.73,-0,-0.000833523039619
12.732,-0,-0.000823329653586
12.734,-0,-0.000813136267552
12.736,-0,-0.000802942881518
12.738,-0,-0.000792749495484
12.74,-0,-0.00078255610945
12.742,-0,-0.000772362723416
12.744,-0,-0.000762169337382
12.746,-0,-0.000751975951349
12.748,-0,-0.000741782565315
12.75,-0,-0.000731589179281
12.752,-0,-0.000721395793247
12.754,-0,-0.000711202407213
12.756,-0,-0.000701009021179
12.758,-0,-0.000690815635145
12.76,-0,-0.000680622249112
12.762,-0,-0.000670428863078
12.764,-0,-0.000660235477044
12.766,-0,-0.00065004209101
12.768,-0,-0.000639848704976
12.77,-0,-0.000629655318942
12.772,-0,-0.000619461932908
12.774,-0,-0.000609268546874
12.776,-0,-0.000599075160841
12.778,-0,-0.000588881774807
12.78,-0,-0.000578688388773
12.782,-0,-0.000568495002739
12.784,-0,-0.000558301616705
12.786,-0,-0.000548108230671
12.788,-0,-0.000537914844637
12.79,-0,-0.000527721458604
12.792,-0,-0.00051752807257
12.794,-0,-0.000507334686536
12.796,-0,-0.000497141300502
12.798,-0,-0.000486947914468
12.8,-4.93341030902e-25,-0.000476754528434
12.802,-9.25754367896e-14,-0.000470995182457
12.804,-1.85150873579e-13,-0.00046523583648
12.806,-2.77726310368e-13,-0.000459476490502
12.808,-3.70301747157e-13,-0.000453717144525
12.81,-4.62877183946e-13,-0.000447957798548
12.812,-5.55452620735e-13,-0.00044219845257
12.814,-6.48028057524e-13,-0.000436439106593
12.816,-7.40603494313e-13,-0.000430679760616
12.818,-8.33178931102e-13,-0.000424920414638
12.82,-9.25754367892e-13,-0.000419161068661
12.822,-1.01832980468e-12,-0.000413401722684
12.824,-1.11090524147e-12,-0.000407642376706
12.826,-1.20348067826e-12,-0.000401883030729
12.828,-1.29605611505e-12,-0.000396123684752
12.83,-1.38863155184e-12,-0.000390364338774
12.832,-1.48120698863e-12,-0.000384604992797
12.834,-1.57378242542e-12,-0.00037884564682
12.836,-1.6663578622e-12,-0.000373086300843
12.838,-1.75893329899e-12,-0.000367326954865
12.84,-1.85150873578e-12,-0.000361567608888
12.842,-1.94408417257e-12,-0.000355808262911
12.844,-2.03665960936e-12,-0.000350048916933
12.846,-2.12923504615e-12,-0.000344289570956
12.848,-2.22181048294e-12,-0.000338530224979
12.85,-2.31438591973e-12,-0.000332770879001
12.852,-2.40696135652e-12,-0.000327011533024
12.854,-2.49953679331e-12,-0.000321252187047
12.856,-2.5921122301e-12,-0.000315492841069
12.858,-2.68468766688e-12,-0.000309733495092
12.86,-2.77726310367e-12,-0.000303974149115
12.862,-2.86983854046e-12,-0.000298214803137
12.864,-2.96241397725e-12,-0.00029245545716
12.866,-3.05498941404e-12,-0.000286696111183
12.868,-3.14756485083e-12,-0.000280936765205
12.87,-3.24014028762e-12,-0.000275177419228
12.872,-3.33271572441e-12,-0.000269418073251
12.874,-3.4252911612e-12,-0.000263658727273
12.876,-3.51786659799e-12,-0.000257899381296
12.878,-3.61044203478e-12,-0.000252140035319
12.88,-3.70301747157e-12,-0.000246380689342
12.882,-3.79559290835e-12,-0.000240621343364
12.884,-3.88816834514e-12,-0.000234861997387
12.886,-3.98074378193e-12,-0.00022910265141
12.888,-4.07331921872e-12,-0.000223343305432
12.89,-4.16589465551e-12,-0.000217583959455
12.892,-4.2584700923e-12,-0.000211824613478
12.894,-4.35104552909e-12,-0.0002060652675
12.896,-4.44362096588e-12,-0.000200305921523
12.898,-4.53619640267e-12,-0.000194546575546
12.9,-4.62877183946e-12,-0.000188787229568
12.902,-4.86021043143e-12,-0.00018483026481
12.904,-5.0916490234e-12,-0.000180873300051
12.906,-5.32308761538e-12,-0.000176916335292
12.908,-5.55452620735e-12,-0.000172959370534
12.91,-5.78596479932e-12,-0.000169002405775
12.912,-6.01740339129e-12,-0.000165045441016
12.914,-6.24884198327e-12,-0.000161088476258
12.916,-6.48028057524e-12,-0.000157131511499
12.918,-6.71171916721e-12,-0.00015317454674
12.92,-6.94315775918e-12,-0.000149217581982
12.922,-7.17459635116e-12,-0.000145260617223
12.924,-7.40603494313e-12,-0.000141303652464
12.926,-7.6374735351e-12,-0.000137346687706
12.928,-7.86891212708e-12,-0.000133389722947
12.93,-8.10035071905e-12,-0.000129432758188
12.932,-8.33178931102e-12,-0.00012547579343
12.934,-8.56322790299e-12,-0.000121518828671
12.936,-8.79466649497e-12,-0.000117561863912
12.938,-9.02610508694e-12,-0.000113604899154
12.94,-9.25754367891e-12,-0.000109647934395
12.942,-9.48898227089e-12,-0.000105690969636
12.944,-9.72042086286e-12,-0.000101734004878
12.946,-9.95185945483e-12,-9.77770401192e-05
12.948,-1.01832980468e-11,-9.38200753605e-05
12.95,-1.04147366388e-11,-8.98631106018e-05
12.952,-1.06461752307e-11,-8.59061458432e-05
12.954,-1.08776138227e-11,-8.19491810845e-05
12.956,-1.11090524147e-11,-7.79922163259e-05
12.958,-1.13404910067e-11,-7.40352515672e-05
12.96,-1.15719295986e-11,-7.00782868085e-05
12.962,-1.18033681906e-11,-6.61213220499e-05
12.964,-1.20348067826e-11,-6.21643572912e-05
12.966,-1.22662453746e-11,-5.82073925326e-05
12.968,-1.24976839665e-11,-5.42504277739e-05
12.97,-1.27291225585e-11,-5.02934630152e-05
12.972,-1.29605611505e-11,-4.63364982566e-05
12.974,-1.31919997425e-11,-4.23795334979e-05
12.976,-1.34234383344e-11,-3.84225687393e-05
12.978,-1.36548769264e-11,-3.44656039806e-05
12.98,-1.38863155184e-11,-3.05086392219e-05
12.982,-1.41177541103e-11,-2.65516744633e-05
12.984,-1.43491927023e-11,-2.25947097046e-05
12.986,-1.45806312943e-11,-1.8637744946e-05
12.988,-1.48120698863e-11,-1.46807801873e-05
12.99,-1.50435084782e-11,-1.07238154286e-05
12.992,-1.52749470702e-11,-6.76685066997e-06
12.994,-1.55063856622e-11,-2.80988591132e-06
12.996,-1.57378242542e-11,1.14707884734e-06
12.998,-1.59692628461e-11,5.10404360601e-06
13,-1.62007014381e-11,9.06100836465e-06
13.002,-1.62007014381e-11,1.20443213149e-05
13.004,-1.62007014381e-11,1.50276342652e-05
13.006,-1.62007014381e-11,1.80109472154e-05
13.008,-1.62007014381e-11,2.09942601657e-05
13.01,-1.62007014381e-11,2.39775731159e-05
13.012,-1.62007014381e-11,2.69608860662e-05
13.014,-1.62007014381e-11,2.99441990164e-05
13.016,-1.62007014381e-11,3.29275119667e-05
13.018,-1.62007014381e-11,3.5910824917e-05
13.02,-1.62007014381e-11,3.88941378672e-05
13.022,-1.62007014381e-11,4.18774508175e-05
13.024,-1.62007014381e-11,4.48607637677e-05
13.026,-1.62007014381e-11,4.7844076718e-05
13.028,-1.62007014381e-11,5.08273896682e-05
13.03,-1.62007014381e-11,5.38107026185e-05
13.032,-1.62007014381e-11,5.67940155687e-05
13.034,-1.62007014381e-11,5.9777328519e-05
13.036,-1.62007014381e-11,6.27606414693e-05
13.038,-1.62007014381e-11,6.57439544195e-05
13.04,-1.62007014381e-11,6.87272673698e-05
13.042,-1.62007014381e-11,7.171058032e-05
13.044,-1.62007014381e-11,7.46938932703e-05
13.046,-1.62007014381e-11,7.76772062206e-05
13.048,-1.62007014381e-11,8.06605191708e-05
13.05,-1.62007014381e-11,8.3643832121e-05
13.052,-1.62007014381e-11,8.66271450713e-05
13.054,-1.62007014381e-11,8.96104580216e-05
13.056,-1.62007014381e-11,9.25937709718e-05
13.058,-1.62007014381e-11,9.55770839221e-05
13.06,-1.62007014381e-11,9.85603968723e-05
13.062,-1.62007014381e-11,0.000101543709823
13.064,-1.62007014381e-11,0.000104527022773
13.066,-1.62007014381e-11,0.000107510335723
13.068,-1.62007014381e-11,0.000110493648673
13.07,-1.62007014381e-11,0.000113476961624
13.072,-1.62007014381e-11,0.000116460274574
13.074,-1.62007014381e-11,0.000119443587524
13.076,-1.62007014381e-11,0.000122426900474
13.078,-1.62007014381e-11,0.000125410213425
13.08,-1.62007014381e-11,0.000128393526375
13.082,-1.62007014381e-11,0.000131376839325
13.084,-1.62007014381e-11,0.000134360152275
13.086,-1.62007014381e-11,0.000137343465226
13.088,-1.62007014381e-11,0.000140326778176
13.09,-1.62007014381e-11,0.000143310091126
13.092,-1.62007014381e-11,0.000146293404076
13.094,-1.62007014381e-11,0.000149276717027
13.096,-1.62007014381e-11,0.000152260029977
13.098,-1.62007014381e-11,0.000155243342927
13.1,-1.62007014381e-11,0.000158226655877
13.102,-1.58766874093e-11,0.000160609186367
13.104,-1.55526733806e-11,0.000162991716856
13.106,-1.52286593518e-11,0.000165374247345
13.108,-1.4904645323e-11,0.000167756777835
13.11,-1.45806312943e-11,0.000170139308324
13.112,-1.42566172655e-11,0.000172521838813
13.114,-1.39326032368e-11,0.000174904369302
13.116,-1.3608589208e-11,0.000177286899792
13.118,-1.32845751792e-11,0.000179669430281
13.12,-1.29605611505e-11,0.00018205196077
13.122,-1.26365471217e-11,0.000184434491259
13.124,-1.2312533093e-11,0.000186817021749
13.126,-1.19885190642e-11,0.000189199552238
13.128,-1.16645050354e-11,0.000191582082727
13.13,-1.13404910067e-11,0.000193964613217
13.132,-1.10164769779e-11,0.000196347143706
13.134,-1.06924629491e-11,0.000198729674195
13.136,-1.03684489204e-11,0.000201112204684
13.138,-1.00444348916e-11,0.000203494735174
13.14,-9.72042086286e-12,0.000205877265663
13.142,-9.39640683409e-12,0.000208259796152
13.144,-9.07239280533e-12,0.000210642326641
13.146,-8.74837877657e-12,0.000213024857131
13.148,-8.42436474781e-12,0.00021540738762
13.15,-8.10035071905e-12,0.000217789918109
13.152,-7.77633669028e-12,0.000220172448599
13.154,-7.45232266152e-12,0.000222554979088
13.156,-7.12830863276e-12,0.000224937509577
13.158,-6.804294604e-12,0.000227320040066
13.16,-6.48028057524e-12,0.000229702570556
13.162,-6.15626654647e-12,0.000232085101045
13.164,-5.83225251771e-12,0.000234467631534
13.166,-5.50823848895e-12,0.000236850162023
13.168,-5.18422446019e-12,0.000239232692513
13.17,-4.86021043143e-12,0.000241615223002
13.172,-4.53619640266e-12,0.000243997753491
13.174,-4.2121823739e-12,0.000246380283981
13.176,-3.88816834514e-12,0.00024876281447
13.178,-3.56415431638e-12,0.000251145344959
13.18,-3.24014028762e-12,0.000253527875448
13.182,-2.91612625886e-12,0.000255910405938
13.184,-2.59211223009e-12,0.000258292936427
13.186,-2.26809820133e-12,0.000260675466916
13.188,-1.94408417257e-12,0.000263057997406
13.19,-1.62007014381e-12,0.000265440527895
13.192,-1.29605611505e-12,0.000267823058384
13.194,-9.72042086284e-13,0.000270205588873
13.196,-6.48028057522e-13,0.000272588119363
13.198,-3.2401402876e-13,0.000274970649852
13.2,-7.40011546354e-25,0.000277353180341
13.202,-1.38863155184e-13,0.00027933419513
13.204,-2.77726310368e-13,0.00028131520992
13.206,-4.16589465552e-13,0.000283296224709
13.208,-5.55452620735e-13,0.000285277239498
13.21,-6.94315775919e-13,0.000287258254288
13.212,-8.33178931103e-13,0.000289239269077
13.214,-9.72042086287e-13,0.000291220283866
13.216,-1.11090524147e-12,0.000293201298656
13.218,-1.24976839665e-12,0.000295182313445
13.22,-1.38863155184e-12,0.000297163328234
13.222,-1.52749470702e-12,0.000299144343024
13.224,-1.6663578622e-12,0.000301125357813
13.226,-1.80522101739e-12,0.000303106372603
13.228,-1.94408417257e-12,0.000305087387392
13.23,-2.08294732776e-12,0.000307068402181
13.232,-2.22181048294e-12,0.000309049416971
13.234,-2.36067363812e-12,0.00031103043176
13.236,-2.49953679331e-12,0.000313011446549
13.238,-2.63839994849e-12,0.000314992461339
13.24,-2.77726310367e-12,0.000316973476128
13.242,-2.91612625886e-12,0.000318954490917
13.244,-3.05498941404e-12,0.000320935505707
13.246,-3.19385256923e-12,0.000322916520496
13.248,-3.33271572441e-12,0.000324897535285
13.25,-3.47157887959e-12,0.000326878550075
13.252,-3.61044203478e-12,0.000328859564864
13.254,-3.74930518996e-12,0.000330840579653
13.256,-3.88816834514e-12,0.000332821594443
13.258,-4.02703150033e-12,0.000334802609232
13.26,-4.16589465551e-12,0.000336783624021
13.262,-4.30475781069e-12,0.000338764638811
13.264,-4.44362096588e-12,0.0003407456536
13.266,-4.58248412106e-12,0.000342726668389
13.268,-4.72134727625e-12,0.000344707683179
13.27,-4.86021043143e-12,0.000346688697968
13.272,-4.99907358661e-12,0.000348669712757
13.274,-5.1379367418e-12,0.000350650727547
13.276,-5.27679989698e-12,0.000352631742336
13.278,-5.41566305216e-12,0.000354612757125
13.28,-5.55452620735e-12,0.000356593771915
13.282,-5.69338936253e-12,0.000358574786704
13.284,-5.83225251772e-12,0.000360555801493
13.286,-5.9711156729e-12,0.000362536816283
13.288,-6.10997882808e-12,0.000364517831072
13.29,-6.24884198327e-12,0.000366498845861
13.292,-6.38770513845e-12,0.000368479860651
13.294,-6.52656829363e-12,0.00037046087544
13.296,-6.66543144882e-12,0.000372441890229
13.298,-6.804294604e-12,0.000374422905019
13.3,-6.94315775918e-12,0.000376403919808
13.302,-6.804294604e-12,0.000378101518318
13.304,-6.66543144882e-12,0.000379799116828
13.306,-6.52656829363e-12,0.000381496715337
13.308,-6.38770513845e-12,0.000383194313847
13.31,-6.24884198326e-12,0.000384891912357
13.312,-6.10997882808e-12,0.000386589510867
13.314,-5.9711156729e-12,0.000388287109377
13.316,-5.83225251771e-12,0.000389984707886
13.318,-5.69338936253e-12,0.000391682306396
13.32,-5.55452620735e-12,0.000393379904906
13.322,-5.41566305216e-12,0.000395077503416
13.324,-5.27679989698e-12,0.000396775101926
13.326,-5.1379367418e-12,0.000398472700436
13.328,-4.99907358661e-12,0.000400170298945
13.33,-4.86021043143e-12,0.000401867897455
13.332,-4.72134727624e-12,0.000403565495965
13.334,-4.58248412106e-12,0.000405263094475
13.336,-4.44362096588e-12,0.000406960692985
13.338,-4.30475781069e-12,0.000408658291495
13.34,-4.16589465551e-12,0.000410355890004
13.342,-4.02703150033e-12,0.000412053488514
13.344,-3.88816834514e-12,0.000413751087024
13.346,-3.74930518996e-12,0.000415448685534
13.348,-3.61044203477e-12,0.000417146284044
13.35,-3.47157887959e-12,0.000418843882553
13.352,-3.33271572441e-12,0.000420541481063
13.354,-3.19385256922e-12,0.000422239079573
13.356,-3.05498941404e-12,0.000423936678083
13.358,-2.91612625886e-12,0.000425634276593
13.36,-2.77726310367e-12,0.000427331875103
13.362,-2.63839994849e-12,0.000429029473612
13.364,-2.49953679331e-12,0.000430727072122
13.366,-2.36067363812e-12,0.000432424670632
13.368,-2.22181048294e-12,0.000434122269142
13.37,-2.08294732775e-12,0.000435819867652
13.372,-1.94408417257e-12,0.000437517466161
13.374,-1.80522101739e-12,0.000439215064671
13.376,-1.6663578622e-12,0.000440912663181
13.378,-1.52749470702e-12,0.000442610261691
13.38,-1.38863155184e-12,0.000444307860201
13.382,-1.24976839665e-12,0.000446005458711
13.384,-1.11090524147e-12,0.00044770305722
13.386,-9.72042086285e-13,0.00044940065573
13.388,-8.33178931101e-13,0.00045109825424
13.39,-6.94315775918e-13,0.00045279585275
13.392,-5.55452620734e-13,0.00045449345126
13.394,-4.1658946555e-13,0.000456191049769
13.396,-2.77726310367e-13,0.000457888648279
13.398,-1.38863155183e-13,0.000459586246789
13.4,-1.23335257726e-24,0.000461283845299
13.402,-2.31438591974e-13,0.000462773438487
13.404,-4.62877183947e-13,0.000464263031675
13.406,-6.9431577592e-13,0.000465752624863
13.408,-9.25754367892e-13,0.000467242218052
13.41,-1.15719295987e-12,0.00046873181124
13.412,-1.38863155184e-12,0.000470221404428
13.414,-1.62007014381e-12,0.000471710997616
13.416,-1.85150873578e-12,0.000473200590804
13.418,-2.08294732776e-12,0.000474690183992
13.42,-2.31438591973e-12,0.00047617977718
13.422,-2.5458245117e-12,0.000477669370369
13.424,-2.77726310367e-12,0.000479158963557
13.426,-3.00870169565e-12,0.000480648556745
13.428,-3.24014028762e-12,0.000482138149933
13.43,-3.47157887959e-12,0.000483627743121
13.432,-3.70301747157e-12,0.000485117336309
13.434,-3.93445606354e-12,0.000486606929498
13.436,-4.16589465551e-12,0.000488096522686
13.438,-4.39733324748e-12,0.000489586115874
13.44,-4.62877183946e-12,0.000491075709062
13.442,-4.86021043143e-12,0.00049256530225
13.444,-5.0916490234e-12,0.000494054895438
13.446,-5.32308761538e-12,0.000495544488627
13.448,-5.55452620735e-12,0.000497034081815
13.45,-5.78596479932e-12,0.000498523675003
13.452,-6.01740339129e-12,0.000500013268191
13.454,-6.24884198327e-12,0.000501502861379
13.456,-6.48028057524e-12,0.000502992454567
13.458,-6.71171916721e-12,0.000504482047756
13.46,-6.94315775918e-12,0.000505971640944
13.462,-7.17459635116e-12,0.000507461234132
13.464,-7.40603494313e-12,0.00050895082732
13.466,-7.6374735351e-12,0.000510440420508
13.468,-7.86891212708e-12,0.000511930013696
13.47,-8.10035071905e-12,0.000513419606885
13.472,-8.33178931102e-12,0.000514909200073
13.474,-8.56322790299e-12,0.000516398793261
13.476,-8.79466649497e-12,0.000517888386449
13.478,-9.02610508694e-12,0.000519377979637
13.48,-9.25754367891e-12,0.000520867572825
13.482,-9.48898227089e-12,0.000522357166014
13.484,-9.72042086286e-12,0.000523846759202
13.486,-9.95185945483e-12,0.00052533635239
13.488,-1.01832980468e-11,0.000526825945578
13.49,-1.04147366388e-11,0.000528315538766
13.492,-1.06461752307e-11,0.000529805131954
13.494,-1.08776138227e-11,0.000531294725143
13.496,-1.11090524147e-11,0.000532784318331
13.498,-1.13404910067e-11,0.000534273911519
13.5,-1.15719295986e-11,0.000535763504707
13.502,-1.13404910067e-11,0.000537095818634
13.504,-1.11090524147e-11,0.000538428132561
13.506,-1.08776138227e-11,0.000539760446487
13.508,-1.06461752307e-11,0.000541092760414
13.51,-1.04147366388e-11,0.000542425074341
13.512,-1.01832980468e-11,0.000543757388268
13.514,-9.95185945483e-12,0.000545089702195
13.516,-9.72042086286e-12,0.000546422016121
13.518,-9.48898227088e-12,0.000547754330048
13.52,-9.25754367891e-12,0.000549086643975
13.522,-9.02610508694e-12,0.000550418957902
13.524,-8.79466649496e-12,0.000551751271829
13.526,-8.56322790299e-12,0.000553083585755
13.528,-8.33178931102e-12,0.000554415899682
13.53,-8.10035071905e-12,0.000555748213609
13.532,-7.86891212707e-12,0.000557080527536
13.534,-7.6374735351e-12,0.000558412841463
13.536,-7.40603494313e-12,0.000559745155389
13.538,-7.17459635116e-12,0.000561077469316
13.54,-6.94315775918e-12,0.000562409783243
13.542,-6.71171916721e-12,0.00056374209717
13.544,-6.48028057524e-12,0.000565074411097
13.546,-6.24884198326e-12,0.000566406725023
13.548,-6.01740339129e-12,0.00056773903895
13.55,-5.78596479932e-12,0.000569071352877
13.552,-5.55452620735e-12,0.000570403666804
13.554,-5.32308761537e-12,0.000571735980731
13.556,-5.0916490234e-12,0.000573068294658
13.558,-4.86021043143e-12,0.000574400608584
13.56,-4.62877183945e-12,0.000575732922511
13.562,-4.39733324748e-12,0.000577065236438
13.564,-4.16589465551e-12,0.000578397550365
13.566,-3.93445606354e-12,0.000579729864292
13.568,-3.70301747156e-12,0.000581062178218
13.57,-3.47157887959e-12,0.000582394492145
13.572,-3.24014028762e-12,0.000583726806072
13.574,-3.00870169564e-12,0.000585059119999
13.576,-2.77726310367e-12,0.000586391433926
13.578,-2.5458245117e-12,0.000587723747852
13.58,-2.31438591973e-12,0.000589056061779
13.582,-2.08294732775e-12,0.000590388375706
13.584,-1.85150873578e-12,0.000591720689633
13.586,-1.62007014381e-12,0.00059305300356
13.588,-1.38863155184e-12,0.000594385317486
13.59,-1.15719295986e-12,0.000595717631413
13.592,-9.2575436789e-13,0.00059704994534
13.594,-6.94315775917e-13,0.000598382259267
13.596,-4.62877183944e-13,0.000599714573194
13.598,-2.31438591971e-13,0.00060104688712
13.6,-0,0.000602379201047
13.602,-0,0.00060358982747
13.604,-0,0.000604800453893
13.606,-0,0.000606011080316
13.608,-0,0.000607221706739
13.61,-0,0.000608432333162
13.612,-0,0.000609642959585
13.614,-0,0.000610853586008
13.616,-0,0.000612064212431
13.618,-0,0.000613274838854
13.62,-0,0.000614485465277
13.622,-0,0.0006156960917
13.624,-0,0.000616906718123
13.626,-0,0.000618117344546
13.628,-0,0.000619327970969
13.63,-0,0.000620538597392
13.632,-0,0.000621749223815
13.634,-0,0.000622959850238
13.636,-0,0.000624170476661
13.638,-0,0.000625381103084
13.64,-0,0.000626591729507
13.642,-0,0.00062780235593
13.644,-0,0.000629012982353
13.646,-0,0.000630223608776
13.648,-0,0.000631434235199
13.65,-0,0.000632644861622
13.652,-0,0.000633855488045
13.654,-0,0.000635066114468
13.656,-0,0.000636276740891
13.658,-0,0.000637487367314
13.66,-0,0.000638697993737
13.662,-0,0.00063990862016
13.664,-0,0.000641119246583
13.666,-0,0.000642329873006
13.668,-0,0.000643540499429
13.67,-0,0.000644751125852
13.672,-0,0.000645961752275
13.674,-0,0.000647172378698
13.676,-0,0.000648383005121
13.678,-0,0.000649593631544
13.68,-0,0.000650804257967
13.682,-0,0.00065201488439
13.684,-0,0.000653225510813
13.686,-0,0.000654436137236
13.688,-0,0.000655646763659
13.69,-0,0.000656857390082
13.692,-0,0.000658068016505
13.694,-0,0.000659278642928
13.696,-0,0.000660489269351
13.698,-0,0.000661699895774
13.7,-0,0.000662910522197
13.702,-0,0.000664025221418
13.704,-0,0.000665139920639
13.706,-0,0.00066625461986
13.708,-0,0.000667369319081
13.71,-0,0.000668484018302
13.712,-0,0.000669598717524
13.714,-0,0.000670713416745
13.716,-0,0.000671828115966
13.718,-0,0.000672942815187
13.72,-0,0.000674057514408
13.722,-0,0.000675172213629
13.724,-0,0.00067628691285
13.726,-0,0.000677401612071
13.728,-0,0.000678516311292
13.73,-0,0.000679631010513
13.732,-0,0.000680745709734
13.734,-0,0.000681860408955
13.736,-0,0.000682975108176
13.738,-0,0.000684089807397
13.74,-0,0.000685204506618
13.742,-0,0.000686319205839
13.744,-0,0.00068743390506
13.746,-0,0.000688548604281
13.748,-0,0.000689663303502
13.75,-0,0.000690778002723
13.752,-0,0.000691892701944
13.754,-0,0.000693007401165
13.756,-0,0.000694122100386
13.758,-0,0.000695236799607
13.76,-0,0.000696351498828
13.762,-0,0.000697466198049
13.764,-0,0.000698580897271
13.766,-0,0.000699695596492
13.768,-0,0.000700810295713
13.77,-0,0.000701924994934
13.772,-0,0.000703039694155
13.774,-0,0.000704154393376
13.776,-0,0.000705269092597
13.778,-0,0.000706383791818
13.78,-0,0.000707498491039
13.782,-0,0.00070861319026
13.784,-0,0.000709727889481
13.786,-0,0.000710842588702
13.788,-0,0.000711957287923
13.79,-0,0.000713071987144
13.792,-0,0.000714186686365
13.794,-0,0.000715301385586
13.796,-0,0.000716416084807
13.798,-0,0.000717530784028
13.8,-2.46670515451e-25,0.000718645483249
13.802,-4.62877183948e-14,0.000719683455404
13.804,-9.25754367894e-14,0.000720721427558
13.806,-1.38863155184e-13,0.000721759399713
13.808,-1.85150873578e-13,0.000722797371867
13.81,-2.31438591973e-13,0.000723835344022
13.812,-2.77726310368e-13,0.000724873316177
13.814,-3.24014028762e-13,0.000725911288331
13.816,-3.70301747157e-13,0.000726949260486
13.818,-4.16589465551e-13,0.00072798723264
13.82,-4.62877183946e-13,0.000729025204795
13.822,-5.0916490234e-13,0.000730063176949
13.824,-5.55452620735e-13,0.000731101149104
13.826,-6.01740339129e-13,0.000732139121258
13.828,-6.48028057524e-13,0.000733177093413
13.83,-6.94315775919e-13,0.000734215065568
13.832,-7.40603494313e-13,0.000735253037722
13.834,-7.86891212708e-13,0.000736291009877
13.836,-8.33178931102e-13,0.000737328982031
13.838,-8.79466649497e-13,0.000738366954186
13.84,-9.25754367891e-13,0.00073940492634
13.842,-9.72042086286e-13,0.000740442898495
13.844,-1.01832980468e-12,0.00074148087065
13.846,-1.06461752308e-12,0.000742518842804
13.848,-1.11090524147e-12,0.000743556814959
13.85,-1.15719295986e-12,0.000744594787113
13.852,-1.20348067826e-12,0.000745632759268
13.854,-1.24976839665e-12,0.000746670731422
13.856,-1.29605611505e-12,0.000747708703577
13.858,-1.34234383344e-12,0.000748746675731
13.86,-1.38863155184e-12,0.000749784647886
13.862,-1.43491927023e-12,0.000750822620041
13.864,-1.48120698863e-12,0.000751860592195
13.866,-1.52749470702e-12,0.00075289856435
13.868,-1.57378242542e-12,0.000753936536504
13.87,-1.62007014381e-12,0.000754974508659
13.872,-1.6663578622e-12,0.000756012480813
13.874,-1.7126455806e-12,0.000757050452968
13.876,-1.75893329899e-12,0.000758088425123
13.878,-1.80522101739e-12,0.000759126397277
13.88,-1.85150873578e-12,0.000760164369432
13.882,-1.89779645418e-12,0.000761202341586
13.884,-1.94408417257e-12,0.000762240313741
13.886,-1.99037189097e-12,0.000763278285895
13.888,-2.03665960936e-12,0.00076431625805
13.89,-2.08294732776e-12,0.000765354230204
13.892,-2.12923504615e-12,0.000766392202359
13.894,-2.17552276454e-12,0.000767430174514
13.896,-2.22181048294e-12,0.000768468146668
13.898,-2.26809820133e-12,0.000769506118823
13.9,-2.31438591973e-12,0.000770544090977
13.902,-2.26809820133e-12,0.000771519951187
13.904,-2.22181048294e-12,0.000772495811397
13.906,-2.17552276454e-12,0.000773471671607
13.908,-2.12923504615e-12,0.000774447531817
13.91,-2.08294732775e-12,0.000775423392027
13.912,-2.03665960936e-12,0.000776399252237
13.914,-1.99037189097e-12,0.000777375112447
13.916,-1.94408417257e-12,0.000778350972657
13.918,-1.89779645418e-12,0.000779326832867
13.92,-1.85150873578e-12,0.000780302693077
13.922,-1.80522101739e-12,0.000781278553287
13.924,-1.75893329899e-12,0.000782254413497
13.926,-1.7126455806e-12,0.000783230273707
13.928,-1.6663578622e-12,0.000784206133917
13.93,-1.62007014381e-12,0.000785181994127
13.932,-1.57378242541e-12,0.000786157854337
13.934,-1.52749470702e-12,0.000787133714547
13.936,-1.48120698863e-12,0.000788109574757
13.938,-1.43491927023e-12,0.000789085434967
13.94,-1.38863155184e-12,0.000790061295177
13.942,-1.34234383344e-12,0.000791037155386
13.944,-1.29605611505e-12,0.000792013015596
13.946,-1.24976839665e-12,0.000792988875806
13.948,-1.20348067826e-12,0.000793964736016
13.95,-1.15719295986e-12,0.000794940596226
13.952,-1.11090524147e-12,0.000795916456436
13.954,-1.06461752307e-12,0.000796892316646
13.956,-1.01832980468e-12,0.000797868176856
13.958,-9.72042086285e-13,0.000798844037066
13.96,-9.25754367891e-13,0.000799819897276
13.962,-8.79466649496e-13,0.000800795757486
13.964,-8.33178931102e-13,0.000801771617696
13.966,-7.86891212707e-13,0.000802747477906
13.968,-7.40603494313e-13,0.000803723338116
13.97,-6.94315775918e-13,0.000804699198326
13.972,-6.48028057524e-13,0.000805675058536
13.974,-6.01740339129e-13,0.000806650918746
13.976,-5.55452620734e-13,0.000807626778956
13.978,-5.0916490234e-13,0.000808602639166
13.98,-4.62877183945e-13,0.000809578499376
13.982,-4.16589465551e-13,0.000810554359586
13.984,-3.70301747156e-13,0.000811530219796
13.986,-3.24014028762e-13,0.000812506080006
13.988,-2.77726310367e-13,0.000813481940216
13.99,-2.31438591973e-13,0.000814457800426
13.992,-1.85150873578e-13,0.000815433660636
13.994,-1.38863155183e-13,0.000816409520846
13.996,-9.25754367889e-14,0.000817385381055
13.998,-4.62877183943e-14,0.000818361241265
14,-0,0.000819337101475
14.002,-0,0.000820241295131
14.004,-0,0.000821145488787
14.006,-0,0.000822049682443
14.008,-0,0.000822953876099
14.01,-0,0.000823858069755
14.012,-0,0.00082476226341
14.014,-0,0.000825666457066
14.016,-0,0.000826570650722
14.018,-0,0.000827474844378
14.02,-0,0.000828379038034
14.022,-0,0.000829283231689
14.024,-0,0.000830187425345
14.026,-0,0.000831091619001
14.028,-0,0.000831995812657
14.03,-0,0.000832900006313
14.032,-0,0.000833804199969
14.034,-0,0.000834708393624
14.036,-0,0.00083561258728
14.038,-0,0.000836516780936
14.04,-0,0.000837420974592
14.042,-0,0.000838325168248
14.044,-0,0.000839229361903
14.046,-0,0.000840133555559
14.048,-0,0.000841037749215
14.05,-0,0.000841941942871
14.052,-0,0.000842846136527
14.054,-0,0.000843750330183
14.056,-0,0.000844654523838
14.058,-0,0.000845558717494
14.06,-0,0.00084646291115
14.062,-0,0.000847367104806
14.064,-0,0.000848271298462
14.066,-0,0.000849175492117
14.068,-0,0.000850079685773
14.07,-0,0.000850983879429
14.072,-0,0.000851888073085
14.074,-0,0.000852792266741
14.076,-0,0.000853696460397
14.078,-0,0.000854600654052
14.08,-0,0.000855504847708
14.082,-0,0.000856409041364
14.084,-0,0.00085731323502
14.086,-0,0.000858217428676
14.088,-0,0.000859121622332
14.09,-0,0.000860025815987
14.092,-0,0.000860930009643
14.094,-0,0.000861834203299
14.096,-0,0.000862738396955
14.098,-0,0.000863642590611
14.1,-0,0.000864546784266
14.102,-0,0.000865450977922
14.104,-0,0.000866355171578
14.106,-0,0.000867259365234
14.108,-0,0.00086816355889
14.11,-0,0.000869067752546
14.112,-0,0.000869971946201
14.114,-0,0.000870876139857
14.116,-0,0.000871780333513
14.118,-0,0.000872684527169
14.12,-0,0.000873588720825
14.122,-0,0.00087449291448
14.124,-0,0.000875397108136
14.126,-0,0.000876301301792
14.128,-0,0.000877205495448
14.13,-0,0.000878109689104
14.132,-0,0.00087901388276
14.134,-0,0.000879918076415
14.136,-0,0.000880822270071
14.138,-0,0.000881726463727
14.14,-0,0.000882630657383
14.142,-0,0.000883534851039
14.144,-0,0.000884439044694
14.146,-0,0.00088534323835
14.148,-0,0.000886247432006
14.15,-0,0.000887151625662
14.152,-0,0.000888055819318
14.154,-0,0.000888960012974
14.156,-0,0.000889864206629
14.158,-0,0.000890768400285
14.16,-0,0.000891672593941
14.162,-0,0.000892576787597
14.164,-0,0.000893480981253
14.166,-0,0.000894385174909
14.168,-0,0.000895289368564
14.17,-0,0.00089619356222
14.172,-0,0.000897097755876
14.174,-0,0.000898001949532
14.176,-0,0.000898906143188
14.178,-0,0.000899810336843
14.18,-0,0.000900714530499
14.182,-0,0.000901618724155
14.184,-0,0.000902522917811
14.186,-0,0.000903427111467
14.188,-0,0.000904331305123
14.19,-0,0.000905235498778
14.192,-0,0.000906139692434
14.194,-0,0.00090704388609
14.196,-0,0.000907948079746
14.198,-0,0.000908852273402
14.2,-0,0.000909756467057
14.202,-0,0.000910590737006
14.204,-0,0.000911425006954
14.206,-0,0.000912259276902
14.208,-0,0.00091309354685
14.21,-0,0.000913927816798
14.212,-0,0.000914762086746
14.214,-0,0.000915596356694
14.216,-0,0.000916430626642
14.218,-0,0.000917264896591
14.22,-0,0.000918099166539
14.222,-0,0.000918933436487
14.224,-0,0.000919767706435
14.226,-0,0.000920601976383
14.228,-0,0.000921436246331
14.23,-0,0.000922270516279
14.232,-0,0.000923104786227
14.234,-0,0.000923939056175
14.236,-0,0.000924773326124
14.238,-0,0.000925607596072
14.24,-0,0.00092644186602
14.242,-0,0.000927276135968
14.244,-0,0.000928110405916
14.246,-0,0.000928944675864
14.248,-0,0.000929778945812
14.25,-0,0.00093061321576
14.252,-0,0.000931447485709
14.254,-0,0.000932281755657
14.256,-0,0.000933116025605
14.258,-0,0.000933950295553
14.26,-0,0.000934784565501
14.262,-0,0.000935618835449
14.264,-0,0.000936453105397
14.266,-0,0.000937287375345
14.268,-0,0.000938121645293
14.27,-0,0.000938955915242
14.272,-0,0.00093979018519
14.274,-0,0.000940624455138
14.276,-0,0.000941458725086
14.278,-0,0.000942292995034
14.28,-0,0.000943127264982
14.282,-0,0.00094396153493
14.284,-0,0.000944795804878
14.286,-0,0.000945630074827
14.288,-0,0.000946464344775
14.29,-0,0.000947298614723
14.292,-0,0.000948132884671
14.294,-0,0.000948967154619
14.296,-0,0.000949801424567
14.298,-0,0.000950635694515
14.3,-0,0.000951469964463
14.302,-0,0.000952304234411
14.304,-0,0.00095313850436
14.306,-0,0.000953972774308
14.308,-0,0.000954807044256
14.31,-0,0.000955641314204
14.312,-0,0.000956475584152
14.314,-0,0.0009573098541
14.316,-0,0.000958144124048
14.318,-0,0.000958978393996
14.32,-0,0.000959812663945
14.322,-0,0.000960646933893
14.324,-0,0.000961481203841
14.326,-0,0.000962315473789
14.328,-0,0.000963149743737
14.33,-0,0.000963984013685
14.332,-0,0.000964818283633
14.334,-0,0.000965652553581
14.336,-0,0.000966486823529
14.338,-0,0.000967321093478
14.34,-0,0.000968155363426
14.342,-0,0.000968989633374
14.344,-0,0.000969823903322
14.346,-0,0.00097065817327
14.348,-0,0.000971492443218
14.35,-0,0.000972326713166
14.352,-0,0.000973160983114
14.354,-0,0.000973995253063
14.356,-0,0.000974829523011
14.358,-0,0.000975663792959
14.36,-0,0.000976498062907
14.362,-0,0.000977332332855
14.364,-0,0.000978166602803
14.366,-0,0.000979000872751
14.368,-0,0.000979835142699
14.37,-0,0.000980669412647
14.372,-0,0.000981503682596
14.374,-0,0.000982337952544
14.376,-0,0.000983172222492
14.378,-0,0.00098400649244
14.38,-0,0.000984840762388
14.382,-0,0.000985675032336
14.384,-0,0.000986509302284
14.386,-0,0.000987343572232
14.388,-0,0.00098817784218
14.39,-0,0.000989012112129
14.392,-0,0.000989846382077
14.394,-0,0.000990680652025
14.396,-0,0.000991514921973
14.398,-0,0.000992349191921
14.4,-1.43891134013e-25,0.000993183461869
14.402,-2.31438591974e-14,0.000993969293873
14.404,-4.62877183947e-14,0.000994755125877
14.406,-6.9431577592e-14,0.000995540957881
14.408,-9.25754367892e-14,0.000996326789885
14.41,-1.15719295987e-13,0.000997112621889
14.412,-1.38863155184e-13,0.000997898453893
14.414,-1.62007014381e-13,0.000998684285897
14.416,-1.85150873578e-13,0.000999470117901
14.418,-2.08294732776e-13,0.0010002559499
14.42,-2.31438591973e-13,0.00100104178191
14.422,-2.5458245117e-13,0.00100182761391
14.424,-2.77726310367e-13,0.00100261344592
14.426,-3.00870169565e-13,0.00100339927792
14.428,-3.24014028762e-13,0.00100418510992
14.43,-3.47157887959e-13,0.00100497094193
14.432,-3.70301747157e-13,0.00100575677393
14.434,-3.93445606354e-13,0.00100654260594
14.436,-4.16589465551e-13,0.00100732843794
14.438,-4.39733324748e-13,0.00100811426994
14.44,-4.62877183946e-13,0.00100890010195
14.442,-4.86021043143e-13,0.00100968593395
14.444,-5.0916490234e-13,0.00101047176596
14.446,-5.32308761538e-13,0.00101125759796
14.448,-5.55452620735e-13,0.00101204342996
14.45,-5.78596479932e-13,0.00101282926197
14.452,-6.01740339129e-13,0.00101361509397
14.454,-6.24884198327e-13,0.00101440092598
14.456,-6.48028057524e-13,0.00101518675798
14.458,-6.71171916721e-13,0.00101597258998
14.46,-6.94315775918e-13,0.00101675842199
14.462,-7.17459635116e-13,0.00101754425399
14.464,-7.40603494313e-13,0.001018330086
14.466,-7.6374735351e-13,0.001019115918
14.468,-7.86891212708e-13,0.00101990175
14.47,-8.10035071905e-13,0.00102068758201
14.472,-8.33178931102e-13,0.00102147341401
14.474,-8.56322790299e-13,0.00102225924602
14.476,-8.79466649497e-13,0.00102304507802
14.478,-9.02610508694e-13,0.00102383091002
14.48,-9.25754367891e-13,0.00102461674203
14.482,-9.48898227089e-13,0.00102540257403
14.484,-9.72042086286e-13,0.00102618840603
14.486,-9.95185945483e-13,0.00102697423804
14.488,-1.01832980468e-12,0.00102776007004
14.49,-1.04147366388e-12,0.00102854590205
14.492,-1.06461752307e-12,0.00102933173405
14.494,-1.08776138227e-12,0.00103011756605
14.496,-1.11090524147e-12,0.00103090339806
14.498,-1.13404910067e-12,0.00103168923006
14.5,-1.15719295986e-12,0.00103247506207
14.502,-1.18033681906e-12,0.00103326089407
14.504,-1.20348067826e-12,0.00103404672607
14.506,-1.22662453746e-12,0.00103483255808
14.508,-1.24976839665e-12,0.00103561839008
14.51,-1.27291225585e-12,0.00103640422209
14.512,-1.29605611505e-12,0.00103719005409
14.514,-1.31919997425e-12,0.00103797588609
14.516,-1.34234383344e-12,0.0010387617181
14.518,-1.36548769264e-12,0.0010395475501
14.52,-1.38863155184e-12,0.00104033338211
14.522,-1.41177541103e-12,0.00104111921411
14.524,-1.43491927023e-12,0.00104190504611
14.526,-1.45806312943e-12,0.00104269087812
14.528,-1.48120698863e-12,0.00104347671012
14.53,-1.50435084782e-12,0.00104426254213
14.532,-1.52749470702e-12,0.00104504837413
14.534,-1.55063856622e-12,0.00104583420613
14.536,-1.57378242542e-12,0.00104662003814
14.538,-1.59692628461e-12,0.00104740587014
14.54,-1.62007014381e-12,0.00104819170215
14.542,-1.64321400301e-12,0.00104897753415
14.544,-1.6663578622e-12,0.00104976336615
14.546,-1.6895017214e-12,0.00105054919816
14.548,-1.7126455806e-12,0.00105133503016
14.55,-1.7357894398e-12,0.00105212086217
14.552,-1.75893329899e-12,0.00105290669417
14.554,-1.78207715819e-12,0.00105369252617
14.556,-1.80522101739e-12,0.00105447835818
14.558,-1.82836487659e-12,0.00105526419018
14.56,-1.85150873578e-12,0.00105605002218
14.562,-1.87465259498e-12,0.00105683585419
14.564,-1.89779645418e-12,0.00105762168619
14.566,-1.92094031337e-12,0.0010584075182
14.568,-1.94408417257e-12,0.0010591933502
14.57,-1.96722803177e-12,0.0010599791822
14.572,-1.99037189097e-12,0.00106076501421
14.574,-2.01351575016e-12,0.00106155084621
14.576,-2.03665960936e-12,0.00106233667822
14.578,-2.05980346856e-12,0.00106312251022
14.58,-2.08294732776e-12,0.00106390834222
14.582,-2.10609118695e-12,0.00106469417423
14.584,-2.12923504615e-12,0.00106548000623
14.586,-2.15237890535e-12,0.00106626583824
14.588,-2.17552276454e-12,0.00106705167024
14.59,-2.19866662374e-12,0.00106783750224
14.592,-2.22181048294e-12,0.00106862333425
14.594,-2.24495434214e-12,0.00106940916625
14.596,-2.26809820133e-12,0.00107019499826
14.598,-2.29124206053e-12,0.00107098083026
14.6,-2.31438591973e-12,0.00107176666226
14.602,-2.33752977893e-12,0.00107251880906
14.604,-2.36067363812e-12,0.00107327095585
14.606,-2.38381749732e-12,0.00107402310265
14.608,-2.40696135652e-12,0.00107477524944
14.61,-2.43010521571e-12,0.00107552739624
14.612,-2.45324907491e-12,0.00107627954303
14.614,-2.47639293411e-12,0.00107703168982
14.616,-2.49953679331e-12,0.00107778383662
14.618,-2.5226806525e-12,0.00107853598341
14.62,-2.5458245117e-12,0.00107928813021
14.622,-2.5689683709e-12,0.001080040277
14.624,-2.5921122301e-12,0.0010807924238
14.626,-2.61525608929e-12,0.00108154457059
14.628,-2.63839994849e-12,0.00108229671739
14.63,-2.66154380769e-12,0.00108304886418
14.632,-2.68468766688e-12,0.00108380101097
14.634,-2.70783152608e-12,0.00108455315777
14.636,-2.73097538528e-12,0.00108530530456
14.638,-2.75411924448e-12,0.00108605745136
14.64,-2.77726310367e-12,0.00108680959815
14.642,-2.80040696287e-12,0.00108756174495
14.644,-2.82355082207e-12,0.00108831389174
14.646,-2.84669468127e-12,0.00108906603853
14.648,-2.86983854046e-12,0.00108981818533
14.65,-2.89298239966e-12,0.00109057033212
14.652,-2.91612625886e-12,0.00109132247892
14.654,-2.93927011805e-12,0.00109207462571
14.656,-2.96241397725e-12,0.00109282677251
14.658,-2.98555783645e-12,0.0010935789193
14.66,-3.00870169565e-12,0.0010943310661
14.662,-3.03184555484e-12,0.00109508321289
14.664,-3.05498941404e-12,0.00109583535968
14.666,-3.07813327324e-12,0.00109658750648
14.668,-3.10127713244e-12,0.00109733965327
14.67,-3.12442099163e-12,0.00109809180007
14.672,-3.14756485083e-12,0.00109884394686
14.674,-3.17070871003e-12,0.00109959609366
14.676,-3.19385256922e-12,0.00110034824045
14.678,-3.21699642842e-12,0.00110110038725
14.68,-3.24014028762e-12,0.00110185253404
14.682,-3.26328414682e-12,0.00110260468083
14.684,-3.28642800601e-12,0.00110335682763
14.686,-3.30957186521e-12,0.00110410897442
14.688,-3.33271572441e-12,0.00110486112122
14.69,-3.35585958361e-12,0.00110561326801
14.692,-3.3790034428e-12,0.00110636541481
14.694,-3.402147302e-12,0.0011071175616
14.696,-3.4252911612e-12,0.00110786970839
14.698,-3.44843502039e-12,0.00110862185519
14.7,-3.47157887959e-12,0.00110937400198
14.702,-3.49472273879e-12,0.00111012614878
14.704,-3.51786659799e-12,0.00111087829557
14.706,-3.54101045718e-12,0.00111163044237
14.708,-3.56415431638e-12,0.00111238258916
14.71,-3.58729817558e-12,0.00111313473596
14.712,-3.61044203478e-12,0.00111388688275
14.714,-3.63358589397e-12,0.00111463902954
14.716,-3.65672975317e-12,0.00111539117634
14.718,-3.67987361237e-12,0.00111614332313
14.72,-3.70301747156e-12,0.00111689546993
14.722,-3.72616133076e-12,0.00111764761672
14.724,-3.74930518996e-12,0.00111839976352
14.726,-3.77244904916e-12,0.00111915191031
14.728,-3.79559290835e-12,0.0011199040571
14.73,-3.81873676755e-12,0.0011206562039
14.732,-3.84188062675e-12,0.00112140835069
14.734,-3.86502448595e-12,0.00112216049749
14.736,-3.88816834514e-12,0.00112291264428
14.738,-3.91131220434e-12,0.00112366479108
14.74,-3.93445606354e-12,0.00112441693787
14.742,-3.95759992273e-12,0.00112516908467
14.744,-3.98074378193e-12,0.00112592123146
14.746,-4.00388764113e-12,0.00112667337825
14.748,-4.02703150033e-12,0.00112742552505
14.75,-4.05017535952e-12,0.00112817767184
14.752,-4.07331921872e-12,0.00112892981864
14.754,-4.09646307792e-12,0.00112968196543
14.756,-4.11960693712e-12,0.00113043411223
14.758,-4.14275079631e-12,0.00113118625902
14.76,-4.16589465551e-12,0.00113193840582
14.762,-4.18903851471e-12,0.00113269055261
14.764,-4.2121823739e-12,0.0011334426994
14.766,-4.2353262331e-12,0.0011341948462
14.768,-4.2584700923e-12,0.00113494699299
14.77,-4.2816139515e-12,0.00113569913979
14.772,-4.30475781069e-12,0.00113645128658
14.774,-4.32790166989e-12,0.00113720343338
14.776,-4.35104552909e-12,0.00113795558017
14.778,-4.37418938829e-12,0.00113870772696
14.78,-4.39733324748e-12,0.00113945987376
14.782,-4.42047710668e-12,0.00114021202055
14.784,-4.44362096588e-12,0.00114096416735
14.786,-4.46676482507e-12,0.00114171631414
14.788,-4.48990868427e-12,0.00114246846094
14.79,-4.51305254347e-12,0.00114322060773
14.792,-4.53619640267e-12,0.00114397275453
14.794,-4.55934026186e-12,0.00114472490132
14.796,-4.58248412106e-12,0.00114547704811
14.798,-4.60562798026e-12,0.00114622919491
14.8,-4.62877183946e-12,0.0011469813417
14.802,-4.60562798026e-12,0.00114771032667
14.804,-4.58248412106e-12,0.00114843931165
14.806,-4.55934026186e-12,0.00114916829662
14.808,-4.53619640267e-12,0.00114989728159
14.81,-4.51305254347e-12,0.00115062626656
14.812,-4.48990868427e-12,0.00115135525153
14.814,-4.46676482507e-12,0.00115208423651
14.816,-4.44362096588e-12,0.00115281322148
14.818,-4.42047710668e-12,0.00115354220645
14.82,-4.39733324748e-12,0.00115427119142
14.822,-4.37418938829e-12,0.00115500017639
14.824,-4.35104552909e-12,0.00115572916136
14.826,-4.32790166989e-12,0.00115645814634
14.828,-4.30475781069e-12,0.00115718713131
14.83,-4.2816139515e-12,0.00115791611628
14.832,-4.2584700923e-12,0.00115864510125
14.834,-4.2353262331e-12,0.00115937408622
14.836,-4.2121823739e-12,0.0011601030712
14.838,-4.18903851471e-12,0.00116083205617
14.84,-4.16589465551e-12,0.00116156104114
14.842,-4.14275079631e-12,0.00116229002611
14.844,-4.11960693712e-12,0.00116301901108
14.846,-4.09646307792e-12,0.00116374799605
14.848,-4.07331921872e-12,0.00116447698103
14.85,-4.05017535952e-12,0.001165205966
14.852,-4.02703150033e-12,0.00116593495097
14.854,-4.00388764113e-12,0.00116666393594
14.856,-3.98074378193e-12,0.00116739292091
14.858,-3.95759992273e-12,0.00116812190588
14.86,-3.93445606354e-12,0.00116885089086
14.862,-3.91131220434e-12,0.00116957987583
14.864,-3.88816834514e-12,0.0011703088608
14.866,-3.86502448595e-12,0.00117103784577
14.868,-3.84188062675e-12,0.00117176683074
14.87,-3.81873676755e-12,0.00117249581572
14.872,-3.79559290835e-12,0.00117322480069
14.874,-3.77244904916e-12,0.00117395378566
14.876,-3.74930518996e-12,0.00117468277063
14.878,-3.72616133076e-12,0.0011754117556
14.88,-3.70301747156e-12,0.00117614074057
14.882,-3.67987361237e-12,0.00117686972555
14.884,-3.65672975317e-12,0.00117759871052
14.886,-3.63358589397e-12,0.00117832769549
14.888,-3.61044203478e-12,0.00117905668046
14.89,-3.58729817558e-12,0.00117978566543
14.892,-3.56415431638e-12,0.00118051465041
14.894,-3.54101045718e-12,0.00118124363538
14.896,-3.51786659799e-12,0.00118197262035
14.898,-3.49472273879e-12,0.00118270160532
14.9,-3.47157887959e-12,0.00118343059029
14.902,-3.44843502039e-12,0.00118415957526
14.904,-3.4252911612e-12,0.00118488856024
14.906,-3.402147302e-12,0.00118561754521
14.908,-3.3790034428e-12,0.00118634653018
14.91,-3.35585958361e-12,0.00118707551515
14.912,-3.33271572441e-12,0.00118780450012
14.914,-3.30957186521e-12,0.0011885334851
14.916,-3.28642800601e-12,0.00118926247007
14.918,-3.26328414682e-12,0.00118999145504
14.92,-3.24014028762e-12,0.00119072044001
14.922,-3.21699642842e-12,0.00119144942498
14.924,-3.19385256922e-12,0.00119217840995
14.926,-3.17070871003e-12,0.00119290739493
14.928,-3.14756485083e-12,0.0011936363799
14.93,-3.12442099163e-12,0.00119436536487
14.932,-3.10127713244e-12,0.00119509434984
14.934,-3.07813327324e-12,0.00119582333481
14.936,-3.05498941404e-12,0.00119655231978
14.938,-3.03184555484e-12,0.00119728130476
14.94,-3.00870169565e-12,0.00119801028973
14.942,-2.98555783645e-12,0.0011987392747
14.944,-2.96241397725e-12,0.00119946825967
14.946,-2.93927011805e-12,0.00120019724464
14.948,-2.91612625886e-12,0.00120092622962
14.95,-2.89298239966e-12,0.00120165521459
14.952,-2.86983854046e-12,0.00120238419956
14.954,-2.84669468127e-12,0.00120311318453
14.956,-2.82355082207e-12,0.0012038421695
14.958,-2.80040696287e-12,0.00120457115447
14.96,-2.77726310367e-12,0.00120530013945
14.962,-2.75411924448e-12,0.00120602912442
14.964,-2.73097538528e-12,0.00120675810939
14.966,-2.70783152608e-12,0.00120748709436
14.968,-2.68468766688e-12,0.00120821607933
14.97,-2.66154380769e-12,0.00120894506431
14.972,-2.63839994849e-12,0.00120967404928
14.974,-2.61525608929e-12,0.00121040303425
14.976,-2.5921122301e-12,0.00121113201922
14.978,-2.5689683709e-12,0.00121186100419
14.98,-2.5458245117e-12,0.00121258998916
14.982,-2.5226806525e-12,0.00121331897414
14.984,-2.49953679331e-12,0.00121404795911
14.986,-2.47639293411e-12,0.00121477694408
14.988,-2.45324907491e-12,0.00121550592905
14.99,-2.43010521571e-12,0.00121623491402
14.992,-2.40696135652e-12,0.00121696389899
14.994,-2.38381749732e-12,0.00121769288397
14.996,-2.36067363812e-12,0.00121842186894
14.998,-2.33752977893e-12,0.00121915085391
15,-2.31438591973e-12,0.00121987983888
15.002,-2.33752977893e-12,0.00122059341207
15.004,-2.36067363812e-12,0.00122130698526
15.006,-2.38381749732e-12,0.00122202055845
15.008,-2.40696135652e-12,0.00122273413165
15.01,-2.43010521571e-12,0.00122344770484
15.012,-2.45324907491e-12,0.00122416127803
15.014,-2.47639293411e-12,0.00122487485122
15.016,-2.49953679331e-12,0.00122558842441
15.018,-2.5226806525e-12,0.0012263019976
15.02,-2.5458245117e-12,0.00122701557079
15.022,-2.5689683709e-12,0.00122772914398
15.024,-2.5921122301e-12,0.00122844271717
15.026,-2.61525608929e-12,0.00122915629036
15.028,-2.63839994849e-12,0.00122986986356
15.03,-2.66154380769e-12,0.00123058343675
15.032,-2.68468766688e-12,0.00123129700994
15.034,-2.70783152608e-12,0.00123201058313
15.036,-2.73097538528e-12,0.00123272415632
15.038,-2.75411924448e-12,0.00123343772951
15.04,-2.77726310367e-12,0.0012341513027
15.042,-2.80040696287e-12,0.00123486487589
15.044,-2.82355082207e-12,0.00123557844908
15.046,-2.84669468127e-12,0.00123629202227
15.048,-2.86983854046e-12,0.00123700559547
15.05,-2.89298239966e-12,0.00123771916866
15.052,-2.91612625886e-12,0.00123843274185
15.054,-2.93927011805e-12,0.00123914631504
15.056,-2.96241397725e-12,0.00123985988823
15.058,-2.98555783645e-12,0.00124057346142
15.06,-3.00870169565e-12,0.00124128703461
15.062,-3.03184555484e-12,0.0012420006078
15.064,-3.05498941404e-12,0.00124271418099
15.066,-3.07813327324e-12,0.00124342775418
15.068,-3.10127713244e-12,0.00124414132737
15.07,-3.12442099163e-12,0.00124485490057
15.072,-3.14756485083e-12,0.00124556847376
15.074,-3.17070871003e-12,0.00124628204695
15.076,-3.19385256922e-12,0.00124699562014
15.078,-3.21699642842e-12,0.00124770919333
15.08,-3.24014028762e-12,0.00124842276652
15.082,-3.26328414682e-12,0.00124913633971
15.084,-3.28642800601e-12,0.0012498499129
15.086,-3.30957186521e-12,0.00125056348609
15.088,-3.33271572441e-12,0.00125127705928
15.09,-3.35585958361e-12,0.00125199063248
15.092,-3.3790034428e-12,0.00125270420567
15.094,-3.402147302e-12,0.00125341777886
15.096,-3.4252911612e-12,0.00125413135205
15.098,-3.44843502039e-12,0.00125484492524
15.1,-3.47157887959e-12,0.00125555849843
15.102,-3.49472273879e-12,0.00125627207162
15.104,-3.51786659799e-12,0.00125698564481
15.106,-3.54101045718e-12,0.001257699218
15.108,-3.56415431638e-12,0.00125841279119
15.11,-3.58729817558e-12,0.00125912636439
15.112,-3.61044203478e-12,0.00125983993758
15.114,-3.63358589397e-12,0.00126055351077
15.116,-3.65672975317e-12,0.00126126708396
15.118,-3.67987361237e-12,0.00126198065715
15.12,-3.70301747156e-12,0.00126269423034
15.122,-3.72616133076e-12,0.00126340780353
15.124,-3.74930518996e-12,0.00126412137672
15.126,-3.77244904916e-12,0.00126483494991
15.128,-3.79559290835e-12,0.0012655485231
15.13,-3.81873676755e-12,0.00126626209629
15.132,-3.84188062675e-12,0.00126697566949
15.134,-3.86502448595e-12,0.00126768924268
15.136,-3.88816834514e-12,0.00126840281587
15.138,-3.91131220434e-12,0.00126911638906
15.14,-3.93445606354e-12,0.00126982996225
15.142,-3.95759992273e-12,0.00127054353544
15.144,-3.98074378193e-12,0.00127125710863
15.146,-4.00388764113e-12,0.00127197068182
15.148,-4.02703150033e-12,0.00127268425501
15.15,-4.05017535952e-12,0.0012733978282
15.152,-4.07331921872e-12,0.0012741114014
15.154,-4.09646307792e-12,0.00127482497459
15.156,-4.11960693712e-12,0.00127553854778
15.158,-4.14275079631e-12,0.00127625212097
15.16,-4.16589465551e-12,0.00127696569416
15.162,-4.18903851471e-12,0.00127767926735
15.164,-4.2121823739e-12,0.00127839284054
15.166,-4.2353262331e-12,0.00127910641373
15.168,-4.2584700923e-12,0.00127981998692
15.17,-4.2816139515e-12,0.00128053356011
15.172,-4.30475781069e-12,0.0012812471333
15.174,-4.32790166989e-12,0.0012819607065
15.176,-4.35104552909e-12,0.00128267427969
15.178,-4.37418938829e-12,0.00128338785288
15.18,-4.39733324748e-12,0.00128410142607
15.182,-4.42047710668e-12,0.00128481499926
15.184,-4.44362096588e-12,0.00128552857245
15.186,-4.46676482507e-12,0.00128624214564
15.188,-4.48990868427e-12,0.00128695571883
15.19,-4.51305254347e-12,0.00128766929202
15.192,-4.53619640267e-12,0.00128838286521
15.194,-4.55934026186e-12,0.00128909643841
15.196,-4.58248412106e-12,0.0012898100116
15.198,-4.60562798026e-12,0.00129052358479
15.2,-4.62877183946e-12,0.00129123715798
15.202,-4.62877183946e-12,0.00129194119522
15.204,-4.62877183946e-12,0.00129264523245
15.206,-4.62877183946e-12,0.00129334926969
15.208,-4.62877183946e-12,0.00129405330693
15.21,-4.62877183946e-12,0.00129475734416
15.212,-4.62877183946e-12,0.0012954613814
15.214,-4.62877183946e-12,0.00129616541864
15.216,-4.62877183946e-12,0.00129686945588
15.218,-4.62877183946e-12,0.00129757349311
15.22,-4.62877183946e-12,0.00129827753035
15.222,-4.62877183946e-12,0.00129898156759
15.224,-4.62877183946e-12,0.00129968560482
15.226,-4.62877183946e-12,0.00130038964206
15.228,-4.62877183946e-12,0.0013010936793
15.23,-4.62877183946e-12,0.00130179771654
15.232,-4.62877183946e-12,0.00130250175377
15.234,-4.62877183946e-12,0.00130320579101
15.236,-4.62877183946e-12,0.00130390982825
15.238,-4.62877183946e-12,0.00130461386548
15.24,-4.62877183946e-12,0.00130531790272
15.242,-4.62877183946e-12,0.00130602193996
15.244,-4.62877183946e-12,0.0013067259772
15.246,-4.62877183946e-12,0.00130743001443
15.248,-4.62877183946e-12,0.00130813405167
15.25,-4.62877183946e-12,0.00130883808891
15.252,-4.62877183946e-12,0.00130954212615
15.254,-4.62877183946e-12,0.00131024616338
15.256,-4.62877183946e-12,0.00131095020062
15.258,-4.62877183946e-12,0.00131165423786
15.26,-4.62877183946e-12,0.00131235827509
15.262,-4.62877183946e-12,0.00131306231233
15.264,-4.62877183946e-12,0.00131376634957
15.266,-4.62877183946e-12,0.00131447038681
15.268,-4.62877183946e-12,0.00131517442404
15.27,-4.62877183946e-12,0.00131587846128
15.272,-4.62877183946e-12,0.00131658249852
15.274,-4.62877183946e-12,0.00131728653575
15.276,-4.62877183946e-12,0.00131799057299
15.278,-4.62877183946e-12,0.00131869461023
15.28,-4.62877183946e-12,0.00131939864747
15.282,-4.62877183946e-12,0.0013201026847
15.284,-4.62877183946e-12,0.00132080672194
15.286,-4.62877183946e-12,0.00132151075918
15.288,-4.62877183946e-12,0.00132221479641
15.29,-4.62877183946e-12,0.00132291883365
15.292,-4.62877183946e-12,0.00132362287089
15.294,-4.62877183946e-12,0.00132432690813
15.296,-4.62877183946e-12,0.00132503094536
15.298,-4.62877183946e-12,0.0013257349826
15.3,-4.62877183946e-12,0.00132643901984
15.302,-4.62877183946e-12,0.00132714305707
15.304,-4.62877183946e-12,0.00132784709431
15.306,-4.62877183946e-12,0.00132855113155
15.308,-4.62877183946e-12,0.00132925516879
15.31,-4.62877183946e-12,0.00132995920602
15.312,-4.62877183946e-12,0.00133066324326
15.314,-4.62877183946e-12,0.0013313672805
15.316,-4.62877183946e-12,0.00133207131774
15.318,-4.62877183946e-12,0.00133277535497
15.32,-4.62877183946e-12,0.00133347939221
15.322,-4.62877183946e-12,0.00133418342945
15.324,-4.62877183946e-12,0.00133488746668
15.326,-4.62877183946e-12,0.00133559150392
15.328,-4.62877183946e-12,0.00133629554116
15.33,-4.62877183946e-12,0.0013369995784
15.332,-4.62877183946e-12,0.00133770361563
15.334,-4.62877183946e-12,0.00133840765287
15.336,-4.62877183946e-12,0.00133911169011
15.338,-4.62877183946e-12,0.00133981572734
15.34,-4.62877183946e-12,0.00134051976458
15.342,-4.62877183946e-12,0.00134122380182
15.344,-4.62877183946e-12,0.00134192783906
15.346,-4.62877183946e-12,0.00134263187629
15.348,-4.62877183946e-12,0.00134333591353
15.35,-4.62877183946e-12,0.00134403995077
15.352,-4.62877183946e-12,0.001344743988
15.354,-4.62877183946e-12,0.00134544802524
15.356,-4.62877183946e-12,0.00134615206248
15.358,-4.62877183946e-12,0.00134685609972
15.36,-4.62877183946e-12,0.00134756013695
15.362,-4.62877183946e-12,0.00134826417419
15.364,-4.62877183946e-12,0.00134896821143
15.366,-4.62877183946e-12,0.00134967224866
15.368,-4.62877183946e-12,0.0013503762859
15.37,-4.62877183946e-12,0.00135108032314
15.372,-4.62877183946e-12,0.00135178436038
15.374,-4.62877183946e-12,0.00135248839761
15.376,-4.62877183946e-12,0.00135319243485
15.378,-4.62877183946e-12,0.00135389647209
15.38,-4.62877183946e-12,0.00135460050933
15.382,-4.62877183946e-12,0.00135530454656
15.384,-4.62877183946e-12,0.0013560085838
15.386,-4.62877183946e-12,0.00135671262104
15.388,-4.62877183946e-12,0.00135741665827
15.39,-4.62877183946e-12,0.00135812069551
15.392,-4.62877183946e-12,0.00135882473275
15.394,-4.62877183946e-12,0.00135952876999
15.396,-4.62877183946e-12,0.00136023280722
15.398,-4.62877183946e-12,0.00136093684446
15.4,-4.62877183946e-12,0.0013616408817
15.402,-4.58248412106e-12,0.00136233995923
15.404,-4.53619640267e-12,0.00136303903677
15.406,-4.48990868427e-12,0.00136373811431
15.408,-4.44362096588e-12,0.00136443719185
15.41,-4.39733324748e-12,0.00136513626938
15.412,-4.35104552909e-12,0.00136583534692
15.414,-4.30475781069e-12,0.00136653442446
15.416,-4.2584700923e-12,0.001367233502
15.418,-4.2121823739e-12,0.00136793257953
15.42,-4.16589465551e-12,0.00136863165707
15.422,-4.11960693712e-12,0.00136933073461
15.424,-4.07331921872e-12,0.00137002981215
15.426,-4.02703150033e-12,0.00137072888968
15.428,-3.98074378193e-12,0.00137142796722
15.43,-3.93445606354e-12,0.00137212704476
15.432,-3.88816834514e-12,0.0013728261223
15.434,-3.84188062675e-12,0.00137352519983
15.436,-3.79559290835e-12,0.00137422427737
15.438,-3.74930518996e-12,0.00137492335491
15.44,-3.70301747156e-12,0.00137562243245
15.442,-3.65672975317e-12,0.00137632150998
15.444,-3.61044203478e-12,0.00137702058752
15.446,-3.56415431638e-12,0.00137771966506
15.448,-3.51786659799e-12,0.0013784187426
15.45,-3.47157887959e-12,0.00137911782013
15.452,-3.4252911612e-12,0.00137981689767
15.454,-3.3790034428e-12,0.00138051597521
15.456,-3.33271572441e-12,0.00138121505275
15.458,-3.28642800601e-12,0.00138191413028
15.46,-3.24014028762e-12,0.00138261320782
15.462,-3.19385256922e-12,0.00138331228536
15.464,-3.14756485083e-12,0.0013840113629
15.466,-3.10127713244e-12,0.00138471044043
15.468,-3.05498941404e-12,0.00138540951797
15.47,-3.00870169565e-12,0.00138610859551
15.472,-2.96241397725e-12,0.00138680767305
15.474,-2.91612625886e-12,0.00138750675058
15.476,-2.86983854046e-12,0.00138820582812
15.478,-2.82355082207e-12,0.00138890490566
15.48,-2.77726310367e-12,0.0013896039832
15.482,-2.73097538528e-12,0.00139030306073
15.484,-2.68468766688e-12,0.00139100213827
15.486,-2.63839994849e-12,0.00139170121581
15.488,-2.59211223009e-12,0.00139240029335
15.49,-2.5458245117e-12,0.00139309937088
15.492,-2.49953679331e-12,0.00139379844842
15.494,-2.45324907491e-12,0.00139449752596
15.496,-2.40696135652e-12,0.0013951966035
15.498,-2.36067363812e-12,0.00139589568103
15.5,-2.31438591973e-12,0.00139659475857
15.502,-2.26809820133e-12,0.00139729383611
15.504,-2.22181048294e-12,0.00139799291365
15.506,-2.17552276454e-12,0.00139869199118
15.508,-2.12923504615e-12,0.00139939106872
15.51,-2.08294732775e-12,0.00140009014626
15.512,-2.03665960936e-12,0.0014007892238
15.514,-1.99037189097e-12,0.00140148830133
15.516,-1.94408417257e-12,0.00140218737887
15.518,-1.89779645418e-12,0.00140288645641
15.52,-1.85150873578e-12,0.00140358553395
15.522,-1.80522101739e-12,0.00140428461148
15.524,-1.75893329899e-12,0.00140498368902
15.526,-1.7126455806e-12,0.00140568276656
15.528,-1.6663578622e-12,0.0014063818441
15.53,-1.62007014381e-12,0.00140708092163
15.532,-1.57378242541e-12,0.00140777999917
15.534,-1.52749470702e-12,0.00140847907671
15.536,-1.48120698863e-12,0.00140917815425
15.538,-1.43491927023e-12,0.00140987723178
15.54,-1.38863155184e-12,0.00141057630932
15.542,-1.34234383344e-12,0.00141127538686
15.544,-1.29605611505e-12,0.0014119744644
15.546,-1.24976839665e-12,0.00141267354193
15.548,-1.20348067826e-12,0.00141337261947
15.55,-1.15719295986e-12,0.00141407169701
15.552,-1.11090524147e-12,0.00141477077455
15.554,-1.06461752307e-12,0.00141546985208
15.556,-1.01832980468e-12,0.00141616892962
15.558,-9.72042086285e-13,0.00141686800716
15.56,-9.25754367891e-13,0.0014175670847
15.562,-8.79466649496e-13,0.00141826616223
15.564,-8.33178931102e-13,0.00141896523977
15.566,-7.86891212707e-13,0.00141966431731
15.568,-7.40603494313e-13,0.00142036339485
15.57,-6.94315775918e-13,0.00142106247238
15.572,-6.48028057523e-13,0.00142176154992
15.574,-6.01740339129e-13,0.00142246062746
15.576,-5.55452620734e-13,0.001423159705
15.578,-5.0916490234e-13,0.00142385878253
15.58,-4.62877183945e-13,0.00142455786007
15.582,-4.16589465551e-13,0.00142525693761
15.584,-3.70301747156e-13,0.00142595601515
15.586,-3.24014028762e-13,0.00142665509268
15.588,-2.77726310367e-13,0.00142735417022
15.59,-2.31438591972e-13,0.00142805324776
15.592,-1.85150873578e-13,0.0014287523253
15.594,-1.38863155183e-13,0.00142945140283
15.596,-9.25754367888e-14,0.00143015048037
15.598,-4.62877183942e-14,0.00143084955791
15.6,-0,0.00143154863545
15.602,-0,0.00143224640058
15.604,-0,0.0014329441657
15.606,-0,0.00143364193083
15.608,-0,0.00143433969596
15.61,-0,0.00143503746109
15.612,-0,0.00143573522622
15.614,-0,0.00143643299134
15.616,-0,0.00143713075647
15.618,-0,0.0014378285216
15.62,-0,0.00143852628673
15.622,-0,0.00143922405186
15.624,-0,0.00143992181698
15.626,-0,0.00144061958211
15.628,-0,0.00144131734724
15.63,-0,0.00144201511237
15.632,-0,0.0014427128775
15.634,-0,0.00144341064263
15.636,-0,0.00144410840775
15.638,-0,0.00144480617288
15.64,-0,0.00144550393801
15.642,-0,0.00144620170314
15.644,-0,0.00144689946827
15.646,-0,0.00144759723339
15.648,-0,0.00144829499852
15.65,-0,0.00144899276365
15.652,-0,0.00144969052878
15.654,-0,0.00145038829391
15.656,-0,0.00145108605904
15.658,-0,0.00145178382416
15.66,-0,0.00145248158929
15.662,-0,0.00145317935442
15.664,-0,0.00145387711955
15.666,-0,0.00145457488468
15.668,-0,0.0014552726498
15.67,-0,0.00145597041493
15.672,-0,0.00145666818006
15.674,-0,0.00145736594519
15.676,-0,0.00145806371032
15.678,-0,0.00145876147544
15.68,-0,0.00145945924057
15.682,-0,0.0014601570057
15.684,-0,0.00146085477083
15.686,-0,0.00146155253596
15.688,-0,0.00146225030109
15.69,-0,0.00146294806621
15.692,-0,0.00146364583134
15.694,-0,0.00146434359647
15.696,-0,0.0014650413616
15.698,-0,0.00146573912673
15.7,-0,0.00146643689185
15.702,-0,0.00146713465698
15.704,-0,0.00146783242211
15.706,-0,0.00146853018724
15.708,-0,0.00146922795237
15.71,-0,0.0014699257175
15.712,-0,0.00147062348262
15.714,-0,0.00147132124775
15.716,-0,0.00147201901288
15.718,-0,0.00147271677801
15.72,-0,0.00147341454314
15.722,-0,0.00147411230826
15.724,-0,0.00147481007339
15.726,-0,0.00147550783852
15.728,-0,0.00147620560365
15.73,-0,0.00147690336878
15.732,-0,0.0014776011339
15.734,-0,0.00147829889903
15.736,-0,0.00147899666416
15.738,-0,0.00147969442929
15.74,-0,0.00148039219442
15.742,-0,0.00148108995955
15.744,-0,0.00148178772467
15.746,-0,0.0014824854898
15.748,-0,0.00148318325493
15.75,-0,0.00148388102006
15.752,-0,0.00148457878519
15.754,-0,0.00148527655031
15.756,-0,0.00148597431544
15.758,-0,0.00148667208057
15.76,-0,0.0014873698457
15.762,-0,0.00148806761083
15.764,-0,0.00148876537596
15.766,-0,0.00148946314108
15.768,-0,0.00149016090621
15.77,-0,0.00149085867134
15.772,-0,0.00149155643647
15.774,-0,0.0014922542016
15.776,-0,0.00149295196672
15.778,-0,0.00149364973185
15.78,-0,0.00149434749698
15.782,-0,0.00149504526211
15.784,-0,0.00149574302724
15.786,-0,0.00149644079236
15.788,-0,0.00149713855749
15.79,-0,0.00149783632262
15.792,-0,0.00149853408775
15.794,-0,0.00149923185288
15.796,-0,0.00149992961801
15.798,-0,0.00150062738313
15.8,-4.3167340204e-25,0.00150132514826
15.802,-6.94315775923e-14,0.00150202457958
15.804,-1.38863155184e-13,0.0015027240109
15.806,-2.08294732776e-13,0.00150342344222
15.808,-2.77726310368e-13,0.00150412287354
15.81,-3.4715788796e-13,0.00150482230486
15.812,-4.16589465551e-13,0.00150552173618
15.814,-4.86021043143e-13,0.0015062211675
15.816,-5.55452620735e-13,0.00150692059882
15.818,-6.24884198327e-13,0.00150762003014
15.82,-6.94315775919e-13,0.00150831946146
15.822,-7.63747353511e-13,0.00150901889278
15.824,-8.33178931102e-13,0.00150971832409
15.826,-9.02610508694e-13,0.00151041775541
15.828,-9.72042086286e-13,0.00151111718673
15.83,-1.04147366388e-12,0.00151181661805
15.832,-1.11090524147e-12,0.00151251604937
15.834,-1.18033681906e-12,0.00151321548069
15.836,-1.24976839665e-12,0.00151391491201
15.838,-1.31919997425e-12,0.00151461434333
15.84,-1.38863155184e-12,0.00151531377465
15.842,-1.45806312943e-12,0.00151601320597
15.844,-1.52749470702e-12,0.00151671263729
15.846,-1.59692628461e-12,0.00151741206861
15.848,-1.6663578622e-12,0.00151811149993
15.85,-1.7357894398e-12,0.00151881093125
15.852,-1.80522101739e-12,0.00151951036257
15.854,-1.87465259498e-12,0.00152020979389
15.856,-1.94408417257e-12,0.00152090922521
15.858,-2.01351575016e-12,0.00152160865652
15.86,-2.08294732776e-12,0.00152230808784
15.862,-2.15237890535e-12,0.00152300751916
15.864,-2.22181048294e-12,0.00152370695048
15.866,-2.29124206053e-12,0.0015244063818
15.868,-2.36067363812e-12,0.00152510581312
15.87,-2.43010521571e-12,0.00152580524444
15.872,-2.49953679331e-12,0.00152650467576
15.874,-2.5689683709e-12,0.00152720410708
15.876,-2.63839994849e-12,0.0015279035384
15.878,-2.70783152608e-12,0.00152860296972
15.88,-2.77726310367e-12,0.00152930240104
15.882,-2.84669468127e-12,0.00153000183236
15.884,-2.91612625886e-12,0.00153070126368
15.886,-2.98555783645e-12,0.001531400695
15.888,-3.05498941404e-12,0.00153210012632
15.89,-3.12442099163e-12,0.00153279955764
15.892,-3.19385256922e-12,0.00153349898896
15.894,-3.26328414682e-12,0.00153419842027
15.896,-3.33271572441e-12,0.00153489785159
15.898,-3.402147302e-12,0.00153559728291
15.9,-3.47157887959e-12,0.00153629671423
15.902,-3.54101045718e-12,0.00153699614555
15.904,-3.61044203478e-12,0.00153769557687
15.906,-3.67987361237e-12,0.00153839500819
15.908,-3.74930518996e-12,0.00153909443951
15.91,-3.81873676755e-12,0.00153979387083
15.912,-3.88816834514e-12,0.00154049330215
15.914,-3.95759992274e-12,0.00154119273347
15.916,-4.02703150033e-12,0.00154189216479
15.918,-4.09646307792e-12,0.00154259159611
15.92,-4.16589465551e-12,0.00154329102743
15.922,-4.2353262331e-12,0.00154399045875
15.924,-4.30475781069e-12,0.00154468989007
15.926,-4.37418938829e-12,0.00154538932139
15.928,-4.44362096588e-12,0.0015460887527
15.93,-4.51305254347e-12,0.00154678818402
15.932,-4.58248412106e-12,0.00154748761534
15.934,-4.65191569865e-12,0.00154818704666
15.936,-4.72134727625e-12,0.00154888647798
15.938,-4.79077885384e-12,0.0015495859093
15.94,-4.86021043143e-12,0.00155028534062
15.942,-4.92964200902e-12,0.00155098477194
15.944,-4.99907358661e-12,0.00155168420326
15.946,-5.0685051642e-12,0.00155238363458
15.948,-5.1379367418e-12,0.0015530830659
15.95,-5.20736831939e-12,0.00155378249722
15.952,-5.27679989698e-12,0.00155448192854
15.954,-5.34623147457e-12,0.00155518135986
15.956,-5.41566305216e-12,0.00155588079118
15.958,-5.48509462976e-12,0.0015565802225
15.96,-5.55452620735e-12,0.00155727965382
15.962,-5.62395778494e-12,0.00155797908513
15.964,-5.69338936253e-12,0.00155867851645
15.966,-5.76282094012e-12,0.00155937794777
15.968,-5.83225251771e-12,0.00156007737909
15.97,-5.90168409531e-12,0.00156077681041
15.972,-5.9711156729e-12,0.00156147624173
15.974,-6.04054725049e-12,0.00156217567305
15.976,-6.10997882808e-12,0.00156287510437
15.978,-6.17941040567e-12,0.00156357453569
15.98,-6.24884198327e-12,0.00156427396701
15.982,-6.31827356086e-12,0.00156497339833
15.984,-6.38770513845e-12,0.00156567282965
15.986,-6.45713671604e-12,0.00156637226097
15.988,-6.52656829363e-12,0.00156707169229
15.99,-6.59599987122e-12,0.00156777112361
15.992,-6.66543144882e-12,0.00156847055493
15.994,-6.73486302641e-12,0.00156916998625
15.996,-6.804294604e-12,0.00156986941756
15.998,-6.87372618159e-12,0.00157056884888
16,-6.94315775918e-12,0.0015712682802
16.002,-6.89687004079e-12,0.00157197186708
16.004,-6.85058232239e-12,0.00157267545395
16.006,-6.804294604e-12,0.00157337904083
16.008,-6.75800688561e-12,0.00157408262771
16.01,-6.71171916721e-12,0.00157478621458
16.012,-6.66543144882e-12,0.00157548980146
16.014,-6.61914373042e-12,0.00157619338833
16.016,-6.57285601203e-12,0.00157689697521
16.018,-6.52656829363e-12,0.00157760056208
16.02,-6.48028057524e-12,0.00157830414896
16.022,-6.43399285684e-12,0.00157900773583
16.024,-6.38770513845e-12,0.00157971132271
16.026,-6.34141742005e-12,0.00158041490958
16.028,-6.29512970166e-12,0.00158111849646
16.03,-6.24884198326e-12,0.00158182208333
16.032,-6.20255426487e-12,0.00158252567021
16.034,-6.15626654648e-12,0.00158322925709
16.036,-6.10997882808e-12,0.00158393284396
16.038,-6.06369110969e-12,0.00158463643084
16.04,-6.01740339129e-12,0.00158534001771
16.042,-5.9711156729e-12,0.00158604360459
16.044,-5.9248279545e-12,0.00158674719146
16.046,-5.87854023611e-12,0.00158745077834
16.048,-5.83225251771e-12,0.00158815436521
16.05,-5.78596479932e-12,0.00158885795209
16.052,-5.73967708092e-12,0.00158956153896
16.054,-5.69338936253e-12,0.00159026512584
16.056,-5.64710164414e-12,0.00159096871272
16.058,-5.60081392574e-12,0.00159167229959
16.06,-5.55452620735e-12,0.00159237588647
16.062,-5.50823848895e-12,0.00159307947334
16.064,-5.46195077056e-12,0.00159378306022
16.066,-5.41566305216e-12,0.00159448664709
16.068,-5.36937533377e-12,0.00159519023397
16.07,-5.32308761537e-12,0.00159589382084
16.072,-5.27679989698e-12,0.00159659740772
16.074,-5.23051217858e-12,0.00159730099459
16.076,-5.18422446019e-12,0.00159800458147
16.078,-5.1379367418e-12,0.00159870816834
16.08,-5.0916490234e-12,0.00159941175522
16.082,-5.04536130501e-12,0.0016001153421
16.084,-4.99907358661e-12,0.00160081892897
16.086,-4.95278586822e-12,0.00160152251585
16.088,-4.90649814982e-12,0.00160222610272
16.09,-4.86021043143e-12,0.0016029296896
16.092,-4.81392271303e-12,0.00160363327647
16.094,-4.76763499464e-12,0.00160433686335
16.096,-4.72134727624e-12,0.00160504045022
16.098,-4.67505955785e-12,0.0016057440371
16.1,-4.62877183946e-12,0.00160644762397
16.102,-4.58248412106e-12,0.00160715121085
16.104,-4.53619640267e-12,0.00160785479772
16.106,-4.48990868427e-12,0.0016085583846
16.108,-4.44362096588e-12,0.00160926197148
16.11,-4.39733324748e-12,0.00160996555835
16.112,-4.35104552909e-12,0.00161066914523
16.114,-4.30475781069e-12,0.0016113727321
16.116,-4.2584700923e-12,0.00161207631898
16.118,-4.2121823739e-12,0.00161277990585
16.12,-4.16589465551e-12,0.00161348349273
16.122,-4.11960693712e-12,0.0016141870796
16.124,-4.07331921872e-12,0.00161489066648
16.126,-4.02703150033e-12,0.00161559425335
16.128,-3.98074378193e-12,0.00161629784023
16.13,-3.93445606354e-12,0.00161700142711
16.132,-3.88816834514e-12,0.00161770501398
16.134,-3.84188062675e-12,0.00161840860086
16.136,-3.79559290835e-12,0.00161911218773
16.138,-3.74930518996e-12,0.00161981577461
16.14,-3.70301747156e-12,0.00162051936148
16.142,-3.65672975317e-12,0.00162122294836
16.144,-3.61044203478e-12,0.00162192653523
16.146,-3.56415431638e-12,0.00162263012211
16.148,-3.51786659799e-12,0.00162333370898
16.15,-3.47157887959e-12,0.00162403729586
16.152,-3.4252911612e-12,0.00162474088273
16.154,-3.3790034428e-12,0.00162544446961
16.156,-3.33271572441e-12,0.00162614805649
16.158,-3.28642800601e-12,0.00162685164336
16.16,-3.24014028762e-12,0.00162755523024
16.162,-3.19385256922e-12,0.00162825881711
16.164,-3.14756485083e-12,0.00162896240399
16.166,-3.10127713244e-12,0.00162966599086
16.168,-3.05498941404e-12,0.00163036957774
16.17,-3.00870169565e-12,0.00163107316461
16.172,-2.96241397725e-12,0.00163177675149
16.174,-2.91612625886e-12,0.00163248033836
16.176,-2.86983854046e-12,0.00163318392524
16.178,-2.82355082207e-12,0.00163388751211
16.18,-2.77726310367e-12,0.00163459109899
16.182,-2.73097538528e-12,0.00163529468587
16.184,-2.68468766688e-12,0.00163599827274
16.186,-2.63839994849e-12,0.00163670185962
16.188,-2.59211223009e-12,0.00163740544649
16.19,-2.5458245117e-12,0.00163810903337
16.192,-2.49953679331e-12,0.00163881262024
16.194,-2.45324907491e-12,0.00163951620712
16.196,-2.40696135652e-12,0.00164021979399
16.198,-2.36067363812e-12,0.00164092338087
16.2,-2.31438591973e-12,0.00164162696774
16.202,-2.29124206053e-12,0.00164233683512
16.204,-2.26809820133e-12,0.00164304670249
16.206,-2.24495434214e-12,0.00164375656987
16.208,-2.22181048294e-12,0.00164446643724
16.21,-2.19866662374e-12,0.00164517630462
16.212,-2.17552276454e-12,0.00164588617199
16.214,-2.15237890535e-12,0.00164659603936
16.216,-2.12923504615e-12,0.00164730590674
16.218,-2.10609118695e-12,0.00164801577411
16.22,-2.08294732775e-12,0.00164872564149
16.222,-2.05980346856e-12,0.00164943550886
16.224,-2.03665960936e-12,0.00165014537624
16.226,-2.01351575016e-12,0.00165085524361
16.228,-1.99037189097e-12,0.00165156511098
16.23,-1.96722803177e-12,0.00165227497836
16.232,-1.94408417257e-12,0.00165298484573
16.234,-1.92094031337e-12,0.00165369471311
16.236,-1.89779645418e-12,0.00165440458048
16.238,-1.87465259498e-12,0.00165511444786
16.24,-1.85150873578e-12,0.00165582431523
16.242,-1.82836487658e-12,0.0016565341826
16.244,-1.80522101739e-12,0.00165724404998
16.246,-1.78207715819e-12,0.00165795391735
16.248,-1.75893329899e-12,0.00165866378473
16.25,-1.7357894398e-12,0.0016593736521
16.252,-1.7126455806e-12,0.00166008351948
16.254,-1.6895017214e-12,0.00166079338685
16.256,-1.6663578622e-12,0.00166150325422
16.258,-1.64321400301e-12,0.0016622131216
16.26,-1.62007014381e-12,0.00166292298897
16.262,-1.59692628461e-12,0.00166363285635
16.264,-1.57378242541e-12,0.00166434272372
16.266,-1.55063856622e-12,0.0016650525911
16.268,-1.52749470702e-12,0.00166576245847
16.27,-1.50435084782e-12,0.00166647232584
16.272,-1.48120698863e-12,0.00166718219322
16.274,-1.45806312943e-12,0.00166789206059
16.276,-1.43491927023e-12,0.00166860192797
16.278,-1.41177541103e-12,0.00166931179534
16.28,-1.38863155184e-12,0.00167002166272
16.282,-1.36548769264e-12,0.00167073153009
16.284,-1.34234383344e-12,0.00167144139746
16.286,-1.31919997424e-12,0.00167215126484
16.288,-1.29605611505e-12,0.00167286113221
16.29,-1.27291225585e-12,0.00167357099959
16.292,-1.24976839665e-12,0.00167428086696
16.294,-1.22662453746e-12,0.00167499073434
16.296,-1.20348067826e-12,0.00167570060171
16.298,-1.18033681906e-12,0.00167641046908
16.3,-1.15719295986e-12,0.00167712033646
16.302,-1.13404910067e-12,0.00167783020383
16.304,-1.11090524147e-12,0.00167854007121
16.306,-1.08776138227e-12,0.00167924993858
16.308,-1.06461752307e-12,0.00167995980596
16.31,-1.04147366388e-12,0.00168066967333
16.312,-1.01832980468e-12,0.0016813795407
16.314,-9.95185945483e-13,0.00168208940808
16.316,-9.72042086286e-13,0.00168279927545
16.318,-9.48898227088e-13,0.00168350914283
16.32,-9.25754367891e-13,0.0016842190102
16.322,-9.02610508694e-13,0.00168492887758
16.324,-8.79466649496e-13,0.00168563874495
16.326,-8.56322790299e-13,0.00168634861232
16.328,-8.33178931102e-13,0.0016870584797
16.33,-8.10035071905e-13,0.00168776834707
16.332,-7.86891212707e-13,0.00168847821445
16.334,-7.6374735351e-13,0.00168918808182
16.336,-7.40603494313e-13,0.0016898979492
16.338,-7.17459635115e-13,0.00169060781657
16.34,-6.94315775918e-13,0.00169131768394
16.342,-6.71171916721e-13,0.00169202755132
16.344,-6.48028057524e-13,0.00169273741869
16.346,-6.24884198326e-13,0.00169344728607
16.348,-6.01740339129e-13,0.00169415715344
16.35,-5.78596479932e-13,0.00169486702082
16.352,-5.55452620735e-13,0.00169557688819
16.354,-5.32308761537e-13,0.00169628675556
16.356,-5.0916490234e-13,0.00169699662294
16.358,-4.86021043143e-13,0.00169770649031
16.36,-4.62877183945e-13,0.00169841635769
16.362,-4.39733324748e-13,0.00169912622506
16.364,-4.16589465551e-13,0.00169983609244
16.366,-3.93445606354e-13,0.00170054595981
16.368,-3.70301747156e-13,0.00170125582718
16.37,-3.47157887959e-13,0.00170196569456
16.372,-3.24014028762e-13,0.00170267556193
16.374,-3.00870169564e-13,0.00170338542931
16.376,-2.77726310367e-13,0.00170409529668
16.378,-2.5458245117e-13,0.00170480516406
16.38,-2.31438591973e-13,0.00170551503143
16.382,-2.08294732775e-13,0.0017062248988
16.384,-1.85150873578e-13,0.00170693476618
16.386,-1.62007014381e-13,0.00170764463355
16.388,-1.38863155184e-13,0.00170835450093
16.39,-1.15719295986e-13,0.0017090643683
16.392,-9.25754367889e-14,0.00170977423568
16.394,-6.94315775917e-14,0.00171048410305
16.396,-4.62877183944e-14,0.00171119397042
16.398,-2.31438591971e-14,0.0017119038378
16.4,-4.93341030902e-25,0.00171261370517
16.402,-6.94315775924e-14,0.00171333171052
16.404,-1.38863155184e-13,0.00171404971587
16.406,-2.08294732776e-13,0.00171476772123
16.408,-2.77726310368e-13,0.00171548572658
16.41,-3.4715788796e-13,0.00171620373193
16.412,-4.16589465552e-13,0.00171692173728
16.414,-4.86021043143e-13,0.00171763974263
16.416,-5.55452620735e-13,0.00171835774798
16.418,-6.24884198327e-13,0.00171907575333
16.42,-6.94315775919e-13,0.00171979375868
16.422,-7.63747353511e-13,0.00172051176403
16.424,-8.33178931103e-13,0.00172122976938
16.426,-9.02610508694e-13,0.00172194777473
16.428,-9.72042086286e-13,0.00172266578008
16.43,-1.04147366388e-12,0.00172338378544
16.432,-1.11090524147e-12,0.00172410179079
16.434,-1.18033681906e-12,0.00172481979614
16.436,-1.24976839665e-12,0.00172553780149
16.438,-1.31919997425e-12,0.00172625580684
16.44,-1.38863155184e-12,0.00172697381219
16.442,-1.45806312943e-12,0.00172769181754
16.444,-1.52749470702e-12,0.00172840982289
16.446,-1.59692628461e-12,0.00172912782824
16.448,-1.6663578622e-12,0.00172984583359
16.45,-1.7357894398e-12,0.00173056383894
16.452,-1.80522101739e-12,0.00173128184429
16.454,-1.87465259498e-12,0.00173199984965
16.456,-1.94408417257e-12,0.001732717855
16.458,-2.01351575016e-12,0.00173343586035
16.46,-2.08294732776e-12,0.0017341538657
16.462,-2.15237890535e-12,0.00173487187105
16.464,-2.22181048294e-12,0.0017355898764
16.466,-2.29124206053e-12,0.00173630788175
16.468,-2.36067363812e-12,0.0017370258871
16.47,-2.43010521571e-12,0.00173774389245
16.472,-2.49953679331e-12,0.0017384618978
16.474,-2.5689683709e-12,0.00173917990315
16.476,-2.63839994849e-12,0.00173989790851
16.478,-2.70783152608e-12,0.00174061591386
16.48,-2.77726310367e-12,0.00174133391921
16.482,-2.84669468127e-12,0.00174205192456
16.484,-2.91612625886e-12,0.00174276992991
16.486,-2.98555783645e-12,0.00174348793526
16.488,-3.05498941404e-12,0.00174420594061
16.49,-3.12442099163e-12,0.00174492394596
16.492,-3.19385256923e-12,0.00174564195131
16.494,-3.26328414682e-12,0.00174635995666
16.496,-3.33271572441e-12,0.00174707796201
16.498,-3.402147302e-12,0.00174779596736
16.5,-3.47157887959e-12,0.00174851397272
16.502,-3.54101045718e-12,0.00174923197807
16.504,-3.61044203478e-12,0.00174994998342
16.506,-3.67987361237e-12,0.00175066798877
16.508,-3.74930518996e-12,0.00175138599412
16.51,-3.81873676755e-12,0.00175210399947
16.512,-3.88816834514e-12,0.00175282200482
16.514,-3.95759992274e-12,0.00175354001017
16.516,-4.02703150033e-12,0.00175425801552
16.518,-4.09646307792e-12,0.00175497602087
16.52,-4.16589465551e-12,0.00175569402622
16.522,-4.2353262331e-12,0.00175641203158
16.524,-4.30475781069e-12,0.00175713003693
16.526,-4.37418938829e-12,0.00175784804228
16.528,-4.44362096588e-12,0.00175856604763
16.53,-4.51305254347e-12,0.00175928405298
16.532,-4.58248412106e-12,0.00176000205833
16.534,-4.65191569865e-12,0.00176072006368
16.536,-4.72134727625e-12,0.00176143806903
16.538,-4.79077885384e-12,0.00176215607438
16.54,-4.86021043143e-12,0.00176287407973
16.542,-4.92964200902e-12,0.00176359208508
16.544,-4.99907358661e-12,0.00176431009043
16.546,-5.0685051642e-12,0.00176502809579
16.548,-5.1379367418e-12,0.00176574610114
16.55,-5.20736831939e-12,0.00176646410649
16.552,-5.27679989698e-12,0.00176718211184
16.554,-5.34623147457e-12,0.00176790011719
16.556,-5.41566305216e-12,0.00176861812254
16.558,-5.48509462976e-12,0.00176933612789
16.56,-5.55452620735e-12,0.00177005413324
16.562,-5.62395778494e-12,0.00177077213859
16.564,-5.69338936253e-12,0.00177149014394
16.566,-5.76282094012e-12,0.00177220814929
16.568,-5.83225251771e-12,0.00177292615464
16.57,-5.90168409531e-12,0.00177364416
16.572,-5.9711156729e-12,0.00177436216535
16.574,-6.04054725049e-12,0.0017750801707
16.576,-6.10997882808e-12,0.00177579817605
16.578,-6.17941040567e-12,0.0017765161814
16.58,-6.24884198327e-12,0.00177723418675
16.582,-6.31827356086e-12,0.0017779521921
16.584,-6.38770513845e-12,0.00177867019745
16.586,-6.45713671604e-12,0.0017793882028
16.588,-6.52656829363e-12,0.00178010620815
16.59,-6.59599987122e-12,0.0017808242135
16.592,-6.66543144882e-12,0.00178154221886
16.594,-6.73486302641e-12,0.00178226022421
16.596,-6.804294604e-12,0.00178297822956
16.598,-6.87372618159e-12,0.00178369623491
16.6,-6.94315775918e-12,0.00178441424026
16.602,-6.87372618159e-12,0.00178514204538
16.604,-6.804294604e-12,0.00178586985049
16.606,-6.73486302641e-12,0.00178659765561
16.608,-6.66543144882e-12,0.00178732546073
16.61,-6.59599987122e-12,0.00178805326584
16.612,-6.52656829363e-12,0.00178878107096
16.614,-6.45713671604e-12,0.00178950887608
16.616,-6.38770513845e-12,0.00179023668119
16.618,-6.31827356086e-12,0.00179096448631
16.62,-6.24884198326e-12,0.00179169229143
16.622,-6.17941040567e-12,0.00179242009654
16.624,-6.10997882808e-12,0.00179314790166
16.626,-6.04054725049e-12,0.00179387570678
16.628,-5.9711156729e-12,0.00179460351189
16.63,-5.90168409531e-12,0.00179533131701
16.632,-5.83225251771e-12,0.00179605912213
16.634,-5.76282094012e-12,0.00179678692724
16.636,-5.69338936253e-12,0.00179751473236
16.638,-5.62395778494e-12,0.00179824253748
16.64,-5.55452620735e-12,0.0017989703426
16.642,-5.48509462975e-12,0.00179969814771
16.644,-5.41566305216e-12,0.00180042595283
16.646,-5.34623147457e-12,0.00180115375795
16.648,-5.27679989698e-12,0.00180188156306
16.65,-5.20736831939e-12,0.00180260936818
16.652,-5.1379367418e-12,0.0018033371733
16.654,-5.0685051642e-12,0.00180406497841
16.656,-4.99907358661e-12,0.00180479278353
16.658,-4.92964200902e-12,0.00180552058865
16.66,-4.86021043143e-12,0.00180624839376
16.662,-4.79077885384e-12,0.00180697619888
16.664,-4.72134727624e-12,0.001807704004
16.666,-4.65191569865e-12,0.00180843180911
16.668,-4.58248412106e-12,0.00180915961423
16.67,-4.51305254347e-12,0.00180988741935
16.672,-4.44362096588e-12,0.00181061522446
16.674,-4.37418938829e-12,0.00181134302958
16.676,-4.30475781069e-12,0.0018120708347
16.678,-4.2353262331e-12,0.00181279863982
16.68,-4.16589465551e-12,0.00181352644493
16.682,-4.09646307792e-12,0.00181425425005
16.684,-4.02703150033e-12,0.00181498205517
16.686,-3.95759992273e-12,0.00181570986028
16.688,-3.88816834514e-12,0.0018164376654
16.69,-3.81873676755e-12,0.00181716547052
16.692,-3.74930518996e-12,0.00181789327563
16.694,-3.67987361237e-12,0.00181862108075
16.696,-3.61044203477e-12,0.00181934888587
16.698,-3.54101045718e-12,0.00182007669098
16.7,-3.47157887959e-12,0.0018208044961
16.702,-3.402147302e-12,0.00182153230122
16.704,-3.33271572441e-12,0.00182226010633
16.706,-3.26328414682e-12,0.00182298791145
16.708,-3.19385256922e-12,0.00182371571657
16.71,-3.12442099163e-12,0.00182444352168
16.712,-3.05498941404e-12,0.0018251713268
16.714,-2.98555783645e-12,0.00182589913192
16.716,-2.91612625886e-12,0.00182662693704
16.718,-2.84669468126e-12,0.00182735474215
16.72,-2.77726310367e-12,0.00182808254727
16.722,-2.70783152608e-12,0.00182881035239
16.724,-2.63839994849e-12,0.0018295381575
16.726,-2.5689683709e-12,0.00183026596262
16.728,-2.49953679331e-12,0.00183099376774
16.73,-2.43010521571e-12,0.00183172157285
16.732,-2.36067363812e-12,0.00183244937797
16.734,-2.29124206053e-12,0.00183317718309
16.736,-2.22181048294e-12,0.0018339049882
16.738,-2.15237890535e-12,0.00183463279332
16.74,-2.08294732775e-12,0.00183536059844
16.742,-2.01351575016e-12,0.00183608840355
16.744,-1.94408417257e-12,0.00183681620867
16.746,-1.87465259498e-12,0.00183754401379
16.748,-1.80522101739e-12,0.0018382718189
16.75,-1.7357894398e-12,0.00183899962402
16.752,-1.6663578622e-12,0.00183972742914
16.754,-1.59692628461e-12,0.00184045523426
16.756,-1.52749470702e-12,0.00184118303937
16.758,-1.45806312943e-12,0.00184191084449
16.76,-1.38863155184e-12,0.00184263864961
16.762,-1.31919997424e-12,0.00184336645472
16.764,-1.24976839665e-12,0.00184409425984
16.766,-1.18033681906e-12,0.00184482206496
16.768,-1.11090524147e-12,0.00184554987007
16.77,-1.04147366388e-12,0.00184627767519
16.772,-9.72042086285e-13,0.00184700548031
16.774,-9.02610508693e-13,0.00184773328542
16.776,-8.33178931102e-13,0.00184846109054
16.778,-7.6374735351e-13,0.00184918889566
16.78,-6.94315775918e-13,0.00184991670077
16.782,-6.24884198326e-13,0.00185064450589
16.784,-5.55452620734e-13,0.00185137231101
16.786,-4.86021043142e-13,0.00185210011612
16.788,-4.16589465551e-13,0.00185282792124
16.79,-3.47157887959e-13,0.00185355572636
16.792,-2.77726310367e-13,0.00185428353148
16.794,-2.08294732775e-13,0.00185501133659
16.796,-1.38863155183e-13,0.00185573914171
16.798,-6.94315775914e-14,0.00185646694683
16.8,-0,0.00185719475194
16.802,-0,0.00185793387208
16.804,-0,0.00185867299221
16.806,-0,0.00185941211234
16.808,-0,0.00186015123248
16.81,-0,0.00186089035261
16.812,-0,0.00186162947274
16.814,-0,0.00186236859288
16.816,-0,0.00186310771301
16.818,-0,0.00186384683314
16.82,-0,0.00186458595328
16.822,-0,0.00186532507341
16.824,-0,0.00186606419354
16.826,-0,0.00186680331368
16.828,-0,0.00186754243381
16.83,-0,0.00186828155394
16.832,-0,0.00186902067408
16.834,-0,0.00186975979421
16.836,-0,0.00187049891435
16.838,-0,0.00187123803448
16.84,-0,0.00187197715461
16.842,-0,0.00187271627475
16.844,-0,0.00187345539488
16.846,-0,0.00187419451501
16.848,-0,0.00187493363515
16.85,-0,0.00187567275528
16.852,-0,0.00187641187541
16.854,-0,0.00187715099555
16.856,-0,0.00187789011568
16.858,-0,0.00187862923581
16.86,-0,0.00187936835595
16.862,-0,0.00188010747608
16.864,-0,0.00188084659621
16.866,-0,0.00188158571635
16.868,-0,0.00188232483648
16.87,-0,0.00188306395661
16.872,-0,0.00188380307675
16.874,-0,0.00188454219688
16.876,-0,0.00188528131701
16.878,-0,0.00188602043715
16.88,-0,0.00188675955728
16.882,-0,0.00188749867742
16.884,-0,0.00188823779755
16.886,-0,0.00188897691768
16.888,-0,0.00188971603782
16.89,-0,0.00189045515795
16.892,-0,0.00189119427808
16.894,-0,0.00189193339822
16.896,-0,0.00189267251835
16.898,-0,0.00189341163848
16.9,-0,0.00189415075862
16.902,-0,0.00189488987875
16.904,-0,0.00189562899888
16.906,-0,0.00189636811902
16.908,-0,0.00189710723915
16.91,-0,0.00189784635928
16.912,-0,0.00189858547942
16.914,-0,0.00189932459955
16.916,-0,0.00190006371968
16.918,-0,0.00190080283982
16.92,-0,0.00190154195995
16.922,-0,0.00190228108008
16.924,-0,0.00190302020022
16.926,-0,0.00190375932035
16.928,-0,0.00190449844048
16.93,-0,0.00190523756062
16.932,-0,0.00190597668075
16.934,-0,0.00190671580089
16.936,-0,0.00190745492102
16.938,-0,0.00190819404115
16.94,-0,0.00190893316129
16.942,-0,0.00190967228142
16.944,-0,0.00191041140155
16.946,-0,0.00191115052169
16.948,-0,0.00191188964182
16.95,-0,0.00191262876195
16.952,-0,0.00191336788209
16.954,-0,0.00191410700222
16.956,-0,0.00191484612235
16.958,-0,0.00191558524249
16.96,-0,0.00191632436262
16.962,-0,0.00191706348275
16.964,-0,0.00191780260289
16.966,-0,0.00191854172302
16.968,-0,0.00191928084315
16.97,-0,0.00192001996329
16.972,-0,0.00192075908342
16.974,-0,0.00192149820355
16.976,-0,0.00192223732369
16.978,-0,0.00192297644382
16.98,-0,0.00192371556396
16.982,-0,0.00192445468409
16.984,-0,0.00192519380422
16.986,-0,0.00192593292436
16.988,-0,0.00192667204449
16.99,-0,0.00192741116462
16.992,-0,0.00192815028476
16.994,-0,0.00192888940489
16.996,-0,0.00192962852502
16.998,-0,0.00193036764516
17,-0,0.00193110676529
17.002,-0,0.00193185862133
17.004,-0,0.00193261047737
17.006,-0,0.0019333623334
17.008,-0,0.00193411418944
17.01,-0,0.00193486604548
17.012,-0,0.00193561790151
17.014,-0,0.00193636975755
17.016,-0,0.00193712161359
17.018,-0,0.00193787346963
17.02,-0,0.00193862532566
17.022,-0,0.0019393771817
17.024,-0,0.00194012903774
17.026,-0,0.00194088089378
17.028,-0,0.00194163274981
17.03,-0,0.00194238460585
17.032,-0,0.00194313646189
17.034,-0,0.00194388831793
17.036,-0,0.00194464017396
17.038,-0,0.00194539203
17.04,-0,0.00194614388604
17.042,-0,0.00194689574208
17.044,-0,0.00194764759811
17.046,-0,0.00194839945415
17.048,-0,0.00194915131019
17.05,-0,0.00194990316623
17.052,-0,0.00195065502226
17.054,-0,0.0019514068783
17.056,-0,0.00195215873434
17.058,-0,0.00195291059038
17.06,-0,0.00195366244641
17.062,-0,0.00195441430245
17.064,-0,0.00195516615849
17.066,-0,0.00195591801453
17.068,-0,0.00195666987056
17.07,-0,0.0019574217266
17.072,-0,0.00195817358264
17.074,-0,0.00195892543868
17.076,-0,0.00195967729471
17.078,-0,0.00196042915075
17.08,-0,0.00196118100679
17.082,-0,0.00196193286283
17.084,-0,0.00196268471886
17.086,-0,0.0019634365749
17.088,-0,0.00196418843094
17.09,-0,0.00196494028698
17.092,-0,0.00196569214301
17.094,-0,0.00196644399905
17.096,-0,0.00196719585509
17.098,-0,0.00196794771113
17.1,-0,0.00196869956716
17.102,-0,0.0019694514232
17.104,-0,0.00197020327924
17.106,-0,0.00197095513528
17.108,-0,0.00197170699131
17.11,-0,0.00197245884735
17.112,-0,0.00197321070339
17.114,-0,0.00197396255943
17.116,-0,0.00197471441546
17.118,-0,0.0019754662715
17.12,-0,0.00197621812754
17.122,-0,0.00197696998358
17.124,-0,0.00197772183961
17.126,-0,0.00197847369565
17.128,-0,0.00197922555169
17.13,-0,0.00197997740773
17.132,-0,0.00198072926376
17.134,-0,0.0019814811198
17.136,-0,0.00198223297584
17.138,-0,0.00198298483188
17.14,-0,0.00198373668791
17.142,-0,0.00198448854395
17.144,-0,0.00198524039999
17.146,-0,0.00198599225603
17.148,-0,0.00198674411206
17.15,-0,0.0019874959681
17.152,-0,0.00198824782414
17.154,-0,0.00198899968018
17.156,-0,0.00198975153621
17.158,-0,0.00199050339225
17.16,-0,0.00199125524829
17.162,-0,0.00199200710433
17.164,-0,0.00199275896036
17.166,-0,0.0019935108164
17.168,-0,0.00199426267244
17.17,-0,0.00199501452848
17.172,-0,0.00199576638451
17.174,-0,0.00199651824055
17.176,-0,0.00199727009659
17.178,-0,0.00199802195263
17.18,-0,0.00199877380866
17.182,-0,0.0019995256647
17.184,-0,0.00200027752074
17.186,-0,0.00200102937678
17.188,-0,0.00200178123281
17.19,-0,0.00200253308885
17.192,-0,0.00200328494489
17.194,-0,0.00200403680093
17.196,-0,0.00200478865696
17.198,-0,0.002005540513
17.2,-3.28894020602e-25,0.00200629236904
17.202,-4.62877183949e-14,0.00200705831842
17.204,-9.25754367895e-14,0.0020078242678
17.206,-1.38863155184e-13,0.00200859021717
17.208,-1.85150873579e-13,0.00200935616655
17.21,-2.31438591973e-13,0.00201012211593
17.212,-2.77726310368e-13,0.00201088806531
17.214,-3.24014028762e-13,0.00201165401468
17.216,-3.70301747157e-13,0.00201241996406
17.218,-4.16589465551e-13,0.00201318591344
17.22,-4.62877183946e-13,0.00201395186282
17.222,-5.09164902341e-13,0.0020147178122
17.224,-5.55452620735e-13,0.00201548376157
17.226,-6.01740339129e-13,0.00201624971095
17.228,-6.48028057524e-13,0.00201701566033
17.23,-6.94315775919e-13,0.00201778160971
17.232,-7.40603494313e-13,0.00201854755909
17.234,-7.86891212708e-13,0.00201931350846
17.236,-8.33178931102e-13,0.00202007945784
17.238,-8.79466649497e-13,0.00202084540722
17.24,-9.25754367891e-13,0.0020216113566
17.242,-9.72042086286e-13,0.00202237730597
17.244,-1.01832980468e-12,0.00202314325535
17.246,-1.06461752308e-12,0.00202390920473
17.248,-1.11090524147e-12,0.00202467515411
17.25,-1.15719295986e-12,0.00202544110349
17.252,-1.20348067826e-12,0.00202620705286
17.254,-1.24976839665e-12,0.00202697300224
17.256,-1.29605611505e-12,0.00202773895162
17.258,-1.34234383344e-12,0.002028504901
17.26,-1.38863155184e-12,0.00202927085038
17.262,-1.43491927023e-12,0.00203003679975
17.264,-1.48120698863e-12,0.00203080274913
17.266,-1.52749470702e-12,0.00203156869851
17.268,-1.57378242542e-12,0.00203233464789
17.27,-1.62007014381e-12,0.00203310059727
17.272,-1.6663578622e-12,0.00203386654664
17.274,-1.7126455806e-12,0.00203463249602
17.276,-1.75893329899e-12,0.0020353984454
17.278,-1.80522101739e-12,0.00203616439478
17.28,-1.85150873578e-12,0.00203693034415
17.282,-1.89779645418e-12,0.00203769629353
17.284,-1.94408417257e-12,0.00203846224291
17.286,-1.99037189097e-12,0.00203922819229
17.288,-2.03665960936e-12,0.00203999414167
17.29,-2.08294732776e-12,0.00204076009104
17.292,-2.12923504615e-12,0.00204152604042
17.294,-2.17552276454e-12,0.0020422919898
17.296,-2.22181048294e-12,0.00204305793918
17.298,-2.26809820133e-12,0.00204382388856
17.3,-2.31438591973e-12,0.00204458983793
17.302,-2.36067363812e-12,0.00204535578731
17.304,-2.40696135652e-12,0.00204612173669
17.306,-2.45324907491e-12,0.00204688768607
17.308,-2.49953679331e-12,0.00204765363544
17.31,-2.5458245117e-12,0.00204841958482
17.312,-2.5921122301e-12,0.0020491855342
17.314,-2.63839994849e-12,0.00204995148358
17.316,-2.68468766688e-12,0.00205071743296
17.318,-2.73097538528e-12,0.00205148338233
17.32,-2.77726310367e-12,0.00205224933171
17.322,-2.82355082207e-12,0.00205301528109
17.324,-2.86983854046e-12,0.00205378123047
17.326,-2.91612625886e-12,0.00205454717985
17.328,-2.96241397725e-12,0.00205531312922
17.33,-3.00870169565e-12,0.0020560790786
17.332,-3.05498941404e-12,0.00205684502798
17.334,-3.10127713244e-12,0.00205761097736
17.336,-3.14756485083e-12,0.00205837692674
17.338,-3.19385256922e-12,0.00205914287611
17.34,-3.24014028762e-12,0.00205990882549
17.342,-3.28642800601e-12,0.00206067477487
17.344,-3.33271572441e-12,0.00206144072425
17.346,-3.3790034428e-12,0.00206220667362
17.348,-3.4252911612e-12,0.002062972623
17.35,-3.47157887959e-12,0.00206373857238
17.352,-3.51786659799e-12,0.00206450452176
17.354,-3.56415431638e-12,0.00206527047114
17.356,-3.61044203478e-12,0.00206603642051
17.358,-3.65672975317e-12,0.00206680236989
17.36,-3.70301747156e-12,0.00206756831927
17.362,-3.74930518996e-12,0.00206833426865
17.364,-3.79559290835e-12,0.00206910021803
17.366,-3.84188062675e-12,0.0020698661674
17.368,-3.88816834514e-12,0.00207063211678
17.37,-3.93445606354e-12,0.00207139806616
17.372,-3.98074378193e-12,0.00207216401554
17.374,-4.02703150033e-12,0.00207292996491
17.376,-4.07331921872e-12,0.00207369591429
17.378,-4.11960693712e-12,0.00207446186367
17.38,-4.16589465551e-12,0.00207522781305
17.382,-4.21218237391e-12,0.00207599376243
17.384,-4.2584700923e-12,0.0020767597118
17.386,-4.30475781069e-12,0.00207752566118
17.388,-4.35104552909e-12,0.00207829161056
17.39,-4.39733324748e-12,0.00207905755994
17.392,-4.44362096588e-12,0.00207982350932
17.394,-4.48990868427e-12,0.00208058945869
17.396,-4.53619640267e-12,0.00208135540807
17.398,-4.58248412106e-12,0.00208212135745
17.4,-4.62877183946e-12,0.00208288730683
17.402,-4.60562798026e-12,0.00208366867871
17.404,-4.58248412106e-12,0.0020844500506
17.406,-4.55934026186e-12,0.00208523142248
17.408,-4.53619640267e-12,0.00208601279437
17.41,-4.51305254347e-12,0.00208679416625
17.412,-4.48990868427e-12,0.00208757553814
17.414,-4.46676482507e-12,0.00208835691002
17.416,-4.44362096588e-12,0.0020891382819
17.418,-4.42047710668e-12,0.00208991965379
17.42,-4.39733324748e-12,0.00209070102567
17.422,-4.37418938829e-12,0.00209148239756
17.424,-4.35104552909e-12,0.00209226376944
17.426,-4.32790166989e-12,0.00209304514133
17.428,-4.30475781069e-12,0.00209382651321
17.43,-4.2816139515e-12,0.0020946078851
17.432,-4.2584700923e-12,0.00209538925698
17.434,-4.2353262331e-12,0.00209617062887
17.436,-4.2121823739e-12,0.00209695200075
17.438,-4.18903851471e-12,0.00209773337264
17.44,-4.16589465551e-12,0.00209851474452
17.442,-4.14275079631e-12,0.0020992961164
17.444,-4.11960693712e-12,0.00210007748829
17.446,-4.09646307792e-12,0.00210085886017
17.448,-4.07331921872e-12,0.00210164023206
17.45,-4.05017535952e-12,0.00210242160394
17.452,-4.02703150033e-12,0.00210320297583
17.454,-4.00388764113e-12,0.00210398434771
17.456,-3.98074378193e-12,0.0021047657196
17.458,-3.95759992273e-12,0.00210554709148
17.46,-3.93445606354e-12,0.00210632846337
17.462,-3.91131220434e-12,0.00210710983525
17.464,-3.88816834514e-12,0.00210789120714
17.466,-3.86502448595e-12,0.00210867257902
17.468,-3.84188062675e-12,0.00210945395091
17.47,-3.81873676755e-12,0.00211023532279
17.472,-3.79559290835e-12,0.00211101669467
17.474,-3.77244904916e-12,0.00211179806656
17.476,-3.74930518996e-12,0.00211257943844
17.478,-3.72616133076e-12,0.00211336081033
17.48,-3.70301747156e-12,0.00211414218221
17.482,-3.67987361237e-12,0.0021149235541
17.484,-3.65672975317e-12,0.00211570492598
17.486,-3.63358589397e-12,0.00211648629787
17.488,-3.61044203478e-12,0.00211726766975
17.49,-3.58729817558e-12,0.00211804904164
17.492,-3.56415431638e-12,0.00211883041352
17.494,-3.54101045718e-12,0.00211961178541
17.496,-3.51786659799e-12,0.00212039315729
17.498,-3.49472273879e-12,0.00212117452917
17.5,-3.47157887959e-12,0.00212195590106
17.502,-3.44843502039e-12,0.00212273727294
17.504,-3.4252911612e-12,0.00212351864483
17.506,-3.402147302e-12,0.00212430001671
17.508,-3.3790034428e-12,0.0021250813886
17.51,-3.35585958361e-12,0.00212586276048
17.512,-3.33271572441e-12,0.00212664413237
17.514,-3.30957186521e-12,0.00212742550425
17.516,-3.28642800601e-12,0.00212820687614
17.518,-3.26328414682e-12,0.00212898824802
17.52,-3.24014028762e-12,0.00212976961991
17.522,-3.21699642842e-12,0.00213055099179
17.524,-3.19385256922e-12,0.00213133236368
17.526,-3.17070871003e-12,0.00213211373556
17.528,-3.14756485083e-12,0.00213289510744
17.53,-3.12442099163e-12,0.00213367647933
17.532,-3.10127713244e-12,0.00213445785121
17.534,-3.07813327324e-12,0.0021352392231
17.536,-3.05498941404e-12,0.00213602059498
17.538,-3.03184555484e-12,0.00213680196687
17.54,-3.00870169565e-12,0.00213758333875
17.542,-2.98555783645e-12,0.00213836471064
17.544,-2.96241397725e-12,0.00213914608252
17.546,-2.93927011805e-12,0.00213992745441
17.548,-2.91612625886e-12,0.00214070882629
17.55,-2.89298239966e-12,0.00214149019818
17.552,-2.86983854046e-12,0.00214227157006
17.554,-2.84669468127e-12,0.00214305294194
17.556,-2.82355082207e-12,0.00214383431383
17.558,-2.80040696287e-12,0.00214461568571
17.56,-2.77726310367e-12,0.0021453970576
17.562,-2.75411924448e-12,0.00214617842948
17.564,-2.73097538528e-12,0.00214695980137
17.566,-2.70783152608e-12,0.00214774117325
17.568,-2.68468766688e-12,0.00214852254514
17.57,-2.66154380769e-12,0.00214930391702
17.572,-2.63839994849e-12,0.00215008528891
17.574,-2.61525608929e-12,0.00215086666079
17.576,-2.5921122301e-12,0.00215164803268
17.578,-2.5689683709e-12,0.00215242940456
17.58,-2.5458245117e-12,0.00215321077645
17.582,-2.5226806525e-12,0.00215399214833
17.584,-2.49953679331e-12,0.00215477352021
17.586,-2.47639293411e-12,0.0021555548921
17.588,-2.45324907491e-12,0.00215633626398
17.59,-2.43010521571e-12,0.00215711763587
17.592,-2.40696135652e-12,0.00215789900775
17.594,-2.38381749732e-12,0.00215868037964
17.596,-2.36067363812e-12,0.00215946175152
17.598,-2.33752977893e-12,0.00216024312341
17.6,-2.31438591973e-12,0.00216102449529
17.602,-2.29124206053e-12,0.00216182261296
17.604,-2.26809820133e-12,0.00216262073062
17.606,-2.24495434214e-12,0.00216341884829
17.608,-2.22181048294e-12,0.00216421696595
17.61,-2.19866662374e-12,0.00216501508362
17.612,-2.17552276454e-12,0.00216581320129
17.614,-2.15237890535e-12,0.00216661131895
17.616,-2.12923504615e-12,0.00216740943662
17.618,-2.10609118695e-12,0.00216820755428
17.62,-2.08294732775e-12,0.00216900567195
17.622,-2.05980346856e-12,0.00216980378961
17.624,-2.03665960936e-12,0.00217060190728
17.626,-2.01351575016e-12,0.00217140002494
17.628,-1.99037189097e-12,0.00217219814261
17.63,-1.96722803177e-12,0.00217299626028
17.632,-1.94408417257e-12,0.00217379437794
17.634,-1.92094031337e-12,0.00217459249561
17.636,-1.89779645418e-12,0.00217539061327
17.638,-1.87465259498e-12,0.00217618873094
17.64,-1.85150873578e-12,0.0021769868486
17.642,-1.82836487658e-12,0.00217778496627
17.644,-1.80522101739e-12,0.00217858308393
17.646,-1.78207715819e-12,0.0021793812016
17.648,-1.75893329899e-12,0.00218017931927
17.65,-1.7357894398e-12,0.00218097743693
17.652,-1.7126455806e-12,0.0021817755546
17.654,-1.6895017214e-12,0.00218257367226
17.656,-1.6663578622e-12,0.00218337178993
17.658,-1.64321400301e-12,0.00218416990759
17.66,-1.62007014381e-12,0.00218496802526
17.662,-1.59692628461e-12,0.00218576614292
17.664,-1.57378242541e-12,0.00218656426059
17.666,-1.55063856622e-12,0.00218736237826
17.668,-1.52749470702e-12,0.00218816049592
17.67,-1.50435084782e-12,0.00218895861359
17.672,-1.48120698863e-12,0.00218975673125
17.674,-1.45806312943e-12,0.00219055484892
17.676,-1.43491927023e-12,0.00219135296658
17.678,-1.41177541103e-12,0.00219215108425
17.68,-1.38863155184e-12,0.00219294920192
17.682,-1.36548769264e-12,0.00219374731958
17.684,-1.34234383344e-12,0.00219454543725
17.686,-1.31919997424e-12,0.00219534355491
17.688,-1.29605611505e-12,0.00219614167258
17.69,-1.27291225585e-12,0.00219693979024
17.692,-1.24976839665e-12,0.00219773790791
17.694,-1.22662453746e-12,0.00219853602557
17.696,-1.20348067826e-12,0.00219933414324
17.698,-1.18033681906e-12,0.00220013226091
17.7,-1.15719295986e-12,0.00220093037857
17.702,-1.13404910067e-12,0.00220172849624
17.704,-1.11090524147e-12,0.0022025266139
17.706,-1.08776138227e-12,0.00220332473157
17.708,-1.06461752307e-12,0.00220412284923
17.71,-1.04147366388e-12,0.0022049209669
17.712,-1.01832980468e-12,0.00220571908456
17.714,-9.95185945483e-13,0.00220651720223
17.716,-9.72042086286e-13,0.0022073153199
17.718,-9.48898227088e-13,0.00220811343756
17.72,-9.25754367891e-13,0.00220891155523
17.722,-9.02610508694e-13,0.00220970967289
17.724,-8.79466649496e-13,0.00221050779056
17.726,-8.56322790299e-13,0.00221130590822
17.728,-8.33178931102e-13,0.00221210402589
17.73,-8.10035071905e-13,0.00221290214355
17.732,-7.86891212707e-13,0.00221370026122
17.734,-7.6374735351e-13,0.00221449837889
17.736,-7.40603494313e-13,0.00221529649655
17.738,-7.17459635115e-13,0.00221609461422
17.74,-6.94315775918e-13,0.00221689273188
17.742,-6.71171916721e-13,0.00221769084955
17.744,-6.48028057524e-13,0.00221848896721
17.746,-6.24884198326e-13,0.00221928708488
17.748,-6.01740339129e-13,0.00222008520254
17.75,-5.78596479932e-13,0.00222088332021
17.752,-5.55452620735e-13,0.00222168143788
17.754,-5.32308761537e-13,0.00222247955554
17.756,-5.0916490234e-13,0.00222327767321
17.758,-4.86021043143e-13,0.00222407579087
17.76,-4.62877183945e-13,0.00222487390854
17.762,-4.39733324748e-13,0.0022256720262
17.764,-4.16589465551e-13,0.00222647014387
17.766,-3.93445606354e-13,0.00222726826154
17.768,-3.70301747156e-13,0.0022280663792
17.77,-3.47157887959e-13,0.00222886449687
17.772,-3.24014028762e-13,0.00222966261453
17.774,-3.00870169564e-13,0.0022304607322
17.776,-2.77726310367e-13,0.00223125884986
17.778,-2.5458245117e-13,0.00223205696753
17.78,-2.31438591973e-13,0.00223285508519
17.782,-2.08294732775e-13,0.00223365320286
17.784,-1.85150873578e-13,0.00223445132053
17.786,-1.62007014381e-13,0.00223524943819
17.788,-1.38863155184e-13,0.00223604755586
17.79,-1.15719295986e-13,0.00223684567352
17.792,-9.25754367889e-14,0.00223764379119
17.794,-6.94315775917e-14,0.00223844190885
17.796,-4.62877183944e-14,0.00223924002652
17.798,-2.31438591971e-14,0.00224003814418
17.8,-1.64447010301e-25,0.00224083626185
17.802,-2.31438591974e-14,0.00224165247605
17.804,-4.62877183947e-14,0.00224246869024
17.806,-6.9431577592e-14,0.00224328490444
17.808,-9.25754367893e-14,0.00224410111863
17.81,-1.15719295987e-13,0.00224491733283
17.812,-1.38863155184e-13,0.00224573354702
17.814,-1.62007014381e-13,0.00224654976122
17.816,-1.85150873578e-13,0.00224736597541
17.818,-2.08294732776e-13,0.00224818218961
17.82,-2.31438591973e-13,0.0022489984038
17.822,-2.5458245117e-13,0.002249814618
17.824,-2.77726310368e-13,0.00225063083219
17.826,-3.00870169565e-13,0.00225144704639
17.828,-3.24014028762e-13,0.00225226326059
17.83,-3.47157887959e-13,0.00225307947478
17.832,-3.70301747157e-13,0.00225389568898
17.834,-3.93445606354e-13,0.00225471190317
17.836,-4.16589465551e-13,0.00225552811737
17.838,-4.39733324748e-13,0.00225634433156
17.84,-4.62877183946e-13,0.00225716054576
17.842,-4.86021043143e-13,0.00225797675995
17.844,-5.0916490234e-13,0.00225879297415
17.846,-5.32308761538e-13,0.00225960918834
17.848,-5.55452620735e-13,0.00226042540254
17.85,-5.78596479932e-13,0.00226124161673
17.852,-6.01740339129e-13,0.00226205783093
17.854,-6.24884198327e-13,0.00226287404512
17.856,-6.48028057524e-13,0.00226369025932
17.858,-6.71171916721e-13,0.00226450647352
17.86,-6.94315775919e-13,0.00226532268771
17.862,-7.17459635116e-13,0.00226613890191
17.864,-7.40603494313e-13,0.0022669551161
17.866,-7.6374735351e-13,0.0022677713303
17.868,-7.86891212708e-13,0.00226858754449
17.87,-8.10035071905e-13,0.00226940375869
17.872,-8.33178931102e-13,0.00227021997288
17.874,-8.563227903e-13,0.00227103618708
17.876,-8.79466649497e-13,0.00227185240127
17.878,-9.02610508694e-13,0.00227266861547
17.88,-9.25754367891e-13,0.00227348482966
17.882,-9.48898227089e-13,0.00227430104386
17.884,-9.72042086286e-13,0.00227511725806
17.886,-9.95185945483e-13,0.00227593347225
17.888,-1.01832980468e-12,0.00227674968645
17.89,-1.04147366388e-12,0.00227756590064
17.892,-1.06461752307e-12,0.00227838211484
17.894,-1.08776138227e-12,0.00227919832903
17.896,-1.11090524147e-12,0.00228001454323
17.898,-1.13404910067e-12,0.00228083075742
17.9,-1.15719295986e-12,0.00228164697162
17.902,-1.18033681906e-12,0.00228246318581
17.904,-1.20348067826e-12,0.00228327940001
17.906,-1.22662453746e-12,0.0022840956142
17.908,-1.24976839665e-12,0.0022849118284
17.91,-1.27291225585e-12,0.0022857280426
17.912,-1.29605611505e-12,0.00228654425679
17.914,-1.31919997425e-12,0.00228736047099
17.916,-1.34234383344e-12,0.00228817668518
17.918,-1.36548769264e-12,0.00228899289938
17.92,-1.38863155184e-12,0.00228980911357
17.922,-1.41177541103e-12,0.00229062532777
17.924,-1.43491927023e-12,0.00229144154196
17.926,-1.45806312943e-12,0.00229225775616
17.928,-1.48120698863e-12,0.00229307397035
17.93,-1.50435084782e-12,0.00229389018455
17.932,-1.52749470702e-12,0.00229470639874
17.934,-1.55063856622e-12,0.00229552261294
17.936,-1.57378242542e-12,0.00229633882714
17.938,-1.59692628461e-12,0.00229715504133
17.94,-1.62007014381e-12,0.00229797125553
17.942,-1.64321400301e-12,0.00229878746972
17.944,-1.6663578622e-12,0.00229960368392
17.946,-1.6895017214e-12,0.00230041989811
17.948,-1.7126455806e-12,0.00230123611231
17.95,-1.7357894398e-12,0.0023020523265
17.952,-1.75893329899e-12,0.0023028685407
17.954,-1.78207715819e-12,0.00230368475489
17.956,-1.80522101739e-12,0.00230450096909
17.958,-1.82836487659e-12,0.00230531718328
17.96,-1.85150873578e-12,0.00230613339748
17.962,-1.87465259498e-12,0.00230694961167
17.964,-1.89779645418e-12,0.00230776582587
17.966,-1.92094031337e-12,0.00230858204007
17.968,-1.94408417257e-12,0.00230939825426
17.97,-1.96722803177e-12,0.00231021446846
17.972,-1.99037189097e-12,0.00231103068265
17.974,-2.01351575016e-12,0.00231184689685
17.976,-2.03665960936e-12,0.00231266311104
17.978,-2.05980346856e-12,0.00231347932524
17.98,-2.08294732776e-12,0.00231429553943
17.982,-2.10609118695e-12,0.00231511175363
17.984,-2.12923504615e-12,0.00231592796782
17.986,-2.15237890535e-12,0.00231674418202
17.988,-2.17552276454e-12,0.00231756039621
17.99,-2.19866662374e-12,0.00231837661041
17.992,-2.22181048294e-12,0.00231919282461
17.994,-2.24495434214e-12,0.0023200090388
17.996,-2.26809820133e-12,0.002320825253
17.998,-2.29124206053e-12,0.00232164146719
18,-2.31438591973e-12,0.00232245768139
18.002,-2.29124206053e-12,0.00232329339263
18.004,-2.26809820133e-12,0.00232412910387
18.006,-2.24495434214e-12,0.00232496481512
18.008,-2.22181048294e-12,0.00232580052636
18.01,-2.19866662374e-12,0.0023266362376
18.012,-2.17552276454e-12,0.00232747194885
18.014,-2.15237890535e-12,0.00232830766009
18.016,-2.12923504615e-12,0.00232914337133
18.018,-2.10609118695e-12,0.00232997908258
18.02,-2.08294732775e-12,0.00233081479382
18.022,-2.05980346856e-12,0.00233165050507
18.024,-2.03665960936e-12,0.00233248621631
18.026,-2.01351575016e-12,0.00233332192755
18.028,-1.99037189097e-12,0.0023341576388
18.03,-1.96722803177e-12,0.00233499335004
18.032,-1.94408417257e-12,0.00233582906128
18.034,-1.92094031337e-12,0.00233666477253
18.036,-1.89779645418e-12,0.00233750048377
18.038,-1.87465259498e-12,0.00233833619501
18.04,-1.85150873578e-12,0.00233917190626
18.042,-1.82836487658e-12,0.0023400076175
18.044,-1.80522101739e-12,0.00234084332874
18.046,-1.78207715819e-12,0.00234167903999
18.048,-1.75893329899e-12,0.00234251475123
18.05,-1.7357894398e-12,0.00234335046247
18.052,-1.7126455806e-12,0.00234418617372
18.054,-1.6895017214e-12,0.00234502188496
18.056,-1.6663578622e-12,0.0023458575962
18.058,-1.64321400301e-12,0.00234669330745
18.06,-1.62007014381e-12,0.00234752901869
18.062,-1.59692628461e-12,0.00234836472994
18.064,-1.57378242541e-12,0.00234920044118
18.066,-1.55063856622e-12,0.00235003615242
18.068,-1.52749470702e-12,0.00235087186367
18.07,-1.50435084782e-12,0.00235170757491
18.072,-1.48120698863e-12,0.00235254328615
18.074,-1.45806312943e-12,0.0023533789974
18.076,-1.43491927023e-12,0.00235421470864
18.078,-1.41177541103e-12,0.00235505041988
18.08,-1.38863155184e-12,0.00235588613113
18.082,-1.36548769264e-12,0.00235672184237
18.084,-1.34234383344e-12,0.00235755755361
18.086,-1.31919997424e-12,0.00235839326486
18.088,-1.29605611505e-12,0.0023592289761
18.09,-1.27291225585e-12,0.00236006468734
18.092,-1.24976839665e-12,0.00236090039859
18.094,-1.22662453746e-12,0.00236173610983
18.096,-1.20348067826e-12,0.00236257182107
18.098,-1.18033681906e-12,0.00236340753232
18.1,-1.15719295986e-12,0.00236424324356
18.102,-1.13404910067e-12,0.00236507895481
18.104,-1.11090524147e-12,0.00236591466605
18.106,-1.08776138227e-12,0.00236675037729
18.108,-1.06461752307e-12,0.00236758608854
18.11,-1.04147366388e-12,0.00236842179978
18.112,-1.01832980468e-12,0.00236925751102
18.114,-9.95185945483e-13,0.00237009322227
18.116,-9.72042086286e-13,0.00237092893351
18.118,-9.48898227088e-13,0.00237176464475
18.12,-9.25754367891e-13,0.002372600356
18.122,-9.02610508694e-13,0.00237343606724
18.124,-8.79466649496e-13,0.00237427177848
18.126,-8.56322790299e-13,0.00237510748973
18.128,-8.33178931102e-13,0.00237594320097
18.13,-8.10035071905e-13,0.00237677891221
18.132,-7.86891212707e-13,0.00237761462346
18.134,-7.6374735351e-13,0.0023784503347
18.136,-7.40603494313e-13,0.00237928604594
18.138,-7.17459635115e-13,0.00238012175719
18.14,-6.94315775918e-13,0.00238095746843
18.142,-6.71171916721e-13,0.00238179317967
18.144,-6.48028057524e-13,0.00238262889092
18.146,-6.24884198326e-13,0.00238346460216
18.148,-6.01740339129e-13,0.00238430031341
18.15,-5.78596479932e-13,0.00238513602465
18.152,-5.55452620735e-13,0.00238597173589
18.154,-5.32308761537e-13,0.00238680744714
18.156,-5.0916490234e-13,0.00238764315838
18.158,-4.86021043143e-13,0.00238847886962
18.16,-4.62877183945e-13,0.00238931458087
18.162,-4.39733324748e-13,0.00239015029211
18.164,-4.16589465551e-13,0.00239098600335
18.166,-3.93445606354e-13,0.0023918217146
18.168,-3.70301747156e-13,0.00239265742584
18.17,-3.47157887959e-13,0.00239349313708
18.172,-3.24014028762e-13,0.00239432884833
18.174,-3.00870169564e-13,0.00239516455957
18.176,-2.77726310367e-13,0.00239600027081
18.178,-2.5458245117e-13,0.00239683598206
18.18,-2.31438591973e-13,0.0023976716933
18.182,-2.08294732775e-13,0.00239850740454
18.184,-1.85150873578e-13,0.00239934311579
18.186,-1.62007014381e-13,0.00240017882703
18.188,-1.38863155183e-13,0.00240101453828
18.19,-1.15719295986e-13,0.00240185024952
18.192,-9.25754367889e-14,0.00240268596076
18.194,-6.94315775916e-14,0.00240352167201
18.196,-4.62877183944e-14,0.00240435738325
18.198,-2.31438591971e-14,0.00240519309449
18.2,-0,0.00240602880574
18.202,-0,0.00240688549459
18.204,-0,0.00240774218345
18.206,-0,0.00240859887231
18.208,-0,0.00240945556116
18.21,-0,0.00241031225002
18.212,-0,0.00241116893888
18.214,-0,0.00241202562774
18.216,-0,0.00241288231659
18.218,-0,0.00241373900545
18.22,-0,0.00241459569431
18.222,-0,0.00241545238316
18.224,-0,0.00241630907202
18.226,-0,0.00241716576088
18.228,-0,0.00241802244973
18.23,-0,0.00241887913859
18.232,-0,0.00241973582745
18.234,-0,0.00242059251631
18.236,-0,0.00242144920516
18.238,-0,0.00242230589402
18.24,-0,0.00242316258288
18.242,-0,0.00242401927173
18.244,-0,0.00242487596059
18.246,-0,0.00242573264945
18.248,-0,0.0024265893383
18.25,-0,0.00242744602716
18.252,-0,0.00242830271602
18.254,-0,0.00242915940488
18.256,-0,0.00243001609373
18.258,-0,0.00243087278259
18.26,-0,0.00243172947145
18.262,-0,0.0024325861603
18.264,-0,0.00243344284916
18.266,-0,0.00243429953802
18.268,-0,0.00243515622687
18.27,-0,0.00243601291573
18.272,-0,0.00243686960459
18.274,-0,0.00243772629345
18.276,-0,0.0024385829823
18.278,-0,0.00243943967116
18.28,-0,0.00244029636002
18.282,-0,0.00244115304887
18.284,-0,0.00244200973773
18.286,-0,0.00244286642659
18.288,-0,0.00244372311544
18.29,-0,0.0024445798043
18.292,-0,0.00244543649316
18.294,-0,0.00244629318202
18.296,-0,0.00244714987087
18.298,-0,0.00244800655973
18.3,-0,0.00244886324859
18.302,-0,0.00244971993744
18.304,-0,0.0024505766263
18.306,-0,0.00245143331516
18.308,-0,0.00245229000402
18.31,-0,0.00245314669287
18.312,-0,0.00245400338173
18.314,-0,0.00245486007059
18.316,-0,0.00245571675944
18.318,-0,0.0024565734483
18.32,-0,0.00245743013716
18.322,-0,0.00245828682601
18.324,-0,0.00245914351487
18.326,-0,0.00246000020373
18.328,-0,0.00246085689259
18.33,-0,0.00246171358144
18.332,-0,0.0024625702703
18.334,-0,0.00246342695916
18.336,-0,0.00246428364801
18.338,-0,0.00246514033687
18.34,-0,0.00246599702573
18.342,-0,0.00246685371458
18.344,-0,0.00246771040344
18.346,-0,0.0024685670923
18.348,-0,0.00246942378116
18.35,-0,0.00247028047001
18.352,-0,0.00247113715887
18.354,-0,0.00247199384773
18.356,-0,0.00247285053658
18.358,-0,0.00247370722544
18.36,-0,0.0024745639143
18.362,-0,0.00247542060315
18.364,-0,0.00247627729201
18.366,-0,0.00247713398087
18.368,-0,0.00247799066973
18.37,-0,0.00247884735858
18.372,-0,0.00247970404744
18.374,-0,0.0024805607363
18.376,-0,0.00248141742515
18.378,-0,0.00248227411401
18.38,-0,0.00248313080287
18.382,-0,0.00248398749172
18.384,-0,0.00248484418058
18.386,-0,0.00248570086944
18.388,-0,0.0024865575583
18.39,-0,0.00248741424715
18.392,-0,0.00248827093601
18.394,-0,0.00248912762487
18.396,-0,0.00248998431372
18.398,-0,0.00249084100258
18.4,-2.05558762876e-25,0.00249169769144
18.402,-2.31438591975e-14,0.00249257692724
18.404,-4.62877183947e-14,0.00249345616303
18.406,-6.9431577592e-14,0.00249433539883
18.408,-9.25754367893e-14,0.00249521463463
18.41,-1.15719295987e-13,0.00249609387043
18.412,-1.38863155184e-13,0.00249697310622
18.414,-1.62007014381e-13,0.00249785234202
18.416,-1.85150873578e-13,0.00249873157782
18.418,-2.08294732776e-13,0.00249961081362
18.42,-2.31438591973e-13,0.00250049004941
18.422,-2.5458245117e-13,0.00250136928521
18.424,-2.77726310368e-13,0.00250224852101
18.426,-3.00870169565e-13,0.0025031277568
18.428,-3.24014028762e-13,0.0025040069926
18.43,-3.47157887959e-13,0.0025048862284
18.432,-3.70301747157e-13,0.0025057654642
18.434,-3.93445606354e-13,0.00250664469999
18.436,-4.16589465551e-13,0.00250752393579
18.438,-4.39733324749e-13,0.00250840317159
18.44,-4.62877183946e-13,0.00250928240739
18.442,-4.86021043143e-13,0.00251016164318
18.444,-5.0916490234e-13,0.00251104087898
18.446,-5.32308761538e-13,0.00251192011478
18.448,-5.55452620735e-13,0.00251279935058
18.45,-5.78596479932e-13,0.00251367858637
18.452,-6.01740339129e-13,0.00251455782217
18.454,-6.24884198327e-13,0.00251543705797
18.456,-6.48028057524e-13,0.00251631629377
18.458,-6.71171916721e-13,0.00251719552956
18.46,-6.94315775919e-13,0.00251807476536
18.462,-7.17459635116e-13,0.00251895400116
18.464,-7.40603494313e-13,0.00251983323696
18.466,-7.6374735351e-13,0.00252071247275
18.468,-7.86891212708e-13,0.00252159170855
18.47,-8.10035071905e-13,0.00252247094435
18.472,-8.33178931102e-13,0.00252335018015
18.474,-8.56322790299e-13,0.00252422941594
18.476,-8.79466649497e-13,0.00252510865174
18.478,-9.02610508694e-13,0.00252598788754
18.48,-9.25754367891e-13,0.00252686712334
18.482,-9.48898227089e-13,0.00252774635913
18.484,-9.72042086286e-13,0.00252862559493
18.486,-9.95185945483e-13,0.00252950483073
18.488,-1.01832980468e-12,0.00253038406653
18.49,-1.04147366388e-12,0.00253126330232
18.492,-1.06461752308e-12,0.00253214253812
18.494,-1.08776138227e-12,0.00253302177392
18.496,-1.11090524147e-12,0.00253390100972
18.498,-1.13404910067e-12,0.00253478024551
18.5,-1.15719295986e-12,0.00253565948131
18.502,-1.18033681906e-12,0.00253653871711
18.504,-1.20348067826e-12,0.00253741795291
18.506,-1.22662453746e-12,0.0025382971887
18.508,-1.24976839665e-12,0.0025391764245
18.51,-1.27291225585e-12,0.0025400556603
18.512,-1.29605611505e-12,0.0025409348961
18.514,-1.31919997425e-12,0.00254181413189
18.516,-1.34234383344e-12,0.00254269336769
18.518,-1.36548769264e-12,0.00254357260349
18.52,-1.38863155184e-12,0.00254445183928
18.522,-1.41177541103e-12,0.00254533107508
18.524,-1.43491927023e-12,0.00254621031088
18.526,-1.45806312943e-12,0.00254708954668
18.528,-1.48120698863e-12,0.00254796878247
18.53,-1.50435084782e-12,0.00254884801827
18.532,-1.52749470702e-12,0.00254972725407
18.534,-1.55063856622e-12,0.00255060648987
18.536,-1.57378242542e-12,0.00255148572566
18.538,-1.59692628461e-12,0.00255236496146
18.54,-1.62007014381e-12,0.00255324419726
18.542,-1.64321400301e-12,0.00255412343306
18.544,-1.6663578622e-12,0.00255500266885
18.546,-1.6895017214e-12,0.00255588190465
18.548,-1.7126455806e-12,0.00255676114045
18.55,-1.7357894398e-12,0.00255764037625
18.552,-1.75893329899e-12,0.00255851961204
18.554,-1.78207715819e-12,0.00255939884784
18.556,-1.80522101739e-12,0.00256027808364
18.558,-1.82836487659e-12,0.00256115731944
18.56,-1.85150873578e-12,0.00256203655523
18.562,-1.87465259498e-12,0.00256291579103
18.564,-1.89779645418e-12,0.00256379502683
18.566,-1.92094031337e-12,0.00256467426263
18.568,-1.94408417257e-12,0.00256555349842
18.57,-1.96722803177e-12,0.00256643273422
18.572,-1.99037189097e-12,0.00256731197002
18.574,-2.01351575016e-12,0.00256819120582
18.576,-2.03665960936e-12,0.00256907044161
18.578,-2.05980346856e-12,0.00256994967741
18.58,-2.08294732776e-12,0.00257082891321
18.582,-2.10609118695e-12,0.00257170814901
18.584,-2.12923504615e-12,0.0025725873848
18.586,-2.15237890535e-12,0.0025734666206
18.588,-2.17552276454e-12,0.0025743458564
18.59,-2.19866662374e-12,0.0025752250922
18.592,-2.22181048294e-12,0.00257610432799
18.594,-2.24495434214e-12,0.00257698356379
18.596,-2.26809820133e-12,0.00257786279959
18.598,-2.29124206053e-12,0.00257874203539
18.6,-2.31438591973e-12,0.00257962127118
18.602,-2.29124206053e-12,0.00258052482439
18.604,-2.26809820133e-12,0.0025814283776
18.606,-2.24495434214e-12,0.00258233193081
18.608,-2.22181048294e-12,0.00258323548401
18.61,-2.19866662374e-12,0.00258413903722
18.612,-2.17552276454e-12,0.00258504259043
18.614,-2.15237890535e-12,0.00258594614364
18.616,-2.12923504615e-12,0.00258684969684
18.618,-2.10609118695e-12,0.00258775325005
18.62,-2.08294732775e-12,0.00258865680326
18.622,-2.05980346856e-12,0.00258956035647
18.624,-2.03665960936e-12,0.00259046390968
18.626,-2.01351575016e-12,0.00259136746288
18.628,-1.99037189097e-12,0.00259227101609
18.63,-1.96722803177e-12,0.0025931745693
18.632,-1.94408417257e-12,0.00259407812251
18.634,-1.92094031337e-12,0.00259498167571
18.636,-1.89779645418e-12,0.00259588522892
18.638,-1.87465259498e-12,0.00259678878213
18.64,-1.85150873578e-12,0.00259769233534
18.642,-1.82836487658e-12,0.00259859588854
18.644,-1.80522101739e-12,0.00259949944175
18.646,-1.78207715819e-12,0.00260040299496
18.648,-1.75893329899e-12,0.00260130654817
18.65,-1.7357894398e-12,0.00260221010138
18.652,-1.7126455806e-12,0.00260311365458
18.654,-1.6895017214e-12,0.00260401720779
18.656,-1.6663578622e-12,0.002604920761
18.658,-1.64321400301e-12,0.00260582431421
18.66,-1.62007014381e-12,0.00260672786741
18.662,-1.59692628461e-12,0.00260763142062
18.664,-1.57378242541e-12,0.00260853497383
18.666,-1.55063856622e-12,0.00260943852704
18.668,-1.52749470702e-12,0.00261034208024
18.67,-1.50435084782e-12,0.00261124563345
18.672,-1.48120698863e-12,0.00261214918666
18.674,-1.45806312943e-12,0.00261305273987
18.676,-1.43491927023e-12,0.00261395629308
18.678,-1.41177541103e-12,0.00261485984628
18.68,-1.38863155184e-12,0.00261576339949
18.682,-1.36548769264e-12,0.0026166669527
18.684,-1.34234383344e-12,0.00261757050591
18.686,-1.31919997424e-12,0.00261847405911
18.688,-1.29605611505e-12,0.00261937761232
18.69,-1.27291225585e-12,0.00262028116553
18.692,-1.24976839665e-12,0.00262118471874
18.694,-1.22662453746e-12,0.00262208827195
18.696,-1.20348067826e-12,0.00262299182515
18.698,-1.18033681906e-12,0.00262389537836
18.7,-1.15719295986e-12,0.00262479893157
18.702,-1.13404910067e-12,0.00262570248478
18.704,-1.11090524147e-12,0.00262660603798
18.706,-1.08776138227e-12,0.00262750959119
18.708,-1.06461752307e-12,0.0026284131444
18.71,-1.04147366388e-12,0.00262931669761
18.712,-1.01832980468e-12,0.00263022025081
18.714,-9.95185945483e-13,0.00263112380402
18.716,-9.72042086286e-13,0.00263202735723
18.718,-9.48898227088e-13,0.00263293091044
18.72,-9.25754367891e-13,0.00263383446365
18.722,-9.02610508694e-13,0.00263473801685
18.724,-8.79466649496e-13,0.00263564157006
18.726,-8.56322790299e-13,0.00263654512327
18.728,-8.33178931102e-13,0.00263744867648
18.73,-8.10035071905e-13,0.00263835222968
18.732,-7.86891212707e-13,0.00263925578289
18.734,-7.6374735351e-13,0.0026401593361
18.736,-7.40603494313e-13,0.00264106288931
18.738,-7.17459635115e-13,0.00264196644251
18.74,-6.94315775918e-13,0.00264286999572
18.742,-6.71171916721e-13,0.00264377354893
18.744,-6.48028057524e-13,0.00264467710214
18.746,-6.24884198326e-13,0.00264558065535
18.748,-6.01740339129e-13,0.00264648420855
18.75,-5.78596479932e-13,0.00264738776176
18.752,-5.55452620735e-13,0.00264829131497
18.754,-5.32308761537e-13,0.00264919486818
18.756,-5.0916490234e-13,0.00265009842138
18.758,-4.86021043143e-13,0.00265100197459
18.76,-4.62877183945e-13,0.0026519055278
18.762,-4.39733324748e-13,0.00265280908101
18.764,-4.16589465551e-13,0.00265371263421
18.766,-3.93445606354e-13,0.00265461618742
18.768,-3.70301747156e-13,0.00265551974063
18.77,-3.47157887959e-13,0.00265642329384
18.772,-3.24014028762e-13,0.00265732684705
18.774,-3.00870169564e-13,0.00265823040025
18.776,-2.77726310367e-13,0.00265913395346
18.778,-2.5458245117e-13,0.00266003750667
18.78,-2.31438591973e-13,0.00266094105988
18.782,-2.08294732775e-13,0.00266184461308
18.784,-1.85150873578e-13,0.00266274816629
18.786,-1.62007014381e-13,0.0026636517195
18.788,-1.38863155184e-13,0.00266455527271
18.79,-1.15719295986e-13,0.00266545882592
18.792,-9.25754367889e-14,0.00266636237912
18.794,-6.94315775917e-14,0.00266726593233
18.796,-4.62877183944e-14,0.00266816948554
18.798,-2.31438591971e-14,0.00266907303875
18.8,-1.64447010301e-25,0.00266997659195
18.802,-2.31438591975e-14,0.00267090638763
18.804,-4.62877183947e-14,0.00267183618331
18.806,-6.9431577592e-14,0.00267276597899
18.808,-9.25754367893e-14,0.00267369577467
18.81,-1.15719295987e-13,0.00267462557035
18.812,-1.38863155184e-13,0.00267555536603
18.814,-1.62007014381e-13,0.0026764851617
18.816,-1.85150873578e-13,0.00267741495738
18.818,-2.08294732776e-13,0.00267834475306
18.82,-2.31438591973e-13,0.00267927454874
18.822,-2.5458245117e-13,0.00268020434442
18.824,-2.77726310368e-13,0.0026811341401
18.826,-3.00870169565e-13,0.00268206393578
18.828,-3.24014028762e-13,0.00268299373145
18.83,-3.47157887959e-13,0.00268392352713
18.832,-3.70301747157e-13,0.00268485332281
18.834,-3.93445606354e-13,0.00268578311849
18.836,-4.16589465551e-13,0.00268671291417
18.838,-4.39733324748e-13,0.00268764270985
18.84,-4.62877183946e-13,0.00268857250553
18.842,-4.86021043143e-13,0.00268950230121
18.844,-5.0916490234e-13,0.00269043209688
18.846,-5.32308761538e-13,0.00269136189256
18.848,-5.55452620735e-13,0.00269229168824
18.85,-5.78596479932e-13,0.00269322148392
18.852,-6.01740339129e-13,0.0026941512796
18.854,-6.24884198327e-13,0.00269508107528
18.856,-6.48028057524e-13,0.00269601087096
18.858,-6.71171916721e-13,0.00269694066663
18.86,-6.94315775919e-13,0.00269787046231
18.862,-7.17459635116e-13,0.00269880025799
18.864,-7.40603494313e-13,0.00269973005367
18.866,-7.6374735351e-13,0.00270065984935
18.868,-7.86891212708e-13,0.00270158964503
18.87,-8.10035071905e-13,0.00270251944071
18.872,-8.33178931102e-13,0.00270344923638
18.874,-8.563227903e-13,0.00270437903206
18.876,-8.79466649497e-13,0.00270530882774
18.878,-9.02610508694e-13,0.00270623862342
18.88,-9.25754367891e-13,0.0027071684191
18.882,-9.48898227089e-13,0.00270809821478
18.884,-9.72042086286e-13,0.00270902801046
18.886,-9.95185945483e-13,0.00270995780613
18.888,-1.01832980468e-12,0.00271088760181
18.89,-1.04147366388e-12,0.00271181739749
18.892,-1.06461752308e-12,0.00271274719317
18.894,-1.08776138227e-12,0.00271367698885
18.896,-1.11090524147e-12,0.00271460678453
18.898,-1.13404910067e-12,0.00271553658021
18.9,-1.15719295986e-12,0.00271646637589
18.902,-1.18033681906e-12,0.00271739617156
18.904,-1.20348067826e-12,0.00271832596724
18.906,-1.22662453746e-12,0.00271925576292
18.908,-1.24976839665e-12,0.0027201855586
18.91,-1.27291225585e-12,0.00272111535428
18.912,-1.29605611505e-12,0.00272204514996
18.914,-1.31919997425e-12,0.00272297494564
18.916,-1.34234383344e-12,0.00272390474131
18.918,-1.36548769264e-12,0.00272483453699
18.92,-1.38863155184e-12,0.00272576433267
18.922,-1.41177541103e-12,0.00272669412835
18.924,-1.43491927023e-12,0.00272762392403
18.926,-1.45806312943e-12,0.00272855371971
18.928,-1.48120698863e-12,0.00272948351539
18.93,-1.50435084782e-12,0.00273041331106
18.932,-1.52749470702e-12,0.00273134310674
18.934,-1.55063856622e-12,0.00273227290242
18.936,-1.57378242542e-12,0.0027332026981
18.938,-1.59692628461e-12,0.00273413249378
18.94,-1.62007014381e-12,0.00273506228946
18.942,-1.64321400301e-12,0.00273599208514
18.944,-1.6663578622e-12,0.00273692188082
18.946,-1.6895017214e-12,0.00273785167649
18.948,-1.7126455806e-12,0.00273878147217
18.95,-1.7357894398e-12,0.00273971126785
18.952,-1.75893329899e-12,0.00274064106353
18.954,-1.78207715819e-12,0.00274157085921
18.956,-1.80522101739e-12,0.00274250065489
18.958,-1.82836487659e-12,0.00274343045057
18.96,-1.85150873578e-12,0.00274436024624
18.962,-1.87465259498e-12,0.00274529004192
18.964,-1.89779645418e-12,0.0027462198376
18.966,-1.92094031337e-12,0.00274714963328
18.968,-1.94408417257e-12,0.00274807942896
18.97,-1.96722803177e-12,0.00274900922464
18.972,-1.99037189097e-12,0.00274993902032
18.974,-2.01351575016e-12,0.00275086881599
18.976,-2.03665960936e-12,0.00275179861167
18.978,-2.05980346856e-12,0.00275272840735
18.98,-2.08294732776e-12,0.00275365820303
18.982,-2.10609118695e-12,0.00275458799871
18.984,-2.12923504615e-12,0.00275551779439
18.986,-2.15237890535e-12,0.00275644759007
18.988,-2.17552276454e-12,0.00275737738575
18.99,-2.19866662374e-12,0.00275830718142
18.992,-2.22181048294e-12,0.0027592369771
18.994,-2.24495434214e-12,0.00276016677278
18.996,-2.26809820133e-12,0.00276109656846
18.998,-2.29124206053e-12,0.00276202636414
19,-2.31438591973e-12,0.00276295615982
19.002,-2.38381749732e-12,0.0027639143342
19.004,-2.45324907491e-12,0.00276487250859
19.006,-2.5226806525e-12,0.00276583068298
19.008,-2.5921122301e-12,0.00276678885737
19.01,-2.66154380769e-12,0.00276774703176
19.012,-2.73097538528e-12,0.00276870520614
19.014,-2.80040696287e-12,0.00276966338053
19.016,-2.86983854046e-12,0.00277062155492
19.018,-2.93927011805e-12,0.00277157972931
19.02,-3.00870169565e-12,0.00277253790369
19.022,-3.07813327324e-12,0.00277349607808
19.024,-3.14756485083e-12,0.00277445425247
19.026,-3.21699642842e-12,0.00277541242686
19.028,-3.28642800601e-12,0.00277637060125
19.03,-3.35585958361e-12,0.00277732877563
19.032,-3.4252911612e-12,0.00277828695002
19.034,-3.49472273879e-12,0.00277924512441
19.036,-3.56415431638e-12,0.0027802032988
19.038,-3.63358589397e-12,0.00278116147318
19.04,-3.70301747157e-12,0.00278211964757
19.042,-3.77244904916e-12,0.00278307782196
19.044,-3.84188062675e-12,0.00278403599635
19.046,-3.91131220434e-12,0.00278499417074
19.048,-3.98074378193e-12,0.00278595234512
19.05,-4.05017535952e-12,0.00278691051951
19.052,-4.11960693712e-12,0.0027878686939
19.054,-4.18903851471e-12,0.00278882686829
19.056,-4.2584700923e-12,0.00278978504267
19.058,-4.32790166989e-12,0.00279074321706
19.06,-4.39733324748e-12,0.00279170139145
19.062,-4.46676482508e-12,0.00279265956584
19.064,-4.53619640267e-12,0.00279361774023
19.066,-4.60562798026e-12,0.00279457591461
19.068,-4.67505955785e-12,0.002795534089
19.07,-4.74449113544e-12,0.00279649226339
19.072,-4.81392271303e-12,0.00279745043778
19.074,-4.88335429063e-12,0.00279840861216
19.076,-4.95278586822e-12,0.00279936678655
19.078,-5.02221744581e-12,0.00280032496094
19.08,-5.0916490234e-12,0.00280128313533
19.082,-5.16108060099e-12,0.00280224130972
19.084,-5.23051217859e-12,0.0028031994841
19.086,-5.29994375618e-12,0.00280415765849
19.088,-5.36937533377e-12,0.00280511583288
19.09,-5.43880691136e-12,0.00280607400727
19.092,-5.50823848895e-12,0.00280703218165
19.094,-5.57767006654e-12,0.00280799035604
19.096,-5.64710164414e-12,0.00280894853043
19.098,-5.71653322173e-12,0.00280990670482
19.1,-5.78596479932e-12,0.00281086487921
19.102,-5.85539637691e-12,0.00281182305359
19.104,-5.9248279545e-12,0.00281278122798
19.106,-5.9942595321e-12,0.00281373940237
19.108,-6.06369110969e-12,0.00281469757676
19.11,-6.13312268728e-12,0.00281565575114
19.112,-6.20255426487e-12,0.00281661392553
19.114,-6.27198584246e-12,0.00281757209992
19.116,-6.34141742006e-12,0.00281853027431
19.118,-6.41084899765e-12,0.0028194884487
19.12,-6.48028057524e-12,0.00282044662308
19.122,-6.54971215283e-12,0.00282140479747
19.124,-6.61914373042e-12,0.00282236297186
19.126,-6.68857530801e-12,0.00282332114625
19.128,-6.75800688561e-12,0.00282427932063
19.13,-6.8274384632e-12,0.00282523749502
19.132,-6.89687004079e-12,0.00282619566941
19.134,-6.96630161838e-12,0.0028271538438
19.136,-7.03573319597e-12,0.00282811201819
19.138,-7.10516477357e-12,0.00282907019257
19.14,-7.17459635116e-12,0.00283002836696
19.142,-7.24402792875e-12,0.00283098654135
19.144,-7.31345950634e-12,0.00283194471574
19.146,-7.38289108393e-12,0.00283290289012
19.148,-7.45232266152e-12,0.00283386106451
19.15,-7.52175423912e-12,0.0028348192389
19.152,-7.59118581671e-12,0.00283577741329
19.154,-7.6606173943e-12,0.00283673558767
19.156,-7.73004897189e-12,0.00283769376206
19.158,-7.79948054948e-12,0.00283865193645
19.16,-7.86891212708e-12,0.00283961011084
19.162,-7.93834370467e-12,0.00284056828523
19.164,-8.00777528226e-12,0.00284152645961
19.166,-8.07720685985e-12,0.002842484634
19.168,-8.14663843744e-12,0.00284344280839
19.17,-8.21607001503e-12,0.00284440098278
19.172,-8.28550159263e-12,0.00284535915716
19.174,-8.35493317022e-12,0.00284631733155
19.176,-8.42436474781e-12,0.00284727550594
19.178,-8.4937963254e-12,0.00284823368033
19.18,-8.56322790299e-12,0.00284919185472
19.182,-8.63265948059e-12,0.0028501500291
19.184,-8.70209105818e-12,0.00285110820349
19.186,-8.77152263577e-12,0.00285206637788
19.188,-8.84095421336e-12,0.00285302455227
19.19,-8.91038579095e-12,0.00285398272665
19.192,-8.97981736854e-12,0.00285494090104
19.194,-9.04924894614e-12,0.00285589907543
19.196,-9.11868052373e-12,0.00285685724982
19.198,-9.18811210132e-12,0.00285781542421
19.2,-9.25754367891e-12,0.00285877359859
19.202,-9.16496824212e-12,0.00285976258457
19.204,-9.07239280533e-12,0.00286075157054
19.206,-8.97981736854e-12,0.00286174055652
19.208,-8.88724193175e-12,0.0028627295425
19.21,-8.79466649497e-12,0.00286371852847
19.212,-8.70209105818e-12,0.00286470751445
19.214,-8.60951562139e-12,0.00286569650042
19.216,-8.5169401846e-12,0.0028666854864
19.218,-8.42436474781e-12,0.00286767447237
19.22,-8.33178931102e-12,0.00286866345835
19.222,-8.23921387423e-12,0.00286965244432
19.224,-8.14663843744e-12,0.0028706414303
19.226,-8.05406300065e-12,0.00287163041627
19.228,-7.96148756386e-12,0.00287261940225
19.23,-7.86891212707e-12,0.00287360838823
19.232,-7.77633669029e-12,0.0028745973742
19.234,-7.6837612535e-12,0.00287558636018
19.236,-7.59118581671e-12,0.00287657534615
19.238,-7.49861037992e-12,0.00287756433213
19.24,-7.40603494313e-12,0.0028785533181
19.242,-7.31345950634e-12,0.00287954230408
19.244,-7.22088406955e-12,0.00288053129005
19.246,-7.12830863276e-12,0.00288152027603
19.248,-7.03573319597e-12,0.002882509262
19.25,-6.94315775918e-12,0.00288349824798
19.252,-6.85058232239e-12,0.00288448723396
19.254,-6.7580068856e-12,0.00288547621993
19.256,-6.66543144882e-12,0.00288646520591
19.258,-6.57285601203e-12,0.00288745419188
19.26,-6.48028057524e-12,0.00288844317786
19.262,-6.38770513845e-12,0.00288943216383
19.264,-6.29512970166e-12,0.00289042114981
19.266,-6.20255426487e-12,0.00289141013578
19.268,-6.10997882808e-12,0.00289239912176
19.27,-6.01740339129e-12,0.00289338810773
19.272,-5.9248279545e-12,0.00289437709371
19.274,-5.83225251771e-12,0.00289536607969
19.276,-5.73967708092e-12,0.00289635506566
19.278,-5.64710164414e-12,0.00289734405164
19.28,-5.55452620735e-12,0.00289833303761
19.282,-5.46195077056e-12,0.00289932202359
19.284,-5.36937533377e-12,0.00290031100956
19.286,-5.27679989698e-12,0.00290129999554
19.288,-5.18422446019e-12,0.00290228898151
19.29,-5.0916490234e-12,0.00290327796749
19.292,-4.99907358661e-12,0.00290426695346
19.294,-4.90649814982e-12,0.00290525593944
19.296,-4.81392271303e-12,0.00290624492542
19.298,-4.72134727624e-12,0.00290723391139
19.3,-4.62877183946e-12,0.00290822289737
19.302,-4.53619640267e-12,0.00290921188334
19.304,-4.44362096588e-12,0.00291020086932
19.306,-4.35104552909e-12,0.00291118985529
19.308,-4.2584700923e-12,0.00291217884127
19.31,-4.16589465551e-12,0.00291316782724
19.312,-4.07331921872e-12,0.00291415681322
19.314,-3.98074378193e-12,0.00291514579919
19.316,-3.88816834514e-12,0.00291613478517
19.318,-3.79559290835e-12,0.00291712377115
19.32,-3.70301747156e-12,0.00291811275712
19.322,-3.61044203477e-12,0.0029191017431
19.324,-3.51786659799e-12,0.00292009072907
19.326,-3.4252911612e-12,0.00292107971505
19.328,-3.33271572441e-12,0.00292206870102
19.33,-3.24014028762e-12,0.002923057687
19.332,-3.14756485083e-12,0.00292404667297
19.334,-3.05498941404e-12,0.00292503565895
19.336,-2.96241397725e-12,0.00292602464492
19.338,-2.86983854046e-12,0.0029270136309
19.34,-2.77726310367e-12,0.00292800261688
19.342,-2.68468766688e-12,0.00292899160285
19.344,-2.59211223009e-12,0.00292998058883
19.346,-2.49953679331e-12,0.0029309695748
19.348,-2.40696135652e-12,0.00293195856078
19.35,-2.31438591973e-12,0.00293294754675
19.352,-2.22181048294e-12,0.00293393653273
19.354,-2.12923504615e-12,0.0029349255187
19.356,-2.03665960936e-12,0.00293591450468
19.358,-1.94408417257e-12,0.00293690349065
19.36,-1.85150873578e-12,0.00293789247663
19.362,-1.75893329899e-12,0.00293888146261
19.364,-1.6663578622e-12,0.00293987044858
19.366,-1.57378242541e-12,0.00294085943456
19.368,-1.48120698863e-12,0.00294184842053
19.37,-1.38863155184e-12,0.00294283740651
19.372,-1.29605611505e-12,0.00294382639248
19.374,-1.20348067826e-12,0.00294481537846
19.376,-1.11090524147e-12,0.00294580436443
19.378,-1.01832980468e-12,0.00294679335041
19.38,-9.2575436789e-13,0.00294778233638
19.382,-8.33178931101e-13,0.00294877132236
19.384,-7.40603494312e-13,0.00294976030834
19.386,-6.48028057523e-13,0.00295074929431
19.388,-5.55452620734e-13,0.00295173828029
19.39,-4.62877183945e-13,0.00295272726626
19.392,-3.70301747155e-13,0.00295371625224
19.394,-2.77726310367e-13,0.00295470523821
19.396,-1.85150873577e-13,0.00295569422419
19.398,-9.25754367882e-14,0.00295668321016
19.4,-6.16676288628e-25,0.00295767219614
19.402,-6.94315775924e-14,0.00295869525653
19.404,-1.38863155184e-13,0.00295971831692
19.406,-2.08294732776e-13,0.00296074137731
19.408,-2.77726310368e-13,0.0029617644377
19.41,-3.4715788796e-13,0.00296278749809
19.412,-4.16589465552e-13,0.00296381055848
19.414,-4.86021043143e-13,0.00296483361887
19.416,-5.55452620735e-13,0.00296585667926
19.418,-6.24884198327e-13,0.00296687973965
19.42,-6.94315775919e-13,0.00296790280004
19.422,-7.63747353511e-13,0.00296892586043
19.424,-8.33178931103e-13,0.00296994892082
19.426,-9.02610508694e-13,0.00297097198121
19.428,-9.72042086286e-13,0.0029719950416
19.43,-1.04147366388e-12,0.00297301810199
19.432,-1.11090524147e-12,0.00297404116238
19.434,-1.18033681906e-12,0.00297506422277
19.436,-1.24976839665e-12,0.00297608728316
19.438,-1.31919997425e-12,0.00297711034355
19.44,-1.38863155184e-12,0.00297813340394
19.442,-1.45806312943e-12,0.00297915646433
19.444,-1.52749470702e-12,0.00298017952472
19.446,-1.59692628461e-12,0.00298120258511
19.448,-1.6663578622e-12,0.0029822256455
19.45,-1.7357894398e-12,0.00298324870589
19.452,-1.80522101739e-12,0.00298427176628
19.454,-1.87465259498e-12,0.00298529482667
19.456,-1.94408417257e-12,0.00298631788706
19.458,-2.01351575016e-12,0.00298734094745
19.46,-2.08294732776e-12,0.00298836400784
19.462,-2.15237890535e-12,0.00298938706823
19.464,-2.22181048294e-12,0.00299041012862
19.466,-2.29124206053e-12,0.00299143318901
19.468,-2.36067363812e-12,0.00299245624939
19.47,-2.43010521571e-12,0.00299347930978
19.472,-2.49953679331e-12,0.00299450237017
19.474,-2.5689683709e-12,0.00299552543056
19.476,-2.63839994849e-12,0.00299654849095
19.478,-2.70783152608e-12,0.00299757155134
19.48,-2.77726310367e-12,0.00299859461173
19.482,-2.84669468127e-12,0.00299961767212
19.484,-2.91612625886e-12,0.00300064073251
19.486,-2.98555783645e-12,0.0030016637929
19.488,-3.05498941404e-12,0.00300268685329
19.49,-3.12442099163e-12,0.00300370991368
19.492,-3.19385256923e-12,0.00300473297407
19.494,-3.26328414682e-12,0.00300575603446
19.496,-3.33271572441e-12,0.00300677909485
19.498,-3.402147302e-12,0.00300780215524
19.5,-3.47157887959e-12,0.00300882521563
19.502,-3.54101045718e-12,0.00300984827602
19.504,-3.61044203478e-12,0.00301087133641
19.506,-3.67987361237e-12,0.0030118943968
19.508,-3.74930518996e-12,0.00301291745719
19.51,-3.81873676755e-12,0.00301394051758
19.512,-3.88816834514e-12,0.00301496357797
19.514,-3.95759992274e-12,0.00301598663836
19.516,-4.02703150033e-12,0.00301700969875
19.518,-4.09646307792e-12,0.00301803275914
19.52,-4.16589465551e-12,0.00301905581953
19.522,-4.2353262331e-12,0.00302007887992
19.524,-4.30475781069e-12,0.00302110194031
19.526,-4.37418938829e-12,0.0030221250007
19.528,-4.44362096588e-12,0.00302314806109
19.53,-4.51305254347e-12,0.00302417112148
19.532,-4.58248412106e-12,0.00302519418187
19.534,-4.65191569865e-12,0.00302621724226
19.536,-4.72134727625e-12,0.00302724030265
19.538,-4.79077885384e-12,0.00302826336304
19.54,-4.86021043143e-12,0.00302928642343
19.542,-4.92964200902e-12,0.00303030948382
19.544,-4.99907358661e-12,0.00303133254421
19.546,-5.0685051642e-12,0.0030323556046
19.548,-5.1379367418e-12,0.00303337866499
19.55,-5.20736831939e-12,0.00303440172538
19.552,-5.27679989698e-12,0.00303542478577
19.554,-5.34623147457e-12,0.00303644784616
19.556,-5.41566305216e-12,0.00303747090655
19.558,-5.48509462976e-12,0.00303849396694
19.56,-5.55452620735e-12,0.00303951702733
19.562,-5.62395778494e-12,0.00304054008772
19.564,-5.69338936253e-12,0.00304156314811
19.566,-5.76282094012e-12,0.0030425862085
19.568,-5.83225251771e-12,0.00304360926889
19.57,-5.90168409531e-12,0.00304463232928
19.572,-5.9711156729e-12,0.00304565538967
19.574,-6.04054725049e-12,0.00304667845006
19.576,-6.10997882808e-12,0.00304770151045
19.578,-6.17941040567e-12,0.00304872457084
19.58,-6.24884198327e-12,0.00304974763123
19.582,-6.31827356086e-12,0.00305077069162
19.584,-6.38770513845e-12,0.00305179375201
19.586,-6.45713671604e-12,0.0030528168124
19.588,-6.52656829363e-12,0.00305383987279
19.59,-6.59599987123e-12,0.00305486293318
19.592,-6.66543144882e-12,0.00305588599357
19.594,-6.73486302641e-12,0.00305690905396
19.596,-6.804294604e-12,0.00305793211435
19.598,-6.87372618159e-12,0.00305895517474
19.6,-6.94315775918e-12,0.00305997823513
19.602,-6.87372618159e-12,0.00306103791311
19.604,-6.804294604e-12,0.00306209759109
19.606,-6.73486302641e-12,0.00306315726907
19.608,-6.66543144882e-12,0.00306421694705
19.61,-6.59599987122e-12,0.00306527662503
19.612,-6.52656829363e-12,0.00306633630301
19.614,-6.45713671604e-12,0.00306739598099
19.616,-6.38770513845e-12,0.00306845565897
19.618,-6.31827356086e-12,0.00306951533695
19.62,-6.24884198326e-12,0.00307057501493
19.622,-6.17941040567e-12,0.00307163469291
19.624,-6.10997882808e-12,0.00307269437089
19.626,-6.04054725049e-12,0.00307375404887
19.628,-5.9711156729e-12,0.00307481372685
19.63,-5.90168409531e-12,0.00307587340483
19.632,-5.83225251771e-12,0.00307693308282
19.634,-5.76282094012e-12,0.0030779927608
19.636,-5.69338936253e-12,0.00307905243878
19.638,-5.62395778494e-12,0.00308011211676
19.64,-5.55452620735e-12,0.00308117179474
19.642,-5.48509462975e-12,0.00308223147272
19.644,-5.41566305216e-12,0.0030832911507
19.646,-5.34623147457e-12,0.00308435082868
19.648,-5.27679989698e-12,0.00308541050666
19.65,-5.20736831939e-12,0.00308647018464
19.652,-5.1379367418e-12,0.00308752986262
19.654,-5.0685051642e-12,0.0030885895406
19.656,-4.99907358661e-12,0.00308964921858
19.658,-4.92964200902e-12,0.00309070889656
19.66,-4.86021043143e-12,0.00309176857454
19.662,-4.79077885384e-12,0.00309282825252
19.664,-4.72134727624e-12,0.0030938879305
19.666,-4.65191569865e-12,0.00309494760848
19.668,-4.58248412106e-12,0.00309600728646
19.67,-4.51305254347e-12,0.00309706696445
19.672,-4.44362096588e-12,0.00309812664243
19.674,-4.37418938829e-12,0.00309918632041
19.676,-4.30475781069e-12,0.00310024599839
19.678,-4.2353262331e-12,0.00310130567637
19.68,-4.16589465551e-12,0.00310236535435
19.682,-4.09646307792e-12,0.00310342503233
19.684,-4.02703150033e-12,0.00310448471031
19.686,-3.95759992273e-12,0.00310554438829
19.688,-3.88816834514e-12,0.00310660406627
19.69,-3.81873676755e-12,0.00310766374425
19.692,-3.74930518996e-12,0.00310872342223
19.694,-3.67987361237e-12,0.00310978310021
19.696,-3.61044203477e-12,0.00311084277819
19.698,-3.54101045718e-12,0.00311190245617
19.7,-3.47157887959e-12,0.00311296213415
19.702,-3.402147302e-12,0.00311402181213
19.704,-3.33271572441e-12,0.00311508149011
19.706,-3.26328414682e-12,0.00311614116809
19.708,-3.19385256922e-12,0.00311720084607
19.71,-3.12442099163e-12,0.00311826052406
19.712,-3.05498941404e-12,0.00311932020204
19.714,-2.98555783645e-12,0.00312037988002
19.716,-2.91612625886e-12,0.003121439558
19.718,-2.84669468126e-12,0.00312249923598
19.72,-2.77726310367e-12,0.00312355891396
19.722,-2.70783152608e-12,0.00312461859194
19.724,-2.63839994849e-12,0.00312567826992
19.726,-2.5689683709e-12,0.0031267379479
19.728,-2.49953679331e-12,0.00312779762588
19.73,-2.43010521571e-12,0.00312885730386
19.732,-2.36067363812e-12,0.00312991698184
19.734,-2.29124206053e-12,0.00313097665982
19.736,-2.22181048294e-12,0.0031320363378
19.738,-2.15237890535e-12,0.00313309601578
19.74,-2.08294732775e-12,0.00313415569376
19.742,-2.01351575016e-12,0.00313521537174
19.744,-1.94408417257e-12,0.00313627504972
19.746,-1.87465259498e-12,0.0031373347277
19.748,-1.80522101739e-12,0.00313839440568
19.75,-1.7357894398e-12,0.00313945408367
19.752,-1.6663578622e-12,0.00314051376165
19.754,-1.59692628461e-12,0.00314157343963
19.756,-1.52749470702e-12,0.00314263311761
19.758,-1.45806312943e-12,0.00314369279559
19.76,-1.38863155184e-12,0.00314475247357
19.762,-1.31919997424e-12,0.00314581215155
19.764,-1.24976839665e-12,0.00314687182953
19.766,-1.18033681906e-12,0.00314793150751
19.768,-1.11090524147e-12,0.00314899118549
19.77,-1.04147366388e-12,0.00315005086347
19.772,-9.72042086285e-13,0.00315111054145
19.774,-9.02610508693e-13,0.00315217021943
19.776,-8.33178931101e-13,0.00315322989741
19.778,-7.6374735351e-13,0.00315428957539
19.78,-6.94315775918e-13,0.00315534925337
19.782,-6.24884198326e-13,0.00315640893135
19.784,-5.55452620734e-13,0.00315746860933
19.786,-4.86021043142e-13,0.00315852828731
19.788,-4.1658946555e-13,0.00315958796529
19.79,-3.47157887959e-13,0.00316064764328
19.792,-2.77726310367e-13,0.00316170732126
19.794,-2.08294732775e-13,0.00316276699924
19.796,-1.38863155183e-13,0.00316382667722
19.798,-6.94315775913e-14,0.0031648863552
19.8,-1.64447010301e-25,0.00316594603318
19.802,-2.31438591975e-14,0.00316704653788
19.804,-4.62877183947e-14,0.00316814704259
19.806,-6.9431577592e-14,0.0031692475473
19.808,-9.25754367893e-14,0.003170348052
19.81,-1.15719295987e-13,0.00317144855671
19.812,-1.38863155184e-13,0.00317254906142
19.814,-1.62007014381e-13,0.00317364956612
19.816,-1.85150873578e-13,0.00317475007083
19.818,-2.08294732776e-13,0.00317585057553
19.82,-2.31438591973e-13,0.00317695108024
19.822,-2.5458245117e-13,0.00317805158495
19.824,-2.77726310368e-13,0.00317915208965
19.826,-3.00870169565e-13,0.00318025259436
19.828,-3.24014028762e-13,0.00318135309907
19.83,-3.47157887959e-13,0.00318245360377
19.832,-3.70301747157e-13,0.00318355410848
19.834,-3.93445606354e-13,0.00318465461318
19.836,-4.16589465551e-13,0.00318575511789
19.838,-4.39733324748e-13,0.0031868556226
19.84,-4.62877183946e-13,0.0031879561273
19.842,-4.86021043143e-13,0.00318905663201
19.844,-5.0916490234e-13,0.00319015713672
19.846,-5.32308761538e-13,0.00319125764142
19.848,-5.55452620735e-13,0.00319235814613
19.85,-5.78596479932e-13,0.00319345865083
19.852,-6.01740339129e-13,0.00319455915554
19.854,-6.24884198327e-13,0.00319565966025
19.856,-6.48028057524e-13,0.00319676016495
19.858,-6.71171916721e-13,0.00319786066966
19.86,-6.94315775919e-13,0.00319896117436
19.862,-7.17459635116e-13,0.00320006167907
19.864,-7.40603494313e-13,0.00320116218378
19.866,-7.6374735351e-13,0.00320226268848
19.868,-7.86891212708e-13,0.00320336319319
19.87,-8.10035071905e-13,0.0032044636979
19.872,-8.33178931102e-13,0.0032055642026
19.874,-8.563227903e-13,0.00320666470731
19.876,-8.79466649497e-13,0.00320776521201
19.878,-9.02610508694e-13,0.00320886571672
19.88,-9.25754367891e-13,0.00320996622143
19.882,-9.48898227089e-13,0.00321106672613
19.884,-9.72042086286e-13,0.00321216723084
19.886,-9.95185945483e-13,0.00321326773555
19.888,-1.01832980468e-12,0.00321436824025
19.89,-1.04147366388e-12,0.00321546874496
19.892,-1.06461752308e-12,0.00321656924966
19.894,-1.08776138227e-12,0.00321766975437
19.896,-1.11090524147e-12,0.00321877025908
19.898,-1.13404910067e-12,0.00321987076378
19.9,-1.15719295986e-12,0.00322097126849
19.902,-1.18033681906e-12,0.0032220717732
19.904,-1.20348067826e-12,0.0032231722779
19.906,-1.22662453746e-12,0.00322427278261
19.908,-1.24976839665e-12,0.00322537328731
19.91,-1.27291225585e-12,0.00322647379202
19.912,-1.29605611505e-12,0.00322757429673
19.914,-1.31919997425e-12,0.00322867480143
19.916,-1.34234383344e-12,0.00322977530614
19.918,-1.36548769264e-12,0.00323087581085
19.92,-1.38863155184e-12,0.00323197631555
19.922,-1.41177541103e-12,0.00323307682026
19.924,-1.43491927023e-12,0.00323417732496
19.926,-1.45806312943e-12,0.00323527782967
19.928,-1.48120698863e-12,0.00323637833438
19.93,-1.50435084782e-12,0.00323747883908
19.932,-1.52749470702e-12,0.00323857934379
19.934,-1.55063856622e-12,0.0032396798485
19.936,-1.57378242542e-12,0.0032407803532
19.938,-1.59692628461e-12,0.00324188085791
19.94,-1.62007014381e-12,0.00324298136261
19.942,-1.64321400301e-12,0.00324408186732
19.944,-1.6663578622e-12,0.00324518237203
19.946,-1.6895017214e-12,0.00324628287673
19.948,-1.7126455806e-12,0.00324738338144
19.95,-1.7357894398e-12,0.00324848388615
19.952,-1.75893329899e-12,0.00324958439085
19.954,-1.78207715819e-12,0.00325068489556
19.956,-1.80522101739e-12,0.00325178540026
19.958,-1.82836487659e-12,0.00325288590497
19.96,-1.85150873578e-12,0.00325398640968
19.962,-1.87465259498e-12,0.00325508691438
19.964,-1.89779645418e-12,0.00325618741909
19.966,-1.92094031337e-12,0.0032572879238
19.968,-1.94408417257e-12,0.0032583884285
19.97,-1.96722803177e-12,0.00325948893321
19.972,-1.99037189097e-12,0.00326058943791
19.974,-2.01351575016e-12,0.00326168994262
19.976,-2.03665960936e-12,0.00326279044733
19.978,-2.05980346856e-12,0.00326389095203
19.98,-2.08294732776e-12,0.00326499145674
19.982,-2.10609118695e-12,0.00326609196145
19.984,-2.12923504615e-12,0.00326719246615
19.986,-2.15237890535e-12,0.00326829297086
19.988,-2.17552276454e-12,0.00326939347556
19.99,-2.19866662374e-12,0.00327049398027
19.992,-2.22181048294e-12,0.00327159448498
19.994,-2.24495434214e-12,0.00327269498968
19.996,-2.26809820133e-12,0.00327379549439
19.998,-2.29124206053e-12,0.0032748959991
20,-2.31438591973e-12,0.0032759965038
20.002,-2.38381749732e-12,0.00327714271479
20.004,-2.45324907491e-12,0.00327828892578
20.006,-2.5226806525e-12,0.00327943513678
20.008,-2.5921122301e-12,0.00328058134777
20.01,-2.66154380769e-12,0.00328172755876
20.012,-2.73097538528e-12,0.00328287376975
20.014,-2.80040696287e-12,0.00328401998074
20.016,-2.86983854046e-12,0.00328516619173
20.018,-2.93927011806e-12,0.00328631240272
20.02,-3.00870169565e-12,0.00328745861371
20.022,-3.07813327324e-12,0.00328860482471
20.024,-3.14756485083e-12,0.0032897510357
20.026,-3.21699642842e-12,0.00329089724669
20.028,-3.28642800601e-12,0.00329204345768
20.03,-3.35585958361e-12,0.00329318966867
20.032,-3.4252911612e-12,0.00329433587966
20.034,-3.49472273879e-12,0.00329548209065
20.036,-3.56415431638e-12,0.00329662830165
20.038,-3.63358589397e-12,0.00329777451264
20.04,-3.70301747157e-12,0.00329892072363
20.042,-3.77244904916e-12,0.00330006693462
20.044,-3.84188062675e-12,0.00330121314561
20.046,-3.91131220434e-12,0.0033023593566
20.048,-3.98074378193e-12,0.00330350556759
20.05,-4.05017535952e-12,0.00330465177858
20.052,-4.11960693712e-12,0.00330579798958
20.054,-4.18903851471e-12,0.00330694420057
20.056,-4.2584700923e-12,0.00330809041156
20.058,-4.32790166989e-12,0.00330923662255
20.06,-4.39733324748e-12,0.00331038283354
20.062,-4.46676482508e-12,0.00331152904453
20.064,-4.53619640267e-12,0.00331267525552
20.066,-4.60562798026e-12,0.00331382146651
20.068,-4.67505955785e-12,0.00331496767751
20.07,-4.74449113544e-12,0.0033161138885
20.072,-4.81392271303e-12,0.00331726009949
20.074,-4.88335429063e-12,0.00331840631048
20.076,-4.95278586822e-12,0.00331955252147
20.078,-5.02221744581e-12,0.00332069873246
20.08,-5.0916490234e-12,0.00332184494345
20.082,-5.16108060099e-12,0.00332299115445
20.084,-5.23051217859e-12,0.00332413736544
20.086,-5.29994375618e-12,0.00332528357643
20.088,-5.36937533377e-12,0.00332642978742
20.09,-5.43880691136e-12,0.00332757599841
20.092,-5.50823848895e-12,0.0033287222094
20.094,-5.57767006654e-12,0.00332986842039
20.096,-5.64710164414e-12,0.00333101463138
20.098,-5.71653322173e-12,0.00333216084238
20.1,-5.78596479932e-12,0.00333330705337
20.102,-5.85539637691e-12,0.00333445326436
20.104,-5.9248279545e-12,0.00333559947535
20.106,-5.9942595321e-12,0.00333674568634
20.108,-6.06369110969e-12,0.00333789189733
20.11,-6.13312268728e-12,0.00333903810832
20.112,-6.20255426487e-12,0.00334018431932
20.114,-6.27198584246e-12,0.00334133053031
20.116,-6.34141742006e-12,0.0033424767413
20.118,-6.41084899765e-12,0.00334362295229
20.12,-6.48028057524e-12,0.00334476916328
20.122,-6.54971215283e-12,0.00334591537427
20.124,-6.61914373042e-12,0.00334706158526
20.126,-6.68857530801e-12,0.00334820779625
20.128,-6.75800688561e-12,0.00334935400725
20.13,-6.8274384632e-12,0.00335050021824
20.132,-6.89687004079e-12,0.00335164642923
20.134,-6.96630161838e-12,0.00335279264022
20.136,-7.03573319597e-12,0.00335393885121
20.138,-7.10516477357e-12,0.0033550850622
20.14,-7.17459635116e-12,0.00335623127319
20.142,-7.24402792875e-12,0.00335737748418
20.144,-7.31345950634e-12,0.00335852369518
20.146,-7.38289108393e-12,0.00335966990617
20.148,-7.45232266152e-12,0.00336081611716
20.15,-7.52175423912e-12,0.00336196232815
20.152,-7.59118581671e-12,0.00336310853914
20.154,-7.6606173943e-12,0.00336425475013
20.156,-7.73004897189e-12,0.00336540096112
20.158,-7.79948054948e-12,0.00336654717212
20.16,-7.86891212708e-12,0.00336769338311
20.162,-7.93834370467e-12,0.0033688395941
20.164,-8.00777528226e-12,0.00336998580509
20.166,-8.07720685985e-12,0.00337113201608
20.168,-8.14663843744e-12,0.00337227822707
20.17,-8.21607001503e-12,0.00337342443806
20.172,-8.28550159263e-12,0.00337457064905
20.174,-8.35493317022e-12,0.00337571686005
20.176,-8.42436474781e-12,0.00337686307104
20.178,-8.4937963254e-12,0.00337800928203
20.18,-8.56322790299e-12,0.00337915549302
20.182,-8.63265948059e-12,0.00338030170401
20.184,-8.70209105818e-12,0.003381447915
20.186,-8.77152263577e-12,0.00338259412599
20.188,-8.84095421336e-12,0.00338374033699
20.19,-8.91038579095e-12,0.00338488654798
20.192,-8.97981736854e-12,0.00338603275897
20.194,-9.04924894614e-12,0.00338717896996
20.196,-9.11868052373e-12,0.00338832518095
20.198,-9.18811210132e-12,0.00338947139194
20.2,-9.25754367891e-12,0.00339061760293
20.202,-9.16496824212e-12,0.00339181524918
20.204,-9.07239280533e-12,0.00339301289542
20.206,-8.97981736854e-12,0.00339421054167
20.208,-8.88724193175e-12,0.00339540818791
20.21,-8.79466649497e-12,0.00339660583415
20.212,-8.70209105818e-12,0.0033978034804
20.214,-8.60951562139e-12,0.00339900112664
20.216,-8.5169401846e-12,0.00340019877289
20.218,-8.42436474781e-12,0.00340139641913
20.22,-8.33178931102e-12,0.00340259406537
20.222,-8.23921387423e-12,0.00340379171162
20.224,-8.14663843744e-12,0.00340498935786
20.226,-8.05406300065e-12,0.00340618700411
20.228,-7.96148756386e-12,0.00340738465035
20.23,-7.86891212707e-12,0.00340858229659
20.232,-7.77633669029e-12,0.00340977994284
20.234,-7.6837612535e-12,0.00341097758908
20.236,-7.59118581671e-12,0.00341217523533
20.238,-7.49861037992e-12,0.00341337288157
20.24,-7.40603494313e-12,0.00341457052781
20.242,-7.31345950634e-12,0.00341576817406
20.244,-7.22088406955e-12,0.0034169658203
20.246,-7.12830863276e-12,0.00341816346655
20.248,-7.03573319597e-12,0.00341936111279
20.25,-6.94315775918e-12,0.00342055875903
20.252,-6.85058232239e-12,0.00342175640528
20.254,-6.7580068856e-12,0.00342295405152
20.256,-6.66543144882e-12,0.00342415169777
20.258,-6.57285601203e-12,0.00342534934401
20.26,-6.48028057524e-12,0.00342654699026
20.262,-6.38770513845e-12,0.0034277446365
20.264,-6.29512970166e-12,0.00342894228274
20.266,-6.20255426487e-12,0.00343013992899
20.268,-6.10997882808e-12,0.00343133757523
20.27,-6.01740339129e-12,0.00343253522148
20.272,-5.9248279545e-12,0.00343373286772
20.274,-5.83225251771e-12,0.00343493051396
20.276,-5.73967708092e-12,0.00343612816021
20.278,-5.64710164414e-12,0.00343732580645
20.28,-5.55452620735e-12,0.0034385234527
20.282,-5.46195077056e-12,0.00343972109894
20.284,-5.36937533377e-12,0.00344091874518
20.286,-5.27679989698e-12,0.00344211639143
20.288,-5.18422446019e-12,0.00344331403767
20.29,-5.0916490234e-12,0.00344451168392
20.292,-4.99907358661e-12,0.00344570933016
20.294,-4.90649814982e-12,0.0034469069764
20.296,-4.81392271303e-12,0.00344810462265
20.298,-4.72134727624e-12,0.00344930226889
20.3,-4.62877183945e-12,0.00345049991514
20.302,-4.53619640267e-12,0.00345169756138
20.304,-4.44362096588e-12,0.00345289520762
20.306,-4.35104552909e-12,0.00345409285387
20.308,-4.2584700923e-12,0.00345529050011
20.31,-4.16589465551e-12,0.00345648814636
20.312,-4.07331921872e-12,0.0034576857926
20.314,-3.98074378193e-12,0.00345888343884
20.316,-3.88816834514e-12,0.00346008108509
20.318,-3.79559290835e-12,0.00346127873133
20.32,-3.70301747156e-12,0.00346247637758
20.322,-3.61044203477e-12,0.00346367402382
20.324,-3.51786659799e-12,0.00346487167007
20.326,-3.4252911612e-12,0.00346606931631
20.328,-3.33271572441e-12,0.00346726696255
20.33,-3.24014028762e-12,0.0034684646088
20.332,-3.14756485083e-12,0.00346966225504
20.334,-3.05498941404e-12,0.00347085990129
20.336,-2.96241397725e-12,0.00347205754753
20.338,-2.86983854046e-12,0.00347325519377
20.34,-2.77726310367e-12,0.00347445284002
20.342,-2.68468766688e-12,0.00347565048626
20.344,-2.59211223009e-12,0.00347684813251
20.346,-2.49953679331e-12,0.00347804577875
20.348,-2.40696135652e-12,0.00347924342499
20.35,-2.31438591973e-12,0.00348044107124
20.352,-2.22181048294e-12,0.00348163871748
20.354,-2.12923504615e-12,0.00348283636373
20.356,-2.03665960936e-12,0.00348403400997
20.358,-1.94408417257e-12,0.00348523165621
20.36,-1.85150873578e-12,0.00348642930246
20.362,-1.75893329899e-12,0.0034876269487
20.364,-1.6663578622e-12,0.00348882459495
20.366,-1.57378242541e-12,0.00349002224119
20.368,-1.48120698863e-12,0.00349121988743
20.37,-1.38863155184e-12,0.00349241753368
20.372,-1.29605611505e-12,0.00349361517992
20.374,-1.20348067826e-12,0.00349481282617
20.376,-1.11090524147e-12,0.00349601047241
20.378,-1.01832980468e-12,0.00349720811866
20.38,-9.2575436789e-13,0.0034984057649
20.382,-8.33178931101e-13,0.00349960341114
20.384,-7.40603494312e-13,0.00350080105739
20.386,-6.48028057523e-13,0.00350199870363
20.388,-5.55452620734e-13,0.00350319634988
20.39,-4.62877183945e-13,0.00350439399612
20.392,-3.70301747155e-13,0.00350559164236
20.394,-2.77726310367e-13,0.00350678928861
20.396,-1.85150873577e-13,0.00350798693485
20.398,-9.25754367882e-14,0.0035091845811
20.4,-4.11117525752e-25,0.00351038222734
20.402,-4.6287718395e-14,0.00351163822704
20.404,-9.25754367896e-14,0.00351289422674
20.406,-1.38863155184e-13,0.00351415022644
20.408,-1.85150873579e-13,0.00351540622614
20.41,-2.31438591973e-13,0.00351666222584
20.412,-2.77726310368e-13,0.00351791822554
20.414,-3.24014028762e-13,0.00351917422524
20.416,-3.70301747157e-13,0.00352043022494
20.418,-4.16589465551e-13,0.00352168622464
20.42,-4.62877183946e-13,0.00352294222434
20.422,-5.09164902341e-13,0.00352419822404
20.424,-5.55452620735e-13,0.00352545422374
20.426,-6.0174033913e-13,0.00352671022344
20.428,-6.48028057524e-13,0.00352796622314
20.43,-6.94315775919e-13,0.00352922222283
20.432,-7.40603494313e-13,0.00353047822253
20.434,-7.86891212708e-13,0.00353173422223
20.436,-8.33178931102e-13,0.00353299022193
20.438,-8.79466649497e-13,0.00353424622163
20.44,-9.25754367892e-13,0.00353550222133
20.442,-9.72042086286e-13,0.00353675822103
20.444,-1.01832980468e-12,0.00353801422073
20.446,-1.06461752308e-12,0.00353927022043
20.448,-1.11090524147e-12,0.00354052622013
20.45,-1.15719295986e-12,0.00354178221983
20.452,-1.20348067826e-12,0.00354303821953
20.454,-1.24976839665e-12,0.00354429421923
20.456,-1.29605611505e-12,0.00354555021893
20.458,-1.34234383344e-12,0.00354680621863
20.46,-1.38863155184e-12,0.00354806221833
20.462,-1.43491927023e-12,0.00354931821803
20.464,-1.48120698863e-12,0.00355057421773
20.466,-1.52749470702e-12,0.00355183021743
20.468,-1.57378242542e-12,0.00355308621713
20.47,-1.62007014381e-12,0.00355434221683
20.472,-1.6663578622e-12,0.00355559821653
20.474,-1.7126455806e-12,0.00355685421623
20.476,-1.75893329899e-12,0.00355811021593
20.478,-1.80522101739e-12,0.00355936621563
20.48,-1.85150873578e-12,0.00356062221533
20.482,-1.89779645418e-12,0.00356187821503
20.484,-1.94408417257e-12,0.00356313421473
20.486,-1.99037189097e-12,0.00356439021443
20.488,-2.03665960936e-12,0.00356564621412
20.49,-2.08294732776e-12,0.00356690221382
20.492,-2.12923504615e-12,0.00356815821352
20.494,-2.17552276454e-12,0.00356941421322
20.496,-2.22181048294e-12,0.00357067021292
20.498,-2.26809820133e-12,0.00357192621262
20.5,-2.31438591973e-12,0.00357318221232
20.502,-2.36067363812e-12,0.00357443821202
20.504,-2.40696135652e-12,0.00357569421172
20.506,-2.45324907491e-12,0.00357695021142
20.508,-2.49953679331e-12,0.00357820621112
20.51,-2.5458245117e-12,0.00357946221082
20.512,-2.5921122301e-12,0.00358071821052
20.514,-2.63839994849e-12,0.00358197421022
20.516,-2.68468766688e-12,0.00358323020992
20.518,-2.73097538528e-12,0.00358448620962
20.52,-2.77726310367e-12,0.00358574220932
20.522,-2.82355082207e-12,0.00358699820902
20.524,-2.86983854046e-12,0.00358825420872
20.526,-2.91612625886e-12,0.00358951020842
20.528,-2.96241397725e-12,0.00359076620812
20.53,-3.00870169565e-12,0.00359202220782
20.532,-3.05498941404e-12,0.00359327820752
20.534,-3.10127713244e-12,0.00359453420722
20.536,-3.14756485083e-12,0.00359579020692
20.538,-3.19385256922e-12,0.00359704620662
20.54,-3.24014028762e-12,0.00359830220632
20.542,-3.28642800601e-12,0.00359955820602
20.544,-3.33271572441e-12,0.00360081420572
20.546,-3.3790034428e-12,0.00360207020542
20.548,-3.4252911612e-12,0.00360332620511
20.55,-3.47157887959e-12,0.00360458220481
20.552,-3.51786659799e-12,0.00360583820451
20.554,-3.56415431638e-12,0.00360709420421
20.556,-3.61044203478e-12,0.00360835020391
20.558,-3.65672975317e-12,0.00360960620361
20.56,-3.70301747156e-12,0.00361086220331
20.562,-3.74930518996e-12,0.00361211820301
20.564,-3.79559290835e-12,0.00361337420271
20.566,-3.84188062675e-12,0.00361463020241
20.568,-3.88816834514e-12,0.00361588620211
20.57,-3.93445606354e-12,0.00361714220181
20.572,-3.98074378193e-12,0.00361839820151
20.574,-4.02703150033e-12,0.00361965420121
20.576,-4.07331921872e-12,0.00362091020091
20.578,-4.11960693712e-12,0.00362216620061
20.58,-4.16589465551e-12,0.00362342220031
20.582,-4.21218237391e-12,0.00362467820001
20.584,-4.2584700923e-12,0.00362593419971
20.586,-4.30475781069e-12,0.00362719019941
20.588,-4.35104552909e-12,0.00362844619911
20.59,-4.39733324748e-12,0.00362970219881
20.592,-4.44362096588e-12,0.00363095819851
20.594,-4.48990868427e-12,0.00363221419821
20.596,-4.53619640267e-12,0.00363347019791
20.598,-4.58248412106e-12,0.00363472619761
20.6,-4.62877183946e-12,0.00363598219731
20.602,-4.60562798026e-12,0.00363730603155
20.604,-4.58248412106e-12,0.0036386298658
20.606,-4.55934026186e-12,0.00363995370005
20.608,-4.53619640267e-12,0.0036412775343
20.61,-4.51305254347e-12,0.00364260136854
20.612,-4.48990868427e-12,0.00364392520279
20.614,-4.46676482507e-12,0.00364524903704
20.616,-4.44362096588e-12,0.00364657287128
20.618,-4.42047710668e-12,0.00364789670553
20.62,-4.39733324748e-12,0.00364922053978
20.622,-4.37418938829e-12,0.00365054437403
20.624,-4.35104552909e-12,0.00365186820827
20.626,-4.32790166989e-12,0.00365319204252
20.628,-4.30475781069e-12,0.00365451587677
20.63,-4.2816139515e-12,0.00365583971101
20.632,-4.2584700923e-12,0.00365716354526
20.634,-4.2353262331e-12,0.00365848737951
20.636,-4.2121823739e-12,0.00365981121376
20.638,-4.18903851471e-12,0.003661135048
20.64,-4.16589465551e-12,0.00366245888225
20.642,-4.14275079631e-12,0.0036637827165
20.644,-4.11960693712e-12,0.00366510655075
20.646,-4.09646307792e-12,0.00366643038499
20.648,-4.07331921872e-12,0.00366775421924
20.65,-4.05017535952e-12,0.00366907805349
20.652,-4.02703150033e-12,0.00367040188773
20.654,-4.00388764113e-12,0.00367172572198
20.656,-3.98074378193e-12,0.00367304955623
20.658,-3.95759992273e-12,0.00367437339048
20.66,-3.93445606354e-12,0.00367569722472
20.662,-3.91131220434e-12,0.00367702105897
20.664,-3.88816834514e-12,0.00367834489322
20.666,-3.86502448595e-12,0.00367966872747
20.668,-3.84188062675e-12,0.00368099256171
20.67,-3.81873676755e-12,0.00368231639596
20.672,-3.79559290835e-12,0.00368364023021
20.674,-3.77244904916e-12,0.00368496406445
20.676,-3.74930518996e-12,0.0036862878987
20.678,-3.72616133076e-12,0.00368761173295
20.68,-3.70301747156e-12,0.0036889355672
20.682,-3.67987361237e-12,0.00369025940144
20.684,-3.65672975317e-12,0.00369158323569
20.686,-3.63358589397e-12,0.00369290706994
20.688,-3.61044203478e-12,0.00369423090419
20.69,-3.58729817558e-12,0.00369555473843
20.692,-3.56415431638e-12,0.00369687857268
20.694,-3.54101045718e-12,0.00369820240693
20.696,-3.51786659799e-12,0.00369952624117
20.698,-3.49472273879e-12,0.00370085007542
20.7,-3.47157887959e-12,0.00370217390967
20.702,-3.44843502039e-12,0.00370349774392
20.704,-3.4252911612e-12,0.00370482157816
20.706,-3.402147302e-12,0.00370614541241
20.708,-3.3790034428e-12,0.00370746924666
20.71,-3.35585958361e-12,0.0037087930809
20.712,-3.33271572441e-12,0.00371011691515
20.714,-3.30957186521e-12,0.0037114407494
20.716,-3.28642800601e-12,0.00371276458365
20.718,-3.26328414682e-12,0.00371408841789
20.72,-3.24014028762e-12,0.00371541225214
20.722,-3.21699642842e-12,0.00371673608639
20.724,-3.19385256922e-12,0.00371805992064
20.726,-3.17070871003e-12,0.00371938375488
20.728,-3.14756485083e-12,0.00372070758913
20.73,-3.12442099163e-12,0.00372203142338
20.732,-3.10127713244e-12,0.00372335525762
20.734,-3.07813327324e-12,0.00372467909187
20.736,-3.05498941404e-12,0.00372600292612
20.738,-3.03184555484e-12,0.00372732676037
20.74,-3.00870169565e-12,0.00372865059461
20.742,-2.98555783645e-12,0.00372997442886
20.744,-2.96241397725e-12,0.00373129826311
20.746,-2.93927011805e-12,0.00373262209736
20.748,-2.91612625886e-12,0.0037339459316
20.75,-2.89298239966e-12,0.00373526976585
20.752,-2.86983854046e-12,0.0037365936001
20.754,-2.84669468127e-12,0.00373791743434
20.756,-2.82355082207e-12,0.00373924126859
20.758,-2.80040696287e-12,0.00374056510284
20.76,-2.77726310367e-12,0.00374188893709
20.762,-2.75411924448e-12,0.00374321277133
20.764,-2.73097538528e-12,0.00374453660558
20.766,-2.70783152608e-12,0.00374586043983
20.768,-2.68468766688e-12,0.00374718427408
20.77,-2.66154380769e-12,0.00374850810832
20.772,-2.63839994849e-12,0.00374983194257
20.774,-2.61525608929e-12,0.00375115577682
20.776,-2.5921122301e-12,0.00375247961106
20.778,-2.5689683709e-12,0.00375380344531
20.78,-2.5458245117e-12,0.00375512727956
20.782,-2.5226806525e-12,0.00375645111381
20.784,-2.49953679331e-12,0.00375777494805
20.786,-2.47639293411e-12,0.0037590987823
20.788,-2.45324907491e-12,0.00376042261655
20.79,-2.43010521571e-12,0.00376174645079
20.792,-2.40696135652e-12,0.00376307028504
20.794,-2.38381749732e-12,0.00376439411929
20.796,-2.36067363812e-12,0.00376571795354
20.798,-2.33752977892e-12,0.00376704178778
20.8,-2.31438591973e-12,0.00376836562203
20.802,-2.29124206053e-12,0.00376976740713
20.804,-2.26809820133e-12,0.00377116919223
20.806,-2.24495434214e-12,0.00377257097734
20.808,-2.22181048294e-12,0.00377397276244
20.81,-2.19866662374e-12,0.00377537454754
20.812,-2.17552276454e-12,0.00377677633264
20.814,-2.15237890535e-12,0.00377817811774
20.816,-2.12923504615e-12,0.00377957990284
20.818,-2.10609118695e-12,0.00378098168794
20.82,-2.08294732775e-12,0.00378238347304
20.822,-2.05980346856e-12,0.00378378525815
20.824,-2.03665960936e-12,0.00378518704325
20.826,-2.01351575016e-12,0.00378658882835
20.828,-1.99037189097e-12,0.00378799061345
20.83,-1.96722803177e-12,0.00378939239855
20.832,-1.94408417257e-12,0.00379079418365
20.834,-1.92094031337e-12,0.00379219596875
20.836,-1.89779645418e-12,0.00379359775386
20.838,-1.87465259498e-12,0.00379499953896
20.84,-1.85150873578e-12,0.00379640132406
20.842,-1.82836487658e-12,0.00379780310916
20.844,-1.80522101739e-12,0.00379920489426
20.846,-1.78207715819e-12,0.00380060667936
20.848,-1.75893329899e-12,0.00380200846446
20.85,-1.7357894398e-12,0.00380341024957
20.852,-1.7126455806e-12,0.00380481203467
20.854,-1.6895017214e-12,0.00380621381977
20.856,-1.6663578622e-12,0.00380761560487
20.858,-1.64321400301e-12,0.00380901738997
20.86,-1.62007014381e-12,0.00381041917507
20.862,-1.59692628461e-12,0.00381182096017
20.864,-1.57378242541e-12,0.00381322274527
20.866,-1.55063856622e-12,0.00381462453038
20.868,-1.52749470702e-12,0.00381602631548
20.87,-1.50435084782e-12,0.00381742810058
20.872,-1.48120698863e-12,0.00381882988568
20.874,-1.45806312943e-12,0.00382023167078
20.876,-1.43491927023e-12,0.00382163345588
20.878,-1.41177541103e-12,0.00382303524098
20.88,-1.38863155184e-12,0.00382443702609
20.882,-1.36548769264e-12,0.00382583881119
20.884,-1.34234383344e-12,0.00382724059629
20.886,-1.31919997424e-12,0.00382864238139
20.888,-1.29605611505e-12,0.00383004416649
20.89,-1.27291225585e-12,0.00383144595159
20.892,-1.24976839665e-12,0.00383284773669
20.894,-1.22662453746e-12,0.0038342495218
20.896,-1.20348067826e-12,0.0038356513069
20.898,-1.18033681906e-12,0.003837053092
20.9,-1.15719295986e-12,0.0038384548771
20.902,-1.13404910067e-12,0.0038398566622
20.904,-1.11090524147e-12,0.0038412584473
20.906,-1.08776138227e-12,0.0038426602324
20.908,-1.06461752307e-12,0.0038440620175
20.91,-1.04147366388e-12,0.00384546380261
20.912,-1.01832980468e-12,0.00384686558771
20.914,-9.95185945483e-13,0.00384826737281
20.916,-9.72042086286e-13,0.00384966915791
20.918,-9.48898227088e-13,0.00385107094301
20.92,-9.25754367891e-13,0.00385247272811
20.922,-9.02610508694e-13,0.00385387451321
20.924,-8.79466649496e-13,0.00385527629832
20.926,-8.56322790299e-13,0.00385667808342
20.928,-8.33178931102e-13,0.00385807986852
20.93,-8.10035071905e-13,0.00385948165362
20.932,-7.86891212707e-13,0.00386088343872
20.934,-7.6374735351e-13,0.00386228522382
20.936,-7.40603494313e-13,0.00386368700892
20.938,-7.17459635115e-13,0.00386508879403
20.94,-6.94315775918e-13,0.00386649057913
20.942,-6.71171916721e-13,0.00386789236423
20.944,-6.48028057524e-13,0.00386929414933
20.946,-6.24884198326e-13,0.00387069593443
20.948,-6.01740339129e-13,0.00387209771953
20.95,-5.78596479932e-13,0.00387349950463
20.952,-5.55452620735e-13,0.00387490128973
20.954,-5.32308761537e-13,0.00387630307484
20.956,-5.0916490234e-13,0.00387770485994
20.958,-4.86021043143e-13,0.00387910664504
20.96,-4.62877183945e-13,0.00388050843014
20.962,-4.39733324748e-13,0.00388191021524
20.964,-4.16589465551e-13,0.00388331200034
20.966,-3.93445606354e-13,0.00388471378544
20.968,-3.70301747156e-13,0.00388611557055
20.97,-3.47157887959e-13,0.00388751735565
20.972,-3.24014028762e-13,0.00388891914075
20.974,-3.00870169564e-13,0.00389032092585
20.976,-2.77726310367e-13,0.00389172271095
20.978,-2.5458245117e-13,0.00389312449605
20.98,-2.31438591973e-13,0.00389452628115
20.982,-2.08294732775e-13,0.00389592806626
20.984,-1.85150873578e-13,0.00389732985136
20.986,-1.62007014381e-13,0.00389873163646
20.988,-1.38863155183e-13,0.00390013342156
20.99,-1.15719295986e-13,0.00390153520666
20.992,-9.25754367889e-14,0.00390293699176
20.994,-6.94315775916e-14,0.00390433877686
20.996,-4.62877183944e-14,0.00390574056197
20.998,-2.31438591971e-14,0.00390714234707
21,-0,0.00390854413217
21.002,-0,0.00391004148513
21.004,-0,0.0039115388381
21.006,-0,0.00391303619106
21.008,-0,0.00391453354403
21.01,-0,0.00391603089699
21.012,-0,0.00391752824996
21.014,-0,0.00391902560292
21.016,-0,0.00392052295589
21.018,-0,0.00392202030885
21.02,-0,0.00392351766182
21.022,-0,0.00392501501478
21.024,-0,0.00392651236775
21.026,-0,0.00392800972071
21.028,-0,0.00392950707368
21.03,-0,0.00393100442664
21.032,-0,0.00393250177961
21.034,-0,0.00393399913257
21.036,-0,0.00393549648554
21.038,-0,0.0039369938385
21.04,-0,0.00393849119147
21.042,-0,0.00393998854443
21.044,-0,0.0039414858974
21.046,-0,0.00394298325036
21.048,-0,0.00394448060333
21.05,-0,0.00394597795629
21.052,-0,0.00394747530926
21.054,-0,0.00394897266222
21.056,-0,0.00395047001519
21.058,-0,0.00395196736815
21.06,-0,0.00395346472112
21.062,-0,0.00395496207408
21.064,-0,0.00395645942705
21.066,-0,0.00395795678002
21.068,-0,0.00395945413298
21.07,-0,0.00396095148595
21.072,-0,0.00396244883891
21.074,-0,0.00396394619188
21.076,-0,0.00396544354484
21.078,-0,0.00396694089781
21.08,-0,0.00396843825077
21.082,-0,0.00396993560374
21.084,-0,0.0039714329567
21.086,-0,0.00397293030967
21.088,-0,0.00397442766263
21.09,-0,0.0039759250156
21.092,-0,0.00397742236856
21.094,-0,0.00397891972153
21.096,-0,0.00398041707449
21.098,-0,0.00398191442746
21.1,-0,0.00398341178042
21.102,-0,0.00398490913339
21.104,-0,0.00398640648635
21.106,-0,0.00398790383932
21.108,-0,0.00398940119228
21.11,-0,0.00399089854525
21.112,-0,0.00399239589821
21.114,-0,0.00399389325118
21.116,-0,0.00399539060414
21.118,-0,0.00399688795711
21.12,-0,0.00399838531007
21.122,-0,0.00399988266304
21.124,-0,0.004001380016
21.126,-0,0.00400287736897
21.128,-0,0.00400437472193
21.13,-0,0.0040058720749
21.132,-0,0.00400736942786
21.134,-0,0.00400886678083
21.136,-0,0.00401036413379
21.138,-0,0.00401186148676
21.14,-0,0.00401335883972
21.142,-0,0.00401485619269
21.144,-0,0.00401635354565
21.146,-0,0.00401785089862
21.148,-0,0.00401934825158
21.15,-0,0.00402084560455
21.152,-0,0.00402234295751
21.154,-0,0.00402384031048
21.156,-0,0.00402533766344
21.158,-0,0.00402683501641
21.16,-0,0.00402833236937
21.162,-0,0.00402982972234
21.164,-0,0.0040313270753
21.166,-0,0.00403282442827
21.168,-0,0.00403432178123
21.17,-0,0.0040358191342
21.172,-0,0.00403731648716
21.174,-0,0.00403881384013
21.176,-0,0.00404031119309
21.178,-0,0.00404180854606
21.18,-0,0.00404330589902
21.182,-0,0.00404480325199
21.184,-0,0.00404630060495
21.186,-0,0.00404779795792
21.188,-0,0.00404929531088
21.19,-0,0.00405079266385
21.192,-0,0.00405229001681
21.194,-0,0.00405378736978
21.196,-0,0.00405528472274
21.198,-0,0.00405678207571
21.2,-3.28894020602e-25,0.00405827942868
21.202,-4.6287718395e-14,0.00405988882558
21.204,-9.25754367896e-14,0.00406149822248
21.206,-1.38863155184e-13,0.00406310761938
21.208,-1.85150873579e-13,0.00406471701628
21.21,-2.31438591973e-13,0.00406632641318
21.212,-2.77726310368e-13,0.00406793581008
21.214,-3.24014028762e-13,0.00406954520699
21.216,-3.70301747157e-13,0.00407115460389
21.218,-4.16589465551e-13,0.00407276400079
21.22,-4.62877183946e-13,0.00407437339769
21.222,-5.09164902341e-13,0.00407598279459
21.224,-5.55452620735e-13,0.00407759219149
21.226,-6.0174033913e-13,0.0040792015884
21.228,-6.48028057524e-13,0.0040808109853
21.23,-6.94315775919e-13,0.0040824203822
21.232,-7.40603494313e-13,0.0040840297791
21.234,-7.86891212708e-13,0.004085639176
21.236,-8.33178931102e-13,0.0040872485729
21.238,-8.79466649497e-13,0.00408885796981
21.24,-9.25754367892e-13,0.00409046736671
21.242,-9.72042086286e-13,0.00409207676361
21.244,-1.01832980468e-12,0.00409368616051
21.246,-1.06461752308e-12,0.00409529555741
21.248,-1.11090524147e-12,0.00409690495431
21.25,-1.15719295986e-12,0.00409851435122
21.252,-1.20348067826e-12,0.00410012374812
21.254,-1.24976839665e-12,0.00410173314502
21.256,-1.29605611505e-12,0.00410334254192
21.258,-1.34234383344e-12,0.00410495193882
21.26,-1.38863155184e-12,0.00410656133572
21.262,-1.43491927023e-12,0.00410817073263
21.264,-1.48120698863e-12,0.00410978012953
21.266,-1.52749470702e-12,0.00411138952643
21.268,-1.57378242542e-12,0.00411299892333
21.27,-1.62007014381e-12,0.00411460832023
21.272,-1.6663578622e-12,0.00411621771713
21.274,-1.7126455806e-12,0.00411782711404
21.276,-1.75893329899e-12,0.00411943651094
21.278,-1.80522101739e-12,0.00412104590784
21.28,-1.85150873578e-12,0.00412265530474
21.282,-1.89779645418e-12,0.00412426470164
21.284,-1.94408417257e-12,0.00412587409854
21.286,-1.99037189097e-12,0.00412748349545
21.288,-2.03665960936e-12,0.00412909289235
21.29,-2.08294732776e-12,0.00413070228925
21.292,-2.12923504615e-12,0.00413231168615
21.294,-2.17552276454e-12,0.00413392108305
21.296,-2.22181048294e-12,0.00413553047995
21.298,-2.26809820133e-12,0.00413713987686
21.3,-2.31438591973e-12,0.00413874927376
21.302,-2.36067363812e-12,0.00414035867066
21.304,-2.40696135652e-12,0.00414196806756
21.306,-2.45324907491e-12,0.00414357746446
21.308,-2.49953679331e-12,0.00414518686136
21.31,-2.5458245117e-12,0.00414679625827
21.312,-2.5921122301e-12,0.00414840565517
21.314,-2.63839994849e-12,0.00415001505207
21.316,-2.68468766688e-12,0.00415162444897
21.318,-2.73097538528e-12,0.00415323384587
21.32,-2.77726310367e-12,0.00415484324277
21.322,-2.82355082207e-12,0.00415645263968
21.324,-2.86983854046e-12,0.00415806203658
21.326,-2.91612625886e-12,0.00415967143348
21.328,-2.96241397725e-12,0.00416128083038
21.33,-3.00870169565e-12,0.00416289022728
21.332,-3.05498941404e-12,0.00416449962418
21.334,-3.10127713244e-12,0.00416610902109
21.336,-3.14756485083e-12,0.00416771841799
21.338,-3.19385256922e-12,0.00416932781489
21.34,-3.24014028762e-12,0.00417093721179
21.342,-3.28642800601e-12,0.00417254660869
21.344,-3.33271572441e-12,0.00417415600559
21.346,-3.3790034428e-12,0.0041757654025
21.348,-3.4252911612e-12,0.0041773747994
21.35,-3.47157887959e-12,0.0041789841963
21.352,-3.51786659799e-12,0.0041805935932
21.354,-3.56415431638e-12,0.0041822029901
21.356,-3.61044203478e-12,0.004183812387
21.358,-3.65672975317e-12,0.00418542178391
21.36,-3.70301747157e-12,0.00418703118081
21.362,-3.74930518996e-12,0.00418864057771
21.364,-3.79559290835e-12,0.00419024997461
21.366,-3.84188062675e-12,0.00419185937151
21.368,-3.88816834514e-12,0.00419346876841
21.37,-3.93445606354e-12,0.00419507816532
21.372,-3.98074378193e-12,0.00419668756222
21.374,-4.02703150033e-12,0.00419829695912
21.376,-4.07331921872e-12,0.00419990635602
21.378,-4.11960693712e-12,0.00420151575292
21.38,-4.16589465551e-12,0.00420312514982
21.382,-4.21218237391e-12,0.00420473454672
21.384,-4.2584700923e-12,0.00420634394363
21.386,-4.30475781069e-12,0.00420795334053
21.388,-4.35104552909e-12,0.00420956273743
21.39,-4.39733324748e-12,0.00421117213433
21.392,-4.44362096588e-12,0.00421278153123
21.394,-4.48990868427e-12,0.00421439092813
21.396,-4.53619640267e-12,0.00421600032504
21.398,-4.58248412106e-12,0.00421760972194
21.4,-4.62877183946e-12,0.00421921911884
21.402,-4.58248412106e-12,0.00422096670815
21.404,-4.53619640267e-12,0.00422271429746
21.406,-4.48990868427e-12,0.00422446188676
21.408,-4.44362096588e-12,0.00422620947607
21.41,-4.39733324748e-12,0.00422795706538
21.412,-4.35104552909e-12,0.00422970465469
21.414,-4.30475781069e-12,0.00423145224399
21.416,-4.2584700923e-12,0.0042331998333
21.418,-4.2121823739e-12,0.00423494742261
21.42,-4.16589465551e-12,0.00423669501192
21.422,-4.11960693712e-12,0.00423844260123
21.424,-4.07331921872e-12,0.00424019019053
21.426,-4.02703150033e-12,0.00424193777984
21.428,-3.98074378193e-12,0.00424368536915
21.43,-3.93445606354e-12,0.00424543295846
21.432,-3.88816834514e-12,0.00424718054776
21.434,-3.84188062675e-12,0.00424892813707
21.436,-3.79559290835e-12,0.00425067572638
21.438,-3.74930518996e-12,0.00425242331569
21.44,-3.70301747156e-12,0.004254170905
21.442,-3.65672975317e-12,0.0042559184943
21.444,-3.61044203478e-12,0.00425766608361
21.446,-3.56415431638e-12,0.00425941367292
21.448,-3.51786659799e-12,0.00426116126223
21.45,-3.47157887959e-12,0.00426290885154
21.452,-3.4252911612e-12,0.00426465644084
21.454,-3.3790034428e-12,0.00426640403015
21.456,-3.33271572441e-12,0.00426815161946
21.458,-3.28642800601e-12,0.00426989920877
21.46,-3.24014028762e-12,0.00427164679807
21.462,-3.19385256922e-12,0.00427339438738
21.464,-3.14756485083e-12,0.00427514197669
21.466,-3.10127713243e-12,0.004276889566
21.468,-3.05498941404e-12,0.00427863715531
21.47,-3.00870169565e-12,0.00428038474461
21.472,-2.96241397725e-12,0.00428213233392
21.474,-2.91612625886e-12,0.00428387992323
21.476,-2.86983854046e-12,0.00428562751254
21.478,-2.82355082207e-12,0.00428737510184
21.48,-2.77726310367e-12,0.00428912269115
21.482,-2.73097538528e-12,0.00429087028046
21.484,-2.68468766688e-12,0.00429261786977
21.486,-2.63839994849e-12,0.00429436545908
21.488,-2.59211223009e-12,0.00429611304838
21.49,-2.5458245117e-12,0.00429786063769
21.492,-2.49953679331e-12,0.004299608227
21.494,-2.45324907491e-12,0.00430135581631
21.496,-2.40696135652e-12,0.00430310340562
21.498,-2.36067363812e-12,0.00430485099492
21.5,-2.31438591973e-12,0.00430659858423
21.502,-2.26809820133e-12,0.00430834617354
21.504,-2.22181048294e-12,0.00431009376285
21.506,-2.17552276454e-12,0.00431184135215
21.508,-2.12923504615e-12,0.00431358894146
21.51,-2.08294732775e-12,0.00431533653077
21.512,-2.03665960936e-12,0.00431708412008
21.514,-1.99037189097e-12,0.00431883170939
21.516,-1.94408417257e-12,0.00432057929869
21.518,-1.89779645418e-12,0.004322326888
21.52,-1.85150873578e-12,0.00432407447731
21.522,-1.80522101739e-12,0.00432582206662
21.524,-1.75893329899e-12,0.00432756965592
21.526,-1.7126455806e-12,0.00432931724523
21.528,-1.6663578622e-12,0.00433106483454
21.53,-1.62007014381e-12,0.00433281242385
21.532,-1.57378242541e-12,0.00433456001316
21.534,-1.52749470702e-12,0.00433630760246
21.536,-1.48120698863e-12,0.00433805519177
21.538,-1.43491927023e-12,0.00433980278108
21.54,-1.38863155184e-12,0.00434155037039
21.542,-1.34234383344e-12,0.00434329795969
21.544,-1.29605611505e-12,0.004345045549
21.546,-1.24976839665e-12,0.00434679313831
21.548,-1.20348067826e-12,0.00434854072762
21.55,-1.15719295986e-12,0.00435028831693
21.552,-1.11090524147e-12,0.00435203590623
21.554,-1.06461752307e-12,0.00435378349554
21.556,-1.01832980468e-12,0.00435553108485
21.558,-9.72042086285e-13,0.00435727867416
21.56,-9.25754367891e-13,0.00435902626347
21.562,-8.79466649496e-13,0.00436077385277
21.564,-8.33178931102e-13,0.00436252144208
21.566,-7.86891212707e-13,0.00436426903139
21.568,-7.40603494313e-13,0.0043660166207
21.57,-6.94315775918e-13,0.00436776421
21.572,-6.48028057523e-13,0.00436951179931
21.574,-6.01740339129e-13,0.00437125938862
21.576,-5.55452620734e-13,0.00437300697793
21.578,-5.0916490234e-13,0.00437475456724
21.58,-4.62877183945e-13,0.00437650215654
21.582,-4.16589465551e-13,0.00437824974585
21.584,-3.70301747156e-13,0.00437999733516
21.586,-3.24014028761e-13,0.00438174492447
21.588,-2.77726310367e-13,0.00438349251377
21.59,-2.31438591972e-13,0.00438524010308
21.592,-1.85150873578e-13,0.00438698769239
21.594,-1.38863155183e-13,0.0043887352817
21.596,-9.25754367887e-14,0.00439048287101
21.598,-4.62877183942e-14,0.00439223046031
21.6,-6.16676288628e-25,0.00439397804962
21.602,-6.94315775924e-14,0.00439590769652
21.604,-1.38863155184e-13,0.00439783734342
21.606,-2.08294732776e-13,0.00439976699032
21.608,-2.77726310368e-13,0.00440169663722
21.61,-3.4715788796e-13,0.00440362628412
21.612,-4.16589465552e-13,0.00440555593102
21.614,-4.86021043143e-13,0.00440748557792
21.616,-5.55452620735e-13,0.00440941522482
21.618,-6.24884198327e-13,0.00441134487172
21.62,-6.94315775919e-13,0.00441327451862
21.622,-7.63747353511e-13,0.00441520416552
21.624,-8.33178931103e-13,0.00441713381242
21.626,-9.02610508694e-13,0.00441906345932
21.628,-9.72042086286e-13,0.00442099310622
21.63,-1.04147366388e-12,0.00442292275312
21.632,-1.11090524147e-12,0.00442485240002
21.634,-1.18033681906e-12,0.00442678204692
21.636,-1.24976839665e-12,0.00442871169382
21.638,-1.31919997425e-12,0.00443064134072
21.64,-1.38863155184e-12,0.00443257098762
21.642,-1.45806312943e-12,0.00443450063452
21.644,-1.52749470702e-12,0.00443643028142
21.646,-1.59692628461e-12,0.00443835992832
21.648,-1.6663578622e-12,0.00444028957522
21.65,-1.7357894398e-12,0.00444221922212
21.652,-1.80522101739e-12,0.00444414886902
21.654,-1.87465259498e-12,0.00444607851592
21.656,-1.94408417257e-12,0.00444800816282
21.658,-2.01351575016e-12,0.00444993780972
21.66,-2.08294732776e-12,0.00445186745662
21.662,-2.15237890535e-12,0.00445379710352
21.664,-2.22181048294e-12,0.00445572675042
21.666,-2.29124206053e-12,0.00445765639732
21.668,-2.36067363812e-12,0.00445958604422
21.67,-2.43010521571e-12,0.00446151569112
21.672,-2.49953679331e-12,0.00446344533802
21.674,-2.5689683709e-12,0.00446537498492
21.676,-2.63839994849e-12,0.00446730463182
21.678,-2.70783152608e-12,0.00446923427872
21.68,-2.77726310367e-12,0.00447116392562
21.682,-2.84669468127e-12,0.00447309357252
21.684,-2.91612625886e-12,0.00447502321942
21.686,-2.98555783645e-12,0.00447695286632
21.688,-3.05498941404e-12,0.00447888251322
21.69,-3.12442099163e-12,0.00448081216012
21.692,-3.19385256923e-12,0.00448274180702
21.694,-3.26328414682e-12,0.00448467145392
21.696,-3.33271572441e-12,0.00448660110083
21.698,-3.402147302e-12,0.00448853074773
21.7,-3.47157887959e-12,0.00449046039463
21.702,-3.54101045718e-12,0.00449239004153
21.704,-3.61044203478e-12,0.00449431968843
21.706,-3.67987361237e-12,0.00449624933533
21.708,-3.74930518996e-12,0.00449817898223
21.71,-3.81873676755e-12,0.00450010862913
21.712,-3.88816834514e-12,0.00450203827603
21.714,-3.95759992274e-12,0.00450396792293
21.716,-4.02703150033e-12,0.00450589756983
21.718,-4.09646307792e-12,0.00450782721673
21.72,-4.16589465551e-12,0.00450975686363
21.722,-4.2353262331e-12,0.00451168651053
21.724,-4.30475781069e-12,0.00451361615743
21.726,-4.37418938829e-12,0.00451554580433
21.728,-4.44362096588e-12,0.00451747545123
21.73,-4.51305254347e-12,0.00451940509813
21.732,-4.58248412106e-12,0.00452133474503
21.734,-4.65191569865e-12,0.00452326439193
21.736,-4.72134727625e-12,0.00452519403883
21.738,-4.79077885384e-12,0.00452712368573
21.74,-4.86021043143e-12,0.00452905333263
21.742,-4.92964200902e-12,0.00453098297953
21.744,-4.99907358661e-12,0.00453291262643
21.746,-5.0685051642e-12,0.00453484227333
21.748,-5.1379367418e-12,0.00453677192023
21.75,-5.20736831939e-12,0.00453870156713
21.752,-5.27679989698e-12,0.00454063121403
21.754,-5.34623147457e-12,0.00454256086093
21.756,-5.41566305216e-12,0.00454449050783
21.758,-5.48509462976e-12,0.00454642015473
21.76,-5.55452620735e-12,0.00454834980163
21.762,-5.62395778494e-12,0.00455027944853
21.764,-5.69338936253e-12,0.00455220909543
21.766,-5.76282094012e-12,0.00455413874233
21.768,-5.83225251771e-12,0.00455606838923
21.77,-5.90168409531e-12,0.00455799803613
21.772,-5.9711156729e-12,0.00455992768303
21.774,-6.04054725049e-12,0.00456185732993
21.776,-6.10997882808e-12,0.00456378697683
21.778,-6.17941040567e-12,0.00456571662373
21.78,-6.24884198327e-12,0.00456764627063
21.782,-6.31827356086e-12,0.00456957591753
21.784,-6.38770513845e-12,0.00457150556443
21.786,-6.45713671604e-12,0.00457343521133
21.788,-6.52656829363e-12,0.00457536485823
21.79,-6.59599987123e-12,0.00457729450513
21.792,-6.66543144882e-12,0.00457922415203
21.794,-6.73486302641e-12,0.00458115379893
21.796,-6.804294604e-12,0.00458308344583
21.798,-6.87372618159e-12,0.00458501309273
21.8,-6.94315775918e-12,0.00458694273963
21.802,-6.89687004079e-12,0.00458910666221
21.804,-6.85058232239e-12,0.00459127058479
21.806,-6.804294604e-12,0.00459343450737
21.808,-6.75800688561e-12,0.00459559842995
21.81,-6.71171916721e-12,0.00459776235253
21.812,-6.66543144882e-12,0.00459992627511
21.814,-6.61914373042e-12,0.00460209019769
21.816,-6.57285601203e-12,0.00460425412027
21.818,-6.52656829363e-12,0.00460641804285
21.82,-6.48028057524e-12,0.00460858196543
21.822,-6.43399285684e-12,0.00461074588801
21.824,-6.38770513845e-12,0.00461290981059
21.826,-6.34141742005e-12,0.00461507373317
21.828,-6.29512970166e-12,0.00461723765575
21.83,-6.24884198326e-12,0.00461940157833
21.832,-6.20255426487e-12,0.00462156550091
21.834,-6.15626654648e-12,0.00462372942349
21.836,-6.10997882808e-12,0.00462589334607
21.838,-6.06369110969e-12,0.00462805726865
21.84,-6.01740339129e-12,0.00463022119123
21.842,-5.9711156729e-12,0.00463238511381
21.844,-5.9248279545e-12,0.00463454903639
21.846,-5.87854023611e-12,0.00463671295897
21.848,-5.83225251771e-12,0.00463887688155
21.85,-5.78596479932e-12,0.00464104080413
21.852,-5.73967708092e-12,0.00464320472671
21.854,-5.69338936253e-12,0.00464536864929
21.856,-5.64710164414e-12,0.00464753257187
21.858,-5.60081392574e-12,0.00464969649445
21.86,-5.55452620735e-12,0.00465186041703
21.862,-5.50823848895e-12,0.00465402433961
21.864,-5.46195077056e-12,0.00465618826219
21.866,-5.41566305216e-12,0.00465835218477
21.868,-5.36937533377e-12,0.00466051610735
21.87,-5.32308761537e-12,0.00466268002993
21.872,-5.27679989698e-12,0.00466484395251
21.874,-5.23051217858e-12,0.0046670078751
21.876,-5.18422446019e-12,0.00466917179768
21.878,-5.1379367418e-12,0.00467133572026
21.88,-5.0916490234e-12,0.00467349964284
21.882,-5.04536130501e-12,0.00467566356542
21.884,-4.99907358661e-12,0.004677827488
21.886,-4.95278586822e-12,0.00467999141058
21.888,-4.90649814982e-12,0.00468215533316
21.89,-4.86021043143e-12,0.00468431925574
21.892,-4.81392271303e-12,0.00468648317832
21.894,-4.76763499464e-12,0.0046886471009
21.896,-4.72134727624e-12,0.00469081102348
21.898,-4.67505955785e-12,0.00469297494606
21.9,-4.62877183946e-12,0.00469513886864
21.902,-4.58248412106e-12,0.00469730279122
21.904,-4.53619640267e-12,0.0046994667138
21.906,-4.48990868427e-12,0.00470163063638
21.908,-4.44362096588e-12,0.00470379455896
21.91,-4.39733324748e-12,0.00470595848154
21.912,-4.35104552909e-12,0.00470812240412
21.914,-4.30475781069e-12,0.0047102863267
21.916,-4.2584700923e-12,0.00471245024928
21.918,-4.2121823739e-12,0.00471461417186
21.92,-4.16589465551e-12,0.00471677809444
21.922,-4.11960693712e-12,0.00471894201702
21.924,-4.07331921872e-12,0.0047211059396
21.926,-4.02703150033e-12,0.00472326986218
21.928,-3.98074378193e-12,0.00472543378476
21.93,-3.93445606354e-12,0.00472759770734
21.932,-3.88816834514e-12,0.00472976162992
21.934,-3.84188062675e-12,0.0047319255525
21.936,-3.79559290835e-12,0.00473408947508
21.938,-3.74930518996e-12,0.00473625339766
21.94,-3.70301747156e-12,0.00473841732024
21.942,-3.65672975317e-12,0.00474058124282
21.944,-3.61044203478e-12,0.0047427451654
21.946,-3.56415431638e-12,0.00474490908798
21.948,-3.51786659799e-12,0.00474707301056
21.95,-3.47157887959e-12,0.00474923693314
21.952,-3.4252911612e-12,0.00475140085572
21.954,-3.3790034428e-12,0.0047535647783
21.956,-3.33271572441e-12,0.00475572870088
21.958,-3.28642800601e-12,0.00475789262346
21.96,-3.24014028762e-12,0.00476005654604
21.962,-3.19385256922e-12,0.00476222046862
21.964,-3.14756485083e-12,0.0047643843912
21.966,-3.10127713243e-12,0.00476654831378
21.968,-3.05498941404e-12,0.00476871223636
21.97,-3.00870169565e-12,0.00477087615894
21.972,-2.96241397725e-12,0.00477304008152
21.974,-2.91612625886e-12,0.0047752040041
21.976,-2.86983854046e-12,0.00477736792668
21.978,-2.82355082207e-12,0.00477953184926
21.98,-2.77726310367e-12,0.00478169577184
21.982,-2.73097538528e-12,0.00478385969442
21.984,-2.68468766688e-12,0.004786023617
21.986,-2.63839994849e-12,0.00478818753959
21.988,-2.59211223009e-12,0.00479035146217
21.99,-2.5458245117e-12,0.00479251538475
21.992,-2.49953679331e-12,0.00479467930733
21.994,-2.45324907491e-12,0.00479684322991
21.996,-2.40696135652e-12,0.00479900715249
21.998,-2.36067363812e-12,0.00480117107507
22,-2.31438591973e-12,0.00480333499765
22.002,-2.29124206053e-12,0.00480582461575
22.004,-2.26809820133e-12,0.00480831423386
22.006,-2.24495434214e-12,0.00481080385197
22.008,-2.22181048294e-12,0.00481329347008
22.01,-2.19866662374e-12,0.00481578308818
22.012,-2.17552276454e-12,0.00481827270629
22.014,-2.15237890535e-12,0.0048207623244
22.016,-2.12923504615e-12,0.00482325194251
22.018,-2.10609118695e-12,0.00482574156061
22.02,-2.08294732775e-12,0.00482823117872
22.022,-2.05980346856e-12,0.00483072079683
22.024,-2.03665960936e-12,0.00483321041494
22.026,-2.01351575016e-12,0.00483570003305
22.028,-1.99037189097e-12,0.00483818965115
22.03,-1.96722803177e-12,0.00484067926926
22.032,-1.94408417257e-12,0.00484316888737
22.034,-1.92094031337e-12,0.00484565850548
22.036,-1.89779645418e-12,0.00484814812358
22.038,-1.87465259498e-12,0.00485063774169
22.04,-1.85150873578e-12,0.0048531273598
22.042,-1.82836487658e-12,0.00485561697791
22.044,-1.80522101739e-12,0.00485810659601
22.046,-1.78207715819e-12,0.00486059621412
22.048,-1.75893329899e-12,0.00486308583223
22.05,-1.7357894398e-12,0.00486557545034
22.052,-1.7126455806e-12,0.00486806506844
22.054,-1.6895017214e-12,0.00487055468655
22.056,-1.6663578622e-12,0.00487304430466
22.058,-1.64321400301e-12,0.00487553392277
22.06,-1.62007014381e-12,0.00487802354087
22.062,-1.59692628461e-12,0.00488051315898
22.064,-1.57378242541e-12,0.00488300277709
22.066,-1.55063856622e-12,0.0048854923952
22.068,-1.52749470702e-12,0.0048879820133
22.07,-1.50435084782e-12,0.00489047163141
22.072,-1.48120698863e-12,0.00489296124952
22.074,-1.45806312943e-12,0.00489545086763
22.076,-1.43491927023e-12,0.00489794048574
22.078,-1.41177541103e-12,0.00490043010384
22.08,-1.38863155184e-12,0.00490291972195
22.082,-1.36548769264e-12,0.00490540934006
22.084,-1.34234383344e-12,0.00490789895817
22.086,-1.31919997424e-12,0.00491038857627
22.088,-1.29605611505e-12,0.00491287819438
22.09,-1.27291225585e-12,0.00491536781249
22.092,-1.24976839665e-12,0.0049178574306
22.094,-1.22662453746e-12,0.0049203470487
22.096,-1.20348067826e-12,0.00492283666681
22.098,-1.18033681906e-12,0.00492532628492
22.1,-1.15719295986e-12,0.00492781590303
22.102,-1.13404910067e-12,0.00493030552113
22.104,-1.11090524147e-12,0.00493279513924
22.106,-1.08776138227e-12,0.00493528475735
22.108,-1.06461752307e-12,0.00493777437546
22.11,-1.04147366388e-12,0.00494026399356
22.112,-1.01832980468e-12,0.00494275361167
22.114,-9.95185945483e-13,0.00494524322978
22.116,-9.72042086286e-13,0.00494773284789
22.118,-9.48898227088e-13,0.00495022246599
22.12,-9.25754367891e-13,0.0049527120841
22.122,-9.02610508694e-13,0.00495520170221
22.124,-8.79466649496e-13,0.00495769132032
22.126,-8.56322790299e-13,0.00496018093843
22.128,-8.33178931102e-13,0.00496267055653
22.13,-8.10035071905e-13,0.00496516017464
22.132,-7.86891212707e-13,0.00496764979275
22.134,-7.6374735351e-13,0.00497013941086
22.136,-7.40603494313e-13,0.00497262902896
22.138,-7.17459635115e-13,0.00497511864707
22.14,-6.94315775918e-13,0.00497760826518
22.142,-6.71171916721e-13,0.00498009788329
22.144,-6.48028057524e-13,0.00498258750139
22.146,-6.24884198326e-13,0.0049850771195
22.148,-6.01740339129e-13,0.00498756673761
22.15,-5.78596479932e-13,0.00499005635572
22.152,-5.55452620734e-13,0.00499254597382
22.154,-5.32308761537e-13,0.00499503559193
22.156,-5.0916490234e-13,0.00499752521004
22.158,-4.86021043143e-13,0.00500001482815
22.16,-4.62877183945e-13,0.00500250444625
22.162,-4.39733324748e-13,0.00500499406436
22.164,-4.16589465551e-13,0.00500748368247
22.166,-3.93445606354e-13,0.00500997330058
22.168,-3.70301747156e-13,0.00501246291869
22.17,-3.47157887959e-13,0.00501495253679
22.172,-3.24014028762e-13,0.0050174421549
22.174,-3.00870169564e-13,0.00501993177301
22.176,-2.77726310367e-13,0.00502242139112
22.178,-2.5458245117e-13,0.00502491100922
22.18,-2.31438591973e-13,0.00502740062733
22.182,-2.08294732775e-13,0.00502989024544
22.184,-1.85150873578e-13,0.00503237986355
22.186,-1.62007014381e-13,0.00503486948165
22.188,-1.38863155183e-13,0.00503735909976
22.19,-1.15719295986e-13,0.00503984871787
22.192,-9.25754367889e-14,0.00504233833598
22.194,-6.94315775916e-14,0.00504482795408
22.196,-4.62877183943e-14,0.00504731757219
22.198,-2.31438591971e-14,0.0050498071903
22.2,-4.93341030902e-25,0.00505229680841
22.202,-4.6287718395e-14,0.00505524865272
22.204,-9.25754367896e-14,0.00505820049704
22.206,-1.38863155184e-13,0.00506115234135
22.208,-1.85150873579e-13,0.00506410418567
22.21,-2.31438591973e-13,0.00506705602998
22.212,-2.77726310368e-13,0.0050700078743
22.214,-3.24014028762e-13,0.00507295971861
22.216,-3.70301747157e-13,0.00507591156293
22.218,-4.16589465551e-13,0.00507886340724
22.22,-4.62877183946e-13,0.00508181525156
22.222,-5.09164902341e-13,0.00508476709587
22.224,-5.55452620735e-13,0.00508771894019
22.226,-6.0174033913e-13,0.0050906707845
22.228,-6.48028057524e-13,0.00509362262882
22.23,-6.94315775919e-13,0.00509657447313
22.232,-7.40603494313e-13,0.00509952631745
22.234,-7.86891212708e-13,0.00510247816176
22.236,-8.33178931102e-13,0.00510543000608
22.238,-8.79466649497e-13,0.00510838185039
22.24,-9.25754367892e-13,0.00511133369471
22.242,-9.72042086286e-13,0.00511428553902
22.244,-1.01832980468e-12,0.00511723738334
22.246,-1.06461752308e-12,0.00512018922765
22.248,-1.11090524147e-12,0.00512314107197
22.25,-1.15719295986e-12,0.00512609291628
22.252,-1.20348067826e-12,0.0051290447606
22.254,-1.24976839665e-12,0.00513199660491
22.256,-1.29605611505e-12,0.00513494844923
22.258,-1.34234383344e-12,0.00513790029354
22.26,-1.38863155184e-12,0.00514085213786
22.262,-1.43491927023e-12,0.00514380398217
22.264,-1.48120698863e-12,0.00514675582649
22.266,-1.52749470702e-12,0.0051497076708
22.268,-1.57378242542e-12,0.00515265951512
22.27,-1.62007014381e-12,0.00515561135943
22.272,-1.6663578622e-12,0.00515856320375
22.274,-1.7126455806e-12,0.00516151504806
22.276,-1.75893329899e-12,0.00516446689238
22.278,-1.80522101739e-12,0.00516741873669
22.28,-1.85150873578e-12,0.00517037058101
22.282,-1.89779645418e-12,0.00517332242532
22.284,-1.94408417257e-12,0.00517627426964
22.286,-1.99037189097e-12,0.00517922611395
22.288,-2.03665960936e-12,0.00518217795827
22.29,-2.08294732776e-12,0.00518512980258
22.292,-2.12923504615e-12,0.0051880816469
22.294,-2.17552276454e-12,0.00519103349121
22.296,-2.22181048294e-12,0.00519398533553
22.298,-2.26809820133e-12,0.00519693717984
22.3,-2.31438591973e-12,0.00519988902416
22.302,-2.36067363812e-12,0.00520284086848
22.304,-2.40696135652e-12,0.00520579271279
22.306,-2.45324907491e-12,0.00520874455711
22.308,-2.49953679331e-12,0.00521169640142
22.31,-2.5458245117e-12,0.00521464824574
22.312,-2.5921122301e-12,0.00521760009005
22.314,-2.63839994849e-12,0.00522055193437
22.316,-2.68468766688e-12,0.00522350377868
22.318,-2.73097538528e-12,0.005226455623
22.32,-2.77726310367e-12,0.00522940746731
22.322,-2.82355082207e-12,0.00523235931163
22.324,-2.86983854046e-12,0.00523531115594
22.326,-2.91612625886e-12,0.00523826300026
22.328,-2.96241397725e-12,0.00524121484457
22.33,-3.00870169565e-12,0.00524416668889
22.332,-3.05498941404e-12,0.0052471185332
22.334,-3.10127713244e-12,0.00525007037752
22.336,-3.14756485083e-12,0.00525302222183
22.338,-3.19385256922e-12,0.00525597406615
22.34,-3.24014028762e-12,0.00525892591046
22.342,-3.28642800601e-12,0.00526187775478
22.344,-3.33271572441e-12,0.00526482959909
22.346,-3.3790034428e-12,0.00526778144341
22.348,-3.4252911612e-12,0.00527073328772
22.35,-3.47157887959e-12,0.00527368513204
22.352,-3.51786659799e-12,0.00527663697635
22.354,-3.56415431638e-12,0.00527958882067
22.356,-3.61044203478e-12,0.00528254066498
22.358,-3.65672975317e-12,0.0052854925093
22.36,-3.70301747157e-12,0.00528844435361
22.362,-3.74930518996e-12,0.00529139619793
22.364,-3.79559290835e-12,0.00529434804224
22.366,-3.84188062675e-12,0.00529729988656
22.368,-3.88816834514e-12,0.00530025173087
22.37,-3.93445606354e-12,0.00530320357519
22.372,-3.98074378193e-12,0.0053061554195
22.374,-4.02703150033e-12,0.00530910726382
22.376,-4.07331921872e-12,0.00531205910813
22.378,-4.11960693712e-12,0.00531501095245
22.38,-4.16589465551e-12,0.00531796279676
22.382,-4.21218237391e-12,0.00532091464108
22.384,-4.2584700923e-12,0.00532386648539
22.386,-4.30475781069e-12,0.00532681832971
22.388,-4.35104552909e-12,0.00532977017402
22.39,-4.39733324748e-12,0.00533272201834
22.392,-4.44362096588e-12,0.00533567386265
22.394,-4.48990868427e-12,0.00533862570697
22.396,-4.53619640267e-12,0.00534157755128
22.398,-4.58248412106e-12,0.0053445293956
22.4,-4.62877183946e-12,0.00534748123991
22.402,-4.62877183946e-12,0.0053511682151
22.404,-4.62877183946e-12,0.00535485519028
22.406,-4.62877183946e-12,0.00535854216547
22.408,-4.62877183946e-12,0.00536222914065
22.41,-4.62877183946e-12,0.00536591611584
22.412,-4.62877183946e-12,0.00536960309102
22.414,-4.62877183946e-12,0.00537329006621
22.416,-4.62877183946e-12,0.00537697704139
22.418,-4.62877183946e-12,0.00538066401658
22.42,-4.62877183946e-12,0.00538435099176
22.422,-4.62877183946e-12,0.00538803796695
22.424,-4.62877183946e-12,0.00539172494213
22.426,-4.62877183946e-12,0.00539541191732
22.428,-4.62877183946e-12,0.0053990988925
22.43,-4.62877183946e-12,0.00540278586769
22.432,-4.62877183946e-12,0.00540647284287
22.434,-4.62877183946e-12,0.00541015981805
22.436,-4.62877183946e-12,0.00541384679324
22.438,-4.62877183946e-12,0.00541753376842
22.44,-4.62877183946e-12,0.00542122074361
22.442,-4.62877183946e-12,0.00542490771879
22.444,-4.62877183946e-12,0.00542859469398
22.446,-4.62877183946e-12,0.00543228166916
22.448,-4.62877183946e-12,0.00543596864435
22.45,-4.62877183946e-12,0.00543965561953
22.452,-4.62877183946e-12,0.00544334259472
22.454,-4.62877183946e-12,0.0054470295699
22.456,-4.62877183946e-12,0.00545071654509
22.458,-4.62877183946e-12,0.00545440352027
22.46,-4.62877183946e-12,0.00545809049546
22.462,-4.62877183946e-12,0.00546177747064
22.464,-4.62877183946e-12,0.00546546444583
22.466,-4.62877183946e-12,0.00546915142101
22.468,-4.62877183946e-12,0.0054728383962
22.47,-4.62877183946e-12,0.00547652537138
22.472,-4.62877183946e-12,0.00548021234657
22.474,-4.62877183946e-12,0.00548389932175
22.476,-4.62877183946e-12,0.00548758629694
22.478,-4.62877183946e-12,0.00549127327212
22.48,-4.62877183946e-12,0.00549496024731
22.482,-4.62877183946e-12,0.00549864722249
22.484,-4.62877183946e-12,0.00550233419768
22.486,-4.62877183946e-12,0.00550602117286
22.488,-4.62877183946e-12,0.00550970814804
22.49,-4.62877183946e-12,0.00551339512323
22.492,-4.62877183946e-12,0.00551708209841
22.494,-4.62877183946e-12,0.0055207690736
22.496,-4.62877183946e-12,0.00552445604878
22.498,-4.62877183946e-12,0.00552814302397
22.5,-4.62877183946e-12,0.00553182999915
22.502,-4.62877183946e-12,0.00553551697434
22.504,-4.62877183946e-12,0.00553920394952
22.506,-4.62877183946e-12,0.00554289092471
22.508,-4.62877183946e-12,0.00554657789989
22.51,-4.62877183946e-12,0.00555026487508
22.512,-4.62877183946e-12,0.00555395185026
22.514,-4.62877183946e-12,0.00555763882545
22.516,-4.62877183946e-12,0.00556132580063
22.518,-4.62877183946e-12,0.00556501277582
22.52,-4.62877183946e-12,0.005568699751
22.522,-4.62877183946e-12,0.00557238672619
22.524,-4.62877183946e-12,0.00557607370137
22.526,-4.62877183946e-12,0.00557976067656
22.528,-4.62877183946e-12,0.00558344765174
22.53,-4.62877183946e-12,0.00558713462693
22.532,-4.62877183946e-12,0.00559082160211
22.534,-4.62877183946e-12,0.0055945085773
22.536,-4.62877183946e-12,0.00559819555248
22.538,-4.62877183946e-12,0.00560188252766
22.54,-4.62877183946e-12,0.00560556950285
22.542,-4.62877183946e-12,0.00560925647803
22.544,-4.62877183946e-12,0.00561294345322
22.546,-4.62877183946e-12,0.0056166304284
22.548,-4.62877183946e-12,0.00562031740359
22.55,-4.62877183946e-12,0.00562400437877
22.552,-4.62877183946e-12,0.00562769135396
22.554,-4.62877183946e-12,0.00563137832914
22.556,-4.62877183946e-12,0.00563506530433
22.558,-4.62877183946e-12,0.00563875227951
22.56,-4.62877183946e-12,0.0056424392547
22.562,-4.62877183946e-12,0.00564612622988
22.564,-4.62877183946e-12,0.00564981320507
22.566,-4.62877183946e-12,0.00565350018025
22.568,-4.62877183946e-12,0.00565718715544
22.57,-4.62877183946e-12,0.00566087413062
22.572,-4.62877183946e-12,0.00566456110581
22.574,-4.62877183946e-12,0.00566824808099
22.576,-4.62877183946e-12,0.00567193505618
22.578,-4.62877183946e-12,0.00567562203136
22.58,-4.62877183946e-12,0.00567930900655
22.582,-4.62877183946e-12,0.00568299598173
22.584,-4.62877183946e-12,0.00568668295692
22.586,-4.62877183946e-12,0.0056903699321
22.588,-4.62877183946e-12,0.00569405690728
22.59,-4.62877183946e-12,0.00569774388247
22.592,-4.62877183946e-12,0.00570143085765
22.594,-4.62877183946e-12,0.00570511783284
22.596,-4.62877183946e-12,0.00570880480802
22.598,-4.62877183946e-12,0.00571249178321
22.6,-4.62877183946e-12,0.00571617875839
22.602,-4.58248412106e-12,0.00572113623338
22.604,-4.53619640267e-12,0.00572609370836
22.606,-4.48990868427e-12,0.00573105118334
22.608,-4.44362096588e-12,0.00573600865832
22.61,-4.39733324748e-12,0.0057409661333
22.612,-4.35104552909e-12,0.00574592360828
22.614,-4.30475781069e-12,0.00575088108326
22.616,-4.2584700923e-12,0.00575583855824
22.618,-4.2121823739e-12,0.00576079603323
22.62,-4.16589465551e-12,0.00576575350821
22.622,-4.11960693712e-12,0.00577071098319
22.624,-4.07331921872e-12,0.00577566845817
22.626,-4.02703150033e-12,0.00578062593315
22.628,-3.98074378193e-12,0.00578558340813
22.63,-3.93445606354e-12,0.00579054088311
22.632,-3.88816834514e-12,0.0057954983581
22.634,-3.84188062675e-12,0.00580045583308
22.636,-3.79559290835e-12,0.00580541330806
22.638,-3.74930518996e-12,0.00581037078304
22.64,-3.70301747156e-12,0.00581532825802
22.642,-3.65672975317e-12,0.005820285733
22.644,-3.61044203478e-12,0.00582524320798
22.646,-3.56415431638e-12,0.00583020068296
22.648,-3.51786659799e-12,0.00583515815795
22.65,-3.47157887959e-12,0.00584011563293
22.652,-3.4252911612e-12,0.00584507310791
22.654,-3.3790034428e-12,0.00585003058289
22.656,-3.33271572441e-12,0.00585498805787
22.658,-3.28642800601e-12,0.00585994553285
22.66,-3.24014028762e-12,0.00586490300783
22.662,-3.19385256922e-12,0.00586986048282
22.664,-3.14756485083e-12,0.0058748179578
22.666,-3.10127713243e-12,0.00587977543278
22.668,-3.05498941404e-12,0.00588473290776
22.67,-3.00870169565e-12,0.00588969038274
22.672,-2.96241397725e-12,0.00589464785772
22.674,-2.91612625886e-12,0.0058996053327
22.676,-2.86983854046e-12,0.00590456280769
22.678,-2.82355082207e-12,0.00590952028267
22.68,-2.77726310367e-12,0.00591447775765
22.682,-2.73097538528e-12,0.00591943523263
22.684,-2.68468766688e-12,0.00592439270761
22.686,-2.63839994849e-12,0.00592935018259
22.688,-2.59211223009e-12,0.00593430765757
22.69,-2.5458245117e-12,0.00593926513255
22.692,-2.49953679331e-12,0.00594422260754
22.694,-2.45324907491e-12,0.00594918008252
22.696,-2.40696135652e-12,0.0059541375575
22.698,-2.36067363812e-12,0.00595909503248
22.7,-2.31438591973e-12,0.00596405250746
22.702,-2.26809820133e-12,0.00596900998244
22.704,-2.22181048294e-12,0.00597396745742
22.706,-2.17552276454e-12,0.00597892493241
22.708,-2.12923504615e-12,0.00598388240739
22.71,-2.08294732775e-12,0.00598883988237
22.712,-2.03665960936e-12,0.00599379735735
22.714,-1.99037189097e-12,0.00599875483233
22.716,-1.94408417257e-12,0.00600371230731
22.718,-1.89779645418e-12,0.00600866978229
22.72,-1.85150873578e-12,0.00601362725728
22.722,-1.80522101739e-12,0.00601858473226
22.724,-1.75893329899e-12,0.00602354220724
22.726,-1.7126455806e-12,0.00602849968222
22.728,-1.6663578622e-12,0.0060334571572
22.73,-1.62007014381e-12,0.00603841463218
22.732,-1.57378242541e-12,0.00604337210716
22.734,-1.52749470702e-12,0.00604832958214
22.736,-1.48120698863e-12,0.00605328705713
22.738,-1.43491927023e-12,0.00605824453211
22.74,-1.38863155184e-12,0.00606320200709
22.742,-1.34234383344e-12,0.00606815948207
22.744,-1.29605611505e-12,0.00607311695705
22.746,-1.24976839665e-12,0.00607807443203
22.748,-1.20348067826e-12,0.00608303190701
22.75,-1.15719295986e-12,0.006087989382
22.752,-1.11090524147e-12,0.00609294685698
22.754,-1.06461752307e-12,0.00609790433196
22.756,-1.01832980468e-12,0.00610286180694
22.758,-9.72042086285e-13,0.00610781928192
22.76,-9.25754367891e-13,0.0061127767569
22.762,-8.79466649496e-13,0.00611773423188
22.764,-8.33178931102e-13,0.00612269170686
22.766,-7.86891212707e-13,0.00612764918185
22.768,-7.40603494313e-13,0.00613260665683
22.77,-6.94315775918e-13,0.00613756413181
22.772,-6.48028057523e-13,0.00614252160679
22.774,-6.01740339129e-13,0.00614747908177
22.776,-5.55452620734e-13,0.00615243655675
22.778,-5.0916490234e-13,0.00615739403173
22.78,-4.62877183945e-13,0.00616235150672
22.782,-4.16589465551e-13,0.0061673089817
22.784,-3.70301747156e-13,0.00617226645668
22.786,-3.24014028761e-13,0.00617722393166
22.788,-2.77726310367e-13,0.00618218140664
22.79,-2.31438591972e-13,0.00618713888162
22.792,-1.85150873578e-13,0.0061920963566
22.794,-1.38863155183e-13,0.00619705383159
22.796,-9.25754367887e-14,0.00620201130657
22.798,-4.62877183941e-14,0.00620696878155
22.8,-8.22235051504e-25,0.00621192625653
22.802,-9.25754367899e-14,0.00621968417026
22.804,-1.85150873579e-13,0.006227442084
22.806,-2.77726310368e-13,0.00623519999773
22.808,-3.70301747157e-13,0.00624295791147
22.81,-4.62877183946e-13,0.0062507158252
22.812,-5.55452620736e-13,0.00625847373894
22.814,-6.48028057525e-13,0.00626623165267
22.816,-7.40603494314e-13,0.00627398956641
22.818,-8.33178931103e-13,0.00628174748014
22.82,-9.25754367892e-13,0.00628950539388
22.822,-1.01832980468e-12,0.00629726330761
22.824,-1.11090524147e-12,0.00630502122135
22.826,-1.20348067826e-12,0.00631277913508
22.828,-1.29605611505e-12,0.00632053704881
22.83,-1.38863155184e-12,0.00632829496255
22.832,-1.48120698863e-12,0.00633605287628
22.834,-1.57378242542e-12,0.00634381079002
22.836,-1.6663578622e-12,0.00635156870375
22.838,-1.75893329899e-12,0.00635932661749
22.84,-1.85150873578e-12,0.00636708453122
22.842,-1.94408417257e-12,0.00637484244496
22.844,-2.03665960936e-12,0.00638260035869
22.846,-2.12923504615e-12,0.00639035827243
22.848,-2.22181048294e-12,0.00639811618616
22.85,-2.31438591973e-12,0.0064058740999
22.852,-2.40696135652e-12,0.00641363201363
22.854,-2.49953679331e-12,0.00642138992736
22.856,-2.5921122301e-12,0.0064291478411
22.858,-2.68468766689e-12,0.00643690575483
22.86,-2.77726310367e-12,0.00644466366857
22.862,-2.86983854046e-12,0.0064524215823
22.864,-2.96241397725e-12,0.00646017949604
22.866,-3.05498941404e-12,0.00646793740977
22.868,-3.14756485083e-12,0.00647569532351
22.87,-3.24014028762e-12,0.00648345323724
22.872,-3.33271572441e-12,0.00649121115098
22.874,-3.4252911612e-12,0.00649896906471
22.876,-3.51786659799e-12,0.00650672697845
22.878,-3.61044203478e-12,0.00651448489218
22.88,-3.70301747157e-12,0.00652224280592
22.882,-3.79559290835e-12,0.00653000071965
22.884,-3.88816834514e-12,0.00653775863338
22.886,-3.98074378193e-12,0.00654551654712
22.888,-4.07331921872e-12,0.00655327446085
22.89,-4.16589465551e-12,0.00656103237459
22.892,-4.2584700923e-12,0.00656879028832
22.894,-4.35104552909e-12,0.00657654820206
22.896,-4.44362096588e-12,0.00658430611579
22.898,-4.53619640267e-12,0.00659206402953
22.9,-4.62877183946e-12,0.00659982194326
22.902,-4.72134727625e-12,0.006607579857
22.904,-4.81392271303e-12,0.00661533777073
22.906,-4.90649814982e-12,0.00662309568447
22.908,-4.99907358661e-12,0.0066308535982
22.91,-5.0916490234e-12,0.00663861151194
22.912,-5.18422446019e-12,0.00664636942567
22.914,-5.27679989698e-12,0.0066541273394
22.916,-5.36937533377e-12,0.00666188525314
22.918,-5.46195077056e-12,0.00666964316687
22.92,-5.55452620735e-12,0.00667740108061
22.922,-5.64710164414e-12,0.00668515899434
22.924,-5.73967708093e-12,0.00669291690808
22.926,-5.83225251772e-12,0.00670067482181
22.928,-5.9248279545e-12,0.00670843273555
22.93,-6.01740339129e-12,0.00671619064928
22.932,-6.10997882808e-12,0.00672394856302
22.934,-6.20255426487e-12,0.00673170647675
22.936,-6.29512970166e-12,0.00673946439049
22.938,-6.38770513845e-12,0.00674722230422
22.94,-6.48028057524e-12,0.00675498021795
22.942,-6.57285601203e-12,0.00676273813169
22.944,-6.66543144882e-12,0.00677049604542
22.946,-6.75800688561e-12,0.00677825395916
22.948,-6.8505823224e-12,0.00678601187289
22.95,-6.94315775918e-12,0.00679376978663
22.952,-7.03573319597e-12,0.00680152770036
22.954,-7.12830863276e-12,0.0068092856141
22.956,-7.22088406955e-12,0.00681704352783
22.958,-7.31345950634e-12,0.00682480144157
22.96,-7.40603494313e-12,0.0068325593553
22.962,-7.49861037992e-12,0.00684031726904
22.964,-7.59118581671e-12,0.00684807518277
22.966,-7.6837612535e-12,0.00685583309651
22.968,-7.77633669029e-12,0.00686359101024
22.97,-7.86891212708e-12,0.00687134892397
22.972,-7.96148756386e-12,0.00687910683771
22.974,-8.05406300065e-12,0.00688686475144
22.976,-8.14663843744e-12,0.00689462266518
22.978,-8.23921387423e-12,0.00690238057891
22.98,-8.33178931102e-12,0.00691013849265
22.982,-8.42436474781e-12,0.00691789640638
22.984,-8.5169401846e-12,0.00692565432012
22.986,-8.60951562139e-12,0.00693341223385
22.988,-8.70209105818e-12,0.00694117014759
22.99,-8.79466649497e-12,0.00694892806132
22.992,-8.88724193176e-12,0.00695668597506
22.994,-8.97981736855e-12,0.00696444388879
22.996,-9.07239280533e-12,0.00697220180253
22.998,-9.16496824212e-12,0.00697995971626
23,-9.25754367891e-12,0.00698771762999
23.002,-9.16496824212e-12,0.00700784399298
23.004,-9.07239280533e-12,0.00702797035596
23.006,-8.97981736854e-12,0.00704809671894
23.008,-8.88724193175e-12,0.00706822308193
23.01,-8.79466649497e-12,0.00708834944491
23.012,-8.70209105818e-12,0.00710847580789
23.014,-8.60951562139e-12,0.00712860217088
23.016,-8.5169401846e-12,0.00714872853386
23.018,-8.42436474781e-12,0.00716885489684
23.02,-8.33178931102e-12,0.00718898125983
23.022,-8.23921387423e-12,0.00720910762281
23.024,-8.14663843744e-12,0.00722923398579
23.026,-8.05406300065e-12,0.00724936034878
23.028,-7.96148756386e-12,0.00726948671176
23.03,-7.86891212707e-12,0.00728961307474
23.032,-7.77633669028e-12,0.00730973943773
23.034,-7.6837612535e-12,0.00732986580071
23.036,-7.59118581671e-12,0.00734999216369
23.038,-7.49861037992e-12,0.00737011852668
23.04,-7.40603494313e-12,0.00739024488966
23.042,-7.31345950634e-12,0.00741037125264
23.044,-7.22088406955e-12,0.00743049761563
23.046,-7.12830863276e-12,0.00745062397861
23.048,-7.03573319597e-12,0.00747075034159
23.05,-6.94315775918e-12,0.00749087670458
23.052,-6.85058232239e-12,0.00751100306756
23.054,-6.7580068856e-12,0.00753112943054
23.056,-6.66543144882e-12,0.00755125579353
23.058,-6.57285601203e-12,0.00757138215651
23.06,-6.48028057524e-12,0.00759150851949
23.062,-6.38770513845e-12,0.00761163488247
23.064,-6.29512970166e-12,0.00763176124546
23.066,-6.20255426487e-12,0.00765188760844
23.068,-6.10997882808e-12,0.00767201397142
23.07,-6.01740339129e-12,0.00769214033441
23.072,-5.9248279545e-12,0.00771226669739
23.074,-5.83225251771e-12,0.00773239306037
23.076,-5.73967708092e-12,0.00775251942336
23.078,-5.64710164414e-12,0.00777264578634
23.08,-5.55452620735e-12,0.00779277214932
23.082,-5.46195077056e-12,0.00781289851231
23.084,-5.36937533377e-12,0.00783302487529
23.086,-5.27679989698e-12,0.00785315123827
23.088,-5.18422446019e-12,0.00787327760126
23.09,-5.0916490234e-12,0.00789340396424
23.092,-4.99907358661e-12,0.00791353032722
23.094,-4.90649814982e-12,0.00793365669021
23.096,-4.81392271303e-12,0.00795378305319
23.098,-4.72134727624e-12,0.00797390941617
23.1,-4.62877183945e-12,0.00799403577916
23.102,-4.53619640267e-12,0.00801416214214
23.104,-4.44362096588e-12,0.00803428850512
23.106,-4.35104552909e-12,0.00805441486811
23.108,-4.2584700923e-12,0.00807454123109
23.11,-4.16589465551e-12,0.00809466759407
23.112,-4.07331921872e-12,0.00811479395706
23.114,-3.98074378193e-12,0.00813492032004
23.116,-3.88816834514e-12,0.00815504668302
23.118,-3.79559290835e-12,0.00817517304601
23.12,-3.70301747156e-12,0.00819529940899
23.122,-3.61044203477e-12,0.00821542577197
23.124,-3.51786659799e-12,0.00823555213496
23.126,-3.4252911612e-12,0.00825567849794
23.128,-3.33271572441e-12,0.00827580486092
23.13,-3.24014028762e-12,0.0082959312239
23.132,-3.14756485083e-12,0.00831605758689
23.134,-3.05498941404e-12,0.00833618394987
23.136,-2.96241397725e-12,0.00835631031285
23.138,-2.86983854046e-12,0.00837643667584
23.14,-2.77726310367e-12,0.00839656303882
23.142,-2.68468766688e-12,0.0084166894018
23.144,-2.59211223009e-12,0.00843681576479
23.146,-2.49953679331e-12,0.00845694212777
23.148,-2.40696135652e-12,0.00847706849075
23.15,-2.31438591973e-12,0.00849719485374
23.152,-2.22181048294e-12,0.00851732121672
23.154,-2.12923504615e-12,0.0085374475797
23.156,-2.03665960936e-12,0.00855757394269
23.158,-1.94408417257e-12,0.00857770030567
23.16,-1.85150873578e-12,0.00859782666865
23.162,-1.75893329899e-12,0.00861795303164
23.164,-1.6663578622e-12,0.00863807939462
23.166,-1.57378242541e-12,0.0086582057576
23.168,-1.48120698862e-12,0.00867833212059
23.17,-1.38863155184e-12,0.00869845848357
23.172,-1.29605611505e-12,0.00871858484655
23.174,-1.20348067826e-12,0.00873871120954
23.176,-1.11090524147e-12,0.00875883757252
23.178,-1.01832980468e-12,0.0087789639355
23.18,-9.2575436789e-13,0.00879909029849
23.182,-8.33178931101e-13,0.00881921666147
23.184,-7.40603494312e-13,0.00883934302445
23.186,-6.48028057523e-13,0.00885946938744
23.188,-5.55452620734e-13,0.00887959575042
23.19,-4.62877183945e-13,0.0088997221134
23.192,-3.70301747156e-13,0.00891984847639
23.194,-2.77726310366e-13,0.00893997483937
23.196,-1.85150873577e-13,0.00896010120235
23.198,-9.25754367882e-14,0.00898022756533
23.2,-1.48189229178e-10,0.00900035392832
23.202,-13.9038532773,0.00900013110322
23.204,-27.8077065545,0.00899990827811
23.206,-41.7115598318,0.00899968545301
23.208,-55.615413109,0.00899946262791
23.21,-69.5192663862,0.0089992398028
23.212,-83.4231196634,0.0089990169777
23.214,-97.3269729406,0.0089987941526
23.216,-111.230826218,0.0089985713275
23.218,-125.134679495,0.00899834850239
23.22,-139.038532772,0.00899812567729
23.222,-152.942386049,0.00899790285219
23.224,-166.846239327,0.00899768002708
23.226,-180.750092604,0.00899745720198
23.228,-194.653945881,0.00899723437688
23.23,-208.557799158,0.00899701155178
23.232,-222.461652435,0.00899678872667
23.234,-236.365505713,0.00899656590157
23.236,-250.26935899,0.00899634307647
23.238,-264.173212267,0.00899612025136
23.24,-278.077065544,0.00899589742626
23.242,-291.980918821,0.00899567460116
23.244,-305.884772099,0.00899545177606
23.246,-319.788625376,0.00899522895095
23.248,-333.692478653,0.00899500612585
23.25,-347.59633193,0.00899478330075
23.252,-361.500185208,0.00899456047565
23.254,-375.404038485,0.00899433765054
23.256,-389.307891762,0.00899411482544
23.258,-403.211745039,0.00899389200034
23.26,-417.115598316,0.00899366917523
23.262,-431.019451594,0.00899344635013
23.264,-444.923304871,0.00899322352503
23.266,-458.827158148,0.00899300069993
23.268,-472.731011425,0.00899277787482
23.27,-486.634864702,0.00899255504972
23.272,-500.53871798,0.00899233222462
23.274,-514.442571257,0.00899210939951
23.276,-528.346424534,0.00899188657441
23.278,-542.250277811,0.00899166374931
23.28,-556.154131088,0.00899144092421
23.282,-570.057984366,0.0089912180991
23.284,-583.961837643,0.008990995274
23.286,-597.86569092,0.0089907724489
23.288,-611.769544197,0.00899054962379
23.29,-625.673397474,0.00899032679869
23.292,-639.577250752,0.00899010397359
23.294,-653.481104029,0.00898988114849
23.296,-667.384957306,0.00898965832338
23.298,-681.288810583,0.00898943549828
23.3,-695.19266386,0.00898921267318
23.302,-709.096517138,0.00898898984808
23.304,-723.000370415,0.00898876702297
23.306,-736.904223692,0.00898854419787
23.308,-750.808076969,0.00898832137277
23.31,-764.711930246,0.00898809854766
23.312,-778.615783524,0.00898787572256
23.314,-792.519636801,0.00898765289746
23.316,-806.423490078,0.00898743007236
23.318,-820.327343355,0.00898720724725
23.32,-834.231196632,0.00898698442215
23.322,-848.13504991,0.00898676159705
23.324,-862.038903187,0.00898653877194
23.326,-875.942756464,0.00898631594684
23.328,-889.846609741,0.00898609312174
23.33,-903.750463019,0.00898587029664
23.332,-917.654316296,0.00898564747153
23.334,-931.558169573,0.00898542464643
23.336,-945.46202285,0.00898520182133
23.338,-959.365876127,0.00898497899622
23.34,-973.269729405,0.00898475617112
23.342,-987.173582682,0.00898453334602
23.344,-1001.07743596,0.00898431052092
23.346,-1014.98128924,0.00898408769581
23.348,-1028.88514251,0.00898386487071
23.35,-1042.78899579,0.00898364204561
23.352,-1056.69284907,0.00898341922051
23.354,-1070.59670235,0.0089831963954
23.356,-1084.50055562,0.0089829735703
23.358,-1098.4044089,0.0089827507452
23.36,-1112.30826218,0.00898252792009
23.362,-1126.21211545,0.00898230509499
23.364,-1140.11596873,0.00898208226989
23.366,-1154.01982201,0.00898185944479
23.368,-1167.92367529,0.00898163661968
23.37,-1181.82752856,0.00898141379458
23.372,-1195.73138184,0.00898119096948
23.374,-1209.63523512,0.00898096814437
23.376,-1223.53908839,0.00898074531927
23.378,-1237.44294167,0.00898052249417
23.38,-1251.34679495,0.00898029966907
23.382,-1265.25064823,0.00898007684396
23.384,-1279.1545015,0.00897985401886
23.386,-1293.05835478,0.00897963119376
23.388,-1306.96220806,0.00897940836865
23.39,-1320.86606133,0.00897918554355
23.392,-1334.76991461,0.00897896271845
23.394,-1348.67376789,0.00897873989335
23.396,-1362.57762117,0.00897851706824
23.398,-1376.48147444,0.00897829424314
23.4,-1390.38532772,0.00897807141804
23.402,-1395.16467596,0.00896305118806
23.404,-1399.9440242,0.00894803095809
23.406,-1404.72337245,0.00893301072811
23.408,-1409.50272069,0.00891799049814
23.41,-1414.28206893,0.00890297026816
23.412,-1419.06141717,0.00888795003819
23.414,-1423.84076541,0.00887292980821
23.416,-1428.62011366,0.00885790957823
23.418,-1433.3994619,0.00884288934826
23.42,-1438.17881014,0.00882786911828
23.422,-1442.95815838,0.00881284888831
23.424,-1447.73750662,0.00879782865833
23.426,-1452.51685486,0.00878280842836
23.428,-1457.29620311,0.00876778819838
23.43,-1462.07555135,0.00875276796841
23.432,-1466.85489959,0.00873774773843
23.434,-1471.63424783,0.00872272750846
23.436,-1476.41359607,0.00870770727848
23.438,-1481.19294432,0.00869268704851
23.44,-1485.97229256,0.00867766681853
23.442,-1490.7516408,0.00866264658856
23.444,-1495.53098904,0.00864762635858
23.446,-1500.31033728,0.0086326061286
23.448,-1505.08968552,0.00861758589863
23.45,-1509.86903377,0.00860256566865
23.452,-1514.64838201,0.00858754543868
23.454,-1519.42773025,0.0085725252087
23.456,-1524.20707849,0.00855750497873
23.458,-1528.98642673,0.00854248474875
23.46,-1533.76577497,0.00852746451878
23.462,-1538.54512322,0.0085124442888
23.464,-1543.32447146,0.00849742405883
23.466,-1548.1038197,0.00848240382885
23.468,-1552.88316794,0.00846738359888
23.47,-1557.66251618,0.0084523633689
23.472,-1562.44186443,0.00843734313892
23.474,-1567.22121267,0.00842232290895
23.476,-1572.00056091,0.00840730267897
23.478,-1576.77990915,0.008392282449
23.48,-1581.55925739,0.00837726221902
23.482,-1586.33860563,0.00836224198905
23.484,-1591.11795388,0.00834722175907
23.486,-1595.89730212,0.0083322015291
23.488,-1600.67665036,0.00831718129912
23.49,-1605.4559986,0.00830216106915
23.492,-1610.23534684,0.00828714083917
23.494,-1615.01469509,0.0082721206092
23.496,-1619.79404333,0.00825710037922
23.498,-1624.57339157,0.00824208014924
23.5,-1629.35273981,0.00822705991927
23.502,-1634.13208805,0.00821203968929
23.504,-1638.91143629,0.00819701945932
23.506,-1643.69078454,0.00818199922934
23.508,-1648.47013278,0.00816697899937
23.51,-1653.24948102,0.00815195876939
23.512,-1658.02882926,0.00813693853942
23.514,-1662.8081775,0.00812191830944
23.516,-1667.58752575,0.00810689807947
23.518,-1672.36687399,0.00809187784949
23.52,-1677.14622223,0.00807685761952
23.522,-1681.92557047,0.00806183738954
23.524,-1686.70491871,0.00804681715957
23.526,-1691.48426695,0.00803179692959
23.528,-1696.2636152,0.00801677669961
23.53,-1701.04296344,0.00800175646964
23.532,-1705.82231168,0.00798673623966
23.534,-1710.60165992,0.00797171600969
23.536,-1715.38100816,0.00795669577971
23.538,-1720.16035641,0.00794167554974
23.54,-1724.93970465,0.00792665531976
23.542,-1729.71905289,0.00791163508979
23.544,-1734.49840113,0.00789661485981
23.546,-1739.27774937,0.00788159462984
23.548,-1744.05709761,0.00786657439986
23.55,-1748.83644586,0.00785155416989
23.552,-1753.6157941,0.00783653393991
23.554,-1758.39514234,0.00782151370993
23.556,-1763.17449058,0.00780649347996
23.558,-1767.95383882,0.00779147324998
23.56,-1772.73318707,0.00777645302001
23.562,-1777.51253531,0.00776143279003
23.564,-1782.29188355,0.00774641256006
23.566,-1787.07123179,0.00773139233008
23.568,-1791.85058003,0.00771637210011
23.57,-1796.62992827,0.00770135187013
23.572,-1801.40927652,0.00768633164016
23.574,-1806.18862476,0.00767131141018
23.576,-1810.967973,0.00765629118021
23.578,-1815.74732124,0.00764127095023
23.58,-1820.52666948,0.00762625072025
23.582,-1825.30601773,0.00761123049028
23.584,-1830.08536597,0.0075962102603
23.586,-1834.86471421,0.00758119003033
23.588,-1839.64406245,0.00756616980035
23.59,-1844.42341069,0.00755114957038
23.592,-1849.20275893,0.0075361293404
23.594,-1853.98210718,0.00752110911043
23.596,-1858.76145542,0.00750608888045
23.598,-1863.54080366,0.00749106865048
23.6,-1868.3201519,0.0074760484205
23.602,-1870.59446205,0.00746102819053
23.604,-1872.8687722,0.00744600796055
23.606,-1875.14308235,0.00743098773058
23.608,-1877.41739249,0.0074159675006
23.61,-1879.69170264,0.00740094727062
23.612,-1881.96601279,0.00738592704065
23.614,-1884.24032294,0.00737090681067
23.616,-1886.51463309,0.0073558865807
23.618,-1888.78894324,0.00734086635072
23.62,-1891.06325338,0.00732584612075
23.622,-1893.33756353,0.00731082589077
23.624,-1895.61187368,0.0072958056608
23.626,-1897.88618383,0.00728078543082
23.628,-1900.16049398,0.00726576520085
23.63,-1902.43480413,0.00725074497087
23.632,-1904.70911427,0.0072357247409
23.634,-1906.98342442,0.00722070451092
23.636,-1909.25773457,0.00720568428094
23.638,-1911.53204472,0.00719066405097
23.64,-1913.80635487,0.00717564382099
23.642,-1916.08066502,0.00716062359102
23.644,-1918.35497516,0.00714560336104
23.646,-1920.62928531,0.00713058313107
23.648,-1922.90359546,0.00711556290109
23.65,-1925.17790561,0.00710054267112
23.652,-1927.45221576,0.00708552244114
23.654,-1929.72652591,0.00707050221117
23.656,-1932.00083605,0.00705548198119
23.658,-1934.2751462,0.00704046175122
23.66,-1936.54945635,0.00702544152124
23.662,-1938.8237665,0.00701042129126
23.664,-1941.09807665,0.00699540106129
23.666,-1943.3723868,0.00698038083131
23.668,-1945.64669694,0.00696536060134
23.67,-1947.92100709,0.00695034037136
23.672,-1950.19531724,0.00693532014139
23.674,-1952.46962739,0.00692029991141
23.676,-1954.74393754,0.00690527968144
23.678,-1957.01824769,0.00689025945146
23.68,-1959.29255783,0.00687523922149
23.682,-1961.56686798,0.00686021899151
23.684,-1963.84117813,0.00684519876154
23.686,-1966.11548828,0.00683017853156
23.688,-1968.38979843,0.00681515830159
23.69,-1970.66410858,0.00680013807161
23.692,-1972.93841872,0.00678511784163
23.694,-1975.21272887,0.00677009761166
23.696,-1977.48703902,0.00675507738168
23.698,-1979.76134917,0.00674005715171
23.7,-1982.03565932,0.00672503692173
23.702,-1984.30996947,0.00671001669176
23.704,-1986.58427961,0.00669499646178
23.706,-1988.85858976,0.00667997623181
23.708,-1991.13289991,0.00666495600183
23.71,-1993.40721006,0.00664993577186
23.712,-1995.68152021,0.00663491554188
23.714,-1997.95583036,0.00661989531191
23.716,-2000.2301405,0.00660487508193
23.718,-2002.50445065,0.00658985485195
23.72,-2004.7787608,0.00657483462198
23.722,-2007.05307095,0.006559814392
23.724,-2009.3273811,0.00654479416203
23.726,-2011.60169125,0.00652977393205
23.728,-2013.87600139,0.00651475370208
23.73,-2016.15031154,0.0064997334721
23.732,-2018.42462169,0.00648471324213
23.734,-2020.69893184,0.00646969301215
23.736,-2022.97324199,0.00645467278218
23.738,-2025.24755214,0.0064396525522
23.74,-2027.52186228,0.00642463232223
23.742,-2029.79617243,0.00640961209225
23.744,-2032.07048258,0.00639459186227
23.746,-2034.34479273,0.0063795716323
23.748,-2036.61910288,0.00636455140232
23.75,-2038.89341303,0.00634953117235
23.752,-2041.16772317,0.00633451094237
23.754,-2043.44203332,0.0063194907124
23.756,-2045.71634347,0.00630447048242
23.758,-2047.99065362,0.00628945025245
23.76,-2050.26496377,0.00627443002247
23.762,-2052.53927392,0.0062594097925
23.764,-2054.81358406,0.00624438956252
23.766,-2057.08789421,0.00622936933255
23.768,-2059.36220436,0.00621434910257
23.77,-2061.63651451,0.0061993288726
23.772,-2063.91082466,0.00618430864262
23.774,-2066.1851348,0.00616928841264
23.776,-2068.45944495,0.00615426818267
23.778,-2070.7337551,0.00613924795269
23.78,-2073.00806525,0.00612422772272
23.782,-2075.2823754,0.00610920749274
23.784,-2077.55668555,0.00609418726277
23.786,-2079.83099569,0.00607916703279
23.788,-2082.10530584,0.00606414680282
23.79,-2084.37961599,0.00604912657284
23.792,-2086.65392614,0.00603410634287
23.794,-2088.92823629,0.00601908611289
23.796,-2091.20254644,0.00600406588292
23.798,-2093.47685658,0.00598904565294
23.8,-2095.75116673,0.00597402542296
23.802,-2096.32560169,0.00595900519299
23.804,-2096.90003666,0.00594398496301
23.806,-2097.47447162,0.00592896473304
23.808,-2098.04890658,0.00591394450306
23.81,-2098.62334154,0.00589892427309
23.812,-2099.1977765,0.00588390404311
23.814,-2099.77221146,0.00586888381314
23.816,-2100.34664643,0.00585386358316
23.818,-2100.92108139,0.00583884335319
23.82,-2101.49551635,0.00582382312321
23.822,-2102.06995131,0.00580880289324
23.824,-2102.64438627,0.00579378266326
23.826,-2103.21882123,0.00577876243328
23.828,-2103.79325619,0.00576374220331
23.83,-2104.36769116,0.00574872197333
23.832,-2104.94212612,0.00573370174336
23.834,-2105.51656108,0.00571868151338
23.836,-2106.09099604,0.00570366128341
23.838,-2106.665431,0.00568864105343
23.84,-2107.23986596,0.00567362082346
23.842,-2107.81430092,0.00565860059348
23.844,-2108.38873589,0.00564358036351
23.846,-2108.96317085,0.00562856013353
23.848,-2109.53760581,0.00561353990356
23.85,-2110.11204077,0.00559851967358
23.852,-2110.68647573,0.00558349944361
23.854,-2111.26091069,0.00556847921363
23.856,-2111.83534566,0.00555345898365
23.858,-2112.40978062,0.00553843875368
23.86,-2112.98421558,0.0055234185237
23.862,-2113.55865054,0.00550839829373
23.864,-2114.1330855,0.00549337806375
23.866,-2114.70752046,0.00547835783378
23.868,-2115.28195542,0.0054633376038
23.87,-2115.85639039,0.00544831737383
23.872,-2116.43082535,0.00543329714385
23.874,-2117.00526031,0.00541827691388
23.876,-2117.57969527,0.0054032566839
23.878,-2118.15413023,0.00538823645393
23.88,-2118.72856519,0.00537321622395
23.882,-2119.30300016,0.00535819599397
23.884,-2119.87743512,0.005343175764
23.886,-2120.45187008,0.00532815553402
23.888,-2121.02630504,0.00531313530405
23.89,-2121.60074,0.00529811507407
23.892,-2122.17517496,0.0052830948441
23.894,-2122.74960992,0.00526807461412
23.896,-2123.32404489,0.00525305438415
23.898,-2123.89847985,0.00523803415417
23.9,-2124.47291481,0.0052230139242
23.902,-2125.04734977,0.00520799369422
23.904,-2125.62178473,0.00519297346425
23.906,-2126.19621969,0.00517795323427
23.908,-2126.77065466,0.00516293300429
23.91,-2127.34508962,0.00514791277432
23.912,-2127.91952458,0.00513289254434
23.914,-2128.49395954,0.00511787231437
23.916,-2129.0683945,0.00510285208439
23.918,-2129.64282946,0.00508783185442
23.92,-2130.21726442,0.00507281162444
23.922,-2130.79169939,0.00505779139447
23.924,-2131.36613435,0.00504277116449
23.926,-2131.94056931,0.00502775093452
23.928,-2132.51500427,0.00501273070454
23.93,-2133.08943923,0.00499771047457
23.932,-2133.66387419,0.00498269024459
23.934,-2134.23830915,0.00496767001462
23.936,-2134.81274412,0.00495264978464
23.938,-2135.38717908,0.00493762955466
23.94,-2135.96161404,0.00492260932469
23.942,-2136.536049,0.00490758909471
23.944,-2137.11048396,0.00489256886474
23.946,-2137.68491892,0.00487754863476
23.948,-2138.25935389,0.00486252840479
23.95,-2138.83378885,0.00484750817481
23.952,-2139.40822381,0.00483248794484
23.954,-2139.98265877,0.00481746771486
23.956,-2140.55709373,0.00480244748489
23.958,-2141.13152869,0.00478742725491
23.96,-2141.70596365,0.00477240702494
23.962,-2142.28039862,0.00475738679496
23.964,-2142.85483358,0.00474236656498
23.966,-2143.42926854,0.00472734633501
23.968,-2144.0037035,0.00471232610503
23.97,-2144.57813846,0.00469730587506
23.972,-2145.15257342,0.00468228564508
23.974,-2145.72700839,0.00466726541511
23.976,-2146.30144335,0.00465224518513
23.978,-2146.87587831,0.00463722495516
23.98,-2147.45031327,0.00462220472518
23.982,-2148.02474823,0.00460718449521
23.984,-2148.59918319,0.00459216426523
23.986,-2149.17361815,0.00457714403526
23.988,-2149.74805312,0.00456212380528
23.99,-2150.32248808,0.0045471035753
23.992,-2150.89692304,0.00453208334533
23.994,-2151.471358,0.00451706311535
23.996,-2152.04579296,0.00450204288538
23.998,-2152.62022792,0.0044870226554
24,-2153.19466288,0.00447200242543
24.002,-2152.20563031,0.00445698219545
24.004,-2151.21659773,0.00444196196548
24.006,-2150.22756515,0.0044269417355
24.008,-2149.23853257,0.00441192150553
24.01,-2148.24949999,0.00439690127555
24.012,-2147.26046741,0.00438188104558
24.014,-2146.27143484,0.0043668608156
24.016,-2145.28240226,0.00435184058563
24.018,-2144.29336968,0.00433682035565
24.02,-2143.3043371,0.00432180012567
24.022,-2142.31530452,0.0043067798957
24.024,-2141.32627194,0.00429175966572
24.026,-2140.33723937,0.00427673943575
24.028,-2139.34820679,0.00426171920577
24.03,-2138.35917421,0.0042466989758
24.032,-2137.37014163,0.00423167874582
24.034,-2136.38110905,0.00421665851585
24.036,-2135.39207647,0.00420163828587
24.038,-2134.4030439,0.0041866180559
24.04,-2133.41401132,0.00417159782592
24.042,-2132.42497874,0.00415657759595
24.044,-2131.43594616,0.00414155736597
24.046,-2130.44691358,0.00412653713599
24.048,-2129.457881,0.00411151690602
24.05,-2128.46884843,0.00409649667604
24.052,-2127.47981585,0.00408147644607
24.054,-2126.49078327,0.00406645621609
24.056,-2125.50175069,0.00405143598612
24.058,-2124.51271811,0.00403641575614
24.06,-2123.52368553,0.00402139552617
24.062,-2122.53465295,0.00400637529619
24.064,-2121.54562038,0.00399135506622
24.066,-2120.5565878,0.00397633483624
24.068,-2119.56755522,0.00396131460627
24.07,-2118.57852264,0.00394629437629
24.072,-2117.58949006,0.00393127414632
24.074,-2116.60045748,0.00391625391634
24.076,-2115.61142491,0.00390123368636
24.078,-2114.62239233,0.00388621345639
24.08,-2113.63335975,0.00387119322641
24.082,-2112.64432717,0.00385617299644
24.084,-2111.65529459,0.00384115276646
24.086,-2110.66626201,0.00382613253649
24.088,-2109.67722944,0.00381111230651
24.09,-2108.68819686,0.00379609207654
24.092,-2107.69916428,0.00378107184656
24.094,-2106.7101317,0.00376605161659
24.096,-2105.72109912,0.00375103138661
24.098,-2104.73206654,0.00373601115664
24.1,-2103.74303397,0.00372099092666
24.102,-2102.75400139,0.00370597069668
24.104,-2101.76496881,0.00369095046671
24.106,-2100.77593623,0.00367593023673
24.108,-2099.78690365,0.00366091000676
24.11,-2098.79787107,0.00364588977678
24.112,-2097.80883849,0.00363086954681
24.114,-2096.81980592,0.00361584931683
24.116,-2095.83077334,0.00360082908686
24.118,-2094.84174076,0.00358580885688
24.12,-2093.85270818,0.00357078862691
24.122,-2092.8636756,0.00355576839693
24.124,-2091.87464302,0.00354074816696
24.126,-2090.88561045,0.00352572793698
24.128,-2089.89657787,0.003510707707
24.13,-2088.90754529,0.00349568747703
24.132,-2087.91851271,0.00348066724705
24.134,-2086.92948013,0.00346564701708
24.136,-2085.94044755,0.0034506267871
24.138,-2084.95141498,0.00343560655713
24.14,-2083.9623824,0.00342058632715
24.142,-2082.97334982,0.00340556609718
24.144,-2081.98431724,0.0033905458672
24.146,-2080.99528466,0.00337552563723
24.148,-2080.00625208,0.00336050540725
24.15,-2079.01721951,0.00334548517728
24.152,-2078.02818693,0.0033304649473
24.154,-2077.03915435,0.00331544471733
24.156,-2076.05012177,0.00330042448735
24.158,-2075.06108919,0.00328540425737
24.16,-2074.07205661,0.0032703840274
24.162,-2073.08302403,0.00325536379742
24.164,-2072.09399146,0.00324034356745
24.166,-2071.10495888,0.00322532333747
24.168,-2070.1159263,0.0032103031075
24.17,-2069.12689372,0.00319528287752
24.172,-2068.13786114,0.00318026264755
24.174,-2067.14882856,0.00316524241757
24.176,-2066.15979599,0.0031502221876
24.178,-2065.17076341,0.00313520195762
24.18,-2064.18173083,0.00312018172765
24.182,-2063.19269825,0.00310516149767
24.184,-2062.20366567,0.00309014126769
24.186,-2061.21463309,0.00307512103772
24.188,-2060.22560052,0.00306010080774
24.19,-2059.23656794,0.00304508057777
24.192,-2058.24753536,0.00303006034779
24.194,-2057.25850278,0.00301504011782
24.196,-2056.2694702,0.00300001988784
24.198,-2055.28043762,0.00298499965787
24.2,-2054.29140505,0.00296997942789
24.202,-2051.47158195,0.00295495919792
24.204,-2048.65175886,0.00293993896794
24.206,-2045.83193576,0.00292491873797
24.208,-2043.01211267,0.00290989850799
24.21,-2040.19228957,0.00289487827801
24.212,-2037.37246648,0.00287985804804
24.214,-2034.55264338,0.00286483781806
24.216,-2031.73282029,0.00284981758809
24.218,-2028.9129972,0.00283479735811
24.22,-2026.0931741,0.00281977712814
24.222,-2023.27335101,0.00280475689816
24.224,-2020.45352791,0.00278973666819
24.226,-2017.63370482,0.00277471643821
24.228,-2014.81388172,0.00275969620824
24.23,-2011.99405863,0.00274467597826
24.232,-2009.17423554,0.00272965574829
24.234,-2006.35441244,0.00271463551831
24.236,-2003.53458935,0.00269961528834
24.238,-2000.71476625,0.00268459505836
24.24,-1997.89494316,0.00266957482838
24.242,-1995.07512006,0.00265455459841
24.244,-1992.25529697,0.00263953436843
24.246,-1989.43547387,0.00262451413846
24.248,-1986.61565078,0.00260949390848
24.25,-1983.79582769,0.00259447367851
24.252,-1980.97600459,0.00257945344853
24.254,-1978.1561815,0.00256443321856
24.256,-1975.3363584,0.00254941298858
24.258,-1972.51653531,0.00253439275861
24.26,-1969.69671221,0.00251937252863
24.262,-1966.87688912,0.00250435229866
24.264,-1964.05706603,0.00248933206868
24.266,-1961.23724293,0.0024743118387
24.268,-1958.41741984,0.00245929160873
24.27,-1955.59759674,0.00244427137875
24.272,-1952.77777365,0.00242925114878
24.274,-1949.95795055,0.0024142309188
24.276,-1947.13812746,0.00239921068883
24.278,-1944.31830437,0.00238419045885
24.28,-1941.49848127,0.00236917022888
24.282,-1938.67865818,0.0023541499989
24.284,-1935.85883508,0.00233912976893
24.286,-1933.03901199,0.00232410953895
24.288,-1930.21918889,0.00230908930898
24.29,-1927.3993658,0.002294069079
24.292,-1924.5795427,0.00227904884902
24.294,-1921.75971961,0.00226402861905
24.296,-1918.93989652,0.00224900838907
24.298,-1916.12007342,0.0022339881591
24.3,-1913.30025033,0.00221896792912
24.302,-1910.48042723,0.00220394769915
24.304,-1907.66060414,0.00218892746917
24.306,-1904.84078104,0.0021739072392
24.308,-1902.02095795,0.00215888700922
24.31,-1899.20113486,0.00214386677925
24.312,-1896.38131176,0.00212884654927
24.314,-1893.56148867,0.0021138263193
24.316,-1890.74166557,0.00209880608932
24.318,-1887.92184248,0.00208378585935
24.32,-1885.10201938,0.00206876562937
24.322,-1882.28219629,0.00205374539939
24.324,-1879.46237319,0.00203872516942
24.326,-1876.6425501,0.00202370493944
24.328,-1873.82272701,0.00200868470947
24.33,-1871.00290391,0.00199366447949
24.332,-1868.18308082,0.00197864424952
24.334,-1865.36325772,0.00196362401954
24.336,-1862.54343463,0.00194860378957
24.338,-1859.72361153,0.00193358355959
24.34,-1856.90378844,0.00191856332962
24.342,-1854.08396535,0.00190354309964
24.344,-1851.26414225,0.00188852286967
24.346,-1848.44431916,0.00187350263969
24.348,-1845.62449606,0.00185848240971
24.35,-1842.80467297,0.00184346217974
24.352,-1839.98484987,0.00182844194976
24.354,-1837.16502678,0.00181342171979
24.356,-1834.34520368,0.00179840148981
24.358,-1831.52538059,0.00178338125984
24.36,-1828.7055575,0.00176836102986
24.362,-1825.8857344,0.00175334079989
24.364,-1823.06591131,0.00173832056991
24.366,-1820.24608821,0.00172330033994
24.368,-1817.42626512,0.00170828010996
24.37,-1814.60644202,0.00169325987999
24.372,-1811.78661893,0.00167823965001
24.374,-1808.96679584,0.00166321942003
24.376,-1806.14697274,0.00164819919006
24.378,-1803.32714965,0.00163317896008
24.38,-1800.50732655,0.00161815873011
24.382,-1797.68750346,0.00160313850013
24.384,-1794.86768036,0.00158811827016
24.386,-1792.04785727,0.00157309804018
24.388,-1789.22803417,0.00155807781021
24.39,-1786.40821108,0.00154305758023
24.392,-1783.58838799,0.00152803735026
24.394,-1780.76856489,0.00151301712028
24.396,-1777.9487418,0.00149799689031
24.398,-1775.1289187,0.00148297666033
24.4,-1772.30909561,0.00146795643036
24.402,-1766.40259605,0.00145293620038
24.404,-1760.49609649,0.0014379159704
24.406,-1754.58959693,0.00142289574043
24.408,-1748.68309737,0.00140787551045
24.41,-1742.77659781,0.00139285528048
24.412,-1736.87009825,0.0013778350505
24.414,-1730.96359869,0.00136281482053
24.416,-1725.05709913,0.00134779459055
24.418,-1719.15059958,0.00133277436058
24.42,-1713.24410002,0.0013177541306
24.422,-1707.33760046,0.00130273390063
24.424,-1701.4311009,0.00128771367065
24.426,-1695.52460134,0.00127269344068
24.428,-1689.61810178,0.0012576732107
24.43,-1683.71160222,0.00124265298072
24.432,-1677.80510266,0.00122763275075
24.434,-1671.8986031,0.00121261252077
24.436,-1665.99210354,0.0011975922908
24.438,-1660.08560398,0.00118257206082
24.44,-1654.17910442,0.00116755183085
24.442,-1648.27260486,0.00115253160087
24.444,-1642.36610531,0.0011375113709
24.446,-1636.45960575,0.00112249114092
24.448,-1630.55310619,0.00110747091095
24.45,-1624.64660663,0.00109245068097
24.452,-1618.74010707,0.001077430451
24.454,-1612.83360751,0.00106241022102
24.456,-1606.92710795,0.00104738999104
24.458,-1601.02060839,0.00103236976107
24.46,-1595.11410883,0.00101734953109
24.462,-1589.20760927,0.00100232930112
24.464,-1583.30110971,0.000987309071143
24.466,-1577.39461015,0.000972288841168
24.468,-1571.48811059,0.000957268611193
24.47,-1565.58161104,0.000942248381217
24.472,-1559.67511148,0.000927228151242
24.474,-1553.76861192,0.000912207921267
24.476,-1547.86211236,0.000897187691291
24.478,-1541.9556128,0.000882167461316
24.48,-1536.04911324,0.000867147231341
24.482,-1530.14261368,0.000852127001365
24.484,-1524.23611412,0.00083710677139
24.486,-1518.32961456,0.000822086541414
24.488,-1512.423115,0.000807066311439
24.49,-1506.51661544,0.000792046081464
24.492,-1500.61011588,0.000777025851488
24.494,-1494.70361632,0.000762005621513
24.496,-1488.79711677,0.000746985391538
24.498,-1482.89061721,0.000731965161562
24.5,-1476.98411765,0.000716944931587
24.502,-1471.07761809,0.000701924701612
24.504,-1465.17111853,0.000686904471636
24.506,-1459.26461897,0.000671884241661
24.508,-1453.35811941,0.000656864011685
24.51,-1447.45161985,0.00064184378171
24.512,-1441.54512029,0.000626823551735
24.514,-1435.63862073,0.000611803321759
24.516,-1429.73212117,0.000596783091784
24.518,-1423.82562161,0.000581762861809
24.52,-1417.91912205,0.000566742631833
24.522,-1412.0126225,0.000551722401858
24.524,-1406.10612294,0.000536702171882
24.526,-1400.19962338,0.000521681941907
24.528,-1394.29312382,0.000506661711932
24.53,-1388.38662426,0.000491641481956
24.532,-1382.4801247,0.000476621251981
24.534,-1376.57362514,0.000461601022006
24.536,-1370.66712558,0.00044658079203
24.538,-1364.76062602,0.000431560562055
24.54,-1358.85412646,0.00041654033208
24.542,-1352.9476269,0.000401520102104
24.544,-1347.04112734,0.000386499872129
24.546,-1341.13462778,0.000371479642153
24.548,-1335.22812823,0.000356459412178
24.55,-1329.32162867,0.000341439182203
24.552,-1323.41512911,0.000326418952227
24.554,-1317.50862955,0.000311398722252
24.556,-1311.60212999,0.000296378492277
24.558,-1305.69563043,0.000281358262301
24.56,-1299.78913087,0.000266338032326
24.562,-1293.88263131,0.000251317802351
24.564,-1287.97613175,0.000236297572375
24.566,-1282.06963219,0.0002212773424
24.568,-1276.16313263,0.000206257112424
24.57,-1270.25663307,0.000191236882449
24.572,-1264.35013351,0.000176216652474
24.574,-1258.44363396,0.000161196422498
24.576,-1252.5371344,0.000146176192523
24.578,-1246.63063484,0.000131155962548
24.58,-1240.72413528,0.000116135732572
24.582,-1234.81763572,0.000101115502597
24.584,-1228.91113616,8.60952726215e-05
24.586,-1223.0046366,7.10750426462e-05
24.588,-1217.09813704,5.60548126708e-05
24.59,-1211.19163748,4.10345826954e-05
24.592,-1205.28513792,2.60143527201e-05
24.594,-1199.37863836,1.09941227447e-05
24.596,-1193.4721388,-4.02610723066e-06
24.598,-1187.56563924,-1.9046337206e-05
24.6,-1181.65913968,-3.40665671811e-05
24.602,-1169.84254829,-2.06290913329e-05
24.604,-1158.02595689,-7.19161548468e-06
24.606,-1146.20936549,6.24586036357e-06
24.608,-1134.3927741,1.96833362118e-05
24.61,-1122.5761827,3.31208120601e-05
24.612,-1110.7595913,4.65582879083e-05
24.614,-1098.94299991,5.99957637566e-05
24.616,-1087.12640851,7.34332396048e-05
24.618,-1075.30981711,8.6870715453e-05
24.62,-1063.49322572,0.000100308191301
24.622,-1051.67663432,0.00011374566715
24.624,-1039.86004292,0.000127183142998
24.626,-1028.04345153,0.000140620618846
24.628,-1016.22686013,0.000154058094694
24.63,-1004.41026873,0.000167495570542
24.632,-992.593677335,0.000180933046391
24.634,-980.777085939,0.000194370522239
24.636,-968.960494542,0.000207807998087
24.638,-957.143903145,0.000221245473935
24.64,-945.327311748,0.000234682949784
24.642,-933.510720351,0.000248120425632
24.644,-921.694128954,0.00026155790148
24.646,-909.877537557,0.000274995377328
24.648,-898.060946161,0.000288432853177
24.65,-886.244354764,0.000301870329025
24.652,-874.427763367,0.000315307804873
24.654,-862.61117197,0.000328745280721
24.656,-850.794580573,0.00034218275657
24.658,-838.977989176,0.000355620232418
24.66,-827.161397779,0.000369057708266
24.662,-815.344806383,0.000382495184114
24.664,-803.528214986,0.000395932659962
24.666,-791.711623589,0.000409370135811
24.668,-779.895032192,0.000422807611659
24.67,-768.078440795,0.000436245087507
24.672,-756.261849398,0.000449682563355
24.674,-744.445258001,0.000463120039204
24.676,-732.628666605,0.000476557515052
24.678,-720.812075208,0.0004899949909
24.68,-708.995483811,0.000503432466748
24.682,-697.178892414,0.000516869942597
24.684,-685.362301017,0.000530307418445
24.686,-673.54570962,0.000543744894293
24.688,-661.729118224,0.000557182370141
24.69,-649.912526827,0.00057061984599
24.692,-638.09593543,0.000584057321838
24.694,-626.279344033,0.000597494797686
24.696,-614.462752636,0.000610932273534
24.698,-602.646161239,0.000624369749383
24.7,-590.829569842,0.000637807225231
24.702,-579.012978446,0.000651244701079
24.704,-567.196387049,0.000664682176927
24.706,-555.379795652,0.000678119652776
24.708,-543.563204255,0.000691557128624
24.71,-531.746612858,0.000704994604472
24.712,-519.930021461,0.00071843208032
24.714,-508.113430064,0.000731869556168
24.716,-496.296838668,0.000745307032017
24.718,-484.480247271,0.000758744507865
24.72,-472.663655874,0.000772181983713
24.722,-460.847064477,0.000785619459561
24.724,-449.03047308,0.00079905693541
24.726,-437.213881683,0.000812494411258
24.728,-425.397290287,0.000825931887106
24.73,-413.58069889,0.000839369362954
24.732,-401.764107493,0.000852806838803
24.734,-389.947516096,0.000866244314651
24.736,-378.130924699,0.000879681790499
24.738,-366.314333302,0.000893119266347
24.74,-354.497741905,0.000906556742196
24.742,-342.681150509,0.000919994218044
24.744,-330.864559112,0.000933431693892
24.746,-319.047967715,0.00094686916974
24.748,-307.231376318,0.000960306645589
24.75,-295.414784921,0.000973744121437
24.752,-283.598193524,0.000987181597285
24.754,-271.781602127,0.00100061907313
24.756,-259.965010731,0.00101405654898
24.758,-248.148419334,0.00102749402483
24.76,-236.331827937,0.00104093150068
24.762,-224.51523654,0.00105436897653
24.764,-212.698645143,0.00106780645237
24.766,-200.882053746,0.00108124392822
24.768,-189.065462349,0.00109468140407
24.77,-177.248870953,0.00110811887992
24.772,-165.432279556,0.00112155635577
24.774,-153.615688159,0.00113499383162
24.776,-141.799096762,0.00114843130746
24.778,-129.982505365,0.00116186878331
24.78,-118.165913968,0.00117530625916
24.782,-106.349322572,0.00118874373501
24.784,-94.5327311747,0.00120218121086
24.786,-82.7161397778,0.00121561868671
24.788,-70.899548381,0.00122905616255
24.79,-59.0829569841,0.0012424936384
24.792,-47.2663655873,0.00125593111425
24.794,-35.4497741904,0.0012693685901
24.796,-23.6331827936,0.00128280606595
24.798,-11.8165913967,0.00129624354179
24.8,-4.93341030902e-25,0.00130968101764
24.802,-4.62877183949e-14,0.0013233541115
24.804,-9.25754367896e-14,0.00133702720535
24.806,-1.38863155184e-13,0.00135070029921
24.808,-1.85150873579e-13,0.00136437339306
24.81,-2.31438591973e-13,0.00137804648691
24.812,-2.77726310368e-13,0.00139171958077
24.814,-3.24014028762e-13,0.00140539267462
24.816,-3.70301747157e-13,0.00141906576848
24.818,-4.16589465552e-13,0.00143273886233
24.82,-4.62877183946e-13,0.00144641195619
24.822,-5.09164902341e-13,0.00146008505004
24.824,-5.55452620735e-13,0.00147375814389
24.826,-6.0174033913e-13,0.00148743123775
24.828,-6.48028057524e-13,0.0015011043316
24.83,-6.94315775919e-13,0.00151477742546
24.832,-7.40603494313e-13,0.00152845051931
24.834,-7.86891212708e-13,0.00154212361317
24.836,-8.33178931102e-13,0.00155579670702
24.838,-8.79466649497e-13,0.00156946980087
24.84,-9.25754367892e-13,0.00158314289473
24.842,-9.72042086286e-13,0.00159681598858
24.844,-1.01832980468e-12,0.00161048908244
24.846,-1.06461752308e-12,0.00162416217629
24.848,-1.11090524147e-12,0.00163783527015
24.85,-1.15719295986e-12,0.001651508364
24.852,-1.20348067826e-12,0.00166518145785
24.854,-1.24976839665e-12,0.00167885455171
24.856,-1.29605611505e-12,0.00169252764556
24.858,-1.34234383344e-12,0.00170620073942
24.86,-1.38863155184e-12,0.00171987383327
24.862,-1.43491927023e-12,0.00173354692713
24.864,-1.48120698863e-12,0.00174722002098
24.866,-1.52749470702e-12,0.00176089311484
24.868,-1.57378242542e-12,0.00177456620869
24.87,-1.62007014381e-12,0.00178823930254
24.872,-1.6663578622e-12,0.0018019123964
24.874,-1.7126455806e-12,0.00181558549025
24.876,-1.75893329899e-12,0.00182925858411
24.878,-1.80522101739e-12,0.00184293167796
24.88,-1.85150873578e-12,0.00185660477182
24.882,-1.89779645418e-12,0.00187027786567
24.884,-1.94408417257e-12,0.00188395095952
24.886,-1.99037189097e-12,0.00189762405338
24.888,-2.03665960936e-12,0.00191129714723
24.89,-2.08294732776e-12,0.00192497024109
24.892,-2.12923504615e-12,0.00193864333494
24.894,-2.17552276454e-12,0.0019523164288
24.896,-2.22181048294e-12,0.00196598952265
24.898,-2.26809820133e-12,0.0019796626165
24.9,-2.31438591973e-12,0.00199333571036
24.902,-2.36067363812e-12,0.00200700880421
24.904,-2.40696135652e-12,0.00202068189807
24.906,-2.45324907491e-12,0.00203435499192
24.908,-2.49953679331e-12,0.00204802808578
24.91,-2.5458245117e-12,0.00206170117963
24.912,-2.5921122301e-12,0.00207537427348
24.914,-2.63839994849e-12,0.00208904736734
24.916,-2.68468766688e-12,0.00210272046119
24.918,-2.73097538528e-12,0.00211639355505
24.92,-2.77726310367e-12,0.0021300666489
24.922,-2.82355082207e-12,0.00214373974276
24.924,-2.86983854046e-12,0.00215741283661
24.926,-2.91612625886e-12,0.00217108593046
24.928,-2.96241397725e-12,0.00218475902432
24.93,-3.00870169565e-12,0.00219843211817
24.932,-3.05498941404e-12,0.00221210521203
24.934,-3.10127713244e-12,0.00222577830588
24.936,-3.14756485083e-12,0.00223945139974
24.938,-3.19385256922e-12,0.00225312449359
24.94,-3.24014028762e-12,0.00226679758744
24.942,-3.28642800601e-12,0.0022804706813
24.944,-3.33271572441e-12,0.00229414377515
24.946,-3.3790034428e-12,0.00230781686901
24.948,-3.4252911612e-12,0.00232148996286
24.95,-3.47157887959e-12,0.00233516305672
24.952,-3.51786659799e-12,0.00234883615057
24.954,-3.56415431638e-12,0.00236250924442
24.956,-3.61044203478e-12,0.00237618233828
24.958,-3.65672975317e-12,0.00238985543213
24.96,-3.70301747157e-12,0.00240352852599
24.962,-3.74930518996e-12,0.00241720161984
24.964,-3.79559290835e-12,0.0024308747137
24.966,-3.84188062675e-12,0.00244454780755
24.968,-3.88816834514e-12,0.0024582209014
24.97,-3.93445606354e-12,0.00247189399526
24.972,-3.98074378193e-12,0.00248556708911
24.974,-4.02703150033e-12,0.00249924018297
24.976,-4.07331921872e-12,0.00251291327682
24.978,-4.11960693712e-12,0.00252658637068
24.98,-4.16589465551e-12,0.00254025946453
24.982,-4.21218237391e-12,0.00255393255839
24.984,-4.2584700923e-12,0.00256760565224
24.986,-4.30475781069e-12,0.00258127874609
24.988,-4.35104552909e-12,0.00259495183995
24.99,-4.39733324748e-12,0.0026086249338
24.992,-4.44362096588e-12,0.00262229802766
24.994,-4.48990868427e-12,0.00263597112151
24.996,-4.53619640267e-12,0.00264964421537
24.998,-4.58248412106e-12,0.00266331730922
25,-4.62877183946e-12,0.00267699040307
25.002,-4.58248412106e-12,0.00268393855883
25.004,-4.53619640267e-12,0.00269088671458
25.006,-4.48990868427e-12,0.00269783487033
25.008,-4.44362096588e-12,0.00270478302608
25.01,-4.39733324748e-12,0.00271173118184
25.012,-4.35104552909e-12,0.00271867933759
25.014,-4.30475781069e-12,0.00272562749334
25.016,-4.2584700923e-12,0.00273257564909
25.018,-4.2121823739e-12,0.00273952380485
25.02,-4.16589465551e-12,0.0027464719606
25.022,-4.11960693712e-12,0.00275342011635
25.024,-4.07331921872e-12,0.0027603682721
25.026,-4.02703150033e-12,0.00276731642786
25.028,-3.98074378193e-12,0.00277426458361
25.03,-3.93445606354e-12,0.00278121273936
25.032,-3.88816834514e-12,0.00278816089511
25.034,-3.84188062675e-12,0.00279510905087
25.036,-3.79559290835e-12,0.00280205720662
25.038,-3.74930518996e-12,0.00280900536237
25.04,-3.70301747156e-12,0.00281595351812
25.042,-3.65672975317e-12,0.00282290167388
25.044,-3.61044203477e-12,0.00282984982963
25.046,-3.56415431638e-12,0.00283679798538
25.048,-3.51786659799e-12,0.00284374614113
25.05,-3.47157887959e-12,0.00285069429689
25.052,-3.4252911612e-12,0.00285764245264
25.054,-3.3790034428e-12,0.00286459060839
25.056,-3.33271572441e-12,0.00287153876414
25.058,-3.28642800601e-12,0.0028784869199
25.06,-3.24014028762e-12,0.00288543507565
25.062,-3.19385256922e-12,0.0028923832314
25.064,-3.14756485083e-12,0.00289933138715
25.066,-3.10127713243e-12,0.00290627954291
25.068,-3.05498941404e-12,0.00291322769866
25.07,-3.00870169565e-12,0.00292017585441
25.072,-2.96241397725e-12,0.00292712401016
25.074,-2.91612625886e-12,0.00293407216592
25.076,-2.86983854046e-12,0.00294102032167
25.078,-2.82355082207e-12,0.00294796847742
25.08,-2.77726310367e-12,0.00295491663317
25.082,-2.73097538528e-12,0.00296186478893
25.084,-2.68468766688e-12,0.00296881294468
25.086,-2.63839994849e-12,0.00297576110043
25.088,-2.59211223009e-12,0.00298270925618
25.09,-2.5458245117e-12,0.00298965741194
25.092,-2.49953679331e-12,0.00299660556769
25.094,-2.45324907491e-12,0.00300355372344
25.096,-2.40696135652e-12,0.0030105018792
25.098,-2.36067363812e-12,0.00301745003495
25.1,-2.31438591973e-12,0.0030243981907
25.102,-2.26809820133e-12,0.00303134634645
25.104,-2.22181048294e-12,0.00303829450221
25.106,-2.17552276454e-12,0.00304524265796
25.108,-2.12923504615e-12,0.00305219081371
25.11,-2.08294732775e-12,0.00305913896946
25.112,-2.03665960936e-12,0.00306608712522
25.114,-1.99037189097e-12,0.00307303528097
25.116,-1.94408417257e-12,0.00307998343672
25.118,-1.89779645418e-12,0.00308693159247
25.12,-1.85150873578e-12,0.00309387974823
25.122,-1.80522101739e-12,0.00310082790398
25.124,-1.75893329899e-12,0.00310777605973
25.126,-1.7126455806e-12,0.00311472421548
25.128,-1.6663578622e-12,0.00312167237124
25.13,-1.62007014381e-12,0.00312862052699
25.132,-1.57378242541e-12,0.00313556868274
25.134,-1.52749470702e-12,0.00314251683849
25.136,-1.48120698863e-12,0.00314946499425
25.138,-1.43491927023e-12,0.00315641315
25.14,-1.38863155184e-12,0.00316336130575
25.142,-1.34234383344e-12,0.0031703094615
25.144,-1.29605611505e-12,0.00317725761726
25.146,-1.24976839665e-12,0.00318420577301
25.148,-1.20348067826e-12,0.00319115392876
25.15,-1.15719295986e-12,0.00319810208451
25.152,-1.11090524147e-12,0.00320505024027
25.154,-1.06461752307e-12,0.00321199839602
25.156,-1.01832980468e-12,0.00321894655177
25.158,-9.72042086285e-13,0.00322589470752
25.16,-9.25754367891e-13,0.00323284286328
25.162,-8.79466649496e-13,0.00323979101903
25.164,-8.33178931101e-13,0.00324673917478
25.166,-7.86891212707e-13,0.00325368733053
25.168,-7.40603494312e-13,0.00326063548629
25.17,-6.94315775918e-13,0.00326758364204
25.172,-6.48028057523e-13,0.00327453179779
25.174,-6.01740339129e-13,0.00328147995354
25.176,-5.55452620734e-13,0.0032884281093
25.178,-5.0916490234e-13,0.00329537626505
25.18,-4.62877183945e-13,0.0033023244208
25.182,-4.16589465551e-13,0.00330927257655
25.184,-3.70301747156e-13,0.00331622073231
25.186,-3.24014028761e-13,0.00332316888806
25.188,-2.77726310367e-13,0.00333011704381
25.19,-2.31438591972e-13,0.00333706519956
25.192,-1.85150873578e-13,0.00334401335532
25.194,-1.38863155183e-13,0.00335096151107
25.196,-9.25754367886e-14,0.00335790966682
25.198,-4.6287718394e-14,0.00336485782257
25.2,-4.93341030902e-25,0.00337180597833
25.202,-4.62877183951e-14,0.00337662727953
25.204,-9.25754367896e-14,0.00338144858074
25.206,-1.38863155184e-13,0.00338626988195
25.208,-1.85150873579e-13,0.00339109118316
25.21,-2.31438591973e-13,0.00339591248437
25.212,-2.77726310368e-13,0.00340073378557
25.214,-3.24014028762e-13,0.00340555508678
25.216,-3.70301747157e-13,0.00341037638799
25.218,-4.16589465552e-13,0.0034151976892
25.22,-4.62877183946e-13,0.00342001899041
25.222,-5.09164902341e-13,0.00342484029161
25.224,-5.55452620735e-13,0.00342966159282
25.226,-6.0174033913e-13,0.00343448289403
25.228,-6.48028057524e-13,0.00343930419524
25.23,-6.94315775919e-13,0.00344412549645
25.232,-7.40603494313e-13,0.00344894679765
25.234,-7.86891212708e-13,0.00345376809886
25.236,-8.33178931103e-13,0.00345858940007
25.238,-8.79466649497e-13,0.00346341070128
25.24,-9.25754367892e-13,0.00346823200248
25.242,-9.72042086286e-13,0.00347305330369
25.244,-1.01832980468e-12,0.0034778746049
25.246,-1.06461752308e-12,0.00348269590611
25.248,-1.11090524147e-12,0.00348751720732
25.25,-1.15719295986e-12,0.00349233850852
25.252,-1.20348067826e-12,0.00349715980973
25.254,-1.24976839665e-12,0.00350198111094
25.256,-1.29605611505e-12,0.00350680241215
25.258,-1.34234383344e-12,0.00351162371336
25.26,-1.38863155184e-12,0.00351644501456
25.262,-1.43491927023e-12,0.00352126631577
25.264,-1.48120698863e-12,0.00352608761698
25.266,-1.52749470702e-12,0.00353090891819
25.268,-1.57378242542e-12,0.0035357302194
25.27,-1.62007014381e-12,0.0035405515206
25.272,-1.6663578622e-12,0.00354537282181
25.274,-1.7126455806e-12,0.00355019412302
25.276,-1.75893329899e-12,0.00355501542423
25.278,-1.80522101739e-12,0.00355983672544
25.28,-1.85150873578e-12,0.00356465802664
25.282,-1.89779645418e-12,0.00356947932785
25.284,-1.94408417257e-12,0.00357430062906
25.286,-1.99037189097e-12,0.00357912193027
25.288,-2.03665960936e-12,0.00358394323148
25.29,-2.08294732776e-12,0.00358876453268
25.292,-2.12923504615e-12,0.00359358583389
25.294,-2.17552276454e-12,0.0035984071351
25.296,-2.22181048294e-12,0.00360322843631
25.298,-2.26809820133e-12,0.00360804973752
25.3,-2.31438591973e-12,0.00361287103872
25.302,-2.36067363812e-12,0.00361769233993
25.304,-2.40696135652e-12,0.00362251364114
25.306,-2.45324907491e-12,0.00362733494235
25.308,-2.49953679331e-12,0.00363215624355
25.31,-2.5458245117e-12,0.00363697754476
25.312,-2.5921122301e-12,0.00364179884597
25.314,-2.63839994849e-12,0.00364662014718
25.316,-2.68468766688e-12,0.00365144144839
25.318,-2.73097538528e-12,0.00365626274959
25.32,-2.77726310367e-12,0.0036610840508
25.322,-2.82355082207e-12,0.00366590535201
25.324,-2.86983854046e-12,0.00367072665322
25.326,-2.91612625886e-12,0.00367554795443
25.328,-2.96241397725e-12,0.00368036925563
25.33,-3.00870169565e-12,0.00368519055684
25.332,-3.05498941404e-12,0.00369001185805
25.334,-3.10127713244e-12,0.00369483315926
25.336,-3.14756485083e-12,0.00369965446047
25.338,-3.19385256923e-12,0.00370447576167
25.34,-3.24014028762e-12,0.00370929706288
25.342,-3.28642800601e-12,0.00371411836409
25.344,-3.33271572441e-12,0.0037189396653
25.346,-3.3790034428e-12,0.00372376096651
25.348,-3.4252911612e-12,0.00372858226771
25.35,-3.47157887959e-12,0.00373340356892
25.352,-3.51786659799e-12,0.00373822487013
25.354,-3.56415431638e-12,0.00374304617134
25.356,-3.61044203478e-12,0.00374786747255
25.358,-3.65672975317e-12,0.00375268877375
25.36,-3.70301747157e-12,0.00375751007496
25.362,-3.74930518996e-12,0.00376233137617
25.364,-3.79559290835e-12,0.00376715267738
25.366,-3.84188062675e-12,0.00377197397859
25.368,-3.88816834514e-12,0.00377679527979
25.37,-3.93445606354e-12,0.003781616581
25.372,-3.98074378193e-12,0.00378643788221
25.374,-4.02703150033e-12,0.00379125918342
25.376,-4.07331921872e-12,0.00379608048462
25.378,-4.11960693712e-12,0.00380090178583
25.38,-4.16589465551e-12,0.00380572308704
25.382,-4.21218237391e-12,0.00381054438825
25.384,-4.2584700923e-12,0.00381536568946
25.386,-4.30475781069e-12,0.00382018699066
25.388,-4.35104552909e-12,0.00382500829187
25.39,-4.39733324748e-12,0.00382982959308
25.392,-4.44362096588e-12,0.00383465089429
25.394,-4.48990868427e-12,0.0038394721955
25.396,-4.53619640267e-12,0.0038442934967
25.398,-4.58248412106e-12,0.00384911479791
25.4,-4.62877183946e-12,0.00385393609912
25.402,-4.58248412106e-12,0.0038577217064
25.404,-4.53619640267e-12,0.00386150731368
25.406,-4.48990868427e-12,0.00386529292096
25.408,-4.44362096588e-12,0.00386907852824
25.41,-4.39733324748e-12,0.00387286413551
25.412,-4.35104552909e-12,0.00387664974279
25.414,-4.30475781069e-12,0.00388043535007
25.416,-4.2584700923e-12,0.00388422095735
25.418,-4.2121823739e-12,0.00388800656463
25.42,-4.16589465551e-12,0.00389179217191
25.422,-4.11960693712e-12,0.00389557777919
25.424,-4.07331921872e-12,0.00389936338647
25.426,-4.02703150033e-12,0.00390314899375
25.428,-3.98074378193e-12,0.00390693460103
25.43,-3.93445606354e-12,0.0039107202083
25.432,-3.88816834514e-12,0.00391450581558
25.434,-3.84188062675e-12,0.00391829142286
25.436,-3.79559290835e-12,0.00392207703014
25.438,-3.74930518996e-12,0.00392586263742
25.44,-3.70301747156e-12,0.0039296482447
25.442,-3.65672975317e-12,0.00393343385198
25.444,-3.61044203478e-12,0.00393721945926
25.446,-3.56415431638e-12,0.00394100506654
25.448,-3.51786659799e-12,0.00394479067381
25.45,-3.47157887959e-12,0.00394857628109
25.452,-3.4252911612e-12,0.00395236188837
25.454,-3.3790034428e-12,0.00395614749565
25.456,-3.33271572441e-12,0.00395993310293
25.458,-3.28642800601e-12,0.00396371871021
25.46,-3.24014028762e-12,0.00396750431749
25.462,-3.19385256922e-12,0.00397128992477
25.464,-3.14756485083e-12,0.00397507553205
25.466,-3.10127713243e-12,0.00397886113933
25.468,-3.05498941404e-12,0.0039826467466
25.47,-3.00870169565e-12,0.00398643235388
25.472,-2.96241397725e-12,0.00399021796116
25.474,-2.91612625886e-12,0.00399400356844
25.476,-2.86983854046e-12,0.00399778917572
25.478,-2.82355082207e-12,0.004001574783
25.48,-2.77726310367e-12,0.00400536039028
25.482,-2.73097538528e-12,0.00400914599756
25.484,-2.68468766688e-12,0.00401293160484
25.486,-2.63839994849e-12,0.00401671721212
25.488,-2.59211223009e-12,0.00402050281939
25.49,-2.5458245117e-12,0.00402428842667
25.492,-2.49953679331e-12,0.00402807403395
25.494,-2.45324907491e-12,0.00403185964123
25.496,-2.40696135652e-12,0.00403564524851
25.498,-2.36067363812e-12,0.00403943085579
25.5,-2.31438591973e-12,0.00404321646307
25.502,-2.26809820133e-12,0.00404700207035
25.504,-2.22181048294e-12,0.00405078767763
25.506,-2.17552276454e-12,0.0040545732849
25.508,-2.12923504615e-12,0.00405835889218
25.51,-2.08294732775e-12,0.00406214449946
25.512,-2.03665960936e-12,0.00406593010674
25.514,-1.99037189097e-12,0.00406971571402
25.516,-1.94408417257e-12,0.0040735013213
25.518,-1.89779645418e-12,0.00407728692858
25.52,-1.85150873578e-12,0.00408107253586
25.522,-1.80522101739e-12,0.00408485814314
25.524,-1.75893329899e-12,0.00408864375042
25.526,-1.7126455806e-12,0.00409242935769
25.528,-1.6663578622e-12,0.00409621496497
25.53,-1.62007014381e-12,0.00410000057225
25.532,-1.57378242541e-12,0.00410378617953
25.534,-1.52749470702e-12,0.00410757178681
25.536,-1.48120698863e-12,0.00411135739409
25.538,-1.43491927023e-12,0.00411514300137
25.54,-1.38863155184e-12,0.00411892860865
25.542,-1.34234383344e-12,0.00412271421593
25.544,-1.29605611505e-12,0.00412649982321
25.546,-1.24976839665e-12,0.00413028543048
25.548,-1.20348067826e-12,0.00413407103776
25.55,-1.15719295986e-12,0.00413785664504
25.552,-1.11090524147e-12,0.00414164225232
25.554,-1.06461752307e-12,0.0041454278596
25.556,-1.01832980468e-12,0.00414921346688
25.558,-9.72042086285e-13,0.00415299907416
25.56,-9.25754367891e-13,0.00415678468144
25.562,-8.79466649496e-13,0.00416057028872
25.564,-8.33178931102e-13,0.00416435589599
25.566,-7.86891212707e-13,0.00416814150327
25.568,-7.40603494312e-13,0.00417192711055
25.57,-6.94315775918e-13,0.00417571271783
25.572,-6.48028057523e-13,0.00417949832511
25.574,-6.01740339129e-13,0.00418328393239
25.576,-5.55452620734e-13,0.00418706953967
25.578,-5.0916490234e-13,0.00419085514695
25.58,-4.62877183945e-13,0.00419464075423
25.582,-4.16589465551e-13,0.00419842636151
25.584,-3.70301747156e-13,0.00420221196878
25.586,-3.24014028761e-13,0.00420599757606
25.588,-2.77726310367e-13,0.00420978318334
25.59,-2.31438591972e-13,0.00421356879062
25.592,-1.85150873578e-13,0.0042173543979
25.594,-1.38863155183e-13,0.00422114000518
25.596,-9.25754367887e-14,0.00422492561246
25.598,-4.62877183941e-14,0.00422871121974
25.6,-0,0.00423249682702
25.602,-0,0.00423568711259
25.604,-0,0.00423887739816
25.606,-0,0.00424206768374
25.608,-0,0.00424525796931
25.61,-0,0.00424844825489
25.612,-0,0.00425163854046
25.614,-0,0.00425482882603
25.616,-0,0.00425801911161
25.618,-0,0.00426120939718
25.62,-0,0.00426439968276
25.622,-0,0.00426758996833
25.624,-0,0.0042707802539
25.626,-0,0.00427397053948
25.628,-0,0.00427716082505
25.63,-0,0.00428035111063
25.632,-0,0.0042835413962
25.634,-0,0.00428673168177
25.636,-0,0.00428992196735
25.638,-0,0.00429311225292
25.64,-0,0.0042963025385
25.642,-0,0.00429949282407
25.644,-0,0.00430268310964
25.646,-0,0.00430587339522
25.648,-0,0.00430906368079
25.65,-0,0.00431225396636
25.652,-0,0.00431544425194
25.654,-0,0.00431863453751
25.656,-0,0.00432182482309
25.658,-0,0.00432501510866
25.66,-0,0.00432820539423
25.662,-0,0.00433139567981
25.664,-0,0.00433458596538
25.666,-0,0.00433777625096
25.668,-0,0.00434096653653
25.67,-0,0.0043441568221
25.672,-0,0.00434734710768
25.674,-0,0.00435053739325
25.676,-0,0.00435372767883
25.678,-0,0.0043569179644
25.68,-0,0.00436010824997
25.682,-0,0.00436329853555
25.684,-0,0.00436648882112
25.686,-0,0.0043696791067
25.688,-0,0.00437286939227
25.69,-0,0.00437605967784
25.692,-0,0.00437924996342
25.694,-0,0.00438244024899
25.696,-0,0.00438563053457
25.698,-0,0.00438882082014
25.7,-0,0.00439201110571
25.702,-0,0.00439520139129
25.704,-0,0.00439839167686
25.706,-0,0.00440158196244
25.708,-0,0.00440477224801
25.71,-0,0.00440796253358
25.712,-0,0.00441115281916
25.714,-0,0.00441434310473
25.716,-0,0.00441753339031
25.718,-0,0.00442072367588
25.72,-0,0.00442391396145
25.722,-0,0.00442710424703
25.724,-0,0.0044302945326
25.726,-0,0.00443348481818
25.728,-0,0.00443667510375
25.73,-0,0.00443986538932
25.732,-0,0.0044430556749
25.734,-0,0.00444624596047
25.736,-0,0.00444943624605
25.738,-0,0.00445262653162
25.74,-0,0.00445581681719
25.742,-0,0.00445900710277
25.744,-0,0.00446219738834
25.746,-0,0.00446538767392
25.748,-0,0.00446857795949
25.75,-0,0.00447176824506
25.752,-0,0.00447495853064
25.754,-0,0.00447814881621
25.756,-0,0.00448133910178
25.758,-0,0.00448452938736
25.76,-0,0.00448771967293
25.762,-0,0.00449090995851
25.764,-0,0.00449410024408
25.766,-0,0.00449729052965
25.768,-0,0.00450048081523
25.77,-0,0.0045036711008
25.772,-0,0.00450686138638
25.774,-0,0.00451005167195
25.776,-0,0.00451324195752
25.778,-0,0.0045164322431
25.78,-0,0.00451962252867
25.782,-0,0.00452281281425
25.784,-0,0.00452600309982
25.786,-0,0.00452919338539
25.788,-0,0.00453238367097
25.79,-0,0.00453557395654
25.792,-0,0.00453876424212
25.794,-0,0.00454195452769
25.796,-0,0.00454514481326
25.798,-0,0.00454833509884
25.8,-0,0.00455152538441
25.802,-0,0.00455434106264
25.804,-0,0.00455715674087
25.806,-0,0.0045599724191
25.808,-0,0.00456278809733
25.81,-0,0.00456560377555
25.812,-0,0.00456841945378
25.814,-0,0.00457123513201
25.816,-0,0.00457405081024
25.818,-0,0.00457686648847
25.82,-0,0.0045796821667
25.822,-0,0.00458249784492
25.824,-0,0.00458531352315
25.826,-0,0.00458812920138
25.828,-0,0.00459094487961
25.83,-0,0.00459376055784
25.832,-0,0.00459657623607
25.834,-0,0.00459939191429
25.836,-0,0.00460220759252
25.838,-0,0.00460502327075
25.84,-0,0.00460783894898
25.842,-0,0.00461065462721
25.844,-0,0.00461347030544
25.846,-0,0.00461628598366
25.848,-0,0.00461910166189
25.85,-0,0.00462191734012
25.852,-0,0.00462473301835
25.854,-0,0.00462754869658
25.856,-0,0.00463036437481
25.858,-0,0.00463318005303
25.86,-0,0.00463599573126
25.862,-0,0.00463881140949
25.864,-0,0.00464162708772
25.866,-0,0.00464444276595
25.868,-0,0.00464725844418
25.87,-0,0.0046500741224
25.872,-0,0.00465288980063
25.874,-0,0.00465570547886
25.876,-0,0.00465852115709
25.878,-0,0.00466133683532
25.88,-0,0.00466415251355
25.882,-0,0.00466696819178
25.884,-0,0.00466978387
25.886,-0,0.00467259954823
25.888,-0,0.00467541522646
25.89,-0,0.00467823090469
25.892,-0,0.00468104658292
25.894,-0,0.00468386226115
25.896,-0,0.00468667793937
25.898,-0,0.0046894936176
25.9,-0,0.00469230929583
25.902,-0,0.00469512497406
25.904,-0,0.00469794065229
25.906,-0,0.00470075633052
25.908,-0,0.00470357200874
25.91,-0,0.00470638768697
25.912,-0,0.0047092033652
25.914,-0,0.00471201904343
25.916,-0,0.00471483472166
25.918,-0,0.00471765039989
25.92,-0,0.00472046607811
25.922,-0,0.00472328175634
25.924,-0,0.00472609743457
25.926,-0,0.0047289131128
25.928,-0,0.00473172879103
25.93,-0,0.00473454446926
25.932,-0,0.00473736014748
25.934,-0,0.00474017582571
25.936,-0,0.00474299150394
25.938,-0,0.00474580718217
25.94,-0,0.0047486228604
25.942,-0,0.00475143853863
25.944,-0,0.00475425421685
25.946,-0,0.00475706989508
25.948,-0,0.00475988557331
25.95,-0,0.00476270125154
25.952,-0,0.00476551692977
25.954,-0,0.004768332608
25.956,-0,0.00477114828622
25.958,-0,0.00477396396445
25.96,-0,0.00477677964268
25.962,-0,0.00477959532091
25.964,-0,0.00478241099914
25.966,-0,0.00478522667737
25.968,-0,0.00478804235559
25.97,-0,0.00479085803382
25.972,-0,0.00479367371205
25.974,-0,0.00479648939028
25.976,-0,0.00479930506851
25.978,-0,0.00480212074674
25.98,-0,0.00480493642496
25.982,-0,0.00480775210319
25.984,-0,0.00481056778142
25.986,-0,0.00481338345965
25.988,-0,0.00481619913788
25.99,-0,0.00481901481611
25.992,-0,0.00482183049434
25.994,-0,0.00482464617256
25.996,-0,0.00482746185079
25.998,-0,0.00483027752902
26,-7.40011546354e-25,0.00483309320725
26.002,-6.94315775927e-14,0.00483565977689
26.004,-1.38863155184e-13,0.00483822634653
26.006,-2.08294732776e-13,0.00484079291617
26.008,-2.77726310368e-13,0.0048433594858
26.01,-3.4715788796e-13,0.00484592605544
26.012,-4.16589465552e-13,0.00484849262508
26.014,-4.86021043144e-13,0.00485105919472
26.016,-5.55452620735e-13,0.00485362576436
26.018,-6.24884198327e-13,0.004856192334
26.02,-6.94315775919e-13,0.00485875890364
26.022,-7.63747353511e-13,0.00486132547328
26.024,-8.33178931103e-13,0.00486389204291
26.026,-9.02610508695e-13,0.00486645861255
26.028,-9.72042086287e-13,0.00486902518219
26.03,-1.04147366388e-12,0.00487159175183
26.032,-1.11090524147e-12,0.00487415832147
26.034,-1.18033681906e-12,0.00487672489111
26.036,-1.24976839665e-12,0.00487929146075
26.038,-1.31919997425e-12,0.00488185803039
26.04,-1.38863155184e-12,0.00488442460003
26.042,-1.45806312943e-12,0.00488699116966
26.044,-1.52749470702e-12,0.0048895577393
26.046,-1.59692628461e-12,0.00489212430894
26.048,-1.6663578622e-12,0.00489469087858
26.05,-1.7357894398e-12,0.00489725744822
26.052,-1.80522101739e-12,0.00489982401786
26.054,-1.87465259498e-12,0.0049023905875
26.056,-1.94408417257e-12,0.00490495715714
26.058,-2.01351575016e-12,0.00490752372677
26.06,-2.08294732776e-12,0.00491009029641
26.062,-2.15237890535e-12,0.00491265686605
26.064,-2.22181048294e-12,0.00491522343569
26.066,-2.29124206053e-12,0.00491779000533
26.068,-2.36067363812e-12,0.00492035657497
26.07,-2.43010521572e-12,0.00492292314461
26.072,-2.49953679331e-12,0.00492548971425
26.074,-2.5689683709e-12,0.00492805628389
26.076,-2.63839994849e-12,0.00493062285352
26.078,-2.70783152608e-12,0.00493318942316
26.08,-2.77726310367e-12,0.0049357559928
26.082,-2.84669468127e-12,0.00493832256244
26.084,-2.91612625886e-12,0.00494088913208
26.086,-2.98555783645e-12,0.00494345570172
26.088,-3.05498941404e-12,0.00494602227136
26.09,-3.12442099163e-12,0.004948588841
26.092,-3.19385256923e-12,0.00495115541063
26.094,-3.26328414682e-12,0.00495372198027
26.096,-3.33271572441e-12,0.00495628854991
26.098,-3.402147302e-12,0.00495885511955
26.1,-3.47157887959e-12,0.00496142168919
26.102,-3.54101045718e-12,0.00496398825883
26.104,-3.61044203478e-12,0.00496655482847
26.106,-3.67987361237e-12,0.00496912139811
26.108,-3.74930518996e-12,0.00497168796775
26.11,-3.81873676755e-12,0.00497425453738
26.112,-3.88816834514e-12,0.00497682110702
26.114,-3.95759992274e-12,0.00497938767666
26.116,-4.02703150033e-12,0.0049819542463
26.118,-4.09646307792e-12,0.00498452081594
26.12,-4.16589465551e-12,0.00498708738558
26.122,-4.2353262331e-12,0.00498965395522
26.124,-4.30475781069e-12,0.00499222052486
26.126,-4.37418938829e-12,0.00499478709449
26.128,-4.44362096588e-12,0.00499735366413
26.13,-4.51305254347e-12,0.00499992023377
26.132,-4.58248412106e-12,0.00500248680341
26.134,-4.65191569865e-12,0.00500505337305
26.136,-4.72134727625e-12,0.00500761994269
26.138,-4.79077885384e-12,0.00501018651233
26.14,-4.86021043143e-12,0.00501275308197
26.142,-4.92964200902e-12,0.00501531965161
26.144,-4.99907358661e-12,0.00501788622124
26.146,-5.0685051642e-12,0.00502045279088
26.148,-5.1379367418e-12,0.00502301936052
26.15,-5.20736831939e-12,0.00502558593016
26.152,-5.27679989698e-12,0.0050281524998
26.154,-5.34623147457e-12,0.00503071906944
26.156,-5.41566305216e-12,0.00503328563908
26.158,-5.48509462976e-12,0.00503585220872
26.16,-5.55452620735e-12,0.00503841877835
26.162,-5.62395778494e-12,0.00504098534799
26.164,-5.69338936253e-12,0.00504355191763
26.166,-5.76282094012e-12,0.00504611848727
26.168,-5.83225251772e-12,0.00504868505691
26.17,-5.90168409531e-12,0.00505125162655
26.172,-5.9711156729e-12,0.00505381819619
26.174,-6.04054725049e-12,0.00505638476583
26.176,-6.10997882808e-12,0.00505895133547
26.178,-6.17941040567e-12,0.0050615179051
26.18,-6.24884198327e-12,0.00506408447474
26.182,-6.31827356086e-12,0.00506665104438
26.184,-6.38770513845e-12,0.00506921761402
26.186,-6.45713671604e-12,0.00507178418366
26.188,-6.52656829363e-12,0.0050743507533
26.19,-6.59599987123e-12,0.00507691732294
26.192,-6.66543144882e-12,0.00507948389258
26.194,-6.73486302641e-12,0.00508205046221
26.196,-6.804294604e-12,0.00508461703185
26.198,-6.87372618159e-12,0.00508718360149
26.2,-6.94315775918e-12,0.00508975017113
26.202,-6.92001389999e-12,0.00509214521286
26.204,-6.89687004079e-12,0.00509454025459
26.206,-6.87372618159e-12,0.00509693529632
26.208,-6.85058232239e-12,0.00509933033805
26.21,-6.8274384632e-12,0.00510172537978
26.212,-6.804294604e-12,0.0051041204215
26.214,-6.7811507448e-12,0.00510651546323
26.216,-6.75800688561e-12,0.00510891050496
26.218,-6.73486302641e-12,0.00511130554669
26.22,-6.71171916721e-12,0.00511370058842
26.222,-6.68857530801e-12,0.00511609563015
26.224,-6.66543144882e-12,0.00511849067188
26.226,-6.64228758962e-12,0.00512088571361
26.228,-6.61914373042e-12,0.00512328075534
26.23,-6.59599987122e-12,0.00512567579707
26.232,-6.57285601203e-12,0.00512807083879
26.234,-6.54971215283e-12,0.00513046588052
26.236,-6.52656829363e-12,0.00513286092225
26.238,-6.50342443444e-12,0.00513525596398
26.24,-6.48028057524e-12,0.00513765100571
26.242,-6.45713671604e-12,0.00514004604744
26.244,-6.43399285684e-12,0.00514244108917
26.246,-6.41084899765e-12,0.0051448361309
26.248,-6.38770513845e-12,0.00514723117263
26.25,-6.36456127925e-12,0.00514962621435
26.252,-6.34141742005e-12,0.00515202125608
26.254,-6.31827356086e-12,0.00515441629781
26.256,-6.29512970166e-12,0.00515681133954
26.258,-6.27198584246e-12,0.00515920638127
26.26,-6.24884198327e-12,0.005161601423
26.262,-6.22569812407e-12,0.00516399646473
26.264,-6.20255426487e-12,0.00516639150646
26.266,-6.17941040567e-12,0.00516878654819
26.268,-6.15626654648e-12,0.00517118158991
26.27,-6.13312268728e-12,0.00517357663164
26.272,-6.10997882808e-12,0.00517597167337
26.274,-6.08683496888e-12,0.0051783667151
26.276,-6.06369110969e-12,0.00518076175683
26.278,-6.04054725049e-12,0.00518315679856
26.28,-6.01740339129e-12,0.00518555184029
26.282,-5.99425953209e-12,0.00518794688202
26.284,-5.9711156729e-12,0.00519034192375
26.286,-5.9479718137e-12,0.00519273696547
26.288,-5.9248279545e-12,0.0051951320072
26.29,-5.90168409531e-12,0.00519752704893
26.292,-5.87854023611e-12,0.00519992209066
26.294,-5.85539637691e-12,0.00520231713239
26.296,-5.83225251771e-12,0.00520471217412
26.298,-5.80910865852e-12,0.00520710721585
26.3,-5.78596479932e-12,0.00520950225758
26.302,-5.76282094012e-12,0.00521189729931
26.304,-5.73967708092e-12,0.00521429234104
26.306,-5.71653322173e-12,0.00521668738276
26.308,-5.69338936253e-12,0.00521908242449
26.31,-5.67024550333e-12,0.00522147746622
26.312,-5.64710164414e-12,0.00522387250795
26.314,-5.62395778494e-12,0.00522626754968
26.316,-5.60081392574e-12,0.00522866259141
26.318,-5.57767006654e-12,0.00523105763314
26.32,-5.55452620735e-12,0.00523345267487
26.322,-5.53138234815e-12,0.0052358477166
26.324,-5.50823848895e-12,0.00523824275832
26.326,-5.48509462975e-12,0.00524063780005
26.328,-5.46195077056e-12,0.00524303284178
26.33,-5.43880691136e-12,0.00524542788351
26.332,-5.41566305216e-12,0.00524782292524
26.334,-5.39251919297e-12,0.00525021796697
26.336,-5.36937533377e-12,0.0052526130087
26.338,-5.34623147457e-12,0.00525500805043
26.34,-5.32308761537e-12,0.00525740309216
26.342,-5.29994375618e-12,0.00525979813388
26.344,-5.27679989698e-12,0.00526219317561
26.346,-5.25365603778e-12,0.00526458821734
26.348,-5.23051217858e-12,0.00526698325907
26.35,-5.20736831939e-12,0.0052693783008
26.352,-5.18422446019e-12,0.00527177334253
26.354,-5.16108060099e-12,0.00527416838426
26.356,-5.1379367418e-12,0.00527656342599
26.358,-5.1147928826e-12,0.00527895846772
26.36,-5.0916490234e-12,0.00528135350945
26.362,-5.0685051642e-12,0.00528374855117
26.364,-5.04536130501e-12,0.0052861435929
26.366,-5.02221744581e-12,0.00528853863463
26.368,-4.99907358661e-12,0.00529093367636
26.37,-4.97592972741e-12,0.00529332871809
26.372,-4.95278586822e-12,0.00529572375982
26.374,-4.92964200902e-12,0.00529811880155
26.376,-4.90649814982e-12,0.00530051384328
26.378,-4.88335429063e-12,0.00530290888501
26.38,-4.86021043143e-12,0.00530530392673
26.382,-4.83706657223e-12,0.00530769896846
26.384,-4.81392271303e-12,0.00531009401019
26.386,-4.79077885384e-12,0.00531248905192
26.388,-4.76763499464e-12,0.00531488409365
26.39,-4.74449113544e-12,0.00531727913538
26.392,-4.72134727624e-12,0.00531967417711
26.394,-4.69820341705e-12,0.00532206921884
26.396,-4.67505955785e-12,0.00532446426057
26.398,-4.65191569865e-12,0.00532685930229
26.4,-4.62877183946e-12,0.00532925434402
26.402,-4.58248412106e-12,0.00533152899196
26.404,-4.53619640267e-12,0.00533380363989
26.406,-4.48990868427e-12,0.00533607828782
26.408,-4.44362096588e-12,0.00533835293575
26.41,-4.39733324748e-12,0.00534062758368
26.412,-4.35104552909e-12,0.00534290223161
26.414,-4.30475781069e-12,0.00534517687954
26.416,-4.2584700923e-12,0.00534745152748
26.418,-4.2121823739e-12,0.00534972617541
26.42,-4.16589465551e-12,0.00535200082334
26.422,-4.11960693712e-12,0.00535427547127
26.424,-4.07331921872e-12,0.0053565501192
26.426,-4.02703150033e-12,0.00535882476713
26.428,-3.98074378193e-12,0.00536109941507
26.43,-3.93445606354e-12,0.005363374063
26.432,-3.88816834514e-12,0.00536564871093
26.434,-3.84188062675e-12,0.00536792335886
26.436,-3.79559290835e-12,0.00537019800679
26.438,-3.74930518996e-12,0.00537247265472
26.44,-3.70301747156e-12,0.00537474730266
26.442,-3.65672975317e-12,0.00537702195059
26.444,-3.61044203477e-12,0.00537929659852
26.446,-3.56415431638e-12,0.00538157124645
26.448,-3.51786659799e-12,0.00538384589438
26.45,-3.47157887959e-12,0.00538612054231
26.452,-3.4252911612e-12,0.00538839519025
26.454,-3.3790034428e-12,0.00539066983818
26.456,-3.33271572441e-12,0.00539294448611
26.458,-3.28642800601e-12,0.00539521913404
26.46,-3.24014028762e-12,0.00539749378197
26.462,-3.19385256922e-12,0.0053997684299
26.464,-3.14756485083e-12,0.00540204307784
26.466,-3.10127713243e-12,0.00540431772577
26.468,-3.05498941404e-12,0.0054065923737
26.47,-3.00870169565e-12,0.00540886702163
26.472,-2.96241397725e-12,0.00541114166956
26.474,-2.91612625886e-12,0.00541341631749
26.476,-2.86983854046e-12,0.00541569096543
26.478,-2.82355082207e-12,0.00541796561336
26.48,-2.77726310367e-12,0.00542024026129
26.482,-2.73097538528e-12,0.00542251490922
26.484,-2.68468766688e-12,0.00542478955715
26.486,-2.63839994849e-12,0.00542706420508
26.488,-2.59211223009e-12,0.00542933885302
26.49,-2.5458245117e-12,0.00543161350095
26.492,-2.49953679331e-12,0.00543388814888
26.494,-2.45324907491e-12,0.00543616279681
26.496,-2.40696135652e-12,0.00543843744474
26.498,-2.36067363812e-12,0.00544071209267
26.5,-2.31438591973e-12,0.00544298674061
26.502,-2.26809820133e-12,0.00544526138854
26.504,-2.22181048294e-12,0.00544753603647
26.506,-2.17552276454e-12,0.0054498106844
26.508,-2.12923504615e-12,0.00545208533233
26.51,-2.08294732775e-12,0.00545435998026
26.512,-2.03665960936e-12,0.0054566346282
26.514,-1.99037189097e-12,0.00545890927613
26.516,-1.94408417257e-12,0.00546118392406
26.518,-1.89779645418e-12,0.00546345857199
26.52,-1.85150873578e-12,0.00546573321992
26.522,-1.80522101739e-12,0.00546800786785
26.524,-1.75893329899e-12,0.00547028251578
26.526,-1.7126455806e-12,0.00547255716372
26.528,-1.6663578622e-12,0.00547483181165
26.53,-1.62007014381e-12,0.00547710645958
26.532,-1.57378242541e-12,0.00547938110751
26.534,-1.52749470702e-12,0.00548165575544
26.536,-1.48120698863e-12,0.00548393040337
26.538,-1.43491927023e-12,0.00548620505131
26.54,-1.38863155184e-12,0.00548847969924
26.542,-1.34234383344e-12,0.00549075434717
26.544,-1.29605611505e-12,0.0054930289951
26.546,-1.24976839665e-12,0.00549530364303
26.548,-1.20348067826e-12,0.00549757829096
26.55,-1.15719295986e-12,0.0054998529389
26.552,-1.11090524147e-12,0.00550212758683
26.554,-1.06461752307e-12,0.00550440223476
26.556,-1.01832980468e-12,0.00550667688269
26.558,-9.72042086285e-13,0.00550895153062
26.56,-9.25754367891e-13,0.00551122617855
26.562,-8.79466649496e-13,0.00551350082649
26.564,-8.33178931102e-13,0.00551577547442
26.566,-7.86891212707e-13,0.00551805012235
26.568,-7.40603494312e-13,0.00552032477028
26.57,-6.94315775918e-13,0.00552259941821
26.572,-6.48028057523e-13,0.00552487406614
26.574,-6.01740339129e-13,0.00552714871408
26.576,-5.55452620734e-13,0.00552942336201
26.578,-5.0916490234e-13,0.00553169800994
26.58,-4.62877183945e-13,0.00553397265787
26.582,-4.16589465551e-13,0.0055362473058
26.584,-3.70301747156e-13,0.00553852195373
26.586,-3.24014028761e-13,0.00554079660167
26.588,-2.77726310367e-13,0.0055430712496
26.59,-2.31438591972e-13,0.00554534589753
26.592,-1.85150873578e-13,0.00554762054546
26.594,-1.38863155183e-13,0.00554989519339
26.596,-9.25754367887e-14,0.00555216984132
26.598,-4.6287718394e-14,0.00555444448926
26.6,-0,0.00555671913719
26.602,-0,0.00555890873409
26.604,-0,0.005561098331
26.606,-0,0.00556328792791
26.608,-0,0.00556547752482
26.61,-0,0.00556766712172
26.612,-0,0.00556985671863
26.614,-0,0.00557204631554
26.616,-0,0.00557423591244
26.618,-0,0.00557642550935
26.62,-0,0.00557861510626
26.622,-0,0.00558080470317
26.624,-0,0.00558299430007
26.626,-0,0.00558518389698
26.628,-0,0.00558737349389
26.63,-0,0.00558956309079
26.632,-0,0.0055917526877
26.634,-0,0.00559394228461
26.636,-0,0.00559613188152
26.638,-0,0.00559832147842
26.64,-0,0.00560051107533
26.642,-0,0.00560270067224
26.644,-0,0.00560489026914
26.646,-0,0.00560707986605
26.648,-0,0.00560926946296
26.65,-0,0.00561145905987
26.652,-0,0.00561364865677
26.654,-0,0.00561583825368
26.656,-0,0.00561802785059
26.658,-0,0.00562021744749
26.66,-0,0.0056224070444
26.662,-0,0.00562459664131
26.664,-0,0.00562678623822
26.666,-0,0.00562897583512
26.668,-0,0.00563116543203
26.67,-0,0.00563335502894
26.672,-0,0.00563554462584
26.674,-0,0.00563773422275
26.676,-0,0.00563992381966
26.678,-0,0.00564211341657
26.68,-0,0.00564430301347
26.682,-0,0.00564649261038
26.684,-0,0.00564868220729
26.686,-0,0.00565087180419
26.688,-0,0.0056530614011
26.69,-0,0.00565525099801
26.692,-0,0.00565744059492
26.694,-0,0.00565963019182
26.696,-0,0.00566181978873
26.698,-0,0.00566400938564
26.7,-0,0.00566619898254
26.702,-0,0.00566838857945
26.704,-0,0.00567057817636
26.706,-0,0.00567276777326
26.708,-0,0.00567495737017
26.71,-0,0.00567714696708
26.712,-0,0.00567933656399
26.714,-0,0.00568152616089
26.716,-0,0.0056837157578
26.718,-0,0.00568590535471
26.72,-0,0.00568809495161
26.722,-0,0.00569028454852
26.724,-0,0.00569247414543
26.726,-0,0.00569466374234
26.728,-0,0.00569685333924
26.73,-0,0.00569904293615
26.732,-0,0.00570123253306
26.734,-0,0.00570342212996
26.736,-0,0.00570561172687
26.738,-0,0.00570780132378
26.74,-0,0.00570999092069
26.742,-0,0.00571218051759
26.744,-0,0.0057143701145
26.746,-0,0.00571655971141
26.748,-0,0.00571874930831
26.75,-0,0.00572093890522
26.752,-0,0.00572312850213
26.754,-0,0.00572531809904
26.756,-0,0.00572750769594
26.758,-0,0.00572969729285
26.76,-0,0.00573188688976
26.762,-0,0.00573407648666
26.764,-0,0.00573626608357
26.766,-0,0.00573845568048
26.768,-0,0.00574064527739
26.77,-0,0.00574283487429
26.772,-0,0.0057450244712
26.774,-0,0.00574721406811
26.776,-0,0.00574940366501
26.778,-0,0.00575159326192
26.78,-0,0.00575378285883
26.782,-0,0.00575597245574
26.784,-0,0.00575816205264
26.786,-0,0.00576035164955
26.788,-0,0.00576254124646
26.79,-0,0.00576473084336
26.792,-0,0.00576692044027
26.794,-0,0.00576911003718
26.796,-0,0.00577129963409
26.798,-0,0.00577348923099
26.8,-0,0.0057756788279
26.802,-0,0.00577780872204
26.804,-0,0.00577993861618
26.806,-0,0.00578206851032
26.808,-0,0.00578419840446
26.81,-0,0.00578632829859
26.812,-0,0.00578845819273
26.814,-0,0.00579058808687
26.816,-0,0.00579271798101
26.818,-0,0.00579484787515
26.82,-0,0.00579697776929
26.822,-0,0.00579910766343
26.824,-0,0.00580123755757
26.826,-0,0.00580336745171
26.828,-0,0.00580549734585
26.83,-0,0.00580762723999
26.832,-0,0.00580975713412
26.834,-0,0.00581188702826
26.836,-0,0.0058140169224
26.838,-0,0.00581614681654
26.84,-0,0.00581827671068
26.842,-0,0.00582040660482
26.844,-0,0.00582253649896
26.846,-0,0.0058246663931
26.848,-0,0.00582679628724
26.85,-0,0.00582892618138
26.852,-0,0.00583105607551
26.854,-0,0.00583318596965
26.856,-0,0.00583531586379
26.858,-0,0.00583744575793
26.86,-0,0.00583957565207
26.862,-0,0.00584170554621
26.864,-0,0.00584383544035
26.866,-0,0.00584596533449
26.868,-0,0.00584809522863
26.87,-0,0.00585022512277
26.872,-0,0.0058523550169
26.874,-0,0.00585448491104
26.876,-0,0.00585661480518
26.878,-0,0.00585874469932
26.88,-0,0.00586087459346
26.882,-0,0.0058630044876
26.884,-0,0.00586513438174
26.886,-0,0.00586726427588
26.888,-0,0.00586939417002
26.89,-0,0.00587152406416
26.892,-0,0.0058736539583
26.894,-0,0.00587578385243
26.896,-0,0.00587791374657
26.898,-0,0.00588004364071
26.9,-0,0.00588217353485
26.902,-0,0.00588430342899
26.904,-0,0.00588643332313
26.906,-0,0.00588856321727
26.908,-0,0.00589069311141
26.91,-0,0.00589282300555
26.912,-0,0.00589495289969
26.914,-0,0.00589708279382
26.916,-0,0.00589921268796
26.918,-0,0.0059013425821
26.92,-0,0.00590347247624
26.922,-0,0.00590560237038
26.924,-0,0.00590773226452
26.926,-0,0.00590986215866
26.928,-0,0.0059119920528
26.93,-0,0.00591412194694
26.932,-0,0.00591625184108
26.934,-0,0.00591838173521
26.936,-0,0.00592051162935
26.938,-0,0.00592264152349
26.94,-0,0.00592477141763
26.942,-0,0.00592690131177
26.944,-0,0.00592903120591
26.946,-0,0.00593116110005
26.948,-0,0.00593329099419
26.95,-0,0.00593542088833
26.952,-0,0.00593755078247
26.954,-0,0.00593968067661
26.956,-0,0.00594181057074
26.958,-0,0.00594394046488
26.96,-0,0.00594607035902
26.962,-0,0.00594820025316
26.964,-0,0.0059503301473
26.966,-0,0.00595246004144
26.968,-0,0.00595458993558
26.97,-0,0.00595671982972
26.972,-0,0.00595884972386
26.974,-0,0.005960979618
26.976,-0,0.00596310951213
26.978,-0,0.00596523940627
26.98,-0,0.00596736930041
26.982,-0,0.00596949919455
26.984,-0,0.00597162908869
26.986,-0,0.00597375898283
26.988,-0,0.00597588887697
26.99,-0,0.00597801877111
26.992,-0,0.00598014866525
26.994,-0,0.00598227855939
26.996,-0,0.00598440845352
26.998,-0,0.00598653834766
