freq_GHz,k_star_bare_rad_theoretical
0.2,-3.984290366234537e-07
0.202,-2.3516864591236668e-07
0.204,-2.379866213838124e-07
0.20600000000000002,-3.941339709882303e-07
0.20800000000000002,-4.6462327111078936e-07
0.21000000000000002,-3.3615148882021805e-07
0.21200000000000002,-1.9413161875787648e-07
0.21400000000000002,-2.4465325578490807e-07
0.21600000000000003,-4.039614060577675e-07
0.21800000000000003,-4.284531591701717e-07
0.22000000000000003,-2.7303905201933815e-07
0.22200000000000003,-1.6428387619547976e-07
0.22400000000000003,-2.5756877616530706e-07
0.22600000000000003,-4.059494398421016e-07
0.22800000000000004,-3.8173636361850003e-07
0.23000000000000004,-2.1261978825281528e-07
0.23200000000000004,-1.4615132010360483e-07
0.23400000000000004,-2.7362486542368853e-07
0.23600000000000004,-3.9789292054128855e-07
0.23800000000000007,-3.264985415809391e-07
0.24000000000000005,-1.581693298663661e-07
0.24200000000000005,-1.392358057112405e-07
0.24400000000000005,-2.894525956252539e-07
0.24600000000000005,-3.784287633017613e-07
0.24800000000000005,-2.655358544148751e-07
0.25000000000000006,-1.1241175838132625e-07
0.25200000000000006,-1.42076207361886e-07
0.25400000000000006,-3.01697817318221e-07
0.25600000000000006,-3.47167375905821e-07
0.25800000000000006,-2.0216644546595334e-07
0.26000000000000006,-7.72784395486727e-08
0.26200000000000007,-1.5238732028761276e-07
0.26400000000000007,-3.0729562286468427e-07
0.26600000000000007,-3.047447789313604e-07
0.26800000000000007,-1.3992683471923586e-07
0.2700000000000001,-5.374702847832282e-08
0.2720000000000001,-1.6726064598962791e-07
0.2740000000000001,-3.037256876805205e-07
0.2760000000000001,-2.5278471521127804e-07
0.2780000000000001,-8.224477354148649e-08
0.2800000000000001,-4.177194762213909e-08
0.2820000000000001,-1.8340904196030485e-07
0.2840000000000001,-2.892300539785765e-07
0.28600000000000003,-1.9376794131622643e-07
0.28800000000000003,-3.212380388344788e-08
0.29000000000000015,-4.0306838162821636e-08
0.2920000000000001,-1.9743677729994105e-07
0.2940000000000001,-2.629750301268467e-07
0.2960000000000001,-1.3081620058399447e-07
0.2980000000000001,8.127081749329662e-09
0.3000000000000001,-4.741065954085889e-08
0.3020000000000001,-2.0611672949650238e-07
0.3040000000000001,-2.25140269894189e-07
0.3060000000000001,-6.740951853331269e-08
0.3080000000000001,3.7092190773827145e-08
0.3100000000000001,-6.042317732290504e-08
0.3120000000000001,-2.0665657102280147e-07
0.3140000000000001,-1.7692176537600218e-07
0.3160000000000001,-7.065157139668141e-09
0.3180000000000001,5.436000802250783e-08
0.3200000000000001,-7.619247147289988e-08
0.3220000000000001,-1.9693560930926154e-07
0.3240000000000001,-1.204420763283899e-07
0.3260000000000001,4.6987497770260844e-08
0.3280000000000001,6.054104789189607e-08
0.3300000000000001,-9.133606143846631e-08
0.33200000000000013,-1.7569379759147137e-07
0.33400000000000013,-5.857049686073569e-08
0.33600000000000013,9.210119426015032e-08
0.33800000000000013,5.719741213647267e-08
0.34000000000000014,-1.025172674344859e-07
0.34200000000000014,-1.4265512669362976e-07
0.34400000000000014,5.333110787188178e-09
0.34600000000000014,1.264441099556573e-07
0.34800000000000014,4.669605318087869e-08
0.35000000000000014,-1.0671863470679797e-07
0.35200000000000015,-9.857015553240388e-08
0.3540000000000001,6.772643867448448e-08
0.3560000000000002,1.491510985753442e-07
0.35800000000000015,3.20020475431948e-08
0.36000000000000015,-1.0149418467057976e-07
0.36200000000000015,-4.5167694961165475e-08
0.36400000000000016,1.2521256963281095e-07
0.36600000000000016,1.6038282348636995e-07
0.36800000000000016,1.6430021712718e-08
0.37000000000000016,-8.518201672388752e-08
0.37200000000000016,1.4986117151481043e-08
0.37400000000000017,1.7485217570036883e-07
0.37600000000000017,1.6129338394196488e-07
0.37800000000000017,3.3721967375617556e-09
0.38000000000000017,-5.705898381818536e-08
0.3820000000000002,7.871260341435482e-08
0.3840000000000002,2.1442719239789243e-07
0.3860000000000002,1.5391557750218422e-07
0.3880000000000002,-3.978692509568754e-09
0.3900000000000002,-1.7420764041389813e-08
0.3920000000000002,1.4250933550981684e-07
0.3940000000000002,2.4263047164983786e-07
0.3960000000000002,1.4097854763987262e-07
0.3980000000000002,-2.8934254497556267e-09
0.4000000000000002,3.242537002247879e-08
0.4020000000000002,2.0287366706440296e-07
0.4040000000000002,2.5916635738366424e-07
0.4060000000000002,1.2567539953893883e-07
0.4080000000000002,8.661116885537792e-09
0.4100000000000002,9.026084817238822e-08
0.4120000000000002,2.5662634589433166e-07
0.4140000000000002,2.647582285815204e-07
0.4160000000000002,1.1139923552171659e-07
0.4180000000000002,3.183929459557415e-08
0.4200000000000002,1.5314527718646338e-07
0.42200000000000015,3.012005241370859e-07
0.42400000000000027,2.610687052388618e-07
0.4260000000000002,1.0146598207970946e-07
0.4280000000000002,6.680162209678209e-08
0.4300000000000002,2.1768008846346533e-07
0.4320000000000002,3.348668635386881e-07
0.4340000000000002,2.5054515615050704e-07
0.4360000000000002,9.88421926147176e-08
0.4380000000000002,1.1268207247144835e-07
0.4400000000000002,2.803208847992726e-07
0.4420000000000002,3.568748100238675e-07
0.44400000000000023,2.362071429501747e-07
0.44600000000000023,1.0589611077870681e-07
0.44800000000000023,1.6764699285742868e-07
0.45000000000000023,3.3770558799427544e-07
0.45200000000000023,3.6750122152677187e-07
0.45400000000000024,2.2139405357786412e-07
0.45600000000000024,1.241905120126334e-07
0.45800000000000024,2.290463035599724e-07
0.46000000000000024,3.869629885870987e-07
0.46200000000000024,3.680080484015115e-07
0.46400000000000025,2.0949139822130577e-07
0.46600000000000025,1.543355371393454e-07
0.46800000000000025,2.936469589245351e-07
0.47000000000000025,4.2596938388877667e-07
0.47200000000000025,3.605190040177446e-07
0.47400000000000025,2.036540224575542e-07
0.47600000000000026,1.9591790773390572e-07
0.47800000000000026,3.5792758637607364e-07
0.48000000000000026,4.5352884583439723e-07
0.48200000000000026,3.4783043904125163e-07
0.48400000000000026,2.0654445205070884e-07
0.48600000000000027,2.4751860982314897e-07
0.4880000000000002,4.184041561888438e-07
0.4900000000000003,4.694633125822134e-07
0.49200000000000027,3.331742003185971e-07
0.49400000000000027,2.2010481460143713e-07
0.4960000000000003,3.068238479272088e-07
0.4980000000000003,4.7195168165117124e-07
0.5000000000000002,4.7460974363262853e-07
0.5020000000000002,3.1995096767259076e-07
0.5040000000000002,2.453808273608117e-07
0.5060000000000002,3.7082415346462866e-07
0.5080000000000002,5.160875737155249e-07
0.5100000000000002,4.707309792010249e-07
0.5120000000000002,3.1145243623237687e-07
0.5140000000000002,2.824153189449202e-07
0.5160000000000002,4.360853509241709e-07
0.5180000000000002,5.491882095432984e-07
0.5200000000000002,4.6035355669681033e-07
0.5220000000000002,3.10590549058333e-07
0.5240000000000002,3.3022564444300934e-07
0.5260000000000002,4.9906482538567e-07
0.5280000000000002,5.706199865903629e-07
0.5300000000000002,4.4654942743267007e-07
0.5320000000000003,3.196521220385877e-07
0.5340000000000003,3.8687339836383783e-07
0.5360000000000003,5.564395821316265e-07
0.5380000000000003,5.807773043888485e-07
0.5400000000000003,4.3267992637895103e-07
0.5420000000000003,3.400974194784495e-07
0.5440000000000003,4.4962596067784494e-07
0.5460000000000003,6.054107171953732e-07
0.5480000000000003,5.810302554985596e-07
0.5500000000000003,4.221204748982091e-07
0.5520000000000003,3.724208151359952e-07
0.5540000000000003,5.151985472003594e-07
0.5560000000000003,6.439526224286812e-07
0.5580000000000003,5.735927343054545e-07
0.5600000000000003,4.1798427795640067e-07
0.5620000000000003,4.1608960668626516e-07
0.5640000000000003,5.800544570135763e-07
0.5660000000000003,6.709835547952583e-07
0.5680000000000003,5.613266179384756e-07
0.5700000000000003,4.2286327691168357e-07
0.5720000000000003,4.695724100806098e-07
0.5740000000000003,6.407325108441844e-07
0.5760000000000003,6.864450378392221e-07
0.5780000000000003,5.474999820709835e-07
0.5800000000000003,4.3860486426171644e-07
0.5820000000000002,5.304609209133039e-07
0.5840000000000002,6.941664029759022e-07
0.5860000000000004,6.912885289231223e-07
0.5880000000000004,5.355178818991155e-07
0.5900000000000004,4.6614284091722746e-07
0.5920000000000003,5.956786565080967e-07
0.5940000000000003,7.37961965190017e-07
0.5960000000000003,6.873769200946116e-07
0.5980000000000003,5.286440666178206e-07
0.6000000000000003,5.053998843604704e-07
0.6020000000000003,6.617590724141906e-07
0.6040000000000003,7.706048248223678e-07
0.6060000000000003,6.773147149283058e-07
0.6080000000000003,5.29731863025025e-07
0.6100000000000003,5.552753817006893e-07
0.6120000000000003,7.251654305972036e-07
0.6140000000000003,7.915809645403504e-07
0.6160000000000003,6.642241130888106e-07
0.6180000000000003,5.409826351952633e-07
0.6200000000000003,6.137261620181057e-07
0.6220000000000003,7.826183476039757e-07
0.6240000000000003,8.014038955059428e-07
0.6260000000000003,6.514854448925675e-07
0.6280000000000003,5.637504170512807e-07
0.6300000000000003,6.779384739462671e-07
0.6320000000000003,8.313957269353439e-07
0.6340000000000003,8.015522970162073e-07
0.6360000000000003,6.424604436757256e-07
0.6380000000000003,5.984107544917093e-07
0.6400000000000003,7.445785402755874e-07
0.6420000000000003,8.695741054464724e-07
0.6440000000000003,7.943295798197407e-07
0.6460000000000004,6.40216633052311e-07
0.6480000000000004,6.443094650444674e-07
0.6500000000000004,8.100981576698862e-07
0.6520000000000004,8.961891835483973e-07
0.6540000000000004,7.826614452761081e-07
0.6560000000000004,6.472711467442674e-07
0.6580000000000004,6.998020281728801e-07
0.6600000000000004,8.710635115666103e-07
0.6620000000000004,9.113043067375017e-07
0.6640000000000004,7.698495697728951e-07
0.6660000000000004,6.65372551739412e-07
0.6680000000000004,7.623863208967852e-07
0.6700000000000004,9.244717143665898e-07
0.6720000000000004,9.159865256304876e-07
0.6740000000000004,7.592999777994609e-07
0.6760000000000004,6.95339135088277e-07
0.6780000000000004,8.289209965312364e-07
0.6800000000000004,9.680215126029595e-07
0.6820000000000004,9.121987114939223e-07
0.6840000000000004,7.542444786963476e-07
0.6860000000000004,7.369706925899888e-07
0.6880000000000004,8.959105725191846e-07
0.6900000000000004,1.0003116316919386e-06
0.6920000000000004,9.026221354634795e-07
0.6940000000000004,7.574734439989503e-07
0.6960000000000004,7.890471184846329e-07
0.6980000000000004,9.59828556877651e-07
0.7000000000000004,1.0209505420756201e-06
0.7020000000000004,8.904270122978356e-07
0.7040000000000004,7.7109840468121e-07
0.7060000000000004,8.494204007895162e-07
0.7080000000000004,1.0174440315917355e-06
0.7100000000000004,1.030572640284104e-06
0.7120000000000004,8.790095312027207e-07
0.7140000000000004,7.963630991141002e-07
0.7160000000000003,9.151971233044287e-07
0.7180000000000003,1.066116555249047e-06
0.7200000000000005,1.0307657593560532e-06
0.7220000000000005,8.717138715160985e-07
0.7240000000000005,8.335208875314554e-07
0.7260000000000004,9.829974324596091e-07
0.7280000000000004,1.10402919359983e-06
0.7300000000000004,1.0239221920286395e-06
0.7320000000000004,8.715575051986349e-07
0.7340000000000004,8.817938379791779e-07
0.7360000000000004,1.0492657130959857e-06
0.7380000000000004,1.13033864238693e-06
0.7400000000000004,1.0130296943843334e-06
0.7420000000000004,8.809781704005593e-07
0.7440000000000004,9.394234244779198e-07
0.7460000000000004,1.110600358213143e-06
0.7480000000000004,1.1452325363375468e-06
0.7500000000000004,1.001420751655345e-06
0.7520000000000004,9.016211529209658e-07
0.7540000000000004,1.0038144176308453e-06
0.7560000000000004,1.1640669937314219e-06
0.7580000000000005,1.1498947651688435e-06
0.7600000000000005,9.924986997507726e-07
0.7620000000000005,9.341853011157752e-07
0.7640000000000005,1.0717629012352986e-06
0.7660000000000005,1.2074621287974999e-06
0.7680000000000005,1.1463881647516896e-06
0.7700000000000005,9.894590911252096e-07
0.7720000000000005,9.783445468923221e-07
0.7740000000000005,1.1397481356322653e-06
0.7760000000000005,1.2395017539926223e-06
0.7780000000000005,1.137469534009776e-06
0.7800000000000005,9.950246340865998e-07
0.7820000000000005,1.0327576221522833e-06
0.7840000000000005,1.2042585713009646e-06
0.7860000000000005,1.2599199893026033e-06
0.7880000000000005,1.1263547284928385e-06
0.7900000000000005,1.0112122635890647e-06
0.7920000000000005,1.095171580190596e-06
0.7940000000000005,1.2621169788529576e-06
0.7960000000000005,1.2694740704217305e-06
0.7980000000000005,1.116452425340038e-06
0.8000000000000005,1.03915100159533e-06
0.8020000000000005,1.1626149188865079e-06
0.8040000000000005,1.3107697937938395e-06
0.8060000000000005,1.269861638355206e-06
0.8080000000000005,1.1110850701443256e-06
0.8100000000000005,1.0789683751542128e-06
0.8120000000000005,1.2316648552324755e-06
0.8140000000000005,1.348511340442185e-06
0.8160000000000005,1.263563219926038e-06
0.8180000000000005,1.1132153429436326e-06
0.8200000000000005,1.1297602451514413e-06
0.8220000000000005,1.2987627743543673e-06
0.8240000000000005,1.3746231511280876e-06
0.8260000000000005,1.2536267399512746e-06
0.8280000000000005,1.12519660361559e-06
0.8300000000000005,1.1896531496137855e-06
0.8320000000000005,1.36054449666103e-06
0.8340000000000005,1.3894198285816992e-06
0.8360000000000005,1.2434124855801448e-06
0.8380000000000005,1.1485660196697972e-06
0.8400000000000005,1.2559595399868825e-06
0.8420000000000005,1.4141496504326e-06
0.8440000000000005,1.394203465759046e-06
0.8460000000000005,1.2363171446368865e-06
0.8480000000000005,1.1838987491732608e-06
0.8500000000000004,1.3254154295917059e-06
0.8520000000000004,1.4574777283315674e-06
0.8540000000000006,1.391136864402516e-06
0.8560000000000006,1.2354953279648806e-06
0.8580000000000007,1.2307396450202124e-06
0.8600000000000005,1.3944788131124708e-06
0.8620000000000005,1.4893664743061141e-06
0.8640000000000005,1.3830510213327582e-06
0.8660000000000005,1.243596968214175e-06
0.8680000000000005,1.2876244989169783e-06
0.8700000000000006,1.4596581610374845e-06
0.8720000000000006,1.5096790646528316e-06
0.8740000000000006,1.3732048652426512e-06
0.8760000000000006,1.2625392372105776e-06
0.8780000000000006,1.3521953684857493e-06
0.8800000000000006,1.5178355666865123e-06
0.8820000000000006,1.5192976795331062e-06
0.8840000000000006,1.3650159034006917e-06
0.8860000000000006,1.2933316577822679e-06
0.8880000000000006,1.4214044171912896e-06
0.8900000000000006,1.5665499645657957e-06
0.8920000000000006,1.5200304695007008e-06
0.8940000000000006,1.361780305760181e-06
0.8960000000000006,1.3359719985743881e-06
0.8980000000000006,1.4917893728779927e-06
0.9000000000000006,1.6042120216082714e-06
0.9020000000000006,1.5144454858558726e-06
0.9040000000000006,1.3664008095314387e-06
0.9060000000000006,1.3894272980720032e-06
0.9080000000000006,1.5597934134971639e-06
0.9100000000000006,1.6302322286753865e-06
0.9120000000000006,1.505648766690279e-06
0.9140000000000006,1.3811409900607238e-06
0.9160000000000006,1.4517082133277959e-06
0.9180000000000006,1.622095432120274e-06
0.9200000000000006,1.6450550224403684e-06
0.9220000000000006,1.4970251247699295e-06
0.9240000000000006,1.4074246648433653e-06
0.9260000000000006,1.5200357983014695e-06
0.9280000000000006,1.6759149750493127e-06
0.9300000000000006,1.6501021444358804e-06
0.9320000000000006,1.4919602868137746e-06
0.9340000000000006,1.4456987284189662e-06
0.9360000000000006,1.5910887643608845e-06
0.9380000000000006,1.7192601279650277e-06
0.9400000000000006,1.6476363325192492e-06
0.9420000000000006,1.493562824195216e-06
0.9440000000000006,1.4953755311181496e-06
0.9460000000000006,1.6613082058740403e-06
0.9480000000000006,1.7510951950206258e-06
0.9500000000000006,1.640561308267896e-06
0.9520000000000006,1.504404342138159e-06
0.9540000000000006,1.554866080964723e-06
0.9560000000000006,1.7272281268550585e-06
0.9580000000000006,1.7714160411470836e-06
0.9600000000000006,1.632176256549829e-06
0.9620000000000006,1.5262966579143375e-06
0.9640000000000006,1.6217074689664837e-06
0.9660000000000006,1.7857960290523778e-06
0.9680000000000006,1.7812320140227558e-06
0.9700000000000006,1.6259035152598952e-06
0.9720000000000006,1.5601246483127815e-06
0.9740000000000006,1.6927775142163912e-06
0.9760000000000006,1.8346493913991985e-06
0.9780000000000006,1.7824624775801892e-06
0.9800000000000006,1.625008024657218e-06
0.9820000000000007,1.605752138428805e-06
0.9840000000000005,1.7645782561656262e-06
0.9860000000000005,1.8723206660700709e-06
0.9880000000000005,1.7777621834670632e-06
0.9900000000000008,1.6323269769920323e-06
0.9920000000000008,1.6620146088813098e-06
0.9940000000000007,1.8335598994997232e-06
0.9960000000000007,1.8983536912197188e-06
0.9980000000000007,1.7702930009948908e-06
1.0000000000000007,1.6500283061635784e-06
1.0020000000000007,1.726805930612682e-06
1.0040000000000007,1.8964505288394246e-06
1.0060000000000007,1.9133257607995002e-06
1.0080000000000007,1.7634606653696774e-06
1.0100000000000007,1.6794168435693008e-06
1.0120000000000007,1.7972568819206794e-06
1.0140000000000007,1.9505559818826235e-06
1.0160000000000007,1.9187797487317873e-06
1.0180000000000007,1.760635221665155e-06
1.0200000000000007,1.7208063356919864e-06
1.0220000000000007,1.8699919803041518e-06
1.0240000000000007,1.9939989470687744e-06
1.0260000000000007,1.9170782162318198e-06
1.0280000000000007,1.7648736445868146e-06
1.0300000000000007,1.773473029495834e-06
1.0320000000000007,1.9414402254742252e-06
1.0340000000000007,2.025875406534705e-06
1.0360000000000007,1.911195935400123e-06
1.0380000000000007,1.7786631870356923e-06
1.0400000000000007,1.8357012902944433e-06
1.0420000000000007,2.008167160037072e-06
1.0440000000000007,2.0463177465958673e-06
1.0460000000000007,1.9044692213280798e-06
1.0480000000000007,1.8037042785754367e-06
1.0500000000000007,1.9049234260271053e-06
1.0520000000000007,2.0671922705897683e-06
1.0540000000000007,2.056464783580826e-06
1.0560000000000007,1.9003208435609126e-06
1.0580000000000007,1.8407516415887282e-06
1.0600000000000007,1.9779452118968283e-06
1.0620000000000007,2.116258068813638e-06
1.0640000000000007,2.0583477502566366e-06
1.0660000000000007,1.9019790952158264e-06
1.0680000000000007,1.889530736655723e-06
1.0700000000000007,2.0512372315905844e-06
1.0720000000000007,2.1540245925847842e-06
1.0740000000000007,2.0547071019234864e-06
1.0760000000000007,1.9122095297960384e-06
1.0780000000000007,1.9487426757480372e-06
1.0800000000000007,2.121262454399253e-06
1.0820000000000007,2.1801736631932647e-06
1.0840000000000007,2.0487579690505256e-06
1.0860000000000007,1.9330781072723555e-06
1.0880000000000007,2.016163740408035e-06
1.0900000000000007,2.184804796462672e-06
1.0920000000000007,2.1954185766333983e-06
1.0940000000000007,2.0439230182228013e-06
1.0960000000000008,1.965764627083477e-06
1.0980000000000008,2.0888358279371605e-06
1.1000000000000008,2.2392632459634562e-06
1.1020000000000008,2.201424812832767e-06
1.1040000000000008,2.0435514287127712e-06
1.1060000000000008,2.0104445083331257e-06
1.1080000000000008,2.1633327849952116e-06
1.1100000000000008,2.2828815109034867e-06
1.1120000000000008,2.2006545028459626e-06
1.1140000000000008,2.0506425154288507e-06
1.1160000000000008,2.066254155263028e-06
1.1180000000000008,2.236076831952337e-06
1.1200000000000008,2.314892666585404e-06
1.1220000000000008,2.196151531327732e-06
1.1240000000000008,2.0675926484725257e-06
1.1260000000000008,2.131349474215026e-06
1.1280000000000008,2.303671602414681e-06
1.1300000000000008,2.335569622383127e-06
1.1320000000000008,2.191285844802167e-06
1.1340000000000008,2.0959843812264067e-06
1.1360000000000008,2.203058400361904e-06
1.1380000000000008,2.3632156718241676e-06
1.1400000000000008,2.3461829963839637e-06
1.1420000000000008,2.1894757856110933e-06
1.1440000000000008,2.1364364200518113e-06
1.1460000000000008,2.278117354309085e-06
1.1480000000000008,2.412563531023308e-06
1.1500000000000008,2.3488764404220805e-06
1.1520000000000008,2.193907066279019e-06
1.1540000000000008,2.1885312358940062e-06
1.1560000000000008,2.3529702038440833e-06
1.1580000000000008,2.4505089553060466e-06
1.1600000000000008,2.346474880717507e-06
1.1620000000000008,2.2072669764137964e-06
1.1640000000000008,2.2508327393797045e-06
1.1660000000000008,2.424098988831891e-06
1.1680000000000008,2.4768766057128855e-06
1.1700000000000008,2.3422437846337685e-06
1.1720000000000008,2.2315126720559575e-06
1.1740000000000008,2.3209989916828794e-06
1.1760000000000008,2.4883506639927777e-06
1.1780000000000008,2.492519003716512e-06
1.1800000000000008,2.3396183068055687e-06
1.1820000000000006,2.2676924647021396e-06
1.1840000000000006,2.3959847568564424e-06
1.1860000000000006,2.5432247370005268e-06
1.1880000000000006,2.4992256433247623e-06
1.190000000000001,2.3419210548100006e-06
1.192000000000001,2.3158379956946668e-06
1.194000000000001,2.472317229308685e-06
1.196000000000001,2.587092760575338e-06
1.198000000000001,2.4995577674116753e-06
1.2000000000000008,2.352087067909042e-06
1.2020000000000008,2.374941995996263e-06
1.2040000000000008,2.5464177470912314e-06
1.2060000000000008,2.6193305955463098e-06
1.2080000000000009,2.4966261033630005e-06
1.2100000000000009,2.372414767108297e-06
1.2120000000000009,2.4430302068868814e-06
1.2140000000000009,2.614935190006773e-06
1.2160000000000009,2.6403558062524507e-06
1.2180000000000009,2.4938302895863296e-06
1.2200000000000009,2.404361876557487e-06
1.2220000000000009,2.517326908505965e-06
1.2240000000000009,2.6750548877234326e-06
1.2260000000000009,2.6515731244534935e-06
1.2280000000000009,2.4945788591971413e-06
1.2300000000000009,2.44840488689696e-06
1.2320000000000009,2.5945023299344533e-06
1.2340000000000009,2.7247507246291186e-06
1.2360000000000009,2.6552390025667144e-06
1.2380000000000009,2.502008441193637e-06
1.2400000000000009,2.503978490362574e-06
1.2420000000000009,2.670978949586081e-06
1.2440000000000009,2.7629567032547153e-06
1.2460000000000009,2.654261299485025e-06
1.2480000000000009,2.5187208663613597e-06
1.2500000000000009,2.5695066045786086e-06
1.252000000000001,2.7432648167999285e-06
1.254000000000001,2.7896453680693184e-06
1.256000000000001,2.651952469999788e-06
1.258000000000001,2.5465571409782894e-06
1.260000000000001,2.642528691540816e-06
1.262000000000001,2.8082777429778993e-06
1.264000000000001,2.805811717777884e-06
1.266000000000001,2.651755193162561e-06
1.268000000000001,2.586427228484095e-06
1.270000000000001,2.719914570853063e-06
1.272000000000001,2.863625653586749e-06
1.274000000000001,2.8133705403873832e-06
1.276000000000001,2.6569592173168732e-06
1.278000000000001,2.6382133031278843e-06
1.280000000000001,2.798149384943688e-06
1.282000000000001,2.907815174346337e-06
1.284000000000001,2.8149814577400206e-06
1.286000000000001,2.670428091173377e-06
1.288000000000001,2.7007605579859595e-06
1.290000000000001,2.873660142328413e-06
1.292000000000001,2.9403708933246203e-06
1.294000000000001,2.8138193646221055e-06
1.296000000000001,2.6943546571570748e-06
1.298000000000001,2.7719630508286908e-06
1.300000000000001,2.9431487814177842e-06
1.302000000000001,2.96185924531997e-06
1.304000000000001,2.8133091387431974e-06
1.306000000000001,2.730064388938025e-06
1.308000000000001,2.848942521697581e-06
1.310000000000001,3.0038956425025576e-06
1.312000000000001,2.9738213054471274e-06
1.314000000000001,2.8168435329198327e-06
1.316000000000001,2.77788504682297e-06
1.318000000000001,2.928306736687397e-06
1.320000000000001,3.054001889655697e-06
1.322000000000001,2.9786264688410474e-06
1.324000000000001,2.8275029661378737e-06
1.326000000000001,2.837098641397459e-06
1.328000000000001,3.006462780997393e-06
1.330000000000001,3.092548559544689e-06
1.332000000000001,2.9792636075179346e-06
1.334000000000001,2.8477960092813254e-06
1.336000000000001,2.9059864202745506e-06
1.338000000000001,3.0799523503318577e-06
1.340000000000001,3.1196612687439673e-06
1.342000000000001,2.979088312864142e-06
1.344000000000001,2.8794396437371167e-06
1.346000000000001,2.981969209569363e-06
1.348000000000001,3.1457725825113914e-06
1.350000000000001,3.1364807146147533e-06
1.352000000000001,2.9815452329481906e-06
1.354000000000001,2.923198234132396e-06
1.356000000000001,3.0618346105303756e-06
1.358000000000001,3.201648262078985e-06
1.360000000000001,3.1450480605099695e-06
1.362000000000001,2.9898843264195007e-06
1.364000000000001,2.9787986012309864e-06
1.366000000000001,3.1420309866761476e-06
1.368000000000001,3.2462287061305745e-06
1.370000000000001,3.148120222137493e-06
1.372000000000001,3.006889792163403e-06
1.374000000000001,3.0449345698787406e-06
1.376000000000001,3.2189983012586437e-06
1.378000000000001,3.279193384589721e-06
1.380000000000001,3.1489331013406785e-06
1.382000000000001,3.0346406778552354e-06
1.384000000000001,3.119367272022902e-06
1.386000000000001,3.289500073036869e-06
1.388000000000001,3.301261846277992e-06
1.390000000000001,3.1509317728831837e-06
1.392000000000001,3.074322320552672e-06
1.394000000000001,3.199117519050651e-06
1.396000000000001,3.3509205249106916e-06
1.398000000000001,3.3141135876175315e-06
1.400000000000001,3.1574865808313424e-06
1.402000000000001,3.126106953332472e-06
1.404000000000001,3.2807350065239965e-06
1.406000000000001,3.401496454552913e-06
1.408000000000001,3.3202307707126677e-06
1.410000000000001,3.1716139303004237e-06
1.412000000000001,3.1891189498298167e-06
1.414000000000001,3.3606181782993433e-06
1.416000000000001,3.4404630270216258e-06
1.418000000000001,3.322680897433969e-06
1.420000000000001,3.1957206915473463e-06
1.422000000000001,3.2614944107563215e-06
1.424000000000001,3.435350775408269e-06
1.426000000000001,3.4681042132920364e-06
1.428000000000001,3.3248582622501938e-06
1.430000000000001,3.231391409270687e-06
1.432000000000001,3.3405359325666684e-06
1.434000000000001,3.5020184198028548e-06
1.436000000000001,3.485709532602063e-06
1.438000000000001,3.330203260303727e-06
1.440000000000001,3.2792372304402823e-06
1.442000000000001,3.422952266079679e-06
1.444000000000001,3.5584717456467463e-06
1.446000000000001,3.495447327498888e-06
1.448000000000001,3.3419184248730666e-06
1.4500000000000008,3.3388235921947423e-06
1.4520000000000008,3.5051610377308945e-06
1.4540000000000008,3.6035107480389406e-06
1.4560000000000008,3.5001702852893724e-06
1.4580000000000013,3.362700058014839e-06
1.4600000000000013,3.4086892357256676e-06
1.4620000000000013,3.583623257467916e-06
1.4640000000000013,3.6369760999764578e-06
1.4660000000000013,3.5031715839815847e-06
1.468000000000001,3.3945045916240063e-06
1.470000000000001,3.486461501712307e-06
1.472000000000001,3.6551733043361373e-06
1.474000000000001,3.6597446706303216e-06
1.476000000000001,3.5079107825464195e-06
1.478000000000001,3.4383688867715284e-06
1.480000000000001,3.5690624900081014e-06
1.482000000000001,3.717308789149068e-06
1.484000000000001,3.6736362252088456e-06
1.486000000000001,3.5177284603751108e-06
1.488000000000001,3.4943026140030198e-06
1.490000000000001,3.652988987091696e-06
1.492000000000001,3.7684109521572e-06
1.494000000000001,3.6812451124218493e-06
1.496000000000001,3.5355684743394733e-06
1.498000000000001,3.561267576694324e-06
1.500000000000001,3.734638391265227e-06
1.5020000000000011,3.807876428453885e-06
1.5040000000000011,3.6857145275688563e-06
1.5060000000000011,3.563726884425744e-06
1.5080000000000011,3.6372525504899805e-06
1.5100000000000011,3.810645711975133e-06
1.5120000000000011,3.836152857476793e-06
1.5140000000000011,3.6904723655067223e-06
1.5160000000000011,3.603646850539738e-06
1.5180000000000011,3.7194428636477816e-06
1.5200000000000011,3.878194931259196e-06
1.5220000000000011,3.854681527533377e-06
1.5240000000000011,3.6989478021491606e-06
1.5260000000000011,3.6557783483666395e-06
1.5280000000000011,3.804472539304174e-06
1.5300000000000011,3.935272070479043e-06
1.5320000000000011,3.865758398608268e-06
1.5340000000000011,3.7142875420632243e-06
1.5360000000000011,3.7195193239129842e-06
1.5380000000000011,3.8887353773376515e-06
1.5400000000000011,3.980836125178425e-06
1.5420000000000011,3.872329877549138e-06
1.5440000000000011,3.739090715588686e-06
1.5460000000000012,3.7932499289804883e-06
1.5480000000000012,3.968722409732756e-06
1.5500000000000012,4.014895402085911e-06
1.5520000000000012,3.877742025256564e-06
1.5540000000000012,3.7751817012869615e-06
1.5560000000000012,3.87446333790023e-06
1.5580000000000012,4.0413489577773715e-06
1.5600000000000012,4.03848818372049e-06
1.5620000000000012,3.885462416594945e-06
1.5640000000000012,3.823440113612242e-06
1.5660000000000012,3.959985881495792e-06
1.5680000000000012,4.104236168363945e-06
1.5700000000000012,4.053576032251802e-06
1.5720000000000012,3.898793711246476e-06
1.5740000000000012,3.8837058438569855e-06
1.5760000000000012,4.046267478484411e-06
1.5780000000000012,4.155918964984448e-06
1.5800000000000012,4.062864402503558e-06
1.5820000000000012,3.920597901947709e-06
1.5840000000000012,3.954773302712253e-06
1.5860000000000012,4.129713010826014e-06
1.5880000000000012,4.195962990413346e-06
1.5900000000000012,4.069568597171724e-06
1.5920000000000012,3.9530504363210345e-06
1.5940000000000012,4.034482174272713e-06
1.5960000000000012,4.207018861897283e-06
1.5980000000000012,4.224984824999917e-06
1.6000000000000012,4.077144247863554e-06
1.6020000000000012,3.997443614690496e-06
1.6040000000000012,4.119902159841968e-06
1.6060000000000012,4.275477990686727e-06
1.6080000000000012,4.244580208534465e-06
1.6100000000000012,4.089001520442281e-06
1.6120000000000012,4.054057999297936e-06
1.6140000000000012,4.207597553436415e-06
1.6160000000000012,4.333221877485596e-06
1.6180000000000012,4.257172693275177e-06
1.6200000000000012,4.108222058069044e-06
1.6220000000000012,4.122117941523368e-06
1.6240000000000012,4.293946210751076e-06
1.6260000000000012,4.37937713241264e-06
1.6280000000000012,4.265799722919655e-06
1.6300000000000012,4.13729778078048e-06
1.6320000000000012,4.199841817998859e-06
1.6340000000000012,4.375479117899039e-06
1.6360000000000012,4.4141261663650094e-06
1.6380000000000012,4.273855087661219e-06
1.6400000000000012,4.177910956887354e-06
1.6420000000000012,4.284588879540849e-06
1.6440000000000012,4.4492034596207986e-06
1.6460000000000012,4.438672567023613e-06
1.6480000000000012,4.284807065929944e-06
1.6500000000000012,4.230774786506686e-06
1.6520000000000012,4.373093485478263e-06
1.6540000000000012,4.512874709056841e-06
1.6560000000000012,4.455120802949672e-06
1.6580000000000013,4.301911371599673e-06
1.6600000000000013,4.295552055650839e-06
1.6620000000000013,4.461765724326702e-06
1.6640000000000013,4.565191109855149e-06
1.6660000000000013,4.466285749731014e-06
1.6680000000000013,4.327937987994718e-06
1.6700000000000013,4.370865176276176e-06
1.6720000000000013,4.547027513398388e-06
1.6740000000000013,4.605894981560624e-06
1.6760000000000013,4.475450477978149e-06
1.6780000000000013,4.364931239725714e-06
1.6800000000000013,4.4544035145976935e-06
1.6820000000000013,4.625647650720668e-06
1.6840000000000013,4.635776990240606e-06
1.6860000000000013,4.486091635154052e-06
1.6880000000000013,4.414022587514652e-06
1.6900000000000013,4.543123602780003e-06
1.6920000000000013,4.695039442920157e-06
1.6940000000000013,4.656589644306056e-06
1.6960000000000013,4.501591679638081e-06
1.6980000000000013,4.475314710721337e-06
1.7000000000000013,4.6335260088549435e-06
1.7020000000000013,4.75349040990336e-06
1.7040000000000013,4.670883491724245e-06
1.7060000000000013,4.524957071436533e-06
1.7080000000000013,4.547852365215446e-06
1.7100000000000013,4.721981603268352e-06
1.7120000000000013,4.800303624215296e-06
1.7140000000000013,4.681783590389926e-06
1.7160000000000013,4.558561688657384e-06
1.718000000000001,4.629689413702259e-06
1.720000000000001,4.805072284636697e-06
1.722000000000001,4.835842028066972e-06
1.724000000000001,4.692725442042092e-06
1.726000000000001,4.603935020736777e-06
1.7280000000000015,4.718052186403546e-06
1.7300000000000015,4.879908889629525e-06
1.7320000000000015,4.8614781041501215e-06
1.7340000000000015,4.707169780715156e-06
1.7360000000000013,4.661614337755568e-06
1.7380000000000013,4.8095878635665695e-06
1.7400000000000013,4.944392636889797e-06
1.7420000000000013,4.8794598072748885e-06
1.7440000000000013,4.728315405927788e-06
1.7460000000000013,4.731077974769876e-06
1.7480000000000013,4.900674857645851e-06
1.7500000000000013,4.997395073430208e-06
1.7520000000000013,4.892709029378009e-06
1.7540000000000013,4.7588292741932575e-06
1.7560000000000013,4.810772078972861e-06
1.7580000000000013,4.9877627822866866e-06
1.7600000000000013,5.0388429173320315e-06
1.7620000000000013,4.904571405077787e-06
1.7640000000000013,4.8006133614234e-06
1.7660000000000013,4.898235157591024e-06
1.7680000000000013,5.067704870950762e-06
1.7700000000000014,5.069705837431812e-06
1.7720000000000014,4.918536918708735e-06
1.7740000000000014,4.854627839064041e-06
1.7760000000000014,4.990313997544835e-06
1.7780000000000014,5.138046903276419e-06
1.7800000000000014,5.091894949607947e-06
1.7820000000000014,4.937950634515548e-06
1.7840000000000014,4.92078888583887e-06
1.7860000000000014,5.083452583766815e-06
1.7880000000000014,5.197243488706815e-06
1.7900000000000014,5.108086510748414e-06
1.7920000000000014,4.96573276240371e-06
1.7940000000000014,4.997955881554106e-06
1.7960000000000014,5.174024941745001e-06
1.7980000000000014,5.244783170481326e-06
1.8000000000000014,5.121488912802896e-06
1.8020000000000014,5.004127492866384e-06
1.8040000000000014,5.084016029187344e-06
1.8060000000000014,5.258675930170514e-06
1.8080000000000014,5.281215707688899e-06
1.8100000000000014,5.135572377511569e-06
1.8120000000000014,5.05450027725278e-06
1.8140000000000014,5.176064658291707e-06
1.8160000000000014,5.3346327101404245e-06
1.8180000000000014,5.308085651490116e-06
1.8200000000000014,5.153780817293563e-06
1.8220000000000014,5.117202658454917e-06
1.8240000000000014,5.270667706603477e-06
1.8260000000000014,5.399954266143217e-06
1.8280000000000014,5.327784370378827e-06
1.8300000000000014,5.179245137033189e-06
1.8320000000000014,5.191521264939075e-06
1.8340000000000014,5.364181303866775e-06
1.8360000000000014,5.45369571238602e-06
1.8380000000000014,5.3433375252574106e-06
1.8400000000000014,5.214517341187164e-06
1.8420000000000014,5.275722197007823e-06
1.8440000000000014,5.453094612577203e-06
1.8460000000000014,5.495975844510559e-06
1.8480000000000014,5.358147128466106e-06
1.8500000000000014,5.261345122159478e-06
1.8520000000000014,5.367193409606952e-06
1.8540000000000014,5.5343583368755445e-06
1.8560000000000014,5.527947908435735e-06
1.8580000000000014,5.375707759838755e-06
1.8600000000000014,5.320506495353969e-06
1.8620000000000014,5.462676495978508e-06
1.8640000000000014,5.605663595611293e-06
1.8660000000000014,5.551682861825585e-06
1.8680000000000014,5.399316331471116e-06
1.8700000000000014,5.391722472136359e-06
1.8720000000000014,5.558567281007884e-06
1.8740000000000014,5.665643550230651e-06
1.8760000000000014,5.569980563616822e-06
1.8780000000000014,5.431794740591231e-06
1.8800000000000014,5.473661635588961e-06
1.8820000000000014,5.65125436919299e-06
1.8840000000000015,5.713981292751122e-06
1.8860000000000015,5.5861274761495605e-06
1.8880000000000015,5.4752450203473385e-06
1.8900000000000015,5.564043141489949e-06
1.8920000000000015,5.73745876981252e-06
1.8940000000000015,5.751419428537061e-06
1.8960000000000015,5.603620461324538e-06
1.8980000000000015,5.530856771658946e-06
1.9000000000000015,5.659834328127292e-06
1.9020000000000015,5.814537527210062e-06
1.9040000000000015,5.779677205081102e-06
1.9060000000000015,5.6258762087951775e-06
1.9080000000000015,5.598785818655694e-06
1.9100000000000015,5.757527128577231e-06
1.9120000000000015,5.880719967994719e-06
1.9140000000000015,5.8012885443704115e-06
1.9160000000000015,5.655945671697443e-06
1.9180000000000015,5.678120050056981e-06
1.9200000000000015,5.853466145485167e-06
1.9220000000000015,5.935255233581113e-06
1.9240000000000015,5.8193786521710394e-06
1.9260000000000015,5.696253043176169e-06
1.9280000000000015,5.76694238691236e-06
1.9300000000000015,5.944193208894111e-06
1.9320000000000015,5.978461720642855e-06
1.9340000000000015,5.837398625439805e-06
1.9360000000000015,5.748379109356619e-06
1.9380000000000015,5.862491567022038e-06
1.9400000000000015,6.0267705639452385e-06
1.9420000000000015,6.0116803524950385e-06
1.9440000000000015,5.858837729012106e-06
1.9460000000000015,5.812908518710788e-06
1.9480000000000015,5.961409842271739e-06
1.9500000000000015,6.099048244273889e-06
1.9520000000000015,6.037142417971916e-06
1.9540000000000015,5.886932813775961e-06
1.9560000000000015,5.8893585225712475e-06
1.9580000000000015,6.060054724220387e-06
1.9600000000000015,6.159849762365013e-06
1.9620000000000015,6.057768310261183e-06
1.9640000000000015,5.924394363539254e-06
1.9660000000000015,5.976202009705389e-06
1.9680000000000015,6.154842200924854e-06
1.9700000000000015,6.209061797161214e-06
1.9720000000000015,6.076916180848893e-06
1.9740000000000015,5.973168964614264e-06
1.9760000000000015,6.0709896461553364e-06
1.9780000000000015,6.242583806921262e-06
1.9800000000000015,6.247625441066149e-06
1.9820000000000015,6.098100245035751e-06
1.9840000000000015,6.034258059169767e-06
1.9860000000000013,6.1705650646719234e-06
1.9880000000000013,6.32078089968062e-06
1.9900000000000013,6.277436575578485e-06
1.9920000000000013,6.124698350753674e-06
1.9940000000000013,6.10761167765643e-06
1.9960000000000018,6.2713548967616856e-06
1.9980000000000018,6.387846214671311e-06
2.0000000000000018,6.301169880214286e-06
2.0020000000000016,6.159668306575383e-06
2.004000000000002,6.192112316305912e-06
2.0060000000000016,6.369704455791436e-06
2.008000000000002,6.443233471859974e-06
2.0100000000000016,6.32204476168699e-06
2.012000000000002,6.205292687721728e-06
2.0140000000000016,6.285657423707458e-06
2.016000000000002,6.462222688024752e-06
2.0180000000000016,6.4874679044854555e-06
2.020000000000002,6.343552871504454e-06
2.0220000000000016,6.26297210344455e-06
2.024000000000002,6.385339083014516e-06
2.0260000000000016,6.546098488477425e-06
2.028000000000002,6.522081591114198e-06
2.0300000000000016,6.36916697195275e-06
2.032000000000002,6.333086377293198e-06
2.0340000000000016,6.487707540721657e-06
2.036000000000002,6.6193550381440924e-06
2.0380000000000016,6.5494657416880625e-06
2.040000000000002,6.402050717613239e-06
2.0420000000000016,6.414940631464805e-06
2.044000000000002,6.589093409396091e-06
2.0460000000000016,6.681018238257827e-06
2.048000000000002,6.572657102580509e-06
2.0500000000000016,6.444789008713814e-06
2.052000000000002,6.506807875434825e-06
2.0540000000000016,6.685954333849123e-06
2.056000000000002,6.7311872219213975e-06
2.0580000000000016,6.595077874330113e-06
2.060000000000002,6.4991588973519615e-06
2.0620000000000016,6.606070995916757e-06
2.064000000000002,6.775207957389687e-06
2.0660000000000016,6.771006669424595e-06
2.068000000000002,6.620249010508977e-06
2.0700000000000016,6.565960943645879e-06
2.072000000000002,6.709455683071713e-06
2.0740000000000016,6.854515214980636e-06
2.076000000000002,6.802550182838721e-06
2.0780000000000016,6.651496589439587e-06
2.080000000000002,6.644929364758856e-06
2.0820000000000016,6.81333360260869e-06
2.084000000000002,6.922485719708729e-06
2.0860000000000016,6.8286303067377485e-06
2.088000000000002,6.691670897267937e-06
2.0900000000000016,6.734735178258108e-06
2.092000000000002,6.914064612551646e-06
2.0940000000000016,6.978788284950702e-06
2.096000000000002,6.852554032578395e-06
2.0980000000000016,6.7428981402363475e-06
2.100000000000002,6.833089120710303e-06
2.1020000000000016,7.008340602613142e-06
2.104000000000002,7.024161774889931e-06
2.1060000000000016,6.877843664737648e-06
2.108000000000002,6.806384895606532e-06
2.1100000000000017,6.93694062693824e-06
2.112000000000002,7.093493247317673e-06
2.1140000000000017,7.06033211225407e-06
2.116000000000002,6.907942891522245e-06
2.1180000000000017,6.882294581863832e-06
2.120000000000002,7.042756948615406e-06
2.1220000000000017,7.167733688012018e-06
2.124000000000002,7.089848949223473e-06
2.1260000000000017,6.945927742448357e-06
2.128000000000002,6.969712226424438e-06
2.1300000000000017,7.146854921771806e-06
2.132000000000002,7.230302368557706e-06
2.1340000000000017,7.115859928009255e-06
2.136000000000002,6.994242277971741e-06
2.1380000000000017,7.066707704495717e-06
2.140000000000002,7.245749664517437e-06
2.1420000000000017,7.281519418714244e-06
2.144000000000002,7.1418422515207025e-06
2.1460000000000017,7.054479174851969e-06
2.148000000000002,7.170498216742954e-06
2.1500000000000017,7.336481725368077e-06
2.152000000000002,7.322737496148063e-06
2.1540000000000017,7.171311545716569e-06
2.156000000000002,7.127225081979965e-06
2.1580000000000017,7.277698963664703e-06
2.160000000000002,7.4168876540922635e-06
2.1620000000000017,7.356207981531332e-06
2.164000000000002,7.2075277969020635e-06
2.1660000000000017,7.2119886090453444e-06
2.168000000000002,7.384638781672559e-06
2.1700000000000017,7.485787697117385e-06
2.172000000000002,7.384877121818789e-06
2.1740000000000017,7.253218169290393e-06
2.176000000000002,7.307223992562145e-06
2.1780000000000017,7.4877076065849035e-06
2.180000000000002,7.543076086982681e-06
2.1820000000000017,7.412131444291259e-06
2.184000000000002,7.310336828585812e-06
2.1860000000000017,7.4104553112117055e-06
2.188000000000002,7.583697505891829e-06
2.1900000000000017,7.589711496419627e-06
2.192000000000002,7.441512495136998e-06
2.1940000000000017,7.379881971279062e-06
2.196000000000002,7.51849503487223e-06
2.1980000000000017,7.670100040723521e-06
2.200000000000002,7.6276154071242e-06
2.2020000000000017,7.476420829974351e-06
2.204000000000002,7.4617890661841935e-06
2.206000000000002,7.6277383007222754e-06
2.208000000000002,7.745329601793749e-06
2.2100000000000017,7.659493181856603e-06
2.212000000000002,7.519829074272011e-06
2.214000000000002,7.554915696907083e-06
2.216000000000002,7.734503131892612e-06
2.2180000000000017,7.80885329587297e-06
2.220000000000002,7.68859645182765e-06
2.222000000000002,7.5740241090860305e-06
2.224000000000002,7.657126526571661e-06
2.2260000000000018,7.835379536122455e-06
2.228000000000002,7.861220288733067e-06
2.230000000000002,7.718446816344648e-06
2.232000000000002,7.640398712108198e-06
2.2340000000000018,7.76547679694553e-06
2.236000000000002,7.927548954688585e-06
2.238000000000002,7.90399470105771e-06
2.240000000000002,7.752540935993674e-06
2.2420000000000018,7.719312427968694e-06
2.244000000000002,7.876480583847434e-06
2.246000000000002,8.009040271577533e-06
2.248000000000002,7.939604527426591e-06
2.2500000000000018,7.794056911529512e-06
2.252000000000002,7.810038896004928e-06
2.2540000000000022,7.986437995707169e-06
2.256000000000002,8.078898265085482e-06
2.258000000000002,7.971124098518634e-06
2.260000000000002,7.845581944932595e-06
2.2620000000000022,7.91081130329871e-06
2.264000000000002,8.09178636505467e-06
2.266000000000002,8.137252543560791e-06
2.268000000000002,8.002009828249335e-06
2.2700000000000022,7.908881618841346e-06
2.272000000000002,8.018968684762873e-06
2.274000000000002,8.189436582341919e-06
2.276000000000002,8.185286950228299e-06
2.2780000000000022,8.035809445781222e-06
2.280000000000002,7.984731030752368e-06
2.282000000000002,8.131194153056243e-06
2.284000000000002,8.277058106014035e-06
2.2860000000000023,8.225119062215541e-06
2.288000000000002,8.075864731203058e-06
2.290000000000002,8.07282638540241e-06
2.292000000000002,8.243823676746392e-06
2.2940000000000023,8.353284205283446e-06
2.296000000000002,8.259605770007117e-06
2.298000000000002,8.125027735436663e-06
2.300000000000002,8.171791340074591e-06
2.3020000000000023,8.353193390410463e-06
2.304000000000002,8.417820556994027e-06
2.306000000000002,8.292094155235713e-06
2.308000000000002,8.185410764232487e-06
2.3100000000000023,8.279284722887553e-06
2.312000000000002,8.455987239763124e-06
2.314000000000002,8.471452694620851e-06
2.316000000000002,8.32613789265857e-06
2.3180000000000023,8.258190593423559e-06
2.320000000000002,8.392205448407714e-06
2.322000000000002,8.54954668474961e-06
2.324000000000002,8.515958569713794e-06
2.3260000000000023,8.365199351309527e-06
2.328000000000002,8.343486487111945e-06
2.330000000000002,8.506977972121826e-06
2.332000000000002,8.632110220747197e-06
2.3340000000000023,8.553940192508602e-06
2.336000000000002,8.412357417896671e-06
2.338000000000002,8.440328427863214e-06
2.340000000000002,8.619889894829341e-06
2.3420000000000023,8.702961022549055e-06
2.344000000000002,8.588592705690429e-06
2.346000000000002,8.470041254673294e-06
2.348000000000002,8.546725604741123e-06
2.3500000000000023,8.727445115135762e-06
2.352000000000002,8.762473452942482e-06
2.354000000000002,8.623430987595576e-06
2.356000000000002,8.539810529169939e-06
2.3580000000000023,8.6598354740626e-06
2.360000000000002,8.826693374444639e-06
2.362000000000002,8.812060848774339e-06
2.364000000000002,8.661994107355547e-06
2.3660000000000023,8.622202315206051e-06
2.368000000000002,8.776221581369842e-06
2.370000000000002,8.915500833983625e-06
2.372000000000002,8.854036017288958e-06
2.3740000000000023,8.70754775662147e-06
2.376000000000002,8.716662706065997e-06
2.378000000000002,8.892175928667395e-06
2.380000000000002,8.992735439399685e-06
2.3820000000000023,8.891401530951304e-06
2.384000000000002,8.762804828969795e-06
2.386000000000002,8.821576105891293e-06
2.388000000000002,9.004071746723102e-06
2.3900000000000023,9.058352920313789e-06
2.392000000000002,8.927589561617127e-06
2.394000000000002,8.829684660038861e-06
2.396000000000002,8.93439664827883e-06
2.3980000000000024,9.108707600957722e-06
2.4000000000000017,9.113381570054896e-06
2.402000000000002,8.96617166762717e-06
2.4040000000000017,8.909131484945848e-06
2.4060000000000024,9.051874744120392e-06
2.4080000000000017,9.203605144694066e-06
2.410000000000002,9.159814185446397e-06
2.4120000000000017,9.010558803417001e-06
2.4140000000000024,9.001011351938287e-06
2.4160000000000026,9.170359099551495e-06
2.418000000000002,9.287230157417614e-06
2.4200000000000026,9.200422533595792e-06
2.4220000000000024,9.063711732985175e-06
2.4240000000000026,9.104102865583469e-06
2.426000000000002,9.286143285117121e-06
2.4280000000000026,9.359117829024766e-06
2.4300000000000024,9.238513437707235e-06
2.4320000000000026,9.1278822962719e-06
2.434000000000002,9.21618990987541e-06
2.436000000000002,9.39581881977472e-06
2.4380000000000024,9.419895838178038e-06
2.440000000000002,9.277646869743778e-06
2.442000000000002,9.204406244245344e-06
2.444000000000002,9.334253992920177e-06
2.4460000000000024,9.49659564129443e-06
2.448000000000002,9.47121005154955e-06
2.450000000000002,9.321336481078746e-06
2.452000000000002,9.293567704064809e-06
2.4540000000000024,9.454751329792538e-06
2.456000000000002,9.586556064297702e-06
2.458000000000002,9.515565997649661e-06
2.460000000000002,9.372752821645847e-06
2.4620000000000024,9.394552560756941e-06
2.464000000000002,9.573947592083493e-06
2.466000000000002,9.66481846789366e-06
2.468000000000002,9.556104197911558e-06
2.4700000000000024,9.434449638676123e-06
2.472000000000002,9.505502125240622e-06
2.474000000000002,9.688274224088633e-06
2.476000000000002,9.731599447102002e-06
2.4780000000000024,9.596329537748388e-06
2.480000000000002,9.508133999091423e-06
2.482000000000002,9.623669078272223e-06
2.484000000000002,9.794666689124515e-06
2.4860000000000024,9.788175248007236e-06
2.488000000000002,9.639815243572825e-06
2.490000000000002,9.594500811012374e-06
2.492000000000002,9.745665642185708e-06
2.4940000000000024,9.89084792523548e-06
2.496000000000002,9.836752916346503e-06
2.498000000000002,9.68990184010976e-06
2.500000000000002,9.693150486565771e-06
2.5020000000000024,9.867781231454736e-06
2.5040000000000022,9.975528859697963e-06
2.506000000000002,9.880267815315369e-06
2.5080000000000022,9.749411458880725e-06
2.5100000000000025,9.802603831508827e-06
2.5120000000000022,9.986336233849813e-06
2.514000000000002,1.0048509820434481e-05
2.5160000000000022,9.92212724251415e-06
2.5180000000000025,9.820398198336078e-06
2.5200000000000022,9.920420117166817e-06
2.522000000000002,1.0098032724770861e-05
2.5240000000000022,1.0110679275174977e-05
2.5260000000000025,9.965920769499509e-06
2.5280000000000022,9.903955388017305e-06
2.530000000000002,1.0043413032699566e-05
2.5320000000000022,1.0200263390849201e-05
2.5340000000000025,1.0163917097235492e-05
2.5360000000000023,1.0015117837221255e-05
2.538000000000002,1.0000099547411573e-05
2.5400000000000023,1.0167946408519424e-05
2.5420000000000025,1.0291346600858203e-05
2.5440000000000023,1.0210917124241214e-05
2.546000000000002,1.0072773011928632e-05
2.5480000000000023,1.010774734186079e-05
2.5500000000000025,1.0290279813758574e-05
2.5520000000000023,1.0370666631804443e-05
2.554000000000002,1.0254947972018064e-05
2.5560000000000023,1.0141259539638015e-05
2.5580000000000025,1.0224795009006193e-05
2.5600000000000023,1.0406926191343369e-05
2.562000000000002,1.0438710805558277e-05
2.5640000000000023,1.0299572649332539e-05
2.5660000000000025,1.022205215696348e-05
2.5680000000000023,1.0348299484680412e-05
2.570000000000002,1.0514981694326186e-05
2.5720000000000023,1.0497007026773197e-05
2.5740000000000025,1.0348347666347402e-05
2.5760000000000023,1.031557965352689e-05
2.578000000000002,1.0474747914629434e-05
2.5800000000000023,1.0612392372127966e-05
2.5820000000000025,1.0547974105032387e-05
2.5840000000000023,1.0404522135031707e-05
2.586000000000002,1.0421165229371893e-05
2.5880000000000023,1.0600389670597371e-05
2.5900000000000025,1.0698132104223351e-05
2.5920000000000023,1.0594702681974294e-05
2.594000000000002,1.0470757454573293e-05
2.5960000000000023,1.0537067155366037e-05
2.5980000000000025,1.0721595253723043e-05
2.6000000000000023,1.0772278694008014e-05
2.602000000000002,1.0640687029637302e-05
2.6040000000000023,1.0548888539303747e-05
2.6060000000000025,1.0660623174441747e-05
2.6080000000000023,1.0835202063744914e-05
2.610000000000002,1.0835987480275339e-05
2.6120000000000023,1.0689528531789005e-05
2.6140000000000025,1.0639747509557512e-05
2.6160000000000023,1.0788490131967421e-05
2.618000000000002,1.0938809133637095e-05
2.6200000000000023,1.0891371963792085e-05
2.6220000000000026,1.0744631487483863e-05
2.6240000000000023,1.0743069197034077e-05
2.626000000000002,1.0916957381978953e-05
2.6280000000000023,1.1030990991818534e-05
2.6300000000000026,1.0941307700282343e-05
2.6320000000000023,1.0808911829997964e-05
2.634000000000002,1.0857493510922633e-05
2.6360000000000023,1.1042301336992855e-05
2.6380000000000026,1.1111412688710742e-05
2.6400000000000023,1.0989179181752212e-05
2.642000000000002,1.0884539666650844e-05
2.6440000000000023,1.0980671911731826e-05
2.6460000000000026,1.116114188019074e-05
2.6480000000000024,1.1180840866063801e-05
2.6500000000000017,1.1038590541478238e-05
2.6520000000000024,1.0972736774535197e-05
2.6540000000000026,1.1109474150734766e-05
2.6560000000000024,1.1270761022558196e-05
2.6580000000000017,1.1241056989960002e-05
2.6600000000000024,1.1093060888627687e-05
2.6620000000000026,1.1073649331758834e-05
2.6640000000000024,1.1240278509148938e-05
2.6660000000000026,1.1369350250887977e-05
2.6680000000000024,1.129468696314459e-05
2.6700000000000026,1.1155724922006643e-05
2.6720000000000024,1.1186312984478447e-05
2.6740000000000026,1.1369316533671459e-05
2.6760000000000024,1.1456163841922634e-05
2.6780000000000026,1.134496596586973e-05
2.6800000000000024,1.1229059670919e-05
2.6820000000000026,1.1308720851494619e-05
2.6840000000000024,1.1493034616835013e-05
2.686000000000002,1.1531568295728573e-05
2.6880000000000024,1.1395459230650884e-05
2.690000000000002,1.131465856653649e-05
2.6920000000000024,1.1437995046690436e-05
2.694000000000002,1.1608431976017214e-05
2.6960000000000024,1.1596990178140004e-05
2.698000000000002,1.1449759712862245e-05
2.7000000000000024,1.1413073733344131e-05
2.702000000000002,1.157064974519409e-05
2.7040000000000024,1.1713338411913077e-05
2.706000000000002,1.1654774062855311e-05
2.7080000000000024,1.1511183419413845e-05
2.710000000000003,1.1523745200092e-05
2.7120000000000024,1.1702920927784272e-05
2.714000000000002,1.1806604622438543e-05
2.7160000000000024,1.1707968164777205e-05
2.718000000000003,1.1582483213569417e-05
2.7200000000000024,1.1645030505838538e-05
2.722000000000002,1.1831127597221325e-05
2.7240000000000024,1.1888190375557162e-05
2.7260000000000026,1.1760058024262027e-05
2.7280000000000024,1.1665602280542392e-05
2.730000000000002,1.1774339361565744e-05
2.7320000000000024,1.1952024106358372e-05
2.7340000000000027,1.1959148603350733e-05
2.7360000000000024,1.1814669303861214e-05
2.738000000000002,1.176148850099562e-05
2.7400000000000024,1.1908366148307564e-05
2.7420000000000027,1.2063104668110641e-05
2.7440000000000024,1.2021514091336422e-05
2.746000000000002,1.187526061531205e-05
2.7480000000000024,1.1869989620133525e-05
2.7500000000000027,1.204339988374395e-05
2.7520000000000024,1.2162828735999553e-05
2.7540000000000022,1.2078112665171031e-05
2.7560000000000024,1.194482721300974e-05
2.7580000000000027,1.1989845076870037e-05
2.7600000000000025,1.2175679614517126e-05
2.7620000000000022,1.225074771750781e-05
2.7640000000000025,1.213231060961592e-05
2.7660000000000027,1.2025636684648289e-05
2.7680000000000025,1.2118782823155455e-05
2.7700000000000022,1.2301755859707442e-05
2.7720000000000025,1.2327526541792283e-05
2.7740000000000027,1.2187725373261765e-05
2.7760000000000025,1.2119018055110897e-05
2.7780000000000022,1.2253718505592093e-05
2.7800000000000025,1.2418817700345086e-05
2.7820000000000027,1.239486526603481e-05
2.7840000000000025,1.2247918647057682e-05
2.7860000000000023,1.2225225024167091e-05
2.7880000000000025,1.2391041348345372e-05
2.7900000000000027,1.2524950663162643e-05
2.7920000000000025,1.2455334467469104e-05
2.7940000000000023,1.2316092729221934e-05
2.7960000000000025,1.2343391122930647e-05
2.7980000000000027,1.2526958454679021e-05
2.8000000000000025,1.2619301171173242e-05
2.8020000000000023,1.2512143194125941e-05
2.8040000000000025,1.2394811257303295e-05
2.8060000000000027,1.2471588334218159e-05
2.8080000000000025,1.2657859992114967e-05
2.8100000000000023,1.2702136332403552e-05
2.8120000000000025,1.25688603522002e-05
2.8140000000000027,1.2485765766085538e-05
2.8160000000000025,1.2606990869214879e-05
2.8180000000000023,1.2780664262097147e-05
2.8200000000000025,1.2774800327623737e-05
2.8220000000000027,1.2629110768040686e-05
2.8240000000000025,1.2589609330499602e-05
2.8260000000000023,1.2746133211994498e-05
2.8280000000000025,1.2893104928097393e-05
2.8300000000000027,1.283957850849518e-05
2.8320000000000025,1.2696266966042563e-05
2.8340000000000023,1.2705876563243873e-05
2.8360000000000025,1.2885238368228608e-05
2.8380000000000027,1.2993931781703216e-05
2.8400000000000025,1.2899486626385265e-05
2.8420000000000023,1.277315772721041e-05
2.8440000000000025,1.2833004252754687e-05
2.8460000000000027,1.3020581400631503e-05
2.8480000000000025,1.3083008976962074e-05
2.8500000000000023,1.2958005667806916e-05
2.8520000000000025,1.2861814858915882e-05
2.8540000000000028,1.2968458300732788e-05
2.8560000000000025,1.3148847551727738e-05
2.8580000000000023,1.31613077020247e-05
2.8600000000000025,1.301878361710182e-05
2.8620000000000028,1.296327974162001e-05
2.8640000000000025,1.310896077275081e-05
2.8660000000000023,1.3267445115726362e-05
2.8680000000000025,1.3230801283771465e-05
2.8700000000000028,1.3085325352733823e-05
2.8720000000000026,1.3077490018015975e-05
2.8740000000000023,1.3250797534516967e-05
2.8760000000000026,1.337474048187029e-05
2.878000000000003,1.3294278362066536e-05
2.8800000000000026,1.3160691777463346e-05
2.8820000000000023,1.3203262978496444e-05
2.8840000000000026,1.3390174848110226e-05
2.886000000000003,1.3470194480079412e-05
2.8880000000000026,1.3355093919989458e-05
2.8900000000000023,1.324722955965002e-05
2.8920000000000026,1.3338384853602003e-05
2.894000000000003,1.352358540253687e-05
2.8960000000000026,1.3554392421739891e-05
2.8980000000000024,1.3416879454847958e-05
2.9000000000000026,1.3346353189176707e-05
2.902000000000003,1.3479804343210361e-05
2.9040000000000026,1.3648142657553958e-05
2.9060000000000024,1.3628972259489835e-05
2.9080000000000026,1.3483233669474293e-05
2.910000000000003,1.3458400474897214e-05
2.9120000000000026,1.3623915561939565e-05
2.9140000000000024,1.3761847529818183e-05
2.9160000000000026,1.369646425893739e-05
2.918000000000003,1.3557414875940005e-05
2.9200000000000026,1.3582579852931126e-05
2.9220000000000024,1.3766902622416172e-05
2.9240000000000026,1.3863761932641355e-05
2.926000000000003,1.3760060936857804e-05
2.9280000000000026,1.3642056447708828e-05
2.9300000000000024,1.3717021817443581e-05
2.9320000000000026,1.3905108323782056e-05
2.934000000000003,1.3954076804396226e-05
2.936000000000002,1.3823338339394309e-05
2.9380000000000024,1.3738927050768734e-05
2.940000000000002,1.385893703520491e-05
2.942000000000003,1.4035385410293005e-05
2.944000000000002,1.4034075066639978e-05
2.9460000000000024,1.3889950183598038e-05
2.948000000000002,1.3848757266329836e-05
2.950000000000003,1.4004871065006336e-05
2.952000000000002,1.415539170734198e-05
2.9540000000000024,1.4106000188508772e-05
2.956000000000003,1.3963316195599734e-05
2.958000000000003,1.3971152373726259e-05
2.960000000000003,1.4151032170190564e-05
2.9620000000000024,1.4263799345860806e-05
2.964000000000003,1.4172847690761131e-05
2.966000000000003,1.4046325978570723e-05
2.968000000000003,1.4104606240575995e-05
2.9700000000000024,1.4293657427676826e-05
2.9720000000000026,1.436040088891033e-05
2.974000000000003,1.4238100217146832e-05
2.9760000000000026,1.4141080107658854e-05
2.9780000000000024,1.4246622752824012e-05
2.9800000000000026,1.4429376054198029e-05
2.982000000000003,1.44461084721631e-05
2.9840000000000027,1.4305427766390932e-05
2.9860000000000024,1.4248690337326925e-05
2.9880000000000027,1.439393935623312e-05
2.990000000000003,1.4555529296637199e-05
2.9920000000000027,1.4522853454188717e-05
2.9940000000000024,1.4378374590326426e-05
2.9960000000000027,1.4369159717260438e-05
2.998000000000003,1.4542833745464362e-05
3.0000000000000027,1.4670413245911063e-05
3.0020000000000024,1.4593402059556032e-05
3.0040000000000027,1.4460054140543604e-05
3.006000000000003,1.4501359740893421e-05
3.0080000000000027,1.4689482278684024e-05
3.0100000000000025,1.4773422632462924e-05
3.0120000000000027,1.4661106907530586e-05
3.014000000000003,1.4552873710927533e-05
3.0160000000000027,1.4643114417362685e-05
3.0180000000000025,1.483033034031106e-05
3.0200000000000027,1.4865087125209148e-05
3.022000000000003,1.4729615963569864e-05
3.0240000000000027,1.465831077964233e-05
3.0260000000000025,1.479139028721932e-05
3.0280000000000027,1.4962432856594626e-05
3.030000000000003,1.4947004008711295e-05
3.0320000000000027,1.4802560594131403e-05
3.0340000000000025,1.4776762557764528e-05
3.0360000000000027,1.4942578111142718e-05
3.038000000000003,1.508372804159136e-05
3.0400000000000027,1.5021680420484324e-05
3.0420000000000025,1.4883244211335439e-05
3.0440000000000027,1.490748760861818e-05
3.046000000000003,1.5092838702282507e-05
3.0480000000000027,1.5193217874232695e-05
3.0500000000000025,1.5092303963563924e-05
3.0520000000000027,1.4974353122313572e-05
3.054000000000003,1.5048652442912341e-05
3.0560000000000027,1.523847521811561e-05
3.0580000000000025,1.5291042078077743e-05
3.0600000000000027,1.5162462995373799e-05
3.062000000000003,1.5077711604406102e-05
3.0640000000000027,1.5197486268523491e-05
3.0660000000000025,1.537628982191397e-05
3.0680000000000027,1.5378445465674684e-05
3.070000000000003,1.5235838414343755e-05
3.0720000000000027,1.5194103166311923e-05
3.0740000000000025,1.5350534329539728e-05
3.0760000000000027,1.5503885181043092e-05
3.078000000000003,1.545764906697028e-05
3.0800000000000027,1.53158885811272e-05
3.0820000000000025,1.5323178197874238e-05
3.0840000000000027,1.5503986589490704e-05
3.086000000000003,1.561988007410184e-05
3.0880000000000027,1.5531642393103173e-05
3.0900000000000025,1.5405548996535318e-05
3.0920000000000027,1.546346347441538e-05
3.094000000000003,1.5654046875930583e-05
3.0960000000000027,1.572402108470511e-05
3.0980000000000025,1.560391766534594e-05
3.1000000000000028,1.550696872410634e-05
3.102000000000003,1.5612480492765285e-05
3.1040000000000028,1.5797300951306964e-05
3.1060000000000025,1.5817185902971403e-05
3.1080000000000028,1.5678167892465428e-05
3.110000000000003,1.562130576875445e-05
3.1120000000000028,1.5766967674704646e-05
3.1140000000000025,1.5931042115405192e-05
3.1160000000000028,1.5901285440888396e-05
3.118000000000003,1.575797061121806e-05
3.1200000000000028,1.574860259914712e-05
3.1220000000000026,1.5923187732951732e-05
3.1240000000000028,1.6053519837629787e-05
3.126000000000003,1.5979080228430836e-05
3.128000000000003,1.584647897216046e-05
3.1300000000000026,1.5887759393998224e-05
3.132000000000003,1.607728872788164e-05
3.134000000000003,1.6164088681359934e-05
3.136000000000003,1.6053931160095458e-05
3.1380000000000026,1.5946142112865935e-05
3.140000000000003,1.6036615380556063e-05
3.142000000000003,1.6225678652243697e-05
3.144000000000003,1.6263248457347446e-05
3.1460000000000026,1.61295064088178e-05
3.148000000000003,1.605847713857453e-05
3.150000000000003,1.6192137695353326e-05
3.152000000000003,1.6365371090225345e-05
3.1540000000000026,1.6352579175302195e-05
3.156000000000003,1.620946649988006e-05
3.158000000000003,1.6183914579259023e-05
3.160000000000003,1.6350703728070654e-05
3.1620000000000026,1.6494264240614342e-05
3.164000000000003,1.6434583934368807e-05
3.166000000000003,1.629714933933102e-05
3.168000000000003,1.6321736596141417e-05
3.1700000000000026,1.650844938021201e-05
3.172000000000003,1.661132605695198e-05
3.174000000000003,1.6512458724679546e-05
3.176000000000003,1.6395277114000795e-05
3.1780000000000026,1.6470121262632947e-05
3.180000000000003,1.666164521148955e-05
3.182000000000003,1.671667171255012e-05
3.184000000000003,1.6589810710638392e-05
3.186000000000002,1.6505707398153935e-05
3.188000000000003,1.6626296453423062e-05
3.190000000000003,1.680705778728253e-05
3.192000000000003,1.681153294502344e-05
3.194000000000002,1.6670347129189855e-05
3.196000000000003,1.662925077137653e-05
3.198000000000003,1.6786793970519076e-05
3.200000000000003,1.694225596916496e-05
3.202000000000002,1.6898129647387877e-05
3.204000000000003,1.675755675493995e-05
3.206000000000003,1.6765575526309084e-05
3.208000000000003,1.6947780610135355e-05
3.210000000000003,1.7065830722355624e-05
3.212000000000003,1.6979461201518248e-05
3.214000000000003,1.6854405864047406e-05
3.216000000000003,1.6913215306585405e-05
3.218000000000003,1.7105430961349838e-05
3.220000000000003,1.7177509884711006e-05
3.2220000000000026,1.7059038645472063e-05
3.224000000000003,1.6963071000613422e-05
3.2260000000000026,1.706968695762076e-05
3.228000000000003,1.7256299841336004e-05
3.2300000000000026,1.7278163124155588e-05
3.232000000000003,1.714057986982806e-05
3.2340000000000027,1.7084731094543087e-05
3.236000000000003,1.7231713777956376e-05
3.2380000000000027,1.7397652293207888e-05
3.240000000000003,1.7369704240838973e-05
3.2420000000000027,1.7227689977163813e-05
3.244000000000003,1.721944047336499e-05
3.2460000000000035,1.739553538815733e-05
3.248000000000003,1.7527715990381387e-05
3.2500000000000027,1.7454906422763317e-05
3.252000000000003,1.7323548803304528e-05
3.2540000000000036,1.736610069102626e-05
3.256000000000003,1.755727241179242e-05
3.2580000000000027,1.7645832811313128e-05
3.260000000000003,1.753715078521914e-05
3.262000000000003,1.7430627863530834e-05
3.264000000000003,1.752254180759083e-05
3.2660000000000027,1.771330525753359e-05
3.268000000000003,1.7752500252286862e-05
3.270000000000003,1.7620130323421634e-05
3.272000000000003,1.7550459379404165e-05
3.2740000000000027,1.7685712660284875e-05
3.276000000000003,1.7860623893386357e-05
3.278000000000003,1.7849306213037902e-05
3.280000000000003,1.7707531594416542e-05
3.2820000000000027,1.768347960162675e-05
3.284000000000003,1.7851965973293693e-05
3.286000000000003,1.799711028026632e-05
3.288000000000003,1.7938770448797103e-05
3.2900000000000027,1.7802716244571387e-05
3.292000000000003,1.7828966024941578e-05
3.294000000000003,1.801741037817453e-05
3.296000000000003,1.8121725752037743e-05
3.2980000000000027,1.8024111928041653e-05
3.300000000000003,1.790842462584194e-05
3.302000000000003,1.798508205816049e-05
3.304000000000003,1.8178290756391824e-05
3.3060000000000027,1.8234589312424165e-05
3.308000000000003,1.810896398469694e-05
3.310000000000003,1.802652417500286e-05
3.312000000000003,1.8149032758662392e-05
3.3140000000000027,1.8331353562862918e-05
3.316000000000003,1.8336946397540937e-05
3.318000000000003,1.8197059725964804e-05
3.320000000000003,1.8157825205311617e-05
3.3220000000000027,1.8317322107847672e-05
3.324000000000003,1.847415626225757e-05
3.326000000000003,1.843103864746301e-05
3.328000000000003,1.8291909973391918e-05
3.3300000000000027,1.8301985005513e-05
3.332000000000003,1.8486088133339018e-05
3.334000000000003,1.8605289011219134e-05
3.336000000000003,1.8519892468524257e-05
3.3380000000000027,1.8396495999984525e-05
3.340000000000003,1.8457516309272615e-05
3.342000000000003,1.8651480073121618e-05
3.344000000000003,1.872448982617042e-05
3.3460000000000027,1.8607047808340965e-05
3.348000000000003,1.8512999710715294e-05
3.350000000000003,1.8621907469210802e-05
3.352000000000003,1.8810034806672482e-05
3.3540000000000028,1.8832648496277388e-05
3.356000000000003,1.8696249673638005e-05
3.358000000000003,1.8642594165171195e-05
3.360000000000003,1.87918493352833e-05
3.3620000000000028,1.8959009859677994e-05
3.364000000000003,1.893170661085644e-05
3.366000000000003,1.8791124855203206e-05
3.368000000000003,1.8785316303778637e-05
3.3700000000000028,1.8963549611512864e-05
3.372000000000003,1.9096637394321048e-05
3.374000000000003,1.9024469628162177e-05
3.376000000000003,1.8894866192081805e-05
3.378000000000003,1.894004002164079e-05
3.380000000000003,1.9133102238493016e-05
3.3820000000000032,1.9222275772987074e-05
3.384000000000003,1.9114351668240298e-05
3.386000000000003,1.900994698688166e-05
3.388000000000003,1.9104560262817732e-05
3.3900000000000032,1.929687036249239e-05
3.392000000000003,1.933644943846735e-05
3.394000000000003,1.920507550770556e-05
3.396000000000003,1.9137888585169655e-05
3.3980000000000032,1.9275787461636718e-05
3.400000000000003,1.9451839127243575e-05
3.402000000000003,1.9440780908389077e-05
3.404000000000003,1.9300350427367552e-05
3.4060000000000032,1.9279103663782937e-05
3.408000000000003,1.945003768901929e-05
3.410000000000003,1.9595899511660325e-05
3.412000000000003,1.953782854084707e-05
3.4140000000000033,1.9403550365018618e-05
3.416000000000003,1.9432835054632863e-05
3.418000000000003,1.9623389867311908e-05
3.420000000000003,1.9728035342374967e-05
3.4220000000000033,1.963084969881096e-05
3.424000000000003,1.951741496804965e-05
3.426000000000003,1.9597203708119487e-05
3.428000000000003,1.9792070666799916e-05
3.4300000000000033,1.9848399569578207e-05
3.432000000000003,1.9723511571183988e-05
3.434000000000003,1.964379658616483e-05
3.436000000000003,1.976936917638672e-05
3.4380000000000033,1.995282302570331e-05
3.440000000000003,1.9958279676483837e-05
3.442000000000003,1.9819572455982704e-05
3.444000000000003,1.9783476198319272e-05
3.4460000000000033,1.994579256449358e-05
3.448000000000003,2.010321694462247e-05
3.450000000000003,2.0059963189815455e-05
3.452000000000003,1.9922556120353235e-05
3.4540000000000033,1.993606941852466e-05
3.456000000000003,2.012257747993282e-05
3.458000000000003,2.0241870529364575e-05
3.460000000000003,2.0156521510737713e-05
3.4620000000000033,2.003544185332981e-05
3.464000000000003,2.0100038700465034e-05
3.466000000000003,2.0295852290814348e-05
3.468000000000003,2.0368562676596064e-05
3.4700000000000033,2.025153389058343e-05
3.4720000000000026,2.0160393232097895e-05
3.474000000000003,2.0272818845701313e-05
3.4760000000000026,2.0462150113725874e-05
3.4780000000000033,2.048423304722158e-05
3.4800000000000026,2.0348774440168138e-05
3.482000000000003,2.0298548862183324e-05
3.4840000000000027,2.0451050258427084e-05
3.4860000000000033,2.0618743290963526e-05
3.4880000000000027,2.0590877194175822e-05
3.490000000000003,2.0451884977790158e-05
3.4920000000000035,2.0449897229879443e-05
3.4940000000000033,2.063089987996633e-05
3.4960000000000035,2.0763896585031943e-05
3.498000000000003,2.0691353275190116e-05
3.5000000000000036,2.0564056399954844e-05
3.5020000000000033,2.0613253895428174e-05
3.5040000000000036,2.0808436369760402e-05
3.506000000000003,2.0897015856901485e-05
3.5080000000000036,2.0789121482268913e-05
3.5100000000000033,2.0687741565082046e-05
3.512000000000003,2.0786351486654087e-05
3.514000000000003,2.0980017178359733e-05
3.516000000000003,2.1018683419422868e-05
3.5180000000000033,2.0887939048801207e-05
3.520000000000003,2.082442308210322e-05
3.522000000000003,2.0966041248505346e-05
3.524000000000003,2.1142643106406706e-05
3.5260000000000034,2.1130584445402945e-05
3.528000000000003,2.099153383256988e-05
3.530000000000003,2.0974458856268946e-05
3.532000000000003,2.1148590609837425e-05
3.5340000000000034,2.1294241335310937e-05
3.536000000000003,2.123533867279606e-05
3.538000000000003,2.110327927701966e-05
3.540000000000003,2.113702534221537e-05
3.5420000000000034,2.1330047048653128e-05
3.544000000000003,2.1433849239946984e-05
3.546000000000003,2.1336257546779314e-05
3.548000000000003,2.1225893725485695e-05
3.5500000000000034,2.1310171926667426e-05
3.552000000000003,2.150662782567786e-05
3.554000000000003,2.1561685577597967e-05
3.556000000000003,2.143704947686273e-05
3.5580000000000034,2.1361187522165453e-05
3.560000000000003,2.1490989254104725e-05
3.562000000000003,2.1675090761220234e-05
3.564000000000003,2.1679109595065804e-05
3.5660000000000034,2.1541496373473495e-05
3.568000000000003,2.1509881234050426e-05
3.570000000000003,2.167588050344324e-05
3.572000000000003,2.1833044382274513e-05
3.5740000000000034,2.1788479705135005e-05
3.576000000000003,2.165312442871381e-05
3.578000000000003,2.1671516308295613e-05
3.580000000000003,2.186090996625714e-05
3.5820000000000034,2.1979165572002385e-05
3.584000000000003,2.1892930544695904e-05
3.586000000000003,2.1774892134271417e-05
3.588000000000003,2.1844474149740334e-05
3.5900000000000034,2.204219105308297e-05
3.592000000000003,2.211330666504474e-05
3.594000000000003,2.199609071101491e-05
3.596000000000003,2.1908918962445373e-05
3.5980000000000034,2.2026110179398234e-05
3.600000000000003,2.2216269230462826e-05
3.602000000000003,2.2236488396918525e-05
3.604000000000003,2.2101764446606775e-05
3.6060000000000034,2.2056278341398006e-05
3.608000000000003,2.2212996351876624e-05
3.610000000000003,2.2380456203528742e-05
3.612000000000003,2.2350787368591307e-05
3.6140000000000034,2.2213600428047653e-05
3.616000000000003,2.2216877284667036e-05
3.618000000000003,2.2401250797252775e-05
3.620000000000003,2.2533079675264578e-05
3.6220000000000034,2.2459135149990872e-05
3.624000000000003,2.2334770716340296e-05
3.626000000000003,2.2389440826494494e-05
3.6280000000000032,2.2586919824030965e-05
3.6300000000000034,2.2673626019140136e-05
3.6320000000000032,2.256505069599124e-05
3.634000000000003,2.2467683269373345e-05
3.6360000000000032,2.2571611221610527e-05
3.6380000000000035,2.276636883717653e-05
3.6400000000000032,2.2802767907843802e-05
3.642000000000003,2.2672329351960258e-05
3.6440000000000032,2.2613751807398774e-05
3.6460000000000035,2.276015969614187e-05
3.6480000000000032,2.2936637165443113e-05
3.650000000000003,2.292228219120951e-05
3.6520000000000032,2.2784711803995605e-05
3.6540000000000035,2.2773246158024757e-05
3.6560000000000032,2.2951293870906997e-05
3.658000000000003,2.309571779397085e-05
3.6600000000000033,2.3034873078382062e-05
3.6620000000000035,2.290555614421763e-05
3.6640000000000033,2.2945243022837875e-05
3.666000000000003,2.3141029664896368e-05
3.6680000000000033,2.3242734877467613e-05
3.6700000000000035,2.3143921395348682e-05
3.6720000000000033,2.303753643647863e-05
3.674000000000003,2.3127690147083102e-05
3.6760000000000033,2.332558596748746e-05
3.6780000000000035,2.3378006553147895e-05
3.6800000000000033,2.325318306220514e-05
3.682000000000003,2.3182391637722316e-05
3.6840000000000033,2.3317585757080123e-05
3.6860000000000035,2.350175646695027e-05
3.6880000000000033,2.3502994635375696e-05
3.690000000000003,2.3366460327158695e-05
3.6920000000000033,2.3340748534824568e-05
3.6940000000000035,2.3511260881983048e-05
3.6960000000000033,2.3667216840946026e-05
3.698000000000003,2.36201537896219e-05
3.7000000000000033,2.34872690842991e-05
3.7020000000000035,2.351204007853755e-05
3.7040000000000033,2.3704737303002765e-05
3.706000000000003,2.3820735965102147e-05
3.7080000000000033,2.3732699741898372e-05
3.7100000000000035,2.361852567527023e-05
3.7120000000000033,2.3694534734965828e-05
3.714000000000003,2.3894121776574934e-05
3.7160000000000033,2.396227406306628e-05
3.7180000000000035,2.3844319354947296e-05
3.7200000000000033,2.376227703703576e-05
3.7220000000000026,2.3885482510019318e-05
3.7240000000000033,2.4075991031123622e-05
3.7260000000000035,2.409296536969724e-05
3.7280000000000033,2.3958846241164955e-05
3.7300000000000026,2.391949820065159e-05
3.7320000000000033,2.4081369707655564e-05
3.7340000000000035,2.4247723558450812e-05
3.7360000000000033,2.4214995064449074e-05
3.7380000000000027,2.407992542868484e-05
3.7400000000000033,2.408997964538015e-05
3.7420000000000035,2.4278259362402188e-05
3.7440000000000033,2.440774297369358e-05
3.7460000000000035,2.4331388475091337e-05
3.7480000000000033,2.4210690537155438e-05
3.7500000000000036,2.4272322385311684e-05
3.7520000000000033,2.4472180903234442e-05
3.7540000000000036,2.4555651288133556e-05
3.7560000000000033,2.444573485172602e-05
3.7580000000000036,2.435347730851342e-05
3.7600000000000033,2.44640499087595e-05
3.762000000000003,2.465952436099539e-05
3.7640000000000033,2.469224541506998e-05
3.766000000000003,2.456186942887198e-05
3.7680000000000033,2.45095976976889e-05
3.770000000000003,2.4661833341054623e-05
3.7720000000000034,2.483739360809034e-05
3.774000000000003,2.4819423457691364e-05
3.7760000000000034,2.468353749792221e-05
3.778000000000003,2.4679197872023995e-05
3.7800000000000034,2.4861811133019412e-05
3.782000000000004,2.5003879944206914e-05
3.7840000000000034,2.4939996863707764e-05
3.786000000000003,2.48140640487296e-05
3.7880000000000034,2.4861219885638497e-05
3.790000000000004,2.5059970210308813e-05
3.7920000000000034,2.5158229902230017e-05
3.794000000000003,2.5057429958640076e-05
3.7960000000000034,2.4956052811758028e-05
3.7980000000000036,2.5053479260028072e-05
3.8000000000000034,2.525254537667429e-05
3.802000000000003,2.5300896170563775e-05
3.8040000000000034,2.5175530504399635e-05
3.8060000000000036,2.5111139002290117e-05
3.8080000000000034,2.5252858949952744e-05
3.810000000000003,2.54363906045732e-05
3.8120000000000034,2.5433474631013364e-05
3.8140000000000036,2.5298115201854987e-05
3.8160000000000034,2.5279819721779617e-05
3.818000000000003,2.545560542608835e-05
3.8200000000000034,2.5609280565289105e-05
3.8220000000000036,2.555854131387758e-05
3.8240000000000034,2.542867384419667e-05
3.826000000000003,2.5461383327849557e-05
3.8280000000000034,2.5657697566870696e-05
3.8300000000000036,2.577011200281809e-05
3.8320000000000034,2.5679409705256506e-05
3.834000000000003,2.557005596104389e-05
3.8360000000000034,2.5653952747742292e-05
3.8380000000000036,2.5855247249940982e-05
3.8400000000000034,2.5918989326207537e-05
3.842000000000003,2.5799831823901387e-05
3.8440000000000034,2.572420428520461e-05
3.8460000000000036,2.585464706613902e-05
3.8480000000000034,2.604488510840608e-05
3.850000000000003,2.605719356877853e-05
3.8520000000000034,2.5923667147615542e-05
3.8540000000000036,2.58919594082474e-05
3.8560000000000034,2.605985152715623e-05
3.858000000000003,2.622408740060242e-05
3.8600000000000034,2.618704586381318e-05
3.8620000000000037,2.6054543280650683e-05
3.8640000000000034,2.6072958165486437e-05
3.866000000000003,2.6265570686190287e-05
3.8680000000000034,2.639140961844741e-05
3.8700000000000037,2.6311684479959907e-05
3.8720000000000034,2.619553224685392e-05
3.874000000000003,2.626564310299548e-05
3.8760000000000034,2.646782625178451e-05
3.8780000000000037,2.6546606669886758e-05
3.8800000000000034,2.6434778409537008e-05
3.8820000000000032,2.6348866736896487e-05
3.8840000000000034,2.6467390908384292e-05
3.8860000000000037,2.6663053592217156e-05
3.8880000000000035,2.6690634682417086e-05
3.8900000000000032,2.6560201685354307e-05
3.8920000000000035,2.651572093292226e-05
3.8940000000000037,2.6674754255339578e-05
3.8960000000000035,2.6848451057617795e-05
3.8980000000000032,2.6825542567276983e-05
3.9000000000000035,2.669169252329448e-05
3.9020000000000037,2.669607939960114e-05
3.9040000000000035,2.688379603264096e-05
3.9060000000000032,2.702224413441215e-05
3.9080000000000035,2.6954270660850543e-05
3.9100000000000037,2.6832521265618414e-05
3.9120000000000035,2.6888713414198462e-05
3.9140000000000033,2.7090480627288416e-05
3.9160000000000035,2.71838397969508e-05
3.9180000000000037,2.7080378783045367e-05
3.9200000000000035,2.6985191441179085e-05
3.9220000000000033,2.7091275839823126e-05
3.9240000000000035,2.7291077395349278e-05
3.9260000000000037,2.733386180909722e-05
3.9280000000000035,2.7207727884517863e-05
3.9300000000000033,2.7151198709277763e-05
3.9320000000000035,2.7300513135101317e-05
3.9340000000000037,2.748252931131928e-05
3.9360000000000035,2.7474071769513497e-05
3.9380000000000033,2.7340139589594054e-05
3.9400000000000035,2.7330871880632684e-05
3.9420000000000037,2.751257780814198e-05
3.9440000000000035,2.766274564756227e-05
3.9460000000000033,2.760719114325988e-05
3.9480000000000035,2.7481057743156817e-05
3.9500000000000037,2.7523317069448605e-05
3.9520000000000035,2.772340951155694e-05
3.9540000000000033,2.7830789731203565e-05
3.9560000000000035,2.7736645705864205e-05
3.9580000000000037,2.7633236281549012e-05
3.9600000000000035,2.772647895777844e-05
3.9620000000000033,2.7929141680656244e-05
3.9640000000000035,2.7986948111152765e-05
3.9660000000000037,2.7866256434635334e-05
3.9680000000000035,2.7798478257241854e-05
3.9700000000000033,2.7937321685180677e-05
3.9720000000000035,2.812648619602079e-05
3.9740000000000038,2.8132682279514293e-05
3.9760000000000035,2.7999901342966316e-05
3.9780000000000033,2.7977450712583785e-05
3.9800000000000035,2.8152117027096385e-05
3.9820000000000038,2.831305226202313e-05
3.9840000000000035,2.827047576520192e-05
3.9860000000000033,2.8141172539557918e-05
3.9880000000000035,2.8169597822057246e-05
3.9900000000000038,2.836681189830048e-05
3.9920000000000035,2.8487566466894876e-05
3.9940000000000033,2.8403596825515853e-05
3.9960000000000035,2.829305286495068e-05
3.9980000000000038,2.8373168812531602e-05
4.0000000000000036,2.8577434406703434e-05
4.002000000000003,2.8649975883650314e-05
4.004000000000003,2.853580046625892e-05
4.006000000000004,2.8457636952819443e-05
4.008000000000004,2.8585366826244102e-05
4.010000000000003,2.8780491078069653e-05
4.012000000000003,2.880143144395539e-05
4.014000000000004,2.867099442827037e-05
4.016000000000004,2.8635921745720494e-05
4.018000000000003,2.8802610687099495e-05
4.020000000000003,2.8973309337033265e-05
4.022000000000004,2.894416163368857e-05
4.024000000000004,2.881289362414302e-05
4.026000000000003,2.882768996831722e-05
4.028000000000003,2.90208856720299e-05
4.030000000000004,2.915428844130208e-05
4.032000000000004,2.9081255227454e-05
4.034000000000003,2.89646874501448e-05
4.036000000000003,2.903150524898382e-05
4.038000000000004,2.9236145327727475e-05
4.040000000000004,2.9323036277759812e-05
4.042000000000003,2.921637628927956e-05
4.044000000000003,2.9128744818071595e-05
4.046000000000004,2.924482840739942e-05
4.048000000000004,2.944471772196866e-05
4.050000000000003,2.948038512826448e-05
4.052000000000003,2.9353436142836448e-05
4.054000000000004,2.9306382143517995e-05
4.056000000000004,2.9464251039987288e-05
4.058000000000003,2.9643668698758896e-05
4.060000000000003,2.9628293355260515e-05
4.062000000000004,2.949624701146375e-05
4.064000000000004,2.9497718626491504e-05
4.066000000000003,2.96858267123494e-05
4.068000000000003,2.983108194803963e-05
4.070000000000004,2.9769649894116623e-05
4.072000000000004,2.9648181867666934e-05
4.074000000000003,2.9701639364561327e-05
4.076000000000003,2.9905465032391276e-05
4.078000000000004,3.0006228948324665e-05
4.080000000000004,2.990800404661237e-05
4.082000000000003,2.9811865337528443e-05
4.084000000000003,2.9915878849477717e-05
4.086000000000004,3.011934336186184e-05
4.088000000000004,3.0169617611361388e-05
4.090000000000003,3.004724523819613e-05
4.092000000000003,2.9988921010033753e-05
4.094000000000004,3.013722496690574e-05
4.096000000000004,3.0324287827558638e-05
4.098000000000003,3.0322923175202243e-05
4.100000000000003,3.019125764991415e-05
4.102000000000004,3.0179800104522536e-05
4.104000000000004,3.0361828077953013e-05
4.106000000000003,3.0518080501348854e-05
4.108000000000003,3.0468816072742877e-05
4.110000000000004,3.0343574420908792e-05
4.112000000000004,3.038371357438202e-05
4.114000000000003,3.058558403161438e-05
4.116000000000003,3.069966163395804e-05
4.118000000000004,3.06107082830992e-05
4.120000000000004,3.0507056288209267e-05
4.122000000000003,3.059868290134632e-05
4.124000000000003,3.080454778967706e-05
4.126000000000004,3.086921140070531e-05
4.128000000000004,3.075244264927335e-05
4.1300000000000034,3.068362006414249e-05
4.132000000000003,3.08217134580846e-05
4.134000000000004,3.101532903146409e-05
4.136000000000004,3.102811103006253e-05
4.1380000000000035,3.08979502566184e-05
4.140000000000003,3.0874042344399e-05
4.142000000000004,3.1049079275792535e-05
4.144000000000004,3.121542416133216e-05
4.1460000000000035,3.1178795555107663e-05
4.148000000000003,3.105090075886108e-05
4.150000000000004,3.107786177459354e-05
4.152000000000004,3.127669190394755e-05
4.1540000000000035,3.14034496787588e-05
4.156000000000003,3.132451842979833e-05
4.158000000000004,3.121437057117954e-05
4.160000000000004,3.129339750396892e-05
4.1620000000000035,3.1500512469979924e-05
4.164000000000003,3.157925697479247e-05
4.166000000000004,3.1469052148430654e-05
4.168000000000004,3.1390554347698885e-05
4.1700000000000035,3.151789119711784e-05
4.172000000000003,3.171695861712426e-05
4.174000000000004,3.1743924519316014e-05
4.176000000000004,3.1616350093396917e-05
4.1780000000000035,3.158054543068306e-05
4.180000000000003,3.174776561912229e-05
4.182000000000004,3.1923258830564294e-05
4.184000000000004,3.189963687257741e-05
4.1860000000000035,3.1770194712003874e-05
4.188000000000003,3.178420959346756e-05
4.190000000000004,3.197897650576709e-05
4.192000000000004,3.2117715504292876e-05
4.1940000000000035,3.20494692050699e-05
4.196000000000003,3.193385703444823e-05
4.198000000000004,3.200017175580827e-05
4.200000000000004,3.22074196913158e-05
4.2020000000000035,3.229985246092082e-05
4.204000000000003,3.2197100923614386e-05
4.206000000000004,3.210979295541205e-05
4.208000000000004,3.2225926247457515e-05
4.2100000000000035,3.242934606770276e-05
4.212000000000004,3.2470438801779355e-05
4.214000000000004,3.234648367973769e-05
4.216000000000004,3.2299402150867684e-05
4.2180000000000035,3.245806767700893e-05
4.220000000000003,3.264173553169103e-05
4.222000000000004,3.263139541067467e-05
4.224000000000004,3.250148908492262e-05
4.2260000000000035,3.250287471973784e-05
4.228000000000004,3.2692623252297826e-05
4.230000000000004,3.2842588041002985e-05
4.232000000000004,3.2785600934968906e-05
4.2340000000000035,3.266556127722031e-05
4.236000000000003,3.271914697176859e-05
4.238000000000004,3.292545176180467e-05
4.240000000000004,3.303110325549724e-05
4.2420000000000035,3.293662008027609e-05
4.244000000000004,3.284139977538514e-05
4.246000000000004,3.294597983771047e-05
4.248000000000004,3.3152663237792646e-05
4.2500000000000036,3.320773642313812e-05
4.252000000000003,3.3088379440250615e-05
4.254000000000004,3.3030698595899743e-05
4.256000000000004,3.318016081566705e-05
4.258000000000004,3.337100967563261e-05
4.260000000000004,3.3374133447929e-05
4.262000000000004,3.324481639983834e-05
4.264000000000004,3.323396729724287e-05
4.266000000000004,3.341781447366993e-05
4.268000000000003,3.3578202128042856e-05
4.270000000000004,3.3532959795301576e-05
4.272000000000004,3.340952642781614e-05
4.274000000000004,3.3450456827406605e-05
4.276000000000004,3.365479025663892e-05
4.278000000000004,3.377312159520002e-05
4.280000000000004,3.368764506789246e-05
4.282000000000004,3.358543422982141e-05
4.284000000000003,3.3678206240693453e-05
4.286000000000004,3.388708357349168e-05
4.288000000000004,3.395590708136359e-05
4.290000000000004,3.384206828467573e-05
4.292000000000004,3.377451478946136e-05
4.294000000000004,3.391421483101009e-05
4.296000000000004,3.4111240329474934e-05
4.298000000000004,3.412792012404825e-05
4.300000000000003,3.400020958688882e-05
4.302000000000004,3.3977590375058875e-05
4.304000000000004,3.415472884926718e-05
4.306000000000004,3.432469788997028e-05
4.308000000000003,3.429159797933151e-05
4.310000000000004,3.416579388791641e-05
4.312000000000004,3.419422757950513e-05
4.314000000000004,3.439561532302127e-05
4.316000000000003,3.45260260866051e-05
4.318000000000004,3.445021603258602e-05
4.320000000000004,3.4341952006793075e-05
4.322000000000004,3.442275274074397e-05
4.324000000000003,3.4632781365714904e-05
4.326000000000004,3.471504733650044e-05
4.328000000000004,3.4607584120008306e-05
4.330000000000004,3.4530925335535256e-05
4.332000000000003,3.4660393670310485e-05
4.334000000000004,3.486258949274984e-05
4.336000000000004,3.489283134293364e-05
4.338000000000004,3.476770261764961e-05
4.340000000000005,3.4733840402402516e-05
4.342000000000004,3.490354092166442e-05
4.344000000000004,3.508222009909051e-05
4.346000000000004,3.506157379483399e-05
4.348000000000003,3.493440403747744e-05
4.350000000000004,3.495057835362081e-05
4.352000000000004,3.514810504730986e-05
4.354000000000004,3.528994120211015e-05
4.356000000000005,3.522437809821283e-05
4.358000000000004,3.511100577494042e-05
4.360000000000004,3.517975968223008e-05
4.362000000000004,3.5389931043253164e-05
4.364000000000003,3.548526027196547e-05
4.366000000000004,3.5384964294671306e-05
4.368000000000004,3.530000007445633e-05
4.370000000000004,3.541885523954125e-05
4.372000000000004,3.562522138970958e-05
4.374000000000004,3.5668949616381174e-05
4.376000000000004,3.554733108022956e-05
4.378000000000004,3.550280775822118e-05
4.3800000000000034,3.5664420690653675e-05
4.382000000000004,3.5850917531402016e-05
4.384000000000004,3.584295169489077e-05
4.386000000000004,3.5715396895584506e-05
4.388000000000004,3.571962148913449e-05
4.390000000000004,3.591243488806212e-05
4.392000000000004,3.60649967502541e-05
4.394000000000004,3.6010181578657874e-05
4.3960000000000035,3.589264587398888e-05
4.398000000000004,3.594936059213294e-05
4.400000000000004,3.615870651196146e-05
4.402000000000004,3.626665511419214e-05
4.404000000000004,3.6174249975789996e-05
4.406000000000004,3.608180473854694e-05
4.408000000000004,3.61897512924092e-05
4.410000000000004,3.639930178497147e-05
4.4120000000000035,3.645636385417317e-05
4.414000000000004,3.633913269402572e-05
4.416000000000004,3.6284577305305266e-05
4.418000000000004,3.643753328654714e-05
4.420000000000004,3.66309423238953e-05
4.422000000000004,3.6635802247400595e-05
4.424000000000004,3.650881273360024e-05
4.426000000000004,3.650146293240897e-05
4.4280000000000035,3.668877717703106e-05
4.430000000000004,3.6851327327391825e-05
4.432000000000004,3.68076821244262e-05
4.434000000000004,3.668692097504728e-05
4.436000000000004,3.673168236878466e-05
4.438000000000004,3.693928054404605e-05
4.440000000000004,3.70593468176153e-05
4.442000000000004,3.697548646114379e-05
4.4440000000000035,3.687640159938388e-05
4.446000000000004,3.697322739540376e-05
4.448000000000004,3.718499732911773e-05
4.450000000000004,3.725516910689508e-05
4.452000000000004,3.7143147764172324e-05
4.454000000000004,3.707922896030447e-05
4.456000000000004,3.722303872044641e-05
4.458000000000004,3.742244934029637e-05
4.4600000000000035,3.744020204808629e-05
4.462000000000004,3.7314692637811786e-05
4.464000000000004,3.729620266888778e-05
4.466000000000004,3.747730068934252e-05
4.468000000000004,3.7649071758592834e-05
4.470000000000004,3.761694080790107e-05
4.472000000000004,3.7493878705774364e-05
4.474000000000004,3.752684552881663e-05
4.4760000000000035,3.773182422207172e-05
4.478000000000004,3.786345562179633e-05
4.480000000000004,3.778872342818235e-05
4.482000000000004,3.768385009962627e-05
4.484000000000004,3.77694229637196e-05
4.486000000000004,3.79824749393437e-05
4.488000000000004,3.806546626746593e-05
4.490000000000004,3.795941957593363e-05
4.4920000000000035,3.7886838270703715e-05
4.494000000000004,3.802109170886886e-05
4.496000000000004,3.822559555211741e-05
4.498000000000004,3.825623358227892e-05
4.500000000000004,3.8133079020105654e-05
4.502000000000004,3.810393518512145e-05
4.504000000000004,3.8278170282950164e-05
4.506000000000004,3.845837253405038e-05
4.508000000000004,3.843802415044034e-05
4.510000000000004,3.831356623647947e-05
4.512000000000004,3.8334964503970725e-05
4.514000000000004,3.8536506439819374e-05
4.5160000000000045,3.867910658735679e-05
4.518000000000004,3.861401512219448e-05
4.520000000000004,3.850420746334682e-05
4.522000000000004,3.8578471360781186e-05
4.524000000000004,3.8791901220538993e-05
4.526000000000004,3.888736173757179e-05
4.528000000000004,3.878799473007455e-05
4.530000000000004,3.870747699134813e-05
4.5320000000000045,3.8831841568783e-05
4.534000000000004,3.904053944058655e-05
4.536000000000004,3.908398504084282e-05
4.538000000000004,3.896401607526856e-05
4.540000000000004,3.892474995245698e-05
4.542000000000004,3.909154660648728e-05
4.544000000000004,3.9279375247947e-05
4.546000000000004,3.9271004096536055e-05
4.5480000000000045,3.914603082383339e-05
4.550000000000003,3.9156147979828304e-05
4.552000000000004,3.935349346207567e-05
4.554000000000004,3.950642911727115e-05
4.556000000000004,3.945142048763367e-05
4.558000000000003,3.9337529279780126e-05
4.560000000000004,3.940050005569323e-05
4.562000000000004,3.9613441930173854e-05
4.5640000000000045,3.972096706492817e-05
4.566000000000003,3.962892342047192e-05
4.568000000000004,3.95412136536058e-05
4.570000000000004,3.965543217844536e-05
4.572000000000004,3.9867440425098155e-05
4.574000000000003,3.992355009556359e-05
4.576000000000004,3.9807550185198826e-05
4.578000000000004,3.975873192422347e-05
4.5800000000000045,3.991758587347516e-05
4.582000000000005,4.011222804563286e-05
4.584000000000004,4.0115957938832714e-05
4.586000000000004,3.999132031007324e-05
4.588000000000004,3.99904992683664e-05
4.590000000000005,4.018294854406246e-05
4.592000000000004,4.034555646945798e-05
4.594000000000004,4.030100324505653e-05
4.5960000000000045,4.018387005595009e-05
4.598000000000005,4.0235630830637303e-05
4.600000000000004,4.044726149031452e-05
4.602000000000004,4.056639855736649e-05
4.604000000000004,4.048225965661706e-05
4.606000000000005,4.038811412104132e-05
4.608000000000004,4.049200199927189e-05
4.610000000000004,4.0706458322492534e-05
4.6120000000000045,4.077502763942531e-05
4.614000000000005,4.06637302700838e-05
4.616000000000004,4.0605962039585997e-05
4.618000000000004,4.075643970063991e-05
4.620000000000004,4.09570810844459e-05
4.622000000000004,4.097296819919466e-05
4.624000000000004,4.0849483576542445e-05
4.626000000000004,4.083811670684695e-05
4.6280000000000046,4.1025031610339435e-05
4.630000000000004,4.119662526681778e-05
4.632000000000004,4.1162831918239995e-05
4.634000000000004,4.10432837350469e-05
4.636000000000004,4.108398003203895e-05
4.638000000000004,4.129352254876595e-05
4.640000000000004,4.142377687960802e-05
4.642000000000004,4.1348061433001126e-05
4.644000000000005,4.1248242126402934e-05
4.646000000000004,4.134168415305395e-05
4.648000000000004,4.155775284138408e-05
4.650000000000004,4.16385214972656e-05
4.652000000000004,4.1532608087625766e-05
4.654000000000004,4.146651772686527e-05
4.656000000000004,4.1608255006604644e-05
4.658000000000004,4.181408601338504e-05
4.660000000000005,4.1842122470193976e-05
4.662000000000004,4.172057095019194e-05
4.664000000000004,4.169909407576722e-05
4.666000000000004,4.1879898992527864e-05
4.668000000000004,4.2059775009782585e-05
4.670000000000004,4.203697981472465e-05
4.672000000000004,4.1915824177791994e-05
4.674000000000004,4.194565885800444e-05
4.676000000000005,4.215238559075046e-05
4.678000000000004,4.2293226637943326e-05
4.680000000000004,4.2226390848373874e-05
4.682000000000004,4.2121659785343546e-05
4.684000000000004,4.220460654877356e-05
4.686000000000004,4.242148311426469e-05
4.688000000000004,4.2514140111679644e-05
4.690000000000004,4.2414238481856825e-05
4.692000000000005,4.2340473400896694e-05
4.694000000000004,4.2473173967660927e-05
4.696000000000004,4.268339547582045e-05
4.698000000000004,4.2723513221994136e-05
4.700000000000004,4.260463456349367e-05
4.702000000000004,4.257352102882833e-05
4.704000000000004,4.2747703224065015e-05
4.706000000000004,4.293514759683148e-05
4.708000000000005,4.292352496420432e-05
4.710000000000004,4.280154560483418e-05
4.712000000000004,4.282077367565723e-05
4.714000000000004,4.302400860176775e-05
4.716000000000004,4.3174875958333636e-05
4.718000000000004,4.311731417810244e-05
4.720000000000004,4.300842808340616e-05
4.722000000000004,4.308089205336263e-05
4.724000000000005,4.329780727007487e-05
4.726000000000004,4.340199620968266e-05
4.728000000000004,4.3308679583665965e-05
4.730000000000004,4.3227900948974995e-05
4.732000000000004,4.335133402558894e-05
4.734000000000004,4.3565162639050414e-05
4.736000000000004,4.361723757918129e-05
4.738000000000004,4.350172866806473e-05
4.740000000000005,4.346148352919049e-05
4.742000000000004,4.362859288961629e-05
4.744000000000004,4.382288685704505e-05
4.746000000000004,4.38225500187725e-05
4.748000000000004,4.370050299907363e-05
4.750000000000004,4.370942636142128e-05
4.752000000000004,4.390854678134465e-05
4.754000000000004,4.4068856062590145e-05
4.756000000000005,4.402090190277347e-05
4.7580000000000044,4.390860733317209e-05
4.760000000000004,4.39706587000363e-05
4.762000000000004,4.4186882048942444e-05
4.764000000000004,4.430220645484928e-05
4.7660000000000045,4.421599296466905e-05
4.768000000000004,4.4128870200790815e-05
4.770000000000004,4.424286794366822e-05
4.772000000000005,4.4459540753716276e-05
4.7740000000000045,4.452339707240738e-05
4.776000000000004,4.441190990271682e-05
4.778000000000004,4.436306428584613e-05
4.780000000000004,4.452271252666784e-05
4.7820000000000045,4.472313809926465e-05
4.784000000000004,4.473414211914051e-05
4.786000000000004,4.4612752467226846e-05
4.788000000000005,4.4611714658422674e-05
4.7900000000000045,4.480615230695317e-05
4.792000000000004,4.497530084745377e-05
4.794000000000004,4.493722869666067e-05
4.796000000000004,4.482225759928904e-05
4.7980000000000045,4.487401992864931e-05
4.800000000000003,4.50888624599563e-05
4.802000000000004,4.5214891089606635e-05
4.804000000000005,4.5136243747745386e-05
4.8060000000000045,4.5043449378688594e-05
4.808000000000003,4.514790390541812e-05
4.810000000000004,4.536668274607303e-05
4.812000000000004,4.544209736908472e-05
4.8140000000000045,4.5335237517589444e-05
4.816000000000003,4.5278343185226055e-05
4.818000000000004,4.543020257571223e-05
4.820000000000005,4.5636047680999714e-05
4.8220000000000045,4.5658392731164066e-05
4.824000000000003,4.553835156074354e-05
4.826000000000004,4.552773254509063e-05
4.828000000000004,4.571697414668119e-05
4.8300000000000045,4.5894346470579106e-05
4.832000000000005,4.586637337945787e-05
4.834000000000004,4.574943908980389e-05
4.836000000000005,4.579108485216338e-05
4.8380000000000045,4.600390148264133e-05
4.840000000000005,4.61401735721359e-05
4.842000000000004,4.606950067646137e-05
4.844000000000004,4.5971705524915085e-05
4.8460000000000045,4.60665656513079e-05
4.848000000000005,4.6286740844281304e-05
4.850000000000004,4.6373447987795025e-05
4.852000000000005,4.627177355594203e-05
4.8540000000000045,4.620739771348664e-05
4.856000000000005,4.6351199375530006e-05
4.858000000000004,4.656176260053185e-05
4.860000000000004,4.659539745650171e-05
4.8620000000000045,4.647735955604082e-05
4.864000000000005,4.6457570609538534e-05
4.866000000000004,4.664115791867818e-05
4.868000000000005,4.6826130947121014e-05
4.8700000000000045,4.680841883513559e-05
4.872000000000004,4.669021251289818e-05
4.874000000000004,4.672195854373007e-05
4.876000000000004,4.693214981162097e-05
4.8780000000000046,4.707818021199711e-05
4.880000000000004,4.7015836146510614e-05
4.882000000000004,4.6913704903388254e-05
4.884000000000005,4.699897264852371e-05
4.886000000000005,4.7219866240857944e-05
4.888000000000004,4.7317562000472047e-05
4.890000000000004,4.722158299558937e-05
4.892000000000004,4.7150303365682544e-05
4.894000000000005,4.72858351997299e-05
4.896000000000004,4.7500430114609526e-05
4.898000000000004,4.754525582171404e-05
4.900000000000005,4.7429837695601995e-05
4.902000000000005,4.740131642491652e-05
4.904000000000004,4.7578845795079316e-05
4.906000000000004,4.7770793760747166e-05
4.908000000000004,4.776345190134895e-05
4.910000000000005,4.76446393980548e-05
4.912000000000004,4.7666742338983714e-05
4.914000000000004,4.7873755644231575e-05
4.916000000000005,4.802903980833523e-05
4.918000000000005,4.79753262022653e-05
4.920000000000004,4.78695133740506e-05
4.922000000000004,4.794524028849112e-05
4.924000000000004,4.816620879169453e-05
4.926000000000005,4.827455572618822e-05
4.928000000000004,4.818473385236055e-05
4.930000000000004,4.810713403828604e-05
4.932000000000005,4.823423833025253e-05
4.934000000000005,4.8452197383495876e-05
4.936000000000004,4.850807104968963e-05
4.938000000000004,4.839584939055758e-05
4.940000000000004,4.835905492139858e-05
4.942000000000005,4.853017644752128e-05
4.944000000000004,4.872847549135251e-05
4.946000000000004,4.8731563233206376e-05
4.948000000000005,4.861278238227351e-05
4.950000000000005,4.862553414882592e-05
4.952000000000004,4.882886450917334e-05
4.954000000000004,4.89928832941508e-05
4.956000000000004,4.894805050158907e-05
4.958000000000005,4.883919673818321e-05
4.960000000000004,4.890548010755974e-05
4.962000000000004,4.912591675185901e-05
4.964000000000005,4.924454842072934e-05
4.966000000000005,4.916129724784335e-05
4.968000000000004,4.9077962402513386e-05
4.970000000000004,4.919653316386163e-05
4.972000000000004,4.941721114572195e-05
4.974000000000005,4.9483949816638007e-05
4.976000000000004,4.937546038644852e-05
4.978000000000004,4.933086875081455e-05
4.980000000000005,4.949528503148809e-05
4.982000000000005,4.96993174625357e-05
4.984000000000004,4.971284714479218e-05
4.986000000000004,4.959470546107153e-05
4.988000000000004,4.959842877799714e-05
4.990000000000005,4.979761913543462e-05
4.992000000000004,4.9969843389785495e-05
4.994000000000004,4.993409225184653e-05
4.996000000000005,4.982282105403524e-05
4.998000000000005,4.9879800026152166e-05
5.000000000000004,5.009913654836079e-05
5.002000000000004,5.022766196478845e-05
5.004000000000004,5.015134744416894e-05
5.006000000000005,5.006286025602269e-05
5.0080000000000044,5.017284034738306e-05
5.010000000000004,5.039561742269799e-05
5.012000000000005,5.047300199910454e-05
5.014000000000005,5.0368738893982745e-05
5.0160000000000045,5.0316838640790396e-05
5.018000000000004,5.047430320583024e-05
5.020000000000004,5.068346141075264e-05
5.022000000000005,5.0707401431926424e-05
5.0240000000000045,5.059047420535173e-05
5.026000000000004,5.058551824550089e-05
5.028000000000005,5.078015935881114e-05
5.030000000000005,5.096005426821759e-05
5.0320000000000045,5.0933538120620514e-05
5.034000000000004,5.082045292206794e-05
5.036000000000004,5.086830460171443e-05
5.038000000000005,5.1086012588873186e-05
5.0400000000000045,5.122402055465769e-05
5.042000000000004,5.115496184838336e-05
5.044000000000005,5.10618988514705e-05
5.046000000000005,5.11632769373202e-05
5.0480000000000045,5.1387561254528924e-05
5.050000000000003,5.147534041348434e-05
5.052000000000004,5.137575568682495e-05
5.054000000000005,5.131704373514956e-05
5.0560000000000045,5.146735918450107e-05
5.058000000000003,5.168104917767369e-05
5.060000000000005,5.1715327179714665e-05
5.062000000000005,5.1600155945089043e-05
5.0640000000000045,5.1586892102717385e-05
5.066000000000003,5.1776622063973154e-05
5.068000000000004,5.196365123489449e-05
5.070000000000005,5.194647812405834e-05
5.0720000000000045,5.18321597400076e-05
5.074000000000003,5.18710952916307e-05
5.076000000000005,5.2086687105767915e-05
5.078000000000005,5.223375039764555e-05
5.0800000000000045,5.217222098913982e-05
5.082000000000005,5.207514920060885e-05
5.084000000000004,5.216795658005702e-05
5.086000000000005,5.239318646681895e-05
5.0880000000000045,5.2491080551837765e-05
5.090000000000005,5.2396584168140636e-05
5.092000000000005,5.2331561918674e-05
5.094000000000005,5.247457781662468e-05
5.0960000000000045,5.269222242721555e-05
5.098000000000005,5.2736728557753465e-05
5.100000000000004,5.262381992115345e-05
5.102000000000005,5.260263774629903e-05
5.1040000000000045,5.278714115981159e-05
5.106000000000005,5.298077042398264e-05
5.108000000000005,5.297300549578915e-05
5.110000000000005,5.2858009927540806e-05
5.1120000000000045,5.288827072193886e-05
5.114000000000005,5.3101300033643606e-05
5.116000000000004,5.32569794154808e-05
5.118000000000005,5.3203208468480256e-05
5.1200000000000045,5.3102682352833275e-05
5.122000000000004,5.318698970844388e-05
5.124000000000005,5.3412635468645664e-05
5.126000000000005,5.352034031654712e-05
5.1280000000000046,5.3431300408697535e-05
5.130000000000004,5.3360470123789416e-05
5.132000000000004,5.349608069180056e-05
5.134000000000005,5.371712238802506e-05
5.136000000000005,5.377171260621816e-05
5.138000000000004,5.36615374067545e-05
5.140000000000005,5.363284072285035e-05
5.142000000000005,5.38118475849822e-05
5.144000000000005,5.4011548512797325e-05
5.146000000000004,5.4013216539833264e-05
5.148000000000004,5.389807312194961e-05
5.150000000000005,5.3919926958440056e-05
5.152000000000005,5.412998891939774e-05
5.154000000000004,5.4293836957472474e-05
5.156000000000005,5.42480108914542e-05
5.158000000000005,5.414456964829978e-05
5.160000000000005,5.42204837514354e-05
5.162000000000004,5.4446049080850156e-05
5.164000000000004,5.456323975663174e-05
5.166000000000005,5.447998315826624e-05
5.168000000000005,5.440384461790487e-05
5.170000000000004,5.453198626675926e-05
5.172000000000005,5.4755889621956044e-05
5.174000000000005,5.482038901565012e-05
5.176000000000005,5.47133817999923e-05
5.178000000000004,5.467758502278319e-05
5.180000000000004,5.4850869341052655e-05
5.182000000000005,5.5056122455612866e-05
5.184000000000005,5.5067210469647576e-05
5.186000000000004,5.495242034478376e-05
5.188000000000005,5.49661577771976e-05
5.190000000000005,5.5172888862149716e-05
5.192000000000005,5.5344453525674187e-05
5.194000000000004,5.5306717776232306e-05
5.196000000000004,5.520088294487524e-05
5.198000000000005,5.526854335267256e-05
5.200000000000005,5.549356639403952e-05
5.202000000000004,5.561990080808765e-05
5.204000000000005,5.55427138330955e-05
5.206000000000005,5.546176127046304e-05
5.208000000000005,5.5582410010343586e-05
5.210000000000004,5.580866381866417e-05
5.212000000000004,5.588286990309416e-05
5.214000000000005,5.5779428689908817e-05
5.216000000000005,5.573695336135581e-05
5.218000000000004,5.590433155051866e-05
5.220000000000005,5.611462923825472e-05
5.222000000000005,5.613508923678345e-05
5.224000000000005,5.6021124141228396e-05
5.226000000000004,5.6027054931226394e-05
5.228000000000004,5.6230132481759065e-05
5.230000000000005,5.6408960513808226e-05
5.232000000000005,5.637942144724739e-05
5.234000000000004,5.627169481961514e-05
5.236000000000005,5.63312705954902e-05
5.238000000000005,5.655532465517754e-05
5.240000000000005,5.669044704044446e-05
5.242000000000004,5.661957648152999e-05
5.244000000000004,5.65342957985146e-05
5.246000000000005,5.664746456324199e-05
5.248000000000005,5.6875583616188e-05
5.250000000000004,5.695926958702163e-05
5.252000000000005,5.685975589708736e-05
5.254000000000005,5.6811027445237416e-05
5.256000000000005,5.697235653641386e-05
5.2580000000000044,5.7187205653619344e-05
5.260000000000004,5.7216957351099995e-05
5.262000000000005,5.7104258693235765e-05
5.264000000000005,5.710270841124271e-05
5.2660000000000045,5.7301849913177216e-05
5.268000000000005,5.748748996097647e-05
5.270000000000005,5.746621691403442e-05
5.272000000000005,5.735707874501145e-05
5.2740000000000045,5.740876523067928e-05
5.276000000000004,5.763145918123713e-05
5.278000000000005,5.777500341149627e-05
5.280000000000005,5.771065773025469e-05
5.2820000000000045,5.7621523990782075e-05
5.284000000000005,5.7727259909740036e-05
5.286000000000005,5.795678644714142e-05
5.288000000000005,5.804970436319723e-05
5.2900000000000045,5.7954443491645136e-05
5.292000000000004,5.7899888223210405e-05
5.294000000000005,5.8055063920960104e-05
5.296000000000005,5.827398809921808e-05
5.2980000000000045,5.831292169534291e-05
5.300000000000005,5.82018999077602e-05
5.302000000000005,5.8193206698135824e-05
5.304000000000005,5.838816882439146e-05
5.3060000000000045,5.85801743218789e-05
5.308000000000003,5.85672017381772e-05
5.310000000000005,5.845710924077402e-05
5.312000000000005,5.850112490478343e-05
5.3140000000000045,5.8722103298790296e-05
5.316000000000005,5.8873696031656875e-05
5.318000000000005,5.881604671331697e-05
5.320000000000005,5.872352190976898e-05
5.3220000000000045,5.882190355806921e-05
5.324000000000003,5.9052408409872303e-05
5.326000000000005,5.915429228366825e-05
5.328000000000005,5.90635737898193e-05
5.3300000000000045,5.9003616119997215e-05
5.332000000000005,5.9152570740572674e-05
5.334000000000005,5.937511239624549e-05
5.336000000000005,5.942309133603885e-05
5.3380000000000045,5.931412548175474e-05
5.340000000000005,5.929863700530197e-05
5.342000000000005,5.9489214456191764e-05
5.344000000000005,5.9687146253692425e-05
5.3460000000000045,5.968247589049208e-05
5.348000000000005,5.957186200209602e-05
5.350000000000005,5.960844538638321e-05
5.352000000000005,5.9827388307252816e-05
5.3540000000000045,5.9986651939542e-05
5.356000000000005,5.9935834986375724e-05
5.358000000000005,5.9840366072393125e-05
5.360000000000005,5.9931500727146425e-05
5.3620000000000045,6.016258416340764e-05
5.364000000000005,6.0273152940520935e-05
5.366000000000005,6.0187231331824964e-05
5.368000000000005,6.012229125256646e-05
5.3700000000000045,6.026499157406329e-05
5.372000000000004,6.049071363040809e-05
5.374000000000005,6.054757733302968e-05
5.376000000000005,6.044101494546289e-05
5.3780000000000046,6.0419085509799686e-05
5.380000000000004,6.060510968037419e-05
5.382000000000005,6.080853842078959e-05
5.384000000000005,6.0812141600738445e-05
5.386000000000005,6.070141400530554e-05
5.388000000000004,6.073082078820319e-05
5.390000000000005,6.094744346472197e-05
5.392000000000005,6.111399888979879e-05
5.394000000000005,6.107011642814131e-05
5.396000000000004,6.097213360924808e-05
5.398000000000005,6.105615453681768e-05
5.400000000000005,6.128744684560233e-05
5.402000000000005,6.140640725596502e-05
5.404000000000004,6.132550284251165e-05
5.406000000000005,6.125599362852285e-05
5.408000000000005,6.139243868179267e-05
5.410000000000005,6.162092601404157e-05
5.412000000000006,6.168649254915254e-05
5.414000000000005,6.158264968580962e-05
5.416000000000005,6.155463757043234e-05
5.418000000000005,6.173597507509038e-05
5.420000000000004,6.194448331702657e-05
5.422000000000005,6.195630320209727e-05
5.424000000000005,6.184584359220785e-05
5.426000000000005,6.186834378320988e-05
5.428000000000006,6.208239599388155e-05
5.430000000000005,6.225586515409831e-05
5.432000000000005,6.221898713093532e-05
5.434000000000005,6.211890240296475e-05
5.436000000000004,6.219596619957968e-05
5.438000000000005,6.24271280127292e-05
5.440000000000005,6.2554177280294e-05
5.442000000000005,6.247847717694155e-05
5.444000000000005,6.240480332624088e-05
5.446000000000005,6.253502215348289e-05
5.448000000000005,6.276588276919737e-05
5.450000000000005,6.283995146220273e-05
5.452000000000004,6.27391129512378e-05
5.454000000000005,6.270537793254954e-05
5.456000000000005,6.288192901431067e-05
5.458000000000005,6.309511310641919e-05
5.460000000000005,6.311506697170843e-05
5.462000000000005,6.300523053456158e-05
5.464000000000005,6.302110581321574e-05
5.466000000000005,6.323237110648916e-05
5.468000000000004,6.341237933604749e-05
5.470000000000005,6.338254528285431e-05
5.472000000000005,6.328075120693583e-05
5.474000000000005,6.335103521159374e-05
5.476000000000005,6.358175759952484e-05
5.478000000000005,6.371658599856056e-05
5.480000000000005,6.364624525276308e-05
5.482000000000005,6.356880065712389e-05
5.484000000000004,6.369285006196934e-05
5.486000000000005,6.392571603040104e-05
5.488000000000005,6.400806998006076e-05
5.490000000000005,6.391048984021042e-05
5.492000000000005,6.387139091850597e-05
5.494000000000005,6.404308776946505e-05
5.496000000000005,6.426055948136056e-05
5.498000000000005,6.428854096967446e-05
5.500000000000004,6.417965607947301e-05
5.502000000000005,6.418919728877481e-05
5.504000000000005,6.43974920443019e-05
5.506000000000005,6.458367020035355e-05
5.508000000000005,6.456089104264068e-05
5.510000000000005,6.445775974445872e-05
5.512000000000005,6.452145954129879e-05
5.514000000000005,6.475146389803288e-05
5.5160000000000045,6.489375714720247e-05
5.518000000000005,6.482889997123237e-05
5.520000000000005,6.474806630998864e-05
5.522000000000005,6.486602862118551e-05
5.524000000000005,6.51005567669366e-05
5.526000000000005,6.519096526106521e-05
5.528000000000005,6.509686727452363e-05
5.530000000000005,6.505276060356224e-05
5.5320000000000045,6.521956562124259e-05
5.534000000000005,6.544095353875484e-05
5.536000000000005,6.547683487751615e-05
5.538000000000005,6.536920297788018e-05
5.540000000000005,6.537270777904475e-05
5.542000000000005,6.557788013460131e-05
5.544000000000005,6.576986651665728e-05
5.546000000000005,6.575412640953682e-05
5.5480000000000045,6.565000879001082e-05
5.550000000000005,6.570733581394428e-05
5.552000000000005,6.593637355387094e-05
5.554000000000005,6.608581504116695e-05
5.556000000000005,6.602653612852727e-05
5.558000000000005,6.59426814781025e-05
5.560000000000005,6.605466234640284e-05
5.562000000000005,6.62905347231027e-05
5.5640000000000045,6.638875553992285e-05
5.566000000000005,6.629833395943585e-05
5.568000000000005,6.624957097702e-05
5.570000000000005,6.64114749791625e-05
5.572000000000005,6.663642567300565e-05
5.574000000000005,6.66800598379258e-05
5.576000000000005,6.657395549699435e-05
5.578000000000005,6.657172619110863e-05
5.5800000000000045,6.677365485845133e-05
5.582000000000005,6.697109691798653e-05
5.584000000000005,6.696235508953097e-05
5.586000000000005,6.685758023328159e-05
5.588000000000005,6.690875949093289e-05
5.590000000000005,6.713661157822792e-05
5.592000000000005,6.729288441214426e-05
5.594000000000005,6.723925031913713e-05
5.5960000000000045,6.715272796949112e-05
5.598000000000005,6.725885421492855e-05
5.600000000000005,6.749577837554532e-05
5.602000000000005,6.760155996067552e-05
5.604000000000005,6.751498033218117e-05
5.606000000000005,6.746190608852842e-05
5.608000000000005,6.761892650758439e-05
5.610000000000005,6.784710548583123e-05
5.6120000000000045,6.78983282966783e-05
5.614000000000005,6.779399941820446e-05
5.616000000000005,6.778634093819458e-05
5.618000000000005,6.798493392981553e-05
5.620000000000005,6.818748977379524e-05
5.622000000000004,6.818568235916755e-05
5.624000000000005,6.808055712736322e-05
5.626000000000005,6.81258250425712e-05
5.6280000000000046,6.835230137405834e-05
5.630000000000004,6.851509025828512e-05
5.632000000000005,6.84671408327231e-05
5.634000000000005,6.837828830115467e-05
5.6360000000000054,6.847870582568638e-05
5.638000000000004,6.871641490659164e-05
5.640000000000005,6.882949841738317e-05
5.642000000000005,6.874689850007443e-05
5.644000000000005,6.868985017985385e-05
5.646000000000004,6.884202925586808e-05
5.648000000000005,6.907312171181706e-05
5.650000000000005,6.913175384798409e-05
5.6520000000000055,6.902942202216544e-05
5.654000000000004,6.901664009605069e-05
5.656000000000005,6.921183338383374e-05
5.658000000000005,6.941917307736606e-05
5.660000000000005,6.942421492869139e-05
5.662000000000006,6.931902372191157e-05
5.664000000000005,6.93586261135068e-05
5.666000000000005,6.95835647750026e-05
5.6680000000000055,6.975255770556854e-05
5.670000000000006,6.971030754602398e-05
5.672000000000005,6.961944577799778e-05
5.674000000000005,6.971431755660451e-05
5.676000000000005,6.995257019188489e-05
5.678000000000006,7.007269140280048e-05
5.680000000000005,6.999418217035203e-05
5.682000000000005,6.993348780237607e-05
5.6840000000000055,7.008089079140606e-05
5.686000000000006,7.03146021589704e-05
5.688000000000005,7.038045108437307e-05
5.690000000000005,7.028031206213897e-05
5.692000000000005,7.026271154778052e-05
5.694000000000005,7.045446767255797e-05
5.696000000000005,7.066627434725026e-05
5.698000000000005,7.06780608054347e-05
5.7000000000000055,7.057306548296366e-05
5.702000000000005,7.06072556802273e-05
5.704000000000005,7.083052209535395e-05
5.706000000000005,7.100541188104215e-05
5.708000000000005,7.096885181116092e-05
5.710000000000005,7.087628455747924e-05
5.712000000000005,7.096578871849252e-05
5.714000000000005,7.120436880187625e-05
5.7160000000000055,7.13312598660254e-05
5.718000000000005,7.125692657233146e-05
5.720000000000005,7.119290392079702e-05
5.722000000000005,7.133561733419641e-05
5.724000000000005,7.157167366345779e-05
5.726000000000005,7.164453545135951e-05
5.728000000000005,7.154675972707858e-05
5.730000000000005,7.152464311672296e-05
5.7320000000000055,7.17129497665725e-05
5.734000000000005,7.19289205420165e-05
5.736000000000005,7.194732915841856e-05
5.738000000000005,7.184276910016107e-05
5.740000000000005,7.187180619967065e-05
5.742000000000005,7.20932921896289e-05
5.744000000000005,7.227377779760874e-05
5.746000000000005,7.224287634131216e-05
5.7480000000000055,7.214888970062672e-05
5.750000000000005,7.223321770429003e-05
5.752000000000005,7.247193401495322e-05
5.754000000000005,7.260532507889772e-05
5.756000000000005,7.253522837397108e-05
5.758000000000005,7.246818400366561e-05
5.760000000000005,7.260631389124222e-05
5.762000000000005,7.284446205740869e-05
5.764000000000006,7.292412310822699e-05
5.766000000000005,7.282885659592314e-05
5.768000000000005,7.28025226876261e-05
5.770000000000005,7.298739126106873e-05
5.772000000000005,7.320723798805856e-05
5.774000000000005,7.323213018538277e-05
5.776000000000005,7.312822248289191e-05
5.778000000000005,7.315236974926587e-05
5.780000000000006,7.33719925203602e-05
5.782000000000005,7.355778025037313e-05
5.784000000000005,7.353248509534005e-05
5.786000000000005,7.343734721085293e-05
5.788000000000005,7.351670213329164e-05
5.790000000000005,7.375538784151758e-05
5.792000000000005,7.389500851193165e-05
5.794000000000005,7.382918559353802e-05
5.796000000000006,7.37594141011072e-05
5.798000000000005,7.389308439006981e-05
5.800000000000005,7.413309214899383e-05
5.802000000000005,7.42193307949196e-05
5.804000000000005,7.41266955839523e-05
5.806000000000005,7.409643831646218e-05
5.808000000000005,7.427790248525079e-05
5.810000000000005,7.450135231960864e-05
5.812000000000006,7.453257498261923e-05
5.814000000000005,7.442951474652404e-05
5.816000000000005,7.444903815750914e-05
5.818000000000005,7.466673923255118e-05
5.820000000000005,7.485754372416054e-05
5.822000000000005,7.48377831618352e-05
5.824000000000005,7.47417440610798e-05
5.826000000000005,7.481633898940437e-05
5.828000000000006,7.505485105754883e-05
5.830000000000005,7.520043171904689e-05
5.832000000000005,7.513889750782043e-05
5.834000000000005,7.50666809110831e-05
5.836000000000005,7.519603181006806e-05
5.838000000000005,7.54376877134394e-05
5.840000000000005,7.553027570546267e-05
5.842000000000005,7.544037088311195e-05
5.844000000000006,7.540647832898068e-05
5.846000000000005,7.55845926132398e-05
5.848000000000005,7.58113884301026e-05
5.850000000000005,7.584877541874646e-05
5.852000000000005,7.574673618953448e-05
5.854000000000005,7.576190312554021e-05
5.856000000000005,7.59776472337298e-05
5.858000000000005,7.617319231171399e-05
5.860000000000006,7.615887664384063e-05
5.862000000000005,7.606216821064854e-05
5.864000000000005,7.613222475291032e-05
5.866000000000005,7.637044324649428e-05
5.868000000000005,7.652171623170889e-05
5.870000000000005,7.64644645578072e-05
5.872000000000004,7.63900718341523e-05
5.874000000000005,7.651525831117723e-05
5.876000000000006,7.675837149404702e-05
5.878000000000005,7.68570753686762e-05
5.880000000000004,7.676997789654583e-05
5.882000000000005,7.673273140875597e-05
5.884000000000005,7.69075697762342e-05
5.8860000000000054,7.713747043423119e-05
5.888000000000004,7.718084401250186e-05
5.890000000000005,7.707997826338076e-05
5.892000000000006,7.709105633935814e-05
5.8940000000000055,7.730483027813123e-05
5.896000000000004,7.75048496422584e-05
5.898000000000005,7.749587254510942e-05
5.900000000000005,7.73987086126679e-05
5.9020000000000055,7.746445552568593e-05
5.904000000000004,7.770228284809111e-05
5.906000000000005,7.785898346215903e-05
5.908000000000006,7.780598825277846e-05
5.9100000000000055,7.772967501831068e-05
5.912000000000006,7.785086535872648e-05
5.914000000000005,7.809526521233845e-05
5.916000000000005,7.819984753546644e-05
5.9180000000000055,7.811561316926202e-05
5.920000000000006,7.80752866750764e-05
5.922000000000005,7.824694117409409e-05
5.924000000000006,7.847972163989303e-05
5.9260000000000055,7.852889381539108e-05
5.928000000000006,7.842933353545412e-05
5.930000000000005,7.843658957318311e-05
5.932000000000005,7.864840105402393e-05
5.9340000000000055,7.885263881971666e-05
5.936000000000006,7.884887865808321e-05
5.938000000000005,7.875145521308441e-05
5.940000000000006,7.881312714938526e-05
5.9420000000000055,7.90504872130518e-05
5.944000000000005,7.921235461516574e-05
5.946000000000005,7.916357107396604e-05
5.948000000000005,7.908557939422661e-05
5.9500000000000055,7.920295384417769e-05
5.952000000000005,7.944848958579831e-05
5.954000000000005,7.955871007372245e-05
5.956000000000006,7.947737431542035e-05
5.9580000000000055,7.943423375112585e-05
5.960000000000005,7.960281318621087e-05
5.962000000000005,7.983826452898773e-05
5.964000000000005,7.989303829929878e-05
5.9660000000000055,7.979489564662046e-05
5.968000000000005,7.979859478405432e-05
5.970000000000005,8.000847127315192e-05
5.972000000000006,8.021668236998097e-05
5.9740000000000055,8.021800345486135e-05
5.976000000000005,8.012049894248752e-05
5.978000000000005,8.017833531659413e-05
5.980000000000005,8.041517266257903e-05
5.9820000000000055,8.058195060831053e-05
5.984000000000005,8.053731637815142e-05
5.986000000000005,8.045787470210841e-05
5.988000000000006,8.057162420130326e-05
5.9900000000000055,8.081816435261818e-05
5.992000000000005,8.09337808699434e-05
5.994000000000005,8.085535994330206e-05
5.996000000000005,8.080966282345003e-05
5.9980000000000055,8.097529148028831e-05
6.000000000000005,8.121322074634146e-05
6.002000000000005,8.127339124944233e-05
6.004000000000006,8.117675926432727e-05
6.006000000000006,8.117716419784454e-05
6.008000000000005,8.138515176120409e-05
6.010000000000005,8.159710219667743e-05
6.012000000000005,8.160335598107749e-05
6.014000000000006,8.150593170131587e-05
6.016000000000005,8.156017567491347e-05
6.018000000000005,8.179645455171775e-05
6.020000000000006,8.196789200035776e-05
6.022000000000006,8.192732830222121e-05
6.024000000000005,8.184665151077242e-05
6.026000000000005,8.195697651725703e-05
6.028000000000005,8.220440830210285e-05
6.030000000000006,8.232517773802683e-05
6.032000000000005,8.22496695790445e-05
6.034000000000005,8.220166469311702e-05
6.036000000000006,8.236448111875738e-05
6.038000000000006,8.260471109553663e-05
6.040000000000005,8.267006666261983e-05
6.042000000000005,8.25750200319289e-05
6.044000000000005,8.257239038758635e-05
6.046000000000006,8.277855254835292e-05
6.048000000000005,8.29940195446327e-05
6.050000000000005,8.30050457535092e-05
6.052000000000006,8.290784633998433e-05
6.054000000000006,8.295874392406921e-05
6.056000000000005,8.319444733503878e-05
6.058000000000005,8.33702989270213e-05
6.060000000000005,8.333371166929782e-05
6.062000000000006,8.325200123000809e-05
6.064000000000005,8.33591106384271e-05
6.066000000000005,8.360733930998926e-05
6.068000000000006,8.373301833491942e-05
6.070000000000006,8.366040358934179e-05
6.072000000000005,8.361033081933505e-05
6.074000000000005,8.377048666230458e-05
6.076000000000005,8.401285554134053e-05
6.078000000000006,8.4083178651162e-05
6.080000000000005,8.398977451561096e-05
6.082000000000005,8.3984366343888e-05
6.084000000000006,8.418878295954335e-05
6.086000000000006,8.440755497013397e-05
6.088000000000005,8.442318266149024e-05
6.090000000000005,8.432633663422312e-05
6.092000000000005,8.437413590616644e-05
6.094000000000006,8.460926463450813e-05
6.096000000000005,8.478929104392685e-05
6.098000000000005,8.475657189672275e-05
6.100000000000006,8.467401611703812e-05
6.102000000000006,8.477812627094572e-05
6.104000000000005,8.502707437745699e-05
6.106000000000005,8.515742008246424e-05
6.108000000000005,8.508766310479782e-05
6.110000000000006,8.503575335629815e-05
6.112000000000005,8.519341226957688e-05
6.114000000000005,8.543777321708135e-05
6.116000000000006,8.551284135232401e-05
6.118000000000006,8.542112014933018e-05
6.120000000000005,8.541318553865335e-05
6.122000000000004,8.56159517031857e-05
6.124000000000005,8.583782831779463e-05
6.126000000000006,8.585787687248603e-05
6.128000000000005,8.576149725694066e-05
6.130000000000004,8.580644768945572e-05
6.132000000000006,8.604101930807795e-05
6.134000000000006,8.622498747608981e-05
6.1360000000000054,8.619601490689188e-05
6.138000000000004,8.61127892780103e-05
6.140000000000005,8.621412307554394e-05
6.142000000000006,8.646372967303223e-05
6.1440000000000055,8.65985000960065e-05
6.146000000000004,8.653154994370249e-05
6.148000000000006,8.647802518394615e-05
6.150000000000006,8.663336179342424e-05
6.1520000000000055,8.687958243672189e-05
6.154000000000004,8.695916884325638e-05
6.156000000000005,8.686915517858856e-05
6.158000000000006,8.685894198195987e-05
6.1600000000000055,8.706016695799595e-05
6.162000000000006,8.728495870248543e-05
6.164000000000006,8.730923874234603e-05
6.166000000000006,8.721342374746338e-05
6.1680000000000055,8.725577564550752e-05
6.170000000000006,8.748982351843015e-05
6.172000000000005,8.767750677321495e-05
6.174000000000006,8.765214704078289e-05
6.1760000000000055,8.75684146650138e-05
6.178000000000006,8.766720075700785e-05
6.180000000000006,8.791742057665669e-05
6.182000000000006,8.805637511839076e-05
6.1840000000000055,8.799216653718189e-05
6.186000000000006,8.793723993349295e-05
6.188000000000005,8.809043887253454e-05
6.190000000000006,8.833840071039573e-05
6.1920000000000055,8.842227506129091e-05
6.194000000000005,8.83339786044296e-05
6.196000000000006,8.83217302731637e-05
6.198000000000006,8.852153645746291e-05
6.2000000000000055,8.874906449629627e-05
6.202000000000005,8.877737872946961e-05
6.204000000000005,8.868221247868013e-05
6.206000000000006,8.872221652071743e-05
6.2080000000000055,8.895578880107474e-05
6.210000000000005,8.914696687054718e-05
6.212000000000006,8.912507497498001e-05
6.214000000000006,8.904098707004232e-05
6.2160000000000055,8.913745914814614e-05
6.218000000000005,8.938826172472797e-05
6.220000000000005,8.953116145992562e-05
6.222000000000006,8.946961585653418e-05
6.2240000000000055,8.941349200813908e-05
6.226000000000005,8.956474701894007e-05
6.228000000000006,8.981434476278832e-05
6.230000000000006,8.990227372954879e-05
6.2320000000000055,8.981569012724011e-05
6.234000000000005,8.980164564665466e-05
6.236000000000005,9.000016757126916e-05
6.238000000000006,9.023026331924505e-05
6.2400000000000055,9.02624073142802e-05
6.242000000000005,9.016796062318033e-05
6.244000000000006,9.020586750180942e-05
6.246000000000006,9.04390261311297e-05
6.2480000000000055,9.063348505431584e-05
6.250000000000005,9.061490564230695e-05
6.252000000000005,9.053060211604985e-05
6.254000000000006,9.062499828814408e-05
6.256000000000006,9.087636705570196e-05
6.258000000000005,9.102297494320566e-05
6.260000000000006,9.096400134282062e-05
6.262000000000006,9.090687660010671e-05
6.264000000000006,9.105638970080543e-05
6.266000000000005,9.130753055339169e-05
6.268000000000005,9.139927828766964e-05
6.270000000000006,9.131439009200937e-05
6.272000000000006,9.129878401263614e-05
6.274000000000005,9.149616738320793e-05
6.276000000000006,9.172867203339347e-05
6.278000000000006,9.176443492291825e-05
6.280000000000006,9.167076611887176e-05
6.282000000000005,9.170682627634985e-05
6.284000000000005,9.193964598829679e-05
6.286000000000006,9.213717793153664e-05
6.288000000000006,9.212174615645663e-05
6.290000000000005,9.203735624629256e-05
6.292000000000006,9.212991849601865e-05
6.294000000000006,9.238184985520259e-05
6.296000000000006,9.253193085270728e-05
6.298000000000005,9.247542683935017e-05
6.300000000000005,9.241748970443414e-05
6.302000000000006,9.256547042039986e-05
6.304000000000006,9.281807329790392e-05
6.306000000000005,9.291340182732838e-05
6.308000000000006,9.283017943512162e-05
6.310000000000006,9.281324199383184e-05
6.312000000000006,9.300964276539453e-05
6.314000000000005,9.324440673944695e-05
6.316000000000005,9.328357185578451e-05
6.318000000000006,9.319072763496611e-05
6.320000000000006,9.322519108808519e-05
6.322000000000005,9.345775841908266e-05
6.324000000000006,9.365816140310956e-05
6.326000000000006,9.364570374075648e-05
6.328000000000006,9.356134671244937e-05
6.330000000000005,9.365232043857113e-05
6.332000000000005,9.390482280025036e-05
6.334000000000006,9.405814388888101e-05
6.336000000000006,9.400399652768898e-05
6.338000000000005,9.394542813013357e-05
6.340000000000006,9.40920927872263e-05
6.342000000000006,9.434608749016998e-05
6.344000000000006,9.44447570325746e-05
6.346000000000005,9.436315963344544e-05
6.348000000000005,9.434511695840392e-05
6.350000000000006,9.45407004483978e-05
6.352000000000006,9.477758277488812e-05
6.354000000000005,9.48199282208434e-05
6.356000000000006,9.472794453888045e-05
6.358000000000006,9.47610607878388e-05
6.360000000000006,9.499347309616102e-05
6.362000000000005,9.519655064028215e-05
6.364000000000005,9.518688566118039e-05
6.366000000000006,9.510267156231239e-05
6.368000000000006,9.519230519361432e-05
6.370000000000005,9.544539800151325e-05
6.372000000000006,9.560172812582424e-05
6.374000000000006,9.5549814867181e-05
6.376000000000006,9.54907895096696e-05
6.378000000000005,9.563636058637637e-05
6.380000000000004,9.589168692374084e-05
6.382000000000006,9.599345612461285e-05
6.384000000000006,9.591343265602514e-05
6.3860000000000054,9.58945070497555e-05
6.388000000000006,9.608944708670852e-05
6.390000000000006,9.632831471374087e-05
6.392000000000006,9.637361387146437e-05
6.3940000000000055,9.628251686456119e-05
6.396000000000004,9.631453488048725e-05
6.398000000000006,9.654689937416833e-05
6.400000000000006,9.675246006307647e-05
6.4020000000000055,9.67453991641623e-05
6.404000000000006,9.66614296276716e-05
6.406000000000006,9.674997430835636e-05
6.408000000000006,9.70036870434482e-05
6.4100000000000055,9.716279697263158e-05
6.412000000000006,9.71129865385903e-05
6.414000000000006,9.705367230714718e-05
6.416000000000006,9.719837784172292e-05
6.4180000000000055,9.74549847125028e-05
6.420000000000006,9.755961081063524e-05
6.422000000000006,9.748110091921391e-05
6.424000000000006,9.746151121382135e-05
6.4260000000000055,9.765598931987113e-05
6.428000000000006,9.789671636637604e-05
6.430000000000006,9.794473834901646e-05
6.432000000000006,9.78545452831811e-05
6.4340000000000055,9.788571356775244e-05
6.436000000000006,9.811814634133609e-05
6.438000000000006,9.83260033210892e-05
6.440000000000006,9.832135141887854e-05
6.4420000000000055,9.823772051298363e-05
6.444000000000005,9.832542985312859e-05
6.446000000000006,9.857980102148667e-05
6.448000000000006,9.874146313772203e-05
6.4500000000000055,9.869361639213564e-05
6.452000000000005,9.86341758257292e-05
6.454000000000006,9.877824887408876e-05
6.456000000000006,9.903609330978724e-05
6.4580000000000055,9.91433322368035e-05
6.460000000000005,9.906626724535961e-05
6.462000000000006,9.90462292241659e-05
6.464000000000006,9.924043382809195e-05
6.4660000000000055,9.948290077948369e-05
6.468000000000005,9.95334108301188e-05
6.470000000000006,9.944413107634137e-05
6.472000000000006,9.94746977880101e-05
6.4740000000000055,9.970732286698758e-05
6.476000000000005,9.991729327508275e-05
6.478000000000006,9.991484946444279e-05
6.480000000000006,9.983164458536586e-05
6.4820000000000055,9.991877447078357e-05
6.484000000000007,0.00010017385057557726
6.486000000000006,0.0001003378385959347
6.488000000000006,0.00010029180940029914
6.4900000000000055,0.00010023240021516527
6.492000000000005,0.00010037607835450962
6.494000000000006,0.00010063512452527373
6.496000000000006,0.00010074473094504738
6.4980000000000055,0.00010066903482563311
6.500000000000007,0.00010064876170556153
6.502000000000006,0.00010084288738339969
6.504000000000006,0.00010108698023517104
6.506000000000006,0.00010113974007822796
6.508000000000005,0.00010105137611254866
6.510000000000006,0.00010108158925279526
6.512000000000006,0.00010131453764392756
6.514000000000006,0.00010152644197991556
6.516000000000007,0.00010152600016224284
6.518000000000006,0.00010144330296671389
6.520000000000006,0.00010153011142170765
6.522000000000006,0.00010178594592012008
6.524000000000005,0.00010195203455778956
6.526000000000006,0.00010190767061537404
6.528000000000006,0.00010184844647957714
6.530000000000006,0.00010199197135232763
6.532000000000006,0.00010225218953905518
6.534000000000006,0.00010236391683339507
6.536000000000006,0.00010228950718749186
6.538000000000006,0.0001022692101562625
6.540000000000005,0.00010246345689465114
6.542000000000006,0.00010270906624901266
6.544000000000006,0.00010276383440017273
6.546000000000006,0.00010267638282715486
6.548000000000006,0.00010270649048055303
6.550000000000006,0.00010293989922589147
6.552000000000006,0.00010315356066765285
6.554000000000006,0.00010315491015321088
6.556000000000005,0.00010307279752800463
6.558000000000006,0.00010315954462487842
6.560000000000006,0.00010341619686901615
6.562000000000006,0.00010358416144095467
6.564000000000006,0.00010354130513269555
6.566000000000006,0.00010348241648627798
6.568000000000006,0.00010362603337817078
6.570000000000006,0.00010388739891271231
6.572000000000005,0.00010400099911968275
6.574000000000006,0.00010392778816702142
6.576000000000006,0.00010390767696943914
6.578000000000006,0.00010410224944749913
6.580000000000006,0.00010434926956633117
6.582000000000006,0.0001044058016068522
6.584000000000006,0.00010431925420687632
6.586000000000006,0.00010434950482795385
6.588000000000005,0.00010458351605923538
6.590000000000006,0.00010479875973069125
6.592000000000006,0.00010480168582048532
6.594000000000006,0.00010472023088663185
6.596000000000006,0.00010480717869469636
6.598000000000006,0.0001050647128562135
6.600000000000006,0.00010523432884333023
6.602000000000006,0.00010519281805889541
6.604000000000005,0.00010513441297569509
6.606000000000006,0.00010527837042169363
6.608000000000006,0.00010554086259640522
6.610000000000006,0.00010565608630871276
6.612000000000006,0.0001055839818865853
6.614000000000006,0.00010556426545444558
6.616000000000006,0.00010575937233810867
6.618000000000006,0.00010600770015618127
6.620000000000005,0.00010606574897885357
6.622000000000006,0.00010598009377835171
6.624000000000006,0.00010601073651893972
6.626000000000006,0.00010624549650888049
6.628000000000006,0.00010646214870455722
6.630000000000006,0.00010646643325751964
6.632000000000006,0.00010638570640705836
6.634000000000006,0.00010647311897396539
6.6360000000000054,0.00010673160295070899
6.638000000000006,0.00010690264551756895
6.640000000000006,0.00010686231448652633
6.642000000000006,0.00010680453957327002
6.644000000000006,0.00010694908898416927
6.646000000000006,0.00010721268993194033
6.648000000000006,0.0001073292861624997
6.650000000000006,0.00010725819273803283
6.6520000000000055,0.00010723907985749764
6.654000000000006,0.00010743493310111374
6.656000000000006,0.00010768446720302305
6.658000000000006,0.0001077437832364414
6.660000000000006,0.00010765900560200103
6.662000000000006,0.00010769029067153602
6.664000000000006,0.00010792594887790163
6.666000000000006,0.00010814383625003948
6.6680000000000055,0.00010814925824182559
6.670000000000006,0.00010806932820507653
6.672000000000006,0.00010815747156292521
6.674000000000006,0.00010841697586574245
6.676000000000006,0.00010858921934708832
6.678000000000006,0.00010854989947439025
6.680000000000006,0.00010849290080315599
6.682000000000006,0.00010863829610542608
6.6840000000000055,0.00010890298965127859
6.686000000000006,0.00010902070567372912
6.688000000000006,0.00010895052537206878
6.690000000000006,0.00010893222538272546
6.692000000000006,0.00010912903953093356
6.694000000000005,0.00010937967909524504
6.696000000000006,0.00010944001051441804
6.698000000000006,0.0001093560942708946
6.7000000000000055,0.00010938827332279688
6.702000000000005,0.00010962498142059324
6.704000000000006,0.00010984393013444699
6.706000000000006,0.00010985026621454508
6.708000000000006,0.00010977120115623906
6.710000000000005,0.00010986034334437011
6.712000000000006,0.00011012093996232153
6.714000000000006,0.00011029415732310976
6.7160000000000055,0.00011025567803439607
6.718000000000005,0.0001101996021044202
6.720000000000006,0.00011034609938564283
6.722000000000006,0.00011061186986993654
6.724000000000006,0.00011073045104247059
6.726000000000005,0.000110661084693979
6.728000000000006,0.00011064380821335096
6.730000000000006,0.00011084179969664959
6.7320000000000055,0.0001110934434107938
6.734000000000007,0.00011115453634184813
6.736000000000006,0.00011107146491557557
6.738000000000006,0.00011110479145168273
6.740000000000006,0.00011134270234863797
6.742000000000007,0.00011156253721168741
6.744000000000006,0.00011156956226603815
6.746000000000006,0.00011149143090848773
6.7480000000000055,0.0001115818420045836
6.750000000000007,0.00011184360324567599
6.752000000000006,0.00011201756552285669
6.754000000000006,0.00011197975512521052
6.7560000000000064,0.00011192474984952211
6.758000000000007,0.0001120726070008432
6.760000000000006,0.00011233943807551633
6.762000000000006,0.00011245862765582593
6.764000000000006,0.00011238997586573984
6.766000000000007,0.00011237393553326785
6.768000000000006,0.00011257332195009628
6.770000000000006,0.00011282586689904256
6.7720000000000065,0.000112887465626689
6.774000000000006,0.00011280522321458625
6.776000000000006,0.0001128399530000504
6.778000000000006,0.00011307921982999652
6.780000000000006,0.00011329976340115899
6.782000000000006,0.00011330725112791012
6.784000000000006,0.00011323012389950066
6.786000000000006,0.00011332207605029704
6.7880000000000065,0.00011358507335556406
6.790000000000006,0.00011375954908891817
6.792000000000006,0.00011372223565270234
6.794000000000006,0.00011366845136583092
6.796000000000006,0.00011381792771290866
6.798000000000006,0.00011408580111031685
6.800000000000006,0.00011420534007141464
6.802000000000006,0.00011413730431544117
6.8040000000000065,0.00011412271554890607
6.806000000000006,0.00011432371492665211
6.808000000000006,0.0001145770554592529
6.810000000000006,0.00011463890264575699
6.812000000000006,0.00011455747541131572
6.814000000000006,0.00011459386689159634
6.816000000000006,0.00011483464198026871
6.818000000000006,0.00011505571366546286
6.8200000000000065,0.00011506343717150591
6.822000000000006,0.00011498738737877184
6.824000000000006,0.00011508115482113807
6.826000000000006,0.00011534545754903619
6.828000000000006,0.00011552021220975761
6.830000000000006,0.00011548322447792192
6.832000000000006,0.0001154308149595093
6.834000000000006,0.00011558217087290212
6.8360000000000065,0.0001158510651485048
6.838000000000006,0.0001159706920039888
6.840000000000006,0.00011590317575368991
6.842000000000006,0.00011589025751164439
6.844000000000006,0.00011609308753832842
6.846000000000006,0.00011634711411550452
6.848000000000006,0.00011640895104026577
6.850000000000006,0.00011632832833727985
6.8520000000000065,0.00011636664304841282
6.854000000000006,0.00011660907684605398
6.856000000000006,0.00011683049198671358
6.858000000000006,0.0001168382244134819
6.860000000000006,0.00011676332943460349
6.862000000000006,0.0001168591884973813
6.864000000000006,0.00011712486267616978
6.866000000000006,0.0001172996581016994
6.8680000000000065,0.0001172628264325265
6.870000000000006,0.00011721194994246398
6.872000000000006,0.00011736544641802182
6.874000000000006,0.00011763533566734596
6.876000000000006,0.00011775478631601694
6.878000000000006,0.00011768769619791702
6.880000000000006,0.00011767667174018837
6.882000000000006,0.00011788154895935737
6.884000000000007,0.00011813614698737845
6.886000000000006,0.00011819771381718636
6.888000000000006,0.00011811788944207646
6.890000000000006,0.00011815839240541387
6.892000000000006,0.00011840263238017956
6.894000000000006,0.0001186242013418437
6.896000000000006,0.0001186317165286499
6.898000000000006,0.00011855805902603878
6.900000000000007,0.00011865628810282802
6.902000000000006,0.00011892339514812944
6.904000000000006,0.00011909798899228247
6.906000000000006,0.00011906114634230996
6.908000000000006,0.00011901196666196795
6.910000000000006,0.00011916786486133868
6.912000000000006,0.00011943871741237205
6.914000000000006,0.00011955772501252154
6.916000000000007,0.000119490972003998
6.918000000000006,0.00011948206964321195
6.920000000000006,0.00011968920860309235
6.922000000000006,0.00011994425725766339
6.924000000000006,0.00012000529335678273
6.926000000000006,0.00011992626683017538
6.928000000000006,0.00011996922692151385
6.930000000000006,0.00012021541640840072
6.932000000000007,0.00012043694367695756
6.934000000000006,0.00012044401687046069
6.936000000000006,0.00012037168602004045
6.938000000000006,0.00012047256550223873
6.940000000000006,0.00012074116089728915
6.942000000000006,0.0001209153061059523
6.944000000000005,0.00012087828905921888
6.946000000000006,0.00012083097653274588
6.948000000000007,0.00012098953727411599
6.950000000000006,0.00012126131435657994
6.952000000000005,0.0001213796092403227
6.954000000000006,0.00012131310990658173
6.956000000000006,0.00012130656374167298
6.958000000000006,0.0001215161760904429
6.960000000000005,0.00012177154713596122
6.962000000000006,0.00012183179142697537
6.964000000000007,0.00012175356930454323
6.966000000000006,0.0001217992595879333
6.968000000000005,0.00012204753658708739
6.970000000000006,0.00012226881988102595
6.972000000000006,0.00012227522849968947
6.974000000000006,0.00012220432123333236
6.976000000000005,0.00012230813339256935
6.978000000000006,0.00012257826532981186
6.980000000000007,0.00012275170965159177
6.982000000000006,0.00012271435950157034
6.984000000000007,0.00012266909207152982
6.986000000000006,0.0001228305752599343
6.988000000000006,0.0001231032296537954
6.990000000000006,0.0001232205392925137
6.992000000000007,0.00012315421706722562
6.994000000000006,0.00012315026769020576
6.996000000000007,0.00012336256120898392
6.998000000000006,0.00012361811781926718
7.000000000000007,0.00012367730920506692
7.002000000000006,0.00012359990641753332
7.004000000000006,0.00012364860443248027
7.0060000000000064,0.00012389910035175838
7.008000000000007,0.00012411992975953218
7.010000000000006,0.0001241254542217879
7.012000000000007,0.00012405607647932027
7.0140000000000065,0.0001241631052879208
7.016000000000007,0.00012443481326982614
7.018000000000006,0.0001246072988134242
7.020000000000006,0.00012456946270398422
7.0220000000000065,0.00012452642693354388
7.024000000000006,0.00012469109092057284
7.026000000000006,0.00012496456558583335
7.028000000000007,0.00012508061461858483
7.0300000000000065,0.00012501440113135698
7.032000000000006,0.00012501329629764635
7.034000000000006,0.00012522847386251673
7.036000000000006,0.00012548406944964258
7.0380000000000065,0.00012554194730693413
7.040000000000006,0.0001254653885283813
7.042000000000006,0.00012551737651951556
7.044000000000007,0.00012577021485640771
7.0460000000000065,0.00012599037200823615
7.048000000000006,0.0001259947966333122
7.050000000000006,0.00012592706461952985
7.052000000000006,0.00012603759549720955
7.0540000000000065,0.00012631090889581031
7.056000000000006,0.00012648217174529575
7.058000000000006,0.00012644370387628057
7.060000000000007,0.00012640309595051552
7.0620000000000065,0.00012657119681211415
7.064000000000006,0.00012684542350445416
7.066000000000006,0.00012695993384069515
7.068000000000006,0.00012689377029368593
7.0700000000000065,0.0001268957655454414
7.072000000000006,0.00012711402401055505
7.074000000000006,0.00012736950106918832
7.076000000000007,0.00012742580582504603
7.0780000000000065,0.00012735012686788255
7.080000000000006,0.00012740569194467227
7.082000000000006,0.00012766098690272787
7.084000000000006,0.00012788024418793065
7.0860000000000065,0.0001278833581777883
7.088000000000006,0.00012781739961914562
7.090000000000006,0.0001279317190937962
7.092000000000007,0.00012820665566883743
7.0940000000000065,0.0001283764255690656
7.096000000000006,0.00012833718847225783
7.098000000000006,0.0001282992151696652
7.100000000000006,0.0001284710058917296
7.1020000000000065,0.00012874590376763667
7.104000000000006,0.00012885859477749367
7.106000000000006,0.00012879243337252794
7.108000000000007,0.00012879779260355217
7.1100000000000065,0.00012901932159706253
7.112000000000006,0.00012927451057332534
7.114000000000006,0.00012932898437547496
7.116000000000006,0.00012925423360967553
7.1180000000000065,0.00012931366782369114
7.120000000000006,0.0001295715228598615
7.122000000000006,0.0001297896427010503
7.124000000000007,0.00012979124121224178
7.1260000000000066,0.00012972719660655357
7.128000000000006,0.00012984559187609324
7.130000000000006,0.00013012215625288898
7.132000000000006,0.00013029015637839453
7.134000000000007,0.00013025002226865062
7.136000000000006,0.00013021490189310536
7.138000000000006,0.00013039063145341145
7.140000000000007,0.0001306661056713343
7.142000000000007,0.00013077669447542073
7.144000000000006,0.0001307104998929734
7.146000000000006,0.00013071949584297915
7.148000000000006,0.00013094447646841423
7.150000000000007,0.00013119919466265256
7.152000000000006,0.00013125158215476773
7.154000000000006,0.00013117782194812383
7.156000000000007,0.00013124142227400465
7.158000000000007,0.00013150192857378645
7.160000000000006,0.0001317186627707162
7.162000000000006,0.00013171854808392836
7.164000000000006,0.0001316565719360896
7.166000000000007,0.0001317793303188125
7.168000000000006,0.0001320575124276538
7.170000000000006,0.000132223459248397
7.172000000000007,0.0001321823114542181
7.174000000000007,0.0001321502747164069
7.176000000000006,0.0001323301870525262
7.178000000000006,0.0001326061273765472
7.180000000000006,0.00013271432924921722
7.182000000000007,0.00013264808017870305
7.184000000000006,0.00013266099484351979
7.186000000000006,0.00013288959827951335
7.188000000000007,0.00013314364879457585
7.190000000000007,0.0001331936980075929
7.192000000000006,0.000133121006182145
7.194000000000005,0.00013318907438852196
7.196000000000006,0.00013345230926681967
7.198000000000007,0.00013366739842333303
7.200000000000006,0.00013366538121881155
7.202000000000005,0.00013360564325335528
7.204000000000007,0.00013373305151299225
7.206000000000007,0.0001340128249937289
7.208000000000006,0.0001341764282527108
7.210000000000005,0.00013413416272980982
7.212000000000006,0.00013410545356590253
7.214000000000007,0.00013428978641806533
7.216000000000006,0.00013456606583314018
7.218000000000005,0.00013467159473230794
7.220000000000007,0.00013460528545256034
7.222000000000007,0.0001346224103961416
7.224000000000006,0.0001348547963883201
7.226000000000005,0.00013510796713563783
7.228000000000006,0.00013515543050589968
7.230000000000007,0.00013508390180475005
7.232000000000006,0.0001351567441998519
7.234000000000007,0.00013542276942689335
7.236000000000007,0.00013563594247628652
7.238000000000007,0.00013563184322156613
7.240000000000006,0.00013557452956197008
7.242000000000007,0.0001357068730943739
7.244000000000006,0.00013598819367135334
7.246000000000007,0.00013614915648865744
7.248000000000006,0.0001361056834188884
7.250000000000007,0.00013608055973310385
7.252000000000007,0.00013626954335222569
7.254000000000007,0.00013654601670084338
7.2560000000000064,0.00013664858593799567
7.258000000000007,0.0001365822279456308
7.260000000000006,0.00013660386449818734
7.262000000000007,0.00013684017973786267
7.2640000000000065,0.00013709224251533259
7.266000000000007,0.00013713687804048358
7.268000000000007,0.00013706662559755806
7.270000000000007,0.00013714455263402758
7.2720000000000065,0.00013741341268715818
7.274000000000006,0.0001376243865314694
7.276000000000006,0.00013761803698802283
7.278000000000007,0.0001375633512913227
7.2800000000000065,0.00013770091315890715
7.282000000000006,0.00013798371699246664
7.284000000000007,0.0001381417361123738
7.286000000000007,0.0001380969815891267
7.2880000000000065,0.0001380757159052462
7.290000000000006,0.00013826957161608422
7.292000000000006,0.0001385460742684072
7.294000000000007,0.00013864539733306896
7.2960000000000065,0.00013857902101430813
7.298000000000006,0.000138605480340101
7.300000000000007,0.0001388458567257722
7.302000000000007,0.00013909656638350781
7.3040000000000065,0.00013913813892563187
7.306000000000006,0.00013906929572935628
7.308000000000006,0.0001391526214523514
7.310000000000007,0.00013942434169549045
7.3120000000000065,0.00013963282097635005
7.314000000000006,0.0001396240658305889
7.316000000000007,0.0001395722303637048
7.318000000000007,0.00013971529016378048
7.3200000000000065,0.0001399994921877784
7.322000000000006,0.0001401542583847823
7.324000000000006,0.0001401081661848852
7.326000000000007,0.00014009104619017165
7.3280000000000065,0.00014028998480079824
7.330000000000006,0.00014056633137277813
7.332000000000007,0.00014066212292448976
7.334000000000007,0.00014059577926490985
7.3360000000000065,0.000140627382282342
7.338000000000006,0.0001408719350612861
7.340000000000006,0.00014112102877205518
7.342000000000007,0.0001411593115180354
7.3440000000000065,0.00014109203185786595
7.346000000000006,0.00014118107317945966
7.348000000000007,0.00014145565797523546
7.350000000000007,0.00014166133499447092
7.3520000000000065,0.00014165003361666512
7.354000000000006,0.00014160129025921758
7.356000000000006,0.0001417501228133458
7.358000000000007,0.00014203561506908463
7.3600000000000065,0.00014218681373031478
7.362000000000006,0.00014213934717034749
7.364000000000007,0.00014212667613423824
7.366000000000007,0.00014233089618397032
7.3680000000000065,0.00014260687931871852
7.370000000000006,0.00014269885636088164
7.372000000000006,0.0001426326186855023
7.374000000000007,0.0001426696958201773
7.3760000000000066,0.00014291852160903257
7.378000000000006,0.00014316571826315794
7.380000000000007,0.00014320049435054272
7.382000000000007,0.00014313495523360364
7.384000000000007,0.00014323003101632953
7.386000000000006,0.00014350746177709678
7.388000000000006,0.00014371001658654986
7.390000000000007,0.00014369604492072557
7.392000000000007,0.00014365065607733346
7.394000000000006,0.00014380552992841744
7.396000000000007,0.00014409217990864892
7.398000000000007,0.0001442394918098125
7.400000000000007,0.00014419063568342494
7.402000000000006,0.00014418273273106297
7.404000000000006,0.00014439241856985946
7.406000000000007,0.00014466780780174326
7.408000000000007,0.00014475569104971386
7.410000000000006,0.00014468965678331863
7.412000000000007,0.00014473254753504666
7.414000000000007,0.00014498572222072098
7.416000000000007,0.00014523072196563624
7.418000000000006,0.0001452617862815822
7.420000000000006,0.00014519818880412427
7.422000000000007,0.00014529961873655656
7.424000000000007,0.0001455798519233234
7.426000000000006,0.000145778952604661
7.428000000000007,0.00014576220519011557
7.430000000000007,0.000145720454593129
7.432000000000007,0.00014588163029780749
7.434000000000006,0.00014616927931682816
7.436000000000006,0.0001463123816091913
7.438000000000007,0.00014626214419943134
7.440000000000007,0.00014625934441906546
7.442000000000006,0.00014647466411388949
7.444000000000007,0.0001467492048351296
7.446000000000007,0.00014683272029165917
7.448000000000007,0.00014676701272755416
7.450000000000006,0.00014681606502988526
7.452000000000005,0.00014707364155402275
7.454000000000007,0.0001473161255018604
7.456000000000007,0.00014734328666110574
7.458000000000006,0.00014728185731729265
7.460000000000007,0.0001473899605640705
7.462000000000007,0.0001476729256453882
7.464000000000007,0.00014786822880103606
7.466000000000006,0.00014784862092458162
7.468000000000005,0.00014781081430588483
7.470000000000007,0.0001479785425110569
7.472000000000007,0.00014826700411949
7.474000000000006,0.0001484055715458496
7.476000000000007,0.00014835398670425687
7.478000000000007,0.0001483566410658485
7.480000000000007,0.00014857774413009478
7.482000000000006,0.00014885115668401144
7.484000000000007,0.00014893003743336047
7.486000000000007,0.00014886480749558978
7.488000000000007,0.00014892037684670345
7.490000000000006,0.00014918238288003788
7.492000000000007,0.0001494220130071472
7.494000000000007,0.0001494450955133106
7.496000000000007,0.00014938608742139786
7.498000000000006,0.00014950118103031207
7.500000000000007,0.00014978677841614302
7.502000000000007,0.0001499779298940393
7.504000000000007,0.00014995539986946416
7.5060000000000064,0.00014992186547780478
7.508000000000007,0.00015009638477109927
7.510000000000007,0.00015038544323782432
7.512000000000007,0.00015051914959430396
7.5140000000000065,0.00015046627887624342
7.516000000000007,0.0001504747539363624
7.518000000000007,0.00015070176888241915
7.520000000000007,0.00015097374780843886
7.5220000000000065,0.00015104773603953625
7.524000000000006,0.00015098316402124834
7.526000000000007,0.0001510456123639467
7.528000000000007,0.00015131204787955516
7.5300000000000065,0.00015154846714414416
7.532000000000006,0.00015156731373714566
7.534000000000007,0.0001515110077602161
7.536000000000007,0.00015163340480993381
7.5380000000000065,0.00015192150377866392
7.540000000000006,0.00015210813965323838
7.542000000000007,0.0001520826512222545
7.544000000000007,0.00015205374016045298
7.5460000000000065,0.00015223527468647552
7.548000000000006,0.00015252468357240118
7.550000000000007,0.00015265320343306465
7.552000000000007,0.00015259913827506827
7.5540000000000065,0.00015261381564295878
7.556000000000008,0.00015284684735911852
7.558000000000007,0.000153117060818303
7.560000000000007,0.00015318591008594423
7.5620000000000065,0.00015312220734312043
7.564000000000006,0.00015319190167115138
7.566000000000007,0.00015346273642962566
7.568000000000007,0.00015369556913524818
7.5700000000000065,0.00015371004332426913
7.572000000000008,0.000153656749060066
7.574000000000007,0.0001537867565321524
7.576000000000007,0.0001540771931734103
7.5780000000000065,0.00015425894100606907
7.580000000000006,0.00015423048585180843
7.582000000000007,0.0001542065722058769
7.584000000000007,0.0001543953290414693
7.5860000000000065,0.0001546848098940845
7.588000000000008,0.00015480782061438186
7.590000000000007,0.0001547526845367478
7.592000000000007,0.00015477396007364252
7.5940000000000065,0.000155013087031107
7.596000000000006,0.00015528117644301315
7.598000000000007,0.00015534465417382098
7.600000000000007,0.00015528206475071138
7.6020000000000065,0.0001553593754187385
7.604000000000007,0.00015563454638196916
7.606000000000007,0.00015586339881529937
7.608000000000007,0.00015587338759506103
7.6100000000000065,0.0001558234442063794
7.612000000000006,0.00015596136056727355
7.614000000000007,0.00015625393576632757
7.616000000000007,0.0001564304161685917
7.6180000000000065,0.0001563990165292864
7.620000000000007,0.00015638049725923836
7.622000000000007,0.0001565766635449259
7.624000000000007,0.00015686590474527778
7.6260000000000066,0.00015698308875847916
7.628000000000006,0.0001569270395725339
7.630000000000007,0.00015695532229625248
7.632000000000007,0.00015720059359502353
7.634000000000007,0.00015746617351900666
7.636000000000007,0.00015752406376675493
7.638000000000007,0.00015746286592575182
7.640000000000007,0.00015754816464031568
7.642000000000007,0.00015782757333475395
7.644000000000006,0.00015805203470805468
7.646000000000007,0.00015805745145197614
7.648000000000007,0.00015801122830642889
7.650000000000007,0.0001581573407861761
7.652000000000007,0.0001584518182806971
7.654000000000007,0.00015862264680231025
7.656000000000007,0.00015858835816972422
7.658000000000007,0.00015857565272964919
7.660000000000006,0.0001587793925562353
7.662000000000007,0.00015906804835437438
7.664000000000007,0.00015917909577399525
7.666000000000007,0.00015912232776964935
7.668000000000007,0.00015915803843495613
7.670000000000007,0.00015940947070199052
7.672000000000007,0.00015967212899858224
7.674000000000007,0.0001597242354504369
7.676000000000006,0.0001596647430756465
7.678000000000007,0.00015975840054514856
7.680000000000007,0.0001600419104007822
7.682000000000007,0.00016026155412920268
7.684000000000007,0.00016026234165027187
7.686000000000007,0.00016022023873456942
7.688000000000007,0.00016037482029192252
7.690000000000007,0.00016067092483598028
7.692000000000006,0.00016083571420007908
7.694000000000007,0.00016079862808258266
7.696000000000007,0.00016079217773556226
7.698000000000007,0.00016100362878967295
7.700000000000007,0.0001612913185674511
7.702000000000007,0.0001613959301061535
7.704000000000007,0.00016133867619107234
7.706000000000007,0.0001613822455158731
7.708000000000006,0.0001616398196738686
7.710000000000007,0.00016189911798388662
7.712000000000007,0.00016194526721591274
7.714000000000007,0.0001618878310554947
7.716000000000007,0.00016199021427854704
7.718000000000007,0.0001622776479742738
7.720000000000007,0.00016249203331893808
7.722000000000007,0.0001624881670847303
7.724000000000006,0.00016245061515627462
7.726000000000007,0.0001626139211223787
7.728000000000007,0.0001629113367973764
7.730000000000007,0.00016306969950293654
7.732000000000007,0.00016302994622893058
7.734000000000007,0.0001630302130208247
7.736000000000007,0.00016324948299735464
7.738000000000007,0.00016353579080082004
7.740000000000006,0.0001636336810134087
7.742000000000007,0.00016357621477148393
7.744000000000007,0.0001636280812790311
7.746000000000007,0.00016389173920904054
7.748000000000007,0.0001641472137894895
7.750000000000007,0.00016418725876588686
7.752000000000007,0.000164132267474984
7.754000000000007,0.00016424373664773034
7.7560000000000064,0.00016453487350015505
7.758000000000007,0.00016474354760794008
7.760000000000007,0.00016473503909111842
7.762000000000007,0.00016470249952647842
7.764000000000007,0.0001648747639231632
7.766000000000007,0.00016517313264036854
7.768000000000007,0.00016532468394997446
7.770000000000007,0.00016528243548302735
7.7720000000000065,0.00016528990083712614
7.774000000000006,0.00016551706363184676
7.776000000000007,0.00016580153801960124
7.778000000000007,0.00016589243887420863
7.780000000000007,0.00016583507650535373
7.782000000000006,0.00016589568395239396
7.784000000000007,0.00016616532508068743
7.786000000000007,0.00016641648803792514
7.7880000000000065,0.00016645031184386871
7.790000000000006,0.00016639819278552181
7.792000000000007,0.00016651909781190133
7.794000000000007,0.00016681367124988383
7.796000000000007,0.00016701617161909293
7.798000000000006,0.00016700307176116536
7.800000000000007,0.000166976036057781
7.802000000000007,0.00016715746759116829
7.8040000000000065,0.00016745638783489947
7.806000000000008,0.00016760074916388062
7.808000000000007,0.00016755622189493224
7.810000000000007,0.00016757138478892125
7.812000000000007,0.00016780647649025648
7.814000000000008,0.00016808863074606328
7.816000000000007,0.00016817229552386348
7.818000000000007,0.00016811539762321553
7.8200000000000065,0.0001681851919858035
7.822000000000008,0.00016846066983104008
7.824000000000007,0.00016870701079248207
7.826000000000007,0.00016873453058536408
7.828000000000007,0.0001686857503427619
7.830000000000008,0.00016881642693407362
7.832000000000007,0.00016911412210805776
7.834000000000007,0.0001693099795087305
7.8360000000000065,0.00016929238226733034
7.838000000000008,0.00016927137115338442
7.840000000000007,0.0001694621488885495
7.842000000000007,0.00016976117475431957
7.844000000000007,0.0001698979774732018
7.846000000000007,0.000169851434950484
7.848000000000007,0.00016987480963617102
7.850000000000007,0.00017011782434270262
7.8520000000000065,0.00017039713710362975
7.854000000000007,0.0001704733446220852
7.856000000000007,0.00017041731775140068
7.858000000000007,0.0001704967437409846
7.860000000000007,0.00017077786246529753
7.862000000000007,0.000171018850730717
7.864000000000007,0.00017104002188939038
7.866000000000007,0.0001709950864394877
7.8680000000000065,0.0001711358517943115
7.870000000000007,0.00017143630337558557
7.872000000000007,0.00017162504525009697
7.874000000000007,0.0001716030911959182
7.876000000000007,0.00017158865329960915
7.878000000000007,0.00017178892202873025
7.880000000000007,0.0001720875626148588
7.882000000000007,0.0001722164522729372
7.884000000000007,0.00017216820782422343
7.886000000000007,0.00017220032105058625
7.888000000000007,0.00017245120654750534
7.890000000000007,0.00017272712290111736
7.8920000000000075,0.00017279568205049584
7.894000000000007,0.00017274098004957383
7.896000000000007,0.00017283047713538557
7.898000000000007,0.0001731169881510064
7.900000000000007,0.00017335207536390423
7.902000000000007,0.00017336689580833148
7.904000000000007,0.0001733263503027188
7.906000000000007,0.00017347749836331416
7.9080000000000075,0.0001737802885949588
7.910000000000007,0.00017396144296160515
7.912000000000007,0.00017393532288370595
7.914000000000007,0.00017392803291249592
7.916000000000007,0.0001741378982359973
7.918000000000007,0.0001744356174515349
7.920000000000007,0.0001745562584246768
7.922000000000007,0.00017450667762021477
7.9240000000000075,0.00017454806532111317
7.926000000000007,0.00017480671865825054
7.928000000000007,0.00017507865176304843
7.930000000000007,0.00017513940633965414
7.932000000000007,0.0001750865313201247
7.934000000000007,0.00017518652923718264
7.936000000000007,0.00017547812792784862
7.938000000000007,0.0001757067513056751
7.9400000000000075,0.00017571526595353687
7.942000000000007,0.00017567969404854583
7.944000000000007,0.00017584149033666313
7.946000000000007,0.00017614614740461831
7.948000000000007,0.00017631924728249426
7.950000000000007,0.00017628920575385454
7.952000000000007,0.00017628966213269204
7.954000000000007,0.00017650918528175352
7.9560000000000075,0.00017680540213707574
7.958000000000007,0.00017691748269635377
7.960000000000007,0.00017686698559475633
7.962000000000007,0.000176918189004463
7.964000000000007,0.00017718445202705158
7.966000000000007,0.00017745178531124173
7.968000000000007,0.00017750461912356685
7.970000000000007,0.0001774541220831427
7.9720000000000075,0.00017756503580936
7.974000000000007,0.0001778613584352412
7.976000000000007,0.00017808294459423224
7.978000000000007,0.00017808524991255736
7.980000000000007,0.00017805527258873965
7.982000000000007,0.0001782279486308158
7.984000000000007,0.00017853394542913237
7.986000000000007,0.0001786985337977054
7.9880000000000075,0.0001786648726459228
7.990000000000007,0.00017867369456291138
7.992000000000007,0.00017890288700082857
7.994000000000007,0.00017919697645059351
7.996000000000007,0.00017930021424138187
7.998000000000007,0.0001792492773543819
8.000000000000007,0.0001793108385167025
8.002000000000006,0.00017958449341060057
8.004000000000007,0.00017984658340346182
8.006000000000007,0.00017989142561924965
8.008000000000006,0.00017984390660874539
8.010000000000007,0.00017996613080270563
8.012000000000006,0.00018026675166457617
8.014000000000006,0.00018048072107167135
8.016000000000007,0.00018047696967421478
8.018000000000006,0.00018045324348126002
8.020000000000007,0.00018063699084240603
8.022000000000007,0.00018094374421362414
8.024000000000006,0.00018109937951345245
8.026000000000007,0.000181062461133627
8.028000000000006,0.00018108028494234762
8.030000000000006,0.0001813191027933425
8.032000000000007,0.00018161039720331063
8.034000000000006,0.00018170454511656775
8.036000000000007,0.00018165370302186679
8.038000000000007,0.00018172615966266514
8.040000000000006,0.00018200692458604506
8.042000000000007,0.00018226310443414384
8.044000000000006,0.00018229993512831888
8.046000000000006,0.00018225604290007802
8.048000000000007,0.00018238994579602985
8.050000000000006,0.00018269437474524586
8.052000000000007,0.00018290014682331712
8.054000000000007,0.00018289055205530924
8.056000000000006,0.00018287376671785593
8.058000000000007,0.0001830687306746681
8.060000000000006,0.00018337560121020613
8.062000000000006,0.00018352186338380094
8.064000000000007,0.00018348211382308854
8.066000000000006,0.00018350958875217038
8.068000000000007,0.0001837579271178058
8.070000000000007,0.0001840457184278388
8.072000000000006,0.0001841305708362717
8.074000000000007,0.00018408041736164837
8.076000000000006,0.00018416429710019222
8.078000000000007,0.00018445182198513488
8.080000000000007,0.00018470140570289728
8.082000000000006,0.00018473026155595151
8.084000000000007,0.0001846906926172842
8.086000000000007,0.00018483660938568847
8.088000000000006,0.0001851442897732175
8.090000000000007,0.00018534128868015476
8.092000000000006,0.000185326129122948
8.094000000000007,0.00018531700444104904
8.096000000000007,0.00018552327733482865
8.098000000000006,0.00018582956982581
8.100000000000007,0.0001859660668887958
8.102000000000007,0.00018592397862339516
8.104000000000006,0.00018596176174703882
8.106000000000007,0.0001862194489836988
8.108000000000006,0.00018650299163895656
8.110000000000007,0.0001865783909602431
8.112000000000007,0.00018652957985559881
8.114000000000006,0.00018662539373762166
8.116000000000007,0.00018691925635633266
8.118000000000007,0.0001871615438547719
8.120000000000006,0.00018718252394168966
8.122000000000007,0.00018714802093441896
8.124000000000006,0.00018730624652549266
8.126000000000007,0.00018761655369241292
8.128000000000007,0.00018780421478568898
8.130000000000006,0.00018778383860448833
8.132000000000007,0.00018778312058309599
8.134000000000007,0.0001880007349086693
8.136000000000006,0.00018830569954013388
8.138000000000007,0.00018843207466195944
8.140000000000006,0.00018838820898019193
8.142000000000007,0.00018843695940805316
8.144000000000007,0.00018870375145188523
8.146000000000006,0.00018898226617256042
8.148000000000007,0.00018904810971133446
8.150000000000007,0.0001890013547194147
8.152000000000006,0.0001891095900634493
8.154000000000007,0.00018940929246565041
8.156000000000006,0.00018964357539719146
8.158000000000007,0.00018965684699563667
8.160000000000007,0.00018962819631943018
8.162000000000006,0.00018979897782138433
8.164000000000007,0.0001901112182398773
8.166000000000007,0.00019028899522849363
8.168000000000006,0.00019026382427636546
8.170000000000007,0.00019027228041935962
8.172000000000006,0.00019050120172039997
8.174000000000007,0.0001908040361030816
8.176000000000007,0.00019091997516591797
8.178000000000006,0.00019087496406197668
8.180000000000007,0.0001909353363127031
8.182000000000007,0.00019121091115414934
8.184000000000006,0.00019148358960932588
8.186000000000007,0.00019153983661701623
8.188000000000006,0.00019149591084859086
8.190000000000007,0.00019161702340857178
8.192000000000007,0.000191921988847904
8.194000000000006,0.00019214755729636546
8.196000000000007,0.00019215336163153074
8.198000000000008,0.00019213139022758452
8.200000000000006,0.00019231491878558826
8.202000000000007,0.0001926283299658882
8.204000000000006,0.00019279570274031987
8.206000000000007,0.00019276623632137613
8.208000000000006,0.00019278465002957323
8.210000000000006,0.0001930247696862869
8.212000000000007,0.00019332462182140853
8.214000000000006,0.00019342986141168694
8.216000000000006,0.00019338440888749808
8.218000000000007,0.0001934570454197454
8.220000000000006,0.0001937409978439164
8.222000000000007,0.000194007008289504
8.224000000000007,0.00019405368716823856
8.226000000000006,0.00019401342168309799
8.228000000000007,0.00019414782714390066
8.230000000000006,0.00019445739762190273
8.232000000000006,0.00019467354765603795
8.234000000000007,0.00019467220548759212
8.236000000000006,0.00019465777669905315
8.238000000000007,0.00019485417905774904
8.240000000000006,0.00019516793034114743
8.242000000000006,0.0001953244134579729
8.244000000000007,0.00019529123164307993
8.246000000000006,0.00019532039566001747
8.248000000000006,0.00019557152367480346
8.250000000000007,0.00019586749594305286
8.252000000000006,0.00019596183171696757
8.254000000000007,0.00019591671438222436
8.256000000000007,0.0001960022372666098
8.258000000000006,0.00019629407399164578
8.260000000000007,0.00019655256792416864
8.262000000000006,0.00019658978348745249
8.264000000000006,0.00019655406497830208
8.266000000000007,0.00019670212981648394
8.268000000000006,0.00019701556438314616
8.270000000000007,0.00019722160647930864
8.272000000000006,0.00019721352342357001
8.274000000000006,0.00019720753185072104
8.276000000000007,0.0001974168616027394
8.278000000000006,0.00019773005596279702
8.280000000000006,0.00019787520774665335
8.282000000000007,0.00019783897412449514
8.284000000000006,0.00019787968298161374
8.286000000000007,0.0001981415408854187
8.288000000000007,0.00019843269514839557
8.290000000000006,0.00019851599049658386
8.292000000000007,0.00019847205735001872
8.294000000000006,0.00019857105908009653
8.296000000000006,0.00019887019444070342
8.298000000000007,0.0001991203143071607
8.300000000000006,0.00019914825499504907
8.302000000000007,0.00019911802247039867
8.304000000000006,0.00019928005423146267
8.306000000000006,0.00019959652818901663
8.308000000000007,0.00019979179651392898
8.310000000000006,0.0001997774679816655
8.312000000000006,0.00019978083325307427
8.314000000000007,0.00020000306189646433
8.316000000000006,0.0002003147388719012
8.318000000000007,0.0002004481710793371
8.320000000000007,0.00020040963481622598
8.322000000000006,0.0002004626762403261
8.324000000000007,0.0002007348902629824
8.326000000000006,0.00020102025415601188
8.328000000000007,0.00020109244907613733
8.330000000000007,0.00020105062034594945
8.332000000000006,0.0002011636538028494
8.334000000000007,0.00020146940614033937
8.336000000000006,0.00020171029413067199
8.338000000000006,0.0002017292390630171
8.340000000000007,0.00020170547942377492
8.342000000000006,0.0002018817164879949
8.344000000000007,0.00020220032165180202
8.346000000000007,0.00020238418417858894
8.348000000000006,0.000202364199796648
8.350000000000007,0.00020237785918418572
8.352000000000007,0.00020261286711480142
8.354000000000006,0.00020292200699344176
8.356000000000007,0.00020304339496637902
8.358000000000006,0.00020300339203949136
8.360000000000007,0.00020306953729598565
8.362000000000007,0.00020335163196434636
8.364000000000006,0.00020363020644985352
8.366000000000007,0.00020369132651894273
8.368000000000006,0.0002036525914353715
8.370000000000006,0.00020378015903940727
8.372000000000007,0.00020409174797379748
8.374000000000006,0.00020432255590627224
8.376000000000007,0.00020433288164121988
8.378000000000007,0.00020431662404787887
8.380000000000006,0.0002045072249815677
8.382000000000007,0.00020482697115509207
8.384000000000007,0.00020499884056632278
8.386000000000006,0.0002049738879393026
8.388000000000007,0.00020499878775355473
8.390000000000006,0.00020524635534220625
8.392000000000007,0.00020555188471055308
8.394000000000007,0.00020566097792626414
8.396000000000006,0.0002056204313862081
8.398000000000007,0.00020570042455164694
8.400000000000006,0.00020599181689749668
8.402000000000006,0.00020626258513346818
8.404000000000007,0.0002063127504526724
8.406000000000006,0.00020627816382345898
8.408000000000007,0.00020642070593078488
8.410000000000007,0.00020673725070072257
8.412000000000006,0.00020695715099060263
8.414000000000007,0.00020695933784081744
8.416000000000007,0.00020695164677250744
8.418000000000006,0.0002071566793870605
8.420000000000007,0.00020747649720938288
8.422000000000006,0.00020763584251981548
8.424000000000007,0.00020760671017495957
8.426000000000007,0.00020764379588987525
8.428000000000006,0.0002079035948204383
8.430000000000007,0.0002082043935827671
8.432000000000006,0.00020830102648654314
8.434000000000006,0.00020826094559887876
8.436000000000007,0.00020835549177365686
8.438000000000006,0.0002086554863549167
8.440000000000007,0.00020891742391430934
8.442000000000007,0.00020895685788134555
8.444000000000006,0.00020892753534013098
8.446000000000007,0.00020908541796775537
8.448000000000008,0.00020940593703369648
8.450000000000006,0.00020961413471290435
8.452000000000007,0.00020960877245658482
8.454000000000006,0.00020961073936986985
8.456000000000007,0.00020983016964114254
8.458000000000007,0.00021014891496157206
8.460000000000006,0.00021029527376878465
8.462000000000007,0.00021026285311853687
8.464000000000006,0.00021031305819010915
8.466000000000006,0.00021058464325959814
8.468000000000007,0.00021087955321667795
8.470000000000006,0.0002109636562014766
8.472000000000007,0.00021092513431138216
8.474000000000007,0.00021103488680995763
8.476000000000006,0.00021134267176425858
8.478000000000007,0.0002115947582208011
8.480000000000008,0.00021162379596451064
8.482000000000006,0.00021160090776413398
8.484000000000007,0.00021177440975780892
8.486000000000006,0.00021209782186919213
8.488000000000007,0.0002122935675994836
8.490000000000007,0.00021228136040812862
8.492000000000006,0.00021229409391536336
8.494000000000007,0.00021252777494608355
8.496000000000006,0.00021284423487283322
8.498000000000006,0.00021297722611914038
8.500000000000007,0.00021294251226389171
8.502000000000006,0.00021300674562876876
8.504000000000007,0.0002132895472375801
8.506000000000007,0.00021357738229632606
8.508000000000006,0.00021364899267027615
8.510000000000007,0.00021361320363122438
8.512000000000008,0.00021373875021496458
8.514000000000006,0.00021405339458094308
8.516000000000007,0.00021429462644963204
8.518000000000006,0.00021431372274438587
8.520000000000007,0.00021429848597236123
8.522000000000007,0.0002144877857649108
8.524000000000006,0.00021481291269251357
8.526000000000007,0.00021499551668674455
8.528000000000006,0.00021497728707775554
8.530000000000006,0.00021500190157851262
8.532000000000007,0.0002152495628200829
8.534000000000006,0.0002155624635775122
8.536000000000007,0.0002156818006793515
8.538000000000007,0.00021564589186631733
8.540000000000006,0.00021572502413076677
8.542000000000007,0.00021601834171509904
8.544000000000008,0.00021629789977670177
8.546000000000006,0.00021635717253647158
8.548000000000007,0.00021632536554370974
8.550000000000006,0.00021646721379561806
8.552000000000007,0.00021678766634847246
8.554000000000007,0.0002170170713406
8.556000000000006,0.00021702680779749073
8.558000000000007,0.0002170204769001427
8.560000000000006,0.00021722563904492953
8.562000000000006,0.00021755121017640044
8.564000000000007,0.00021772005691121643
8.566000000000006,0.0002176967485205128
8.568000000000007,0.00021773435124129714
8.570000000000007,0.00021799558822351017
8.572000000000006,0.00021830360493316214
8.574000000000007,0.0002184091091064766
8.576000000000008,0.00021837320465420418
8.578000000000007,0.0002184680530146338
8.580000000000007,0.00021877104969685035
8.582000000000006,0.00021904112624210326
8.584000000000007,0.00021908834444657466
8.586000000000007,0.0002190618371187142
8.588000000000006,0.00021922039909685886
8.590000000000007,0.00021954548895215809
8.592000000000006,0.00021976214147068074
8.594000000000007,0.0002197632327860105
8.596000000000007,0.00021976708830120928
8.598000000000006,0.00021998805000518484
8.600000000000007,0.00022031270899072752
8.602000000000007,0.00022046727256222476
8.604000000000006,0.00022043995152078166
8.606000000000007,0.00022049162794174348
8.608000000000008,0.0002207658927938505
8.610000000000007,0.00022106766127014121
8.612000000000007,0.00022115927485122366
8.614000000000006,0.00022112467134587088
8.616000000000007,0.00022123598331799665
8.618000000000007,0.00022154768207011122
8.620000000000006,0.0002218070854273918
8.622000000000007,0.00022184266994268453
8.624000000000006,0.00022182283950161752
8.626000000000007,0.00022199841585056335
8.628000000000007,0.00022232685509129824
8.630000000000006,0.00022252989285663494
8.632000000000007,0.00022252319188167946
8.634000000000007,0.000222538527298477
8.636000000000006,0.0002227750852205751
8.638000000000007,0.00022309739883910606
8.640000000000008,0.00022323725877820833
8.642000000000007,0.00022320711346712763
8.644000000000007,0.0002232739111473897
8.646000000000006,0.00022356050422474294
8.648000000000007,0.00022385463484521362
8.650000000000007,0.00022393243437737742
8.652000000000006,0.00022390051994740368
8.654000000000007,0.00022402895602359474
8.656000000000006,0.0002243482376536876
8.658000000000007,0.00022459580589540007
8.660000000000007,0.00022462032426051604
8.662000000000006,0.00022460859667167155
8.664000000000007,0.00022480136041821974
8.666000000000007,0.00022513174899459198
8.668000000000006,0.00022532039065062404
8.670000000000007,0.00022530689203054122
8.672000000000008,0.00022533499871996154
8.674000000000007,0.00022558679634369916
8.676000000000007,0.0002259052657351962
8.678000000000006,0.00022603012306401937
8.680000000000007,0.0002259984620170269
8.682000000000007,0.00022608137286743435
8.684000000000006,0.00022637943582830278
8.686000000000007,0.0002266645294990155
8.688000000000006,0.00022672873832781104
8.690000000000007,0.00022670098480741252
8.692000000000007,0.00022684710020880183
8.694000000000006,0.00022717270348962537
8.696000000000007,0.0002274073228605289
8.698000000000008,0.00022742149700159808
8.700000000000006,0.0002274193339533992
8.702000000000007,0.00022762931426278943
8.704000000000008,0.000227960147400591
8.706000000000005,0.0002281337109091841
8.708000000000007,0.000228114553027986
8.710000000000006,0.0002281567032198506
8.712000000000007,0.0002284232191512997
8.714000000000008,0.00022873629352737623
8.716000000000006,0.00022884598680254775
8.718000000000007,0.00022881423452139615
8.720000000000006,0.00022891417561919647
8.722000000000005,0.00022922268632052933
8.724000000000007,0.00022949735251469316
8.726000000000006,0.00022954835260478867
8.728000000000007,0.00022952630540659658
8.730000000000008,0.0002296905311503089
8.732000000000006,0.00023002105541043705
8.734000000000007,0.0002302416801425594
8.736000000000008,0.00023024639264454527
8.738000000000005,0.00023025527627042186
8.740000000000007,0.00023048234249209432
8.742000000000006,0.00023081202082203545
8.744000000000007,0.00023096994241077196
8.746000000000008,0.00023094640736842642
8.748000000000006,0.0002310038351891891
8.750000000000007,0.00023128437277228353
8.752000000000006,0.00023159046567647334
8.754000000000005,0.00023168498672913873
8.756000000000007,0.00023165467717921329
8.758000000000006,0.0002317724702713131
8.760000000000007,0.00023209023987158517
8.762000000000008,0.00023235311666659764
8.764000000000006,0.0002323914593290871
8.766000000000007,0.0002323767248609554
8.768000000000008,0.00023255934842232595
8.770000000000008,0.0002328932589112931
8.772000000000007,0.00023309893223025235
8.774000000000006,0.0002330952308587514
8.776000000000007,0.00023311664613530347
8.778000000000008,0.00023336049252180302
8.780000000000006,0.00023368733510951978
8.782000000000007,0.000233829188492643
8.784000000000006,0.00023380269983479252
8.786000000000008,0.00023387658046894466
8.788000000000007,0.00023417025914747314
8.790000000000006,0.00023446776728525132
8.792000000000007,0.00023454727633293038
8.794000000000008,0.00023452004389322434
8.796000000000006,0.00023465639379514902
8.798000000000007,0.00023498206646274666
8.800000000000008,0.00023523184244494955
8.802000000000008,0.00023525825763823227
8.804000000000007,0.00023525248812221455
8.806000000000006,0.0002354536340340163
8.808000000000007,0.0002357892703545722
8.810000000000008,0.00023597914642775608
8.812000000000006,0.00023596824657950988
8.814000000000007,0.00023600366137647988
8.816000000000006,0.00023626379291169508
8.818000000000008,0.00023658605332307903
8.820000000000007,0.00023671156887171418
8.822000000000006,0.00023668368679129193
8.824000000000007,0.00023677511388575656
8.826000000000008,0.00023708086277175744
8.828000000000007,0.00023736818737216114
8.830000000000007,0.00023743302714504533
8.832000000000008,0.00023741059479936988
8.834000000000009,0.00023756606696445637
8.836000000000007,0.00023789812258952214
8.838000000000006,0.00023813356043456135
8.840000000000007,0.00023814896428125953
8.842000000000008,0.000238153839862823
8.844000000000007,0.00023837345066103632
8.846000000000007,0.00023870903852937775
8.848000000000006,0.00023888240505141878
8.850000000000007,0.00023886568980344136
8.852000000000007,0.00023891653260901813
8.854000000000006,0.00023919225243423936
8.856000000000007,0.0002395081379161501
8.858000000000008,0.00023961722140947161
8.860000000000007,0.00023958963514318643
8.862000000000007,0.00023969959664008056
8.864000000000008,0.0002400161507716686
8.866000000000007,0.00024029172137519927
8.868000000000007,0.00024034242986822885
8.870000000000006,0.0002403265944455335
8.872000000000007,0.00024050159205249444
8.874000000000008,0.00024083835234828266
8.876000000000007,0.0002410583138183764
8.878000000000007,0.0002410638139629384
8.880000000000006,0.00024108102203941606
8.882000000000007,0.00024131884003268655
8.884000000000007,0.0002416525065824099
8.886000000000006,0.00024180880763813306
8.888000000000007,0.00024178782506011076
8.890000000000008,0.00024185546046634476
8.892000000000007,0.00024214585943800604
8.894000000000007,0.00024245355322650985
8.896000000000008,0.0002425463037750153
8.898000000000007,0.00024252082092864058
8.900000000000007,0.0002426501735879466
8.902000000000006,0.00024297607336996874
8.904000000000007,0.0002432383738632804
8.906000000000008,0.00024327569529913884
8.908000000000007,0.00024326830960015589
8.910000000000007,0.00024346305058713102
8.912000000000006,0.00024380268893871293
8.914000000000007,0.00024400616097078331
8.916000000000007,0.00024400305938929168
8.918000000000006,0.00024403427113703358
8.920000000000007,0.0002442898215433975
8.922000000000008,0.0002446196143296303
8.924000000000007,0.0002447584731198188
8.926000000000007,0.00024473493051622996
8.928000000000008,0.000244820632621226
8.930000000000007,0.0002451245815710962
8.932000000000007,0.000245422268262227
8.934000000000006,0.0002454989949553371
8.936000000000007,0.0002454775275103349
8.938000000000008,0.0002456269704681213
8.940000000000007,0.0002459605647866514
8.942000000000007,0.0002462081614250239
8.944000000000006,0.0002462330549893865
8.946000000000007,0.00024623600667715573
8.948000000000008,0.0002464505012334528
8.950000000000006,0.0002467910566079923
8.952000000000007,0.00024697717809678277
8.954000000000008,0.0002469669709619926
8.956000000000005,0.00024701381510564
8.958000000000007,0.00024728639116415596
8.960000000000008,0.00024761030094874736
8.962000000000007,0.00024773154191223834
8.964000000000008,0.00024770729666891145
8.966000000000006,0.0002478122206350658
8.968000000000007,0.0002481283659301753
8.970000000000008,0.0002484142597602018
8.972000000000005,0.00024847549655643286
8.974000000000007,0.00024846004333882454
8.976000000000006,0.00024863009113978984
8.978000000000007,0.00024896954462112764
8.980000000000008,0.00024920111569508296
8.982000000000006,0.00024921476158895617
8.984000000000007,0.0002492299487720784
8.986000000000008,0.0002494639778831409
8.988000000000005,0.00024980337305392786
8.990000000000007,0.0002499714618660609
8.992000000000008,0.00024995583607023697
8.994000000000007,0.0002500198700133155
8.996000000000008,0.00025030852073236465
8.998000000000006,0.00025062450804377856
9.000000000000007,0.00025072817785991297
9.002000000000008,0.00025070522458653377
9.004000000000005,0.00025083037669001995
9.006000000000007,0.00025115713969954545
9.008000000000006,0.0002514295154851104
9.010000000000007,0.00025147603383349204
9.012000000000008,0.00025146865926564677
9.014000000000006,0.0002516596149080147
9.016000000000007,0.0002520029197529139
9.018000000000008,0.00025221728647005504
9.020000000000008,0.0002522210888113441
9.022000000000007,0.0002522503923154812
9.024000000000008,0.00025250348803898537
9.026000000000007,0.00025283955229429833
9.028000000000008,0.0002529891319831834
9.030000000000006,0.000252969957926355
9.032000000000007,0.0002530526364538377
9.034000000000008,0.00025335615770258335
9.036000000000008,0.0002536621830591945
9.038000000000007,0.00025374856997280315
9.040000000000006,0.00025372902365998484
9.042000000000007,0.0002538752302723851
9.044000000000008,0.0002542108113393754
9.046000000000006,0.00025446803772602444
9.048000000000007,0.0002545008563850093
9.050000000000008,0.00025450366539311875
9.052000000000008,0.0002547155940273993
9.054000000000007,0.00025506058678945176
9.056000000000008,0.0002552567448561027
9.058000000000007,0.0002552523309590077
9.060000000000008,0.0002552975833619714
9.062000000000006,0.0002555690115895043
9.064000000000007,0.0002558995079974674
9.066000000000008,0.00025603033362718575
9.068000000000008,0.00025600965389464825
9.070000000000007,0.00025611229576265326
9.072000000000006,0.00025642922543908653
9.074000000000007,0.00025672328301185043
9.076000000000008,0.0002567929338841146
9.078000000000007,0.00025677900883261384
9.080000000000007,0.0002569468848921397
9.082000000000008,0.0002572892723761988
9.084000000000009,0.00025752984693622194
9.086000000000007,0.000257550238440693
9.088000000000008,0.00025756534745857707
9.090000000000007,0.00025779805148549995
9.092000000000008,0.00025814243507694956
9.094000000000007,0.0002583195863808674
9.096000000000007,0.00025830880194557815
9.098000000000008,0.00025837175354979924
9.100000000000007,0.00025866050007344876
9.102000000000007,0.000258983157255685
9.104000000000006,0.0002590952396869378
9.106000000000007,0.00025907525326526737
9.108000000000008,0.0002591990061132643
9.110000000000007,0.0002595276241281891
9.112000000000007,0.00025980777849302084
9.114000000000008,0.00025986151295318005
9.116000000000007,0.00025985549728647916
9.118000000000007,0.0002600454149392084
9.120000000000008,0.00026039239983716156
9.122000000000007,0.0002606149854517681
9.124000000000008,0.00026062447867053473
9.126000000000007,0.0002606539827656601
9.128000000000007,0.0002609069791782437
9.130000000000008,0.00026124835027668825
9.132000000000007,0.00026140593399408274
9.134000000000007,0.00026139083375337213
9.136000000000006,0.00026147311578345045
9.138000000000007,0.0002617778765352796
9.140000000000008,0.0002620904247670197
9.142000000000007,0.00026218405271082046
9.144000000000007,0.00026216709443095676
9.146000000000008,0.0002623128985849432
9.148000000000007,0.0002626512323810476
9.150000000000007,0.00026291565788100213
9.152000000000008,0.00026295457893331375
9.154000000000007,0.00026295880457366527
9.156000000000008,0.00026317086279231683
9.158000000000007,0.0002635200593572168
9.160000000000007,0.00026372352121091513
9.162000000000008,0.0002637238994411123
9.164000000000007,0.00026376983569198487
9.166000000000007,0.0002640423365974365
9.168000000000006,0.0002643782184919563
9.170000000000007,0.0002645159408714015
9.172000000000008,0.00026449877426618085
9.174000000000007,0.0002646018597130956
9.176000000000007,0.00026492103607152206
9.178000000000008,0.0002652212473766291
9.180000000000007,0.000265297006483714
9.182000000000007,0.00026528552143371964
9.184000000000008,0.000265454073312299
9.186000000000007,0.00026579990958644495
9.188000000000008,0.0002660469316904529
9.190000000000007,0.0002660724321194019
9.192000000000007,0.0002660892401968873
9.194000000000008,0.0002663232363113721
9.196000000000007,0.00026667210897043936
9.198000000000008,0.0002668555513881954
9.200000000000006,0.0002668488454445478
9.202000000000007,0.0002669131528231644
9.204000000000008,0.00026720405015370763
9.206000000000005,0.00026753193091308414
9.208000000000007,0.00026764979292823177
9.210000000000008,0.0002676329844237685
9.212000000000007,0.0002677581471073748
9.214000000000008,0.00026808984715968875
9.216000000000008,0.0002683755789106984
9.218000000000007,0.0002684343671376377
9.220000000000008,0.0002684308798591717
9.222000000000005,0.0002686225958480476
9.224000000000007,0.0002689734990581061
9.226000000000008,0.0002692016369703343
9.228000000000007,0.0002692154008892278
9.230000000000008,0.00026924710266248986
9.232000000000006,0.00026950250685442434
9.234000000000007,0.00026984840357786866
9.236000000000008,0.0002700112058440507
9.238000000000005,0.0002699996816283856
9.240000000000007,0.0002700841577878005
9.242000000000008,0.00027039201325997075
9.244000000000007,0.00027070938892809204
9.246000000000008,0.0002708077109424972
9.248000000000008,0.00027079383465238027
9.250000000000007,0.00027094210723932477
9.252000000000008,0.00027128415385180293
9.254000000000005,0.0002715533952193233
9.256000000000007,0.0002715964336985205
9.258000000000008,0.0002716035120740312
9.260000000000007,0.00027181849388766
9.262000000000008,0.0002721718320013722
9.264000000000006,0.00027237984165025264
9.266000000000007,0.0002723838405498946
9.268000000000008,0.0002724326740519839
9.270000000000008,0.0002727086079694768
9.272000000000007,0.0002730488000620285
9.274000000000008,0.000273190650282612
9.276000000000007,0.0002731767903588894
9.278000000000008,0.0002732830458935659
9.280000000000008,0.0002736060872931545
9.282000000000007,0.0002739105096257466
9.284000000000008,0.0002739899521786854
9.286000000000008,0.0002739817005386058
9.288000000000007,0.00027415383243203917
9.290000000000008,0.0002745037788964011
9.292000000000007,0.00027475469932812524
9.294000000000008,0.0002747835379673935
9.296000000000006,0.0002748037518215535
9.298000000000007,0.00027504175452228163
9.300000000000008,0.00027539473230082934
9.302000000000008,0.00027558164872105995
9.304000000000007,0.0002755781314042749
9.306000000000008,0.00027564621418513235
9.308000000000007,0.00027594143491306566
9.310000000000008,0.0002762731629934595
9.312000000000008,0.00027639408900062556
9.314000000000007,0.00027638056775966535
9.316000000000008,0.0002765099786941061
9.318000000000008,0.0002768461035419223
9.320000000000007,0.00027713523159696163
9.322000000000008,0.00027719681139976027
9.324000000000007,0.00027719695772968067
9.326000000000008,0.0002773933739322887
9.328000000000007,0.00027774852783138404
9.330000000000007,0.0002779795265825391
9.332000000000008,0.0002779960436343071
9.334000000000009,0.00027803191821550166
9.336000000000007,0.00027829232219710176
9.338000000000008,0.0002786420221040642
9.340000000000007,0.00027880720012490867
9.342000000000008,0.0002787986759553579
9.344000000000008,0.0002788879544784184
9.346000000000007,0.0002792008451449751
9.348000000000008,0.0002795213708499389
9.350000000000007,0.0002796217671027501
9.352000000000007,0.00027961141917880183
9.354000000000008,0.00027976507864725664
9.356000000000007,0.0002801118662294627
9.358000000000008,0.0002803835209198302
9.360000000000007,0.0002804286211494089
9.362000000000007,0.000280439976066707
9.364000000000008,0.00028066073830401717
9.366000000000007,0.00028101819406238515
9.368000000000007,0.000281227949652213
9.370000000000008,0.0002812343445224019
9.372000000000007,0.0002812883092033758
9.374000000000008,0.00028157009756005213
9.376000000000008,0.0002819135281469515
9.378000000000007,0.0002820566802191615
9.380000000000008,0.0002820458951752619
9.382000000000007,0.00028215809163716077
9.384000000000007,0.0002824866599372561
9.386000000000008,0.000282793322642666
9.388000000000007,0.0002828739720518031
9.390000000000008,0.0002828697537565067
9.392000000000007,0.0002830484240537168
9.394000000000007,0.0002834031566752715
9.396000000000008,0.0002836553771933814
9.398000000000007,0.0002836857511860358
9.400000000000007,0.0002837111129841141
9.402000000000008,0.00028395588455003284
9.404000000000007,0.00028431256490989154
9.406000000000008,0.00028450008325078824
9.408000000000008,0.0002844988618655314
9.410000000000007,0.0002845731946050367
9.412000000000008,0.00028487493738506287
9.414000000000007,0.0002852090887345282
9.416000000000007,0.0002853303186691747
9.418000000000008,0.00028532022377859845
9.420000000000007,0.0002854567813555531
9.422000000000008,0.00028579866721643865
9.424000000000007,0.0002860889448181303
9.426000000000007,0.0002861510344189522
9.428000000000008,0.00028615597808831494
9.430000000000007,0.00028636004449567043
9.432000000000007,0.0002867197386283299
9.434000000000008,0.00028695083946711497
9.436000000000007,0.0002869686069483096
9.438000000000008,0.0002870107062420135
9.440000000000008,0.000287278722182982
9.442000000000007,0.00028763142857188284
9.444000000000008,0.0002877960884123537
9.446000000000007,0.0002877900405296313
9.448000000000008,0.00028788680887249785
9.450000000000008,0.0002882066557435281
9.452000000000007,0.00028852856125949344
9.454000000000008,0.00028862839261832585
9.456000000000005,0.0002886221044578613
9.458000000000007,0.000288784132236361
9.460000000000008,0.00028913662573056
9.462000000000007,0.0002894081982800917
9.464000000000008,0.00028945332769422794
9.466000000000008,0.00028947048900856975
9.468000000000007,0.0002896999170171055
9.470000000000008,0.00029006136476628086
9.472000000000008,0.0002902699918963386
9.474000000000007,0.00029027762693864534
9.476000000000008,0.0002903390660999178
9.478000000000007,0.00029062911046881523
9.480000000000008,0.00029097458191103265
9.482000000000008,0.0002911161761574299
9.484000000000007,0.00029110834410156494
9.486000000000008,0.0002912293437599689
9.488000000000005,0.0002915650265799957
9.490000000000007,0.0002918718301091472
9.492000000000008,0.0002919512279776909
9.494000000000007,0.00029195198106418685
9.496000000000008,0.000292140200177482
9.498000000000008,0.0002925002705956581
9.500000000000007,0.00029275108535292693
9.502000000000008,0.00029278126702003693
9.504000000000008,0.0002928136655574315
9.506000000000007,0.00029306796330701157
9.508000000000008,0.0002934277843113786
9.510000000000007,0.00029361296893942734
9.512000000000008,0.0002936132789167628
9.514000000000008,0.00029369646708342356
9.516000000000007,0.0002940068590593231
9.518000000000008,0.00029434183893503607
9.520000000000008,0.00029446061037091686
9.522000000000007,0.0002944542487887253
9.524000000000008,0.00029460094113763213
9.526000000000007,0.0002949497878155932
9.528000000000008,0.0002952388147798718
9.530000000000008,0.00029529919967548335
9.532000000000007,0.0002953102907487931
9.534000000000008,0.0002955249835049495
9.536000000000008,0.00029588932023179304
9.538000000000007,0.0002961176564885981
9.540000000000008,0.0002961353067127137
9.542000000000007,0.00029618586023848203
9.544000000000008,0.00029646404815313054
9.546000000000008,0.00029681875166806537
9.548000000000007,0.00029697995990034254
9.550000000000008,0.000296976054810022
9.552000000000008,0.00029708313954840415
9.554000000000007,0.00029741173021102796
9.556000000000008,0.00029773303980053234
9.558000000000007,0.00029782970971087286
9.560000000000008,0.00029782823609911246
9.562000000000008,0.0002980016862277196
9.564000000000007,0.0002983606470629563
9.566000000000008,0.0002986294779921683
9.568000000000008,0.0002986727307060094
9.570000000000007,0.00029869745512252355
9.572000000000008,0.00029893841915687447
9.574000000000007,0.0002993034846470871
9.576000000000008,0.00029950801650097114
9.578000000000008,0.00029951593644614305
9.580000000000007,0.00029958738972699073
9.582000000000008,0.0002998879794316178
9.584000000000009,0.0003002340359373329
9.586000000000007,0.00030037121261225486
9.588000000000008,0.00030036646426802316
9.590000000000007,0.00030049926129925575
9.592000000000008,0.00030084344275439767
9.594000000000008,0.00030114806013202544
9.596000000000007,0.00030122384836223093
9.598000000000008,0.000301230784306869
9.600000000000007,0.000301431601582261
9.602000000000007,0.0003017972889825804
9.604000000000008,0.00030204383357360087
9.606000000000007,0.0003020722898218753
9.608000000000008,0.0003021138705401605
9.610000000000008,0.0003023803802365693
9.612000000000007,0.0003027424749708213
9.614000000000008,0.00030292233009943104
9.616000000000007,0.00030292367598533376
9.618000000000007,0.0003030185252467371
9.620000000000008,0.0003033395098782643
9.622000000000007,0.0003036734311150091
9.624000000000008,0.0003037870360498435
9.626000000000008,0.00030378502681611963
9.628000000000007,0.00030394494957267093
9.630000000000008,0.0003043016779309682
9.632000000000007,0.0003045868204143015
9.634000000000007,0.00030464345545096194
9.636000000000008,0.0003046623587540237
9.638000000000007,0.0003048906421550257
9.640000000000008,0.0003052593842496898
9.642000000000008,0.0003054819538576281
9.644000000000007,0.000305498387722411
9.646000000000008,0.00030555989767633296
9.648000000000007,0.00030585067525489007
9.650000000000007,0.0003062060140779227
9.652000000000008,0.00030636082648174967
9.654000000000007,0.00030635906837914173
9.656000000000008,0.00030647948289801163
9.658000000000008,0.00030681834085238835
9.660000000000007,0.0003071367667341063
9.662000000000008,0.00030722780165753916
9.66400000000001,0.00030723226260211123
9.666000000000007,0.0003074202537495657
9.668000000000008,0.00030778608715427425
9.670000000000007,0.0003080492951861302
9.672000000000008,0.00030808901293866153
9.674000000000008,0.00030812340109491465
9.676000000000007,0.0003083786918427478
9.678000000000008,0.0003087466000323419
9.680000000000007,0.00030894397633006443
9.682000000000007,0.0003089515716058755
9.684000000000008,0.0003090358506270402
9.686000000000007,0.00030934904936368024
9.688000000000008,0.0003096938480856154
9.690000000000008,0.0003098238027421235
9.692000000000007,0.000309822671552884
9.694000000000008,0.00030997041428254546
9.69600000000001,0.00031032412825193756
9.698000000000008,0.0003106239186698029
9.700000000000008,0.0003106939431799516
9.702000000000007,0.00031070868177973665
9.704000000000008,0.000310925149201266
9.706000000000008,0.00031129630167872624
9.708000000000007,0.00031153552173959764
9.710000000000008,0.00031156105182614247
9.712000000000007,0.000311614317656736
9.714000000000008,0.00031189556187713463
9.716000000000008,0.0003122586118072812
9.718000000000007,0.00031243010924418557
9.720000000000008,0.0003124324179761273
9.722000000000008,0.00031254198584475257
9.724000000000007,0.00031287518784646473
9.726000000000008,0.00031320575844696885
9.72800000000001,0.0003133116258462465
9.730000000000008,0.00031331504828183143
9.732000000000008,0.0003134913978360271
9.734000000000007,0.00031385649066800747
9.736000000000008,0.00031413481978824487
9.738000000000008,0.0003141859547874243
9.740000000000007,0.00031421477263449127
9.742000000000008,0.0003144595327079086
9.744000000000007,0.0003148319440770819
9.746000000000008,0.0003150456080109332
9.748000000000008,0.00031506014651287717
9.750000000000007,0.00031513546716707697
9.752000000000008,0.0003154409914335188
9.754000000000008,0.0003157951162678918
9.756000000000007,0.0003159406359201089
9.758000000000008,0.0003159415236279328
9.760000000000009,0.0003160784912925596
9.762000000000008,0.0003164287220723955
9.764000000000008,0.00031674157431328676
9.766000000000007,0.00031682473292907187
9.768000000000008,0.0003168367545830775
9.770000000000008,0.0003170424313332504
9.772000000000007,0.0003174150197810671
9.774000000000008,0.0003176694700922078
9.776000000000007,0.0003177043873007074
9.778000000000008,0.00031775098863369433
9.780000000000008,0.00031802321989903015
9.782000000000007,0.0003183926413390936
9.784000000000008,0.0003185797393368134
9.786000000000008,0.0003185869071826025
9.788000000000007,0.00031868714818522603
9.790000000000008,0.0003190146507856262
9.792000000000009,0.0003193558450067524
9.794000000000008,0.0003194759174421774
9.796000000000008,0.0003194794947805196
9.798000000000007,0.0003196454762790929
9.800000000000008,0.00032000923804106907
9.802000000000008,0.00032030118479252356
9.804000000000007,0.0003203636296771478
9.806000000000008,0.00032038832663060235
9.808000000000007,0.0003206234260730162
9.810000000000008,0.00032099929290295426
9.812000000000008,0.0003212279459957196
9.814000000000007,0.00032124984233658505
9.816000000000008,0.00032131773466979874
9.818000000000008,0.00032161594515663083
9.820000000000007,0.00032197803931406643
9.822000000000008,0.00032213818374517145
9.824000000000009,0.00032214197012267465
9.826000000000008,0.0003222695866655356
9.828000000000008,0.0003226161472689726
9.830000000000007,0.00032294057859141856
9.832000000000008,0.0003230363934731417
9.834000000000009,0.0003230469343886294
9.836000000000007,0.00032324296250517415
9.838000000000008,0.0003236162875431686
9.840000000000007,0.00032388455069708166
9.842000000000008,0.00032392888657170604
9.844000000000008,0.0003239702663848515
9.846000000000007,0.0003242342032714063
9.848000000000008,0.00032460888746138616
9.850000000000007,0.00032481040834611563
9.852000000000007,0.00032482296422528534
9.854000000000008,0.0003249153528658427
9.856000000000009,0.0003252373643804901
9.858000000000008,0.000325587818132439
9.860000000000008,0.00032572129545029027
9.862000000000007,0.00032572598593387514
9.864000000000008,0.0003258829241712946
9.866000000000007,0.0003262450342248757
9.868000000000007,0.00032654916059837724
9.870000000000008,0.00032662258091314955
9.872000000000007,0.0003266444277383179
9.874000000000008,0.00032687087690692895
9.876000000000008,0.0003272494018458083
9.878000000000007,0.00032749171534832144
9.880000000000008,0.0003275211327889993
9.882000000000007,0.00032758302622726276
9.884000000000007,0.00032787449318577577
9.886000000000008,0.0003282433971145693
9.888000000000009,0.00032841710880883446
9.890000000000008,0.00032842442958883056
9.892000000000008,0.00032854410841824666
9.894000000000007,0.00032888706094426345
9.896000000000008,0.00032922170816428176
9.898000000000007,0.00032932951622852147
9.900000000000007,0.00032933960565489917
9.902000000000008,0.00032952720734368
9.904000000000007,0.0003299008229785544
9.906000000000008,0.0003301815111266815
9.908000000000008,0.0003302350701487877
9.910000000000007,0.00033027252652904904
9.912000000000008,0.00033052904691098506
9.91400000000001,0.00033090810768270085
9.916000000000007,0.0003311228139936534
9.918000000000008,0.0003311410475862475
9.920000000000009,0.0003312269930043077
9.922000000000008,0.00033154393745030153
9.924000000000008,0.0003319024490776312
9.926000000000007,0.0003320483942331476
9.928000000000008,0.0003320549345259549
9.93000000000001,0.00033220417606066865
9.932000000000007,0.00033256455506552873
9.934000000000008,0.0003328795060050238
9.936000000000007,0.0003329633743653221
9.938000000000008,0.0003329834649105218
9.940000000000008,0.00033320237929651553
9.942000000000007,0.00033358299776592437
9.944000000000008,0.00033383763928637733
9.94600000000001,0.0003338745186616532
9.948000000000008,0.00033393173175813584
9.950000000000008,0.00033421719871730426
9.952000000000009,0.0003345919451965551
9.954000000000008,0.0003347780813872936
9.956000000000008,0.0003347893490459747
9.958000000000007,0.0003349024720102761
9.960000000000008,0.0003352420950258894
9.96200000000001,0.00033558572214636984
9.964000000000008,0.000335704708628079
9.966000000000008,0.00033571517942251883
9.968000000000007,0.00033589562783337135
9.970000000000008,0.0003362693166753805
9.972000000000008,0.0003365610899290772
9.974000000000007,0.00033662348088460414
9.976000000000008,0.00033665816629978307
9.97800000000001,0.000336908273651515
9.980000000000008,0.0003372910333701157
9.982000000000008,0.00033751765414058443
9.984000000000009,0.00033754164180195556
9.986000000000008,0.0003376224758533525
9.988000000000008,0.00033793495918177374
9.990000000000007,0.00033830048735326856
9.992000000000008,0.00033845785709479825
9.994000000000009,0.00033846678011263676
9.996000000000008,0.00033860967156407185
9.998000000000008,0.0003389684520457986
10.000000000000007,0.0003392929648243226
10.002000000000008,0.0003393865923965178
10.004000000000008,0.0003394058515018422
10.006000000000007,0.00033961842292760946
10.008000000000008,0.00034000078170950965
10.010000000000009,0.0003402664342192635
10.012000000000008,0.00034031052280084073
10.014000000000008,0.00034036426037009626
10.016000000000009,0.00034064461193199225
10.018000000000008,0.00034102441507002923
10.020000000000008,0.00034122177358200667
10.022000000000007,0.0003412372005829334
10.024000000000008,0.00034134510464334245
10.026000000000009,0.000341681861784196
10.028000000000008,0.0003420333602310449
10.030000000000008,0.0003421625880968282
10.032000000000007,0.00034217409193772197
10.034000000000008,0.0003423486889565508
10.036000000000008,0.00034272243567883
10.038000000000007,0.0003430240128979023
10.040000000000008,0.0003430946785013683
10.042000000000009,0.0003431276053506155
10.044000000000008,0.0003433724004288513
10.046000000000008,0.00034375837155938005
10.048000000000009,0.00034399562176502807
10.050000000000008,0.0003440252531768939
10.052000000000008,0.0003441022256711196
10.054000000000007,0.0003444110049913157
10.056000000000008,0.00034478266034690397
10.058000000000009,0.0003449503306350715
10.060000000000008,0.00034496198642069986
10.062000000000008,0.0003450998599040245
10.064000000000007,0.0003454573570285113
10.066000000000008,0.00034579026349015884
10.068000000000008,0.0003458928282924767
10.070000000000007,0.00034591202465748816
10.072000000000008,0.00034611949864787883
10.074000000000009,0.0003465034319386495
10.076000000000008,0.00034677880576772235
10.078000000000008,0.00034682968527488534
10.080000000000009,0.00034688104180061186
10.082000000000008,0.0003471572757932778
10.084000000000009,0.0003475415152311978
10.086000000000007,0.0003477488543265628
10.088000000000008,0.00034776847782670706
10.090000000000009,0.00034787244854862787
10.092000000000008,0.00034820695905293797
10.094000000000008,0.0003485653416560597
10.096000000000007,0.0003487037766994189
10.098000000000008,0.00034871680283572737
10.100000000000007,0.0003488868633611669
10.102000000000007,0.00034926082743623466
10.104000000000008,0.0003495709902590627
10.106000000000009,0.0003496492345376606
10.108000000000008,0.0003496812858618803
10.110000000000008,0.0003499219436609857
10.112000000000009,0.0003503108071499228
10.114000000000008,0.00035055740082949594
10.116000000000007,0.00035059240562972105
10.118000000000007,0.00035066668571924475
10.120000000000008,0.00035097264184824617
10.122000000000009,0.00035134967357448865
10.124000000000008,0.00035152645987970854
10.126000000000008,0.0003515410385801082
10.128000000000007,0.0003516752035100379
10.130000000000008,0.000352031886780943
10.132000000000007,0.00035237210945508746
10.134000000000007,0.00035248268128384996
10.136000000000008,0.0003525024442538466
10.138000000000009,0.0003527061031518147
10.140000000000008,0.0003530916070658141
10.142000000000008,0.00035337544562841217
10.144000000000009,0.0003534325588962772
10.146000000000008,0.000353482527180482
10.148000000000007,0.00035375573113705094
10.150000000000007,0.00035414393255468746
10.152000000000008,0.0003543599852062068
10.154000000000009,0.00035438369249689294
10.156000000000008,0.0003544849634489755
10.158000000000008,0.00035481797499513357
10.160000000000007,0.00035518236477473375
10.162000000000008,0.00035532889649059207
10.16400000000001,0.0003553437931310133
10.166000000000007,0.00035551063516119086
10.168000000000008,0.00035588512358220026
10.170000000000009,0.00035620271459520236
10.172000000000008,0.0003562877278224519
10.174000000000008,0.00035631967219736105
10.176000000000009,0.0003565574238303809
10.178000000000008,0.00035694900523332296
10.18000000000001,0.00035720366293294503
10.182000000000007,0.00035724363684171145
10.184000000000008,0.0003573163196044643
10.186000000000009,0.00035762043296878876
10.188000000000008,0.00035800221132048504
10.190000000000008,0.00035818688416155986
10.192000000000007,0.0003582044404040752
10.194000000000008,0.00035833618083679075
10.19600000000001,0.00035869264711051174
10.198000000000008,0.000359039190167193
10.200000000000008,0.00035915675221172283
10.202000000000009,0.00035917759162665264
10.204000000000008,0.000359378742856159
10.206000000000008,0.0003597659490732763
10.208000000000009,0.0003600570291358851
10.210000000000008,0.00036011970521988845
10.21200000000001,0.00036016918934522746
10.214000000000008,0.00036044052102901514
10.216000000000008,0.00036083233383994717
10.218000000000009,0.00036105581701528777
10.220000000000008,0.0003610833712208855
10.222000000000008,0.00036118312838186173
10.224000000000007,0.00036151549230235835
10.226000000000008,0.0003618851070130158
10.22800000000001,0.0003620385655679764
10.230000000000008,0.00036205556322516097
10.232000000000008,0.0003622205029886749
10.234000000000009,0.00036259594338657053
10.236000000000008,0.0003629198593318034
10.238000000000008,0.0003630107405478422
10.240000000000009,0.0003630432503289316
10.242000000000008,0.0003632793693023745
10.244000000000009,0.0003636736133411922
10.246000000000008,0.0003639350646320594
10.248000000000008,0.0003639794948413627
10.250000000000009,0.000364051612163227
10.252000000000008,0.0003643549418290981
10.254000000000008,0.0003647409374483157
10.256000000000007,0.00036493223370547
10.258000000000008,0.0003649527118953777
10.260000000000009,0.0003650832885529198
10.262000000000008,0.00036544023648339696
10.264000000000008,0.0003657921724348756
10.266000000000009,0.00036591563986192177
10.268000000000008,0.00036593796828739145
10.270000000000008,0.0003661379370502038
10.27200000000001,0.0003665270860367942
10.274000000000008,0.0003668242133773869
10.276000000000009,0.0003668916911060832
10.278000000000008,0.0003669415228938072
10.280000000000008,0.00036721219439231345
10.282000000000009,0.00036760736730688526
10.284000000000008,0.00036783698696785105
10.286000000000008,0.0003678680527515882
10.288000000000007,0.00036796744305407636
10.290000000000008,0.00036830009175244094
10.292000000000009,0.0003686742250159497
10.294000000000008,0.0003688333948097394
10.296000000000008,0.0003688526311076967
10.298000000000009,0.0003690169824157319
10.300000000000008,0.00036939389672531464
10.302000000000008,0.00036972307762103696
10.30400000000001,0.0003698188549877274
10.306000000000008,0.0003698525272193831
10.308000000000009,0.0003700883194309723
10.310000000000008,0.0003704852634336675
10.312000000000008,0.00037075224531783746
10.314000000000009,0.00037080053512716926
10.316000000000008,0.0003708730700669599
10.318000000000008,0.0003711767354706297
10.320000000000007,0.00037156649619184134
10.322000000000008,0.00037176312686502955
10.324000000000009,0.000371786387124054
10.326000000000008,0.00037191704324132657
10.328000000000008,0.00037227524903134246
10.330000000000009,0.0003726317020070202
10.332000000000008,0.000372759937976086
10.334000000000009,0.0003727840947980038
10.33600000000001,0.0003729842204055478
10.338000000000008,0.0003733756344066891
10.340000000000009,0.00037367763572673796
10.342000000000008,0.0003737490859145043
10.344000000000008,0.0003738000441677325
10.346000000000009,0.00037407130892240514
10.348000000000008,0.0003744696638696421
10.350000000000007,0.00037470411648027335
10.352000000000007,0.0003747382856997411
10.354000000000008,0.00037483842888016983
10.356000000000009,0.00037517235507267266
10.358000000000008,0.00037555035481365295
10.360000000000008,0.0003757139852729324
10.362000000000009,0.00037573553089551015
10.364000000000008,0.00037590060785679114
10.366000000000007,0.0003762795864646479
10.36800000000001,0.0003766130014785374
10.370000000000008,0.0003767126508933405
10.372000000000009,0.0003767480303208809
10.374000000000008,0.00037698482700129765
10.376000000000008,0.00037738457348183985
10.378000000000009,0.0003776558255461082
10.380000000000008,0.00037770731840935934
10.382000000000007,0.00037778122229881195
10.384000000000007,0.00037808638708485
10.386000000000008,0.0003784795127695362
10.388000000000009,0.0003786801679590279
10.390000000000008,0.00037870601259372416
10.392000000000008,0.0003788379827334848
10.394000000000009,0.0003791982768731883
10.396000000000008,0.00037955840322273504
10.398000000000007,0.0003796902329418761
10.40000000000001,0.00037971650994282624
10.402000000000008,0.00037991814492117915
10.404000000000009,0.0003803122007298293
10.406000000000008,0.0003806179126821657
10.408000000000008,0.0003806924593796057
10.410000000000009,0.0003807452912916176
10.412000000000008,0.00038101843330787255
10.41400000000001,0.0003814198380483469
10.416000000000007,0.00038165780945498273
10.418000000000008,0.0003816946268716537
10.420000000000009,0.0003817966298296088
10.422000000000008,0.0003821328670698537
10.424000000000008,0.0003825141118668912
10.426000000000009,0.00038268092623074124
10.428000000000008,0.0003827048118264925
10.43000000000001,0.0003828719340404907
10.43200000000001,0.00038325361017092774
10.434000000000008,0.0003835902410545683
10.436000000000009,0.00038369270359173147
10.438000000000008,0.00038373030731651825
10.440000000000008,0.00038396946005253563
10.442000000000009,0.0003843721485260604
10.444000000000008,0.0003846464057379734
10.44600000000001,0.0003847004090361955
10.448000000000008,0.0003847766206217934
10.450000000000008,0.00038508447786654576
10.452000000000009,0.000385480593694254
10.454000000000008,0.00038568394566865227
10.456000000000008,0.00038571214619174954
10.458000000000009,0.0003858466671730204
10.460000000000008,0.00038620991169249774
10.46200000000001,0.0003865728786146272
10.46400000000001,0.0003867071021661922
10.466000000000008,0.00038673577030740036
10.468000000000009,0.00038694028136143643
10.470000000000008,0.00038733738271726215
10.472000000000008,0.00038764563892056125
10.474000000000009,0.00038772238021062
10.476000000000008,0.00038777782438541297
10.47800000000001,0.0003880541487684408
10.480000000000008,0.00038845848840753094
10.482000000000008,0.0003886986510137358
10.484000000000009,0.0003887376402858661
10.486000000000008,0.00038884261317605195
10.488000000000008,0.0003891822169929532
10.490000000000009,0.0003895660908851406
10.492000000000008,0.0003897347938363188
10.494000000000009,0.00038976103780097304
10.49600000000001,0.00038993153711563977
10.498000000000008,0.00039031656107600676
10.500000000000009,0.0003906553839520127
10.502000000000008,0.0003907595828114979
10.504000000000008,0.00039079992620209836
10.506000000000009,0.0003910428031059232
10.508000000000008,0.00039144858111798964
10.510000000000009,0.00039172456519390164
10.512000000000008,0.00039178037415964206
10.514000000000008,0.0003918598401253248
10.516000000000009,0.00039217159812045266
10.518000000000008,0.0003925703266823982
10.520000000000008,0.0003927750319730333
10.52200000000001,0.00039280535679769857
10.524000000000008,0.00039294367987305345
10.526000000000009,0.00039331074552001466
10.52800000000001,0.00039367570838325094
10.530000000000008,0.0003938111131445987
10.532000000000009,0.00039384245034737586
10.534000000000008,0.00039405122021865524
10.536000000000008,0.00039445176958412265
10.53800000000001,0.0003947613865102617
10.540000000000008,0.0003948394154581064
10.542000000000009,0.0003948982260249534
10.544000000000008,0.000395179049905825
10.546000000000008,0.0003955861974400954
10.548000000000009,0.000395827206654778
10.550000000000008,0.00039586789692945545
10.552000000000008,0.0003959769702087945
10.55400000000001,0.0003963209990911487
10.556000000000008,0.0003967068653426137
10.558000000000009,0.00039687615041968105
10.56000000000001,0.00039690478753880154
10.562000000000008,0.0003970800154236426
10.564000000000009,0.0003974690282371046
10.566000000000008,0.0003978089945377433
10.568000000000008,0.0003979138522689635
10.57000000000001,0.00039795747577346663
10.572000000000008,0.00039820545779888084
10.574000000000009,0.0003986144510774864
10.576000000000008,0.00039889086139556496
10.578000000000008,0.0003989477836911087
10.580000000000009,0.00039903147990150156
10.582000000000008,0.00039934834759218496
10.584000000000009,0.00039974928010032273
10.58600000000001,0.0003999539816269687
10.588000000000008,0.0003999862246086283
10.590000000000009,0.0004001296279951827
10.59200000000001,0.00040050137067161595
10.594000000000008,0.00040086744969732024
10.596000000000009,0.0004010028232537405
10.598000000000008,0.0004010371430018117
10.600000000000007,0.0004012515722006116
10.60200000000001,0.00040165594160289364
10.604000000000008,0.00040196570426175027
10.606000000000009,0.00040204413069025446
10.608000000000008,0.0004021071019931488
10.610000000000008,0.00040239374484248025
10.612000000000009,0.0004028035308430433
10.614000000000008,0.0004030440218385778
10.616000000000007,0.00040308597530458457
10.61800000000001,0.00040320031692614444
10.620000000000008,0.000403549812323295
10.622000000000009,0.0004039369866568332
10.62400000000001,0.00040410554444371416
10.626000000000008,0.00040413665539955346
10.628000000000009,0.0004043179899329563
10.630000000000008,0.00040471159584090644
10.632000000000007,0.00040505161323431405
10.63400000000001,0.00040515607005540966
10.636000000000008,0.00040520356655211753
10.638000000000009,0.0004054580428977106
10.640000000000008,0.0004058703245188172
10.642000000000008,0.0004061458296066578
10.644000000000009,0.0004062032110940944
10.646000000000008,0.0004062921638628425
10.648000000000007,0.00040661533497987623
10.65000000000001,0.000407018001918405
10.652000000000008,0.0004072213322116047
10.654000000000009,0.00040725534222259274
10.65600000000001,0.0004074051430377479
10.658000000000008,0.0004077823787919932
10.660000000000009,0.0004081486358146619
10.662000000000008,0.00040828278031140863
10.66400000000001,0.00040832046087774243
10.66600000000001,0.0004085419682084285
10.668000000000008,0.0004089504688286616
10.670000000000009,0.00040925911723593833
10.672000000000008,0.0004093370910265848
10.674000000000008,0.00040940508232498174
10.676000000000009,0.0004096988545976149
10.678000000000008,0.00041011103616279965
10.68000000000001,0.00041034962204218595
10.68200000000001,0.0004103924628053035
10.684000000000008,0.0004105132946895934
10.686000000000009,0.00041086925916583583
10.68800000000001,0.00041125698303176583
10.690000000000008,0.00041142351117195997
10.692000000000009,0.0004114572528881172
10.694000000000008,0.0004116461042899672
10.69600000000001,0.0004120448416091438
10.69800000000001,0.0004123837558211302
10.700000000000008,0.0004124867898796375
10.702000000000009,0.0004125388321477297
10.704000000000008,0.00041280119362774315
10.706000000000008,0.0004132167521264801
10.708000000000009,0.00041348998282317306
10.710000000000008,0.0004135472350563635
10.71200000000001,0.00041364254167099157
10.71400000000001,0.0004139731765631788
10.716000000000008,0.00041437701818292094
10.718000000000009,0.0004145776048215394
10.72000000000001,0.00041461331650308186
10.722000000000008,0.00041477088107634563
10.724000000000009,0.0004151543589550055
10.726000000000008,0.00041551977506275317
10.72800000000001,0.0004156515239677888
10.73000000000001,0.0004156930380004309
10.732000000000008,0.00041592305873044966
10.734000000000009,0.00041633590897394157
10.736000000000008,0.00041664212647295196
10.738000000000008,0.00041671886308099204
10.740000000000009,0.0004167928226092299
10.742000000000008,0.00041709501162405516
10.744000000000009,0.00041750924082208096
10.74600000000001,0.0004177445133589919
10.748000000000008,0.0004177879579524285
10.750000000000009,0.00041791657077014377
10.75200000000001,0.0004182799434566675
10.754000000000008,0.00041866735801353305
10.756000000000009,0.00041883057412500646
10.758000000000008,0.0004188672108409175
10.760000000000009,0.0004190650243977023
10.76200000000001,0.0004194693342735034
10.764000000000008,0.00041980591282163304
10.766000000000009,0.0004199065632289334
10.768000000000008,0.0004199639310143999
10.770000000000008,0.00042023556022727226
10.77200000000001,0.0004206542666894131
10.774000000000008,0.00042092381216647656
10.776000000000009,0.0004209804420802349
10.77800000000001,0.00042108328969832354
10.780000000000008,0.0004214224938704769
10.782000000000009,0.0004218268310575979
10.78400000000001,0.0004220233054828132
10.786000000000008,0.0004220607712249469
10.78800000000001,0.0004222275226522243
10.790000000000008,0.00042261789477461564
10.792000000000009,0.00042298134976806456
10.79400000000001,0.0004231095880083413
10.796000000000008,0.00042315553208632783
10.798000000000009,0.0004233955125378941
10.800000000000008,0.0004238128044338485
10.802000000000008,0.0004241152090524586
10.80400000000001,0.0004241900178650476
10.806000000000008,0.0004242710054608301
10.808000000000009,0.00042458285740429313
10.81000000000001,0.0004249986495803021
10.812000000000008,0.00042522918375915986
10.814000000000009,0.00042527307349705945
10.81600000000001,0.00042541083866842744
10.818000000000008,0.0004257824672091043
10.82000000000001,0.00042616858885559383
10.822000000000008,0.00042632724742738826
10.824000000000009,0.00042636718225470827
10.82600000000001,0.0004265754373866948
10.828000000000008,0.0004269856301075403
10.830000000000009,0.00042731854910349476
10.832000000000008,0.000427415942519882
10.834000000000009,0.0004274795485129379
10.83600000000001,0.0004277618055979343
10.838000000000008,0.00042818337994106337
10.840000000000009,0.00042844778785684767
10.84200000000001,0.0004285034300154089
10.844000000000008,0.00042861511189139223
10.846000000000009,0.0004289639102921933
10.84800000000001,0.0004293679165367076
10.850000000000007,0.00042955892742811697
10.85200000000001,0.00042959835047304273
10.854000000000008,0.0004297757721528628
10.856000000000009,0.00043017356049145083
10.85800000000001,0.000430533815274442
10.860000000000008,0.00043065750366326483
10.862000000000009,0.0004307086272523214
10.864000000000008,0.0004309600145285253
10.866000000000007,0.00043138167849589293
10.86800000000001,0.00043167881864458746
10.870000000000008,0.0004317511346982189
10.872000000000009,0.0004318403420263961
10.87400000000001,0.0004321630389835518
10.876000000000008,0.0004325797415292154
10.878000000000009,0.00043280410516390033
10.88000000000001,0.0004328484403781363
10.882000000000007,0.00043299681803428414
10.88400000000001,0.0004333774263331758
10.886000000000008,0.0004337611248462353
10.888000000000009,0.00043391403916717697
10.89000000000001,0.00043395784567688833
10.892000000000008,0.0004341780497972014
10.894000000000009,0.0004345942685290288
10.896000000000008,0.0004349221038725537
10.898000000000007,0.0004350154853098587
10.90000000000001,0.0004350863991366555
10.902000000000008,0.0004353806018964623
10.904000000000009,0.0004358045787980075
10.90600000000001,0.0004360623609468428
10.908000000000008,0.0004361168125409931
10.910000000000009,0.00043623874034882937
10.91200000000001,0.00043659804654418155
10.91400000000001,0.0004370007219891142
10.91600000000001,0.00043718495438173355
10.918000000000008,0.0004372267227243376
10.920000000000009,0.00043741635647798205
10.92200000000001,0.000437821916022596
10.924000000000008,0.00043817759925170174
10.926000000000009,0.0004382958040235474
10.928000000000008,0.0004383530370203059
10.93000000000001,0.00043861726252827915
10.93200000000001,0.00043904303081285234
10.934000000000008,0.00043933338675998523
10.936000000000009,0.0004394028061553146
10.93800000000001,0.00043950157332244
10.940000000000008,0.00043983620430607107
10.942000000000009,0.0004402529667823091
10.94400000000001,0.0004404697365177068
10.94600000000001,0.0004405147124834502
10.94800000000001,0.00044067525395559415
10.950000000000008,0.00044106540521773874
10.952000000000009,0.0004414453858136852
10.95400000000001,0.00044159145590182136
10.956000000000008,0.00044163990902479355
10.958000000000009,0.0004418735847473293
10.960000000000008,0.000442295766828818
10.96200000000001,0.0004426169912961492
10.96400000000001,0.00044270575962994385
10.966000000000008,0.0004427852286957856
10.968000000000009,0.00044309262589294074
10.97000000000001,0.0004435183211503324
10.972000000000008,0.0004437679660356797
10.974000000000009,0.0004438212245679307
10.97600000000001,0.00044395493536053543
10.97800000000001,0.00044432551489463623
10.98000000000001,0.0004447256637580971
10.982000000000008,0.00044490186502485485
10.984000000000009,0.0004449465854945017
10.98600000000001,0.00044515002273122495
10.988000000000008,0.00044556350099971
10.990000000000009,0.00044591310155361885
10.992000000000008,0.00044602502965968016
10.994000000000009,0.0004460895074120813
10.99600000000001,0.00044636796283242797
10.998000000000008,0.0004467973322770935
11.000000000000009,0.00044707932495419156
11.00200000000001,0.00044714564405208546
11.004000000000008,0.0004472554711398291
11.006000000000009,0.0004476029962228595
11.00800000000001,0.00044801874308832146
11.010000000000009,0.00044822652807077756
11.01200000000001,0.00044827257211253746
11.014000000000008,0.0004484469153249737
11.016000000000009,0.00044884697016038533
11.01800000000001,0.0004492217610905791
11.020000000000008,0.00044936000844562896
11.02200000000001,0.00044941411363363937
11.024000000000008,0.000449662777825488
11.026000000000009,0.0004500906141419042
11.02800000000001,0.00045040360204565144
11.030000000000008,0.0004504873504744822
11.032000000000009,0.00045057681618257406
11.03400000000001,0.0004508985529135118
11.036000000000008,0.0004513250314299999
11.03800000000001,0.00045156502521638553
11.04000000000001,0.00045161732848664204
11.042000000000009,0.00045176448459184615
11.04400000000001,0.00045214691209617686
11.046000000000008,0.0004525431251167916
11.048000000000009,0.000452710138819562
11.05000000000001,0.0004527586703596126
11.052000000000008,0.0004529775346327619
11.05400000000001,0.00045339882787903685
11.056000000000008,0.0004537406949496614
11.058000000000009,0.0004538457355173914
11.06000000000001,0.00045391881985180904
11.062000000000008,0.0004542128242524257
11.064000000000009,0.0004546450195109797
11.06600000000001,0.00045491702828213965
11.068000000000008,0.00045498028642411426
11.07000000000001,0.0004551028381728217
11.07200000000001,0.00045546404506019433
11.074000000000009,0.00045587745267872126
11.07600000000001,0.0004560749270952763
11.078000000000008,0.0004561227359721476
11.080000000000009,0.0004563125919387484
11.08200000000001,0.00045672266168858555
11.084000000000009,0.00045709060929149947
11.08600000000001,0.0004572202190569752
11.088000000000008,0.00045728123825278244
11.090000000000009,0.0004575463714184408
11.09200000000001,0.0004579792648547881
11.094000000000008,0.0004582823060974017
11.096000000000009,0.00045836086743877846
11.09800000000001,0.0004584619749579272
11.100000000000007,0.00045879904920123615
11.10200000000001,0.0004592250962715816
11.10400000000001,0.0004594539535297676
11.106000000000009,0.00045950582111402294
11.10800000000001,0.00045966820102660844
11.110000000000008,0.00046006281101763913
11.112000000000009,0.00046045345495852874
11.11400000000001,0.0004606102633587933
11.116000000000007,0.0004606637480820408
11.11800000000001,0.00046089966731042986
11.120000000000008,0.00046132837428898565
11.122000000000009,0.00046166072711129047
11.12400000000001,0.00046175849912383216
11.126000000000008,0.0004618417935050301
11.128000000000009,0.000462152550439604
11.13000000000001,0.00046258648928500234
11.132000000000007,0.00046284688032796617
11.13400000000001,0.00046290740538437736
11.13600000000001,0.00046304450695387744
11.138000000000009,0.0004634199596877525
11.14000000000001,0.00046382943975012414
11.142000000000008,0.0004640153852556034
11.144000000000009,0.0004640659614464082
11.14600000000001,0.0004642730899318548
11.148000000000007,0.00046469298589897623
11.15000000000001,0.0004650522593266232
11.152000000000008,0.00046517263010686927
11.154000000000009,0.0004652421026129644
11.15600000000001,0.00046552510718170237
11.158000000000008,0.00046596213174854295
11.160000000000009,0.0004662534571701904
11.16200000000001,0.0004663269534274789
11.16400000000001,0.0004664415528119331
11.16600000000001,0.00046679476256775154
11.16800000000001,0.0004672188606822253
11.170000000000009,0.0004674351662021653
11.17200000000001,0.00046748744110390594
11.174000000000008,0.0004676669192229671
11.176000000000009,0.0004680737510544264
11.17800000000001,0.0004684569676841194
11.18000000000001,0.00046860274337570673
11.18200000000001,0.00046866263346262427
11.184000000000008,0.0004689172001084152
11.186000000000009,0.00046935257489168214
11.18800000000001,0.00046967352428582687
11.190000000000008,0.000469763930070366
11.192000000000009,0.00046985928658306586
11.19400000000001,0.0004701878302893481
11.19600000000001,0.00047062209328703475
11.19800000000001,0.00047086926014636155
11.20000000000001,0.0004709277156511871
11.202000000000009,0.0004710813371001793
11.20400000000001,0.00047147131710591206
11.206000000000008,0.0004718750090798446
11.208000000000009,0.00047204836782439863
11.21000000000001,0.0004721030527725101
11.21200000000001,0.000472329225121082
11.21400000000001,0.00047275840505771327
11.216000000000008,0.00047310701313788006
11.218000000000009,0.0004732178142434068
11.22000000000001,0.0004732975700765807
11.222000000000008,0.00047359971638077925
11.224000000000009,0.00047403957930039486
11.22600000000001,0.00047431739919927274
11.22800000000001,0.0004743862942599014
11.23000000000001,0.0004745164303599503
11.23200000000001,0.0004748863112902929
11.234000000000009,0.0004753066252484589
11.23600000000001,0.0004755090879204893
11.238000000000008,0.00047556297646654533
11.240000000000009,0.00047576148938750784
11.24200000000001,0.00047618022751606814
11.244000000000009,0.0004765539448270545
11.24600000000001,0.0004766881114831867
11.248000000000008,0.0004767561894220562
11.250000000000009,0.00047703090706317786
11.25200000000001,0.000477471813171676
11.254000000000008,0.00047777939712319306
11.256000000000009,0.00047786268063869375
11.25800000000001,0.0004779721960361527
11.260000000000009,0.0004783193263029617
11.26200000000001,0.0004787521337966949
11.26400000000001,0.0004789845514385632
11.266000000000009,0.00047904198341379434
11.26800000000001,0.000479214210311496
11.270000000000008,0.00047961865069709453
11.27200000000001,0.0004800144263667899
11.27400000000001,0.0004801743648755602
11.276000000000009,0.0004802348666210765
11.27800000000001,0.0004804818138226252
11.280000000000008,0.0004809193278554058
11.282000000000009,0.0004812551506928331
11.28400000000001,0.00048135638596739916
11.286000000000008,0.0004814485487615455
11.28800000000001,0.0004817709078950433
11.29000000000001,0.00048221191771521954
11.292000000000009,0.0004824744752421478
11.29400000000001,0.0004825396288683226
11.29600000000001,0.0004826875171524275
11.298000000000009,0.000483074271330472
11.30000000000001,0.0004834886450229281
11.302000000000008,0.00048367616434477623
11.30400000000001,0.00048373327169884406
11.30600000000001,0.0004839527687481304
11.308000000000009,0.00048438268035226606
11.31000000000001,0.0004847446390209703
11.312000000000008,0.0004848669406124495
11.314000000000009,0.0004849453296745798
11.31600000000001,0.00048524154474556547
11.318000000000008,0.00048568641373182564
11.32000000000001,0.00048597864912970634
11.32200000000001,0.000486055457302792
11.324000000000009,0.0004861814549548954
11.32600000000001,0.00048654766090562573
11.32800000000001,0.00048697686095310055
11.330000000000009,0.0004871931542355795
11.33200000000001,0.0004872510350485276
11.334000000000009,0.00048744402251552077
11.33600000000001,0.00048786243745561897
11.33800000000001,0.00048824792097472425
11.340000000000009,0.0004883939044861563
11.34200000000001,0.000488462316424243
11.344000000000008,0.0004887316607456171
11.346000000000009,0.0004891760998943506
11.34800000000001,0.0004894969377917252
11.350000000000007,0.0004895890143943454
11.35200000000001,0.0004896959904046455
11.35400000000001,0.0004900393537933118
11.356000000000009,0.000490479398417093
11.35800000000001,0.0004907250391699564
11.36000000000001,0.0004907877596200261
11.362000000000009,0.0004909557448095764
11.36400000000001,0.0004913591621303615
11.366000000000007,0.0004917651308413984
11.36800000000001,0.0004919368759580683
11.37000000000001,0.0004919992338571488
11.372000000000009,0.000492241609724775
11.37400000000001,0.0004926814827811293
11.376000000000008,0.0004930292809546682
11.378000000000009,0.0004931398579775953
11.38000000000001,0.000493231019212434
11.382000000000007,0.0004935498372781871
11.38400000000001,0.0004939966358608328
11.38600000000001,0.0004942715881901399
11.388000000000009,0.0004943430326631026
11.39000000000001,0.0004944880269087959
11.39200000000001,0.0004948734009019712
11.394000000000009,0.0004952964724388859
11.39600000000001,0.0004954954992665433
11.398000000000007,0.0004955557650114517
11.40000000000001,0.0004957716725522143
11.40200000000001,0.0004962030847330545
11.404000000000009,0.0004965756918160064
11.40600000000001,0.0004967075678309618
11.408000000000008,0.0004967863746284801
11.410000000000009,0.0004970795436579911
11.41200000000001,0.0004975289951978934
11.41400000000001,0.0004978326372269415
11.41600000000001,0.0004979164367926586
11.41800000000001,0.0004980408861135627
11.420000000000009,0.0004984056725733516
11.42200000000001,0.000498842211892947
11.42400000000001,0.0004990694704088555
11.426000000000009,0.0004991315620919284
11.42800000000001,0.0004993220564626505
11.43000000000001,0.0004997414314803494
11.43200000000001,0.0005001362539032161
11.43400000000001,0.0005002917542051566
11.436000000000009,0.0005003618367133977
11.43800000000001,0.0005006288444729529
11.440000000000008,0.0005010769306246082
11.442000000000009,0.0005014080899561346
11.44400000000001,0.0005015075601963181
11.44600000000001,0.0005016142716745137
11.44800000000001,0.0005019564585145575
11.45000000000001,0.0005024026693312145
11.452000000000009,0.0005026585415183332
11.45400000000001,0.0005027262571512814
11.45600000000001,0.000502892896392923
11.458000000000009,0.0005032970405036002
11.46000000000001,0.000503711116514885
11.46200000000001,0.0005038920650397849
11.46400000000001,0.0005039571420208805
11.46600000000001,0.0005041980468424856
11.468000000000009,0.0005046409173049132
11.47000000000001,0.0005049979171299207
11.472000000000008,0.0005051160058516801
11.474000000000009,0.0005052080718753182
11.47600000000001,0.0005055261946931983
11.47800000000001,0.000505978209762642
11.48000000000001,0.0005062625237585439
11.48200000000001,0.0005063394722547299
11.484000000000009,0.0005064842580684292
11.48600000000001,0.0005068704104211341
11.48800000000001,0.0005073004889274146
11.490000000000009,0.000507508191844433
11.49200000000001,0.0005075719933898687
11.494000000000009,0.0005077873918121201
11.49600000000001,0.0005082214402489932
11.49800000000001,0.0005086021544930264
11.500000000000009,0.0005087413996608947
11.50200000000001,0.0005088221219337746
11.504000000000008,0.000509115265534904
11.506000000000009,0.000509569233423296
11.50800000000001,0.0005098812887882609
11.510000000000009,0.0005099708289511146
11.51200000000001,0.0005100961425519024
11.51400000000001,0.0005104620116391928
11.516000000000009,0.0005109046335713963
11.51800000000001,0.0005111398742462109
11.52000000000001,0.0005112060695858511
11.52200000000001,0.000511397054551263
11.52400000000001,0.0005118189836855053
11.526000000000009,0.0005122208994127742
11.52800000000001,0.0005123833974463032
11.53000000000001,0.0005124562124104448
11.532000000000009,0.0005127239996293859
11.53400000000001,0.0005131761658723755
11.536000000000008,0.0005135147688675873
11.53800000000001,0.0005136199569184124
11.54000000000001,0.0005137284919561613
11.542000000000009,0.0005140722784376245
11.54400000000001,0.00051452385839941
11.54600000000001,0.000514786903228287
11.548000000000009,0.0005148590345764176
11.55000000000001,0.0005150271461968059
11.55200000000001,0.0005154340211932507
11.55400000000001,0.0005158543063733534
11.55600000000001,0.0005160416907786791
11.558000000000009,0.0005161100978433031
11.56000000000001,0.0005163526672292557
11.56200000000001,0.0005167994481161953
11.564000000000009,0.0005171629556971896
11.56600000000001,0.0005172865016904588
11.568000000000008,0.0005173811960248048
11.57000000000001,0.0005177016026000486
11.57200000000001,0.0005181585086776186
11.574000000000009,0.0005184491231013805
11.57600000000001,0.000518530546268478
11.57800000000001,0.0005186777171069384
11.580000000000009,0.0005190670068146858
11.58200000000001,0.0005195025815015325
11.58400000000001,0.0005197160116345578
11.58600000000001,0.0005197835053647737
11.58800000000001,0.0005200014794332075
11.590000000000009,0.0005204395270220763
11.59200000000001,0.000520825898095767
11.59400000000001,0.0005209701314025789
11.596000000000009,0.0005210540993017126
11.59800000000001,0.0005213503286342486
11.600000000000007,0.000521808958438591
11.60200000000001,0.000522126432268552
11.60400000000001,0.0005222202645751434
11.606000000000009,0.0005223487612725231
11.60800000000001,0.0005227183673241764
11.61000000000001,0.0005231659763041546
11.612000000000009,0.0005234061359000175
11.61400000000001,0.0005234761430946699
11.61600000000001,0.0005236705888982396
11.61800000000001,0.0005240968462597861
11.62000000000001,0.0005245036986396279
11.622000000000009,0.0005246705425241555
11.62400000000001,0.0005247470086324757
11.62600000000001,0.0005250187505676795
11.628000000000009,0.0005254756018309437
11.63000000000001,0.0005258187828571931
11.632000000000007,0.0005259278587150251
11.63400000000001,0.0005260402216313992
11.63600000000001,0.00052638849577194
11.638000000000009,0.000526844780809485
11.64000000000001,0.0005271118857540502
11.64200000000001,0.0005271877081405307
11.644000000000009,0.0005273600918945937
11.64600000000001,0.0005277718379754492
11.64800000000001,0.0005281965093996699
11.65000000000001,0.0005283874645675424
11.65200000000001,0.0005284597007689656
11.654000000000009,0.0005287071102531155
11.65600000000001,0.00052915884459101
11.65800000000001,0.0005295261793067524
11.660000000000009,0.0005296530136786048
11.66200000000001,0.0005297519960371644
11.66400000000001,0.0005300777463712047
11.66600000000001,0.0005305393163085037
11.66800000000001,0.0005308331309814979
11.670000000000009,0.0005309178940728909
11.67200000000001,0.0005310700314954536
11.67400000000001,0.0005314649153661394
11.676000000000009,0.0005319045269237266
11.67800000000001,0.0005321206637837472
11.68000000000001,0.0005321919298815342
11.68200000000001,0.0005324155970752864
11.68400000000001,0.0005328590958456475
11.686000000000009,0.0005332486760117605
11.68800000000001,0.0005333954358223841
11.69000000000001,0.0005334839436507838
11.692000000000009,0.0005337864307451978
11.69400000000001,0.0005342499278942203
11.69600000000001,0.0005345697892752965
11.69800000000001,0.0005346663977758709
11.70000000000001,0.0005348004016858254
11.702000000000009,0.0005351764662805125
11.70400000000001,0.0005356279866208097
11.70600000000001,0.0005358699458697519
11.708000000000009,0.0005359434348148756
11.71000000000001,0.0005361443489167034
11.71200000000001,0.0005365767604317562
11.71400000000001,0.0005369863741322145
11.71600000000001,0.0005371548575748702
11.718000000000009,0.0005372358915440995
11.72000000000001,0.0005375148155053466
11.72200000000001,0.0005379769769892073
11.724000000000009,0.0005383218256025807
11.72600000000001,0.0005384329256021697
11.72800000000001,0.00053855115217466
11.73000000000001,0.000538906847928719
11.73200000000001,0.0005393671567089781
11.734000000000009,0.0005396351577269115
11.73600000000001,0.0005397139459552835
11.73800000000001,0.0005398934542170802
11.740000000000009,0.000540312231890494
11.74200000000001,0.0005407394176909497
11.744000000000009,0.0005409310412558543
11.74600000000001,0.0005410076413309428
11.74800000000001,0.000541263121091054
11.750000000000009,0.0005417208340435659
11.75200000000001,0.0005420892507152775
11.75400000000001,0.0005422171987876367
11.756000000000009,0.0005423221937044947
11.75800000000001,0.0005426563827419933
11.760000000000009,0.0005431223318903278
11.76200000000001,0.0005434161883207389
11.76400000000001,0.0005435031916074251
11.766000000000009,0.0005436629549491756
11.76800000000001,0.0005440658862612968
11.77000000000001,0.000544507989086021
11.77200000000001,0.0005447237820268847
11.77400000000001,0.00054479897566799
11.776000000000009,0.0005450315217702117
11.77800000000001,0.00054548187156718
11.78000000000001,0.0005458721188976307
11.782000000000009,0.0005460189581014546
11.78400000000001,0.0005461134036668508
11.78600000000001,0.0005464253553817827
11.78800000000001,0.0005468938269136969
11.79000000000001,0.0005472129687019711
11.792000000000009,0.0005473109038047347
11.79400000000001,0.000547452850327701
11.79600000000001,0.0005478380767673097
11.798000000000009,0.0005482923041504328
11.80000000000001,0.0005485329100029801
11.80200000000001,0.00054860966449434
11.80400000000001,0.0005488201466743309
11.80600000000001,0.0005492604576411431
11.808000000000009,0.0005496705250479933
11.81000000000001,0.0005498379677267989
11.81200000000001,0.0005499246318524803
11.814000000000009,0.0005502140108637754
11.81600000000001,0.00055068197017967
11.81800000000001,0.0005510254712561696
11.82000000000001,0.0005511368235025654
11.82200000000001,0.0005512631010717445
11.824000000000009,0.0005516291294486164
11.82600000000001,0.000552092606893026
11.82800000000001,0.0005523582915657882
11.830000000000009,0.0005524394709070235
11.83200000000001,0.0005526290817274432
11.83400000000001,0.0005530569500283161
11.83600000000001,0.0005534846011994998
11.83800000000001,0.0005536740183807731
11.840000000000012,0.0005537557061853909
11.84200000000001,0.0005540225537305488
11.84400000000001,0.0005544870975309341
11.846000000000009,0.000554853708257988
11.84800000000001,0.0005549807051228317
11.85000000000001,0.0005550936340509988
11.85200000000001,0.000555439339766553
11.85400000000001,0.0005559091640554986
11.856000000000009,0.0005561998299273702
11.85800000000001,0.0005562881565917832
11.86000000000001,0.0005564583723170202
11.862000000000009,0.000556871690976915
11.86400000000001,0.0005573145125874757
11.86600000000001,0.0005575269296957952
11.86800000000001,0.000557606438314498
11.87000000000001,0.0005578511481832693
11.872000000000012,0.0005583095463572302
11.87400000000001,0.0005586977298093765
11.87600000000001,0.0005588423204371251
11.878000000000009,0.0005589443471579053
11.88000000000001,0.0005592689701706399
11.88200000000001,0.0005597422596139157
11.88400000000001,0.0005600574650004575
11.88600000000001,0.0005601554867527697
11.888000000000009,0.0005603080265558086
11.89000000000001,0.0005607050027838373
11.89200000000001,0.000561160453373441
11.894000000000009,0.0005613965518928427
11.89600000000001,0.0005614766289581824
11.89800000000001,0.0005616999190643374
11.90000000000001,0.000562149650126173
11.90200000000001,0.0005625576212476835
11.90400000000001,0.0005627214617891924
11.90600000000001,0.0005628151142663823
11.90800000000001,0.0005631182485927033
11.910000000000009,0.0005635921893480528
11.91200000000001,0.0005639311726369084
11.91400000000001,0.000564041234502613
11.91600000000001,0.0005641780189855894
11.91800000000001,0.0005645571841561281
11.920000000000009,0.0005650226421366755
11.92200000000001,0.0005652827667873006
11.92400000000001,0.0005653660729192655
11.926000000000009,0.000565568953571613
11.92800000000001,0.0005660077334318642
11.93000000000001,0.0005664335001113185
11.93200000000001,0.0005666179446701392
11.93400000000001,0.0005667057901548728
11.93600000000001,0.0005669873678092185
11.93800000000001,0.0005674592555916513
11.94000000000001,0.0005678209633006304
11.942000000000009,0.0005679451846925254
11.94400000000001,0.0005680682945826271
11.94600000000001,0.0005684285073835199
11.94800000000001,0.0005689013172403001
11.95000000000001,0.0005691854881716696
11.952000000000009,0.0005692745637086022
11.95400000000001,0.0005694583035791567
11.95600000000001,0.0005698841076316047
11.958000000000009,0.0005703255127537249
11.96000000000001,0.0005705316096693419
11.96200000000001,0.0005706162152911004
11.96400000000001,0.0005708764855947152
11.96600000000001,0.0005713437622631989
11.96800000000001,0.0005717268802449826
11.97000000000001,0.0005718671371749973
11.97200000000001,0.0005719787729369791
11.974000000000009,0.0005723192163102492
11.97600000000001,0.0005727967321764171
11.97800000000001,0.0005731046616272301
11.98000000000001,0.0005732018977320508
11.98200000000001,0.0005733679884390025
11.984000000000009,0.0005737790671191956
11.98600000000001,0.0005742338306956307
11.98800000000001,0.0005744623238314178
11.990000000000009,0.0005745462203945451
11.99200000000001,0.0005747857255760935
11.994000000000009,0.0005752460102640689
11.99600000000001,0.0005756489972667256
11.99800000000001,0.0005758069095046225
12.00000000000001,0.000575909352490564
12.00200000000001,0.0005762295250734684
12.00400000000001,0.0005767091509864264
12.006000000000009,0.0005770402638182182
12.00800000000001,0.0005771478780138561
12.010000000000009,0.0005772979981415322
12.01200000000001,0.0005776928862622766
12.01400000000001,0.0005781586468052574
12.016000000000009,0.0005784099814559462
12.01800000000001,0.0005784956307105099
12.02000000000001,0.000578715178688724
12.02200000000001,0.0005791662933131714
12.02400000000001,0.0005795874161111242
12.026000000000009,0.0005797643390913904
12.02800000000001,0.0005798599147353589
12.03000000000001,0.0005801596175582097
12.03200000000001,0.0005806388438451965
12.03400000000001,0.0005809923013268825
12.03600000000001,0.0005811123174409155
12.03800000000001,0.0005812482967205296
12.04000000000001,0.0005816258170096705
12.042000000000009,0.0005821001713925689
12.04400000000001,0.000582374504381547
12.04600000000001,0.0005824642699463894
12.048000000000009,0.0005826649051318133
12.05000000000001,0.0005831048942720601
12.05200000000001,0.0005835422636017301
12.05400000000001,0.0005837392848288131
12.05600000000001,0.0005838303282881124
12.058000000000009,0.0005841096475042579
12.06000000000001,0.0005845860828865707
12.06200000000001,0.0005849608090892078
12.06400000000001,0.0005850950415254574
12.06600000000001,0.0005852188257975538
12.06800000000001,0.000585578087157923
12.07000000000001,0.0005860586282998986
12.07200000000001,0.0005863558417992104
12.074000000000012,0.0005864519638351939
12.07600000000001,0.0005866349367201484
12.07800000000001,0.000587062081995382
12.080000000000009,0.0005875136885689081
12.08200000000001,0.0005877316282252715
12.08400000000001,0.0005878204527731551
12.08600000000001,0.000588079739191047
12.08800000000001,0.0005885511383370984
12.090000000000012,0.0005889458484915205
12.09200000000001,0.0005890958906926563
12.09400000000001,0.000589209508172317
12.09600000000001,0.000589549899248018
12.09800000000001,0.0005900342510647832
12.10000000000001,0.0005903539696425625
12.10200000000001,0.0005904585433046811
12.10400000000001,0.0005906252795331995
12.106000000000012,0.0005910381087273209
12.10800000000001,0.0005915018586489657
12.11000000000001,0.0005917412740719385
12.112000000000009,0.0005918301424596983
12.11400000000001,0.0005920699886200753
12.11600000000001,0.0005925342750103951
12.11800000000001,0.0005929475051898586
12.12000000000001,0.0005931147221079486
12.122000000000012,0.0005932202513784374
12.12400000000001,0.0005935414300512892
12.12600000000001,0.0005940272792235995
12.12800000000001,0.0005943688896043187
12.13000000000001,0.000594483847241728
12.13200000000001,0.0005946359167677134
12.13400000000001,0.0005950332080469356
12.13600000000001,0.0005955069570220545
12.13800000000001,0.0005957681506834067
12.14000000000001,0.0005958592496140419
12.14200000000001,0.000596080465111351
12.144000000000009,0.0005965357492035972
12.14600000000001,0.0005969658867124722
12.14800000000001,0.0005971514110638398
12.15000000000001,0.00059725095113565
12.15200000000001,0.000597552830592249
12.15400000000001,0.0005980379548168185
12.15600000000001,0.0005984006278294818
12.15800000000001,0.0005985277248511389
12.16000000000001,0.000598666811708809
12.16200000000001,0.0005990475933519979
12.16400000000001,0.0005995291791541235
12.16600000000001,0.0005998122097507774
12.16800000000001,0.0005999076275381154
12.17000000000001,0.0006001112132309611
12.17200000000001,0.0006005558060220573
12.17400000000001,0.0006010011199051729
12.176000000000009,0.000601205851952738
12.17800000000001,0.0006013014946429779
12.18000000000001,0.0006015842266487437
12.18200000000001,0.0006020665191457664
12.18400000000001,0.0006024492333359804
12.18600000000001,0.0006025900376153553
12.18800000000001,0.0006027179107427616
12.19000000000001,0.0006030814568588894
12.19200000000001,0.0006035687296016556
12.19400000000001,0.000603873425847376
12.19600000000001,0.000603975133277479
12.19800000000001,0.0006041622549688291
12.20000000000001,0.0006045946771476435
12.20200000000001,0.0006050533482765963
12.20400000000001,0.0006052779588539975
12.20600000000001,0.0006053717636692185
12.208000000000009,0.0006056357196647516
12.21000000000001,0.0006061132098234973
12.21200000000001,0.0006065147762128048
12.21400000000001,0.0006066706608683636
12.21600000000001,0.0006067891463456543
12.21800000000001,0.0006071349690849326
12.22000000000001,0.000607625818933033
12.22200000000001,0.000607951795629752
12.22400000000001,0.000608061629990414
12.22600000000001,0.0006082335920919169
12.22800000000001,0.0006086525790523212
12.23000000000001,0.000609122729297959
12.23200000000001,0.0006093676657673713
12.23400000000001,0.0006094616374066747
12.23600000000001,0.0006097073880089454
12.23800000000001,0.0006101782581489773
12.240000000000009,0.0006105973456455582
12.24200000000001,0.000610769485002563
12.244000000000009,0.0006108804399915235
12.24600000000001,0.0006112082787721879
12.24800000000001,0.0006117006608129943
12.25000000000001,0.0006120473367751261
12.25200000000001,0.0006121669889781189
12.25400000000001,0.0006123252086019937
12.25600000000001,0.0006127297116488156
12.25800000000001,0.0006132094317078396
12.260000000000009,0.0006134749265264
12.26200000000001,0.0006135709950663287
12.26400000000001,0.0006137992885127813
12.26600000000001,0.0006142618868268807
12.26800000000001,0.0006146970478165953
12.27000000000001,0.0006148864163299655
12.27200000000001,0.0006149917049335929
12.27400000000001,0.0006153015132051576
12.276000000000009,0.0006157934692894856
12.27800000000001,0.0006161600866980421
12.28000000000001,0.0006162910913821151
12.28200000000001,0.000616437073236914
12.28400000000001,0.0006168262573610639
12.28600000000001,0.0006173136328682938
12.288000000000011,0.0006175997144257928
12.29000000000001,0.0006176997181986527
12.292000000000009,0.0006179114582230416
12.29400000000001,0.0006183643080429485
12.29600000000001,0.000618814003725987
12.29800000000001,0.0006190213776230274
12.30000000000001,0.0006191228488227757
12.30200000000001,0.0006194147788720211
12.30400000000001,0.0006199044563144768
12.30600000000001,0.0006202901010869122
12.308000000000009,0.0006204338295599243
12.31000000000001,0.0006205691419602088
12.31200000000001,0.0006209423805878383
12.31400000000001,0.0006214355162140889
12.31600000000001,0.000621742021598648
12.31800000000001,0.0006218476927347671
12.320000000000011,0.0006220439163077129
12.32200000000001,0.0006224857218981722
12.324000000000012,0.0006229483469754882
12.32600000000001,0.0006231743083621455
12.32800000000001,0.0006232737761344698
12.33000000000001,0.0006235481624158462
12.33200000000001,0.0006240338295228076
12.33400000000001,0.0006244374523007995
12.33600000000001,0.0006245951081549489
12.33800000000001,0.000624721360393321
12.340000000000012,0.0006250782275285527
12.34200000000001,0.0006255752688305999
12.34400000000001,0.0006259018581779019
12.34600000000001,0.0006260148107461588
12.34800000000001,0.0006261966660595503
12.35000000000001,0.0006266263151942508
12.352000000000011,0.0006271002215562094
12.35400000000001,0.0006273451647179351
12.356000000000012,0.0006274443903854232
12.35800000000001,0.0006277017318233186
12.36000000000001,0.0006281817902849957
12.36200000000001,0.00062860222766431
12.36400000000001,0.0006287748448788877
12.36600000000001,0.0006288936661510564
12.36800000000001,0.0006292339263336277
12.37000000000001,0.0006297330791912165
12.372000000000012,0.0006300792512768799
12.37400000000001,0.0006302009719286322
12.37600000000001,0.0006303696969457429
12.37800000000001,0.0006307862605585968
12.38000000000001,0.0006312697796752587
12.38200000000001,0.0006315339192972946
12.384000000000011,0.000631634596127098
12.38600000000001,0.0006318755377996282
12.38800000000001,0.0006323485320435807
12.39000000000001,0.0006327845276972999
12.39200000000001,0.0006329729710279619
12.39400000000001,0.000633085991050733
12.39600000000001,0.0006334095875405316
12.39800000000001,0.0006339091350782838
12.40000000000001,0.0006342742438218835
12.40200000000001,0.0006344060848198357
12.40400000000001,0.0006345629866595648
12.40600000000001,0.0006349657158877808
12.40800000000001,0.0006354571796542141
12.41000000000001,0.0006357405606826072
12.41200000000001,0.0006358443007098286
12.41400000000001,0.0006360696152800799
12.416000000000011,0.0006365342389340611
12.41800000000001,0.0006369844643131922
12.42000000000001,0.0006371894317548782
12.42200000000001,0.0006372982631704105
12.42400000000001,0.0006376053047542074
12.42600000000001,0.0006381036217069369
12.42800000000001,0.0006384868932702847
12.43000000000001,0.0006386300677624912
12.43200000000001,0.0006387765031353743
12.43400000000001,0.0006391648240869491
12.43600000000001,0.0006396625839267811
12.43800000000001,0.0006399650927924189
12.44000000000001,0.0006400734158162197
12.44200000000001,0.0006402839850337128
12.44400000000001,0.0006407390846876471
12.44600000000001,0.0006412021590171124
12.448000000000011,0.0006414241861208148
12.45000000000001,0.0006415304087396545
12.45200000000001,0.0006418211555298398
12.45400000000001,0.0006423167200636654
12.45600000000001,0.0006427172702436201
12.45800000000001,0.0006428728496290781
12.46000000000001,0.0006430102064953341
12.46200000000001,0.0006433837130759429
12.46400000000001,0.0006438861571597815
12.46600000000001,0.0006442075340925835
12.46800000000001,0.0006443218587682265
12.47000000000001,0.0006445186553169224
12.47200000000001,0.0006449632318049348
12.47400000000001,0.0006454377411320295
12.47600000000001,0.0006456772069509537
12.47800000000001,0.0006457823538513208
12.480000000000011,0.00064605720241806
12.48200000000001,0.0006465486054682001
12.48400000000001,0.000646965457105575
12.48600000000001,0.0006471343703249172
12.48800000000001,0.0006472640509009725
12.49000000000001,0.0006476224960324933
12.49200000000001,0.0006481280645161264
12.494000000000009,0.0006484679166845753
12.49600000000001,0.0006485895536137015
12.49800000000001,0.0006487736235415847
12.50000000000001,0.0006492068309872367
12.50200000000001,0.0006496913460779796
12.50400000000001,0.0006499484805176231
12.50600000000001,0.000650054025988403
12.50800000000001,0.0006503134941332894
12.510000000000009,0.0006507994463598732
12.512000000000011,0.000651231546511033
12.51400000000001,0.0006514145810884303
12.51600000000001,0.0006515379862901266
12.51800000000001,0.0006518812718409872
12.52000000000001,0.0006523884700748023
12.522000000000011,0.0006527462852974203
12.52400000000001,0.0006528764320033326
12.526000000000009,0.0006530488779250693
12.52800000000001,0.0006534700208074007
12.53000000000001,0.0006539631137263829
12.53200000000001,0.0006542380060748504
12.53400000000001,0.0006543453553637807
12.53600000000001,0.0006545900668089993
12.538000000000011,0.0006550694033064658
12.54000000000001,0.0006555156399513512
12.542000000000009,0.0006557134446073115
12.544000000000011,0.0006558319599832968
12.54600000000001,0.000656160125713845
12.54800000000001,0.0006566675354178347
12.55000000000001,0.0006570426962081294
12.55200000000001,0.0006571824338699184
12.554000000000011,0.0006573443990955385
12.55600000000001,0.0006577529275993421
12.558000000000009,0.0006582531868475072
12.56000000000001,0.0006585457952674317
12.56200000000001,0.0006586562760754616
12.56400000000001,0.0006588869453071078
12.56600000000001,0.0006593586282294672
12.56800000000001,0.0006598178463175647
12.570000000000011,0.0006600309349709677
12.57200000000001,0.0006601459181499181
12.574000000000012,0.0006604591299548823
12.576000000000011,0.0006609654183903357
12.57800000000001,0.0006613572161130593
12.58000000000001,0.0006615075079230565
12.58200000000001,0.000661660161630509
12.58400000000001,0.0006620556655432819
12.586000000000011,0.0006625617096662068
12.58800000000001,0.0006628718714366266
12.590000000000012,0.0006629867270815243
12.59200000000001,0.0006632041445510661
12.59400000000001,0.0006636672638347524
12.59600000000001,0.0006641382805015056
12.59800000000001,0.0006643670374783806
12.60000000000001,0.0006644798071274577
12.602000000000011,0.0006647783448333888
12.60400000000001,0.0006652822720369378
12.606000000000012,0.000665689920972351
12.608000000000011,0.0006658516119752572
12.61000000000001,0.0006659961355110489
12.61200000000001,0.0006663783369231652
12.61400000000001,0.0006668888265376899
12.61600000000001,0.0006672162688436956
12.618000000000011,0.0006673366530026981
12.62000000000001,0.0006675416708568499
12.622000000000012,0.0006679954432367019
12.62400000000001,0.000668477062051559
12.62600000000001,0.0006687217483209718
12.62800000000001,0.0006688335745914514
12.63000000000001,0.0006691178195404324
12.63200000000001,0.0006696182437119919
12.634000000000011,0.0006700408948464853
12.63600000000001,0.0006702147131141117
12.63800000000001,0.0006703522874776102
12.640000000000011,0.0006707210325311158
12.64200000000001,0.0006712346807510733
12.64400000000001,0.0006715790318311543
12.64600000000001,0.000671706004761588
12.64800000000001,0.0006718995232395247
12.650000000000011,0.000672343289759611
12.65200000000001,0.0006728343138979881
12.65400000000001,0.0006730950741587333
12.65600000000001,0.0006732071705763953
12.65800000000001,0.0006734775932012022
12.66000000000001,0.0006739734743608367
12.66200000000001,0.0006744102287424975
12.66400000000001,0.0006745967877369724
12.666000000000011,0.0006747285822786137
12.66800000000001,0.0006750838321954861
12.67000000000001,0.0006755994134671345
12.672000000000011,0.0006759602139399384
12.67400000000001,0.0006760947400693412
12.67600000000001,0.0006762776946760696
12.67800000000001,0.0006767109169006497
12.68000000000001,0.0006772101611590559
12.682000000000011,0.0006774870316086368
12.68400000000001,0.0006776005483512121
12.68600000000001,0.0006778576959184518
12.68800000000001,0.0006783480979637158
12.69000000000001,0.0006787980194855048
12.69200000000001,0.0006789978214633563
12.69400000000001,0.0006791249838048602
12.69600000000001,0.0006794668054077302
12.698000000000011,0.0006799831627914005
12.70000000000001,0.0006803598770005748
12.70200000000001,0.0006805028237716615
12.704000000000011,0.000680676173309816
12.70600000000001,0.000681098428435653
12.70800000000001,0.0006816047300375466
12.71000000000001,0.0006818976466613641
12.71200000000001,0.0006820136651535386
12.714000000000011,0.0006822581498264202
12.71600000000001,0.0006827422411350287
12.71800000000001,0.000683204368628787
12.72000000000001,0.0006834178089418774
12.72200000000001,0.0006835414561068148
12.72400000000001,0.0006838700120264524
12.72600000000001,0.0006843860629831972
12.72800000000001,0.0006847780902124734
12.730000000000011,0.0006849302280658859
12.73200000000001,0.0006850949435839027
12.73400000000001,0.000685505918649576
12.736000000000011,0.0006860181468148763
12.73800000000001,0.0006863269540430122
12.74000000000001,0.0006864464827907174
12.74200000000001,0.0006866789701364118
12.744000000000009,0.0006871560228652596
12.746000000000011,0.0006876293814141593
12.74800000000001,0.0006878567535654467
12.75000000000001,0.0006879779642937484
12.75200000000001,0.0006882935030372156
12.75400000000001,0.0006888082437979531
12.75600000000001,0.00068921492922637
12.75800000000001,0.0006893769326025284
12.760000000000009,0.0006895339872948214
12.762000000000011,0.0006899334726732514
12.76400000000001,0.0006904505369463021
12.76600000000001,0.0006907749965366916
12.768000000000011,0.0006908989681144034
12.77000000000001,0.0006911201661576466
12.772000000000011,0.000691589554394717
12.77400000000001,0.0006920731657917845
12.776000000000009,0.0006923146671106717
12.778000000000011,0.0006924344753164169
12.78000000000001,0.0006927373213491128
12.78200000000001,0.0006932498299582202
12.78400000000001,0.0006936704752416034
12.78600000000001,0.0006938429244833927
12.788000000000011,0.0006939932845601571
12.79000000000001,0.0006943811669083838
12.792000000000009,0.000694902024261021
12.794000000000011,0.0006952418242771458
12.79600000000001,0.0006953710933785412
12.79800000000001,0.0006955817422810429
12.800000000000011,0.0006960429392052492
12.80200000000001,0.0006965358315070835
12.804000000000011,0.0006967915693140425
12.80600000000001,0.0006969109586364014
12.808000000000009,0.0006972015026105172
12.810000000000011,0.0006977109407469706
12.81200000000001,0.0006981448141296365
12.81400000000001,0.0006983281981691597
12.81600000000001,0.0006984728146964964
12.81800000000001,0.0006988490695231941
12.820000000000011,0.0006993727302661568
12.82200000000001,0.0006997274940318682
12.824000000000012,0.0006998628364898313
12.826000000000011,0.0007000636989141357
12.82800000000001,0.0007005162731168468
12.83000000000001,0.0007010174892602972
12.832000000000011,0.0007012874873990604
12.83400000000001,0.0007014073867867565
12.836000000000011,0.0007016860760284405
12.83800000000001,0.0007021916897161917
12.840000000000012,0.0007026380355921596
12.842000000000011,0.0007028327553082331
12.84400000000001,0.0007029725570053547
12.84600000000001,0.0007033372410023692
12.84800000000001,0.0007038627735544978
12.85000000000001,0.0007042320684787495
12.852000000000011,0.0007043741811606496
12.85400000000001,0.0007045660333601517
12.856000000000012,0.00070500964447473
12.858000000000011,0.0007055182499426521
12.86000000000001,0.0007058024555652159
12.86200000000001,0.0007059237358292975
12.864000000000011,0.0007061910651790237
12.86600000000001,0.0007066921845010482
12.868000000000011,0.0007071502323618695
12.87000000000001,0.0007073566044991653
12.872000000000012,0.0007074924914678427
12.874000000000011,0.0007078457347362843
12.87600000000001,0.0007083722693125155
12.87800000000001,0.000708755615491205
12.88000000000001,0.0007089051169743982
12.88200000000001,0.0007090887406340646
12.884000000000011,0.0007095231344138864
12.88600000000001,0.0007100382239515896
12.88800000000001,0.0007103365144507517
12.890000000000011,0.0007104599857160054
12.89200000000001,0.0007107164887970863
12.89400000000001,0.0007112125267314945
12.896000000000011,0.0007116814994519993
12.89800000000001,0.0007118997609971284
12.900000000000011,0.0007120325993495158
12.90200000000001,0.0007123745976352208
12.90400000000001,0.0007129013289247643
12.906000000000011,0.0007132982074384564
12.90800000000001,0.0007134556393733477
12.91000000000001,0.0007136318142120096
12.91200000000001,0.0007140568171875861
12.91400000000001,0.0007145775205856658
12.916000000000011,0.0007148897105788282
12.91800000000001,0.0007150161205607131
12.92000000000001,0.0007152623615358095
12.922000000000011,0.0007157528120304429
12.92400000000001,0.0007162319334594047
12.92600000000001,0.0007164622463753795
12.928000000000011,0.0007165928637179186
12.93000000000001,0.0007169238707567943
12.932000000000011,0.0007174500596692363
12.93400000000001,0.0007178599205092812
12.93600000000001,0.0007180257495780634
12.938000000000011,0.0007181952467113645
12.94000000000001,0.0007186107605471059
12.94200000000001,0.0007191362475186397
12.94400000000001,0.0007194620957961806
12.94600000000001,0.000719592128829244
12.948000000000011,0.0007198286946888677
12.95000000000001,0.0007203131300887178
12.95200000000001,0.0007208016319241728
12.954000000000011,0.0007210440881511571
12.95600000000001,0.0007211732698769874
12.95800000000001,0.0007214935899348407
12.960000000000012,0.0007220185644981197
12.96200000000001,0.0007224408340647109
12.964000000000011,0.0007226154544488772
12.96600000000001,0.000722779030500928
12.96800000000001,0.0007231850261608525
12.970000000000011,0.0007237145103512616
12.97200000000001,0.0007240537267121788
12.97400000000001,0.0007241880034553894
12.97600000000001,0.0007244154968693295
12.97800000000001,0.0007248935648067889
12.980000000000011,0.0007253906927483095
12.98200000000001,0.0007256453193851681
12.98400000000001,0.0007257738057229735
12.986000000000011,0.000726083786400919
12.98800000000001,0.0007266069418968013
12.99000000000001,0.0007270410300249525
12.992000000000012,0.0007272247662969272
12.994000000000009,0.0007273831582413348
12.996000000000011,0.0007277796700622674
12.99800000000001,0.0007283124122381968
13.00000000000001,0.0007286646641458949
13.002000000000011,0.0007288037418904658
13.00400000000001,0.0007290227746414579
13.00600000000001,0.0007294941944930577
13.00800000000001,0.0007299992136746009
13.010000000000009,0.0007302659782626036
13.012000000000011,0.0007303944620267178
13.01400000000001,0.0007306944873900906
13.01600000000001,0.0007312152858143239
13.018000000000011,0.000731660592294861
13.02000000000001,0.0007318537026546473
13.022000000000011,0.0007320076233570255
13.024000000000012,0.0007323947431163297
13.026000000000009,0.000732930053586503
13.028000000000011,0.000733294972586257
13.03000000000001,0.0007334393460943084
13.03200000000001,0.0007336505331015097
13.034000000000011,0.0007341150921094247
13.03600000000001,0.0007346272918254265
13.038000000000011,0.0007349061076630248
13.04000000000001,0.0007350352326482984
13.042000000000009,0.000735325716724522
13.044000000000011,0.0007358436856576972
13.04600000000001,0.0007362996062302424
13.04800000000001,0.0007365022860119919
13.050000000000011,0.000736652420442449
13.05200000000001,0.0007370302914955079
13.054000000000011,0.0007375675318211372
13.056000000000012,0.0007379447196713268
13.058000000000009,0.0007380948224746386
13.060000000000011,0.0007382987764071869
13.06200000000001,0.0007387563255548124
13.06400000000001,0.0007392750233008311
13.066000000000011,0.0007395657547260848
13.06800000000001,0.0007396961146890896
13.070000000000011,0.0007399774953694704
13.07200000000001,0.0007404922263430508
13.074000000000012,0.000740958158147606
13.076000000000011,0.0007411705435271393
13.07800000000001,0.0007413175456051496
13.08000000000001,0.0007416863571579335
13.082000000000011,0.0007422249412139259
13.08400000000001,0.0007426139756899763
13.086000000000011,0.0007427701817821625
13.088000000000012,0.00074296750825463
13.090000000000012,0.0007434179579782346
13.092000000000011,0.0007439425028344104
13.09400000000001,0.000744244970418223
13.09600000000001,0.0007443771085883233
13.098000000000011,0.0007446498419576841
13.10000000000001,0.0007451609883959293
13.102000000000011,0.0007456363348780221
13.10400000000001,0.000745858506717198
13.106000000000012,0.0007460029967495535
13.108000000000011,0.0007463629783204945
13.11000000000001,0.0007469023727698226
13.11200000000001,0.0007473028131105702
13.114000000000011,0.0007474654389681007
13.11600000000001,0.0007476567323029953
13.118000000000011,0.0007481000481138755
13.120000000000012,0.0007486298235044875
13.122000000000012,0.0007489438091056455
13.124000000000011,0.0007490782181684003
13.12600000000001,0.0007493427732789548
13.12800000000001,0.0007498500480936504
13.130000000000011,0.0007503342233660115
13.13200000000001,0.0007505662111354922
13.134000000000011,0.0007507087738053975
13.13600000000001,0.0007510601899216873
13.13800000000001,0.0007515999141659152
13.140000000000011,0.0007520113061377648
13.14200000000001,0.0007521806130105918
13.14400000000001,0.000752366452548614
13.146000000000011,0.0007528026506303798
13.14800000000001,0.0007533370764981201
13.150000000000011,0.0007536623281379218
13.152000000000012,0.0007537994506362777
13.15400000000001,0.0007540563047333249
13.156000000000011,0.0007545594776428022
13.15800000000001,0.0007550519103128872
13.16000000000001,0.0007552936960404516
13.162000000000011,0.0007554348789045456
13.16400000000001,0.0007557780240687872
13.166000000000011,0.0007563176497376867
13.16800000000001,0.0007567395303005736
13.17000000000001,0.0007569157267153376
13.172000000000011,0.0007570966736494544
13.17400000000001,0.0007575258164888299
13.17600000000001,0.000758064350924556
13.178000000000011,0.0007584005874454042
13.18000000000001,0.000758540816545375
13.182000000000011,0.0007587904507461857
13.184000000000012,0.0007592893453857441
13.18600000000001,0.0007597894818633238
13.188000000000011,0.0007600410040613098
13.19000000000001,0.0007601813165114685
13.19200000000001,0.0007605165104660888
13.194000000000011,0.0007610556605066737
13.19600000000001,0.0007614875620720746
13.198000000000011,0.0007616708064965005
13.20000000000001,0.0007618474012035387
13.20200000000001,0.000762269593303333
13.204000000000011,0.0007628117336745677
13.20600000000001,0.000763158649154036
13.20800000000001,0.0007633023297239361
13.210000000000012,0.0007635452251452818
13.21200000000001,0.0007640397160293827
13.214000000000011,0.0007645470233345747
13.216000000000012,0.0007648081808640933
13.21800000000001,0.0007649480935107839
13.220000000000011,0.0007652756768210117
13.22200000000001,0.0007658140242451233
13.22400000000001,0.0007662554785215353
13.226000000000012,0.0007664458821424053
13.22800000000001,0.0007666186419823251
13.230000000000011,0.0007670340256995117
13.23200000000001,0.0007675793093222943
13.23400000000001,0.0007679365772187419
13.236000000000011,0.0007680840071745132
13.23800000000001,0.0007683206415003696
13.24000000000001,0.0007688106508913634
13.242000000000012,0.0007693246189858505
13.244000000000009,0.0007695952748223711
13.246000000000011,0.0007697352192570783
13.248000000000012,0.0007700555492261285
13.25000000000001,0.0007705928155714858
13.252000000000011,0.0007710433569994568
13.25400000000001,0.0007712409865705816
13.25600000000001,0.000771410404123471
13.258000000000012,0.0007718191556666532
13.260000000000009,0.000772367160065221
13.262000000000011,0.0007727344370781625
13.26400000000001,0.0007728858689498297
13.26600000000001,0.00077311671342499
13.268000000000011,0.0007736022081578087
13.27000000000001,0.0007741223518258206
13.272000000000011,0.0007744023366949293
13.274000000000012,0.000774542705590936
13.276000000000009,0.000774856152515227
13.278000000000011,0.0007753921060726643
13.280000000000012,0.0007758512748545221
13.28200000000001,0.0007760561555760631
13.284000000000011,0.0007762226972852088
13.28600000000001,0.0007766250229003513
13.288000000000011,0.0007771753656987679
13.290000000000012,0.00077755229533151
13.292000000000009,0.0007777079380088536
13.294000000000011,0.0007779334548431854
13.29600000000001,0.0007784144431490087
13.29800000000001,0.0007789403034562797
13.300000000000011,0.0007792294193134652
13.30200000000001,0.0007793705668251161
13.304000000000011,0.0007796775105930603
13.306000000000012,0.0007802119644475802
13.308000000000009,0.0007806793091820474
13.310000000000011,0.0007808914275766049
13.312000000000012,0.0007810555327659868
13.31400000000001,0.0007814516651326042
13.316000000000011,0.0007820040036213699
13.31800000000001,0.0007823902194383087
13.320000000000011,0.0007825502400573142
13.322000000000012,0.0007827708802220223
13.324000000000012,0.0007832474085880253
13.326000000000011,0.000783778553948386
13.32800000000001,0.0007840765772822028
13.33000000000001,0.0007842188197058203
13.332000000000011,0.0007845196467377857
13.33400000000001,0.0007850524566684058
13.336000000000011,0.0007855275366022985
13.338000000000012,0.0007857468433577763
13.340000000000012,0.000785908923592607
13.342000000000011,0.0007862991184473256
13.344000000000012,0.0007868531488662983
13.34600000000001,0.0007872482774409495
13.348000000000011,0.0007874128033767691
13.35000000000001,0.0007876290047718476
13.352000000000011,0.0007881011548694083
13.354000000000012,0.0007886371817499016
13.356000000000012,0.0007889438666908721
13.358000000000011,0.0007890874833517414
13.36000000000001,0.0007893825838774099
13.36200000000001,0.000789913646154855
13.364000000000011,0.000790396033068394
13.36600000000001,0.0007906224458206351
13.368000000000011,0.0007907828845799963
13.370000000000012,0.0007911674175794803
13.372000000000012,0.0007917228741562282
13.374000000000011,0.0007921265377107967
13.376000000000012,0.0007922956586449148
13.37800000000001,0.0007925078446167771
13.380000000000011,0.0007929757303247742
13.38200000000001,0.0007935162636193982
13.384000000000011,0.0007938313448427187
13.386000000000012,0.0007939765791752651
13.38800000000001,0.0007942663448392978
13.390000000000011,0.0007947955939580503
13.39200000000001,0.0007952848737004248
13.39400000000001,0.0007955182797342447
13.396000000000011,0.0007956774323659571
13.39800000000001,0.0007960565961969979
13.400000000000011,0.0007966132499774015
13.402000000000012,0.0007970250687169139
13.40400000000001,0.0007971988387506929
13.406000000000011,0.0007974074169372486
13.408000000000012,0.000797871181482418
13.41000000000001,0.0007984158745856229
13.412000000000011,0.0007987390699976255
13.41400000000001,0.0007988861307888506
13.416000000000011,0.0007991709525749235
13.418000000000012,0.0007996983589509121
13.42000000000001,0.0008001941326454959
13.422000000000011,0.0008004343914946727
13.42400000000001,0.00080059258542442
13.42600000000001,0.0008009666871642146
13.428000000000011,0.0008015243446693188
13.43000000000001,0.0008019439388168431
13.432000000000011,0.0008021223786065512
13.434000000000012,0.0008023277400877049
13.43600000000001,0.0008027875533195006
13.438000000000011,0.0008033360879278056
13.440000000000012,0.0008036671011318608
13.44200000000001,0.0008038161638996844
13.444000000000011,0.0008040964303601128
13.44600000000001,0.0008046219980214764
13.448000000000011,0.0008051238829608759
13.450000000000012,0.0008053708288929678
13.45200000000001,0.0008055283640594907
13.454000000000011,0.0008058977227871356
13.45600000000001,0.000806456224527699
13.45800000000001,0.0008068832160687545
13.460000000000012,0.0008070663149605528
13.46200000000001,0.0008072688336909217
13.464000000000011,0.0008077248895041467
13.466000000000012,0.0008082769751758812
13.46800000000001,0.0008086154977138271
13.470000000000011,0.0008087667061956738
13.472000000000012,0.0008090428019727758
13.47400000000001,0.0008095665662669199
13.476000000000012,0.000810074196518587
13.47800000000001,0.0008103276408917143
13.480000000000011,0.0008104847903836754
13.482000000000012,0.0008108497350399896
13.48400000000001,0.0008114089539165981
13.486000000000011,0.0008118429680636641
13.48800000000001,0.0008120306862099413
13.49000000000001,0.00081223071871242
13.492000000000012,0.0008126832326273425
13.494000000000009,0.0008132386061259211
13.496000000000011,0.000813584319496144
13.498000000000012,0.0008137377872251134
13.50000000000001,0.0008140100918491988
13.502000000000011,0.0008145321171860037
13.504000000000012,0.0008150451439288275
13.50600000000001,0.0008153048774130894
13.508000000000012,0.0008154618882831449
13.510000000000009,0.0008158227557736181
13.512000000000011,0.0008163825953877157
13.514000000000012,0.000816823261776678
13.51600000000001,0.0008170155322184541
13.518000000000011,0.0008172134175163936
13.52000000000001,0.0008176626244222884
13.522000000000011,0.0008182210488696662
13.524000000000012,0.0008185736263242316
13.526000000000009,0.0008187294382727278
13.528000000000011,0.0008189983252204491
13.530000000000012,0.0008195187028676998
13.53200000000001,0.0008200367944809356
13.534000000000011,0.0008203025891373311
13.536000000000012,0.0008204596833722294
13.538000000000011,0.0008208168169058089
13.540000000000012,0.0008213772098041167
13.542000000000009,0.0008218241634360968
13.544000000000011,0.0008220208941386864
13.546000000000012,0.0008222169539064961
13.54800000000001,0.0008226631059715106
13.550000000000011,0.0008232243698345632
13.55200000000001,0.000823583477960077
13.554000000000011,0.0008237416922334956
13.556000000000012,0.0008240075282310577
13.558000000000009,0.0008245263741743503
13.560000000000011,0.0008250492160989942
13.562000000000012,0.0008253208273136803
13.56400000000001,0.0008254782029396973
13.566000000000011,0.0008258319505950462
13.568000000000012,0.0008263928564662404
13.570000000000011,0.0008268457384083966
13.572000000000012,0.0008270468142406867
13.574000000000012,0.0008272413531525968
13.576000000000011,0.0008276847179007341
13.578000000000012,0.0008282486338326844
13.58000000000001,0.0008286139339216958
13.582000000000011,0.0008287745834876376
13.58400000000001,0.0008290377280411876
13.586000000000011,0.0008295551809180263
13.588000000000012,0.000830082475310398
13.590000000000012,0.0008303596435829813
13.592000000000011,0.000830517475889192
13.594000000000012,0.0008308681893974268
13.59600000000001,0.0008314295932376203
13.598000000000011,0.0008318880510987947
13.600000000000012,0.0008320933357483795
13.602000000000011,0.000832286642006963
13.604000000000012,0.0008327275005595713
13.606000000000012,0.0008332939041158227
13.608000000000011,0.0008336650533367213
13.610000000000012,0.000833828147776508
13.61200000000001,0.0008340889529140777
13.614000000000011,0.0008346051720287129
13.61600000000001,0.0008351366372253977
13.618000000000011,0.0008354190898128
13.620000000000012,0.000835577532675727
13.622000000000012,0.0008359255664082549
13.624000000000011,0.0008364874766688263
13.626000000000012,0.0008369511648642081
13.62800000000001,0.0008371605026840367
13.630000000000011,0.0008373528487106013
13.632000000000012,0.0008377914941885278
13.634000000000011,0.0008383602424345965
13.636000000000012,0.0008387368948103158
13.63800000000001,0.0008389024220827462
13.640000000000011,0.0008391612322906777
13.642000000000012,0.0008396763957134595
13.64400000000001,0.0008402117655254698
13.646000000000011,0.0008404992179445875
13.64800000000001,0.0008406584052400717
13.650000000000011,0.0008410041153894821
13.652000000000012,0.000841566562118326
13.65400000000001,0.0008420351419392708
13.656000000000011,0.0008422483597222696
13.658000000000012,0.0008424400029928142
13.66000000000001,0.000842876739073059
13.662000000000011,0.0008434477091000397
13.664000000000012,0.0008438295163055304
13.666000000000011,0.0008439974445146603
13.668000000000012,0.0008442545968529586
13.67000000000001,0.0008447688996054692
13.672000000000011,0.0008453079224589738
13.674000000000012,0.0008456000798535979
13.67600000000001,0.0008457601269429293
13.678000000000011,0.000846103870883172
13.68000000000001,0.0008466669038677682
13.682000000000011,0.0008471400433719828
13.684000000000012,0.0008473569520536517
13.68600000000001,0.0008475481360651349
13.688000000000011,0.0008479832756837918
13.690000000000012,0.0008485563630457049
13.69200000000001,0.0008489429750364458
13.694000000000011,0.0008491132541972035
13.696000000000012,0.000849369078577189
13.698000000000011,0.0008498827309029733
13.700000000000012,0.0008504251688420672
13.70200000000001,0.0008507217272203799
13.704000000000011,0.0008508827325002799
13.706000000000012,0.0008512248683129608
13.70800000000001,0.0008517885552316445
13.710000000000012,0.0008522659289691703
13.71200000000001,0.0008524863252587084
13.714000000000011,0.000852677280611544
13.716000000000012,0.0008531111448045609
13.71800000000001,0.0008536862618882535
13.720000000000011,0.0008540773273722907
13.722000000000012,0.0008542498911694035
13.72400000000001,0.0008545047107793163
13.726000000000012,0.0008550179364963106
13.728000000000012,0.0008555635640636744
13.730000000000011,0.0008558642114144671
13.732000000000012,0.0008560262579215966
13.73400000000001,0.0008563671440737775
13.736000000000011,0.0008569315686589168
13.738000000000012,0.0008574128572494677
13.74000000000001,0.0008576365251928147
13.742000000000012,0.0008578274707762151
13.744000000000009,0.0008582603876474276
13.746000000000011,0.0008588374619858535
13.748000000000012,0.0008592326287524404
13.75000000000001,0.0008594073962901738
13.752000000000011,0.0008596615281528941
13.754000000000012,0.0008601745630843899
13.75600000000001,0.0008607231660922171
13.758000000000012,0.0008610275833898506
13.760000000000012,0.00086119074045167
13.762000000000011,0.0008615307356111546
13.764000000000012,0.0008620959958267754
13.76600000000001,0.0008625808854031136
13.768000000000011,0.0008628075978816957
13.770000000000012,0.000862998742150678
13.772000000000011,0.000863431045955293
13.774000000000012,0.0008640100184921923
13.776000000000009,0.0008644089336109773
13.778000000000011,0.000864585811152771
13.780000000000012,0.0008648395668018477
13.78200000000001,0.0008653526572786618
13.784000000000011,0.0008659040314840105
13.786000000000012,0.0008662118935915258
13.788000000000011,0.0008663762185176643
13.790000000000012,0.0008667156814908816
13.792000000000012,0.0008672818877245997
13.794000000000011,0.0008677700692571177
13.796000000000012,0.000867999589428764
13.79800000000001,0.0008681911317612451
13.800000000000011,0.0008686231620929769
13.802000000000012,0.0008692039854055061
13.804000000000011,0.0008696062953106598
13.806000000000012,0.000869785178008689
13.808000000000009,0.0008700388642684104
13.810000000000011,0.000870552265695046
13.812000000000012,0.0008711062153908128
13.81400000000001,0.0008714171918737523
13.816000000000011,0.000871582731682502
13.818000000000012,0.0008719220214598589
13.820000000000011,0.000872489294728454
13.822000000000012,0.000872980463245146
13.824000000000012,0.0008732125459337825
13.826000000000011,0.0008734046780579652
13.828000000000012,0.0008738367791262386
13.83000000000001,0.0008744194156115603
13.832000000000011,0.000874824766085025
13.834000000000012,0.000875005539701712
13.836000000000011,0.0008752594595577284
13.838000000000012,0.0008757734350338942
13.840000000000012,0.0008763297715661672
13.842000000000011,0.0008766435274287637
13.844000000000012,0.000876810320604729
13.84600000000001,0.0008771497964988467
13.848000000000011,0.0008777182666642042
13.850000000000012,0.0008782121203807641
13.852000000000011,0.0008784465134233921
13.854000000000012,0.0008786394209062132
13.856000000000012,0.0008790719408898334
13.858000000000011,0.0008796563609188846
13.860000000000012,0.0008800643969885114
13.86200000000001,0.0008802469396126528
13.864000000000011,0.0008805013931596911
13.866000000000012,0.0008810162121470622
13.868000000000011,0.0008815747523693712
13.870000000000012,0.0008818909487266907
13.872000000000012,0.0008820590270064016
13.874000000000011,0.0008823990488677491
13.876000000000012,0.0008829688528597529
13.87800000000001,0.0008834650922336512
13.880000000000011,0.000883701537793255
13.882000000000012,0.0008838954015813888
13.884000000000011,0.0008843286920442589
13.886000000000012,0.0008849148720868755
13.88800000000001,0.0008853252378540205
13.890000000000011,0.0008855094216151105
13.892000000000012,0.0008857647070692615
13.89400000000001,0.0008862806440924492
13.896000000000011,0.0008868412087663646
13.898000000000012,0.0008871595034658508
13.900000000000011,0.0008873288936494667
13.902000000000012,0.0008876698221440826
13.90400000000001,0.0008882411021852998
13.906000000000011,0.0008887394289077977
13.908000000000012,0.0008889776647629383
13.91000000000001,0.0008891726627680147
13.912000000000011,0.0008896070781214405
13.914000000000012,0.000890194998844282
13.916000000000011,0.000890607337257307
13.918000000000012,0.0008907930300429828
13.92000000000001,0.0008910494448052531
13.922000000000011,0.0008915667781755343
13.924000000000012,0.000892129190326732
13.92600000000001,0.0008924492385338906
13.928000000000011,0.0008926199643207733
13.930000000000012,0.0008929621612546457
13.932000000000011,0.0008935350630811661
13.934000000000012,0.0008940351790215073
13.93600000000001,0.0008942749398425653
13.938000000000011,0.0008944712485632056
13.940000000000012,0.0008949071455599811
13.94200000000001,0.0008954967898991556
13.944000000000011,0.0008959107424882512
13.946000000000012,0.0008960978096697464
13.948000000000011,0.0008963556514284682
13.950000000000012,0.000896874661978006
13.95200000000001,0.0008974387452162086
13.954000000000011,0.0008977601999791557
13.956000000000012,0.000897932283827077
13.95800000000001,0.0008982761125011507
13.960000000000012,0.0008988507835731019
13.962000000000012,0.0008993523896886901
13.964000000000011,0.0008995934083122631
13.966000000000012,0.0008997912044855227
13.96800000000001,0.0009002289417289616
13.970000000000011,0.0009008202929388504
13.972000000000012,0.0009012354995286548
13.97400000000001,0.0009014238057002133
13.976000000000012,0.0009016833735594615
13.978000000000012,0.0009022043433726673
13.980000000000011,0.0009027699201844819
13.982000000000012,0.0009030924329931217
13.984000000000014,0.0009032658979992031
13.986000000000011,0.0009036117235793062
13.988000000000012,0.0009041883112744648
13.99000000000001,0.0009046911065009322
13.992000000000012,0.0009049331152144319
13.994000000000012,0.0009051325774889762
13.996000000000011,0.0009055725149414023
13.998000000000012,0.0009061655546199338
14.00000000000001,0.0009065816530367393
14.002000000000011,0.0009067710637747223
14.004000000000012,0.0009070326593959704
14.00600000000001,0.0009075558705253228
14.008000000000012,0.0009081227605482883
14.010000000000012,0.0009084459819033719
14.012000000000011,0.0009086208537069651
14.014000000000012,0.00090896904359207
14.016000000000014,0.0009095476933749097
14.018000000000011,0.0009100513735108978
14.020000000000012,0.0009102941053589914
14.022000000000011,0.0009104954159826623
14.024000000000012,0.0009109379144560115
14.026000000000012,0.000911532620547828
14.028000000000011,0.000911949246338209
14.030000000000012,0.0009121396299862639
14.03200000000001,0.0009124035587300128
14.034000000000011,0.0009129292918821502
14.036000000000012,0.0009134973101688898
14.038000000000011,0.0009138208901776357
14.040000000000012,0.0009139971988837425
14.042000000000012,0.0009143481230561579
14.044000000000011,0.0009149289766156171
14.046000000000012,0.0009154332332168696
14.048000000000012,0.0009156764233417825
14.050000000000011,0.0009158797698560622
14.052000000000012,0.0009163251904678732
14.054000000000011,0.0009169215352461263
14.056000000000012,0.000917338321424363
14.058000000000012,0.0009175295509108589
14.060000000000011,0.0009177961229644427
14.062000000000012,0.0009183246561433878
14.06400000000001,0.00091889361142522
14.066000000000011,0.000919217200439415
14.068000000000012,0.0009193949825618969
14.070000000000011,0.0009197490139019604
14.072000000000012,0.0009203322072506015
14.074000000000012,0.0009208367265483991
14.076000000000011,0.0009210801135766666
14.078000000000012,0.0009212856905097544
14.080000000000013,0.00092173439408684
14.082000000000011,0.0009223323421152924
14.084000000000012,0.000922748918957772
14.086000000000011,0.0009229408736507461
14.088000000000012,0.0009232104051288686
14.090000000000012,0.0009237420122222006
14.092000000000011,0.0009243117051817851
14.094000000000012,0.0009246349544952681
14.09600000000001,0.0009248142549183186
14.098000000000011,0.0009251717694659101
14.100000000000012,0.0009257574309941979
14.102000000000011,0.0009262618928541771
14.104000000000012,0.0009265052203419888
14.106000000000012,0.0009267132308912879
14.108000000000011,0.0009271655773038789
14.110000000000012,0.0009277650833815487
14.112000000000013,0.0009281810782855587
14.114000000000011,0.0009283736458914893
14.116000000000012,0.0009286464598938782
14.118000000000011,0.0009291814091886286
14.120000000000012,0.0009297516307526787
14.122000000000012,0.0009300741933745554
14.124000000000011,0.0009302550673299936
14.126000000000012,0.0009306164444752435
14.12800000000001,0.0009312046929542128
14.130000000000011,0.0009317087698921395
14.132000000000012,0.0009319517878407374
14.134000000000011,0.0009321624455355948
14.136000000000012,0.0009326187929438734
14.13800000000001,0.0009332198000355785
14.140000000000011,0.0009336348374616582
14.142000000000012,0.0009338279159723795
14.144000000000013,0.0009341043435835417
14.146000000000011,0.0009346428961980874
14.148000000000012,0.0009352134258616418
14.150000000000011,0.0009355349573821198
14.152000000000012,0.0009357174724396317
14.15400000000001,0.0009360830950235904
14.156000000000011,0.0009366740375511551
14.158000000000012,0.0009371773938232492
14.16000000000001,0.0009374198602757206
14.162000000000011,0.0009376333906095102
14.164000000000012,0.0009380940946051852
14.166000000000011,0.0009386965317612628
14.168000000000012,0.00093911023327857
14.17000000000001,0.0009393037329700621
14.172000000000011,0.0009395841141843775
14.174000000000012,0.000940126522404619
14.176000000000013,0.0009406971265996378
14.178000000000011,0.0009410172861647054
14.180000000000012,0.0009412015242306893
14.182000000000011,0.0009415717785369038
14.184000000000012,0.0009421655084236036
14.18600000000001,0.0009426677992091792
14.188000000000011,0.0009429094819398132
14.190000000000012,0.0009431261239596783
14.19200000000001,0.0009435915365839237
14.194000000000011,0.000944195316856633
14.196000000000012,0.0009446073013092693
14.198000000000011,0.0009448011467959039
14.200000000000012,0.0009450858313507365
14.20200000000001,0.0009456323368571135
14.204000000000011,0.0009462027673802914
14.206000000000012,0.0009465212187915323
14.208000000000013,0.0009467072781112335
14.210000000000012,0.0009470825537285094
14.212000000000012,0.0009476791483197383
14.214000000000011,0.000948180019016101
14.216000000000012,0.0009484206973214837
14.218000000000014,0.0009486407051622625
14.220000000000011,0.0009491111737830044
14.222000000000012,0.0009497161921454556
14.22400000000001,0.000950126075961219
14.226000000000012,0.0009503202083064738
14.228000000000012,0.0009506095564042194
14.230000000000011,0.0009511603883798764
14.232000000000012,0.0009517303808948413
14.234000000000014,0.0009520467938504557
14.236000000000011,0.0009522347910060625
14.238000000000012,0.0009526154805414716
14.240000000000013,0.000953214998975313
14.242000000000012,0.0009537140846249681
14.244000000000012,0.0009539535512261693
14.246000000000011,0.0009541771955739325
14.248000000000012,0.000954653061604846
14.250000000000014,0.0009552591928828486
14.252000000000011,0.0009556665905428308
14.254000000000012,0.0009558609694269027
14.25600000000001,0.0009561553523263211
14.258000000000012,0.0009567107254358637
14.260000000000012,0.0009572799980681335
14.262000000000011,0.0009575940495599872
14.264000000000012,0.0009577841214557375
14.266000000000014,0.0009581706200774975
14.268000000000011,0.0009587731009787631
14.270000000000012,0.0009592700258504727
14.272000000000013,0.0009595080889135132
14.274000000000012,0.0009597356583820743
14.276000000000012,0.0009602172558257904
14.278000000000011,0.0009608243526540577
14.280000000000012,0.0009612288773446637
14.282000000000014,0.0009614234832865803
14.284000000000011,0.0009617232837422496
14.286000000000012,0.0009622833959729987
14.288000000000011,0.0009628516480169047
14.290000000000012,0.0009631630238983585
14.292000000000012,0.0009633553297219988
14.294000000000011,0.0009637480345101729
14.296000000000012,0.0009643534936242537
14.298000000000012,0.0009648478709703284
14.300000000000011,0.0009650843562506728
14.302000000000012,0.0009653161586527514
14.304000000000013,0.000965803812452759
14.306000000000012,0.0009664117032697206
14.308000000000012,0.0009668129677356391
14.310000000000011,0.0009670078043671759
14.312000000000012,0.0009673134168942249
14.314000000000012,0.0009678784472533092
14.316000000000011,0.0009684453580125901
14.318000000000012,0.0009687537547503206
14.320000000000011,0.0009689484778977603
14.322000000000012,0.0009693477869813227
14.324000000000012,0.000969956214753015
14.326000000000011,0.0009704476467667922
14.328000000000012,0.0009706823998821557
14.330000000000013,0.0009709187633746702
14.332000000000011,0.0009714127875595641
14.334000000000012,0.0009720212746577167
14.336000000000013,0.0009724188922773103
14.338000000000012,0.0009726139886612334
14.340000000000012,0.0009729258196014695
14.342000000000011,0.000973495925664869
14.344000000000012,0.0009740611534508475
14.346000000000013,0.000974366280072872
14.348000000000011,0.0009745636300198118
14.350000000000012,0.0009749699414779711
14.352000000000011,0.0009755813005848102
14.354000000000012,0.0009760693785820923
14.356000000000012,0.0009763022674158517
14.358000000000011,0.0009765435414963441
14.360000000000012,0.0009770442371030696
14.362000000000013,0.0009776530947548656
14.364000000000011,0.0009780466808562704
14.366000000000012,0.0009782420938411335
14.368000000000013,0.0009785605612054465
14.370000000000012,0.0009791358765167818
14.372000000000012,0.0009796990578299358
14.374000000000011,0.0009800006380799725
14.376000000000012,0.0009802008521831718
14.378000000000013,0.0009806145626887475
14.380000000000011,0.000981228785540314
14.382000000000012,0.0009817130903912036
14.384000000000011,0.0009819440076244967
14.386000000000012,0.0009821905639546685
14.38800000000001,0.0009826982167175924
14.390000000000011,0.0009833071893998596
14.392000000000012,0.0009836963628376688
14.394000000000013,0.0009838921794366323
14.396000000000011,0.000984217712496932
14.398000000000012,0.0009847983438177749
14.400000000000013,0.0009853590927408201
14.402000000000012,0.0009856568674482813
14.40400000000001,0.0009858602126540106
14.406000000000011,0.000986281715837159
14.408000000000012,0.0009868987020567599
14.410000000000013,0.0009873788048926357
14.412000000000011,0.0009876076706634151
14.414000000000012,0.0009878599036915736
14.416000000000011,0.0009883747814869864
14.418000000000012,0.0009889835822309567
14.42000000000001,0.0009893679672404732
14.422000000000011,0.0009895643070198246
14.424000000000012,0.00098989734562277
14.426000000000013,0.0009904833700390275
14.428000000000011,0.000991041277871682
14.430000000000012,0.0009913350075427124
14.432000000000013,0.0009915417819789663
14.434000000000012,0.0009919714664901047
14.43600000000001,0.0009925910803983834
14.438000000000011,0.0009930665436214264
14.440000000000012,0.0009932933083027506
14.442000000000013,0.0009935516356559398
14.444000000000011,0.000994073985693969
14.446000000000012,0.0009946822945902933
14.448000000000011,0.0009950615229366855
14.450000000000012,0.0009952585403949499
14.45200000000001,0.0009955995339690354
14.454000000000011,0.0009961909958621645
14.456000000000012,0.0009967456310302353
14.458000000000013,0.0009970350986638066
14.460000000000012,0.0009972456330879925
14.462000000000012,0.0009976838803396754
14.464000000000013,0.000998305948464659
14.466000000000012,0.0009987763270855599
14.468000000000014,0.0009990009741736444
14.470000000000011,0.0009992658367871526
14.472000000000012,0.0009997958825463116
14.474000000000013,0.0010004033454392713
14.476000000000012,0.001000777058875843
14.478000000000012,0.00100097494579178
14.480000000000011,0.001001324352017885
14.482000000000012,0.0010019212599141625
14.484000000000014,0.0010024721681867327
14.486000000000011,0.001002757182316072
14.488000000000012,0.0010029718413874372
14.490000000000013,0.001003419022956184
14.492000000000012,0.0010040433315989528
14.494000000000012,0.001004508174929572
14.496000000000013,0.0010047307240269587
14.498000000000012,0.0010050025859776462
14.500000000000014,0.0010055405238795223
14.502000000000011,0.0010061467512877537
14.504000000000012,0.001006514604336109
14.506000000000013,0.001006713592058825
14.508000000000012,0.001007071875174556
14.510000000000012,0.0010076741984910015
14.512000000000011,0.0010082209035416068
14.514000000000012,0.0010085013014979188
14.516000000000014,0.0010087204848395342
14.518000000000011,0.001009176959510888
14.520000000000012,0.0010098032524009093
14.522000000000013,0.0010102621061267164
14.524000000000012,0.0010104826160031999
14.526000000000012,0.0010107619640086496
14.528000000000013,0.0010113079598369629
14.530000000000012,0.0010119125261415507
14.532000000000014,0.001012274189203577
14.534000000000011,0.0010124745508539312
14.536000000000012,0.0010128421795621567
14.538000000000013,0.001013449845272435
14.540000000000012,0.0010139918496210598
14.542000000000012,0.0010142675010118007
14.544000000000011,0.0010144916440245622
14.546000000000012,0.00101495775446718
14.548000000000012,0.0010155857305469557
14.550000000000011,0.0010160381392036871
14.552000000000012,0.0010162567109108234
14.554000000000013,0.0010165440534571218
14.556000000000012,0.0010170982385277194
14.558000000000012,0.0010177006814723194
14.560000000000013,0.0010180558442801635
14.562000000000012,0.0010182578968286338
14.564000000000012,0.0010186353417799415
14.566000000000011,0.0010192482310306672
14.568000000000012,0.0010197850174045453
14.570000000000013,0.0010200558277949079
14.572000000000012,0.0010202854021808122
14.574000000000012,0.0010207614712387375
14.576000000000011,0.0010213907826223528
14.578000000000012,0.0010218362924989816
14.580000000000013,0.001022053072510798
14.582000000000011,0.001022348938567716
14.584000000000012,0.0010229114056641148
14.586000000000013,0.001023511226214635
14.588000000000012,0.0010238596016211715
14.590000000000012,0.001024063707801559
14.592000000000013,0.001024451438623064
14.594000000000012,0.00102506938333706
14.596000000000013,0.0010256004164881233
14.598000000000011,0.0010258663312680688
14.600000000000012,0.0010261018452178
14.602000000000013,0.001026588171814044
14.604000000000012,0.0010272184219708574
14.606000000000012,0.0010276565844583307
14.608000000000011,0.0010278717678043059
14.610000000000012,0.0010281767050869667
14.612000000000013,0.001028747504180333
14.614000000000011,0.0010293441667950515
14.616000000000012,0.0010296854949030793
14.618000000000013,0.0010298920649170484
14.620000000000012,0.0010302905467605289
14.622000000000012,0.0010309133262705883
14.624000000000013,0.00103143805528709
14.626000000000012,0.0010316990637017354
14.628000000000013,0.0010319410616974195
14.630000000000011,0.001032437916347273
14.632000000000012,0.0010330686585662968
14.634000000000013,0.0010334990339685712
14.636000000000012,0.0010337128673191531
14.63800000000001,0.0010340274400530008
14.640000000000011,0.0010346065738352367
14.642000000000012,0.0010351995071985337
14.644000000000013,0.0010355335598206533
14.646000000000011,0.0010357430527829364
14.648000000000012,0.0010361527423686373
14.650000000000013,0.0010367800801334842
14.652000000000012,0.0010372979412824057
14.65400000000001,0.0010375540805961092
14.656000000000013,0.001037803142776919
14.658000000000012,0.001038310762715683
14.660000000000013,0.001038941498912857
14.662000000000011,0.0010393636607316376
14.664000000000012,0.0010395764453910578
14.666000000000013,0.0010399012315381734
14.668000000000012,0.0010404886508029176
14.67000000000001,0.0010410772490770659
14.672000000000011,0.001041403834513177
14.674000000000012,0.001041616759582309
14.676000000000013,0.0010420381007177765
14.678000000000011,0.0010426696611797043
14.680000000000012,0.0010431800813139186
14.682000000000013,0.0010434314410727313
14.684000000000012,0.0010436881821083432
14.68600000000001,0.0010442067660451082
14.688000000000013,0.0010448369459795659
14.690000000000012,0.0010452504856806044
14.692000000000013,0.0010454625804342949
14.694000000000011,0.0010457981683385381
14.696000000000012,0.0010463937672554602
14.698000000000013,0.001046977391906928
14.700000000000012,0.0010472963600186985
14.70200000000001,0.0010475132771525092
14.704000000000011,0.0010479466957110523
14.706000000000012,0.001048582081362423
14.708000000000013,0.0010490844819240064
14.710000000000012,0.0010493312082732603
14.712000000000012,0.0010495962756875282
14.714000000000013,0.0010501259782049882
14.716000000000012,0.0010507549991771586
14.718000000000014,0.0010511595314377925
14.720000000000013,0.0010513713551959236
14.722000000000012,0.001051718339606475
14.724000000000013,0.0010523219509431248
14.726000000000012,0.0010528999331988614
14.728000000000012,0.0010532111807535077
14.730000000000013,0.0010534327010238986
14.732000000000012,0.001053878599373545
14.734000000000014,0.0010545173481084635
14.736000000000011,0.0010550111497550085
14.738000000000012,0.001055253449760915
14.740000000000013,0.0010555275216466292
14.742000000000012,0.0010560684472768755
14.744000000000012,0.0010566956543830025
14.746000000000013,0.0010570908228157427
14.748000000000012,0.0010573028569864223
14.750000000000014,0.001057661834421797
14.752000000000013,0.0010582732247789578
14.754000000000012,0.0010588448687680052
14.756000000000013,0.00105914834501461
14.758000000000012,0.0010593751304117938
14.760000000000012,0.0010598338812922992
14.762000000000013,0.001060475464127561
14.764000000000012,0.0010609600920027662
14.766000000000014,0.001061198237919031
14.768000000000011,0.0010614820199829067
14.770000000000012,0.0010620342169999353
14.772000000000013,0.001062658904022809
14.774000000000012,0.0010630443873595463
14.776000000000012,0.0010632571778798061
14.778000000000013,0.001063628741298242
14.780000000000012,0.001064247606434962
14.782000000000014,0.0010648121930675047
14.784000000000013,0.0010651079055007256
14.786000000000012,0.0010653406681526006
14.788000000000013,0.001065812608007477
14.790000000000012,0.001066456427264953
14.792000000000012,0.0010669313169283656
14.794000000000013,0.0010671656503397492
14.796000000000012,0.0010674598722176382
14.798000000000012,0.001068023326199527
14.800000000000011,0.0010686447372163371
14.802000000000012,0.0010690202559301837
14.804000000000013,0.0010692344148739708
14.806000000000012,0.0010696191476217837
14.808000000000012,0.0010702451079589448
14.810000000000013,0.0010708018995918417
14.812000000000012,0.0010710899198479035
14.814000000000012,0.001071329420575473
14.816000000000013,0.0010718148423570772
14.818000000000012,0.0010724602304073572
14.820000000000013,0.001072924834429459
14.822000000000012,0.001073155770195594
14.824000000000012,0.0010734611809782996
14.826000000000013,0.0010740358082056284
14.828000000000012,0.0010746531399952602
14.830000000000013,0.001075018463325389
14.832000000000011,0.0010752346700027282
14.834000000000012,0.0010756331390189555
14.836000000000013,0.0010762657354220773
14.838000000000012,0.0010768139813534111
14.840000000000012,0.0010770944511723918
14.842000000000013,0.001077341497300932
14.844000000000012,0.0010778406427789933
14.846000000000013,0.0010784868614522602
14.848000000000013,0.0010789406566714121
14.850000000000012,0.0010791686865848638
14.852000000000013,0.0010794860494979658
14.854000000000012,0.0010800716902697877
14.856000000000012,0.0010806840956003178
14.858000000000013,0.0010810390489350286
14.860000000000012,0.0010812580503886254
14.862000000000013,0.0010816707986543023
14.864000000000011,0.0010823094886079632
14.866000000000012,0.0010828484314372305
14.868000000000013,0.0010831215686148976
14.870000000000012,0.001083377010957065
14.872000000000012,0.0010838900625747827
14.874000000000013,0.0010845363033512578
14.876000000000012,0.0010849787987778636
14.878000000000013,0.001085204494840869
14.880000000000013,0.001085534581025907
14.882000000000012,0.001086130992990736
14.884000000000013,0.0010867375848660349
14.886000000000012,0.0010870820574254564
14.88800000000001,0.0010873046682263188
14.890000000000013,0.0010877322064564848
14.892000000000012,0.0010883763607562186
14.894000000000013,0.0010889052436355434
14.896000000000011,0.0010891713478764081
14.898000000000012,0.0010894360768035627
14.900000000000013,0.0010899631491431416
14.902000000000012,0.00109060853423798
14.90400000000001,0.0010910392795789453
14.906000000000013,0.0010912632967941677
14.908000000000012,0.0010916068781453153
14.910000000000013,0.0010922137297604967
14.912000000000013,0.0010928135866992567
14.914000000000012,0.0010931475394471979
14.916000000000013,0.001093374640684
14.918000000000012,0.0010938174382761345
14.92000000000001,0.0010944663383731512
14.922000000000013,0.0010949844131651065
14.924000000000012,0.0010952438717365676
14.926000000000013,0.0010955188122543785
14.928000000000011,0.0010960599431910356
14.930000000000012,0.0010967035276523013
14.932000000000013,0.00109712212241303
14.934000000000012,0.0010973452009751389
14.93600000000001,0.001097703041993428
14.938000000000013,0.0010983199062449683
14.940000000000012,0.0010989120786587953
14.942000000000013,0.0010992355523575664
14.944000000000013,0.0010994680897115222
14.946000000000012,0.0010999265649787315
14.948000000000013,0.0011005794011238884
14.950000000000012,0.0011010859374675497
14.95200000000001,0.0011013392305422448
14.954000000000013,0.0011016253362904488
14.956000000000012,0.0011021804779350192
14.958000000000013,0.0011028212528713388
14.960000000000012,0.0011032273559787725
14.962000000000012,0.0011034503227434767
14.964000000000013,0.0011038231713824953
14.966000000000012,0.0011044495199142718
14.968000000000014,0.0011050330376402434
14.970000000000013,0.0011053461609492193
14.972000000000012,0.0011055851417418328
14.974000000000013,0.001106059651478919
14.976000000000013,0.0011067155218218855
14.978000000000012,0.0011072098170920586
14.980000000000013,0.001107457522653718
14.982000000000012,0.0011077557687537154
14.984000000000014,0.0011083247783052058
14.986000000000013,0.001108961675357803
14.988000000000012,0.0011093550152292686
14.990000000000013,0.0011095787843302118
14.992000000000012,0.0011099673618210903
14.994000000000012,0.001110602559639573
14.996000000000013,0.0011111764406711855
14.998000000000012,0.001111479438172136
15.000000000000014,0.001111725927272822
15.002000000000013,0.0011122167557249957
15.004000000000012,0.0011128746665297201
15.006000000000013,0.0011133560566574802
15.008000000000013,0.0011135988548337389
15.010000000000012,0.0011139102295152359
15.012000000000013,0.0011144928601689585
15.014000000000012,0.001115124757336064
15.016000000000014,0.0011155051423008128
15.018000000000013,0.0011157307147763168
15.020000000000012,0.001116135704437013
15.022000000000013,0.0011167790053756843
15.024000000000012,0.0011173422658192211
15.026000000000012,0.0011176354658372634
15.028000000000013,0.0011178905803169714
15.030000000000012,0.0011183979276457173
15.032000000000014,0.0011190567947880065
15.034000000000013,0.001119524665890062
15.036000000000012,0.0011197633425626685
15.038000000000013,0.0011200888375117596
15.040000000000013,0.0011206847295925498
15.042000000000012,0.0011213104585039019
15.044000000000013,0.0011216777874655248
15.046000000000012,0.001121906249751517
15.048000000000012,0.0011223282848068922
15.050000000000013,0.0011229788279489422
15.052000000000012,0.001123530493213093
15.054000000000013,0.001123814335285453
15.056000000000012,0.001124079237705966
15.058000000000012,0.0011246032080738377
15.060000000000013,0.0011252618599870562
15.062000000000012,0.0011257156607293733
15.064000000000012,0.001125951110262438
15.066000000000013,0.0011262917096464958
15.068000000000012,0.0011269003821622464
15.070000000000013,0.0011275187368883638
15.072000000000013,0.0011278730100944406
15.074000000000012,0.0011281055312363092
15.076000000000013,0.0011285451817001357
15.078000000000012,0.0011292019889714289
15.080000000000013,0.0011297411061763074
15.082000000000013,0.0011300161480046061
15.084000000000012,0.0011302920382387782
15.086000000000013,0.0011308326276651404
15.088000000000012,0.0011314898098968157
15.090000000000012,0.0011319290644941776
15.092000000000013,0.001132162291409472
15.094000000000012,0.0011325189595527557
15.096000000000013,0.001133139802388508
15.098000000000013,0.0011337495498502798
15.100000000000012,0.0011340908796167865
15.102000000000013,0.0011343287070490204
15.104000000000013,0.0011347864657478834
15.106000000000012,0.001135448440903658
15.108000000000013,0.0011359740924687528
15.110000000000012,0.0011362410161757375
15.112000000000013,0.001136529121662344
15.114000000000013,0.0011370862058345949
15.116000000000012,0.0011377405873682356
15.118000000000013,0.0011381649090955875
15.120000000000012,0.0011383970285159528
15.122000000000012,0.0011387706962221605
15.124000000000013,0.0011394029632191965
15.126000000000012,0.0011400028552417674
15.128000000000013,0.001140331476456674
15.130000000000013,0.0011405759302012264
15.132000000000012,0.0011410521980530636
15.134000000000013,0.0011417181272867366
15.136000000000013,0.0011422294456306797
15.13800000000001,0.0011424890631259038
15.140000000000013,0.0011427906274765337
15.142000000000012,0.001143363949735729
15.144000000000013,0.0011440141312183266
15.146000000000013,0.0011444232362839563
15.148000000000012,0.0011446554729574177
15.150000000000013,0.0011450470225022186
15.152000000000012,0.00114568982568998
15.15400000000001,0.0011462786127165864
15.156000000000013,0.0011465948929271774
15.158000000000012,0.0011468473580636546
15.160000000000013,0.0011473424287611195
15.162000000000013,0.001148010983166442
15.164000000000012,0.0011485071664184554
15.166000000000013,0.0011487604236648935
15.168000000000013,0.0011490766935574603
15.17000000000001,0.0011496658533118737
15.172000000000013,0.0011503103773091439
15.174000000000012,0.0011507040989109513
15.176000000000013,0.0011509377846237873
15.178000000000013,0.0011513480334734427
15.180000000000012,0.001152000338740855
15.182000000000013,0.0011525767851914975
15.184000000000012,0.0011528812340589473
15.18600000000001,0.0011531431513268492
15.188000000000013,0.001153657195616109
15.190000000000012,0.0011543269357294217
15.192000000000013,0.0011548072643201013
15.194000000000013,0.0011550552442795153
15.196000000000012,0.0011553874545961879
15.198000000000013,0.001155991896452907
15.200000000000014,0.001156629259827624
15.20200000000001,0.001157007562186993
15.204000000000013,0.0011572441313702636
15.206000000000012,0.001157673814720192
15.208000000000013,0.0011583344392293443
15.210000000000013,0.0011588973404522834
15.212000000000012,0.001159190618336775
15.214000000000013,0.001159463472741748
15.216000000000012,0.0011599965225321668
15.218000000000014,0.001160665905170305
15.220000000000013,0.0011611297591332947
15.222000000000012,0.0011613736831581206
15.224000000000013,0.0011617230403541262
15.226000000000013,0.001162342044292941
15.228000000000012,0.001162970712770356
15.230000000000013,0.0011633337049089115
15.232000000000014,0.0011635746882450032
15.234000000000014,0.001164024440516137
15.236000000000013,0.001164692052170832
15.238000000000012,0.001165240252894606
15.240000000000013,0.0011655231783158915
15.242000000000013,0.0011658084856290135
15.244000000000012,0.0011663604182153703
15.246000000000013,0.0011670278058057981
15.248000000000012,0.0011674746825861698
15.250000000000014,0.001167715910016423
15.252000000000013,0.0011680835737419015
15.254000000000012,0.0011687162466879342
15.256000000000013,0.0011693346716327158
15.258000000000013,0.001169682620631482
15.260000000000012,0.0011699296364705014
15.262000000000013,0.0011703999719505087
15.264000000000014,0.0011710730912357914
15.266000000000014,0.0011716055053857533
15.268000000000013,0.001171879061086803
15.270000000000012,0.0011721783521477375
15.272000000000013,0.0011727488748765752
15.274000000000013,0.0011734125474494733
15.276000000000012,0.0011738420799760063
15.278000000000013,0.0011740821056947515
15.280000000000012,0.0011744691687344405
15.282000000000014,0.0011751144379140294
15.284000000000013,0.0011757210752983555
15.286000000000012,0.001176054418750544
15.288000000000013,0.001176309162157163
15.290000000000013,0.0011768004550291311
15.292000000000012,0.0011774774595319365
15.294000000000013,0.0011779930912284298
15.296000000000014,0.0011782584285543463
15.298000000000012,0.0011785732313203678
15.300000000000013,0.0011791618670802806
15.302000000000012,0.0011798200370553291
15.304000000000013,0.0011802320117973025
15.306000000000013,0.00118047246149533
15.308000000000012,0.0011808799281411986
15.310000000000013,0.001181536536628544
15.312000000000012,0.001182129868118803
15.314000000000012,0.0011824492254642327
15.316000000000013,0.0011827134547300056
15.318000000000012,0.0011832259187910532
15.320000000000013,0.0011839050506965848
15.322000000000013,0.0011844030162021096
15.324000000000012,0.001184661457495656
15.326000000000013,0.0011849932768151078
15.328000000000014,0.001185599350779526
15.330000000000013,0.001186250180634174
15.332000000000013,0.0011866445553266047
15.334000000000012,0.0011868871782298035
15.336000000000013,0.0011873159412594259
15.338000000000013,0.00118798244613523
15.340000000000012,0.00118856100216784
15.342000000000013,0.0011888671845736998
15.344000000000012,0.0011891427050530479
15.346000000000013,0.0011896763734886712
15.348000000000013,0.0011903557503205736
15.350000000000012,0.001190835300654336
15.352000000000013,0.001191088339358659
15.354000000000013,0.0011914386344947792
15.356000000000012,0.0011920612625902355
15.358000000000013,0.0011927028854404331
15.360000000000014,0.0011930798061265263
15.362000000000013,0.0011933264649465064
15.364000000000013,0.001193777281447192
15.366000000000012,0.0011944520549947435
15.368000000000013,0.0011950144396493945
15.370000000000013,0.0011953084580824391
15.372000000000012,0.0011955971032399926
15.374000000000013,0.0011961518088872275
15.376000000000012,0.0011968294377203564
15.378000000000013,0.0011972899816065502
15.380000000000013,0.0011975392797619888
15.382000000000012,0.0011979094397494422
15.384000000000013,0.0011985475193612982
15.386000000000013,0.001199178062420675
15.38800000000001,0.0011995378794271983
15.390000000000013,0.0011997905373102025
15.392000000000014,0.0012002640036618134
15.394000000000013,0.0012009452380178365
15.396000000000013,0.001201490155430654
15.398000000000012,0.0012017732265502679
15.400000000000013,0.0012020768361471895
15.402000000000013,0.001202652192746012
15.40400000000001,0.0012033259880673275
15.406000000000013,0.0012037671148355383
15.408000000000012,0.001204014497657377
15.410000000000013,0.0012044058146396946
15.412000000000013,0.0012050580180975878
15.414000000000012,0.0012056756289074155
15.416000000000013,0.001206018911339507
15.418000000000013,0.0012062796156098732
15.42000000000001,0.0012067761420194861
15.422000000000013,0.001207461857674022
15.424000000000014,0.0012079881396666603
15.426000000000013,0.0012082616891544856
15.428000000000013,0.0012085820845514905
15.430000000000012,0.0012091774695495994
15.432000000000013,0.0012098452748765254
15.434000000000013,0.0012102667768849745
15.43600000000001,0.0012105142241140426
15.438000000000013,0.0012109278648880922
15.440000000000012,0.00121159263629253
15.442000000000013,0.0012121955115336203
15.444000000000013,0.001212523059850007
15.446000000000012,0.0012127939223747636
15.448000000000013,0.0012133137074433337
15.450000000000014,0.0012140017659436064
15.45200000000001,0.0012145084004742263
15.454000000000013,0.0012147740634099319
15.456000000000014,0.001215113020026623
15.458000000000013,0.0012157275595627154
15.460000000000013,0.0012163871728487902
15.462000000000012,0.0012167890669564502
15.464000000000013,0.0012170387006883998
15.466000000000014,0.0012174756767701078
15.468000000000014,0.0012181512327247707
15.470000000000013,0.0012187376493358187
15.472000000000012,0.0012190505055432038
15.474000000000013,0.001219333679586418
15.476000000000013,0.001219876685475338
15.478000000000012,0.0012205648066308111
15.480000000000013,0.0012210509666070596
15.482000000000014,0.0012213105844979671
15.484000000000014,0.0012216698015424798
15.486000000000013,0.0012223023582850628
15.488000000000014,0.0012229515610482772
15.490000000000013,0.0012233341086245464
15.492000000000013,0.0012235881773437485
15.494000000000012,0.0012240493139675235
15.496000000000013,0.0012247336487681143
15.498000000000014,0.0012253019970035334
15.500000000000014,0.001225601451994504
15.502000000000013,0.00122589910548207
15.504000000000012,0.0012264650343385003
15.506000000000013,0.0012271508181475738
15.508000000000013,0.0012276158900774853
15.510000000000012,0.0012278715041534605
15.512000000000013,0.0012282525718255305
15.514000000000014,0.0012289017363834448
15.516000000000014,0.001229538326389612
15.518000000000013,0.0012299020513144576
15.520000000000014,0.0012301629098907113
15.522000000000013,0.001230648814461624
15.524000000000013,0.0012313397102562823
15.526000000000012,0.0012318885282250752
15.528000000000013,0.001232176125772963
15.530000000000014,0.0012324904109569657
15.532000000000014,0.001233078683342631
15.534000000000013,0.0012337596367649334
15.536000000000012,0.0012342032486621218
15.538000000000013,0.0012344570890611278
15.540000000000013,0.0012348614535342278
15.542000000000012,0.0012355255401768628
15.544000000000013,0.0012361473673950657
15.546000000000014,0.001236493071476677
15.548000000000012,0.0012367631569253218
15.550000000000013,0.0012372741875585763
15.552000000000014,0.0012379692299352568
15.554000000000013,0.001238497239070227
15.556000000000013,0.0012387747759926432
15.558000000000012,0.0012391077955861834
15.560000000000013,0.0012397175317332837
15.562000000000014,0.0012403911003169982
15.564000000000012,0.0012408131482235102
15.566000000000013,0.0012410676187142727
15.568000000000012,0.001241496545320117
15.570000000000013,0.0012421735927453798
15.572000000000013,0.0012427785981722478
15.574000000000012,0.0012431073733889936
15.576000000000013,0.0012433891762516497
15.578000000000014,0.0012439254111513837
15.580000000000013,0.0012446220105215705
15.582000000000013,0.0012451281513415763
15.584000000000014,0.0012453976733483169
15.586000000000013,0.0012457514433029532
15.588000000000013,0.0012463814480867946
15.590000000000012,0.0012470450523268256
15.592000000000013,0.0012474457247727971
15.594000000000014,0.0012477033826946565
15.596000000000013,0.0012481579178630492
15.598000000000013,0.001248845695724518
15.600000000000012,0.001249431952550048
15.602000000000013,0.0012497451895118056
15.604000000000013,0.0012500412207890471
15.606000000000012,0.0012506024293352097
15.608000000000013,0.001251297848371899
15.610000000000014,0.0012517813158183094
15.612000000000013,0.001252045108574365
15.614000000000013,0.0012524215177893566
15.616000000000014,0.0012530702703542757
15.618000000000013,0.0012537213465093483
15.620000000000013,0.0012541011461938284
15.622000000000012,0.0012543646773387623
15.624000000000013,0.0012548456099889943
15.626000000000014,0.0012555416318364293
15.628000000000013,0.0012561073882994128
15.630000000000013,0.0012564067803211149
15.632000000000012,0.0012567195339782261
15.634000000000013,0.001257305150504498
15.636000000000013,0.0012579965377503416
15.63800000000001,0.0012584568153079095
15.640000000000013,0.001258717390265604
15.642000000000014,0.0012591181576564053
15.644000000000013,0.0012597838066521622
15.646000000000013,0.001260419851591435
15.648000000000014,0.0012607796135424704
15.650000000000013,0.0012610518017670408
15.652000000000013,0.0012615596249963418
15.65400000000001,0.001262261168191517
15.656000000000013,0.001262804891354205
15.658000000000014,0.0012630924335405996
15.660000000000013,0.0012634243447208343
15.662000000000013,0.0012640334460638641
15.664000000000012,0.0012647178756617777
15.666000000000013,0.0012651547674133873
15.668000000000013,0.001265414842005777
15.67000000000001,0.0012658414715143312
15.672000000000013,0.0012665218368894532
15.674000000000014,0.0012671404563715932
15.676000000000013,0.0012674813618321484
15.678000000000013,0.0012677650532653822
15.680000000000014,0.0012682999273350842
15.682000000000013,0.0012690040603763192
15.684000000000013,0.0012695244799369315
15.68600000000001,0.0012698024626962429
15.688000000000013,0.001270155861909747
15.690000000000014,0.0012707871498902207
15.692000000000013,0.001271461667199339
15.694000000000013,0.0012718753269185673
15.696000000000012,0.001272137798755138
15.698000000000013,0.0012725915330574072
15.700000000000014,0.0012732841153055008
15.70200000000001,0.0012738830749287056
15.704000000000013,0.0012742066602123014
15.706000000000014,0.0012745047220281136
15.708000000000013,0.0012750664397980782
15.710000000000013,0.001275770057319825
15.712000000000014,0.0012762662084838672
15.714000000000013,0.001276537204916911
15.716000000000014,0.0012769142686326618
15.718000000000014,0.0012775660586780424
15.720000000000013,0.0012782277313321821
15.722000000000014,0.0012786186876859451
15.724000000000013,0.0012788866024615597
15.726000000000013,0.0012793683763143993
15.728000000000012,0.001280070373975345
15.730000000000013,0.0012806476518730514
15.732000000000014,0.0012809558114454112
15.734000000000014,0.0012812710852908304
15.736000000000013,0.0012818590413941344
15.738000000000014,0.0012825589069059562
15.740000000000013,0.0012830301712560277
15.742000000000013,0.0012832970179112724
15.744000000000014,0.00128369971616199
15.746000000000013,0.001284369933292423
15.748000000000014,0.001285015907040138
15.750000000000014,0.0012853850839586456
15.752000000000013,0.001285661596873544
15.754000000000014,0.0012861719912392044
15.756000000000013,0.0012868803273123341
15.758000000000013,0.0012874341675197798
15.760000000000012,0.0012877291505865585
15.762000000000013,0.0012880644009123643
15.764000000000014,0.0012886775660809757
15.766000000000014,0.0012893703622721409
15.768000000000013,0.0012898165055140742
15.770000000000014,0.0012900822760571473
15.772000000000013,0.0012905123178739708
15.774000000000013,0.0012911985012359073
15.776000000000014,0.0012918260596797015
15.778000000000013,0.0012921747909533376
15.780000000000014,0.0012924631215556759
15.782000000000014,0.0012930023198374496
15.784000000000013,0.001293713677570224
15.786000000000014,0.0012942426428536324
15.788000000000013,0.0012945270427738298
15.790000000000013,0.0012948849004934537
15.792000000000012,0.001295521802532229
15.794000000000013,0.0012962041887055464
15.796000000000014,0.0012966253941290307
15.798000000000012,0.001296893365554358
15.800000000000013,0.0012973521432750879
15.802000000000014,0.001298051460314309
15.804000000000013,0.0012986580874486675
15.806000000000013,0.001298988124629058
15.808000000000014,0.0012992915051302512
15.810000000000013,0.0012998592530435726
15.812000000000014,0.0013005701213132381
15.814000000000012,0.0013010731441421286
15.816000000000013,0.0013013498800405754
15.818000000000014,0.0013017327821578384
15.820000000000013,0.0013023914951066085
15.822000000000013,0.0013030601710214973
15.824000000000012,0.0013034570674961
15.826000000000013,0.0013037306786064518
15.828000000000014,0.0013042192123442209
15.830000000000013,0.001304928483553347
15.832000000000013,0.0013055119277972926
15.834000000000014,0.001305825440517272
15.836000000000013,0.0013061470578038803
15.838000000000013,0.0013067426285736095
15.840000000000014,0.0013074493567855061
15.842000000000013,0.0013079257870464989
15.844000000000014,0.0013081980770705548
15.846000000000013,0.0013086082031602553
15.848000000000013,0.001309286346166394
15.850000000000014,0.0013099381212796357
15.852000000000013,0.0013103118046137452
15.854000000000013,0.001310594606623361
15.856000000000012,0.0013111134904309762
15.858000000000013,0.0013118292253808395
15.860000000000014,0.0013123875636208426
15.862000000000013,0.0013126871314994848
15.864000000000013,0.0013130300632733793
15.866000000000014,0.00131365222998156
15.868000000000013,0.0013143510920744783
15.870000000000013,0.0013148007400724804
15.872000000000014,0.0013150720658307025
15.874000000000013,0.0013155112725282136
15.876000000000014,0.001316206019866789
15.878000000000013,0.0013168378866687258
15.880000000000013,0.0013171899331900494
15.882000000000014,0.0013174855324624146
15.884000000000013,0.0013180348839748335
15.886000000000013,0.001318753329046407
15.88800000000001,0.0013192850290544011
15.890000000000013,0.0013195736244266676
15.892000000000014,0.0013199407701509625
15.894000000000013,0.0013205877871391714
15.896000000000013,0.0013212750539244589
15.898000000000014,0.0013216982271977984
15.900000000000013,0.001321972289034662
15.902000000000013,0.0013224420439877371
15.904000000000014,0.0013231501474957053
15.906000000000013,0.0013237593573708073
15.908000000000014,0.0013240918286384906
15.910000000000013,0.001324403821767628
15.912000000000013,0.001324983237328714
15.914000000000014,0.0013257004352011936
15.916000000000013,0.0013262044146822305
15.918000000000013,0.0013264853754811623
15.92000000000001,0.0013268793830964187
15.922000000000013,0.0013275489783378391
15.924000000000014,0.0013282209970201797
15.926000000000013,0.001328618529511022
15.928000000000013,0.0013288991924176319
15.930000000000014,0.0013294005094623695
15.932000000000013,0.0013301183343981948
15.934000000000013,0.0013307024741921192
15.936000000000014,0.0013310179118264376
15.938000000000013,0.0013313498135083812
15.940000000000014,0.0013319583309775451
15.942000000000013,0.0013326701915110928
15.944000000000013,0.0013331458719659794
15.946000000000014,0.0013334228642011559
15.948000000000013,0.001333846053899107
15.950000000000014,0.0013345354341795235
15.95200000000001,0.0013351887135273355
15.954000000000013,0.0013355619856945666
15.956000000000014,0.001335853215837124
15.958000000000013,0.0013363865934719055
15.960000000000013,0.0013371101684613307
15.962000000000014,0.0013376672357386377
15.964000000000013,0.0013379686454499107
15.966000000000014,0.0013383238098752526
15.968000000000014,0.0013389598814352588
15.970000000000013,0.0013396622631253463
15.972000000000014,0.0013401096166929527
15.974000000000013,0.0013403865861060515
15.976000000000013,0.0013408408728052823
15.978000000000014,0.00134154674337289
15.980000000000013,0.0013421780426474683
15.982000000000014,0.0013425289911872806
15.984000000000014,0.0013428347832591947
15.986000000000013,0.0013434001487819258
15.988000000000014,0.0013441252300728235
15.990000000000013,0.0013446537048990292
15.992000000000013,0.001344944528916231
15.994000000000014,0.0013453260657486088
15.996000000000013,0.0013459875430827106
15.998000000000014,0.0013466763437753326
16.000000000000014,0.001347095931242881
16.002000000000013,0.0013473770438939547
16.004000000000016,0.0013478638604415005
16.006000000000014,0.00134858246049116
16.008000000000013,0.0013491888799222196
16.010000000000016,0.0013495199958657444
16.012000000000015,0.0013498442917425357
16.014000000000014,0.0013504409536705397
16.016000000000012,0.0013511631034000549
16.018000000000015,0.001351662014395072
16.020000000000014,0.0013519460916364412
16.022000000000013,0.0013523567780237278
16.024000000000015,0.0013530409121664533
16.026000000000014,0.0013537121672332064
16.028000000000013,0.0013541051654742953
16.030000000000015,0.0013543947372228748
16.032000000000014,0.0013549149607298416
16.034000000000013,0.0013556421156745158
16.036000000000016,0.0013562211860031204
16.038000000000014,0.0013565355000940416
16.040000000000013,0.0013568820995983888
16.042000000000016,0.0013575087111721562
16.044000000000015,0.0013582233887697026
16.046000000000014,0.0013586923711538246
16.048000000000012,0.0013589738846533639
16.050000000000015,0.0013594160751448925
16.052000000000014,0.0013601195331213178
16.054000000000013,0.0013607695188243563
16.056000000000015,0.0013611377360339127
16.058000000000014,0.0013614401511371776
16.060000000000013,0.0013619940352294635
16.062000000000015,0.001362725226177558
16.064000000000014,0.0013632749945937661
16.066000000000013,0.0013635760490028626
16.068000000000016,0.001363948513978197
16.070000000000014,0.0013646030506352935
16.072000000000013,0.0013653057158642679
16.074000000000016,0.0013657450592601816
16.076000000000015,0.0013660284705677428
16.078000000000014,0.0013665040072681767
16.080000000000013,0.001367222907298682
16.082000000000015,0.0013678482466571718
16.084000000000014,0.001368194123901767
16.086000000000013,0.001368513743268629
16.088000000000015,0.0013691008593583187
16.090000000000014,0.0013698313095758807
16.092000000000013,0.0013703504192645322
16.094000000000015,0.0013706422248837835
16.096000000000014,0.0013710437782211704
16.098000000000013,0.0013717235318813914
16.100000000000016,0.0013724097573949712
16.102000000000015,0.0013728204412500333
16.104000000000013,0.0013731104117719883
16.106000000000016,0.0013736205375355914
16.108000000000015,0.001374350504091515
16.110000000000014,0.0013749482722144324
16.112000000000013,0.0013752748699955297
16.114000000000015,0.0013756159300156168
16.116000000000014,0.0013762351209478108
16.118000000000013,0.001376959898357344
16.120000000000015,0.0013774476588417905
16.122000000000014,0.0013777346376110389
16.124000000000013,0.0013781680593830947
16.126000000000015,0.001378869652177539
16.128000000000014,0.001379535242862745
16.130000000000013,0.0013799189575144366
16.132000000000016,0.0013802202570630806
16.134000000000015,0.0013807655349906411
16.136000000000013,0.0013815017743383506
16.138000000000016,0.0013820695999389732
16.140000000000015,0.0013823805686759838
16.142000000000014,0.0013827470719970092
16.144000000000013,0.0013833964215539951
16.146000000000015,0.0013841105555416622
16.148000000000014,0.0013845670010785849
16.150000000000013,0.001384853913047962
16.152000000000015,0.0013853214364500377
16.154000000000014,0.0013860408561381377
16.156000000000013,0.0013866819719833279
16.158000000000015,0.001387041123596472
16.160000000000014,0.001387358526782012
16.162000000000013,0.0013879387696959233
16.164000000000016,0.0013886761657772306
16.166000000000015,0.0013892123254449218
16.168000000000013,0.00138951185902067
16.170000000000016,0.001389907459175943
16.172000000000015,0.0013905842808900337
16.174000000000014,0.0013912828908978214
16.176000000000013,0.001391708824324378
16.178000000000015,0.0013920006794498618
16.180000000000014,0.001392503889822705
16.182000000000013,0.0013932365485485043
16.184000000000015,0.001393849827330207
16.186000000000014,0.0013941875251781422
16.188000000000013,0.0013945256967237696
16.190000000000015,0.0013951399106120754
16.192000000000014,0.0013958731402055058
16.194000000000013,0.001396376641990299
16.196000000000016,0.0013966694137709235
16.198000000000015,0.0013970972961551142
16.200000000000014,0.0013977981446514909
16.202000000000012,0.001398476577269131
16.204000000000015,0.0013988735969237553
16.206000000000014,0.0013991755519499882
16.208000000000013,0.0013997152927172907
16.210000000000015,0.0014004561099689727
16.212000000000014,0.0014010387857387452
16.214000000000013,0.0014013588105799002
16.21600000000001,0.001401722181167242
16.218000000000014,0.0014023685267651187
16.220000000000013,0.0014030921918960215
16.222000000000012,0.0014035628448606785
16.224000000000014,0.0014038539259048077
16.226000000000013,0.001404316688254914
16.228000000000012,0.0014050373958793272
16.230000000000015,0.0014056913664730886
16.232000000000014,0.001406061874094644
16.234000000000012,0.0014063791153068328
16.236000000000015,0.001406955405167054
16.238000000000014,0.0014076989148295305
16.240000000000013,0.0014082489280176358
16.242000000000015,0.001408555680625062
16.244000000000014,0.001408948315501063
16.246000000000013,0.0014096240921534775
16.248000000000015,0.0014103328667255666
16.250000000000014,0.0014107713333304794
16.252000000000013,0.0014110660928591812
16.254000000000012,0.0014115656290790424
16.256000000000014,0.0014123013698541798
16.258000000000013,0.0014129271042174485
16.260000000000012,0.0014132742920579255
16.262000000000015,0.0014136119052044205
16.264000000000014,0.001414223871311876
16.266000000000012,0.001414964351581699
16.268000000000015,0.0014154804465291437
16.270000000000014,0.0014157788757677425
16.272000000000013,0.0014162043390498757
16.274000000000015,0.0014169059947285179
16.276000000000014,0.0014175947813985512
16.278000000000013,0.0014180026098908338
16.280000000000012,0.0014183065985109433
16.282000000000014,0.0014188439903554118
16.284000000000013,0.0014195893723371877
16.286000000000012,0.0014201837434701658
16.288000000000014,0.0014205115592209328
16.290000000000013,0.0014208743885318342
16.292000000000012,0.0014215202206180055
16.294000000000015,0.001422251844337058
16.296000000000014,0.0014227336502193877
16.298000000000012,0.001423029160443956
16.300000000000015,0.0014234903788377107
16.302000000000014,0.001424213549622827
16.304000000000013,0.0014248776420980602
16.306000000000015,0.001425257276460895
16.308000000000014,0.0014255760931383143
16.310000000000013,0.001426151514882651
16.312000000000015,0.0014269007007879642
16.314000000000014,0.001427461355728743
16.316000000000013,0.0014277744442596496
16.318000000000012,0.0014281669432148758
16.320000000000014,0.0014288438735757247
16.322000000000013,0.001429560875306768
16.324000000000012,0.0014300089667115823
16.326000000000015,0.0014303073046850467
16.328000000000014,0.0014308064351457594
16.330000000000013,0.0014315460166025584
16.332000000000015,0.001432181261873
16.334000000000014,0.0014325360273308163
16.336000000000013,0.0014328751717241628
16.338000000000015,0.0014334878134141804
16.340000000000014,0.0014342346680062124
16.342000000000013,0.001434760139662733
16.344000000000012,0.0014350637609976125
16.346000000000014,0.0014354898383354964
16.348000000000013,0.0014361941522717248
16.350000000000012,0.0014368910072662944
16.352000000000015,0.0014373069411073858
16.354000000000013,0.0014376140631427448
16.356000000000012,0.0014381523698158705
16.358000000000015,0.0014389026214972067
16.360000000000014,0.0014395055760696995
16.362000000000013,0.0014398396386252343
16.364000000000015,0.0014402043511204943
16.366000000000014,0.0014408523662541584
16.368000000000013,0.0014415906274712897
16.370000000000015,0.0014420804266393195
16.372000000000014,0.001442380350054534
16.374000000000013,0.001442843215433226
16.376000000000015,0.001443570296026847
16.378000000000014,0.0014442419052154154
16.380000000000013,0.0014446282311815495
16.382000000000012,0.0014449501518098706
16.384000000000015,0.0014455278983031283
16.386000000000013,0.0014462825811246693
16.388000000000012,0.0014468506551409688
16.390000000000015,0.0014471689541282196
16.392000000000014,0.0014475640467794537
16.394000000000013,0.001448244530212861
16.396000000000015,0.0014489679995163263
16.398000000000014,0.0014494226826845258
16.400000000000013,0.0014497250573391185
16.402000000000015,0.0014502270720263555
16.404000000000014,0.0014509714820382102
16.406000000000013,0.0014516133563811928
16.408000000000012,0.0014519735986992799
16.410000000000014,0.001452316222887523
16.412000000000013,0.0014529325864764686
16.414000000000012,0.001453685130996335
16.416000000000015,0.0014542167142093387
16.418000000000013,0.0014545248673782096
16.420000000000012,0.0014549545499470407
16.422000000000015,0.0014556635513738314
16.424000000000014,0.0014563662973663405
16.426000000000013,0.0014567875064853408
16.428000000000015,0.001457098709589627
16.430000000000014,0.0014576412485030332
16.432000000000013,0.0014583968506815814
16.434000000000015,0.0014590052877268833
16.436000000000014,0.0014593438966370442
16.438000000000013,0.0014597128384482294
16.440000000000015,0.0014603658530809305
16.442000000000014,0.0014611095548826003
16.444000000000013,0.0014616041188146023
16.446000000000012,0.001461908300035758
16.448000000000015,0.0014623760064095825
16.450000000000014,0.0014631085838595626
16.452000000000012,0.0014637851520152012
16.454000000000015,0.001464175623089925
16.456000000000014,0.0014645020873338133
16.458000000000013,0.0014650854195863705
16.460000000000015,0.001465845534832616
16.462000000000014,0.0014664177801719247
16.464000000000013,0.0014667400521562457
16.466000000000015,0.0014671404437646973
16.468000000000014,0.00146782697861092
16.470000000000013,0.0014685552151474657
16.472000000000012,0.0014690133863451138
16.474000000000014,0.001469320176648109
16.476000000000013,0.0014698283980518756
16.478000000000012,0.0014705787144600746
16.480000000000015,0.0014712243349042642
16.482000000000014,0.0014715878730235665
16.484000000000012,0.0014719358958449613
16.486000000000015,0.0014725590915545539
16.488000000000014,0.0014733166922832608
16.490000000000013,0.0014738510787951076
16.492000000000015,0.00147416304526235
16.494000000000014,0.0014745993414069236
16.496000000000013,0.001475315121080456
16.498000000000015,0.0014760215826511158
16.500000000000014,0.0014764451827175284
16.502000000000013,0.001476761396098758
16.504000000000016,0.001477311528610331
16.506000000000014,0.001478072992633278
16.508000000000013,0.0014786837773995976
16.510000000000012,0.0014790251966064205
16.512000000000015,0.0014794007349089866
16.514000000000014,0.001480061606280031
16.516000000000012,0.0014808095400784815
16.518000000000015,0.0014813055983766976
16.520000000000014,0.0014816138832005332
16.522000000000013,0.001482089667439318
16.524000000000015,0.0014828293388379765
16.526000000000014,0.0014835082649627962
16.528000000000013,0.0014839003139468232
16.530000000000015,0.0014842328002335203
16.532000000000014,0.0014848250150537312
16.534000000000013,0.0014855904650169505
16.536000000000012,0.001486163586137873
16.538000000000014,0.0014864886133433286
16.540000000000013,0.0014868970684887572
16.542000000000012,0.001487592152917605
16.544000000000015,0.0014883233894091297
16.546000000000014,0.0014887819237247302
16.548000000000012,0.0014890935707906061
16.550000000000015,0.0014896113712419834
16.552000000000014,0.0014903686201619692
16.554000000000013,0.0014910150316383153
16.556000000000015,0.001491379712324048
16.558000000000014,0.0014917351404079016
16.560000000000013,0.0014923682859720733
16.562000000000015,0.0014931302132503987
16.564000000000014,0.0014936640534085888
16.566000000000013,0.001493979196364903
16.568000000000016,0.0014944251956467425
16.570000000000014,0.0014951497877327413
16.572000000000013,0.0014958576795787437
16.574000000000012,0.00149628080432751
16.576000000000015,0.0014966030771061123
16.578000000000014,0.0014971642006139374
16.580000000000013,0.001497931918924944
16.582000000000015,0.001498541835381395
16.584000000000014,0.0014988844170090998
16.586000000000013,0.0014992690429924405
16.588000000000015,0.0014999405881752914
16.590000000000014,0.0015006913936154997
16.592000000000013,0.0015011856618580843
16.594000000000015,0.0015014980420453572
16.596000000000014,0.0015019852243542131
16.598000000000013,0.0015027334621152688
16.600000000000012,0.0015034120095246406
16.602000000000015,0.0015038031429683574
16.604000000000013,0.0015041432991574621
16.606000000000012,0.0015047476938423454
16.608000000000015,0.0015055181951717511
16.610000000000014,0.0015060888280202245
16.612000000000013,0.0015064155489527553
16.614000000000015,0.0015068349751956867
16.616000000000014,0.0015075410023872304
16.618000000000013,0.0015082732767965623
16.620000000000015,0.0015087290829247924
16.622000000000014,0.0015090462351143585
16.624000000000013,0.0015095770500304362
16.626000000000015,0.0015103420583058857
16.628000000000014,0.0015109861654200585
16.630000000000013,0.0015113499780423645
16.632000000000016,0.0015117150235481325
16.634000000000015,0.001512361180321442
16.636000000000013,0.0015131264590478588
16.638000000000012,0.001513656370372013
16.640000000000015,0.001513974280199587
16.642000000000014,0.0015144332128936289
16.644000000000013,0.0015151684684638622
16.646000000000015,0.0015158752859549263
16.648000000000014,0.00151629516853799
16.650000000000013,0.0015166248098340551
16.652000000000015,0.001517200340777014
16.654000000000014,0.0015179744318132293
16.656000000000013,0.0015185801429928314
16.658000000000015,0.001518922459424421
16.660000000000014,0.0015193188874295382
16.662000000000013,0.0015200037910361452
16.664000000000012,0.0015207558161954293
16.666000000000015,0.0015212450352291296
16.668000000000013,0.0015215617978100449
16.670000000000012,0.0015220638124530395
16.672000000000015,0.0015228218199937193
16.674000000000014,0.0015234970313089957
16.676000000000013,0.0015238849357373796
16.678000000000015,0.0015242347081284302
16.680000000000014,0.0015248545312652184
16.682000000000013,0.0015256294589646724
16.684000000000015,0.0015261941633661624
16.686000000000014,0.001526521817876686
16.688000000000013,0.0015269553404667902
16.690000000000015,0.0015276744797877162
16.692000000000014,0.0015284055125241447
16.694000000000013,0.0015288556028597577
16.696000000000016,0.001529179262883873
16.698000000000015,0.0015297265887632139
16.700000000000014,0.0015304998274893733
16.702000000000012,0.0015311383395081868
16.704000000000015,0.0015314995439974222
16.706000000000014,0.001531876735934773
16.708000000000013,0.0015325388270406859
16.710000000000015,0.0015333060875736548
16.712000000000014,0.0015338286814187696
16.714000000000013,0.0015341493281589569
16.716000000000015,0.0015346246099065264
16.718000000000014,0.0015353720554344141
16.720000000000013,0.001536074976188434
16.722000000000016,0.001536489048576728
16.724000000000014,0.0015368277654849716
16.726000000000013,0.0015374211017846473
16.728000000000012,0.00153820124871068
16.730000000000015,0.0015387992762690983
16.732000000000014,0.001539140265182537
16.734000000000012,0.0015395515194787934
16.736000000000015,0.0015402522206190705
16.738000000000014,0.001541003388368073
16.740000000000013,0.0015414843858747307
16.742000000000015,0.0015418062662436172
16.744000000000014,0.0015423266711664385
16.746000000000013,0.0015430952246907603
16.748000000000015,0.0015437638546586252
16.750000000000014,0.0015441465220807915
16.752000000000013,0.0015445082766647744
16.754000000000016,0.0015451466538347058
16.756000000000014,0.0015459248840440365
16.758000000000013,0.0015464801609731682
16.760000000000016,0.0015468084462332277
16.762000000000015,0.0015472594636281312
16.764000000000014,0.0015479935201399009
16.766000000000012,0.0015487206046370938
16.768000000000015,0.0015491621905358854
16.770000000000014,0.0015494938613483666
16.772000000000013,0.0015500612265799685
16.774000000000015,0.0015508426442267242
16.776000000000014,0.001551472044950486
16.778000000000013,0.0015518293184426657
16.780000000000015,0.001552221599251058
16.782000000000014,0.0015529022995117436
16.784000000000013,0.0015536696343584344
16.786000000000016,0.0015541815721903385
16.788000000000014,0.0015545054649124257
16.790000000000013,0.001555000714909327
16.792000000000012,0.001555761390553384
16.794000000000015,0.0015564571975433261
16.796000000000014,0.0015568632162659413
16.798000000000012,0.0015572132439046482
16.800000000000015,0.0015578276949586856
16.802000000000014,0.0015586129800224113
16.804000000000013,0.0015591997153396042
16.806000000000015,0.0015595388407690647
16.808000000000014,0.0015599683195848535
16.810000000000013,0.001560686869581468
16.812000000000015,0.0015614345584344658
16.814000000000014,0.00156190434335568
16.816000000000013,0.001562232679245823
16.818000000000016,0.0015627751321076466
16.820000000000014,0.0015635544063940798
16.822000000000013,0.001564212884692301
16.824000000000016,0.0015645887635236944
16.826000000000015,0.0015649653910738415
16.828000000000014,0.0015656252144183591
16.830000000000013,0.0015664049712433847
16.832000000000015,0.0015669473172078285
16.834000000000014,0.001567276554819752
16.836000000000013,0.00156774876291485
16.838000000000015,0.0015684990093260687
16.840000000000014,0.0015692189269373713
16.842000000000013,0.0015696495480787276
16.844000000000015,0.0015699913716935021
16.846000000000014,0.0015705822675342596
16.848000000000013,0.0015713711142329445
16.850000000000016,0.0015719876698355173
16.852000000000015,0.0015723402754362625
16.854000000000013,0.0015727510719958648
16.856000000000012,0.0015734526603995436
16.858000000000015,0.0015742174953947974
16.860000000000014,0.001574715586002362
16.862000000000013,0.0015750439361417734
16.864000000000015,0.0015755629556161166
16.866000000000014,0.001576337230832059
16.868000000000013,0.0015770222699986458
16.870000000000015,0.001577418474799197
16.872000000000014,0.0015777826896024583
16.874000000000013,0.0015784213619536025
16.876000000000015,0.0015792101019999338
16.878000000000014,0.0015797818619535386
16.880000000000013,0.0015801192916319318
16.882000000000016,0.0015805707955663661
16.884000000000015,0.0015813086799882636
16.886000000000013,0.0015820496312412002
16.888000000000016,0.0015825055306133706
16.890000000000015,0.0015828424106836547
16.892000000000014,0.001583410597710333
16.894000000000013,0.001584199977556655
16.896000000000015,0.0015848444157467445
16.898000000000014,0.0015852125907268866
16.900000000000013,0.001585607584104004
16.902000000000015,0.0015862913557419256
16.904000000000014,0.0015870700716471564
16.906000000000013,0.0015875960823810153
16.908000000000015,0.0015879273933430693
16.910000000000014,0.0015884247641188287
16.912000000000013,0.0015891917425417124
16.914000000000016,0.001589900715975201
16.916000000000015,0.0015903184107747548
16.918000000000013,0.0015906732903742116
16.920000000000012,0.001591291049217708
16.922000000000015,0.0015920856983934473
16.924000000000014,0.001592685517546516
16.926000000000013,0.0015930334952451164
16.928000000000015,0.0015934667503099131
16.930000000000014,0.001594190918057431
16.932000000000013,0.0015949499111603815
16.934000000000015,0.0015954312590488462
16.936000000000014,0.001595766140679744
16.938000000000013,0.001596312836847441
16.940000000000015,0.0015971002053256078
16.942000000000014,0.0015977703933635345
16.944000000000013,0.0015981557023630466
16.946000000000016,0.0015985377057982642
16.948000000000015,0.0015992033335720524
16.950000000000014,0.0015999929274858882
16.952000000000016,0.001600546068203923
16.954000000000015,0.0016008828632484706
16.956000000000014,0.0016013605723579072
16.958000000000013,0.0016021184946516942
16.960000000000015,0.0016028487617828768
16.962000000000014,0.0016032886072986918
16.964000000000013,0.0016036370034992753
16.966000000000015,0.001604234507021518
16.968000000000014,0.0016050323915207665
16.970000000000013,0.001605658650046221
16.972000000000016,0.0016060190507408145
16.974000000000014,0.0016064365388574753
16.976000000000013,0.0016071461606080584
16.978000000000016,0.001607920365340243
16.980000000000015,0.001608426899908727
16.982000000000014,0.0016087623792699346
16.984000000000012,0.0016092890774670188
16.986000000000015,0.0016100723735134048
16.988000000000014,0.001610766076493686
16.990000000000013,0.0016111695970685014
16.992000000000015,0.0016115412879678936
16.994000000000014,0.0016121888968917142
16.996000000000013,0.0016129866767104206
16.998000000000015,0.0016135658377469941
17.000000000000014,0.0016139102125896088
17.002000000000013,0.0016143703591108838
17.004000000000016,0.0016151179704639584
17.006000000000014,0.00161586695646182
17.008000000000013,0.0016163291691741744
17.010000000000016,0.0016166736637741042
17.012000000000015,0.0016172519035520527
17.014000000000014,0.0016180507659557253
17.016000000000016,0.0016187016662378984
17.018000000000015,0.001619075906559464
17.020000000000014,0.0016194800617227445
17.022000000000013,0.001620174773568045
17.024000000000015,0.0016209615789862797
17.026000000000014,0.001621492679781511
17.028000000000013,0.0016218309870608683
17.030000000000015,0.0016223393682505138
17.032000000000014,0.0016231169981853755
17.034000000000013,0.0016238319588030292
17.036000000000016,0.001624254326465624
17.038000000000014,0.0016246181936805104
17.040000000000013,0.0016252482849671845
17.042000000000016,0.0016260518992159134
17.044000000000015,0.0016266557310633534
17.046000000000014,0.0016270093628198146
17.048000000000012,0.0016274540814512073
17.050000000000015,0.001628190587999817
17.052000000000014,0.0016289558472475374
17.054000000000013,0.0016294402608633962
17.056000000000015,0.0016297831375910454
17.058000000000014,0.0016303433577352089
17.060000000000013,0.0016311413570130329
17.062000000000015,0.0016318150007471055
17.064000000000014,0.001632204070589699
17.066000000000013,0.0016325972200398053
17.068000000000016,0.0016332770604569613
17.070000000000014,0.0016340741153502147
17.072000000000013,0.0016346288740717585
17.074000000000016,0.0016349718700669202
17.076000000000015,0.0016354637276087824
17.078000000000014,0.001636234537545328
17.080000000000016,0.0016369685421731284
17.082000000000015,0.0016374099997569502
17.084000000000014,0.0016377683064224824
17.086000000000013,0.0016383816848159205
17.088000000000015,0.00163918913648467
17.090000000000014,0.001639816122072063
17.092000000000013,0.0016401802882782257
17.094000000000015,0.0016406116867874743
17.096000000000014,0.0016413367063014828
17.098000000000013,0.0016421159703531862
17.100000000000016,0.0016426220968510097
17.102000000000015,0.0016429653270837452
17.104000000000013,0.001643508951753414
17.106000000000016,0.0016443046505967007
17.108000000000015,0.0016449991047248758
17.110000000000014,0.0016454036047950649
17.112000000000013,0.001645787924772213
17.114000000000015,0.0016464532718545033
17.116000000000014,0.0016472585098474268
17.118000000000013,0.001647835796218522
17.120000000000015,0.0016481849798031245
17.122000000000014,0.0016486621555420744
17.124000000000013,0.001649425395932963
17.126000000000015,0.0016501763271287995
17.128000000000014,0.0016506367757456175
17.130000000000013,0.0016509915357288962
17.132000000000016,0.001651589242383955
17.134000000000015,0.0016523988895635888
17.136000000000013,0.0016530474078041701
17.138000000000016,0.0016534230127032978
17.140000000000015,0.001653843122671167
17.142000000000014,0.0016545566328285688
17.144000000000016,0.001655347844081917
17.146000000000015,0.0016558749321111121
17.148000000000014,0.0016562201719741987
17.150000000000013,0.0016567487423630456
17.152000000000015,0.001657541085089309
17.154000000000014,0.0016582544362177265
17.156000000000013,0.0016586746189109214
17.158000000000015,0.0016590521035297623
17.160000000000014,0.0016597036150233502
17.162000000000013,0.001660515266495799
17.164000000000016,0.0016611137876921533
17.166000000000015,0.001661470311601576
17.168000000000013,0.0016619346436791138
17.170000000000016,0.0016626899291787567
17.172000000000015,0.0016634558052783521
17.174000000000014,0.001663934854641086
17.176000000000013,0.001664287820578314
17.178000000000015,0.001664871073003199
17.180000000000014,0.0016656816190815105
17.182000000000013,0.0016663499989682806
17.184000000000015,0.0016667376046018978
17.186000000000014,0.001667148344483671
17.188000000000013,0.0016678506313947128
17.190000000000015,0.0016686519640507769
17.192000000000014,0.0016691990530111611
17.19400000000001,0.0016695476495776629
17.196000000000016,0.001670062770812164
17.198000000000015,0.001670851054761724
17.200000000000014,0.0016715814522323957
17.202000000000016,0.0016720172636546793
17.204000000000015,0.0016723897052758896
17.206000000000014,0.0016730282632501092
17.208000000000016,0.0016738448563222152
17.210000000000015,0.0016744632089716882
17.212000000000014,0.0016748279016210732
17.214000000000013,0.001675281183506766
17.216000000000015,0.0016760284507960355
17.218000000000014,0.0016768074536276656
17.220000000000013,0.0016773044699988915
17.222000000000016,0.0016776571309410904
17.224000000000014,0.0016782272708657509
17.22600000000001,0.0016790377468644258
17.228000000000016,0.0016797243119011096
17.230000000000015,0.0016801241719047177
17.232000000000014,0.0016805273211941696
17.234000000000016,0.0016812189301979308
17.236000000000015,0.0016820288002557249
17.238000000000014,0.0016825947688858256
17.240000000000013,0.0016829477733940612
17.242000000000015,0.0016834510712864237
17.244000000000014,0.0016842349142319468
17.246000000000013,0.0016849806024222258
17.248000000000015,0.0016854317238045313
17.250000000000014,0.0016858007032417577
17.252000000000013,0.001686427364591958
17.254000000000016,0.0016872477173693334
17.256000000000014,0.0016878844316120245
17.25800000000001,0.0016882578229642231
17.260000000000016,0.0016887017728959008
17.262000000000015,0.001689441238574646
17.264000000000014,0.0016902317305709513
17.266000000000016,0.00169074588104981
17.268000000000015,0.0016910994678608626
17.270000000000014,0.001691657917369166
17.272000000000016,0.0016924676587291576
17.274000000000015,0.0016931707618866032
17.276000000000014,0.0016935828562651412
17.278000000000013,0.0016939800394295823
17.280000000000015,0.0016946617296066946
17.282000000000014,0.0016954787956800499
17.284000000000013,0.00169606240442699
17.286000000000016,0.001696420590672737
17.288000000000014,0.001696913677905476
17.290000000000017,0.001697692983560234
17.292000000000016,0.0016984523242644378
17.294000000000015,0.0016989182114209023
17.296000000000014,0.0016992850963711004
17.298000000000016,0.001699901049829644
17.300000000000015,0.0017007242559402558
17.302000000000014,0.0017013778314347305
17.304000000000013,0.0017017601812510386
17.306000000000015,0.0017021964210878482
17.308000000000014,0.0017029285412282769
17.310000000000013,0.0017037290733261934
17.312000000000015,0.0017042593655960947
17.314000000000014,0.0017046148624220436
17.316000000000013,0.001705163088285555
17.318000000000016,0.0017059717080783465
17.320000000000014,0.0017066897577686369
17.322000000000017,0.0017071138272855002
17.324000000000016,0.0017075065061202543
17.326000000000015,0.0017081792094615633
17.328000000000014,0.001709002366142548
17.330000000000016,0.0017096022929650179
17.332000000000015,0.001709966179288619
17.334000000000014,0.001710450630364846
17.336000000000016,0.0017112255536373688
17.338000000000015,0.0017119970395533257
17.340000000000014,0.0017124769594110412
17.342000000000013,0.0017128429096084363
17.344000000000015,0.0017134494395178446
17.346000000000014,0.0017142748487436466
17.348000000000013,0.0017149437828145875
17.350000000000016,0.001715335109939875
17.352000000000015,0.001715765152343507
17.354000000000017,0.0017164905848295053
17.356000000000016,0.0017172998965655217
17.358000000000015,0.0017178452135847289
17.360000000000014,0.0017182033739215896
17.362000000000016,0.0017187428597804644
17.364000000000015,0.0017195502199672252
17.366000000000014,0.0017202816977368862
17.368000000000013,0.0017207172768923251
17.370000000000015,0.0017211067499887656
17.372000000000014,0.0017217715357366326
17.374000000000013,0.0017225999010894721
17.376000000000015,0.0017232147706565393
17.378000000000014,0.0017235846442172353
17.380000000000013,0.0017240619783593647
17.382000000000016,0.0017248328915884514
17.384000000000015,0.0017256151520140817
17.386000000000017,0.0017261082155780316
17.388000000000016,0.0017264741933236405
17.390000000000015,0.001727072650099526
17.392000000000014,0.0017278998456339567
17.394000000000016,0.0017285826539917004
17.396000000000015,0.0017289827656281898
17.398000000000014,0.0017294080084724883
17.400000000000016,0.0017301275788428883
17.402000000000015,0.0017309445919909128
17.404000000000014,0.0017315037214110929
17.406000000000013,0.001731865087524792
17.408000000000015,0.0017323973133575588
17.410000000000014,0.001733203495366431
17.41200000000001,0.0017339469661388218
17.414000000000016,0.0017343934140225392
17.416000000000015,0.001734780822140819
17.418000000000017,0.0017354388664749254
17.420000000000016,0.0017362717650559467
17.422000000000015,0.0017369001715527854
17.424000000000014,0.001737276113848163
17.426000000000016,0.0017377477849543632
17.428000000000015,0.0017385152459796216
17.430000000000014,0.0017393070458302518
17.432000000000013,0.0017398122372387914
17.434000000000015,0.0017401790221339697
17.436000000000014,0.0017407707991029808
17.438000000000013,0.001741599572681135
17.440000000000015,0.0017422948033068986
17.442000000000014,0.0017427033235146994
17.44400000000001,0.0017431250504614249
17.446000000000016,0.0017438397216279211
17.448000000000015,0.0017446635286127998
17.450000000000014,0.0017452351869655935
17.452000000000016,0.0017456001116425424
17.454000000000015,0.0017461265398404091
17.456000000000014,0.0017469318153964797
17.458000000000016,0.0017476859311550408
17.460000000000015,0.0017481424597359518
17.462000000000014,0.001748528795997073
17.464000000000016,0.0017491813569661396
17.466000000000015,0.0017500182995486557
17.468000000000014,0.0017506588234875997
17.470000000000013,0.0017510407363303393
17.472000000000016,0.0017515081290782053
17.474000000000014,0.0017522728516703723
17.47600000000001,0.0017530730848810405
17.478000000000016,0.0017535892864596059
17.480000000000015,0.001753957493355801
17.482000000000014,0.0017545440094796638
17.484000000000016,0.0017553743353442286
17.486000000000015,0.0017560805762402987
17.488000000000014,0.0017564969731607705
17.490000000000016,0.0017569163594098325
17.492000000000015,0.001757627205337925
17.494000000000014,0.0017584570535099653
17.496000000000013,0.0017590399054022432
17.498000000000015,0.0017594085752300759
17.500000000000014,0.0017599306425189476
17.502000000000013,0.0017607354453566537
17.504000000000016,0.001761498943172124
17.506000000000014,0.0017619646428314872
17.50800000000001,0.001762350766781634
17.510000000000016,0.0017629991641745502
17.512000000000015,0.0017638398251333676
17.514000000000014,0.0017644910447068562
17.516000000000016,0.0017648786761041146
17.518000000000015,0.0017653431073115233
17.520000000000014,0.0017661059342010677
17.522000000000016,0.0017669136124936757
17.524000000000015,0.0017674396259231562
17.526000000000014,0.0017678097252828706
17.528000000000016,0.0017683924131628448
17.530000000000015,0.0017692244215636588
17.532000000000014,0.0017699403031258276
17.534000000000013,0.0017703639146516847
17.536000000000016,0.0017707820369691207
17.538000000000014,0.0017714902201772242
17.540000000000017,0.001772325492868404
17.542000000000016,0.001772918165588444
17.544000000000015,0.0017732906251718417
17.546000000000014,0.0017738097395953445
17.548000000000016,0.001774614638414218
17.550000000000015,0.001775386333690926
17.552000000000014,0.001775860196011364
17.554000000000016,0.001776246850756391
17.556000000000015,0.0017768924504518169
17.558000000000014,0.0017777366435423603
17.560000000000013,0.0017783971411488297
17.562000000000015,0.0017787901107389759
17.564000000000014,0.0017792528351367187
17.566000000000013,0.0017800147136428357
17.568000000000016,0.0017808289515339193
17.570000000000014,0.0017813635154206031
17.572000000000017,0.0017817358554584883
17.574000000000016,0.0017823161539394505
17.576000000000015,0.0017831501046217113
17.578000000000014,0.0017838742974140565
17.580000000000016,0.0017843043552307758
17.582000000000015,0.001784722205454503
17.584000000000014,0.001785428958010149
17.586000000000016,0.0017862691531259633
17.588000000000015,0.0017868702471822706
17.590000000000014,0.0017872464238830599
17.592000000000017,0.001787763966058925
17.594000000000015,0.0017885696388513228
17.596000000000014,0.0017893484146204175
17.598000000000013,0.0017898293526192322
17.600000000000016,0.0017902171843626191
17.602000000000015,0.0017908613865829925
17.604000000000017,0.001791709039647288
17.606000000000016,0.001792377404283979
17.608000000000015,0.0017927752281701737
17.610000000000014,0.0017932374477969137
17.612000000000016,0.00179399940786526
17.614000000000015,0.0017948194046761567
17.616000000000014,0.0017953612089496584
17.618000000000016,0.0017957360390790378
17.620000000000015,0.001796315389727382
17.622000000000014,0.001797151645653805
17.624000000000013,0.0017978828543647185
17.626000000000015,0.0017983185064548712
17.628000000000014,0.0017987370077810205
17.630000000000013,0.0017994436153285776
17.632000000000016,0.0018002883220725463
17.634000000000015,0.0018008964182797405
17.636000000000017,0.001801276147236297
17.638000000000016,0.0018017934751107523
17.640000000000015,0.0018026006847990383
17.642000000000014,0.0018033854778236602
17.644000000000016,0.0018038723439614823
17.646000000000015,0.0018042619234047153
17.648000000000014,0.0018049061542210199
17.650000000000016,0.0018057572831722823
17.652000000000015,0.0018064321094275193
17.654000000000014,0.001806834224403614
17.656000000000017,0.0018072971008936956
17.658000000000015,0.001808060235195058
17.660000000000014,0.0018088852547201162
17.66200000000001,0.0018094329523920538
17.664000000000016,0.001809810447639587
17.666000000000015,0.001810390294344849
17.668000000000017,0.0018112292957169485
17.670000000000016,0.0018119662500630518
17.672000000000015,0.0018124065819080937
17.674000000000014,0.0018128266073470511
17.676000000000016,0.0018135343955975325
17.678000000000015,0.0018143832697841145
17.680000000000014,0.0018149969335775895
17.682000000000016,0.001815379982892773
17.684000000000015,0.0018158984392397937
17.686000000000014,0.001816708010402207
17.688000000000013,0.001817497794802031
17.690000000000015,0.0018179893972140593
17.692000000000014,0.0018183812423860635
17.69400000000001,0.0018190269477601217
17.696000000000016,0.001819881630046899
17.698000000000015,0.0018205615144490928
17.700000000000014,0.001820967301741916
17.702000000000016,0.0018214319708305948
17.704000000000015,0.001822197416452287
17.706000000000014,0.0018230267648420284
17.708000000000016,0.001823578981746593
17.710000000000015,0.0018239592679110128
17.712000000000014,0.001824541058845247
17.714000000000016,0.0018253832973463835
17.716000000000015,0.0018261247406721193
17.718000000000014,0.0018265687954966137
17.720000000000017,0.0018269911879653378
17.722000000000016,0.0018277015109951222
17.724000000000014,0.0018285542492929852
17.72600000000001,0.001829172033005616
17.728000000000016,0.0018295581291049579
17.730000000000015,0.0018300790510357157
17.732000000000014,0.0018308918473784463
17.734000000000016,0.0018316856164271034
17.736000000000015,0.0018321807339156948
17.738000000000014,0.001832575334081793
17.740000000000016,0.0018332239756906343
17.742000000000015,0.001834082323321412
17.744000000000014,0.0018347658588190874
17.746000000000016,0.001835174667572964
17.748000000000015,0.0018356422551847884
17.750000000000014,0.0018364111763522206
17.752000000000013,0.0018372441786961846
17.754000000000016,0.0018377995218975818
17.756000000000014,0.0018381827013140561
17.75800000000001,0.0018387678924727258
17.760000000000016,0.0018396138855450994
17.762000000000015,0.0018403585618543827
17.764000000000014,0.0018408053603451713
17.766000000000016,0.0018412309539166116
17.768000000000015,0.0018419451835610945
17.770000000000014,0.001842801496920482
17.772000000000016,0.0018434219407948704
17.774000000000015,0.0018438107940377535
17.776000000000014,0.001844335523797369
17.778000000000016,0.0018451524259392171
17.780000000000015,0.0018459491726537935
17.782000000000014,0.0018464465690492537
17.784000000000017,0.001846844409410825
17.786000000000016,0.0018474974614632877
17.788000000000014,0.0018483595935877561
17.790000000000017,0.0018490453629511905
17.792000000000016,0.0018494565337514868
17.794000000000015,0.0018499281730647021
17.796000000000014,0.001850701744263883
17.798000000000016,0.0018515377203060512
17.800000000000015,0.0018520947859090309
17.802000000000014,0.001852480963740799
17.804000000000016,0.001853071023274866
17.806000000000015,0.0018539212881671652
17.808000000000014,0.0018546679283197864
17.810000000000016,0.0018551164883134075
17.812000000000015,0.0018555461301742737
17.814000000000014,0.0018562656457563054
17.816000000000013,0.001857125232222645
17.818000000000016,0.0018577468649653428
17.820000000000014,0.0018581381956442322
17.822000000000017,0.0018586680919721321
17.824000000000016,0.001859489975048978
17.826000000000015,0.0018602886721741652
17.828000000000014,0.0018607871107204632
17.830000000000016,0.0018611886976470093
17.832000000000015,0.001861847643872927
17.834000000000014,0.0018627136588670323
17.836000000000016,0.0018634002278215822
17.838000000000015,0.0018638131166001937
17.840000000000014,0.0018642899654836842
17.842000000000017,0.00186506935430919
17.844000000000015,0.0018659075937113023
17.846000000000014,0.0018664649748484363
17.848000000000017,0.0018668542858520099
17.850000000000016,0.001867450698382206
17.852000000000015,0.0018683057256659308
17.854000000000017,0.0018690530334823374
17.856000000000016,0.0018695023901500463
17.858000000000015,0.0018699369628255302
17.860000000000014,0.0018706631404231955
17.862000000000016,0.0018715256575222161
17.864000000000015,0.0018721469972349802
17.866000000000014,0.001872540562119468
17.868000000000016,0.0018730770114353257
17.870000000000015,0.0018739047219986094
17.872000000000014,0.0018747043020004017
17.874000000000017,0.0018752025604492073
17.876000000000015,0.0018756084469871426
17.878000000000014,0.0018762747769518473
17.880000000000013,0.0018771447239430972
17.882000000000016,0.0018778306348697371
17.884000000000015,0.0018782446375495976
17.886000000000017,0.0018787278957532738
17.888000000000016,0.001879514244782693
17.890000000000015,0.0018803539823636084
17.892000000000014,0.0018809102781568998
17.894000000000016,0.001881302913865679
17.896000000000015,0.0018819071839411283
17.898000000000014,0.001882767410188474
17.900000000000016,0.0018835140492367564
17.902000000000015,0.0018839632763054115
17.904000000000014,0.001884403719685318
17.906000000000017,0.0018851379201240137
17.908000000000015,0.001886002957023264
17.910000000000014,0.001886622513373265
17.912000000000017,0.0018870181329448676
17.914000000000016,0.0018875625595874412
17.916000000000015,0.0018883968912743743
17.918000000000017,0.0018891962269922957
17.920000000000016,0.0018896931140989504
17.922000000000015,0.001890103925470149
17.924000000000014,0.001890779129340825
17.926000000000016,0.0018916529791397352
17.928000000000015,0.0018923367462118368
17.930000000000014,0.0018927513244318128
17.932000000000016,0.0018932422498681711
17.934000000000015,0.0018940366568634404
17.936000000000014,0.001894877048292276
17.938000000000017,0.001895430874598758
17.940000000000015,0.0018958271108295843
17.942000000000014,0.0018964407646591686
17.94400000000001,0.0018973065440103243
17.946000000000016,0.001898051125892919
17.948000000000015,0.0018984993584244825
17.950000000000014,0.001898946691073461
17.952000000000016,0.0018996902458161546
17.954000000000015,0.0019005572955319294
17.956000000000014,0.0019011735740424307
17.958000000000016,0.0019015711605213925
17.960000000000015,0.0019021250352202757
17.962000000000014,0.0019029667027047614
17.964000000000016,0.0019037645893768551
17.966000000000015,0.0019042589634758744
17.968000000000014,0.0019046754222168116
17.970000000000017,0.0019053609830842755
17.972000000000016,0.0019062385985601782
17.974000000000014,0.0019069187052221659
17.976000000000017,0.0019073334134357411
17.978000000000016,0.0019078333368271472
17.980000000000015,0.0019086368325879066
17.982000000000014,0.0019094769310917525
17.984000000000016,0.0019100269338377107
17.986000000000015,0.0019104271583530175
17.988000000000014,0.0019110517428937157
17.990000000000016,0.001911923317318015
17.992000000000015,0.0019126643923378928
17.994000000000014,0.0019131108515412498
17.996000000000016,0.0019135661906945212
17.998000000000015,0.001914320384813567
18.000000000000014,0.001915188816833585
18.002000000000017,0.0019158003261904866
18.004000000000016,0.0019161999123752382
18.006000000000014,0.0019167647580701497
18.00800000000001,0.0019176143688750813
18.010000000000016,0.0019184095083378816
18.012000000000015,0.00191890029863781
18.014000000000014,0.0019193232489319867
18.016000000000016,0.0019200206317765423
18.018000000000015,0.0019209017378315207
18.020000000000014,0.0019215766375652588
18.022000000000016,0.0019219911517223132
18.024000000000015,0.0019225014887988834
18.026000000000014,0.0019233150120485099
18.028000000000016,0.0019241537468140113
18.030000000000015,0.001924698618699039
18.032000000000014,0.0019251033587466826
18.034000000000017,0.001925740437190293
18.036000000000016,0.0019266179053651078
18.038000000000014,0.0019273539565230202
18.040000000000017,0.001927797976991913
18.042000000000016,0.0019282625565268663
18.044000000000015,0.0019290286079713115
18.046000000000014,0.0019298976418078984
18.048000000000016,0.0019305029050790123
18.050000000000015,0.0019309046739000024
18.052000000000014,0.0019314820679462164
18.054000000000016,0.001932340091811674
18.056000000000015,0.0019331310797880696
18.058000000000014,0.001933617310953123
18.060000000000016,0.0019340477415794588
18.062000000000015,0.0019347583779660005
18.064000000000014,0.001935642531424947
18.066000000000017,0.00193631065278288
18.068000000000016,0.0019367248006825766
18.070000000000014,0.0019372470610092285
18.072000000000017,0.001938071429788496
18.074000000000016,0.0019389075868851968
18.076000000000015,0.0019394460881863584
18.078000000000014,0.0019398560374918328
18.080000000000016,0.0019405071801502638
18.082000000000015,0.0019413904650530112
18.084000000000014,0.0019421199064038053
18.086000000000016,0.0019425609660559673
18.088000000000015,0.0019430361515929695
18.090000000000014,0.0019438151860276531
18.092000000000017,0.0019446838664005373
18.094000000000015,0.0019452814370417015
18.096000000000014,0.001945685751573667
18.098000000000017,0.0019462773232913066
18.100000000000016,0.0019471440589559352
18.102000000000015,0.0019479293764676775
18.104000000000017,0.00194841019694858
18.106000000000016,0.0019488492621050346
18.108000000000015,0.0019495745297146705
18.110000000000014,0.001950461089658323
18.112000000000016,0.0019511208465644025
18.114000000000015,0.0019515346398016609
18.116000000000014,0.0019520704311906112
18.118000000000016,0.0019529063103741195
18.120000000000015,0.001953738517202125
18.122000000000014,0.001954269501324102
18.124000000000017,0.0019546855459261214
18.126000000000015,0.0019553523154881014
18.128000000000014,0.0019562411310195538
18.130000000000017,0.001956962311487148
18.132000000000016,0.001957400064317577
18.134000000000015,0.001957887364443772
18.136000000000017,0.0019586803850397683
18.138000000000016,0.0019595475596080048
18.140000000000015,0.0019601360430825387
18.142000000000014,0.0019605434765571084
18.144000000000016,0.0019611508990035054
18.146000000000015,0.001962026438476261
18.148000000000014,0.0019628044485480167
18.150000000000016,0.0019632791629737856
18.152000000000015,0.0019637282000416756
18.154000000000014,0.0019644693962018456
18.156000000000017,0.001965357495528175
18.158000000000015,0.0019660073038429704
18.160000000000014,0.001966420971063837
18.162000000000017,0.001966971998399125
18.164000000000016,0.0019678198631489785
18.166000000000015,0.001968646577603289
18.168000000000017,0.0019691690218933966
18.170000000000016,0.001969592263991543
18.172000000000015,0.001970276194122572
18.174000000000014,0.001971170011358936
18.176000000000016,0.001971881225164035
18.178000000000015,0.0019723155367163125
18.180000000000014,0.0019728166091489974
18.182000000000016,0.001973624460865825
18.184000000000015,0.0019744887616762463
18.186000000000014,0.001975066843421719
18.188000000000017,0.001975478208541631
18.190000000000015,0.0019761031833231135
18.192000000000014,0.0019769873740066446
18.194000000000017,0.0019777563249492314
18.196000000000016,0.0019782244306915386
18.198000000000015,0.0019786849737871703
18.200000000000014,0.0019794432822684005
18.202000000000016,0.0019803318015666482
18.204000000000015,0.001980970102870211
18.206000000000014,0.0019813841237936447
18.208000000000016,0.001981952180971386
18.210000000000015,0.001982812276208612
18.212000000000014,0.001983631781947187
18.214000000000016,0.00198414482411563
18.216000000000015,0.0019845766028434575
18.218000000000014,0.0019852791691406246
18.220000000000017,0.001986177183149057
18.222000000000016,0.0019868766880229705
18.224000000000014,0.0019873076732209727
18.226000000000017,0.0019878243245442517
18.228000000000016,0.0019886476526723706
18.230000000000015,0.0019895074827623316
18.232000000000014,0.001990073963092809
18.234000000000016,0.0019904903396629203
18.236000000000015,0.001991134573571557
18.238000000000014,0.001992026978950928
18.240000000000016,0.001992785015606985
18.242000000000015,0.0019932462433717713
18.244000000000014,0.001993720031295221
18.246000000000016,0.0019944964818145172
18.248000000000015,0.0019953840269719414
18.250000000000014,0.001996009320423736
18.252000000000017,0.0019964244597822645
18.254000000000016,0.001997011413363281
18.256000000000014,0.001997883709684789
18.258000000000017,0.0019986941190672514
18.260000000000016,0.0019991970993107067
18.262000000000015,0.0019996390070644854
18.264000000000014,0.0020003615894803872
18.266000000000016,0.002001262688021671
18.268000000000015,0.002001948732349601
18.270000000000014,0.002002376795013472
18.272000000000016,0.0020029109724443717
18.274000000000015,0.002003750175492869
18.276000000000014,0.0020046037023516983
18.278000000000016,0.0020051575386734466
18.280000000000015,0.0020055802982424376
18.282000000000014,0.0020062454705219446
18.284000000000017,0.002007145330557819
18.286000000000016,0.0020078905149436277
18.288000000000014,0.0020083448729237563
18.290000000000017,0.0020088338498689406
18.292000000000016,0.002009629270003005
18.294000000000015,0.0020105141553208306
18.296000000000014,0.002011125038288042
18.298000000000016,0.0020115423784868858
18.300000000000015,0.002012150141592506
18.302000000000014,0.0020130342884956964
18.304000000000016,0.002013833554905614
18.306000000000015,0.0020143260635196725
18.308000000000014,0.002014779956168361
18.310000000000016,0.002015523792203683
18.312000000000015,0.0020164265280796234
18.314000000000014,0.0020170973880146714
18.316000000000017,0.002017523261009485
18.318000000000016,0.0020180770344956633
18.320000000000014,0.002018932211927199
18.322000000000017,0.00201977736977213
18.324000000000016,0.0020203177261989003
18.326000000000015,0.0020207485520487845
18.328000000000014,0.002021436271192001
18.330000000000016,0.002022342464049892
18.332000000000015,0.0020230728068071357
18.334000000000014,0.002023520627540576
18.336000000000016,0.0020240269346972484
18.338000000000015,0.0020248418942766244
18.340000000000014,0.0020257221332297404
18.342000000000017,0.0020263173511237964
18.344000000000015,0.0020267383220182733
18.346000000000014,0.0020273688169978044
18.348000000000017,0.002028264094802862
18.350000000000016,0.0020290500361464237
18.352000000000015,0.002029531966022402
18.354000000000017,0.002029999965013629
18.356000000000016,0.0020307660932758487
18.358000000000015,0.0020316686625411473
18.36000000000002,0.002032322689933974
18.362000000000016,0.002032747474466884
18.364000000000015,0.0020333230073146247
18.366000000000014,0.0020341939031594536
18.368000000000016,0.0020350284061813606
18.370000000000015,0.0020355547102535454
18.372000000000014,0.002035995610697783
18.374000000000017,0.0020367073598791807
18.376000000000015,0.0020376183671790282
18.378000000000014,0.002038331871134419
18.380000000000017,0.002038773859754789
18.382000000000016,0.00203929981572612
18.384000000000015,0.002040134564284035
18.386000000000017,0.002041007870387662
18.388000000000016,0.0020415863757924646
18.390000000000015,0.002042012779549879
18.392000000000014,0.0020426678880399174
18.394000000000016,0.0020435731605180085
18.396000000000015,0.002044343495681722
18.398000000000014,0.0020448150986060176
18.400000000000016,0.0020452995826843734
18.402000000000015,0.0020460887768462555
18.404000000000014,0.0020469890055671847
18.406000000000017,0.00204762468724648
18.408000000000015,0.002048049889343012
18.410000000000014,0.0020486493955486074
18.412000000000017,0.0020495353395825755
18.414000000000016,0.0020503567084310115
18.416000000000015,0.0020508687141646276
18.418000000000017,0.002051322026729835
18.420000000000016,0.0020520590973207575
18.422000000000015,0.0020529729756787463
18.42400000000002,0.002053667692569233
18.426000000000016,0.002054104974608978
18.428000000000015,0.0020546530424255527
18.430000000000014,0.002055507440920673
18.432000000000016,0.0020563712414320423
18.434000000000015,0.0020569322621360187
18.436000000000014,0.0020573662906859524
18.438000000000017,0.0020580477899093674
18.440000000000015,0.002058961460319253
18.442000000000014,0.002059713860226159
18.444000000000017,0.002060175805344483
18.446000000000016,0.0020606793893377107
18.448000000000015,0.002061492083132749
18.450000000000014,0.002062387425799145
18.452000000000016,0.0020630034542947207
18.454000000000015,0.00206343101595835
18.456000000000014,0.0020640567025080325
18.458000000000016,0.0020649565514499757
18.460000000000015,0.0020657621552176986
18.462000000000014,0.0020662600111236995
18.464000000000016,0.002066728394823636
18.466000000000015,0.0020674918079560123
18.468000000000014,0.002068406170180892
18.470000000000017,0.002069080271212248
18.472000000000016,0.002069514437532227
18.474000000000014,0.002070087175995633
18.476000000000017,0.002070960624836332
18.478000000000016,0.0020718120901672687
18.480000000000015,0.0020723552051168104
18.482000000000014,0.002072799447229462
18.484000000000016,0.0020735089317815425
18.486000000000015,0.0020744289057620102
18.488000000000017,0.0020751610603628734
18.490000000000016,0.0020756144925290765
18.492000000000015,0.0020761399904729028
18.494000000000014,0.002076976195158148
18.496000000000016,0.0020778637481927154
18.498000000000015,0.002078459103402319
18.500000000000014,0.002078891425405738
18.502000000000017,0.0020795454180704553
18.504000000000016,0.002080457500127003
18.506000000000014,0.0020812446159105824
18.508000000000017,0.0020817289359409963
18.510000000000016,0.0020822153485322292
18.512000000000015,0.0020830057654091516
18.514000000000014,0.0020839177752555726
18.516000000000016,0.0020845696355996923
18.518000000000015,0.0020850027813843486
18.520000000000014,0.0020856027785751963
18.522000000000016,0.0020864941449317553
18.524000000000015,0.0020873302366318236
18.526000000000014,0.0020878554580990027
18.528000000000016,0.0020883128926881267
18.530000000000015,0.002089051681683801
18.532000000000014,0.0020899753411962596
18.534000000000017,0.0020906850432289847
18.536000000000016,0.0020911316382512535
18.538000000000014,0.0020916820080596754
18.540000000000017,0.0020925412247727315
18.542000000000016,0.002093417758768895
18.544000000000015,0.0020939917993217927
18.546000000000014,0.0020944317520235067
18.548000000000016,0.0020951160036522254
18.550000000000015,0.002096038070675821
18.552000000000017,0.002096803962391397
18.554000000000016,0.0020972758969900474
18.556000000000015,0.0020977835538726064
18.558000000000014,0.0020986011764994594
18.560000000000016,0.0020995075613053915
18.562000000000015,0.0021001358578895124
18.564000000000014,0.0021005706119855694
18.566000000000017,0.0021012003990756867
18.568000000000016,0.0021021079475618543
18.570000000000014,0.0021029254874860848
18.572000000000017,0.002103433346901884
18.574000000000016,0.0021039073187691937
18.576000000000015,0.0021046763491174014
18.57800000000002,0.0021056005423154556
18.580000000000016,0.002106285787941725
18.582000000000015,0.002106727800978009
18.584000000000014,0.002107306067983289
18.586000000000016,0.002108187198619882
18.588000000000015,0.00210904921290081
18.590000000000014,0.0021096017750704132
18.592000000000017,0.002110052693125808
18.594000000000015,0.0021107688742000585
18.596000000000014,0.0021116980666691654
18.598000000000017,0.0021124400841465996
18.600000000000016,0.002112901387724908
18.602000000000015,0.0021134336990772384
18.604000000000017,0.0021142781643222197
18.606000000000016,0.0021151752500828958
18.608000000000015,0.0021157790710788493
18.61000000000002,0.0021162186112969883
18.612000000000016,0.0021168805553880288
18.614000000000015,0.002117801887373094
18.616000000000017,0.002118597650118903
18.618000000000016,0.0021190892840700915
18.620000000000015,0.002119583458043639
18.622000000000014,0.0021203831658189176
18.624000000000017,0.0021213042182497144
18.626000000000015,0.002121963323713366
18.628000000000014,0.002122403626283853
18.630000000000017,0.0021230127833439527
18.632000000000016,0.0021239140449515193
18.634000000000015,0.002124757847708575
18.636000000000017,0.0021252893486808366
18.638000000000016,0.0021257550050742258
18.640000000000015,0.0021265043773857073
18.64200000000002,0.002127437208269606
18.644000000000016,0.0021281529067063154
18.646000000000015,0.002128605996957994
18.648000000000014,0.002129166479843597
18.650000000000016,0.0021300367512320506
18.652000000000015,0.002130920524588076
18.654000000000014,0.002131499487878191
18.656000000000017,0.0021319475372690577
18.658000000000015,0.0021326437129080833
18.660000000000014,0.002133575720901504
18.662000000000017,0.00213434655073641
18.664000000000016,0.0021348237825925265
18.666000000000015,0.002135342071935664
18.668000000000017,0.0021361722653523707
18.670000000000016,0.002137086018153933
18.672000000000015,0.0021377177504033618
18.67400000000002,0.0021381598507190513
18.676000000000016,0.0021388027333036908
18.678000000000015,0.0021397215824644766
18.680000000000017,0.0021405433990218103
18.682000000000016,0.002141054940164616
18.684000000000015,0.0021415394946930344
18.686000000000014,0.00214232277049331
18.688000000000017,0.002143255134712335
18.690000000000015,0.0021439424133243568
18.692000000000014,0.0021443904168700623
18.694000000000017,0.002144982579519561
18.696000000000016,0.002145876842878286
18.698000000000015,0.002146743044029731
18.700000000000014,0.002147297420630967
18.702000000000016,0.002147758219241347
18.704000000000015,0.002148490259621938
18.70600000000002,0.002149429104236128
18.708000000000016,0.0021501720565054727
18.710000000000015,0.002150637468062905
18.712000000000014,0.0021511839332326033
18.714000000000016,0.002152043662587727
18.716000000000015,0.002152945543214102
18.718000000000014,0.0021535492610065543
18.720000000000017,0.002153997301614724
18.722000000000016,0.002154676437431058
18.724000000000014,0.002155609512583617
18.726000000000017,0.00215640562319086
18.728000000000016,0.002156899087726566
18.730000000000015,0.0021574070050046357
18.732000000000014,0.0021582241958841564
18.734000000000016,0.0021591514123656397
18.736000000000015,0.0021598086695388263
18.738000000000017,0.0021602554475039226
18.740000000000016,0.002160882643865797
18.742000000000015,0.0021617982147778547
18.744000000000018,0.0021626424643751696
18.746000000000016,0.0021631733013844356
18.748000000000015,0.0021636515476842755
18.750000000000014,0.0021644204783860532
18.752000000000017,0.002165361596164289
18.754000000000016,0.0021660741015613327
18.756000000000014,0.002166531088016538
18.758000000000017,0.0021671098024427515
18.760000000000016,0.002167997234528901
18.762000000000015,0.0021688823648775557
18.764000000000014,0.00216945816527897
18.766000000000016,0.0021699168914683653
18.768000000000015,0.002170634325871057
18.770000000000017,0.002171577416825443
18.772000000000016,0.0021723443237686713
18.774000000000015,0.0021728224619789738
18.776000000000014,0.0021733583943178703
18.778000000000016,0.0021742086563875385
18.780000000000015,0.002175125549483098
18.782000000000014,0.002175751849937041
18.784000000000017,0.002176201996280991
18.786000000000016,0.0021768672503654773
18.788000000000014,0.0021778005032227488
18.790000000000017,0.0021786184647660245
18.792000000000016,0.002179127700902145
18.794000000000015,0.0021796284570502755
18.796000000000014,0.002180434517540797
18.798000000000016,0.0021813726682388956
18.800000000000015,0.002182052716360544
18.802000000000017,0.002182505516916289
18.804000000000016,0.002183120397595578
18.806000000000015,0.0021840327043750607
18.808000000000018,0.002184896049890528
18.810000000000016,0.002185444913359924
18.812000000000015,0.0021859196054521968
18.814000000000014,0.002186676706173396
18.816000000000017,0.00218762476100115
18.818000000000016,0.002188359382741978
18.820000000000014,0.002188825876596967
18.822000000000017,0.0021893945078813315
18.824000000000016,0.002190275992482643
18.826000000000015,0.0021911770185862045
18.82800000000002,0.002191772266079167
18.830000000000016,0.0021922310709010795
18.832000000000015,0.0021929368725366327
18.834000000000017,0.002193883202567609
18.836000000000016,0.002194670779731317
18.838000000000015,0.002195161345062341
18.840000000000014,0.0021956899005866337
18.842000000000017,0.002196532361587733
18.844000000000015,0.0021974617231011184
18.846000000000014,0.0021981080594655755
18.848000000000017,0.002198561755013151
18.850000000000016,0.002199216357502032
18.852000000000015,0.0022001496310779523
18.854000000000017,0.0022009861923850405
18.856000000000016,0.0022015101178660124
18.858000000000015,0.0022020064805727546
18.86000000000002,0.0022028037282547652
18.862000000000016,0.0022037509080133633
18.864000000000015,0.002204450795572077
18.866000000000017,0.002204910293551271
18.868000000000016,0.002205516141661562
18.870000000000015,0.002206425863655964
18.872000000000018,0.002207305287097866
18.874000000000017,0.0022078703941199596
18.876000000000015,0.0022083437638776016
18.878000000000014,0.0022090918403524507
18.880000000000017,0.0022100456710674454
18.882000000000016,0.0022107992366832696
18.884000000000015,0.0022112751267263364
18.886000000000017,0.002211836816207846
18.888000000000016,0.0022127138043078476
18.890000000000015,0.0022136281221259713
18.89200000000002,0.002214240450392063
18.894000000000016,0.0022147009191102462
18.896000000000015,0.0022153981991212823
18.898000000000017,0.002216347406943847
18.900000000000016,0.002217152452795662
18.902000000000015,0.0022176545725243746
18.904000000000014,0.002218178575140506
18.906000000000017,0.0022190153497189113
18.908000000000015,0.002219955140816715
18.910000000000014,0.0022206187088091023
18.912000000000017,0.0022210768207728826
18.914000000000016,0.0022217239983610693
18.916000000000015,0.0022226577367785716
18.918000000000017,0.0022235098563817834
18.920000000000016,0.0022240469002092755
18.922000000000015,0.0022245412269723264
18.92400000000002,0.0022253322986910684
18.926000000000016,0.0022262871473779366
18.928000000000015,0.0022270037976448998
18.930000000000017,0.002227470110808205
18.932000000000016,0.002228070082980982
18.934000000000015,0.002228978427336936
18.936000000000018,0.0022298712230112705
18.938000000000017,0.002230450401647127
18.940000000000015,0.002230924223151687
18.942000000000014,0.0022316662705101076
18.944000000000017,0.002232625265935595
18.946000000000016,0.002233394602807026
18.948000000000015,0.002233879264996269
18.950000000000014,0.0022344369275428544
18.952000000000016,0.0022353113045665285
18.954000000000015,0.0022362366967222935
18.95600000000002,0.0022368634584895297
18.958000000000016,0.0022373266998931274
18.960000000000015,0.0022380186365957844
18.962000000000018,0.00223897088465691
18.964000000000016,0.0022397903087299775
18.966000000000015,0.0022403026612773935
18.968000000000014,0.002240824633988059
18.970000000000017,0.002241658166680177
18.972000000000016,0.0022426067795362215
18.974000000000014,0.002243284603546142
18.976000000000017,0.002243747529966228
18.978000000000016,0.0022443904685053584
18.980000000000015,0.002245325587755448
18.982000000000014,0.0022461904272964295
18.984000000000016,0.00224673864755065
18.986000000000015,0.0022472329466137198
18.988000000000017,0.0022480207018686638
18.990000000000016,0.0022489823051873026
18.992000000000015,0.002249712574857149
18.994000000000018,0.0022501853811419947
18.996000000000016,0.0022507825039208007
18.998000000000015,0.002251691079100726
19.000000000000018,0.0022525948135979357
19.002000000000017,0.0022531856069270273
19.004000000000016,0.002253661281613084
19.006000000000014,0.00225440041522057
19.008000000000017,0.0022553643979763005
19.010000000000016,0.0022561463610922816
19.012000000000015,0.0022566387783327924
19.014000000000014,0.0022571951308393012
19.016000000000016,0.002258069101797211
19.018000000000015,0.0022590036676664593
19.020000000000017,0.002259642018753144
19.022000000000016,0.0022601087681206056
19.024000000000015,0.0022607985685066667
19.026000000000018,0.002261754418568407
19.028000000000016,0.0022625852369896338
19.030000000000015,0.0022631061668817454
19.032000000000014,0.002263628388966127
19.034000000000017,0.0022644613583758244
19.036000000000016,0.0022654175217797223
19.038000000000014,0.002266106513966998
19.040000000000017,0.002266574297646151
19.042000000000016,0.002267216135301342
19.044000000000015,0.002268153899450176
19.046000000000014,0.0022690287876618864
19.048000000000016,0.002269585974883803
19.050000000000015,0.002270081986380984
19.052000000000017,0.0022708694360975
19.054000000000016,0.0022718372135716314
19.056000000000015,0.0022725779234985533
19.058000000000018,0.0022730565789662316
19.060000000000016,0.002273653772630224
19.062000000000015,0.0022745644735115977
19.064000000000018,0.0022754769207866954
19.066000000000017,0.0022760766727933923
19.068000000000016,0.002276555328954377
19.070000000000014,0.002277294741328456
19.072000000000017,0.002278263845925471
19.074000000000016,0.0022790553185305373
19.076000000000015,0.0022795541958630927
19.07800000000002,0.0022801118091076156
19.080000000000016,0.002280987799725298
19.082000000000015,0.0022819298660007314
19.084000000000017,0.0022825768288685933
19.086000000000016,0.002283047559720308
19.088000000000015,0.0022837384460774324
19.090000000000018,0.0022846987354282478
19.092000000000017,0.0022855380415146564
19.094000000000015,0.0022860656654913325
19.096000000000014,0.0022865902484875966
19.098000000000017,0.002287425490068745
19.100000000000016,0.002288388161252014
19.102000000000015,0.002289085159207477
19.104000000000017,0.002289557605408471
19.106000000000016,0.002290201448715057
19.108000000000015,0.0022911433519252344
19.11000000000002,0.0022920257269520294
19.112000000000016,0.0022925894955282966
19.114000000000015,0.0022930887867826377
19.116000000000017,0.0022938790416491828
19.118000000000016,0.0022948526264307822
19.120000000000015,0.0022956005712684024
19.122000000000018,0.0022960842275296933
19.124000000000017,0.002296684349761352
19.126000000000015,0.0022975992523441013
19.128000000000018,0.0022985183111236818
19.130000000000017,0.0022991242385942967
19.132000000000016,0.002299606840623414
19.134000000000015,0.0023003497774649606
19.136000000000017,0.0023013243252552606
19.138000000000016,0.0023021221998533736
19.140000000000015,0.0023026260757135764
19.14200000000002,0.002303187442565219
19.144000000000016,0.0023040680123554425
19.146000000000015,0.002305016030235696
19.148000000000017,0.0023056685426870727
19.150000000000016,0.002306143584331455
19.152000000000015,0.002306838798444316
19.154000000000018,0.0023078045170829287
19.156000000000017,0.0023086494346132025
19.158000000000015,0.0023091817413473104
19.160000000000014,0.0023097107178102205
19.162000000000017,0.0023105511595500616
19.164000000000016,0.0023115194068351608
19.166000000000015,0.0023122211965537487
19.168000000000017,0.0023126979932008296
19.170000000000016,0.0023133469484475366
19.172000000000015,0.002314294600967798
19.17400000000002,0.002315181938235905
19.176000000000016,0.0023157498099007356
19.178000000000015,0.0023162538801303756
19.180000000000017,0.0023170501116141773
19.182000000000016,0.002318029224847973
19.184000000000015,0.0023187811690461024
19.186000000000018,0.0023192688906713277
19.188000000000017,0.0023198747929255026
19.190000000000015,0.002320796054811447
19.192000000000018,0.002321719654643728
19.194000000000017,0.002322328910617094
19.196000000000016,0.002322816374724229
19.198000000000015,0.0023235661224986492
19.200000000000014,0.002324546494162333
19.202000000000016,0.0023253476415843743
19.204000000000015,0.002325854997353244
19.20600000000002,0.002326422611004214
19.208000000000016,0.0023273103727791122
19.210000000000015,0.002328262806770648
19.212000000000018,0.0023289177624738477
19.214000000000016,0.0023293974216931634
19.216000000000015,0.002330100238870758
19.218000000000018,0.0023310724062771127
19.220000000000017,0.002331920032928897
19.222000000000016,0.002332454980179255
19.224000000000014,0.002332990399998902
19.226000000000017,0.002333839004233118
19.228000000000016,0.0023348118838356913
19.230000000000015,0.0023355152154833914
19.232000000000014,0.002335996055868317
19.234000000000016,0.0023366532682965735
19.236000000000015,0.002337608283089876
19.238000000000017,0.0023384980155519985
19.240000000000016,0.002339067500258668
19.242000000000015,0.002339577890801081
19.244000000000018,0.002340383297245535
19.246000000000016,0.002341367618453466
19.248000000000015,0.0023421202865106516
19.250000000000018,0.0023426111700584895
19.252000000000017,0.002343225759737444
19.254000000000016,0.002344155521345148
19.256000000000018,0.0023450815230468824
19.258000000000017,0.0023456912582716927
19.260000000000016,0.0023461845722442254
19.262000000000015,0.0023469444493242897
19.264000000000014,0.0023479309544154614
19.266000000000016,0.002348732188862307
19.268000000000015,0.002349241559903764
19.270000000000017,0.002349817996137954
19.272000000000016,0.002350715535538256
19.274000000000015,0.0023516707482237886
19.276000000000018,0.0023523250364455295
19.278000000000016,0.002352809722417498
19.280000000000015,0.002353523467367613
19.282000000000018,0.0023545030064844874
19.284000000000017,0.0023553503549668398
19.286000000000016,0.002355885968797322
19.288000000000014,0.0023564299982163084
19.290000000000017,0.00235728970213403
19.292000000000016,0.0023582661318346243
19.294000000000015,0.002358967736303369
19.296000000000014,0.0023594524449310483
19.298000000000016,0.0023601211381324427
19.300000000000015,0.0023610850140193818
19.302000000000017,0.0023619744515496754
19.304000000000016,0.002362543131609829
19.306000000000015,0.0023630615380786923
19.308000000000018,0.0023638793077999654
19.310000000000016,0.0023648683422312355
19.312000000000015,0.0023656184114790313
19.314000000000018,0.0023661117082846017
19.316000000000017,0.0023667380097503188
19.318000000000016,0.002367678290628894
19.320000000000018,0.0023686043868287043
19.322000000000017,0.0023692118161848796
19.324000000000016,0.002369712160977644
19.326000000000015,0.002370485503984776
19.32800000000002,0.0023714782466780215
19.330000000000016,0.0023722762949615894
19.332000000000015,0.002372786386714454
19.334000000000017,0.002373374384119914
19.336000000000016,0.0023742841722955432
19.338000000000015,0.002375240309435589
19.340000000000018,0.0023758908617595442
19.342000000000017,0.002376381213412604
19.344000000000015,0.0023771092696474316
19.346000000000018,0.002378096875471053
19.348000000000017,0.0023789408201944084
19.350000000000016,0.0023794753011394387
19.352000000000015,0.0023800303194210504
19.354000000000017,0.0023809039664729192
19.356000000000016,0.0023818825990106485
19.358000000000015,0.00238257921360599
19.36000000000002,0.0023830678757905954
19.362000000000016,0.0023837513833139534
19.364000000000015,0.00238472538042242
19.366000000000017,0.0023856116355259194
19.368000000000016,0.0023861772590696717
19.370000000000015,0.002386705641556214
19.372000000000018,0.0023875389045369955
19.374000000000017,0.002388531848721176
19.376000000000015,0.002389275953283171
19.378000000000018,0.0023897711979935787
19.380000000000017,0.0023904124049872466
19.382000000000016,0.0023913649896014078
19.384000000000018,0.0023922886116095055
19.386000000000017,0.002392891092554028
19.388000000000016,0.0023933999630506853
19.390000000000015,0.0023941900996684307
19.39200000000002,0.002395188840301099
19.394000000000016,0.0023959803239582134
19.396000000000015,0.002396490136387347
19.398000000000017,0.00239709266782287
19.400000000000016,0.0023980169604396195
19.402000000000015,0.0023989718414972605
19.404000000000018,0.0023996156934147084
19.406000000000017,0.002400112707822394
19.408000000000015,0.0024008585118058534
19.410000000000018,0.002401854512572771
19.412000000000017,0.002402691750311825
19.414000000000016,0.00240322359102782
19.416000000000015,0.0024037922789614252
19.418000000000017,0.0024046825333815802
19.420000000000016,0.0024056616333686665
19.422000000000015,0.002406350045148775
19.42400000000002,0.0024068431402355095
19.426000000000016,0.002407544920775495
19.428000000000015,0.0024085299247598446
19.430000000000017,0.0024094098526026286
19.432000000000016,0.0024099704420328383
19.434000000000015,0.002410511128513204
19.436000000000018,0.0024113628881753946
19.438000000000017,0.002412358496082151
19.440000000000015,0.0024130932509690284
19.442000000000018,0.002413590396955323
19.444000000000017,0.002414249908146038
19.446000000000016,0.002415216216189342
19.448000000000018,0.0024161344545490793
19.450000000000014,0.0024167295842844327
19.452000000000016,0.002417248905430963
19.454000000000015,0.0024180591046644717
19.45600000000002,0.0024190631180237843
19.458000000000016,0.0024198445575229766
19.460000000000015,0.002420353520279056
19.462000000000018,0.002420973847818919
19.464000000000016,0.00242191456418267
19.466000000000015,0.0024228655848013148
19.468000000000018,0.0024234999597843587
19.470000000000017,0.002424005118881273
19.472000000000016,0.0024247721295824753
19.474000000000018,0.0024257763400295784
19.476000000000017,0.0024266033738804815
19.478000000000016,0.0024271314918106746
19.480000000000015,0.002427716904901678
19.482000000000014,0.002428626142019885
19.484000000000016,0.0024296034719333837
19.486000000000015,0.0024302805871130873
19.488000000000017,0.0024307791237104526
19.490000000000016,0.0024315027504124564
19.492000000000015,0.00243249912345303
19.494000000000018,0.0024333692854325573
19.496000000000016,0.0024339232655352927
19.498000000000015,0.002434479042046911
19.500000000000018,0.0024353520788142347
19.502000000000017,0.00243634853308089
19.504000000000016,0.0024370705875310372
19.506000000000018,0.0024375701486740453
19.508000000000017,0.0024382515768952007
19.510000000000016,0.0024392325147049587
19.512000000000018,0.002440142062409334
19.514000000000014,0.0024407277995281695
19.516000000000016,0.0024412600321921107
19.518000000000015,0.0024420934229640867
19.520000000000017,0.0024431013565826276
19.522000000000016,0.0024438692073268653
19.524000000000015,0.0024443773262310398
19.526000000000018,0.0024450190303053343
19.528000000000016,0.002445977607777844
19.530000000000015,0.002446921662814766
19.532000000000018,0.0024475440856815966
19.534000000000017,0.0024480594765004804
19.536000000000016,0.002448851110565864
19.538000000000018,0.0024498626792311684
19.540000000000017,0.0024506758360686998
19.542000000000016,0.002451199722862757
19.544000000000015,0.002451805340198676
19.546000000000014,0.002452735506366016
19.548000000000016,0.002453708229694679
19.550000000000015,0.0024543711769533516
19.552000000000017,0.0024548768262682985
19.554000000000016,0.0024556259398164915
19.556000000000015,0.0024566333589858824
19.558000000000018,0.002457490020456421
19.560000000000016,0.0024580363690472895
19.562000000000015,0.0024586105480003673
19.564000000000018,0.0024595072871803347
19.566000000000017,0.002460502082810262
19.568000000000016,0.0024612082117291545
19.570000000000018,0.0024617114076086744
19.572000000000017,0.0024624185520309705
19.574000000000016,0.0024634143442257284
19.57600000000002,0.0024643114735276306
19.57800000000002,0.0024648862881790357
19.580000000000016,0.0024654345165602
19.582000000000015,0.002466293965944083
19.584000000000017,0.002467303704968671
19.586000000000016,0.0024680544349584554
19.588000000000015,0.0024685624478235357
19.590000000000018,0.002469229419502811
19.592000000000017,0.002470206640789979
19.594000000000015,0.002471140079035622
19.596000000000018,0.002471748523863254
19.598000000000017,0.0024722769446581805
19.600000000000016,0.0024730964673456146
19.602000000000018,0.0024741137234643162
19.604000000000017,0.0024749092157700936
19.606000000000016,0.002475429102508947
19.608000000000015,0.0024760588400636885
19.61000000000002,0.00247701127816366
19.612000000000016,0.002477975890908757
19.614000000000015,0.0024786221651293128
19.616000000000017,0.002479137385387936
19.618000000000016,0.002479915599941873
19.620000000000015,0.0024809328872899827
19.622000000000018,0.0024817720613163063
19.624000000000017,0.0024823104825835995
19.626000000000015,0.0024829069378918545
19.628000000000018,0.0024838292761827363
19.630000000000017,0.0024848191278166454
19.632000000000016,0.002485506369197338
19.634000000000018,0.002486015267359809
19.636000000000017,0.002486752036678974
19.638000000000016,0.0024877620409668733
19.64000000000002,0.0024886426266340633
19.64200000000002,0.0024892056805766727
19.644000000000016,0.0024897736698824557
19.646000000000015,0.002490661613573697
19.648000000000017,0.002491670163007359
19.650000000000016,0.0024924003814972007
19.652000000000015,0.00249290991774076
19.654000000000018,0.0024936063013568655
19.656000000000017,0.0024946020960031623
19.658000000000015,0.002495520720364658
19.660000000000018,0.002496113795637217
19.662000000000017,0.002496658836739829
19.664000000000016,0.0024975091994936527
19.666000000000018,0.0024985295097389726
19.668000000000017,0.0024993035526887086
19.670000000000016,0.002499820586249979
19.672000000000015,0.0025004787610407586
19.67400000000002,0.0025014540010989406
19.676000000000016,0.0025024063062372703
19.678000000000015,0.002503033956839512
19.680000000000017,0.0025035620978757223
19.682000000000016,0.002504372849024883
19.684000000000015,0.0025053978027938517
19.686000000000018,0.00250621535247178
19.688000000000017,0.002506746469356086
19.690000000000015,0.002507369624139555
19.692000000000018,0.0025083187122640904
19.694000000000017,0.0025092995003082597
19.696000000000016,0.0025099653444473624
19.698000000000018,0.0025104829891857416
19.700000000000014,0.0025112532633199958
19.702000000000016,0.0025122757767262194
19.70400000000002,0.00251313538000833
19.70600000000002,0.002513686734045062
19.708000000000016,0.0025142789436441715
19.710000000000015,0.0025151971639903736
19.712000000000018,0.00251620056405108
19.714000000000016,0.002516907208864938
19.716000000000015,0.0025174209428196204
19.718000000000018,0.0025181510148085673
19.720000000000017,0.002519164241634786
19.722000000000016,0.002520063370817782
19.724000000000018,0.0025206405406486554
19.726000000000017,0.0025212066248596343
19.728000000000016,0.002522090242532443
19.730000000000018,0.002523109893513037
19.732000000000014,0.002523858887056196
19.734000000000016,0.0025243753081388987
19.736000000000015,0.0025250665376024273
19.738000000000017,0.002526064057362193
19.740000000000016,0.0025269992000549746
19.742000000000015,0.0025276070643265314
19.744000000000018,0.002528152436867853
19.746000000000016,0.0025289987621986143
19.748000000000015,0.0025300280048857204
19.750000000000018,0.0025308198162511675
19.752000000000017,0.0025313453731548863
19.754000000000016,0.0025320001229766076
19.756000000000018,0.0025329761070844448
19.758000000000017,0.0025339428821403442
19.760000000000016,0.0025345855148813656
19.762000000000018,0.0025351160269226625
19.764000000000014,0.00253592344535733
19.766000000000016,0.002536955516967143
19.76800000000002,0.0025377895447900034
19.770000000000017,0.0025383303858491635
19.772000000000016,0.0025389519195925803
19.774000000000015,0.00253990127126702
19.776000000000018,0.0025408945667866334
19.778000000000016,0.002541575154655862
19.780000000000015,0.0025420969369940594
19.782000000000018,0.0025428649066389086
19.784000000000017,0.00254389313111833
19.786000000000016,0.0025447677399861313
19.788000000000018,0.002545329574883598
19.790000000000017,0.0025459219379632414
19.792000000000016,0.0025468404029168057
19.79400000000002,0.002547854531555316
19.796000000000014,0.0025485753143133227
19.798000000000016,0.002549094621726977
19.800000000000015,0.0025498236415798237
19.802000000000017,0.002550841609417681
19.804000000000016,0.0025517541929252763
19.806000000000015,0.0025523421693051385
19.808000000000018,0.002552910058551461
19.810000000000016,0.0025537943049648293
19.812000000000015,0.0025548231711762792
19.814000000000018,0.002555585406343014
19.816000000000017,0.0025561084671575085
19.818000000000016,0.0025568000197316865
19.820000000000018,0.002557801751789296
19.822000000000017,0.002558748820158746
19.824000000000016,0.0025593674169339664
19.82600000000002,0.002559916042833177
19.82800000000002,0.0025607637104731185
19.830000000000016,0.0025618009839670774
19.83200000000002,0.002562604936163254
19.834000000000017,0.002563137809617866
19.836000000000016,0.0025637942820594117
19.838000000000015,0.002564774372915246
19.840000000000018,0.0025657516623019128
19.842000000000017,0.00256640460119259
19.844000000000015,0.0025669395466458023
19.846000000000018,0.0025677492661884127
19.848000000000017,0.0025687885557917622
19.850000000000016,0.0025696335107211477
19.852000000000018,0.0025701819543526294
19.854000000000017,0.0025708065422901383
19.856000000000016,0.002571760279732521
19.85800000000002,0.002572762879611501
19.86000000000002,0.0025734530561900837
19.862000000000016,0.0025739801351649383
19.864000000000015,0.0025747515197763193
19.866000000000017,0.0025757865420889814
19.868000000000016,0.002576670844516127
19.870000000000015,0.002577240193458369
19.872000000000018,0.0025778367917553557
19.874000000000017,0.002578760250263823
19.876000000000015,0.0025797827446895627
19.878000000000018,0.002580512179914868
19.880000000000017,0.0025810372989045482
19.882000000000016,0.0025817709108820197
19.884000000000018,0.00258279564857386
19.886000000000017,0.002583716763002425
19.888000000000016,0.0025843118228366657
19.89000000000002,0.0025848849071901936
19.89200000000002,0.002585775014440489
19.894000000000016,0.0025868116325374613
19.89600000000002,0.0025875814454252577
19.898000000000017,0.0025881104702035196
19.900000000000016,0.0025888077659820263
19.902000000000015,0.002589816611263729
19.904000000000018,0.0025907712033631514
19.906000000000017,0.0025913961579211164
19.908000000000015,0.0025919506609194953
19.910000000000018,0.0025928052374546984
19.912000000000017,0.002593850008268339
19.914000000000016,0.0025946604099500725
19.916000000000018,0.0025951990397371227
19.918000000000017,0.002595862296842194
19.920000000000016,0.0025968501764945806
19.92200000000002,0.0025978342126894427
19.92400000000002,0.0025984925479928533
19.926000000000016,0.0025990337328576363
19.928000000000015,0.002599851506032952
19.930000000000017,0.0026008984128597923
19.932000000000016,0.0026017487218364665
19.934000000000015,0.002602302372669868
19.936000000000018,0.0026029346022691247
19.938000000000017,0.0026038970815778495
19.940000000000015,0.0026049059436523136
19.942000000000018,0.0026056003889456947
19.944000000000017,0.0026061337237765214
19.946000000000016,0.002606914317872022
19.948000000000018,0.0026079574473989175
19.950000000000014,0.002608846125302877
19.952000000000016,0.00260941982413887
19.95400000000002,0.002610024672753619
19.95600000000002,0.0026109580366979745
19.958000000000016,0.002611986647807374
19.96000000000002,0.0026127191343952028
19.962000000000018,0.002613250169342163
19.964000000000016,0.002613994074323722
19.966000000000015,0.0026150277563218027
19.968000000000018,0.0026159524629801034
19.970000000000017,0.002616550753822916
19.972000000000016,0.002617132397550903
19.974000000000018,0.0026180337085721928
19.976000000000017,0.0026190766667372467
19.978000000000016,0.00261984830505424
19.980000000000018,0.0026203825544783566
19.982000000000014,0.0026210910762775597
19.984000000000016,0.0026221100101810613
19.98600000000002,0.002623067676253532
19.988000000000017,0.0026236945394083055
19.990000000000016,0.0026242575737149276
19.992000000000015,0.0026251247062931693
19.994000000000018,0.0026261764212952843
19.996000000000016,0.002626987496318761
19.998000000000015,0.002627530327680261
20.000000000000018,0.0026282055230676116
20.002000000000017,0.002629204888482589
20.004000000000016,0.002630191803451698
20.006000000000018,0.0026308505888088807
20.008000000000017,0.002631399916611432
20.010000000000016,0.002632231569658555
20.012000000000018,0.0026332863992724054
20.014000000000014,0.0026341363840254595
20.016000000000016,0.00263469291496507
20.01800000000002,0.002635337514133751
20.020000000000017,0.002636313063114404
20.022000000000016,0.0026373249759663597
20.02400000000002,0.0026380183510357202
20.026000000000018,0.002638559071455021
20.028000000000016,0.0026393547601689382
20.030000000000015,0.002640407141859702
20.032000000000018,0.002641294728364052
20.034000000000017,0.0026418697332071805
20.036000000000016,0.002642487053099385
20.038000000000018,0.0026434351828475977
20.040000000000017,0.0026444674124323775
20.042000000000016,0.0026451973256396977
20.04400000000002,0.00264573462545753
20.046000000000014,0.0026464946547553325
20.048000000000016,0.002647539229313156
20.05000000000002,0.0026484623759432946
20.052000000000017,0.002649060202660619
20.054000000000016,0.0026496540538837876
20.056000000000015,0.0026505718593264616
20.058000000000018,0.002651619411140921
20.060000000000016,0.002652387070674611
20.062000000000015,0.00265292612022211
20.064000000000018,0.002653651542187052
20.066000000000017,0.0026546832662521225
20.068000000000016,0.002655639260034731
20.070000000000018,0.00265626375851602
20.072000000000017,0.00265683834845043
20.074000000000016,0.0026577236548821492
20.07600000000002,0.002658781340904859
20.07800000000002,0.002659587209145081
20.080000000000016,0.0026601330640712573
20.08200000000002,0.002660825622014251
20.084000000000017,0.0026618398670242016
20.086000000000016,0.0026628253990429174
20.08800000000002,0.002663479861381962
20.090000000000018,0.0026640396957965107
20.092000000000017,0.0026648910724146324
20.094000000000015,0.002665953630638762
20.096000000000018,0.0026667974339218137
20.098000000000017,0.0026673549440495437
20.100000000000016,0.0026680170058243635
20.102000000000018,0.002669009641554143
20.104000000000017,0.002670020893278585
20.106000000000016,0.002670708006608624
20.10800000000002,0.0026712577918066305
20.11000000000002,0.0026720745474896057
20.112000000000016,0.002673136757949196
20.11400000000002,0.0026740175111185094
20.116000000000017,0.002674591237391777
20.118000000000016,0.0026752257205347185
20.120000000000015,0.0026761931820623586
20.122000000000018,0.002677225920145798
20.124000000000017,0.0026779477323986833
20.126000000000015,0.0026784922796282973
20.128000000000018,0.0026792744427036885
20.130000000000017,0.002680331237061767
20.132000000000016,0.0026812472819431055
20.134000000000018,0.002681841422293635
20.136000000000017,0.0026824517134116377
20.138000000000016,0.0026833910509864167
20.14000000000002,0.002684440727883819
20.14200000000002,0.002685198626670132
20.144000000000016,0.00268574276026437
20.14600000000002,0.002686491044281314
20.148000000000017,0.0026875376064242062
20.150000000000016,0.002688486663050188
20.15200000000002,0.002689104987860458
20.154000000000018,0.002689694858487579
20.156000000000017,0.0026906037703795516
20.158000000000015,0.002691665628040407
20.160000000000018,0.002692460332649277
20.162000000000017,0.0026930088031207056
20.164000000000016,0.00269372456079478
20.166000000000018,0.0026947564163283255
20.168000000000017,0.0026957356454415105
20.170000000000016,0.002696381443142909
20.17200000000002,0.0026969549640525337
20.17400000000002,0.002697831812987328
20.176000000000016,0.0026989009868815528
20.17800000000002,0.0026997325531897542
20.180000000000017,0.0027002899562915683
20.182000000000016,0.0027009751238321056
20.184000000000015,0.0027019882168832776
20.186000000000018,0.0027029942919819805
20.188000000000017,0.002703670325195945
20.190000000000015,0.00270423178090895
20.192000000000018,0.0027050755951311956
20.194000000000017,0.002706147215970539
20.196000000000016,0.002707015053820122
20.198000000000018,0.002707585756406228
20.200000000000014,0.0027082427903963036
20.202000000000016,0.0027092335466464
20.20400000000002,0.0027102627336209606
20.20600000000002,0.0027109712061191005
20.208000000000016,0.002711525011103
20.21000000000002,0.0027123354714506664
20.212000000000018,0.0027134047621693302
20.214000000000016,0.0027143076645385067
20.21600000000002,0.0027148957378979044
20.218000000000018,0.0027155275467862783
20.220000000000017,0.0027164929221833167
20.222000000000016,0.00271754116443107
20.224000000000018,0.0027182836990535253
20.226000000000017,0.0027188343168779716
20.228000000000016,0.002719611731491517
20.230000000000018,0.002720674097325737
20.232000000000014,0.002721610280382869
20.234000000000016,0.0027222194415902623
20.23600000000002,0.002722829313697578
20.238000000000017,0.0027237668287814765
20.240000000000016,0.0027248298356022382
20.24200000000002,0.002725607463124724
20.244000000000018,0.002726159329627803
20.246000000000016,0.002726904598061658
20.248000000000015,0.002727955707915203
20.250000000000018,0.0027289228608184113
20.252000000000017,0.002729556422523982
20.254000000000016,0.0027301479522778005
20.256000000000018,0.0027310557124886614
20.258000000000017,0.002732129048548082
20.260000000000016,0.002732942207331529
20.262000000000018,0.002733499658664984
20.264000000000014,0.002734214227229137
20.266000000000016,0.0027352500848970007
20.26800000000002,0.002736245428000189
20.270000000000017,0.002736906256971511
20.272000000000016,0.0027374832708810526
20.27400000000002,0.002738359973593757
20.276000000000018,0.00273943914730293
20.278000000000016,0.002740287693391963
20.28000000000002,0.002740854899651174
20.282000000000018,0.002741540709796847
20.284000000000017,0.0027425577140288704
20.286000000000016,0.002743578063980623
20.288000000000018,0.0027442685486051555
20.290000000000017,0.0027448350322837323
20.292000000000016,0.0027456799616061844
20.29400000000002,0.00274676051040057
20.296000000000014,0.0027476437375642537
20.298000000000016,0.0027482246425685752
20.30000000000002,0.002748884074061264
20.302000000000017,0.0027498790668599726
20.304000000000016,0.002750920906951837
20.30600000000002,0.002751642933801146
20.308000000000018,0.0027522029611467824
20.310000000000016,0.002753015971741324
20.312000000000015,0.0027540935424383017
20.314000000000018,0.0027550102114721198
20.316000000000017,0.0027556084791417745
20.318000000000016,0.0027562442896491013
20.320000000000018,0.002757214592586904
20.322000000000017,0.0027582741466248006
20.324000000000016,0.0027590290860731725
20.32600000000002,0.00275958675153537
20.32800000000002,0.0027603682428666287
20.330000000000016,0.0027614386655299417
20.33200000000002,0.0027623870419705987
20.334000000000017,0.0027630060096411335
20.336000000000016,0.0027636212722185194
20.33800000000002,0.002764564710922096
20.340000000000018,0.0027656380188655627
20.342000000000017,0.0027664267196397807
20.34400000000002,0.002766986074335759
20.346000000000018,0.002767736956824196
20.348000000000017,0.002768796310850641
20.350000000000016,0.0027697742100998013
20.352000000000018,0.0027704168490214065
20.354000000000017,0.0027710148888185626
20.356000000000016,0.002771929806080292
20.35800000000002,0.002773012799719893
20.36000000000002,0.0027738355921377855
20.362000000000016,0.0027744005844357045
20.36400000000002,0.0027751222390114128
20.366000000000017,0.0027761669104651165
20.368000000000016,0.0027771717491828496
20.37000000000002,0.0027778406323661076
20.372000000000018,0.0027784249637093084
20.374000000000017,0.0027793102219479116
20.376000000000015,0.0027803987989707957
20.378000000000018,0.0027812555065007682
20.380000000000017,0.002781829927561319
20.382000000000016,0.0027825241600764605
20.384000000000018,0.0027835508896148498
20.386000000000017,0.0027845797421356955
20.388000000000016,0.002785277019621779
20.39000000000002,0.0027858512844620986
20.39200000000002,0.0027867062584569224
20.394000000000016,0.00278779635337853
20.39600000000002,0.0027886863120288596
20.398000000000017,0.002789273746687526
20.400000000000016,0.002789942738571388
20.40200000000002,0.0027909486596177646
20.404000000000018,0.002791998318066452
20.406000000000017,0.00279272569961872
20.40800000000002,0.0027932936081793425
20.410000000000018,0.0027941181691487904
20.412000000000017,0.0027952058197590612
20.414000000000016,0.0027961279046824494
20.416000000000018,0.0027967316879591864
20.418000000000017,0.0027973779443964952
20.420000000000016,0.0027983606115073723
20.42200000000002,0.002799427648252445
20.42400000000002,0.002800186393381171
20.426000000000016,0.0028007516676941124
20.42800000000002,0.0028015461598778213
20.430000000000017,0.0028026275680532176
20.432000000000016,0.0028035802266367926
20.43400000000002,0.00280420340608023
20.436000000000018,0.002804829702870576
20.438000000000017,0.002805787110508662
20.440000000000015,0.0028068679415918785
20.442000000000018,0.002807658856741002
20.444000000000017,0.0028082251776308798
20.446000000000016,0.002808990388576793
20.448000000000018,0.002810061974536149
20.450000000000014,0.0028110432651446693
20.452000000000016,0.0028116885691411297
20.45400000000002,0.0028122978992664027
20.45600000000002,0.002813228491418379
20.458000000000016,0.00281431943963506
20.46000000000002,0.0028151428822711377
20.462000000000018,0.0028157138402316317
20.464000000000016,0.002816450965985179
20.46600000000002,0.002817509415304481
20.468000000000018,0.002818517050756447
20.470000000000017,0.00281918686287036
20.47200000000002,0.0028197823836619007
20.474000000000018,0.0028206850549244433
20.476000000000017,0.00282178241130579
20.478000000000016,0.0028226383005623967
20.480000000000018,0.002823217350869711
20.482000000000014,0.002823927957223943
20.484000000000016,0.002824970260166426
20.48600000000002,0.0028260016549577494
20.488000000000017,0.0028266979943037673
20.490000000000016,0.0028272829759697082
20.49200000000002,0.002828157064871828
20.494000000000018,0.002829257147426739
20.496000000000016,0.0028301449808717516
20.49800000000002,0.0028307354031928966
20.500000000000018,0.0028314213840930913
20.502000000000017,0.0028324448670414004
20.504000000000016,0.0028334971872881753
20.506000000000018,0.0028342216948753773
20.508000000000017,0.0028347994710248847
20.510000000000016,0.0028356447464528145
20.512000000000018,0.002836743955163562
20.514000000000014,0.0028376628311726215
20.516000000000016,0.0028382676938523144
20.51800000000002,0.002838931227963304
20.520000000000017,0.0028399335769569434
20.522000000000016,0.0028410037920115483
20.52400000000002,0.002841757722939625
20.526000000000018,0.00284233164362524
20.528000000000016,0.0028431482852790124
20.53000000000002,0.0028442431524998146
20.532000000000018,0.002845191797643837
20.534000000000017,0.002845813926788565
20.53600000000002,0.0028464574331333314
20.538000000000018,0.0028474367097084674
20.540000000000017,0.002848521644414098
20.542000000000016,0.002849305865739754
20.54400000000002,0.0028498792534371598
20.546000000000014,0.002850667827270087
20.548000000000016,0.002851755062848932
20.55000000000002,0.002852731863637936
20.552000000000017,0.00285337381705722
20.554000000000016,0.0028539999105326175
20.55600000000002,0.002854954560225581
20.558000000000018,0.0028560509468098516
20.560000000000016,0.0028568659408423625
20.56200000000002,0.0028574420496947917
20.564000000000018,0.0028582034792816458
20.566000000000017,0.002859280009902432
20.568000000000016,0.0028602830481710972
20.570000000000018,0.002860947094185412
20.572000000000017,0.002861558541653264
20.574000000000016,0.002862487395665525
20.57600000000002,0.0028635919243356067
20.57800000000002,0.002864437797060776
20.580000000000016,0.0028650197756358853
20.58200000000002,0.002865755310383078
20.584000000000017,0.002866818312802305
20.586000000000016,0.002867845403983521
20.58800000000002,0.002868533505060916
20.590000000000018,0.0028691331826097566
20.592000000000017,0.0028700354532362193
20.59400000000002,0.0028711448206194257
20.596000000000018,0.002872021314893808
20.598000000000017,0.002872612172631045
20.60000000000002,0.0028733233536900327
20.602000000000018,0.002874370281712224
20.604000000000017,0.0028754190152213976
20.606000000000016,0.0028761328163584843
20.60800000000002,0.0028767236682325503
20.61000000000002,0.0028775989387289647
20.612000000000016,0.002878709893404302
20.61400000000002,0.0028796164065081897
20.616000000000017,0.0028802189839750025
20.618000000000016,0.0028809076086542817
20.62000000000002,0.0028819362138486626
20.622000000000018,0.002883003994794575
20.624000000000017,0.0028837448165155988
20.62600000000002,0.002884329816118192
20.628000000000018,0.0028851780257279636
20.630000000000017,0.0028862874102088543
20.632000000000016,0.002887223015297369
20.634000000000018,0.002887839958320565
20.636000000000017,0.0028885080437149047
20.638000000000016,0.0028895163900184706
20.64000000000002,0.0028906004814673314
20.64200000000002,0.002891369317273268
20.644000000000016,0.002891951430567863
20.64600000000002,0.0028927728554472842
20.648000000000017,0.0028938776440992076
20.650000000000016,0.0028948411150482856
20.65200000000002,0.0028954748527423024
20.654000000000018,0.002896124599218064
20.656000000000017,0.0028971110716910498
20.65800000000002,0.0028982086367407844
20.660000000000018,0.0028990061548003487
20.662000000000017,0.00289958830636014
20.66400000000002,0.002900383537138146
20.666000000000018,0.0029014808696423977
20.668000000000017,0.002902470708754129
20.670000000000016,0.002903123435426702
20.67200000000002,0.0029037571905190795
20.67400000000002,0.002904720498622726
20.676000000000016,0.002905828641586755
20.67800000000002,0.002906655190422186
20.680000000000017,0.002907240232314562
20.682000000000016,0.002908010148999579
20.68400000000002,0.0029090973591034963
20.686000000000018,0.002910111827109124
20.688000000000017,0.0029107854879902584
20.69000000000002,0.002911405711188697
20.692000000000018,0.0029123448870307933
20.694000000000017,0.002913460693093589
20.696000000000016,0.0029143163109769665
20.698000000000018,0.0029149069946126926
20.700000000000014,0.0029156527395228227
20.702000000000016,0.002916727378938666
20.70400000000002,0.002917764526726041
20.70600000000002,0.002918460807432882
20.708000000000016,0.0029190700362527744
20.71000000000002,0.002919984428307626
20.712000000000018,0.0029211050010812256
20.714000000000016,0.0029219894288250448
20.71600000000002,0.0029225883798536523
20.718000000000018,0.002923311329196987
20.720000000000017,0.0029243711866281663
20.72200000000002,0.0029254288881171153
20.724000000000018,0.0029261492077369
20.726000000000017,0.0029267500254045176
20.72800000000002,0.0029276392882485736
20.730000000000018,0.0029287617847433556
20.732000000000014,0.0029296744815368314
20.734000000000016,0.0029302841778278965
20.73600000000002,0.0029309859125045967
20.738000000000017,0.0029320290278816996
20.740000000000016,0.00293310501347957
20.74200000000002,0.0029338505211260746
20.744000000000018,0.0029344455261379188
20.746000000000016,0.0029353096067610274
20.74800000000002,0.0029364312693691275
20.750000000000018,0.002937371431287167
20.752000000000017,0.00293799418400012
20.75400000000002,0.0029386764601380955
20.756000000000018,0.0029397011342382484
20.758000000000017,0.0029407930243297298
20.760000000000016,0.002941564599000912
20.762000000000018,0.0029421563767594305
20.764000000000014,0.0029429954980131068
20.766000000000016,0.002944113683192723
20.76800000000002,0.002945080263984684
20.770000000000017,0.0029457182016993655
20.772000000000016,0.002946382921372087
20.77400000000002,0.002947387721072947
20.776000000000018,0.002948493059027335
20.778000000000016,0.0029492913125676867
20.78000000000002,0.0029498824092435982
20.782000000000018,0.002950697050975476
20.784000000000017,0.0029518092544154606
20.78600000000002,0.002952800988165194
20.788000000000018,0.0029534560440176716
20.790000000000017,0.0029541052265315837
20.79200000000002,0.0029550889860120166
20.79400000000002,0.0029562052702324093
20.796000000000014,0.00295703055318175
20.798000000000016,0.0029576234519058664
20.80000000000002,0.002958414330306164
20.802000000000017,0.0029595182084367344
20.804000000000016,0.002960533633679402
20.80600000000002,0.002961207535423338
20.808000000000018,0.002961843289502941
20.810000000000016,0.0029628051077502104
20.81200000000002,0.0029639298223365362
20.814000000000018,0.0029647822324251616
20.816000000000017,0.0029653793318740185
20.81800000000002,0.002966147377525874
20.820000000000018,0.0029672407653253685
20.822000000000017,0.0029682782502050975
20.824000000000016,0.0029689725130974676
20.82600000000002,0.0029695970102397162
20.82800000000002,0.0029705362452542017
20.830000000000016,0.0029716668889060993
20.83200000000002,0.002972546281939714
20.834000000000017,0.0029731498773443166
20.836000000000016,0.0029738962124322976
20.83800000000002,0.002974977137555901
20.840000000000018,0.0029760349056147106
20.842000000000017,0.002976750828005581
20.84400000000002,0.0029773662772233644
20.846000000000018,0.002978282537331428
20.848000000000017,0.002979416650176453
20.85000000000002,0.002980322653038131
20.852000000000018,0.002980934919615208
20.854000000000017,0.002981660834702554
20.85600000000002,0.0029827275280263077
20.85800000000002,0.0029838036842284588
20.86000000000002,0.002984542345717739
20.862000000000016,0.002985150969844058
20.86400000000002,0.0029860441025365003
20.866000000000017,0.0029871792906286943
20.868000000000016,0.0029881113161148443
20.87000000000002,0.0029887342948951012
20.872000000000018,0.0029894412256352143
20.874000000000017,0.0029904921283673003
20.87600000000002,0.0029915846849835614
20.878000000000018,0.0029923469469917974
20.880000000000017,0.00299295096067409
20.88200000000002,0.0029938210393836706
20.884000000000018,0.002994954996681204
20.886000000000017,0.002995912259879635
20.888000000000016,0.0029965478458855166
20.89000000000002,0.002997237349987719
20.89200000000002,0.002998271117548079
20.894000000000016,0.0029993780195489705
20.89600000000002,0.003000164528134952
20.898000000000017,0.003000766117612186
20.900000000000016,0.0030016134268309735
20.90200000000002,0.0030027439545218526
20.904000000000018,0.00300372549043601
20.906000000000017,0.003004375423143274
20.90800000000002,0.0030050491578667293
20.910000000000018,0.0030060646607745767
20.912000000000017,0.0030071838104137327
20.91400000000002,0.0030079950011614176
20.916000000000018,0.0030085963058812115
20.918000000000017,0.0030094213250000668
20.92000000000002,0.003010546348102522
20.92200000000002,0.003011551030227294
20.92400000000002,0.003012216886228547
20.926000000000016,0.003012876586636709
20.92800000000002,0.0030138729086731653
20.930000000000017,0.0030150021889765177
20.932000000000016,0.003015838293762091
20.93400000000002,0.0030164413898687292
20.936000000000018,0.0030172447760946075
20.938000000000017,0.0030183623573150353
20.94000000000002,0.0030193889168730337
20.942000000000018,0.003020072104647137
20.944000000000017,0.00302071956281294
20.94600000000002,0.00302169599674737
20.948000000000018,0.0030228332936614866
20.950000000000014,0.0030236943491037116
20.952000000000016,0.0030243012348014076
20.95400000000002,0.003025083805481499
20.95600000000002,0.003026192156360852
20.958000000000016,0.003027239201916776
20.96000000000002,0.0030279409585975137
20.962000000000018,0.0030285780039123467
20.964000000000016,0.0030295340450891273
20.96600000000002,0.0030306772680840643
20.968000000000018,0.0030315631254746456
20.970000000000017,0.0030321757082507894
20.97200000000002,0.0030329384228992284
20.974000000000018,0.0030340359123240956
20.976000000000017,0.003035101949507152
20.97800000000002,0.0030358233395336998
20.980000000000018,0.003036451820239261
20.982000000000014,0.003037387158326965
20.98400000000002,0.003038534259287018
20.98600000000002,0.003039444595795221
20.988000000000017,0.0030400646814691124
20.990000000000016,0.003040808623760549
20.99200000000002,0.00304189378395206
20.994000000000018,0.003042977235033023
20.996000000000016,0.0030437191505565953
20.99800000000002,0.003044340916586785
21.000000000000018,0.0030452554257864584
21.002000000000017,0.0030464044160671
21.00400000000002,0.0030473387470084934
21.006000000000018,0.003047968030556153
21.008000000000017,0.003048694390518053
21.01000000000002,0.003049765920644265
21.012000000000018,0.003050865143731929
21.014000000000014,0.003051628306645904
21.016000000000016,0.003052245193839842
21.01800000000002,0.0030531389218406424
21.020000000000017,0.0030542878874058876
21.022000000000016,0.003055245579369148
21.02400000000002,0.0030558856374635346
21.026000000000018,0.0030565956940657724
21.028000000000016,0.003057652461646465
21.03000000000002,0.0030587657692914827
21.032000000000018,0.0030595507347462025
21.034000000000017,0.003060164550468647
21.03600000000002,0.00306103770642413
21.038000000000018,0.0030621848210202196
21.040000000000017,0.0030631651056464704
21.04200000000002,0.003063817390839524
21.04400000000002,0.0030645124951496905
21.046000000000014,0.0030655535354431884
21.04800000000002,0.0030666792124598996
21.05000000000002,0.003067486373720535
21.052000000000017,0.003068098883904108
21.054000000000016,0.003068951825686922
21.05600000000002,0.003070095362041142
21.058000000000018,0.0030710973502572902
21.060000000000016,0.003071763186723725
21.06200000000002,0.003072444745767594
21.064000000000018,0.0030734692593397395
21.066000000000017,0.003074605579682782
21.06800000000002,0.0030754351741844044
21.070000000000018,0.0030760480917916833
21.072000000000017,0.003076881312762819
21.07400000000002,0.0030780196518293557
21.07600000000002,0.0030790423483441354
21.07800000000002,0.0030797229290982775
21.080000000000016,0.00308039239053734
21.08200000000002,0.0030813997392215298
21.084000000000017,0.0030825449817809547
21.086000000000016,0.0030833970982331593
21.08800000000002,0.003084012073120701
21.090000000000018,0.0030848261886280703
21.092000000000017,0.003085957826931829
21.09400000000002,0.0030870001448137785
21.096000000000018,0.0030876965303055226
21.098000000000017,0.0030883553680187414
21.10000000000002,0.0030893450694770563
21.102000000000018,0.003090497532681258
21.104000000000017,0.003091372119076008
21.10600000000002,0.0030919907292288606
21.10800000000002,0.0030927864630283797
21.11000000000002,0.0030939100181818224
21.11200000000002,0.003094970793348778
21.11400000000002,0.0030956839113413237
21.116000000000017,0.0030963336119757545
21.118000000000016,0.003097305333070205
21.12000000000002,0.0030984633482125656
21.122000000000018,0.003099360220589348
21.124000000000017,0.003099983964683861
21.12600000000002,0.0031007621354532666
21.128000000000018,0.0031018763499418567
21.130000000000017,0.0031029543554070838
21.13200000000002,0.003103685002033618
21.134000000000018,0.003104327052568606
21.136000000000017,0.003105280601744559
21.13800000000002,0.0031064425449767175
21.14000000000002,0.0031073613968003733
21.14200000000002,0.0031079916880455416
21.144000000000016,0.0031087531961383197
21.14600000000002,0.003109856939487149
21.148000000000017,0.003110950899219672
21.150000000000016,0.003111699741116164
21.15200000000002,0.003112335617468487
21.154000000000018,0.0031132709363445588
21.156000000000017,0.003114435239301022
21.15800000000002,0.0031153756513143394
21.160000000000018,0.003116013812512586
21.162000000000017,0.003116759627077581
21.16400000000002,0.0031178518965249424
21.166000000000018,0.003118960498799006
21.168000000000017,0.003119728076207806
21.17000000000002,0.0031203592328892527
21.17200000000002,0.003121276387235805
21.17400000000002,0.0031224415462800525
21.17600000000002,0.003123402996695057
21.17800000000002,0.0031240502564594264
21.180000000000017,0.0031247814030322396
21.182000000000016,0.003125861322843676
21.18400000000002,0.0031269832329681724
21.186000000000018,0.0031277699637066447
21.188000000000017,0.003128397824531254
21.19000000000002,0.0031292969948090166
21.192000000000018,0.003130461578909255
21.194000000000017,0.0031314434538102787
21.19600000000002,0.003132100943869315
21.198000000000018,0.003132818492520978
21.200000000000014,0.0031338853120838617
21.20200000000002,0.003135019184419302
21.20400000000002,0.0031358253686091797
21.20600000000002,0.0031364513184381493
21.208000000000016,0.003137332790050934
21.21000000000002,0.0031384954473145654
21.212000000000018,0.0031394970511513243
21.214000000000016,0.003140165804670081
21.21600000000002,0.0031408708587817302
21.218000000000018,0.003141923949622427
21.220000000000017,0.0031430684388100982
21.22200000000002,0.003143894264263203
21.224000000000018,0.0031445196417635712
21.226000000000017,0.00314538379516785
21.22800000000002,0.0031465432580780606
21.230000000000018,0.0031475638241362236
21.232000000000014,0.0031482447749796028
21.23400000000002,0.003148938460695
21.23600000000002,0.003149977312560448
21.238000000000017,0.003151131083904357
21.24000000000002,0.003151976632064263
21.24200000000002,0.0031526027234509424
21.244000000000018,0.0031534500242468844
21.246000000000016,0.0031546051136601694
21.24800000000002,0.0031556438144061116
21.250000000000018,0.0031563377972683992
21.252000000000017,0.003157021253661574
21.25400000000002,0.003158045469804638
21.256000000000018,0.0031592072087637257
21.258000000000017,0.0031600724611034192
21.26000000000002,0.003160700494826918
21.262000000000018,0.0031615314839427977
21.264000000000014,0.003162681111915644
21.26600000000002,0.0031637370691209032
21.26800000000002,0.0031644448204460607
21.270000000000017,0.0031651191904286113
21.272000000000016,0.00316612848223069
21.27400000000002,0.0031672969029939713
21.276000000000018,0.003168181747776
21.278000000000016,0.003168812890112449
21.28000000000002,0.003169628174178152
21.282000000000018,0.003170771345701262
21.284000000000017,0.00317184364026335
21.28600000000002,0.0031725657998791235
21.288000000000018,0.0031732322218599174
21.290000000000017,0.003174226402919589
21.29200000000002,0.0031754002560503702
21.29400000000002,0.0031763044953567743
21.296000000000014,0.003176939846854576
21.29800000000002,0.003177740088845804
21.30000000000002,0.0031788759025716817
21.302000000000017,0.0031799635839572793
21.30400000000002,0.0031807006973474383
21.30600000000002,0.0031813602976473454
21.308000000000018,0.0031823392774548154
21.310000000000016,0.003183517356604354
21.31200000000002,0.0031844407135517006
21.314000000000018,0.0031850813062829775
21.316000000000017,0.003185867216505517
21.31800000000002,0.003186994864557563
21.320000000000018,0.003188096959804848
21.322000000000017,0.003188849480945999
21.32400000000002,0.0031895033669615547
21.32600000000002,0.003190467144271125
21.32800000000002,0.0031916482919727707
21.33000000000002,0.0031925904180307163
21.33200000000002,0.0031932372135966836
21.334000000000017,0.003194009541065551
21.336000000000016,0.0031951283080215165
21.33800000000002,0.003196243830250106
21.340000000000018,0.003197012124938642
21.342000000000017,0.003197661379042066
21.34400000000002,0.0031986100350441804
21.346000000000018,0.003199793147611235
21.348000000000017,0.0032007536299493433
21.35000000000002,0.003201407518184596
21.352000000000018,0.003202167042443499
21.354000000000017,0.0032032763035857448
21.35600000000002,0.0032044042599709
21.35800000000002,0.003205188609570475
21.36000000000002,0.0032058342837260334
21.36200000000002,0.003206767975112934
21.36400000000002,0.0032079520066702616
21.366000000000017,0.003208930375464103
21.36800000000002,0.003209592173785636
21.37000000000002,0.003210339697199943
21.372000000000018,0.003211438916124687
21.374000000000017,0.003212578315303777
21.37600000000002,0.003213378920845028
21.378000000000018,0.003214022031916952
21.380000000000017,0.0032149409839244136
21.38200000000002,0.0032161249496145683
21.384000000000018,0.00321712068524721
21.386000000000017,0.003217791138593523
21.38800000000002,0.003218527479140837
21.39000000000002,0.003219616204816894
21.39200000000002,0.0032207660637050828
21.39400000000002,0.0032215830502718146
21.39600000000002,0.0032222245759953583
21.398000000000017,0.003223129075494824
21.400000000000016,0.0032243120539020564
21.40200000000002,0.003225324594005985
21.404000000000018,0.0032260043753107037
21.406000000000017,0.0032267303598850494
21.40800000000002,0.003227808223248474
21.410000000000018,0.0032289675732498357
21.412000000000017,0.003229800994589943
21.41400000000002,0.00323044187017385
21.416000000000018,0.003231332258877756
21.418000000000017,0.003232513393722186
21.42000000000002,0.0032335421400101205
21.42200000000002,0.003234231851156927
21.42400000000002,0.0032349483093944975
21.42600000000002,0.0032360150195623605
21.42800000000002,0.0032371829121703444
21.430000000000017,0.003238032755472381
21.43200000000002,0.003238673870797959
21.43400000000002,0.0032395505386351164
21.436000000000018,0.0032407290397895028
21.438000000000017,0.003241773364631495
21.44000000000002,0.0032424735378373537
21.442000000000018,0.0032431812964649753
21.444000000000017,0.003244236636646719
21.44600000000002,0.003245412148435378
21.448000000000018,0.0032462783392164796
21.450000000000014,0.0032469205365969755
21.45200000000002,0.0032477839153031707
21.45400000000002,0.0032489590591898987
21.45600000000002,0.0032500183118988613
21.45800000000002,0.0032507294114746954
21.46000000000002,0.0032514292891769325
21.462000000000018,0.0032524731123556583
21.464000000000016,0.0032536553493707765
21.46600000000002,0.003254537756424397
21.468000000000018,0.0032551818288870105
21.470000000000017,0.0032560323858503715
21.47200000000002,0.0032572035152759193
21.474000000000018,0.0032582770280716877
21.476000000000017,0.003258999452509459
21.47800000000002,0.003259692255306118
21.480000000000018,0.003260724479756838
21.482000000000014,0.003261912581321025
21.48400000000002,0.003262811021677442
21.48600000000002,0.0032634577117302555
21.488000000000017,0.0032642959441213926
21.49000000000002,0.0032654624676067556
21.49200000000002,0.0032665495612337336
21.494000000000018,0.003267283645574076
21.49600000000002,0.003267970162693312
21.49800000000002,0.003268990767400476
21.500000000000018,0.003270183909351271
21.502000000000017,0.003271098153208002
21.50400000000002,0.003271748152053444
21.506000000000018,0.0032725745812650087
21.508000000000017,0.0032737359719306747
21.51000000000002,0.0032748359609094113
21.512000000000018,0.0032755819793430785
21.514000000000014,0.003276262979574923
21.51600000000002,0.003277271999603565
21.51800000000002,0.003278469396989392
21.520000000000017,0.0032793991725729443
21.52200000000002,0.0032800531197286764
21.52400000000002,0.0032808682861425464
21.526000000000018,0.0032820240802035328
21.528000000000016,0.003283136277704074
21.53000000000002,0.0032838944463648156
21.532000000000018,0.0032845706748748926
21.534000000000017,0.003285568196745914
21.53600000000002,0.0032867691060061432
21.538000000000018,0.0032877141043300417
21.540000000000017,0.003288372587620353
21.54200000000002,0.003289177045714492
21.54400000000002,0.0032903268406412056
21.546000000000014,0.003291450562969034
21.54800000000002,0.003292221042876825
21.55000000000002,0.0032928932184597137
21.552000000000017,0.0032938793755715456
21.55400000000002,0.003295083096232554
21.55600000000002,0.003296042975721003
21.558000000000018,0.0032967065316018562
21.56000000000002,0.0032975008454039223
21.56200000000002,0.0032986442978016894
21.564000000000018,0.003299778868492753
21.566000000000017,0.003300561768609489
21.56800000000002,0.003301230581357867
21.570000000000018,0.003302205549493814
21.572000000000017,0.0033034114254121283
21.57400000000002,0.0033043858163631923
21.57600000000002,0.0033050549305441435
21.57800000000002,0.0033058396694355674
21.58000000000002,0.003306976492691821
21.58200000000002,0.003308121246217377
21.584000000000017,0.003308916626580255
21.58600000000002,0.00330958273594556
21.58800000000002,0.003310546728899244
21.590000000000018,0.003311754149086299
21.592000000000017,0.003312742657951423
21.59400000000002,0.003313417766280441
21.596000000000018,0.0033141935011493373
21.598000000000017,0.0033153234628962303
21.60000000000002,0.003316477747982216
21.602000000000018,0.0033172856228808056
21.604000000000017,0.0033179496561013544
21.60600000000002,0.0033189029214473753
21.60800000000002,0.0033201113205101884
21.61000000000002,0.0033211135339717146
21.61200000000002,0.0033217950235497062
21.61400000000002,0.003322562323289119
21.616000000000017,0.003323685242724278
21.61800000000002,0.003324848425292515
21.62000000000002,0.003325668766460982
21.622000000000018,0.0033263313173309272
21.62400000000002,0.003327274132364083
21.62600000000002,0.0033284829905980418
21.628000000000018,0.003329498479428372
21.630000000000017,0.0033301866899211607
21.63200000000002,0.0033309461182653433
21.634000000000018,0.003332061863371455
21.636000000000017,0.0033332333291139216
21.63800000000002,0.003334066068910485
21.64000000000002,0.0033347276968648254
21.64200000000002,0.003335660364726184
21.64400000000002,0.003336869207893556
21.64600000000002,0.003337897530585443
21.648000000000017,0.003338592755703307
21.65000000000002,0.003339344868393268
21.65200000000002,0.0033404533530927705
21.654000000000018,0.0033416325096917165
21.656000000000017,0.0033424775442404964
21.65800000000002,0.003343138773730825
21.660000000000018,0.0033440616197356055
21.662000000000017,0.003345270018565105
21.66400000000002,0.0033463107247226065
21.666000000000018,0.003347013213839567
21.668000000000017,0.0033477585561061673
21.67000000000002,0.0033488597373846074
21.67200000000002,0.0033500460163939094
21.67400000000002,0.0033509032086683765
21.67600000000002,0.0033515645288038076
21.67800000000002,0.0033524778969810654
21.680000000000017,0.0033536854664217575
21.68200000000002,0.003354738099907606
21.68400000000002,0.003355448059792765
21.686000000000018,0.003356187164145319
21.68800000000002,0.003357281039172072
21.69000000000002,0.0033584738975773465
21.692000000000018,0.0033593430804047253
21.694000000000017,0.0033600049448343217
21.69600000000002,0.0033609091946872616
21.698000000000018,0.003362115592948467
21.700000000000014,0.003363179694783558
21.70200000000002,0.003363897291421003
21.70400000000002,0.0033646306757270095
21.70600000000002,0.0033657172790008405
21.70800000000002,0.003366916200475467
21.71000000000002,0.0033677971794459916
21.712000000000018,0.0033684600064591286
21.71400000000002,0.0033693555099493233
21.71600000000002,0.003370560437358422
21.718000000000018,0.0033716355483725813
21.720000000000017,0.003372360908846378
21.72200000000002,0.003373089074688168
21.724000000000018,0.003374168475229755
21.726000000000017,0.0033753729711065716
21.72800000000002,0.003376265527372996
21.730000000000018,0.003376929700194403
21.732000000000014,0.003377816838953135
21.73400000000002,0.003379020036659297
21.73600000000002,0.0033801056998957746
21.738000000000017,0.0033808389143187845
21.74000000000002,0.0033815623456113497
21.74200000000002,0.0033826346442227817
21.744000000000018,0.003383844254201157
21.74600000000002,0.003384748147156752
21.74800000000002,0.003385414014414695
21.750000000000018,0.003386293177180949
21.75200000000002,0.003387494425732468
21.75400000000002,0.003388590188608459
21.756000000000018,0.0033893313120759716
21.758000000000017,0.003390050473931233
21.76000000000002,0.003391115800539607
21.762000000000018,0.0033923300931471
21.764000000000014,0.003393245062971173
21.76600000000002,0.003393912939318816
21.76800000000002,0.003394784519601346
21.770000000000017,0.00339598363742194
21.77200000000002,0.003397089053650909
21.77400000000002,0.0033978381082021003
21.776000000000018,0.00339855344602244
21.77800000000002,0.00339961195712174
21.78000000000002,0.003400830529951576
21.782000000000018,0.0034017563000149076
21.784000000000017,0.003402426466884878
21.78600000000002,0.0034032908608451207
21.788000000000018,0.003404487702632658
21.790000000000017,0.003405602333914126
21.79200000000002,0.003406359310485274
21.79400000000002,0.003407071249271726
21.796000000000014,0.0034081231254743938
21.79800000000002,0.003409345605216857
21.80000000000002,0.0034102818843417815
21.802000000000017,0.003410954590815446
21.80400000000002,0.003411812195365932
21.80600000000002,0.003413006650434647
21.808000000000018,0.003414130067920157
21.81000000000002,0.003414894928275458
21.81200000000002,0.003415603872134798
21.814000000000018,0.003416649315842346
21.81600000000002,0.003417875358130762
21.81800000000002,0.0034188218427003703
21.820000000000018,0.003419497306475061
21.822000000000017,0.0034203485175872683
21.82400000000002,0.003421540508172699
21.82600000000002,0.003422672293715734
21.82800000000002,0.003423444972344203
21.83000000000002,0.00342415130417964
21.83200000000002,0.003425190537379247
21.834000000000017,0.00342641982646838
21.83600000000002,0.0034273762023823706
21.83800000000002,0.0034280546108213517
21.840000000000018,0.0034288998220350086
21.84200000000002,0.003430089301579564
21.84400000000002,0.0034312290487792108
21.846000000000018,0.003432009454746532
21.848000000000017,0.003432713536117099
21.85000000000002,0.0034337467983095726
21.852000000000018,0.0034349790466048358
21.854000000000017,0.0034359449910812134
21.85600000000002,0.0034366265023307585
21.85800000000002,0.003437466103457548
21.86000000000002,0.003438653054891161
21.86200000000002,0.003439800369939905
21.86400000000002,0.00344058838868605
21.866000000000017,0.0034412905598208143
21.86800000000002,0.0034423181060830865
21.87000000000002,0.0034435530535371073
21.872000000000018,0.003444528236759281
21.87400000000002,0.0034452129809204868
21.87600000000002,0.003446047356932852
21.878000000000018,0.0034472317909630956
21.88000000000002,0.0034483862933084863
21.88200000000002,0.003449181788383937
21.884000000000018,0.0034498823683369595
21.886000000000017,0.0034509044675209433
21.88800000000002,0.003452141880914139
21.89000000000002,0.0034531259675245896
21.89200000000002,0.0034538140478676538
21.89400000000002,0.0034546435779642115
21.89600000000002,0.003455825531386625
21.898000000000017,0.0034569868542183857
21.90000000000002,0.0034577896689520216
21.90200000000002,0.003458488955886019
21.904000000000018,0.00345950588895369
21.90600000000002,0.0034607455610732862
21.90800000000002,0.0034617382115168793
21.910000000000018,0.0034624297057263
21.912000000000017,0.003463254762564677
21.91400000000002,0.003464434296603869
21.916000000000018,0.0034656020871763615
21.918000000000017,0.0034664120462710724
21.92000000000002,0.0034671103178562923
21.92200000000002,0.0034681223763510516
21.92400000000002,0.003469364125083141
21.92600000000002,0.0034703649968018946
21.92800000000002,0.003471059958244316
21.930000000000017,0.0034718809073314982
21.93200000000002,0.003473058106020971
21.93400000000002,0.0034742320258228376
21.936000000000018,0.0034750489368737536
21.93800000000002,0.003475746450791767
21.94000000000002,0.0034767539354430277
21.942000000000018,0.003477997602789773
21.94400000000002,0.003479006351274544
21.94600000000002,0.0034797048102792327
21.948000000000018,0.0034805220095108502
21.950000000000014,0.0034816969781184537
21.95200000000002,0.003482876702899318
21.95400000000002,0.0034837003578331582
21.95600000000002,0.003484397352374241
21.95800000000002,0.003485400571833275
21.96000000000002,0.0034866460228670515
21.962000000000018,0.0034876623025700826
21.96400000000002,0.0034883642677159266
21.96600000000002,0.0034891780670544548
21.968000000000018,0.0034903509305583835
21.97000000000002,0.0034915361502235454
21.97200000000002,0.0034923663266571703
21.974000000000018,0.003493063021401399
21.976000000000017,0.003494062291103689
21.97800000000002,0.0034953094128696294
21.980000000000018,0.003496332877982955
21.982000000000014,0.003497038337384628
21.98400000000002,0.0034978490786678473
21.98600000000002,0.0034990199802873434
21.988000000000017,0.003500210398670739
21.99000000000002,0.0035010468611884893
21.99200000000002,0.0035017434577612194
21.994000000000018,0.0035027390989118
21.99600000000002,0.0035039877992868174
21.99800000000002,0.0035050181043931594
22.000000000000018,0.0035057270269819862
22.00200000000002,0.003506535043851816
22.00400000000002,0.003507704143635798
22.006000000000018,0.003508899478160271
22.00800000000002,0.003509741979510317
22.01000000000002,0.0035104386624040806
22.012000000000018,0.0035114310010798677
22.014000000000014,0.003512681207597429
22.01600000000002,0.0035137180081993846
22.01800000000002,0.003514430344993408
22.020000000000017,0.003515235962937596
22.02200000000002,0.0035164034364117414
22.02400000000002,0.003517603417647369
22.026000000000018,0.0035184516998580384
22.02800000000002,0.003519148637312647
22.03000000000002,0.003520138003677481
22.032000000000018,0.003521389662324681
22.03400000000002,0.003522432615258808
22.03600000000002,0.0035231483006196995
22.038000000000018,0.0035239518371164846
22.040000000000017,0.00352511787399018
22.04200000000002,0.003526322245118535
22.04400000000002,0.0035271760405369
22.046000000000014,0.0035278733854717526
22.04800000000002,0.003528860113096416
22.05000000000002,0.003530113187090206
22.052000000000017,0.0035311619508323344
22.05400000000002,0.003531880903706097
22.05600000000002,0.0035326826684645707
22.058000000000018,0.0035338474713965395
22.06000000000002,0.0035350559875900744
22.06200000000002,0.0035359150198455425
22.064000000000018,0.0035366129108360678
22.06600000000002,0.003537597336119108
22.06800000000002,0.003538851804666676
22.070000000000018,0.0035399060395360227
22.07200000000002,0.0035406281646757354
22.07400000000002,0.0035414284599632473
22.07600000000002,0.0035425922433854617
22.07800000000002,0.0035438046711092075
22.08000000000002,0.0035446686560053897
22.08200000000002,0.003545367218300205
22.084000000000017,0.003546349679980937
22.08600000000002,0.0035476055370283477
22.08800000000002,0.003548664905297594
22.090000000000018,0.0035493900944668644
22.09200000000002,0.0035501892155160863
22.09400000000002,0.003551352204513275
22.096000000000018,0.003552568320757732
22.09800000000002,0.0035534369670954247
22.10000000000002,0.0035541363136677995
22.102000000000018,0.003555117152426124
22.104000000000017,0.0035563744053989654
22.10600000000002,0.0035574385713172674
22.10800000000002,0.0035581667044742304
22.11000000000002,0.0035589649399631884
22.11200000000002,0.0035601273692049407
22.11400000000002,0.0035613469606559645
22.116000000000017,0.0035622199709933466
22.11800000000002,0.003562920203622949
22.12000000000002,0.003563899761758582
22.122000000000018,0.003565158430297116
22.12400000000002,0.0035662270600332335
22.12600000000002,0.003566958006495702
22.128000000000018,0.003567755639092257
22.13000000000002,0.003568917751815337
22.13200000000002,0.0035701406139681813
22.134000000000018,0.0035710176853213926
22.13600000000002,0.0035717188957031243
22.13800000000002,0.003572697516886436
22.14000000000002,0.0035739576315775567
22.14200000000002,0.003575030393091011
22.14400000000002,0.003575764012683086
22.14600000000002,0.003576561319648508
22.148000000000017,0.0035777233666844654
22.15000000000002,0.003578949302908141
22.15200000000002,0.0035798301273987088
22.154000000000018,0.003580532398274161
22.15600000000002,0.0035815104273629883
22.15800000000002,0.00358277202846935
22.160000000000018,0.00358384859131633
22.16200000000002,0.003584584735498303
22.16400000000002,0.003585381989342662
22.166000000000018,0.003586544228186467
22.168000000000017,0.0035877730487443027
22.17000000000002,0.0035886573141980793
22.17200000000002,0.0035893607205080003
22.17400000000002,0.0035903385034212754
22.17600000000002,0.0035916016396092543
22.17800000000002,0.003592681674691456
22.180000000000017,0.0035934201876745286
22.18200000000002,0.0035942176568581063
22.18400000000002,0.0035953803507734194
22.186000000000018,0.0035966118718048223
22.18800000000002,0.003597499262308651
22.19000000000002,0.0035982038723632592
22.192000000000018,0.0035991817560053208
22.19400000000002,0.0036004464830709793
22.19600000000002,0.003601529662334124
22.198000000000018,0.003602270382182554
22.20000000000002,0.0036030683318569734
22.20200000000002,0.0036042317490122544
22.20400000000002,0.003605465791480744
22.20600000000002,0.0036063559879034868
22.20800000000002,0.0036070618645689945
22.21000000000002,0.003608040196796336
22.212000000000018,0.0036093065763901366
22.21400000000002,0.003610392572479859
22.21600000000002,0.0036111353322030026
22.218000000000018,0.0036119340249861354
22.22000000000002,0.0036130984376162023
22.22200000000002,0.0036143348262291652
22.224000000000018,0.0036152275067128925
22.22600000000002,0.003615934708611823
22.22800000000002,0.0036169138382355914
22.230000000000018,0.0036181819365832535
22.232000000000014,0.00361927042246607
22.23400000000002,0.0036200150511034035
22.23600000000002,0.003620814747882839
22.238000000000017,0.0036219804314699122
22.24000000000002,0.0036232189935737624
22.24200000000002,0.003624113834001963
22.244000000000018,0.0036248224167265974
22.24600000000002,0.003625802693542207
22.24800000000002,0.003627072580162899
22.250000000000018,0.0036281632287192556
22.25200000000002,0.003628909552421483
22.25400000000002,0.003629710513180562
22.256000000000018,0.0036308777456486863
22.25800000000002,0.00363211831010421
22.26000000000002,0.003633014984554067
22.262000000000018,0.003633725001891297
22.26400000000002,0.0036347067767282526
22.26600000000002,0.0036359785231467046
22.26800000000002,0.0036370710067439027
22.270000000000017,0.0036378188498538966
22.27200000000002,0.003638621334514841
22.27400000000002,0.0036397903954313027
22.276000000000018,0.003641032791473403
22.27800000000002,0.0036419309726591076
22.28000000000002,0.0036426424778253086
22.282000000000018,0.00364362610260921
22.28400000000002,0.0036448997810613337
22.28600000000002,0.0036459937711137147
22.288000000000018,0.0036467429572506482
22.29000000000002,0.0036475472265295183
22.29200000000002,0.0036487183963070657
22.29400000000002,0.003649962452392741
22.296000000000014,0.003650861812106748
22.29800000000002,0.003651574858992257
22.30000000000002,0.003652560686810774
22.302000000000017,0.003653836368940816
22.30400000000002,0.0036549315354652834
22.30600000000002,0.0036556818886157028
22.308000000000018,0.003656488204883457
22.31000000000002,0.003657661763976028
22.31200000000002,0.0036589073066252975
22.314000000000018,0.003659807516185082
22.31600000000002,0.0036605221606065275
22.31800000000002,0.0036615105457726005
22.320000000000018,0.003662788301319414
22.32200000000002,0.0036638843124935094
22.32400000000002,0.003664635658113119
22.32600000000002,0.0036654442862575354
22.32800000000002,0.0036666205143435215
22.33000000000002,0.003667867366977162
22.33200000000002,0.003668768097684516
22.334000000000017,0.0036694843986444237
22.33600000000002,0.0036704756967468888
22.33800000000002,0.0036717555922188283
22.340000000000018,0.003672852113949271
22.34200000000002,0.0036736042800795954
22.34400000000002,0.003674415488361782
22.346000000000018,0.0036755946635075865
22.34800000000002,0.00367684264528631
22.35000000000002,0.003677743568906683
22.352000000000018,0.003678461589858739
22.35400000000002,0.003679456157794081
22.35600000000002,0.0036807382551299894
22.35800000000002,0.003681834950639673
22.36000000000002,0.003682587769043011
22.36200000000002,0.0036834018299431726
22.36400000000002,0.003684584227740789
22.366000000000017,0.003685833152409751
22.36800000000002,0.0036867339416793155
22.37000000000002,0.003687453751798464
22.372000000000018,0.0036884519477737854
22.37400000000002,0.003689736302988772
22.37600000000002,0.003690832832430907
22.378000000000018,0.0036915861397464333
22.38000000000002,0.0036924033307929593
22.38200000000002,0.003693589223464494
22.384000000000018,0.0036948388982087077
22.38600000000002,0.003695739227376066
22.38800000000002,0.0036964609028312945
22.39000000000002,0.0036974630863316482
22.39200000000002,0.003698749748146518
22.39400000000002,0.0036998457682531627
22.39600000000002,0.003700599407179178
22.398000000000017,0.003701420011754386
22.40000000000002,0.0037026096672168884
22.40200000000002,0.003703859891532685
22.404000000000018,0.003704759436942734
22.40600000000002,0.0037054830621710833
22.40800000000002,0.003706489593881368
22.410000000000018,0.0037077786023351766
22.41200000000002,0.0037088737661091498
22.41400000000002,0.0037096275866134454
22.416000000000018,0.0037104518947294607
22.41800000000002,0.003711645575614042
22.42000000000002,0.003712896140201538
22.42200000000002,0.003713794580928881
22.42400000000002,0.003714520249908315
22.42600000000002,0.0037155314915819915
22.42800000000002,0.0037168228766266964
22.430000000000017,0.003717916833085727
22.43200000000002,0.0037186706936473968
22.43400000000002,0.0037194990026852837
22.436000000000018,0.003720696965304332
22.43800000000002,0.0037219476509869898
22.44000000000002,0.0037228446695259376
22.442000000000018,0.0037235724870444686
22.44400000000002,0.003724588801309825
22.44600000000002,0.0037258825813875907
22.448000000000018,0.0037269749753689185
22.45000000000002,0.0037277287442539775
22.45200000000002,0.0037285613596590717
22.45400000000002,0.0037297638529149024
22.45600000000002,0.0037310144295933934
22.45800000000002,0.0037319097126116696
22.46000000000002,0.0037326397955292634
22.462000000000018,0.003733661545624656
22.46400000000002,0.0037349577262283384
22.46600000000002,0.0037360481982635363
22.468000000000018,0.0037368017548363164
22.47000000000002,0.0037376389907617935
22.47200000000002,0.0037388462549917123
22.474000000000018,0.0037400964806383608
22.47600000000002,0.0037409897198007747
22.47800000000002,0.003741722198301406
22.480000000000018,0.0037427497477299787
22.48200000000002,0.00374404831994829
22.48400000000002,0.0037451365062164954
22.48600000000002,0.003745889742288816
22.488000000000017,0.0037467319221792528
22.49000000000002,0.0037479441879319786
22.49200000000002,0.0037491938076336107
22.494000000000018,0.0037500847005030313
22.49600000000002,0.0037508197193310833
22.49800000000002,0.003751853431426727
22.500000000000018,0.003753154370476075
22.50200000000002,0.003754239902845957
22.50400000000002,0.0037549927240647096
22.506000000000018,0.0037558401811708386
22.50800000000002,0.0037570576679091805
22.51000000000002,0.0037583064129670385
22.512000000000018,0.0037591946639878027
22.51400000000002,0.00375993238366501
22.51600000000002,0.0037609726210599825
22.51800000000002,0.0037622758848056825
22.520000000000017,0.0037633583909752744
22.52200000000002,0.00376411071824867
22.52400000000002,0.0037649637960645854
22.526000000000018,0.003766186710790431
22.52800000000002,0.003767434297886063
22.53000000000002,0.003768319619456506
22.532000000000018,0.003769060217473169
22.53400000000002,0.0037701073414578568
22.53600000000002,0.003771412868929902
22.538000000000018,0.0037724919726735417
22.54000000000002,0.0037732437436358846
22.54200000000002,0.0037741027962485407
22.54400000000002,0.0037753313320466886
22.54600000000002,0.003776577462483527
22.54800000000002,0.003777459576121911
22.55000000000002,0.0037782032480962735
22.552000000000017,0.003779257617862769
22.55400000000002,0.003780565327769908
22.55600000000002,0.0037816406493025034
22.558000000000018,0.003782391819815989
22.56000000000002,0.0037832572121568875
22.56200000000002,0.003784491546655222
22.564000000000018,0.0037857359056863993
22.56600000000002,0.0037866145432959852
22.56800000000002,0.003787361504093645
22.570000000000018,0.0037884234758537305
22.57200000000002,0.0037897332651030124
22.57400000000002,0.003790804421570898
22.57600000000002,0.0037915549672624393
22.57800000000002,0.0037924270752504596
22.58000000000002,0.003793667368994752
22.58200000000002,0.003794909625248477
22.584000000000017,0.003795784530485097
22.58600000000002,0.003796535015290592
22.58800000000002,0.0037976049412595803
22.590000000000018,0.003798916683488196
22.59200000000002,0.0037999832895966035
22.59400000000002,0.0038007332074267985
22.596000000000018,0.003801612417990874
22.59800000000002,0.003802858812733484
22.60000000000002,0.0038040986177481917
22.602000000000018,0.003804969547493514
22.60400000000002,0.003805723812824874
22.60600000000002,0.0038068020400626457
22.60800000000002,0.0038081155841915015
22.61000000000002,0.0038091772529779133
22.61200000000002,0.0038099265628370738
22.61400000000002,0.0038108132738067235
22.616000000000017,0.003812065890709898
22.61800000000002,0.0038133028785919953
22.62000000000002,0.003814169604535317
22.622000000000018,0.0038149279291909144
22.62400000000002,0.0038160147982916615
22.62600000000002,0.0038173299671107608
22.628000000000018,0.003818386310873223
22.63000000000002,0.003819135057200107
22.63200000000002,0.0038200296770514452
22.634000000000018,0.003821288614806878
22.63600000000002,0.003822522402024353
22.63800000000002,0.0038233847123544384
22.64000000000002,0.0038241473982804364
22.64200000000002,0.0038252432419044746
22.64400000000002,0.0038265598307017645
22.64600000000002,0.0038276104620913187
22.648000000000025,0.0038283587155076293
22.65000000000002,0.003829261662951361
22.65200000000002,0.003830526995819844
22.654000000000018,0.0038317571811461726
22.65600000000002,0.0038326148823533135
22.65800000000002,0.0038333822554198205
22.660000000000018,0.003834487396659425
22.66200000000002,0.003835805171906459
22.66400000000002,0.00383684970519213
22.666000000000018,0.003837597564144146
22.66800000000002,0.0038385092675430055
22.67000000000002,0.0038397810433185853
22.67200000000002,0.003841007207941921
22.67400000000002,0.0038418601267292962
22.67600000000002,0.003842632537400803
22.67800000000002,0.0038437472879745416
22.680000000000017,0.0038450659860842784
22.68200000000002,0.0038461040385986967
22.68400000000002,0.0038468516309973777
22.686000000000018,0.0038477725275984365
22.68800000000002,0.003849050765504597
22.69000000000002,0.0038502724733173177
22.692000000000018,0.0038511204586199332
22.69400000000002,0.0038518982825055392
22.69600000000002,0.0038530229407755523
22.698000000000018,0.003854342266948252
22.70000000000002,0.003855373460720679
22.70200000000002,0.0038561209455692247
22.70400000000002,0.003857051480537499
22.70600000000002,0.0038583361690636697
22.70800000000002,0.003859552967148294
22.71000000000002,0.003860395892255314
22.712000000000025,0.0038611795305227015
22.71400000000002,0.003862314379331211
22.71600000000002,0.0038636340065077157
22.718000000000018,0.0038646579700909733
22.72000000000002,0.003865405539086708
22.72200000000002,0.0038663461643257957
22.724000000000018,0.003867637259015677
22.72600000000002,0.0038688486783426956
22.72800000000002,0.003869686443119136
22.730000000000018,0.0038704763227540295
22.73200000000002,0.003871621627076549
22.73400000000002,0.003872941195018048
22.73600000000002,0.0038739575655139524
22.738000000000017,0.0038747054446112983
22.74000000000002,0.003875656617356671
22.74200000000002,0.0038769540385615586
22.744000000000018,0.0038781595949161918
22.74600000000002,0.0038789921281157103
22.74800000000002,0.003879788702009751
22.750000000000018,0.0038809447064236113
22.75200000000002,0.0038822638209400073
22.75400000000002,0.0038832722462284752
22.756000000000018,0.003884020697145635
22.75800000000002,0.0038849828783175666
22.76000000000002,0.0038862865089303866
22.762000000000018,0.0038874857040833433
22.76400000000002,0.003888312965744045
22.76600000000002,0.003889116712590762
22.76800000000002,0.003890283638560532
22.770000000000017,0.0038916018709106714
22.77200000000002,0.003892602012083246
22.77400000000002,0.003893351333736389
22.77600000000002,0.0038943249860373397
22.77800000000002,0.0038956346692265997
22.78000000000002,0.0038968269923650156
22.782000000000018,0.003897648976277729
22.78400000000002,0.0038984604002556544
22.78600000000002,0.003899638443238207
22.788000000000018,0.0039009553297268684
22.79000000000002,0.0039019468637267185
22.79200000000002,0.003902697393570659
22.79400000000002,0.0039036829793152317
22.79600000000002,0.003904998516279734
22.79800000000002,0.00390618344571389
22.80000000000002,0.003907000181949449
22.802000000000017,0.003907819812171448
22.80400000000002,0.0039090091385467485
22.80600000000002,0.0039103241803438715
22.808000000000018,0.00391130680281046
22.81000000000002,0.003912058918064953
22.81200000000002,0.003913056896730133
22.814000000000018,0.003914378044499123
22.81600000000002,0.0039155550496584035
22.81800000000002,0.00391636660713926
22.820000000000018,0.003917194996844675
22.82200000000002,0.003918395740680869
22.82400000000002,0.003919708403891525
22.82600000000002,0.003920681832206424
22.82800000000002,0.003921435950944269
22.83000000000002,0.003922446776428917
22.83200000000002,0.003923773245734424
22.834000000000017,0.003924941789467479
22.83600000000002,0.003925748278565039
22.83800000000002,0.003926586004032395
22.84000000000002,0.003927798263696519
22.84200000000002,0.003929107979709107
22.84400000000002,0.003930071956238068
22.846000000000018,0.003930828538309478
22.84800000000002,0.003931852655892992
22.85000000000002,0.003933184109146365
22.852000000000018,0.003934343650335043
22.85400000000002,0.003935145225474002
22.85600000000002,0.003935992884629619
22.85800000000002,0.00393721671925959
22.86000000000002,0.003938522885401974
22.86200000000002,0.003939477180923856
22.86400000000002,0.0039402367286897055
22.866000000000017,0.003941274571683334
22.86800000000002,0.003942610621088194
22.87000000000002,0.0039437606175876105
22.872000000000018,0.003944557479833244
22.87400000000002,0.003945415690531556
22.87600000000002,0.003946651116388977
22.878000000000018,0.003947953096921641
22.88000000000002,0.00394889751423419
22.88200000000002,0.0039496605730784395
22.884000000000018,0.0039507125591629055
22.88600000000002,0.003952052765002406
22.88800000000002,0.003953192676913658
22.89000000000002,0.003953985076517091
22.89200000000002,0.003954854474468972
22.89400000000002,0.003956101461195266
22.89600000000002,0.003957398588671446
22.898000000000025,0.003958332966358918
22.90000000000002,0.00395910012494935
22.90200000000002,0.003960166652197367
22.90400000000002,0.003961510521334699
22.90600000000002,0.003962639814616642
22.90800000000002,0.003963428053489371
22.910000000000018,0.00396430928981395
22.91200000000002,0.003965567756617966
22.91400000000002,0.00396685933364066
22.916000000000018,0.003967783549985782
22.91800000000002,0.0039685554402494605
22.92000000000002,0.0039696368828331385
22.92200000000002,0.0039709838674688025
22.92400000000002,0.003972102017890944
22.92600000000002,0.003972886451977714
22.92800000000002,0.003973780190353937
22.930000000000025,0.003975050002164915
22.93200000000002,0.003976335303567918
22.93400000000002,0.0039772492805877635
22.936000000000018,0.0039780265773670664
22.93800000000002,0.003979123280954594
22.94000000000002,0.0039804727776864834
22.942000000000018,0.003981579275122021
22.94400000000002,0.003982360316637346
22.94600000000002,0.00398326723003356
22.948000000000018,0.003984548193655485
22.95000000000002,0.003985826469137144
22.95200000000002,0.003986730176717607
22.95400000000002,0.0039875135970692255
22.95600000000002,0.003988625873921514
22.95800000000002,0.0039899772231542785
22.96000000000002,0.003991071576209204
22.962000000000025,0.0039918496957006555
22.96400000000002,0.003992770462660222
22.96600000000002,0.0039940623229725025
22.96800000000002,0.003995332800206475
22.97000000000002,0.00399622626030724
22.97200000000002,0.0039970165624080845
22.974000000000018,0.003998144686187227
22.97600000000002,0.003999497171942673
22.97800000000002,0.004000578912912417
22.980000000000018,0.004001354641109622
22.98200000000002,0.004002289941574588
22.98400000000002,0.004003592377827214
22.98600000000002,0.004004854266073277
22.988000000000017,0.004005737556970063
22.99000000000002,0.004006535538590428
22.99200000000002,0.004007679738901537
22.994000000000025,0.004009032589080197
22.99600000000002,0.004010101279219858
22.99800000000002,0.00401087520862714
23.000000000000018,0.004011825719282519
23.00200000000002,0.004013138341540878
23.00400000000002,0.004014390835775261
23.006000000000018,0.004015264096302873
23.00800000000002,0.004016070592807813
23.01000000000002,0.004017231049499359
23.012000000000018,0.004018583436647016
23.01400000000002,0.00401963867173738
23.01600000000002,0.0040204114579227845
23.01800000000002,0.004021377847049312
23.020000000000017,0.004022700192848311
23.02200000000002,0.004023942478429465
23.02400000000002,0.0040248059121842095
23.02600000000002,0.004025621794023548
23.02800000000002,0.004026798631279499
23.03000000000002,0.004028149673910519
23.03200000000002,0.004029191090097001
23.03400000000002,0.004029963452629348
23.03600000000002,0.004030946374455779
23.038000000000018,0.004032277905729409
23.04000000000002,0.004033509163609755
23.04200000000002,0.004034363043066452
23.04400000000002,0.004035189212712703
23.04600000000002,0.004036382492977886
23.04800000000002,0.004037731257508476
23.05000000000002,0.0040387585373822255
23.052000000000017,0.004039531260364576
23.05400000000002,0.004040531348915272
23.05600000000002,0.004041871449273482
23.05800000000002,0.0040430908617629935
23.06000000000002,0.004043935532255211
23.06200000000002,0.004044772920552747
23.064000000000018,0.004045982638338913
23.06600000000002,0.00404732814168085
23.06800000000002,0.0040483410205686965
23.070000000000018,0.004049114952713595
23.07200000000002,0.004050132815153845
23.07400000000002,0.00405148078758269
23.07600000000002,0.00405268754466373
23.07800000000002,0.004053523428174111
23.08000000000002,0.0040543729900601455
23.08200000000002,0.0040555990656918894
23.084000000000017,0.004056940278555354
23.08600000000002,0.0040579385509761645
23.08800000000002,0.004058714605167074
23.09000000000002,0.004059750814655122
23.09200000000002,0.0040611058797210275
23.09400000000002,0.004062299185906865
23.09600000000002,0.0040631267846082675
23.09800000000002,0.004063989494170861
23.10000000000002,0.004065231767538258
23.102000000000018,0.004066567618488198
23.10400000000002,0.004067551144728426
23.10600000000002,0.004068330297008982
23.10800000000002,0.004069385385071483
23.11000000000002,0.004070746679714937
23.11200000000002,0.004071925761437473
23.11400000000002,0.004072745660921362
23.116000000000017,0.004073622505762348
23.11800000000002,0.004074880730156744
23.12000000000002,0.0040762101104638016
23.12200000000002,0.00407717882321737
23.12400000000002,0.004077962111148414
23.12600000000002,0.004079036559606897
23.128000000000018,0.004080403136611982
23.13000000000002,0.004081567250114687
23.13200000000002,0.0040823801222404366
23.134000000000018,0.004083272097114288
23.13600000000002,0.004084545933234318
23.13800000000002,0.004085867702553814
23.14000000000002,0.0040868216135658275
23.14200000000002,0.004087610133890612
23.14400000000002,0.004088704366373458
23.14600000000002,0.004090075194604581
23.148000000000025,0.004091223634309138
23.15000000000002,0.0040920302396014185
23.15200000000002,0.004092938339307933
23.15400000000002,0.004094227349532464
23.15600000000002,0.004095540342438031
23.15800000000002,0.004096479549084625
23.16000000000002,0.004097274454640615
23.16200000000002,0.00409838882772981
23.16400000000002,0.004099762793223938
23.166000000000018,0.004100894900528729
23.16800000000002,0.004101696090049289
23.17000000000002,0.004102621301561721
23.17200000000002,0.004103924944596382
23.17400000000002,0.004105227977986903
23.17600000000002,0.004106152669716895
23.17800000000002,0.004106955165533582
23.180000000000025,0.0041080899596072085
23.18200000000002,0.0041094658676114615
23.18400000000002,0.004110581040070033
23.18600000000002,0.004111377756684548
23.18800000000002,0.0041123210505055185
23.19000000000002,0.004113638676519399
23.192000000000018,0.00411493055790621
23.19400000000002,0.004115841022463457
23.19600000000002,0.004116652360987821
23.198000000000018,0.004117807770831788
23.20000000000002,0.004119184348871596
23.20200000000002,0.0041202820496909764
23.20400000000002,0.004121075328648693
23.20600000000002,0.004122037649393451
23.20800000000002,0.004123368495770413
23.21000000000002,0.004124648032441919
23.212000000000025,0.004125544661781416
23.21400000000002,0.004126366137173376
23.21600000000002,0.004127542262452294
23.21800000000002,0.004128918164512607
23.22000000000002,0.004129997932297569
23.22200000000002,0.0041307889010401
23.22400000000002,0.0041317711572593785
23.22600000000002,0.004133114345097583
23.22800000000002,0.004134380354144318
23.230000000000018,0.004135263649948762
23.23200000000002,0.004136096591393662
23.23400000000002,0.004137293427085381
23.23600000000002,0.004138667238978211
23.238000000000017,0.004139728697640094
23.24000000000002,0.004140518574752561
23.24200000000002,0.00414152162801823
23.244000000000025,0.004142876159516973
23.24600000000002,0.004144127478687087
23.24800000000002,0.004144998057384358
23.25000000000002,0.004145843821374173
23.25200000000002,0.00414706124829009
23.25400000000002,0.004148431494273491
23.256000000000018,0.004149474363009914
23.25800000000002,0.0041502644562268765
23.26000000000002,0.004151289109520895
23.262000000000018,0.0041526538663988755
23.26400000000002,0.004153889365738683
23.26600000000002,0.004154747962916733
23.26800000000002,0.004155607924456711
23.270000000000017,0.0041568456999851455
23.27200000000002,0.004158210850688043
23.27400000000002,0.0041592349539300855
23.27600000000002,0.004160026657107019
23.27800000000002,0.00416107364256893
23.28000000000002,0.004162447385660906
23.28200000000002,0.004163665979879244
23.28400000000002,0.004164513453987523
23.28600000000002,0.00416538899669705
23.28800000000002,0.004166646745924818
23.29000000000002,0.00416800522761579
23.29200000000002,0.004169010504829734
23.29400000000002,0.004169805293792517
23.29600000000002,0.004170875259900203
23.29800000000002,0.00417225663007903
23.30000000000002,0.004173457291557159
23.302000000000017,0.00417429462678276
23.30400000000002,0.004175187131864794
23.30600000000002,0.004176464339248898
23.30800000000002,0.004177814544472386
23.31000000000002,0.0041788010596917335
23.31200000000002,0.004179600486878043
23.31400000000002,0.004180693985157163
23.31600000000002,0.004182081505725188
23.31800000000002,0.004183263278078719
23.320000000000018,0.00418409158627725
23.32200000000002,0.0041850024203473335
23.32400000000002,0.004186298422124202
23.32600000000002,0.004187638721706577
23.32800000000002,0.0041886066726639914
23.33000000000002,0.004189412360472183
23.33200000000002,0.004190529831852974
23.334000000000017,0.004191921912540031
23.33600000000002,0.004193083924619173
23.33800000000002,0.004193904446182728
23.34000000000002,0.004194834947960996
23.34200000000002,0.004196148925494775
23.34400000000002,0.004197477681904038
23.34600000000002,0.004198427408620808
23.34800000000002,0.00419924104138758
23.35000000000002,0.004200382802351271
23.35200000000002,0.004201777745047097
23.35400000000002,0.004202919225247792
23.35600000000002,0.004203733328784848
23.35800000000002,0.004204684794674979
23.36000000000002,0.004206015768958904
23.36200000000002,0.00420733135097523
23.36400000000002,0.004208263343662172
23.366000000000017,0.004209086658196914
23.36800000000002,0.004210252886879873
23.37000000000002,0.004211648893214209
23.37200000000002,0.004212769183953524
23.37400000000002,0.0042135783646584934
23.37600000000002,0.004214552033256769
23.37800000000002,0.004215898860792072
23.38000000000002,0.004217199659422771
23.38200000000002,0.004218114565537251
23.384000000000018,0.004218949340148326
23.38600000000002,0.004220140062599187
23.38800000000002,0.004221535243465024
23.39000000000002,0.004222633815658433
23.39200000000002,0.0042234396922468664
23.39400000000002,0.00422443672784914
23.39600000000002,0.004225798098130673
23.398000000000025,0.004227082543676958
23.40000000000002,0.004227981173976325
23.40200000000002,0.004228829215937563
23.40400000000002,0.004230044292749813
23.40600000000002,0.004231436679840661
23.40800000000002,0.0042325131472063515
23.41000000000002,0.004233317457292607
23.41200000000002,0.004234338932494475
23.41400000000002,0.004235713367336386
23.41600000000002,0.004236979947489838
23.41800000000002,0.004237863280916659
23.42000000000002,0.004238726412334748
23.42200000000002,0.004239965525904249
23.42400000000002,0.004241353085311456
23.42600000000002,0.004242407218309235
23.42800000000002,0.004243211812107239
23.430000000000025,0.004244258689624109
23.43200000000002,0.004245644544553534
23.43400000000002,0.004246891823373261
23.43600000000002,0.00424776101060495
23.43800000000002,0.0042486410526675344
23.44000000000002,0.004249903695350554
23.44200000000002,0.00425128434323277
23.44400000000002,0.004252316082435814
23.44600000000002,0.004253122914668117
23.448000000000018,0.004254196028534524
23.45000000000002,0.0042555914964740316
23.45200000000002,0.004256818134067558
23.45400000000002,0.004257674499559799
23.45600000000002,0.004258573255164239
23.45800000000002,0.0042598587186356285
23.46000000000002,0.004261230338938715
23.462000000000025,0.004262239807624302
23.46400000000002,0.004263050927530987
23.46600000000002,0.004264150963875363
23.46800000000002,0.0042655540813199555
23.47000000000002,0.0042667588540222234
23.47200000000002,0.004267603896376038
23.47400000000002,0.004268523131165047
23.47600000000002,0.004269830497298177
23.47800000000002,0.0042711909614627785
23.48000000000002,0.004272178477200073
23.48200000000002,0.004272996016548708
23.48400000000002,0.004274123494181159
23.48600000000002,0.0042755321500512755
23.488000000000017,0.004276713970871038
23.49000000000002,0.004277549361353605
23.49200000000002,0.004278490783212935
23.494000000000025,0.004279818916818445
23.49600000000002,0.004281166105372575
23.49800000000002,0.00428213219037793
23.50000000000002,0.004282958349388716
23.50200000000002,0.004284113600477396
23.50400000000002,0.004285525547802649
23.50600000000002,0.0042866834868806325
23.50800000000002,0.004287511065931809
23.51000000000002,0.004288476303041577
23.512000000000018,0.004289823846814311
23.51400000000002,0.0042911556727009414
23.51600000000002,0.004292101062728454
23.51800000000002,0.004292938093843374
23.520000000000017,0.004294121245000587
23.52200000000002,0.004295534115548588
23.52400000000002,0.004296667420350869
23.52600000000002,0.0042974891919118074
23.52800000000002,0.0042984797694812504
23.53000000000002,0.0042998451415086625
23.53200000000002,0.004301159574955443
23.53400000000002,0.004302085226484731
23.53600000000002,0.004302935415932352
23.53800000000002,0.004304146370070316
23.54000000000002,0.004305557691993089
23.54200000000002,0.004306665806942445
23.544000000000022,0.004307483930448525
23.54600000000002,0.004308501246310742
23.54800000000002,0.00430988264049148
23.55000000000002,0.004311177735182248
23.552000000000017,0.004312084830667862
23.55400000000002,0.004312950477797339
23.55600000000002,0.004314188897158122
23.55800000000002,0.004315596115672948
23.56000000000002,0.00431667870090735
23.56200000000002,0.004317495480797795
23.56400000000002,0.004318540780088614
23.56600000000002,0.004319936169796895
23.56800000000002,0.00432121009006009
23.57000000000002,0.004322100041006388
23.57200000000002,0.004322983435397221
23.57400000000002,0.00432424872619569
23.57600000000002,0.00432564922726128
23.57800000000002,0.0043267061761952386
23.58000000000002,0.0043275240488005184
23.58200000000002,0.004328598398003564
23.584000000000017,0.004330005543309229
23.58600000000002,0.004331256591995208
23.58800000000002,0.004332131039625792
23.59000000000002,0.004333034436015071
23.59200000000002,0.00433432573516912
23.59400000000002,0.004335716872050838
23.59600000000002,0.004336748327408713
23.59800000000002,0.004337569845093453
23.60000000000002,0.004338674105789919
23.60200000000002,0.004340090564507737
23.60400000000002,0.004341317211188078
23.60600000000002,0.004342178024483001
23.608000000000022,0.00434310361559595
23.61000000000002,0.004344419780041742
23.61200000000002,0.004345798902592651
23.61400000000002,0.004346805270576293
23.616000000000017,0.004347633083035846
23.61800000000002,0.004348767885760024
23.62000000000002,0.0043501910285524414
23.62200000000002,0.004351391937638782
23.62400000000002,0.004352241208521401
23.62600000000002,0.004353191095942233
23.62800000000002,0.004354530695050096
23.63000000000002,0.004355895181460068
23.63200000000002,0.004356877143716464
23.63400000000002,0.004357713976346239
23.63600000000002,0.004358879695011086
23.63800000000002,0.004360306724706775
23.64000000000002,0.00436148078305601
23.64200000000002,0.0043623208185227524
23.64400000000002,0.004363296981799436
23.64600000000002,0.00436465829341004
23.648000000000025,0.004366005584103716
23.65000000000002,0.004366964107158977
23.65200000000002,0.00436781273644854
23.65400000000002,0.004369009463868534
23.65600000000002,0.004370437439084163
23.65800000000002,0.00437158378263533
23.66000000000002,0.004372417093631925
23.66200000000002,0.0043734213578771886
23.66400000000002,0.004374802368467129
23.66600000000002,0.00437613000175921
23.66800000000002,0.00437706634359325
23.67000000000002,0.004377929569532424
23.672000000000022,0.004379157094632269
23.67400000000002,0.0043805829576980815
23.67600000000002,0.004381700996667404
23.67800000000002,0.004382530283534025
23.680000000000025,0.0043835642858569
23.68200000000002,0.004384962695317823
23.68400000000002,0.004386268344364563
23.68600000000002,0.0043871840578113
23.68800000000002,0.004388064673341685
23.69000000000002,0.004389322460692291
23.69200000000002,0.004390743069785985
23.69400000000002,0.004391832511939114
23.69600000000002,0.004392660646265201
23.69800000000002,0.004393725801448423
23.70000000000002,0.004395139032918688
23.70200000000002,0.004396420543441915
23.70400000000002,0.004397317476112689
23.70600000000002,0.004398218233711282
23.70800000000002,0.004399505406082915
23.71000000000002,0.004400917571370538
23.712000000000025,0.00440197844288695
23.71400000000002,0.004402808445641643
23.71600000000002,0.004403905911567696
23.71800000000002,0.004405331126691836
23.72000000000002,0.004406586554895314
23.72200000000002,0.004407466845340019
23.72400000000002,0.004408390420885533
23.72600000000002,0.004409705745539394
23.72800000000002,0.004411106269012588
23.73000000000002,0.004412138932462895
23.73200000000002,0.0044129739482973995
23.73400000000002,0.0044141045917157895
23.736000000000022,0.0044155387116211475
23.738000000000017,0.004416766361673152
23.74000000000002,0.004417632431511748
23.74200000000002,0.004418581385660564
23.744000000000025,0.004419923265119252
23.74600000000002,0.004421308983702077
23.74800000000002,0.004422314152671886
23.75000000000002,0.004423157420327034
23.75200000000002,0.004424321783647128
23.75400000000002,0.0044257615158243
23.75600000000002,0.004426959976244538
23.75800000000002,0.004427814518023654
23.76000000000002,0.004428791255407932
23.76200000000002,0.004430157723440631
23.76400000000002,0.004431525554830229
23.76600000000002,0.00443250430473921
23.76800000000002,0.004433359123538316
23.770000000000017,0.004434557393422911
23.77200000000002,0.00443599926456878
23.77400000000002,0.004437167442835371
23.77600000000002,0.004438013403390451
23.77800000000002,0.004439020130047905
23.78000000000002,0.004440408853580241
23.78200000000002,0.004441755844175638
23.78400000000002,0.004442709618866586
23.78600000000002,0.004443579311329077
23.78800000000002,0.004444811289946754
23.79000000000002,0.004446251684689345
23.79200000000002,0.004447388839370903
23.794000000000022,0.004448229398501674
23.79600000000002,0.004449268078057705
23.79800000000002,0.004450676365661044
23.800000000000022,0.004451999739837675
23.802000000000017,0.0044529303535354725
23.80400000000002,0.004453818224215367
23.80600000000002,0.004455083304083285
23.80800000000002,0.00445651850935036
23.81000000000002,0.00445762427907051
23.81200000000002,0.004458462823374282
23.81400000000002,0.004459535132612796
23.81600000000002,0.004460959950142285
23.81800000000002,0.004462257160043448
23.82000000000002,0.004463166794316659
23.82200000000002,0.004464076085051227
23.82400000000002,0.004465373228456165
23.826000000000022,0.004466799483082817
23.82800000000002,0.004467873911641357
23.83000000000002,0.004468714003385638
23.83200000000002,0.004469821287972298
23.834000000000017,0.004471259281808082
23.83600000000002,0.004472528056755076
23.83800000000002,0.004473419252146588
23.84000000000002,0.004474353093997602
23.84200000000002,0.004475680818015887
23.84400000000002,0.004477094367016876
23.84600000000002,0.004478137924017023
23.84800000000002,0.004478983264984193
23.85000000000002,0.004480126496234055
23.85200000000002,0.004481574024428947
23.85400000000002,0.004482812419001364
23.85600000000002,0.0044836880610323315
23.858000000000022,0.004484649423315112
23.86000000000002,0.004486005791456693
23.86200000000002,0.004487402944219232
23.864000000000022,0.004488416540588097
23.866000000000017,0.004489270930882777
23.86800000000002,0.004490450664592249
23.87000000000002,0.004491903836052413
23.87200000000002,0.0044931102758596075
23.87400000000002,0.004493973575150995
23.87600000000002,0.004494965212075125
23.87800000000002,0.004496347833545994
23.88000000000002,0.004497725025037841
23.88200000000002,0.00449871002287261
23.88400000000002,0.0044995773147539775
23.88600000000002,0.004500793653237967
23.88800000000002,0.004502248374854606
23.890000000000022,0.0045034216990124665
23.89200000000002,0.004504276165312432
23.89400000000002,0.004505300560904674
23.89600000000002,0.004506706598409516
23.898000000000025,0.004508060452350415
23.90000000000002,0.004509018668575032
23.90200000000002,0.004509902715464559
23.90400000000002,0.004511155274044942
23.90600000000002,0.004512607305467015
23.90800000000002,0.004513746804808733
23.91000000000002,0.0045145962147625784
23.91200000000002,0.004515655526900558
23.91400000000002,0.004517081713790921
23.91600000000002,0.004518409106611193
23.91800000000002,0.004519342809984062
23.92000000000002,0.004520247410903289
23.922000000000022,0.004521535290178402
23.92400000000002,0.004522980305671664
23.92600000000002,0.004524085755754914
23.928000000000022,0.004524934114310958
23.930000000000025,0.004526030118868374
23.93200000000002,0.004527472786275855
23.93400000000002,0.004528770910587232
23.93600000000002,0.00452968281166119
23.93800000000002,0.004530611651482358
23.94000000000002,0.004531933416755979
23.94200000000002,0.004533367073343397
23.94400000000002,0.0045344387613719395
23.94600000000002,0.004535290256780677
23.94800000000002,0.004536424293060198
23.95000000000002,0.004537879407440076
23.95200000000002,0.004539145833678843
23.954000000000022,0.004540039067375351
23.95600000000002,0.004540995653414037
23.95800000000002,0.004542349322670364
23.96000000000002,0.004543767333502258
23.962000000000025,0.004544806078348562
23.96400000000002,0.004545665030790597
23.96600000000002,0.004546837949596899
23.96800000000002,0.004548301160850171
23.97000000000002,0.0045495338957183
23.97200000000002,0.004550411996244508
23.97400000000002,0.004551399591895849
23.97600000000002,0.004552782633661379
23.97800000000002,0.004554180845331601
23.98000000000002,0.004555188009929156
23.98200000000002,0.004556058813901781
23.98400000000002,0.004557270929772067
23.986000000000022,0.004558737629811294
23.988000000000017,0.004559935170148827
23.99000000000002,0.004560802038048567
23.992000000000022,0.0045618235943636065
23.994000000000025,0.0045632329366926405
23.99600000000002,0.004564607409008464
23.99800000000002,0.004565584904474701
24.00000000000002,0.004566471965180979
24.00200000000002,0.004567723014434033
24.00400000000002,0.00456918840572762
24.00600000000002,0.004570349786486294
24.00800000000002,0.0045712096476902275
24.01000000000002,0.004572267734002378
24.01200000000002,0.004573699785647922
24.01400000000002,0.004575046872194594
24.01600000000002,0.004575997153138778
24.018000000000022,0.004576904817262389
24.020000000000017,0.004578193923636065
24.02200000000002,0.004579653096913772
24.02400000000002,0.00458077793197581
24.02600000000002,0.004581635288790992
24.02800000000002,0.004582732023732494
24.03000000000002,0.004584182708323725
24.03200000000002,0.004585499136034232
24.03400000000002,0.004586425186604404
24.03600000000002,0.004587357668021486
24.03800000000002,0.004588683317727771
24.04000000000002,0.004590131337671666
24.04200000000002,0.0045912198523568315
24.044000000000022,0.004592079426426365
24.04600000000002,0.0045932164109112605
24.04800000000002,0.004594681214642959
24.050000000000022,0.004595964160512361
24.052000000000017,0.004596869470832737
24.05400000000002,0.004597830772008732
24.056000000000022,0.004599190800033154
24.05800000000002,0.004600622797431092
24.06000000000002,0.0046016758516597145
24.06200000000002,0.004602542519025976
24.06400000000002,0.004603720773009801
24.06600000000002,0.004605194805970242
24.06800000000002,0.004606441969033648
24.07000000000002,0.004607330501780277
24.07200000000002,0.004608324331831393
24.07400000000002,0.00460971592122017
24.076000000000022,0.004611127189741188
24.07800000000002,0.0046121462909586575
24.08000000000002,0.004613025009490457
24.082000000000022,0.004614244914532439
24.084000000000017,0.004615722985360476
24.08600000000002,0.004616932652091954
24.08800000000002,0.0046178087990531025
24.09000000000002,0.004618838489711619
24.09200000000002,0.004620258185418918
24.09400000000002,0.004621644280895371
24.09600000000002,0.004622631586013531
24.09800000000002,0.004623527315611248
24.10000000000002,0.0046247885654455145
24.10200000000002,0.004626265268531549
24.10400000000002,0.0046274363699109755
24.10600000000002,0.004628304898476543
24.108000000000022,0.004629373319487151
24.11000000000002,0.004630817058085379
24.11200000000002,0.004632173897975267
24.114000000000022,0.004633132203736873
24.116000000000017,0.00463404981991708
24.11800000000002,0.004635351381364422
24.120000000000022,0.0046368211953135285
24.12200000000002,0.004637953353947066
24.12400000000002,0.004638819343580458
24.12600000000002,0.004639928819361094
24.12800000000002,0.0046413919755434185
24.13000000000002,0.004642715936105962
24.13200000000002,0.004643648657429972
24.13400000000002,0.004644592859117697
24.13600000000002,0.004645932945719078
24.13800000000002,0.004647390341298879
24.140000000000022,0.004648483907156359
24.14200000000002,0.0046493526760216786
24.14400000000002,0.004650504905730907
24.146000000000022,0.004651982356067397
24.148000000000025,0.004653270364729178
24.15000000000002,0.004654181500737958
24.15200000000002,0.004655156713364639
24.15400000000002,0.004656532774069161
24.15600000000002,0.00465797232940085
24.15800000000002,0.004659028402938303
24.16000000000002,0.004659905424998417
24.16200000000002,0.004661101408453022
24.16400000000002,0.0046625876123012056
24.16600000000002,0.004663837232716489
24.16800000000002,0.004664731320286192
24.17000000000002,0.004665741595602624
24.172000000000022,0.004667150320676577
24.17400000000002,0.004668566841017546
24.17600000000002,0.004669587282676385
24.178000000000022,0.004670478095749109
24.180000000000025,0.004671718067898012
24.18200000000002,0.00467320716474201
24.184000000000022,0.00467441667216309
24.18600000000002,0.004675298726973698
24.18800000000002,0.004676347641340006
24.19000000000002,0.004677784987365291
24.19200000000002,0.004679173626502914
24.19400000000002,0.004680161051805243
24.19600000000002,0.0046810711572780606
24.19800000000002,0.004682354534142674
24.20000000000002,0.004683840455964511
24.20200000000002,0.004685008900722654
24.204000000000022,0.004685884345919961
24.20600000000002,0.004686974899218294
24.20800000000002,0.00468843613460862
24.210000000000022,0.004689792514658009
24.212000000000025,0.004690750274343236
24.21400000000002,0.004691685029504955
24.21600000000002,0.00469301036860667
24.21800000000002,0.0046944869652153776
24.22000000000002,0.004695614222361366
24.22200000000002,0.004696488805089549
24.22400000000002,0.004697623322803768
24.22600000000002,0.004699103094687074
24.22800000000002,0.004700423420975597
24.23000000000002,0.0047013555658370065
24.23200000000002,0.004702320070100796
24.23400000000002,0.004703685048387529
24.236000000000022,0.004705146222978712
24.238000000000017,0.004706233026427642
24.24000000000002,0.00470711272265556
24.242000000000022,0.004708292764057542
24.244000000000025,0.004709785186663762
24.24600000000002,0.004711066354398996
24.248000000000022,0.00471197758467895
24.25000000000002,0.004712976561341536
24.25200000000002,0.004714377973461609
24.25400000000002,0.004715817825100804
24.25600000000002,0.004716865784948315
24.25800000000002,0.004717756693209535
24.26000000000002,0.00471898296895254
24.26200000000002,0.00472048173282924
24.26400000000002,0.004721721422384695
24.26600000000002,0.0047226170217740115
24.268000000000022,0.004723654697384866
24.270000000000017,0.004725088476819822
24.27200000000002,0.004726501446066067
24.274000000000022,0.004727513048076781
24.27600000000002,0.0047284212729858666
24.27800000000002,0.004729693575694027
24.28000000000002,0.004731192076187607
24.28200000000002,0.004732388834091522
24.28400000000002,0.0047332745885556304
24.28600000000002,0.0047343545724428115
24.28800000000002,0.004735815837481588
24.29000000000002,0.0047371968510334095
24.29200000000002,0.0047381754376290275
24.294000000000022,0.004739106964337936
24.29600000000002,0.004740424115961095
24.29800000000002,0.004741915598493129
24.300000000000022,0.004743068901547326
24.302000000000017,0.0047439510033836785
24.30400000000002,0.004745076170387247
24.306000000000022,0.004746559296201963
24.30800000000002,0.004747903906276024
24.31000000000002,0.004748853638659012
24.312000000000022,0.004749814199785263
24.31400000000002,0.004751174019513166
24.31600000000002,0.004752651738299807
24.31800000000002,0.004753762038674614
24.32000000000002,0.004754646976400628
24.32200000000002,0.0047558193563682905
24.32400000000002,0.004757318073547956
24.326000000000022,0.004758622587706762
24.32800000000002,0.0047595483890364165
24.33000000000002,0.0047605433260409225
24.332000000000022,0.004761942622400012
24.334000000000017,0.004763400008472141
24.33600000000002,0.004764468758079177
24.338000000000022,0.004765363192980765
24.34000000000002,0.004766583871048891
24.34200000000002,0.004768091389892731
24.34400000000002,0.004769352987220643
24.34600000000002,0.004770260467012066
24.34800000000002,0.004771294588522601
24.35000000000002,0.004772729178875917
24.35200000000002,0.004774160012610024
24.35400000000002,0.004775189665526508
24.35600000000002,0.004776100295978247
24.358000000000022,0.0047773693280469265
24.36000000000002,0.004778878486763227
24.36200000000002,0.004780095316631483
24.364000000000022,0.00478099067678231
24.366000000000017,0.0047820681169428725
24.36800000000002,0.004783532876954294
24.370000000000022,0.0047849314598699955
24.37200000000002,0.004785925452049172
24.37400000000002,0.004786858867072058
24.376000000000023,0.004788175215125368
24.37800000000002,0.004789678648887075
24.38000000000002,0.0047908499090309475
24.38200000000002,0.004791739832104319
24.38400000000002,0.004792863912654988
24.38600000000002,0.004794352857363515
24.38800000000002,0.004795714177714239
24.390000000000022,0.004796676883644269
24.39200000000002,0.004797639407605525
24.39400000000002,0.004799000899575551
24.396000000000022,0.004800491226229386
24.398000000000025,0.0048016172174361604
24.40000000000002,0.004802508738066008
24.402000000000022,0.004803681838491419
24.40400000000002,0.004805188235475905
24.40600000000002,0.004806508122181252
24.40800000000002,0.004807444788539228
24.41000000000002,0.0048084423194371395
24.41200000000002,0.004809845638097138
24.41400000000002,0.004811315655287279
24.41600000000002,0.004812397810632141
24.41800000000002,0.00481329817118778
24.42000000000002,0.00481452161185944
24.422000000000022,0.004816038125611155
24.42400000000002,0.004817313385342997
24.42600000000002,0.004818230042027305
24.428000000000022,0.004819267886437106
24.430000000000025,0.004820708591294548
24.43200000000002,0.004822151478926201
24.434000000000022,0.004823192366141843
24.43600000000002,0.004824108858125842
24.43800000000002,0.004825382801841915
24.440000000000023,0.004826901666962952
24.44200000000002,0.00482813019968617
24.44400000000002,0.004829033548907791
24.44600000000002,0.004830116257384581
24.44800000000002,0.004831588842687917
24.45000000000002,0.004832998364088237
24.45200000000002,0.004834001660283388
24.454000000000022,0.004834941453357361
24.45600000000002,0.004836264830980375
24.45800000000002,0.004837778050283709
24.460000000000022,0.004838958939222121
24.462000000000025,0.004839856223616296
24.46400000000002,0.004840987431121685
24.466000000000022,0.004842485421897608
24.46800000000002,0.00484385611677926
24.47000000000002,0.00484482655529303
24.47200000000002,0.004845796516363771
24.47400000000002,0.004847166982285184
24.47600000000002,0.004848666544394503
24.47800000000002,0.00484980011719402
24.48000000000002,0.004850698968196204
24.48200000000002,0.004851881244895051
24.48400000000002,0.004853397331417125
24.486000000000022,0.004854724693834772
24.488000000000017,0.004855667983517692
24.49000000000002,0.004856674488973284
24.492000000000022,0.004858088411823558
24.494000000000025,0.0048595665215698525
24.49600000000002,0.004860654380296675
24.498000000000022,0.0048615626483552166
24.50000000000002,0.004862797366841781
24.50200000000002,0.004864323576160179
24.504000000000023,0.004865604211066216
24.50600000000002,0.004866526928708814
24.50800000000002,0.004867575673677793
24.51000000000002,0.004869028166984979
24.51200000000002,0.004870477480879792
24.51400000000002,0.004871522499367037
24.51600000000002,0.004872448067971186
24.518000000000022,0.004873735293545595
24.520000000000017,0.004875263194777102
24.52200000000002,0.0048764949474959796
24.524000000000022,0.004877404404494301
24.52600000000002,0.004878500213887332
24.52800000000002,0.004879985210226284
24.530000000000022,0.004881399068653175
24.53200000000002,0.004882405356532699
24.53400000000002,0.004883355942554346
24.53600000000002,0.00488469435347752
24.53800000000002,0.004886215291600382
24.54000000000002,0.004887397345481437
24.54200000000002,0.004888301430164582
24.544000000000022,0.00488944807720898
24.54600000000002,0.004890958447780869
24.54800000000002,0.004892331095337904
24.550000000000022,0.004893303928833886
24.552000000000017,0.004894286872346054
24.55400000000002,0.004895673716947491
24.556000000000022,0.004897179068008017
24.55800000000002,0.004898312006613531
24.56000000000002,0.004899219004002253
24.562000000000022,0.004900419042916854
24.56400000000002,0.004901946762499387
24.56600000000002,0.004903273548173326
24.568000000000023,0.00490421926836257
24.57000000000002,0.004905241315921571
24.57200000000002,0.004906672412916369
24.57400000000002,0.004908153851996527
24.576000000000022,0.004909239683337563
24.57800000000002,0.004910158074501986
24.58000000000002,0.004911412694793282
24.582000000000022,0.00491294904970227
24.584000000000017,0.004914226599233962
24.58600000000002,0.004915152478999318
24.588000000000022,0.004916219565355262
24.59000000000002,0.004917689352675364
24.59200000000002,0.004919139124824418
24.594000000000023,0.004920181266298923
24.59600000000002,0.004921119509985861
24.59800000000002,0.004922428420452374
24.60000000000002,0.004923964254698904
24.60200000000002,0.004925190608546681
24.60400000000002,0.004926104689888133
24.60600000000002,0.004927221724184666
24.608000000000022,0.00492872336000208
24.61000000000002,0.004930134543719988
24.61200000000002,0.004931137767446081
24.614000000000022,0.004932104067309706
24.616000000000017,0.004933465418077515
24.61800000000002,0.004934991410481787
24.620000000000022,0.004936166122109065
24.62200000000002,0.004937077025871012
24.62400000000002,0.004938247689549757
24.626000000000023,0.0049397732069846045
24.62800000000002,0.004941139959816376
24.63000000000002,0.0049421102989641585
24.632000000000023,0.004943112360575153
24.63400000000002,0.004944522711223698
24.63600000000002,0.004946029674054969
24.63800000000002,0.004947153864738901
24.640000000000022,0.004948070575226726
24.64200000000002,0.004949297139952236
24.64400000000002,0.004950837654312146
24.646000000000022,0.004952155430674343
24.648000000000025,0.00495310004814048
24.65000000000002,0.004954144831000512
24.652000000000022,0.004955599171942493
24.65400000000002,0.004957078359902722
24.65600000000002,0.004958154727766451
24.658000000000023,0.0049590863552221864
24.66000000000002,0.004960369530057851
24.66200000000002,0.004961915494487296
24.66400000000002,0.004963181226950053
24.66600000000002,0.004964108248320553
24.66800000000002,0.004965201719336454
24.67000000000002,0.00496669355201515
24.672000000000022,0.004968136969240672
24.67400000000002,0.004969169751635666
24.67600000000002,0.004970125276193005
24.678000000000022,0.00497146409381255
24.680000000000025,0.0049730055961720865
24.68200000000002,0.00497421783294924
24.684000000000022,0.004975136146188719
24.68600000000002,0.004976283042413349
24.68800000000002,0.004977804521556023
24.690000000000023,0.0049792052138993015
24.69200000000002,0.0049802001035224586
24.69400000000002,0.00498118810512152
24.696000000000023,0.004982579856860292
24.69800000000002,0.004984106947757222
24.70000000000002,0.00498526594096485
24.70200000000002,0.004986184965730001
24.704000000000022,0.004987388575545065
24.70600000000002,0.004988930713722861
24.70800000000002,0.004990283033939807
24.710000000000022,0.004991247050117831
24.712000000000025,0.004992275429964305
24.71400000000002,0.004993715658817205
24.716000000000022,0.004995218698246234
24.71800000000002,0.0049963264394159435
24.72000000000002,0.004997255869396561
24.722000000000023,0.004998517842540906
24.72400000000002,0.005000070773798132
24.72600000000002,0.005001370608368
24.72800000000002,0.005002311925767555
24.73000000000002,0.005003387626271227
24.73200000000002,0.005004870185405186
24.73400000000002,0.005006340193684872
24.736000000000022,0.005007400394892891
24.738000000000017,0.0050083499172315915
24.74000000000002,0.005009670114967002
24.742000000000022,0.005011223410539778
24.744000000000025,0.005012468358569472
24.74600000000002,0.0050133960962385204
24.748000000000022,0.005014524827909372
24.75000000000002,0.005016042009809957
24.75200000000002,0.005017471007601082
24.754000000000023,0.005018489028271289
24.75600000000002,0.005019468024984236
24.75800000000002,0.0050208444220134485
24.760000000000023,0.005022387447475712
24.76200000000002,0.005023576944310437
24.76400000000002,0.005024500918495489
24.76600000000002,0.005025686903910503
24.768000000000022,0.005027229641955844
24.770000000000017,0.005028610964235597
24.77200000000002,0.005029593685102557
24.774000000000022,0.005030610922580447
24.77600000000002,0.005032039571856134
24.77800000000002,0.0050335618717665676
24.780000000000022,0.005034697252327136
24.78200000000002,0.0050356276970509595
24.78400000000002,0.005036873443551693
24.786000000000023,0.005038431583768155
24.78800000000002,0.00503976015369012
24.79000000000002,0.005040715800533335
24.79200000000002,0.005041779114667744
24.794000000000022,0.005043254184766033
24.79600000000002,0.00504474587838305
24.79800000000002,0.005045830377654326
24.800000000000022,0.005046777637692013
24.802000000000017,0.005048083751707538
24.80400000000002,0.005049646387972867
24.806000000000022,0.005050918938464571
24.80800000000002,0.005051856859078441
24.81000000000002,0.005052972845295434
24.812000000000022,0.005054486737449931
24.81400000000002,0.0050559389076141326
24.81600000000002,0.0050569775979260045
24.818000000000023,0.005057951799707194
24.82000000000002,0.005059316856233176
24.82200000000002,0.005060872717651432
24.824000000000023,0.0050620879511596995
24.826000000000022,0.005063018349685033
24.82800000000002,0.0050641920690729925
24.83000000000002,0.005065735617274331
24.832000000000022,0.005067140674306803
24.834000000000017,0.00506814034093922
24.83600000000002,0.005069151048115228
24.838000000000022,0.0050705715286296915
24.84000000000002,0.005072109403637948
24.84200000000002,0.005073268083372495
24.844000000000023,0.005074201716709692
24.84600000000002,0.005075436431307062
24.84800000000002,0.0050769991842218865
24.850000000000023,0.0050783511876795195
24.85200000000002,0.005079320145816024
24.85400000000002,0.005080376007821352
24.85600000000002,0.005081846318509969
24.858000000000022,0.005083355496953074
24.86000000000002,0.005084460465991425
24.86200000000002,0.005085408307693995
24.864000000000022,0.005086705259587765
24.866000000000017,0.005088275837743128
24.86800000000002,0.005089570761001888
24.870000000000022,0.005090518618168893
24.87200000000002,0.0050916270220463244
24.87400000000002,0.00509313960146901
24.876000000000023,0.005094610313774867
24.87800000000002,0.005095666441216257
24.88000000000002,0.005096639319178725
24.882000000000023,0.005097997569018825
24.88400000000002,0.005099564085192437
24.88600000000002,0.0051008000108415386
24.888000000000023,0.005101737379788113
24.890000000000022,0.0051029041177381995
24.89200000000002,0.00510444963894649
24.89400000000002,0.005105873470912042
24.896000000000022,0.005106887526698051
24.898000000000025,0.0051078957422345805
24.90000000000002,0.005109312082723694
24.902000000000022,0.00511086260832741
24.90400000000002,0.005112039845915295
24.90600000000002,0.005112978013560643
24.908000000000023,0.0051142069809033686
24.91000000000002,0.005115774647658833
24.91200000000002,0.005117144910302546
24.914000000000023,0.005118125372246818
24.91600000000002,0.0051191783098857024
24.91800000000002,0.005120647268414352
24.92000000000002,0.005122170324437819
24.922000000000022,0.005123291445826406
24.92400000000002,0.005124242004621027
24.92600000000002,0.005125534944802057
24.928000000000022,0.005127112875303735
24.930000000000025,0.0051284249116347325
24.93200000000002,0.0051293817096184635
24.934000000000022,0.005130487449110432
24.93600000000002,0.005132001390719482
24.93800000000002,0.005133486439022589
24.940000000000023,0.005134556230128318
24.94200000000002,0.005135530679132638
24.94400000000002,0.005136886993667544
24.946000000000023,0.005138462678611955
24.94800000000002,0.005139714092719572
24.95000000000002,0.005140658296010736
24.952000000000023,0.005141823240554649
24.954000000000022,0.005143372577738947
24.95600000000002,0.005144810487502038
24.95800000000002,0.0051458358182459585
24.960000000000022,0.005146845142604994
24.962000000000025,0.00514826178397268
24.96400000000002,0.005149822599525622
24.966000000000022,0.005151013397679982
24.96800000000002,0.005151956852101569
24.97000000000002,0.005153185389387055
24.972000000000023,0.005154758899045847
24.97400000000002,0.005156142364145827
24.97600000000002,0.00515713198084039
24.978000000000023,0.005158186220236255
24.98000000000002,0.005159657684276675
24.98200000000002,0.005161191435360257
24.98400000000002,0.00516232407334094
24.986000000000022,0.005163278995784337
24.988000000000017,0.005164573210767687
24.99000000000002,0.00516615845126997
24.992000000000022,0.0051674823371229694
24.994000000000025,0.00516844658326901
24.99600000000002,0.0051695544023757645
24.998000000000022,0.005171072833382417
25.00000000000002,0.0051725682992306565
25.00200000000002,0.005173647634410444
25.004000000000023,0.005174626173214153
25.00600000000002,0.0051759856330805265
25.00800000000002,0.00517756944660791
25.010000000000023,0.005178831049251459
25.01200000000002,0.005179781521913673
25.01400000000002,0.005180949798745338
25.016000000000023,0.005182505215049205
25.018000000000022,0.005183952667718261
25.020000000000017,0.0051849858181484965
25.02200000000002,0.0051859995893629995
25.024000000000022,0.0051874212213399995
25.02600000000002,0.005188990299232615
25.02800000000002,0.00519018950457667
25.030000000000022,0.005191138654375149
25.03200000000002,0.0051923721054163985
25.03400000000002,0.005193952745994684
25.036000000000023,0.005195344413621211
25.03800000000002,0.005196340529283833
25.04000000000002,0.0051974001409697546
25.042000000000023,0.005198878221992387
25.044000000000022,0.005200419704667419
25.04600000000002,0.005201559041308423
25.04800000000002,0.005202519724897575
25.050000000000022,0.005203820588591784
25.052000000000017,0.0052054133726011365
25.05400000000002,0.005206743822530169
25.056000000000022,0.005207713776003348
25.05800000000002,0.005208828355488138
25.06000000000002,0.005210354628774755
25.062000000000022,0.005211856707720203
25.06400000000002,0.005212941291895146
25.06600000000002,0.005213926286917581
25.068000000000023,0.005215294088857181
25.07000000000002,0.0052168851707925235
25.07200000000002,0.0052181515928052535
25.074000000000023,0.005219107597967482
25.076000000000022,0.005220284340267972
25.07800000000002,0.005221848267495971
25.080000000000023,0.0052233007554408906
25.082000000000022,0.005224338131139844
25.084000000000017,0.005225359625321585
25.08600000000002,0.005226791048658669
25.088000000000022,0.005228366443126242
25.09000000000002,0.005229568819204167
25.09200000000002,0.00523052398756485
25.094000000000023,0.0052317677466248436
25.09600000000002,0.005233356895798569
25.09800000000002,0.0052347517326402915
25.100000000000023,0.005235751613326262
25.10200000000002,0.005236820681802257
25.10400000000002,0.0052383095643227795
25.106000000000023,0.005239855807295191
25.108000000000022,0.005240996960894501
25.11000000000002,0.0052419648060457735
25.11200000000002,0.005243277753476994
25.114000000000022,0.00524487831239398
25.116000000000017,0.005246209978614108
25.11800000000002,0.005247183899387303
25.120000000000022,0.0052483099875420824
25.12200000000002,0.005249847462036911
25.12400000000002,0.005251352270927961
25.126000000000023,0.005252437794867809
25.12800000000002,0.005253431696800759
25.13000000000002,0.005254813074725667
25.132000000000023,0.005256410469184708
25.13400000000002,0.005257676284724816
25.13600000000002,0.005258637175299813
25.138000000000023,0.005259827608182555
25.140000000000022,0.0052614023950542654
25.14200000000002,0.005262855288672874
25.144000000000023,0.005263893355912624
25.146000000000022,0.005264925998870074
25.148000000000025,0.005266371993406099
25.15000000000002,0.0052679515792547205
25.152000000000022,0.005269151873296379
25.15400000000002,0.005270113563191153
25.15600000000002,0.005271373106478933
25.158000000000023,0.005272971957244743
25.16000000000002,0.005274364798878772
25.16200000000002,0.005275365864358478
25.164000000000023,0.005276448664718408
25.16600000000002,0.005277952423848181
25.16800000000002,0.005279500213998922
25.170000000000023,0.00528063835882861
25.172000000000022,0.005281615027161651
25.17400000000002,0.005282945527997379
25.17600000000002,0.00528455380631615
25.178000000000022,0.005285881238527079
25.180000000000025,0.005286857642876397
25.18200000000002,0.005288000187280095
25.184000000000022,0.005289552000772829
25.18600000000002,0.0052910553835899266
25.18800000000002,0.005292137692850696
25.190000000000023,0.0052931432765808695
25.19200000000002,0.005294543414495201
25.19400000000002,0.00529614578885787
25.196000000000023,0.005297405536262456
25.19800000000002,0.00529837102379932
25.20000000000002,0.005299580542090593
25.202000000000023,0.005301168191667094
25.204000000000022,0.0053026165963827865
25.20600000000002,0.005303652093864686
25.208000000000023,0.005304699670596519
25.210000000000022,0.005306164848133954
25.212000000000025,0.0053077460590138514
25.21400000000002,0.0053089390842889495
25.216000000000022,0.0053099082488040905
25.21800000000002,0.005311189150745216
25.22000000000002,0.005312798426295728
25.222000000000023,0.005314183894483654
25.22400000000002,0.005315183963880171
25.22600000000002,0.005316285128711656
25.228000000000023,0.0053178075274224745
25.23000000000002,0.005319353183112524
25.23200000000002,0.005320483690498701
25.234000000000023,0.005321471363437941
25.236000000000022,0.005322824871722587
25.238000000000017,0.005324440235207367
25.24000000000002,0.005325757864309888
25.242000000000022,0.005326735793121179
25.244000000000025,0.005327900053391704
25.24600000000002,0.005329468872958348
25.248000000000022,0.005330966223853456
25.25000000000002,0.005332041512516289
25.25200000000002,0.0053330621098987285
25.254000000000023,0.005334486023567175
25.25600000000002,0.005336091387926234
25.25800000000002,0.005337339622336124
25.260000000000023,0.005338310054721462
25.26200000000002,0.005339544271519614
25.26400000000002,0.005341146157978288
25.266000000000023,0.005342584799430061
25.268000000000022,0.005343614975450689
25.270000000000017,0.005344681822657682
25.272000000000023,0.00534617044344271
25.274000000000022,0.005347750021384046
25.27600000000002,0.005348930777234445
25.27800000000002,0.005349909091712651
25.280000000000022,0.0053512170018507055
25.28200000000002,0.005352836655906301
25.28400000000002,0.005354209114941139
25.286000000000023,0.005355206675184215
25.28800000000002,0.0053563313328199025
25.29000000000002,0.005357875581213423
25.292000000000023,0.005359414750043229
25.294000000000022,0.005360533370226961
25.29600000000002,0.005361534999425849
25.298000000000023,0.005362916855120775
25.300000000000022,0.00536453779497742
25.302000000000017,0.0053658399653039035
25.30400000000002,0.00536681926913532
25.306000000000022,0.0053680108883409905
25.30800000000002,0.005369598625768357
25.31000000000002,0.005371084750896232
25.312000000000022,0.005372149795757092
25.31400000000002,0.005373189507580256
25.31600000000002,0.005374641871924241
25.318000000000023,0.005376247309002463
25.32000000000002,0.005377478710400535
25.32200000000002,0.0053784553567595705
25.324000000000023,0.005379720098060703
25.326000000000022,0.005381336656744895
25.32800000000002,0.0053827598187662085
25.330000000000023,0.005383782704652174
25.332000000000022,0.0053848738677474695
25.334000000000017,0.005386389600816999
25.336000000000023,0.005387963373590321
25.338000000000022,0.005389127224237317
25.34000000000002,0.005390117352708085
25.34200000000002,0.005391457907613306
25.344000000000023,0.005393086811720238
25.34600000000002,0.005394440389672239
25.34800000000002,0.005395434891983547
25.350000000000023,0.005396588753384418
25.35200000000002,0.005398157215494442
25.35400000000002,0.005399684718591757
25.356000000000023,0.005400787820477315
25.358000000000022,0.005401807356622934
25.36000000000002,0.005403222614301012
25.362000000000023,0.005404846456881579
25.364000000000022,0.005406127532123661
25.366000000000017,0.005407109171996771
25.36800000000002,0.005408334180920765
25.370000000000022,0.005409941665758422
25.37200000000002,0.005411410709850489
25.37400000000002,0.0054124631569188175
25.376000000000023,0.005413527024982795
25.37800000000002,0.00541501192575175
25.38000000000002,0.005416613348546512
25.382000000000023,0.005417822907807429
25.38400000000002,0.00541880824296348
25.38600000000002,0.0054201094610820955
25.388000000000023,0.005421739852964735
25.390000000000022,0.005423141396102005
25.39200000000002,0.005424156121513646
25.394000000000023,0.00542527745210275
25.396000000000022,0.005426823063631625
25.398000000000025,0.005428385773786043
25.400000000000023,0.005429528704151809
25.402000000000022,0.0054305345457096865
25.40400000000002,0.0054319131892974215
25.40600000000002,0.005433548817455752
25.408000000000023,0.005434877519557457
25.41000000000002,0.005435869702566126
25.41200000000002,0.005437059069060168
25.414000000000023,0.0054386529091786096
25.41600000000002,0.005440162660582337
25.41800000000002,0.00544124754172709
25.420000000000023,0.005442290120957233
25.422000000000022,0.005443743282315505
25.42400000000002,0.005445365923738621
25.426000000000023,0.005446620490969639
25.428000000000022,0.005447606846045616
25.430000000000025,0.0054488715705728885
25.43200000000002,0.005450498182483554
25.434000000000022,0.005451943650978841
25.43600000000002,0.005452982359556491
25.43800000000002,0.005454076472395097
25.440000000000023,0.0054555970648798024
25.44200000000002,0.005457189029208692
25.44400000000002,0.005458372331569067
25.446000000000023,0.00545937030366056
25.44800000000002,0.005460713880190177
25.45000000000002,0.005462355643110345
25.452000000000023,0.005463729133953044
25.454000000000022,0.005464736281389521
25.45600000000002,0.005465894444357328
25.458000000000023,0.00546747140565082
25.460000000000022,0.005469016623997125
25.462000000000025,0.005470135585147445
25.464000000000024,0.005471162476601316
25.466000000000022,0.005472584163084909
25.46800000000002,0.005474222296648762
25.47000000000002,0.00547552023772338
25.472000000000023,0.005476512466113775
25.47400000000002,0.005477744124733508
25.47600000000002,0.0054793628960755625
25.478000000000023,0.005480847932616828
25.48000000000002,0.005481913203878419
25.48200000000002,0.005482985261648143
25.484000000000023,0.005484479892908539
25.486000000000022,0.0054860955907491404
25.488000000000017,0.0054873187834941495
25.490000000000023,0.005488313945989837
25.492000000000022,0.005489624784732472
25.494000000000025,0.005491268060477061
25.49600000000002,0.0054926829718529024
25.498000000000022,0.005493708411466014
25.50000000000002,0.005494839908506077
25.50200000000002,0.005496397974571049
25.504000000000023,0.005497973585276483
25.50600000000002,0.005499127204086657
25.50800000000002,0.005500143457478235
25.510000000000023,0.005501534866760471
25.51200000000002,0.005503183581300725
25.51400000000002,0.0055045225630651895
25.516000000000023,0.005505524547197299
25.518000000000022,0.0055067268993937435
25.520000000000017,0.00550833491886088
25.522000000000023,0.005509855084167431
25.524000000000022,0.005510948431559387
25.52600000000002,0.005512003271158333
25.528000000000024,0.005513472029433253
25.530000000000022,0.00551510652111592
25.53200000000002,0.005516368300174906
25.53400000000002,0.005517364894779692
25.536000000000023,0.005518645863537813
25.53800000000002,0.0055202870584041
25.54000000000002,0.005521739720697971
25.542000000000023,0.005522785758033194
25.544000000000022,0.0055238950295175004
25.54600000000002,0.005525433254397638
25.548000000000023,0.005527034523106877
25.550000000000022,0.00552822247674975
25.552000000000017,0.005529232500718739
25.554000000000023,0.005530595539598421
25.556000000000022,0.005532250788772564
25.55800000000002,0.005533627992321322
25.56000000000002,0.005534642673848844
25.562000000000022,0.005535819603903286
25.56400000000002,0.005537415013423946
25.56600000000002,0.005538965974320104
25.568000000000023,0.005540087976744185
25.57000000000002,0.005541129988600957
25.57200000000002,0.005542573797495093
25.574000000000023,0.00554422281475464
25.576000000000022,0.005545521245225782
25.57800000000002,0.00554652268729669
25.580000000000023,0.005547776984123953
25.582000000000022,0.00554941348697352
25.584000000000017,0.0055509001202457275
25.586000000000023,0.005551968133789775
25.588000000000022,0.0055530593779711535
25.59000000000002,0.005554577727169441
25.592000000000024,0.005556200380746806
25.594000000000023,0.005557421611739055
25.59600000000002,0.005558429130804704
25.59800000000002,0.005559766215291889
25.600000000000023,0.0055614248184155946
25.60200000000002,0.005562837124429093
25.60400000000002,0.005563866563847664
25.606000000000023,0.005565021919272356
25.608000000000022,0.005566603795525482
25.61000000000002,0.005568181466088229
25.612000000000023,0.0055693319054811175
25.614000000000022,0.005570364959915253
25.616000000000017,0.005571785395694223
25.618000000000023,0.005573445382726444
25.620000000000022,0.005574778071729569
25.62200000000002,0.005575786975979824
25.62400000000002,0.0055770179590249325
25.626000000000023,0.005578648064836267
25.62800000000002,0.005580164930453435
25.63000000000002,0.005581255479863184
25.632000000000023,0.005582332553682429
25.63400000000002,0.005583831746069162
25.63600000000002,0.0055854720460396245
25.638000000000023,0.005586724917779062
25.640000000000022,0.005587732966415543
25.64200000000002,0.005589046851240315
25.644000000000023,0.005590706457602873
25.646000000000022,0.005592150600112589
25.648000000000025,0.0055931960555350435
25.650000000000023,0.0055943335281013196
25.652000000000022,0.00559590175445579
25.65400000000002,0.005597502393367565
25.656000000000024,0.005598680389742927
25.658000000000023,0.005599707802327908
25.66000000000002,0.005601106931027
25.66200000000002,0.005602775045899788
25.664000000000023,0.005604139291740584
25.66600000000002,0.0056051575222101635
25.66800000000002,0.005606368577343063
25.670000000000023,0.005607991392276301
25.672000000000022,0.005609534905885727
25.67400000000002,0.0056106478446737995
25.676000000000023,0.005611714203967083
25.678000000000022,0.005613195563563517
25.680000000000025,0.0056148503392028926
25.682000000000023,0.005616132775446869
25.684000000000022,0.005617143720491713
25.68600000000002,0.005618437360063316
25.68800000000002,0.005620096387815604
25.690000000000023,0.00562156907532349
25.69200000000002,0.005622631091937169
25.69400000000002,0.005623754136918291
25.696000000000023,0.005625309275601814
25.69800000000002,0.005626929544516351
25.70000000000002,0.005628133682164166
25.702000000000023,0.005629158210338603
25.704000000000022,0.0056305384487981
25.70600000000002,0.005632212534669889
25.708000000000023,0.0056336054498246635
25.710000000000022,0.00563463418595192
25.712000000000025,0.005635828629810158
25.714000000000024,0.005637443967731859
25.716000000000022,0.0056390107762608055
25.71800000000002,0.0056401453623455
25.720000000000024,0.005641204034931735
25.722000000000023,0.005642669358349006
25.72400000000002,0.00564433600700176
25.72600000000002,0.005645645611767419
25.728000000000023,0.00564666119547233
25.73000000000002,0.005647937635936101
25.73200000000002,0.005649595195026391
25.734000000000023,0.00565109319987675
25.736000000000022,0.005652171703392328
25.738000000000017,0.0056532834919152675
25.740000000000023,0.005654826663343049
25.742000000000022,0.005656463651931676
25.744000000000025,0.005657692092544131
25.746000000000024,0.00565871595642331
25.748000000000022,0.0056600799587703254
25.75000000000002,0.00566175849344569
25.75200000000002,0.00566317710083894
25.754000000000023,0.005664216913000453
25.75600000000002,0.0056653979278977196
25.75800000000002,0.005667006205890585
25.760000000000023,0.005668593232443897
25.76200000000002,0.00566974823186378
25.76400000000002,0.005670801817278581
25.766000000000023,0.005672253259948246
25.768000000000022,0.005673929721847104
25.770000000000017,0.005675263878114317
25.772000000000023,0.005676285275403731
25.774000000000022,0.005677547575841241
25.77600000000002,0.005679203382595699
25.778000000000024,0.005680723600890142
25.780000000000022,0.005681817989999699
25.78200000000002,0.005682921389250056
25.784000000000024,0.005684454162912883
25.786000000000023,0.005686105386465828
25.78800000000002,0.0056873559667617035
25.79000000000002,0.005688380888048267
25.792000000000023,0.005689731457243913
25.794000000000022,0.005691413488284253
25.79600000000002,0.005692854791828961
25.798000000000023,0.005693905721226744
25.800000000000022,0.00569507631778271
25.802000000000017,0.005696678455895332
25.804000000000023,0.005698282917019293
25.806000000000022,0.0056994566978056105
25.80800000000002,0.005700507388051473
25.810000000000024,0.00570194737031296
25.812000000000022,0.0057036320844058574
25.81400000000002,0.005704988031534075
25.81600000000002,0.0057060159163283275
25.818000000000023,0.0057072670961728356
25.82000000000002,0.005708921385206317
25.82200000000002,0.005710460870429757
25.824000000000023,0.0057115701048569
25.826000000000022,0.00571266768111639
25.82800000000002,0.005714191980325689
25.830000000000023,0.005715855355494348
25.832000000000022,0.00571712566843402
25.834000000000017,0.005718152922371017
25.836000000000023,0.005719492945141541
25.838000000000022,0.00572117801626329
25.84000000000002,0.005722639047697542
25.842000000000024,0.005723700686889627
25.844000000000023,0.005724863690101056
25.84600000000002,0.005726461018586315
25.848000000000024,0.00572808041849221
25.850000000000023,0.005729271033157429
25.85200000000002,0.0057303206496081005
25.85400000000002,0.005731751782180744
25.856000000000023,0.0057334436284316725
25.858000000000022,0.0057348185193805135
25.86000000000002,0.005735853136089736
25.862000000000023,0.005737096145322945
25.864000000000022,0.005738749582672897
25.866000000000017,0.005740305556651365
25.868000000000023,0.005741428238760393
25.870000000000022,0.005742522278720852
25.87200000000002,0.005744040299838382
25.874000000000024,0.005745714103510546
25.876000000000023,0.0057470015634163985
25.87800000000002,0.005748032039779694
25.88000000000002,0.005749364442415472
25.882000000000023,0.005751052515413607
25.88400000000002,0.0057525303601654865
25.88600000000002,0.005753601931816593
25.888000000000023,0.005754759986431046
25.890000000000022,0.00575635416203954
25.89200000000002,0.005757986268180887
25.894000000000023,0.0057591915245070735
25.896000000000022,0.005760241566935026
25.898000000000025,0.0057616665942008816
25.900000000000023,0.005763364826695039
25.902000000000022,0.005764755766996116
25.90400000000002,0.005765797004441825
25.906000000000024,0.005767034712956698
25.908000000000023,0.005768688312750764
25.91000000000002,0.005770258157696523
25.912000000000024,0.0057713926068163335
25.914000000000023,0.005772485153193119
25.91600000000002,0.005773999298695209
25.91800000000002,0.005775682114225467
25.920000000000023,0.005776984007079988
25.922000000000022,0.005778018277203617
25.92400000000002,0.005779345999224
25.926000000000023,0.0057810373742751
25.928000000000022,0.005782529179484797
25.930000000000025,0.005783609612031199
25.932000000000023,0.005784765203391384
25.934000000000022,0.005786358134930197
25.93600000000002,0.00578800093891968
25.938000000000024,0.005789218459728518
25.940000000000023,0.005790270164233058
25.94200000000002,0.005791691923013681
25.94400000000002,0.005793396097075992
25.946000000000023,0.005794800168099634
25.94800000000002,0.0057958476341367915
25.95000000000002,0.0057970828366774585
25.952000000000023,0.005798737882312277
25.954000000000022,0.005800319117629571
25.95600000000002,0.005801463437237114
25.958000000000023,0.005802556335304465
25.960000000000022,0.005804069159090763
25.962000000000025,0.005805759813298866
25.964000000000024,0.005807073334215873
25.966000000000022,0.005808111721927217
25.96800000000002,0.005809437704365955
25.970000000000024,0.0058111329403492396
25.972000000000023,0.0058126359083688905
25.97400000000002,0.005813723908232232
25.976000000000024,0.005814879395130451
25.978000000000023,0.005816473177443382
25.98000000000002,0.00581812484480268
25.98200000000002,0.005819352118174609
25.984000000000023,0.005820406521522464
25.986000000000022,0.005821827912544542
25.988000000000017,0.005823537808067186
25.990000000000023,0.005824952077521844
25.992000000000022,0.005826005173494214
25.994000000000025,0.005827240606715994
25.996000000000024,0.0058288985764521906
25.998000000000022,0.005830488823781288
26.00000000000002,0.005831640962484785
26.002000000000024,0.005832735914715337
26.004000000000023,0.0058342500773941874
26.00600000000002,0.005835947570979799
26.00800000000002,0.00583726985137234
26.010000000000023,0.005838312506469462
26.01200000000002,0.00583963969143278
26.01400000000002,0.005841339526909045
26.016000000000023,0.005842850897656432
26.018000000000022,0.005843945018402935
26.020000000000017,0.00584510267485111
26.022000000000023,0.00584669952958336
26.024000000000022,0.0058483583413274365
26.02600000000002,0.0058495927633367695
26.028000000000024,0.0058506507718482925
26.030000000000022,0.005852074740784252
26.03200000000002,0.005853790283108229
26.034000000000024,0.005855211805960603
26.036000000000023,0.005856269800815717
26.03800000000002,0.005857508169174103
26.040000000000024,0.0058591706652242614
26.042000000000023,0.0058607676049711455
26.044000000000022,0.005861925412849828
26.04600000000002,0.005863024039307163
26.048000000000023,0.00586454227072003
26.050000000000022,0.005866245704097994
26.052000000000017,0.005867573831446371
26.054000000000023,0.005868620804944158
26.056000000000022,0.005869952143064572
26.05800000000002,0.005871657417776122
26.060000000000024,0.005873174443312229
26.062000000000022,0.00587427315274025
26.06400000000002,0.005875435215864228
26.066000000000024,0.005877037436803123
26.068000000000023,0.0058787017254460505
26.07000000000002,0.005879940637924852
26.07200000000002,0.005881003099513282
26.074000000000023,0.005882432624283757
26.076000000000022,0.005884153803328324
26.07800000000002,0.005885579616495301
26.080000000000023,0.00588664172090142
26.082000000000022,0.005887885728217301
26.084000000000017,0.005889554407809222
26.086000000000023,0.005891155730215369
26.088000000000022,0.005892317012522991
26.09000000000002,0.005893420915002251
26.092000000000024,0.0058949459809203575
26.094000000000023,0.005896654477003854
26.09600000000002,0.005897985510394832
26.098000000000024,0.005899036831188864
26.100000000000023,0.0059003752935852805
26.10200000000002,0.005902086869794404
26.104000000000024,0.005903606784489229
26.106000000000023,0.0059047085310358904
26.108000000000022,0.005905877252511793
26.11000000000002,0.005907487152902097
26.112000000000023,0.005909155235186592
26.114000000000022,0.005910395961336218
26.116000000000017,0.005911463739623729
26.118000000000023,0.0059129018205078265
26.120000000000022,0.005914628608413297
26.12200000000002,0.005916055722698571
26.124000000000024,0.0059171211638451016
26.126000000000023,0.005918373547467687
26.12800000000002,0.005920050053976611
26.130000000000024,0.005921653407676142
26.132000000000023,0.005922815978208262
26.13400000000002,0.0059239268063150385
26.13600000000002,0.005925461476027072
26.138000000000023,0.005927174101209853
26.140000000000022,0.005928505086003399
26.14200000000002,0.005929560838847853
26.144000000000023,0.00593090943015856
26.146000000000022,0.005932628112830934
26.148000000000025,0.005934148102506948
26.150000000000023,0.005935251382606116
26.152000000000022,0.005936429081133315
26.15400000000002,0.00593804894013536
26.156000000000024,0.005939719048670439
26.158000000000023,0.005940958929530671
26.16000000000002,0.005942032979101897
26.162000000000024,0.005943482628089303
26.164000000000023,0.005945214895444556
26.16600000000002,0.0059466402882959735
26.168000000000024,0.005947708386213557
26.170000000000023,0.005948971950680532
26.172000000000022,0.005950657842743817
26.17400000000002,0.005952260783768815
26.176000000000023,0.005953422520340673
26.178000000000022,0.005954542037729549
26.180000000000025,0.0059560890491044405
26.182000000000023,0.005957804733641742
26.184000000000022,0.005959132718740712
26.18600000000002,0.005960193123486335
26.188000000000024,0.005961554892458781
26.190000000000023,0.005963281347217797
26.19200000000002,0.005964798520754738
26.194000000000024,0.0059659019488411125
26.196000000000023,0.005967091061086421
26.19800000000002,0.005968723066454518
26.20000000000002,0.005970393282520109
26.202000000000023,0.005971629717382493
26.204000000000022,0.005972711159185573
26.20600000000002,0.005974175384899666
26.208000000000023,0.0059759128156853525
26.210000000000022,0.005977333428455939
26.212000000000025,0.00597840367465316
26.214000000000024,0.00597968132162327
26.216000000000022,0.00598137799816767
26.21800000000002,0.005982977942512208
26.220000000000024,0.005984136846984983
26.222000000000023,0.005985266995835625
26.22400000000002,0.005986829014392014
26.226000000000024,0.005988546473566753
26.228000000000023,0.005989868534820142
26.23000000000002,0.005990934026716632
26.232000000000024,0.005992312070694006
26.234000000000023,0.005994046738640485
26.236000000000022,0.005995558105681781
26.238000000000017,0.005996660488419292
26.240000000000023,0.005997863615654686
26.242000000000022,0.005999509799781172
26.244000000000025,0.00600117798982816
26.246000000000024,0.006002408483636534
26.248000000000022,0.006003498679297836
26.25000000000002,0.00600498046373113
26.252000000000024,0.0060067224694264065
26.254000000000023,0.0060081352129166266
26.25600000000002,0.006009207351897999
26.258000000000024,0.006010502102897164
26.260000000000023,0.006012210722247946
26.26200000000002,0.006013804905383169
26.26400000000002,0.006014959170507345
26.266000000000023,0.006016102131992773
26.268000000000022,0.0060176817005472005
26.270000000000017,0.0060193993584362615
26.272000000000023,0.006020712631684466
26.274000000000022,0.006021783942201209
26.27600000000002,0.0060231814016604435
26.278000000000024,0.006024924410579502
26.280000000000022,0.006026426869193108
26.28200000000002,0.0060275272851965656
26.284000000000024,0.006028747232493803
26.286000000000023,0.0060304093992050445
26.28800000000002,0.006032073158039275
26.290000000000024,0.006033295378643222
26.292000000000023,0.00603439600201669
26.294000000000022,0.00603589826526868
26.296000000000024,0.0060376438991570636
26.298000000000023,0.006039045671284382
26.300000000000022,0.006040119785064357
26.302000000000017,0.006041434793262912
26.304000000000023,0.006043156184985687
26.306000000000022,0.006044741632112466
26.30800000000002,0.006045889717103126
26.310000000000024,0.0060470479651052456
26.312000000000022,0.006048647440744931
26.31400000000002,0.006050363359066474
26.316000000000024,0.006051665086206165
26.318000000000023,0.006052743323260473
26.32000000000002,0.006054163362359866
26.322000000000024,0.0060559144345467
26.324000000000023,0.006057404772920855
26.326000000000022,0.006058502658716741
26.32800000000002,0.006059742463075446
26.330000000000023,0.006061422103027153
26.332000000000022,0.0060630787072953884
26.334000000000017,0.006064290555070018
26.336000000000023,0.006065403658698343
26.338000000000022,0.006066929207938276
26.34000000000002,0.006068677081511181
26.342000000000024,0.006070064800940939
26.344000000000023,0.006071141396003316
26.34600000000002,0.006072479942854869
26.348000000000024,0.006074214511748388
26.350000000000023,0.006075788023033879
26.35200000000002,0.0060769287392299365
26.354000000000024,0.006078105083894697
26.356000000000023,0.006079726559377635
26.358000000000022,0.006081438374784781
26.360000000000024,0.006082725965946917
26.362000000000023,0.006083812691649926
26.364000000000022,0.00608525846057828
26.366000000000017,0.0060870168185317985
26.368000000000023,0.006088491734973167
26.370000000000022,0.006089586977194805
26.37200000000002,0.006090849920386526
26.374000000000024,0.006092548113646901
26.376000000000023,0.006094194489984522
26.37800000000002,0.006095394181773434
26.380000000000024,0.006096522255104153
26.382000000000023,0.006098073714164376
26.38400000000002,0.006099821918650772
26.386000000000024,0.006101192578076092
26.388000000000023,0.006102272673322057
26.390000000000022,0.006103638145502355
26.39200000000002,0.006105385768259419
26.394000000000023,0.006106943923758046
26.396000000000022,0.0061080765309138585
26.398000000000025,0.0061092741478354085
26.400000000000023,0.006110919355150485
26.402000000000022,0.006112624229389796
26.40400000000002,0.006113895343828529
26.406000000000024,0.006114992646862744
26.408000000000023,0.0061164672217347005
26.41000000000002,0.006118231494300214
26.412000000000024,0.006119687639867755
26.414000000000023,0.006120780672674325
26.41600000000002,0.006122070273942709
26.418000000000024,0.0061237875794459
26.420000000000023,0.006125420292429268
26.422000000000022,0.0061266064609536985
26.424000000000024,0.006127752476144582
26.426000000000023,0.0061293321925842414
26.428000000000022,0.00613107822999992
26.430000000000025,0.006132428972393272
26.432000000000023,0.006133514185480582
26.434000000000022,0.00613491002724062
26.43600000000002,0.006136669943761608
26.438000000000024,0.006138209133079553
26.440000000000023,0.006139333445758954
26.44200000000002,0.006140555885685572
26.444000000000024,0.006142226080494556
26.446000000000023,0.006143920669003905
26.44800000000002,0.006145173316522423
26.450000000000024,0.006146283875061304
26.452000000000023,0.0061477901712722605
26.454000000000022,0.006149558304463204
26.45600000000002,0.006150992352414869
26.458000000000023,0.006152084257854407
26.460000000000022,0.006153404240992394
26.462000000000025,0.006155140574057583
26.464000000000024,0.006156755839824751
26.466000000000022,0.006157927648583528
26.46800000000002,0.00615909508858814
26.470000000000024,0.006160705015862522
26.472000000000023,0.006162445745517275
26.47400000000002,0.006163773966008201
26.476000000000024,0.006164866594102675
26.478000000000023,0.0061662962300057245
26.48000000000002,0.006168066933222277
26.482000000000024,0.006169583415115559
26.484000000000023,0.006170699917280809
26.486000000000022,0.006171951090311295
26.488000000000024,0.006173646917459058
26.490000000000023,0.006175327363120292
26.492000000000022,0.006176560026743272
26.494000000000025,0.006177687156445011
26.496000000000024,0.006179227811923926
26.498000000000022,0.006180996990572979
26.50000000000002,0.00618240573630971
26.502000000000024,0.006183498343799526
26.504000000000023,0.006184852572635319
26.50600000000002,0.006186607073759787
26.508000000000024,0.006188200805669952
26.510000000000023,0.006189358077893031
26.51200000000002,0.0061905509402933045
26.514000000000024,0.0061921924939756234
26.516000000000023,0.0061939241019807745
26.518000000000022,0.006195227576951484
26.520000000000017,0.006196330666308453
26.522000000000023,0.006197797389508958
26.524000000000022,0.006199576519833744
26.52600000000002,0.006201066516700937
26.528000000000024,0.006202176480890248
26.530000000000022,0.006203460608285416
26.53200000000002,0.006205181950612038
26.534000000000024,0.006206843910338045
26.536000000000023,0.006208055689421732
26.53800000000002,0.006209203369518551
26.540000000000024,0.006210780595369725
26.542000000000023,0.006212547183856609
26.544000000000022,0.006213927678100167
26.546000000000024,0.006215023657384744
26.548000000000023,0.006216416033511307
26.550000000000022,0.006218186934178499
26.552000000000024,0.006219754827004237
26.554000000000023,0.0062208981853842105
26.556000000000022,0.006222120954234911
26.55800000000002,0.0062237948432044
26.560000000000024,0.006225512844030168
26.562000000000022,0.0062267898874752425
26.56400000000002,0.00622790728448544
26.566000000000024,0.006229414106416392
26.568000000000023,0.006231198359521906
26.57000000000002,0.006232658190992252
26.572000000000024,0.006233763796464981
26.574000000000023,0.006235085322582351
26.576000000000022,0.006236831137985621
26.578000000000024,0.006238469850411044
26.580000000000023,0.006239660621410542
26.582000000000022,0.006240833490359976
26.584000000000017,0.006242448888160862
26.586000000000023,0.006244208400573548
26.588000000000022,0.00624555811699018
26.59000000000002,0.006246661056889008
26.592000000000024,0.006248095373762641
26.594000000000023,0.006249879868046232
26.59600000000002,0.006251417526728059
26.598000000000024,0.006252548538432712
26.600000000000023,0.006253806115338378
26.60200000000002,0.006255512151628173
26.604000000000024,0.006257211431923232
26.606000000000023,0.006258461077033012
26.608000000000022,0.006259597451472698
26.610000000000024,0.0062611469102711315
26.612000000000023,0.006262931969658381
26.614000000000022,0.006264358228043665
26.616000000000025,0.006265462669955785
26.618000000000023,0.006266826126643421
26.620000000000022,0.006268594281758633
26.62200000000002,0.0062702046842542936
26.624000000000024,0.006271375273935648
26.626000000000023,0.006272578584631955
26.62800000000002,0.006274232932354545
26.630000000000024,0.006275980044302715
26.632000000000023,0.006277297080599792
26.63400000000002,0.006278411543629597
26.636000000000024,0.00627989129221479
26.638000000000023,0.0062816854263800515
26.640000000000022,0.0062831885441178015
26.642000000000024,0.006284309862996051
26.644000000000023,0.006285607447970132
26.646000000000022,0.006287344342656598
26.648000000000025,0.006289019258066131
26.650000000000023,0.006290241459329743
26.652000000000022,0.006291402288667786
26.65400000000002,0.0062929962161537845
26.656000000000024,0.006294776724638268
26.658000000000023,0.006296166492768235
26.66000000000002,0.006297274071885101
26.662000000000024,0.006298683888218859
26.664000000000023,0.006300471001141145
26.66600000000002,0.006302047903427116
26.668000000000024,0.006303200266418479
26.670000000000023,0.006304439789777516
26.672000000000022,0.006306132802121306
26.674000000000024,0.006307861417680777
26.676000000000023,0.006309144726301896
26.678000000000022,0.006310276266963871
26.680000000000025,0.0063118043902240795
26.682000000000023,0.0063136029860829945
26.684000000000022,0.006315067574301142
26.68600000000002,0.006316183069291242
26.688000000000024,0.0063175259819335805
26.690000000000023,0.006319291139062683
26.69200000000002,0.006320935674313327
26.694000000000024,0.006322131522210478
26.696000000000023,0.0063233230241319105
26.69800000000002,0.006324962274930512
26.700000000000024,0.006326731861353324
26.702000000000023,0.006328082970175258
26.704000000000022,0.006329199149925163
26.706000000000024,0.006330659401808353
26.708000000000023,0.0063324607107621556
26.710000000000022,0.006333999030280424
26.712000000000025,0.0063351364195709525
26.714000000000024,0.006336418284692419
26.716000000000022,0.006338148358653872
26.71800000000002,0.0063398517461493165
26.720000000000024,0.006341101387078774
26.722000000000023,0.00634225651940562
26.72400000000002,0.006343835116490726
26.726000000000024,0.006345631747534719
26.728000000000023,0.006347054416905973
26.73000000000002,0.006348169272531151
26.732000000000024,0.006349562705098372
26.734000000000023,0.0063513520310389815
26.736000000000022,0.006352960031739574
26.738000000000024,0.006354131968360405
26.740000000000023,0.006355360967439605
26.742000000000022,0.006357045119124882
26.744000000000025,0.00635879649776358
26.746000000000024,0.006360107817040467
26.748000000000022,0.006361239232022475
26.75000000000002,0.00636275332931166
26.752000000000024,0.006364562608668994
26.754000000000023,0.0063660576693839455
26.75600000000002,0.006367184784797114
26.758000000000024,0.0063685152442695125
26.760000000000023,0.006370279206994872
26.76200000000002,0.00637195021603465
26.764000000000024,0.006373167619975306
26.766000000000023,0.006374353718093778
26.768000000000022,0.0063759837043987355
26.770000000000024,0.00637777074610682
26.772000000000023,0.006379149033313158
26.774000000000022,0.006380269804955069
26.77600000000002,0.006381718501474981
26.778000000000024,0.006383526252887489
26.780000000000022,0.006385091734001369
26.78200000000002,0.0063862437538255434
26.784000000000024,0.006387517467926596
26.786000000000023,0.006389244507957803
26.78800000000002,0.006390969667646185
26.790000000000024,0.006392241418226918
26.792000000000023,0.006393395815841224
26.794000000000022,0.0063949661297889315
26.796000000000024,0.0063967756786702246
26.798000000000023,0.006398223570005912
26.800000000000022,0.006399346665945493
26.802000000000024,0.006400731776732893
26.804000000000023,0.006402524659811781
26.806000000000022,0.006404156028714664
26.80800000000002,0.00640534425416403
26.810000000000024,0.006406569368534593
26.812000000000022,0.006408250105145508
26.81400000000002,0.006410018881575219
26.816000000000024,0.006411351610907529
26.818000000000023,0.006412486214508489
26.82000000000002,0.00641399407478338
26.822000000000024,0.006415812773909929
26.824000000000023,0.006417330304501617
26.826000000000022,0.006418468120246601
26.828000000000024,0.006419793853296912
26.830000000000023,0.006421559876851252
26.832000000000022,0.0064232503740706826
26.834000000000024,0.006424484444699702
26.836000000000023,0.006425670539745104
26.838000000000022,0.00642729798106953
26.84000000000002,0.006429098712033704
26.842000000000024,0.0064304966982765555
26.844000000000023,0.006431623628399941
26.84600000000002,0.006433068842797707
26.848000000000024,0.006434883714500461
26.850000000000023,0.006436468471657769
26.85200000000002,0.006437632434388746
26.854000000000024,0.006438905006591167
26.856000000000023,0.006440633922014577
26.858000000000022,0.006442374968969711
26.860000000000024,0.006443662631434144
26.862000000000023,0.006444820244733862
26.864000000000022,0.006446389859480095
26.866000000000025,0.006448210309671187
26.868000000000023,0.00644967546630984
26.870000000000022,0.006450806615467236
26.87200000000002,0.006452191346475983
26.874000000000024,0.006453990298508572
26.876000000000023,0.006455637663137698
26.87800000000002,0.006456837908902863
26.880000000000024,0.00645806513030478
26.882000000000023,0.006459748698355222
26.88400000000002,0.0064615303532826185
26.886000000000024,0.006462877316241206
26.888000000000023,0.0064640174894628755
26.890000000000022,0.006465527157592299
26.892000000000024,0.0064673550510376265
26.894000000000023,0.006468887005727786
26.896000000000022,0.006470033654156632
26.898000000000025,0.006471362115364365
26.900000000000023,0.006473134353464832
26.902000000000022,0.0064748378133701046
26.90400000000002,0.0064760829390375085
26.906000000000024,0.0064772737899006505
26.908000000000023,0.006478905923868017
26.91000000000002,0.006480717359808902
26.912000000000024,0.006482127232195378
26.914000000000023,0.006483261095912796
26.91600000000002,0.006484710960392215
26.918000000000024,0.0064865344642586475
26.920000000000023,0.006488130717978241
26.922000000000022,0.006489303211590497
26.924000000000024,0.006490581321677652
26.926000000000023,0.006492317657799451
26.928000000000022,0.006494069173848399
26.930000000000025,0.0064953660633045585
26.932000000000023,0.006496530283143037
26.934000000000022,0.006498107079111637
26.93600000000003,0.006499937058398048
26.938000000000024,0.006501411366343385
26.940000000000023,0.006502549771556232
26.94200000000002,0.006503942015199243
26.944000000000024,0.00650575015493135
26.946000000000023,0.006507406309476355
26.94800000000002,0.006508613801811114
26.950000000000024,0.006509848819406888
26.952000000000023,0.0065115418732494545
26.954000000000022,0.00651333227770981
26.956000000000024,0.006514686000216097
26.958000000000023,0.006515833702988166
26.960000000000022,0.006517353373261259
26.962000000000025,0.0065191906952983825
26.964000000000024,0.006520728970961509
26.966000000000022,0.00652188217250535
26.96800000000002,0.006523220743501146
26.970000000000024,0.006525003735995016
26.972000000000023,0.0065267137755269655
26.97400000000002,0.00652796403362102
26.976000000000024,0.006529164192084491
26.978000000000023,0.006530808490743251
26.98000000000002,0.006532627896762011
26.982000000000024,0.006534041673911334
26.984000000000023,0.006535182999141742
26.986000000000022,0.006536645727881291
26.988000000000024,0.006538479630885413
26.990000000000023,0.006540079564443024
26.992000000000022,0.006541256958767727
26.994000000000025,0.0065425472664061846
26.996000000000024,0.006544296764808222
26.998000000000022,0.006546053375488858
27.00000000000003,0.0065473526481289734
27.002000000000024,0.006548526804976168
27.004000000000023,0.006550118791062626
27.00600000000002,0.006551956993303687
27.008000000000024,0.006553432229565032
27.010000000000023,0.006554577035569026
27.01200000000002,0.00655598477657901
27.014000000000024,0.006557805278828294
27.016000000000023,0.0065594629230377455
27.018000000000022,0.006560672840844578
27.020000000000024,0.00656192143985862
27.022000000000023,0.006563630689918554
27.024000000000022,0.00656542560087453
27.02600000000002,0.006566778546486934
27.028000000000024,0.0065679358581573755
27.030000000000022,0.006569473820413507
27.03200000000002,0.006571320669183478
27.034000000000024,0.006572857039577884
27.036000000000023,0.006574014642145909
27.03800000000002,0.006575370877939635
27.040000000000024,0.00657716904945535
27.042000000000023,0.006578879064736032
27.044000000000022,0.006580128617498349
27.046000000000024,0.00658134289592649
27.048000000000023,0.006583006809139036
27.050000000000022,0.006584831138195302
27.052000000000024,0.006586240808536814
27.054000000000023,0.0065873904377131975
27.056000000000022,0.00658887438002459
27.05800000000002,0.0065907201145213035
27.060000000000024,0.006592315701610729
27.062000000000022,0.006593494659395405
27.06400000000003,0.006594804138745247
27.066000000000024,0.006596572299612413
27.068000000000023,0.0065983282266586785
27.07000000000002,0.00659962320493801
27.072000000000024,0.0066008110868992775
27.074000000000023,0.006602426239633724
27.076000000000022,0.006604270828436537
27.078000000000024,0.006605738703218261
27.080000000000023,0.006606889563071566
27.082000000000022,0.006608321028120312
27.084000000000024,0.006610156558367608
27.086000000000023,0.006611808029562571
27.088000000000022,0.006613015975858061
27.09000000000002,0.006614284444418667
27.092000000000024,0.006616016290706406
27.094000000000023,0.006617810837374977
27.09600000000002,0.00661915565794155
27.098000000000024,0.006620325329500354
27.100000000000023,0.006621889899865313
27.10200000000002,0.006623745625055799
27.104000000000024,0.006625271691654722
27.106000000000023,0.006626432229171392
27.108000000000022,0.006627814092112411
27.110000000000024,0.006629631223294297
27.112000000000023,0.00663133403862004
27.114000000000022,0.006632577558084551
27.116000000000025,0.00663381149381867
27.118000000000023,0.006635502155959316
27.120000000000022,0.006637327485614519
27.12200000000002,0.006638725183599953
27.124000000000024,0.006639884847140176
27.126000000000023,0.006641398502545942
27.128000000000025,0.0066432565523244225
27.130000000000024,0.006644839423867704
27.132000000000023,0.0066460174427456775
27.13400000000002,0.006647353688621516
27.136000000000024,0.006649145285524127
27.138000000000023,0.006650893925530116
27.140000000000022,0.006652178473551568
27.142000000000024,0.006653384835881571
27.144000000000023,0.006655030877230739
27.146000000000022,0.006656878886845546
27.148000000000025,0.00665833114845768
27.150000000000023,0.006659488808730657
27.152000000000022,0.006660952557199951
27.15400000000002,0.006662804665674399
27.156000000000024,0.006664441730077325
27.158000000000023,0.006665644252451031
27.16000000000002,0.00666693974894042
27.162000000000024,0.006668699841741704
27.164000000000023,0.006670488045257911
27.16600000000002,0.006671817907000166
27.168000000000024,0.006673003906051023
27.170000000000023,0.006674603271159318
27.172000000000022,0.006676465849153601
27.174000000000024,0.006677973079863314
27.176000000000023,0.006679136363113319
27.178000000000022,0.0066805523806177936
27.180000000000025,0.00668239101546908
27.182000000000023,0.006684078607547744
27.184000000000022,0.006685311772911373
27.18600000000003,0.006686572047721162
27.188000000000024,0.00668829588323544
27.190000000000023,0.006690116885187891
27.192000000000025,0.006691495170816825
27.194000000000024,0.006692668060925916
27.196000000000023,0.006694219983874955
27.19800000000002,0.006696089239764114
27.200000000000024,0.006697650662355004
27.202000000000023,0.006698826668592089
27.204000000000022,0.006700198113338995
27.206000000000024,0.006702016615315054
27.208000000000023,0.006703750203927494
27.210000000000022,0.006705019202975782
27.212000000000025,0.0067062502329635065
27.214000000000024,0.006707934277541461
27.216000000000022,0.00670978103799727
27.21800000000003,0.006711209710136917
27.220000000000024,0.006712376610006399
27.222000000000023,0.006713881493168539
27.22400000000002,0.006715749953403238
27.226000000000024,0.006717363729895787
27.228000000000023,0.006718558917406248
27.23000000000002,0.00671988974032206
27.232000000000024,0.0067216824156836885
27.234000000000023,0.006723456798014865
27.236000000000022,0.006724765838640762
27.238000000000024,0.006725973855729261
27.240000000000023,0.00672761575733144
27.242000000000022,0.006729481174271856
27.244000000000025,0.006730961103373928
27.246000000000024,0.006732128843828289
27.248000000000022,0.006733588116784622
27.25000000000003,0.006735448883499501
27.252000000000024,0.006737112254757122
27.254000000000023,0.0067383323552371865
27.256000000000025,0.006739627114104058
27.258000000000024,0.006741389283258653
27.260000000000023,0.00674319877885049
27.26200000000002,0.006744551081175748
27.264000000000024,0.006745742398378385
27.266000000000023,0.006747340915937899
27.268000000000022,0.006749218015840386
27.270000000000024,0.006750749058873601
27.272000000000023,0.00675192405810815
27.274000000000022,0.006753340025410559
27.27600000000002,0.006755186896995613
27.278000000000024,0.006756896333819512
27.280000000000022,0.00675814629601823
27.28200000000003,0.006759409978973924
27.284000000000024,0.006761137986082938
27.286000000000023,0.006762976623990585
27.28800000000002,0.006764374441032173
27.290000000000024,0.006765555300464632
27.292000000000023,0.006767110208659943
27.294000000000022,0.006768992310681371
27.296000000000024,0.006770573408373615
27.298000000000023,0.006771761573789364
27.300000000000022,0.006773137258962586
27.302000000000024,0.006774964813291179
27.304000000000023,0.006776716173027858
27.306000000000022,0.006778000132433071
27.30800000000002,0.006779237994950282
27.310000000000024,0.006780929184283524
27.312000000000022,0.00678279087775055
27.31400000000003,0.006784235538129985
27.316000000000024,0.006785411981741735
27.318000000000023,0.006786923958839203
27.320000000000025,0.006788804810101939
27.322000000000024,0.006790434097922737
27.324000000000023,0.006791640753074396
27.326000000000022,0.006792979744874722
27.328000000000024,0.00679478338758388
27.330000000000023,0.006796572070694312
27.332000000000022,0.006797893342557426
27.334000000000024,0.0067991107606272805
27.336000000000023,0.006800763425907519
27.338000000000022,0.006802642130125491
27.34000000000002,0.0068041340991029375
27.342000000000024,0.006805311861984492
27.344000000000023,0.006806782367634073
27.346000000000025,0.006808656248721734
27.348000000000024,0.0068103311768775154
27.350000000000023,0.006811561011670297
27.35200000000002,0.006812867317262689
27.354000000000024,0.006814643298640871
27.356000000000023,0.006816464400292294
27.358000000000022,0.0068178254931253734
27.360000000000024,0.006819027834216923
27.362000000000023,0.006820641147230161
27.364000000000022,0.006822530996991427
27.366000000000025,0.00682406995206386
27.368000000000023,0.006825254377536394
27.370000000000022,0.006826685526440196
27.37200000000002,0.006828547327611928
27.374000000000024,0.00683026478555282
27.376000000000023,0.00683152182756222
27.378000000000025,0.006832799736028128
27.380000000000024,0.006834545140824294
27.382000000000023,0.006836393593321388
27.384000000000025,0.00683779623991157
27.386000000000024,0.00683898875234587
27.388000000000023,0.006840562676787704
27.390000000000022,0.006842458102077675
27.392000000000024,0.006844043019419099
27.394000000000023,0.00684523899464895
27.396000000000022,0.00684663343097891
27.398000000000025,0.0068484787007676295
27.400000000000023,0.0068502351420617336
27.402000000000022,0.006851522746685018
27.40400000000002,0.006852776705175506
27.406000000000024,0.006854489420029614
27.408000000000023,0.00685636012275212
27.410000000000025,0.006857805325707261
27.412000000000024,0.006858993046365197
27.414000000000023,0.0068605282423437886
27.41600000000002,0.006862424061075817
27.418000000000024,0.006864053309224516
27.420000000000023,0.006865265219787753
27.422000000000022,0.006866625996195974
27.424000000000024,0.006868450964926082
27.426000000000023,0.00687024252882501
27.428000000000022,0.0068715633858860425
27.430000000000025,0.006872797889802773
27.432000000000023,0.006874476553071385
27.434000000000022,0.006876364487479053
27.43600000000003,0.0068778525763447396
27.438000000000024,0.00687904025608882
27.440000000000023,0.006880537980008511
27.442000000000025,0.006882429468125784
27.444000000000024,0.0068841009055355395
27.446000000000023,0.006885332607152933
27.448000000000025,0.0068866630712489385
27.450000000000024,0.0068884646526020665
27.452000000000023,0.006890287279178703
27.454000000000022,0.006891643433576455
27.456000000000024,0.006892862931408061
27.458000000000023,0.0068945068699766965
27.460000000000022,0.0068964071981251485
27.462000000000025,0.006897937895196965
27.464000000000024,0.006899129940997117
27.466000000000022,0.0069005919447792385
27.46800000000003,0.006902474884797588
27.470000000000024,0.006904185958160947
27.472000000000023,0.006905440763706722
27.474000000000025,0.006906744454011682
27.476000000000024,0.00690852022809732
27.478000000000023,0.006910369764448171
27.48000000000002,0.006911762648456415
27.482000000000024,0.006912971461302181
27.484000000000023,0.0069145806186123315
27.486000000000022,0.006916488764451001
27.488000000000024,0.006918061256542096
27.490000000000023,0.006919261689032369
27.492000000000022,0.006920690121854062
27.494000000000025,0.00692256083157608
27.496000000000024,0.006924308672184271
27.498000000000022,0.006925589352019257
27.50000000000003,0.006926869904665678
27.502000000000024,0.006928618086154831
27.504000000000023,0.006930490381793442
27.506000000000025,0.0069319208566820945
27.508000000000024,0.006933123112039641
27.510000000000023,0.0069346979710742385
27.512000000000025,0.0069366096845326075
27.514000000000024,0.006938222698148699
27.516000000000023,0.006939435123171356
27.518000000000022,0.006940832438163513
27.520000000000024,0.006942687781758383
27.522000000000023,0.006944469297569894
27.524000000000022,0.006945778091248578
27.52600000000002,0.006947039158079232
27.528000000000024,0.006948758552876577
27.530000000000022,0.0069506495430674275
27.53200000000003,0.006952117947812975
27.534000000000024,0.006953317526879221
27.536000000000023,0.006954859031300359
27.538000000000025,0.0069567704357913485
27.540000000000024,0.006958422313397661
27.542000000000023,0.006959649905996651
27.544000000000022,0.006961018773674554
27.546000000000024,0.0069628561575955095
27.548000000000023,0.00696466811912308
27.550000000000022,0.006966006756563031
27.552000000000024,0.006967251934787644
27.554000000000023,0.006968941888493563
27.556000000000022,0.006970847664863833
27.55800000000002,0.006972353869850206
27.560000000000024,0.006973554367353141
27.562000000000022,0.006975063843420171
27.56400000000003,0.006976971467880205
27.566000000000024,0.006978660243215751
27.568000000000023,0.006979905742508924
27.570000000000025,0.00698124897211827
27.572000000000024,0.006983066328452331
27.574000000000023,0.0069849054470232375
27.576000000000025,0.006986275177297024
27.578000000000024,0.006987507950487304
27.580000000000023,0.00698916829157914
27.582000000000022,0.006991085159870319
27.584000000000024,0.0069926286236438595
27.586000000000023,0.006993833319076909
27.588000000000022,0.006995312400420894
27.59000000000002,0.006997213197366292
27.592000000000024,0.006998936668062561
27.594000000000023,0.007000202381425014
27.596000000000025,0.007001522850894004
27.598000000000024,0.007003318610717735
27.600000000000023,0.007005181608103844
27.602000000000025,0.0070065832341099366
27.604000000000024,0.0070078069240250285
27.606000000000023,0.007009437904312632
27.608000000000022,0.007011362429583751
27.610000000000024,0.007012942256915428
27.612000000000023,0.0070141540959617055
27.614000000000022,0.007015604652780144
27.616000000000025,0.007017496004096402
27.618000000000023,0.007019251800165521
27.620000000000022,0.0070205396152033805
27.62200000000002,0.007021840209983199
27.624000000000024,0.007023613269179441
27.626000000000023,0.007025496938003251
27.628000000000025,0.007026930855393326
27.630000000000024,0.00702814858392839
27.632000000000023,0.007029750818434044
27.634000000000025,0.007031679858393369
27.636000000000024,0.007033294858106998
27.638000000000023,0.007034516443009647
27.640000000000025,0.007035940516790934
27.642000000000024,0.007037820229090275
27.644000000000023,0.007039605876168781
27.646000000000022,0.00704091727902631
27.648000000000025,0.007042200839782187
27.650000000000023,0.00704395051957335
27.652000000000022,0.007045851774269252
27.65400000000002,0.007047318013145731
27.656000000000024,0.007048532673560454
27.658000000000023,0.007050107081574164
27.660000000000025,0.0070520378089929114
27.662000000000024,0.007053686550239968
27.664000000000023,0.007054920137879117
27.666000000000025,0.007056319882369405
27.668000000000024,0.00705818617378054
27.670000000000023,0.007059999150317242
27.672000000000022,0.007061335248950168
27.674000000000024,0.0070626045278197325
27.676000000000023,0.007064330532024876
27.678000000000022,0.007066246450458308
27.680000000000025,0.007067744718506547
27.682000000000023,0.00706895895501275
27.684000000000022,0.0070705067036918035
27.68600000000003,0.007072436619045247
27.688000000000024,0.007074117484932418
27.690000000000023,0.0070753649914050976
27.692000000000025,0.007076742620202137
27.694000000000024,0.007078594100400404
27.696000000000023,0.007080431888270344
27.698000000000025,0.0070817934394176996
27.700000000000024,0.007083051064373624
27.702000000000023,0.007084753435123409
27.704000000000025,0.007086681291235242
27.706000000000024,0.007088211017114848
27.708000000000023,0.007089427211865146
27.710000000000022,0.00709094966340057
27.712000000000025,0.007092876598997544
27.714000000000024,0.007094587836696559
27.716000000000022,0.007095850847251867
27.71800000000003,0.007097208588142029
27.720000000000024,0.007099044233317198
27.722000000000023,0.007100904361602184
27.724000000000025,0.007102291800305249
27.726000000000024,0.007103540247033607
27.728000000000023,0.007105219320393902
27.730000000000025,0.007107156608449378
27.732000000000024,0.007108716984433022
27.734000000000023,0.0071099372509507985
27.736000000000022,0.007111435914015446
27.738000000000024,0.007113358030921529
27.740000000000023,0.007115097797609549
27.742000000000022,0.007116377580863337
27.744000000000025,0.007117717636808046
27.746000000000024,0.00711953676111407
27.748000000000022,0.00712141684302145
27.75000000000003,0.007122830313654793
27.752000000000024,0.0071240718842851825
27.754000000000023,0.007125728246964447
27.756000000000025,0.00712767269813655
27.758000000000024,0.007129262721152163
27.760000000000023,0.007130488903265619
27.762000000000025,0.00713196538919425
27.764000000000024,0.0071338811682459535
27.766000000000023,0.007135647572425519
27.768000000000026,0.007136945097863501
27.770000000000024,0.007138269614381326
27.772000000000023,0.00714007183923121
27.774000000000022,0.00714196960231539
27.77600000000002,0.007143408990222144
27.778000000000024,0.007144645798200261
27.780000000000022,0.007146280246260572
27.78200000000003,0.0071482298383786225
27.784000000000024,0.0071498483487697495
27.786000000000023,0.007151082024156319
27.788000000000025,0.007152538008091042
27.790000000000024,0.007154446236240064
27.792000000000023,0.007156237374173563
27.794000000000025,0.007157553332042016
27.796000000000024,0.0071588643706182176
27.798000000000023,0.007160649592997864
27.800000000000022,0.007162562903004127
27.802000000000024,0.007164027865950967
27.804000000000023,0.007165261826335784
27.806000000000022,0.007166875326590216
27.80800000000002,0.0071688282879366905
27.810000000000024,0.007170474005413874
27.812000000000022,0.007171716492914926
27.81400000000003,0.007173153679969263
27.816000000000024,0.007175053433110201
27.818000000000023,0.0071768674202668525
27.820000000000025,0.00717820224304444
27.822000000000024,0.007179501760122858
27.824000000000023,0.0071812701209036656
27.826000000000025,0.007183196999671987
27.828000000000024,0.007184686998464279
27.830000000000023,0.00718591982293873
27.832000000000026,0.0071875134775152005
27.834000000000024,0.007189468285566686
27.836000000000023,0.007191139841964428
27.838000000000022,0.007192392211898546
27.84000000000002,0.0071938123082552485
27.842000000000024,0.0071957029315773136
27.844000000000023,0.00719753792912764
27.846000000000025,0.007198891813871788
27.848000000000024,0.007200181644934717
27.850000000000023,0.0072019334979812055
27.852000000000025,0.0072038721359306
27.854000000000024,0.0072053864636461296
27.856000000000023,0.007206619659559793
27.858000000000025,0.00720819467393391
27.860000000000024,0.007210150049921427
27.862000000000023,0.007211846018508411
27.864000000000022,0.007213109105280058
27.866000000000025,0.0072145137940328175
27.868000000000023,0.007216394880811855
27.870000000000022,0.007218249117322023
27.87200000000002,0.007219622048276614
27.874000000000024,0.007220903896499098
27.876000000000023,0.007222639779192075
27.878000000000025,0.007224588542955546
27.880000000000024,0.007226126352371048
27.882000000000023,0.007227361225171952
27.884000000000025,0.007228918879824242
27.886000000000024,0.007230873779941499
27.888000000000023,0.007232592701148788
27.890000000000025,0.0072338671175254665
27.892000000000024,0.007235258038998632
27.894000000000023,0.007237129408615678
27.896000000000026,0.007239001197180878
27.898000000000025,0.007240392968129089
27.900000000000023,0.0072416683970904505
27.902000000000022,0.00724338900273247
27.90400000000002,0.007245346438536554
27.906000000000024,0.007246906767423955
27.908000000000023,0.0072481444258847005
27.910000000000025,0.007249686051619075
27.912000000000024,0.007251639655642517
27.914000000000023,0.0072533800591739195
27.916000000000025,0.00725466621168086
27.918000000000024,0.0072560449479111
27.920000000000023,0.0072579066237550005
27.922000000000025,0.0072597943748777816
27.924000000000024,0.007261204610814587
27.926000000000023,0.007262475040761496
27.928000000000022,0.007264181193191971
27.930000000000025,0.007266146026572329
27.932000000000023,0.007267727820640835
27.934000000000022,0.007268969184337365
27.93600000000003,0.007270496141203148
27.938000000000024,0.0072724478392101055
27.940000000000023,0.007274208262584875
27.942000000000025,0.007275506367541096
27.944000000000024,0.007276874430574398
27.946000000000023,0.007278726618359682
27.948000000000025,0.007280628848925719
27.950000000000024,0.0072820570267075335
27.952000000000023,0.007283323733890207
27.954000000000025,0.007285016364518199
27.956000000000024,0.007286987496943481
27.958000000000023,0.007288589630287612
27.960000000000026,0.007289835438848036
27.962000000000025,0.007291349098535266
27.964000000000024,0.007293298476321319
27.966000000000022,0.007295077479966772
27.96800000000003,0.0072963875797610045
27.970000000000024,0.007297746403404498
27.972000000000023,0.007299589470321666
27.974000000000025,0.00730150480904837
27.976000000000024,0.007302950276762504
27.978000000000023,0.0073042143953929994
27.980000000000025,0.0073058945227567895
27.982000000000024,0.00730787102569716
27.984000000000023,0.007309492318687133
27.986000000000026,0.007310743142383502
27.988000000000024,0.007312244873909635
27.990000000000023,0.007314191697619599
27.992000000000022,0.0073159878766857755
27.994000000000025,0.007317309855959742
27.996000000000024,0.007318660790628179
27.998000000000022,0.007320495245636577
28.00000000000003,0.0073224224353814205
28.002000000000024,0.007323884430245897
28.004000000000023,0.007325146956668388
28.006000000000025,0.007326815668547398
28.008000000000024,0.007328796775479068
28.010000000000023,0.007330436010095448
28.012000000000025,0.00733169226141181
28.014000000000024,0.007333183419881095
28.016000000000023,0.007335127620278797
28.018000000000026,0.007336939613385218
28.020000000000024,0.007338273214859636
28.022000000000023,0.00733961752516496
28.024000000000026,0.007341444000645153
28.02600000000002,0.007343381897955081
28.028000000000024,0.007344859562628814
28.030000000000022,0.007346121361330921
28.03200000000003,0.007347779799368598
28.034000000000024,0.007349764896153299
28.036000000000023,0.007351420828821176
28.038000000000025,0.007352682774685981
28.040000000000024,0.007354164692880083
28.042000000000023,0.007356106349601682
28.044000000000025,0.0073579328447543335
28.046000000000024,0.007359277684493987
28.048000000000023,0.007360616549243165
28.050000000000026,0.007362435784142668
28.052000000000024,0.007364383356411458
28.054000000000023,0.007365875753653106
28.056000000000022,0.007367137564789211
28.05800000000002,0.007368786911534225
28.060000000000024,0.007370775525554818
28.062000000000022,0.007372446897578044
28.06400000000003,0.007373714672005038
28.066000000000024,0.00737518865455053
28.068000000000023,0.007377127980605719
28.070000000000025,0.007378967718535828
28.072000000000024,0.007380323300509084
28.074000000000023,0.007381657814796383
28.076000000000025,0.007383470639333756
28.078000000000024,0.0073854269599109845
28.080000000000023,0.007386933085575975
28.082000000000026,0.007388195533715919
28.084000000000024,0.00738983700194723
28.086000000000023,0.007391828790325683
28.088000000000026,0.007393514336056423
28.09000000000002,0.007394787952987952
28.092000000000024,0.0073962552728432385
28.094000000000023,0.007398192599557429
28.096000000000025,0.007400044374743092
28.098000000000024,0.007401410104580786
28.100000000000023,0.007402741283687148
28.102000000000025,0.0074045486056169285
28.104000000000024,0.007406512847183633
28.106000000000023,0.007408031641594759
28.108000000000025,0.007409295245452557
28.110000000000024,0.007410930069625454
28.112000000000023,0.007412924806789484
28.114000000000026,0.007414623259696801
28.116000000000025,0.007415902625891507
28.118000000000023,0.0074173645228980956
28.120000000000022,0.00741930028542423
28.12200000000002,0.007421162945053433
28.124000000000024,0.00742253814296126
28.126000000000023,0.007423866927796674
28.128000000000025,0.00742566972019143
28.130000000000024,0.007427641146685954
28.132000000000023,0.007429171504450299
28.134000000000025,0.007430436687386022
28.136000000000024,0.007432066117013636
28.138000000000023,0.007434063681827169
28.140000000000025,0.007435773778647764
28.142000000000024,0.007437058706499383
28.144000000000023,0.007438516387747673
28.146000000000026,0.0074404511112188265
28.148000000000025,0.0074423235523474185
28.150000000000023,0.007443707465166344
28.152000000000026,0.007445034729020361
28.15400000000002,0.007446834019481319
28.156000000000024,0.007448811976825398
28.158000000000023,0.0074503527552036986
28.160000000000025,0.0074516198563296665
28.162000000000024,0.007453245151099741
28.164000000000023,0.007455245513719538
28.166000000000025,0.007456965996888776
28.168000000000024,0.007458256217101
28.170000000000023,0.007459710858872093
28.172000000000025,0.007461645145216245
28.174000000000024,0.007463526310364621
28.176000000000023,0.007464918122810998
28.178000000000026,0.007466244679200096
28.180000000000025,0.007468041540377918
28.182000000000023,0.007470025446220274
28.184000000000022,0.0074715754721806915
28.18600000000003,0.00747284475793536
28.188000000000024,0.007474467184353434
28.190000000000023,0.007476470392929119
28.192000000000025,0.007478200011501096
28.194000000000024,0.00747949518557936
28.196000000000023,0.007480947936633425
28.198000000000025,0.007482882452029133
28.200000000000024,0.0074847713234493796
28.202000000000023,0.0074861701685977056
28.204000000000025,0.007487496780023584
28.206000000000024,0.007489292321302826
28.208000000000023,0.007491281653964704
28.210000000000026,0.007492839730076972
28.212000000000025,0.0074941114061608805
28.214000000000024,0.0074957322355023726
28.216000000000026,0.007497738402797105
28.21800000000003,0.00749947591206826
28.220000000000024,0.007500775644620733
28.222000000000023,0.007502227630614172
28.224000000000025,0.0075041630935290815
28.226000000000024,0.007506058686362921
28.228000000000023,0.00750746365546151
28.230000000000025,0.007508791042915103
28.232000000000024,0.007510586403093794
28.234000000000023,0.007512580689875065
28.236000000000026,0.007514145599217176
28.238000000000024,0.007515419822810593
28.240000000000023,0.007517040330164204
28.242000000000026,0.0075190496201361645
28.244000000000025,0.007520793780191493
28.246000000000024,0.007522097631056546
28.248000000000022,0.007523549959881554
28.25000000000003,0.007525487129606434
28.252000000000024,0.007527388484140668
28.254000000000023,0.007528798635873718
28.256000000000025,0.007530127488938387
28.258000000000024,0.00753192382971879
28.260000000000023,0.007533922634695517
28.262000000000025,0.007535493144961047
28.264000000000024,0.00753677003716674
28.266000000000023,0.0075383915013451375
28.268000000000026,0.007540404115703309
28.270000000000024,0.007542153689107128
28.272000000000023,0.007543461185348155
28.274000000000026,0.00754491495319487
28.27600000000002,0.007546854618761284
28.278000000000024,0.007548760791977749
28.280000000000026,0.007550175161304656
28.28200000000003,0.007551506148728876
28.284000000000024,0.007553304648821257
28.286000000000023,0.007555307560246471
28.288000000000025,0.007556882427252332
28.290000000000024,0.007558162085722353
28.292000000000023,0.007559785789818446
28.294000000000025,0.007561801954539704
28.296000000000024,0.007563555703394342
28.298000000000023,0.007564866351218835
28.300000000000026,0.007566322649170426
28.302000000000024,0.007568265618520725
28.304000000000023,0.0075701756751298255
28.306000000000026,0.00757159328184856
28.30800000000002,0.007572927062467372
28.310000000000024,0.007574728912099371
28.312000000000022,0.007576735529502748
28.31400000000003,0.007578313500305717
28.316000000000024,0.007579596012026513
28.318000000000023,0.0075812232443896455
28.320000000000025,0.007583243196168737
28.322000000000024,0.007584999878767568
28.324000000000023,0.007586313175441339
28.326000000000025,0.007587773096413397
28.328000000000024,0.007589720185678606
28.330000000000023,0.007591633188818836
28.332000000000026,0.007593053046010295
28.334000000000024,0.0075943902799047724
28.336000000000023,0.007596196675519806
28.338000000000026,0.007598206596591522
28.34000000000002,0.007599786412430504
28.342000000000024,0.007601071866647768
28.344000000000026,0.007602703922052673
28.346000000000025,0.007604727894645086
28.348000000000024,0.007606486261947043
28.350000000000023,0.007607801707782386
28.352000000000025,0.007609266353622357
28.354000000000024,0.007611218376353673
28.356000000000023,0.0076131333781393196
28.358000000000025,0.00761455450065715
28.360000000000024,0.007615895860443533
28.362000000000023,0.007617707999366619
28.364000000000026,0.007619720806706476
28.366000000000025,0.007621301205990749
28.368000000000023,0.007622589707260957
28.370000000000026,0.007624227888038904
28.37200000000002,0.007626256098450024
28.374000000000024,0.0076280148906091305
28.376000000000023,0.007629332001109407
28.378000000000025,0.0076308024896685756
28.380000000000024,0.007632760245863707
28.382000000000023,0.007634676277963437
28.384000000000025,0.007636097691137073
28.386000000000024,0.007637443873276029
28.388000000000023,0.007639262948121339
28.390000000000025,0.007641278195935131
28.392000000000024,0.007642857917505241
28.394000000000023,0.007644149598858174
28.396000000000026,0.007645795215756174
28.398000000000025,0.007647827850232547
28.400000000000023,0.007649585793417069
28.402000000000026,0.007650904111659973
28.40400000000002,0.007652381583646561
28.406000000000024,0.0076543458484122084
28.408000000000026,0.007656261912848322
28.410000000000025,0.007657682661567106
28.412000000000024,0.0076590343975787845
28.414000000000023,0.007660861590170515
28.416000000000025,0.00766287879100358
28.418000000000024,0.007664456577890277
28.420000000000023,0.007665751614082089
28.422000000000025,0.0076674059866105315
28.424000000000024,0.00766944318639709
28.426000000000023,0.007671198990139849
28.428000000000026,0.007672518099475917
28.430000000000025,0.007674003724888856
28.432000000000023,0.007675975236585975
28.434000000000026,0.007677890296952844
28.43600000000003,0.007679309455295963
28.438000000000024,0.00768066752275498
28.440000000000023,0.007682503997333556
28.442000000000025,0.007684522608945421
28.444000000000024,0.007686097212854237
28.446000000000023,0.007687395833678973
28.448000000000025,0.007689060289701455
28.450000000000024,0.007691102136540839
28.452000000000023,0.007692854491868878
28.454000000000025,0.0076941740290006055
28.456000000000024,0.007695669012933365
28.458000000000023,0.007697648460661594
28.460000000000026,0.007699561433976737
28.462000000000025,0.007700978115543017
28.464000000000024,0.007702343348714641
28.466000000000026,0.00770419024420374
28.46800000000003,0.007706209656705487
28.470000000000024,0.007707779843451001
28.472000000000026,0.007709082347062579
28.474000000000025,0.007710758221376318
28.476000000000024,0.007712804722750044
28.478000000000023,0.0077145523013461
28.480000000000025,0.007715871969837085
28.482000000000024,0.0077173775574263526
28.484000000000023,0.007719365567720821
28.486000000000026,0.007721275317137566
28.488000000000024,0.007722688686219975
28.490000000000023,0.007724061986177838
28.492000000000026,0.007725920407290504
28.494000000000025,0.007727939930697092
28.496000000000024,0.007729504486803679
28.498000000000026,0.007730811252978503
28.50000000000003,0.007732499884626293
28.502000000000024,0.007734550958764658
28.504000000000023,0.007736292413419832
28.506000000000025,0.007737611997664456
28.508000000000024,0.007739129477940171
28.510000000000023,0.00774112660057602
28.512000000000025,0.007743031929207528
28.514000000000024,0.007744441212937159
28.516000000000023,0.00774582355697967
28.518000000000026,0.007747694563955687
28.520000000000024,0.007749713416330795
28.522000000000023,0.0077512711570108805
28.524000000000026,0.007752582660254331
28.52600000000002,0.007754285388303805
28.528000000000024,0.007756340849028293
28.530000000000026,0.007758074815649413
28.53200000000003,0.007759394195302749
28.534000000000024,0.007760924903680161
28.536000000000026,0.007762931596510758
28.538000000000025,0.007764831242635495
28.540000000000024,0.007766235744197297
28.542000000000023,0.007767628194353032
28.544000000000025,0.007769512791130806
28.546000000000024,0.00777153008754447
28.548000000000023,0.007773079866247479
28.550000000000026,0.007774396688615792
28.552000000000024,0.007776114846138021
28.554000000000023,0.007778174387642833
28.556000000000026,0.007779899489079561
28.55800000000002,0.007781218653918814
28.560000000000024,0.007782763973049195
28.562000000000026,0.007784780585841949
28.56400000000003,0.007786673219783297
28.566000000000024,0.007788072332778423
28.568000000000023,0.00778947604315719
28.570000000000025,0.007791375163807679
28.572000000000024,0.007793389906363191
28.574000000000023,0.007794930626073976
28.576000000000025,0.007796253469544184
28.578000000000024,0.007797988375523146
28.580000000000023,0.007800051557255855
28.582000000000026,0.00780176640921057
28.584000000000024,0.007803085474356902
28.586000000000023,0.007804646833036333
28.588000000000026,0.007806673590316782
28.59000000000002,0.007808557813311218
28.592000000000024,0.00780995103730367
28.594000000000026,0.007811367260016494
28.596000000000025,0.00781328175329471
28.598000000000024,0.007815292822530323
28.600000000000026,0.007816823448965643
28.602000000000025,0.007818153147144735
28.604000000000024,0.007819906096053514
28.606000000000023,0.007821972327911209
28.608000000000025,0.007823675547189102
28.610000000000024,0.0078249947685759
28.612000000000023,0.007826573638389484
28.614000000000026,0.007828610621362808
28.616000000000025,0.007830484966748458
28.618000000000023,0.007831871923993289
28.620000000000026,0.007833302013327131
28.62200000000002,0.00783523262523586
28.624000000000024,0.007837238773249489
28.626000000000026,0.007838758350072444
28.628000000000025,0.007840095878989428
28.630000000000024,0.00784186812778015
28.632000000000023,0.007843936655905243
28.634000000000025,0.007845626871246209
28.636000000000024,0.007846946661167448
28.638000000000023,0.007848544550530495
28.640000000000025,0.007850591678216418
28.642000000000024,0.007852454615290327
28.644000000000023,0.00785383506858961
28.646000000000026,0.00785528048308215
28.648000000000025,0.007857227837393649
28.650000000000023,0.007859227683088166
28.652000000000026,0.00786073534921844
28.65400000000002,0.007862081836889023
28.656000000000024,0.007863874589163489
28.658000000000026,0.007865944482694759
28.660000000000025,0.0078676203484086
28.662000000000024,0.007868941290923748
28.664000000000026,0.007870559736166849
28.666000000000025,0.00787261674596415
28.668000000000024,0.007874466686863035
28.670000000000023,0.007875840558438596
28.672000000000025,0.007877302860461705
28.674000000000024,0.0078792674372066
28.676000000000023,0.007881259464096124
28.678000000000026,0.007882754473143044
28.680000000000025,0.007884111207543176
28.682000000000023,0.007885925594701915
28.684000000000026,0.007887995733913578
28.68600000000003,0.007889655946506813
28.688000000000024,0.007890978812413796
28.690000000000026,0.007892619365554743
28.692000000000025,0.007894685793541134
28.694000000000024,0.007896521103499171
28.696000000000023,0.007897888494707739
28.698000000000025,0.007899369347126983
28.700000000000024,0.007901351459138561
28.702000000000023,0.007903334016196611
28.704000000000025,0.007904815757984102
28.706000000000024,0.007906184193008536
28.708000000000023,0.007908021252222064
28.710000000000026,0.007910090318561103
28.712000000000025,0.007911733636500884
28.714000000000024,0.007913059397520017
28.716000000000026,0.007914723610366353
28.71800000000003,0.007916798771742478
28.720000000000024,0.00791861778306821
28.722000000000026,0.007919978994706978
28.724000000000025,0.007921480154153782
28.726000000000024,0.007923479921851079
28.728000000000026,0.007925451227912855
28.730000000000025,0.007926919251992792
28.732000000000024,0.007928301010913935
28.734000000000023,0.007930161659822882
28.736000000000026,0.007932228128436386
28.738000000000024,0.007933853395139079
28.740000000000023,0.00793518323687431
28.742000000000026,0.007936872641119003
28.744000000000025,0.007938955611315607
28.746000000000024,0.007940756641400204
28.748000000000026,0.007942112194273043
28.75000000000003,0.007943635500535035
28.752000000000024,0.007945652825243316
28.754000000000026,0.007947610977493497
28.756000000000025,0.007949065018464152
28.758000000000024,0.0079504618943467
28.760000000000023,0.007952346902480811
28.762000000000025,0.007954409037897237
28.764000000000024,0.007956015207958939
28.766000000000023,0.007957350541124175
28.768000000000026,0.007959066624127431
28.770000000000024,0.0079611562212136
28.772000000000023,0.007962937594841568
28.774000000000026,0.007964288250164459
28.77600000000002,0.007965835611182387
28.778000000000024,0.007967870147418676
28.780000000000026,0.007969813134500958
28.78200000000003,0.00797125313885294
28.784000000000024,0.007972667091321689
28.786000000000026,0.007974577048333348
28.788000000000025,0.007976632904030556
28.790000000000024,0.007978219072629411
28.792000000000026,0.007979561541944236
28.794000000000025,0.007981305717950443
28.796000000000024,0.007983400487105552
28.798000000000023,0.00798516056327278
28.800000000000026,0.007986507342399946
28.802000000000024,0.007988080714354084
28.804000000000023,0.007990131841659559
28.806000000000026,0.007992057561925947
28.80800000000002,0.007993483716036531
28.810000000000024,0.007994916863740348
28.812000000000026,0.007996852144682015
28.81400000000003,0.007998899567326218
28.816000000000024,0.008000465002623774
28.818000000000026,0.008001816492697406
28.820000000000025,0.00800359006931442
28.822000000000024,0.008005688270250333
28.824000000000023,0.008007425473609192
28.826000000000025,0.008008769676460165
28.828000000000024,0.00801037103844221
28.830000000000023,0.008012437833506497
28.832000000000026,0.008014344118886463
28.834000000000024,0.008015756877665564
28.836000000000023,0.008017211485737141
28.838000000000026,0.00801917221377424
28.84000000000002,0.008021208852947409
28.842000000000024,0.008022753031197954
28.844000000000026,0.008024115668637144
28.846000000000025,0.008025919808516802
28.848000000000024,0.008028019406852327
28.850000000000026,0.008029732263796635
28.852000000000025,0.008031075485254585
28.854000000000024,0.008032706808058426
28.856000000000027,0.008034788018063566
28.858000000000025,0.008036672663960909
28.860000000000024,0.008038072779532723
28.862000000000023,0.008039551241310339
28.864000000000026,0.008041537248451941
28.866000000000025,0.008043560572690872
28.868000000000023,0.008045083215632742
28.870000000000026,0.008046459366527536
28.87200000000002,0.008048295044331716
28.874000000000024,0.008050393708028875
28.876000000000026,0.008052080887297669
28.878000000000025,0.008053425030738054
28.880000000000024,0.008055088239370484
28.882000000000026,0.008057182257670548
28.884000000000025,0.008059043059196719
28.886000000000024,0.008060431608863883
28.888000000000023,0.008061936421131094
28.890000000000025,0.008063947207781835
28.892000000000024,0.008065954527726182
28.894000000000023,0.00806745564167985
28.896000000000026,0.008068847903548032
28.898000000000025,0.008070715858473354
28.900000000000023,0.008072810960523619
28.902000000000026,0.008074471318046311
28.90400000000002,0.008075818605043333
28.906000000000024,0.008077515534661656
28.908000000000026,0.008079620380103403
28.910000000000025,0.008081455174818064
28.912000000000024,0.008082833587420568
28.914000000000026,0.008084367318431152
28.916000000000025,0.008086402012816851
28.918000000000024,0.008088390512193094
28.920000000000027,0.008089870428130419
28.922000000000025,0.008091281615338952
28.924000000000024,0.008093182299703322
28.926000000000023,0.008095270928303422
28.928000000000026,0.00809690355583051
28.930000000000025,0.00809825653097665
28.932000000000023,0.008099988876110797
28.934000000000026,0.00810210217748189
28.93600000000003,0.008103908894640133
28.938000000000024,0.00810527897427507
28.940000000000026,0.00810684422387814
28.942000000000025,0.008108901542669467
28.944000000000024,0.008110868317723618
28.946000000000026,0.008112327731399388
28.948000000000025,0.008113760853039331
28.950000000000024,0.008115694377712424
28.952000000000023,0.008117773355171665
28.954000000000025,0.008119377632034575
28.956000000000024,0.008120739161704443
28.958000000000023,0.00812250841882775
28.960000000000026,0.00812462740607775
28.962000000000025,0.008126404122172082
28.964000000000024,0.00812776806809648
28.966000000000026,0.008129367419368705
28.96800000000003,0.008131445631111345
28.970000000000024,0.008133387738935544
28.972000000000026,0.008134827749992107
28.974000000000025,0.008136285979164742
28.976000000000024,0.008138252056951817
28.978000000000026,0.008140317968522992
28.980000000000025,0.00814189361564932
28.982000000000024,0.008143266879443722
28.984000000000027,0.00814507428322192
28.986000000000026,0.008147195787223033
28.988000000000024,0.008148940787366027
28.990000000000023,0.008150301208760397
28.992000000000026,0.008151937170696982
28.994000000000025,0.008154034063944715
28.996000000000024,0.008155948579918054
28.998000000000026,0.008157370728690938
29.00000000000003,0.00815885736218347
29.002000000000024,0.008160855250638532
29.004000000000026,0.008162904484344868
29.006000000000025,0.008164451619423585
29.008000000000024,0.008165840092953763
29.010000000000026,0.008167686546837027
29.012000000000025,0.008169807009518887
29.014000000000024,0.008171518853935633
29.016000000000023,0.008172878778066911
29.018000000000026,0.0081745537190972
29.020000000000024,0.00817666657741542
29.022000000000023,0.008178550661701672
29.024000000000026,0.008179956962265006
29.02600000000002,0.008181475369662017
29.028000000000024,0.008183503815212295
29.030000000000026,0.008185532613545987
29.03200000000003,0.008187051805999379
29.034000000000024,0.00818845923362066
29.036000000000026,0.008190345235848745
29.038000000000025,0.008192460732534684
29.040000000000024,0.008194138327134087
29.042000000000026,0.008195501199328437
29.044000000000025,0.00819721727171313
29.046000000000024,0.00819934285795823
29.048000000000027,0.00820119383066445
29.050000000000026,0.008202586798475853
29.052000000000024,0.008204140359881151
29.054000000000023,0.008206197545570698
29.056000000000026,0.008208202069659692
29.05800000000002,0.00820969439383365
29.060000000000024,0.008211124749922999
29.062000000000026,0.008213050316492554
29.06400000000003,0.008215156592165512
29.066000000000024,0.008216799261840074
29.068000000000026,0.00821816893556479
29.070000000000025,0.00821992799111712
29.072000000000024,0.008222062543567027
29.074000000000026,0.00822387796778784
29.076000000000025,0.00822526064011328
29.078000000000024,0.008226852671869123
29.080000000000023,0.008228936171453954
29.082000000000026,0.008230912577923633
29.084000000000024,0.008232379662670458
29.086000000000023,0.00823383710008091
29.088000000000026,0.008235801686766964
29.09000000000002,0.008237894207782814
29.092000000000024,0.008239501770759189
29.094000000000026,0.00824088248602739
29.096000000000025,0.008242685984083231
29.098000000000024,0.008244825227079394
29.100000000000026,0.008246602998625452
29.102000000000025,0.008247978945763984
29.104000000000024,0.008249612613858148
29.106000000000027,0.008251719355388126
29.108000000000025,0.008253663885689988
29.110000000000024,0.008255107958284047
29.112000000000027,0.0082565967427147
29.114000000000026,0.008258599168835062
29.116000000000025,0.008260673191264695
29.118000000000023,0.008262246032498505
29.120000000000026,0.008263642380762687
29.12200000000002,0.008265491289920573
29.124000000000024,0.008267630461637143
29.126000000000026,0.008269368903798313
29.128000000000025,0.008270742228980499
29.130000000000024,0.008272420450258472
29.132000000000026,0.008274546692612128
29.134000000000025,0.008276455774058583
29.136000000000024,0.008277879696169638
29.138000000000027,0.00827940412538658
29.140000000000025,0.008281442502621056
29.142000000000024,0.00828349315793303
29.144000000000023,0.008285032299226835
29.146000000000026,0.008286449172930921
29.148000000000025,0.008288343868777415
29.150000000000023,0.0082904777685405
29.152000000000026,0.008292175729773282
29.15400000000002,0.008293551055492399
29.156000000000024,0.008295276387346728
29.158000000000026,0.008297417713417299
29.160000000000025,0.008299288070565097
29.162000000000024,0.008300695363812921
29.164000000000026,0.008302259670965623
29.166000000000025,0.00830433134116279
29.168000000000024,0.008306353739351569
29.170000000000027,0.008307860903574632
29.172000000000025,0.008309303428614745
29.174000000000024,0.008311243590448214
29.176000000000027,0.008313366647650339
29.178000000000026,0.00831502359962466
29.180000000000025,0.008316406038078511
29.182000000000023,0.00831818055799699
29.184000000000026,0.008320331888299115
29.18600000000003,0.008322160662682487
29.188000000000024,0.008323555521126569
29.190000000000026,0.008325163761857546
29.192000000000025,0.00832726524832339
29.194000000000024,0.008329254597857577
29.196000000000026,0.008330732264379581
29.198000000000025,0.008332205713897034
29.200000000000024,0.008334190224327742
29.202000000000027,0.008336296590405995
29.204000000000025,0.008337912723415164
29.206000000000024,0.008339307828715475
29.208000000000023,0.008341133005932672
29.210000000000026,0.008343288636267626
29.212000000000025,0.00834507351182423
29.214000000000024,0.008346460798600991
29.216000000000026,0.008348116722268845
29.21800000000003,0.008350243699481813
29.220000000000024,0.008352195442607152
29.222000000000026,0.008353646890823296
29.224000000000025,0.008355156579061718
29.226000000000024,0.008357183431261878
29.228000000000026,0.00835926709542309
29.230000000000025,0.008360843407770852
29.232000000000024,0.008362257107627419
29.234000000000027,0.008364133670141244
29.236000000000026,0.00836628733657363
29.238000000000024,0.008368026667463696
29.240000000000027,0.008369411892685724
29.242000000000026,0.008371118798840671
29.244000000000025,0.008373266085800635
29.246000000000024,0.00837517604682192
29.248000000000026,0.008376605384451341
29.25000000000003,0.008378156539880388
29.252000000000024,0.008380222758127553
29.254000000000026,0.008382277686517392
29.256000000000025,0.008383816064160166
29.258000000000024,0.008385254568904155
29.260000000000026,0.008387182370267227
29.262000000000025,0.008389327343990172
29.264000000000024,0.008391020280905687
29.266000000000027,0.008392409557898078
29.268000000000026,0.008394170140185647
29.270000000000024,0.008396331722602929
29.272000000000023,0.008398196265824276
29.274000000000026,0.008399608438517087
29.27600000000002,0.008401206056106836
29.278000000000024,0.00840330763601757
29.280000000000026,0.008405327932870438
29.28200000000003,0.008406831215317018
29.284000000000024,0.00840830090242839
29.286000000000026,0.008410278793961251
29.288000000000025,0.008412408007638539
29.290000000000024,0.008414054618173017
29.292000000000026,0.008415454595158883
29.294000000000025,0.008417270776087782
29.296000000000024,0.008419439862276418
29.298000000000027,0.00842125605535285
29.300000000000026,0.00842265683404525
29.302000000000024,0.008424305507500951
29.304000000000027,0.008426437382899332
29.306000000000026,0.008428417470918409
29.30800000000002,0.00842988949918791
29.310000000000024,0.008431396771978766
29.312000000000026,0.008433422487301834
29.31400000000003,0.008435528693176347
29.316000000000024,0.008437130071392768
29.318000000000026,0.00843854783588785
29.320000000000025,0.008440420597369047
29.322000000000024,0.008442589711956161
29.324000000000026,0.008444355489556049
29.326000000000025,0.00844575143197776
29.328000000000024,0.008447455167962747
29.330000000000027,0.008449611211543834
29.332000000000026,0.008451546027410856
29.334000000000024,0.008452991669714444
29.336000000000023,0.008454542789554792
29.338000000000026,0.008456612849498085
29.34000000000002,0.00845868880797887
29.342000000000024,0.008460247167993151
29.344000000000026,0.008461690121469051
29.346000000000025,0.008463619337670203
29.348000000000024,0.008465780456026667
29.350000000000026,0.008467494777970014
29.352000000000025,0.008468893160758245
29.354000000000024,0.008470655178653752
29.356000000000027,0.008472828243375669
29.358000000000025,0.008474713442957832
29.360000000000024,0.008476138593708576
29.362000000000027,0.008477739486217939
29.364000000000026,0.008479849133102457
29.366000000000025,0.008481887828746981
29.368000000000027,0.00848340657694574
29.370000000000026,0.008484882277829536
29.37200000000002,0.008486866558611611
29.374000000000024,0.008489011283235592
29.376000000000026,0.008490674280702742
29.378000000000025,0.008492082998735467
29.380000000000024,0.008493905521322564
29.382000000000026,0.008496087528669122
29.384000000000025,0.008497919695264977
29.386000000000024,0.008499331243033176
29.388000000000027,0.008500987280063294
29.390000000000025,0.008503130450891183
29.392000000000024,0.008505125330792923
29.394000000000027,0.00850660911121573
29.396000000000026,0.008508125085085638
29.398000000000025,0.008510161639961211
29.400000000000023,0.008512281417935863
29.402000000000026,0.008513894520961851
29.40400000000002,0.008515321950842453
29.406000000000024,0.008517205993395477
29.408000000000026,0.008519388073219225
29.410000000000025,0.008521164921150626
29.412000000000024,0.0085225706812804
29.414000000000026,0.008524286442326334
29.416000000000025,0.008526455790388937
29.418000000000024,0.008528401018075032
29.420000000000027,0.00852985572551676
29.422000000000025,0.008531419242504695
29.424000000000024,0.00853350377650533
29.426000000000027,0.00853559015469696
29.428000000000026,0.00853715619398554
29.430000000000025,0.008538611019155096
29.432000000000027,0.008540556186722226
29.434000000000026,0.00854272887125812
29.43600000000003,0.008544449436341528
29.438000000000024,0.008545858044158028
29.440000000000026,0.008547637063078928
29.442000000000025,0.008549824036714754
29.444000000000024,0.008551714752906892
29.446000000000026,0.008553147508411602
29.448000000000025,0.008554765329428976
29.450000000000024,0.008556891983258264
29.452000000000027,0.008558936895254582
29.454000000000025,0.008560460171357809
29.456000000000024,0.00856195116717115
29.458000000000027,0.008563955472123852
29.460000000000026,0.008566108943992845
29.462000000000025,0.008567773751964075
29.464000000000024,0.008569194512868306
29.466000000000026,0.008571039018446774
29.46800000000003,0.008573234004013108
29.470000000000024,0.00857506658413651
29.472000000000026,0.00857648566776903
29.474000000000025,0.008578163763305113
29.476000000000024,0.008580325110426695
29.478000000000026,0.00858232118653432
29.480000000000025,0.0085838074996189
29.482000000000024,0.008585343278006946
29.484000000000027,0.008587402992031534
29.486000000000026,0.008589527382737244
29.488000000000024,0.008591138586565378
29.490000000000027,0.008592581279926736
29.492000000000026,0.00859449194174966
29.494000000000025,0.008596684475229127
29.496000000000027,0.008598456772495627
29.498000000000026,0.00859987150859956
29.50000000000003,0.008601614756550857
29.502000000000024,0.008603801869153077
29.504000000000026,0.008605742758286461
29.506000000000025,0.008607199392018372
29.508000000000024,0.008608788107191262
29.510000000000026,0.008610897663468509
29.512000000000025,0.008612983395229645
29.514000000000024,0.008614544872429963
29.516000000000027,0.008616019507139722
29.518000000000026,0.008617995201356143
29.520000000000024,0.0086201742494173
29.522000000000027,0.008621885811739005
29.524000000000026,0.008623306402367914
29.52600000000002,0.008625118274636717
29.528000000000024,0.008627320868493354
29.530000000000026,0.00862920155872604
29.53200000000003,0.008630637212223485
29.534000000000024,0.008632286231369052
29.536000000000026,0.008634438193365152
29.538000000000025,0.008636476353400396
29.540000000000024,0.008637993754886358
29.542000000000026,0.008639510275881779
29.544000000000025,0.008641547888282114
29.546000000000024,0.008643702195200081
29.548000000000027,0.008645354444133752
29.550000000000026,0.008646791747059596
29.552000000000024,0.00864867399840863
29.554000000000027,0.008650880663377353
29.556000000000026,0.008652697786474844
29.55800000000002,0.008654122448800705
29.560000000000027,0.008655837994983595
29.562000000000026,0.008658023107685875
29.56400000000003,0.00866000584060228
29.566000000000024,0.008661486583238648
29.568000000000026,0.008663054530411718
29.570000000000025,0.008665148816563772
29.572000000000024,0.008667267308449023
29.574000000000026,0.008668863668800514
29.576000000000025,0.00867032891759531
29.578000000000024,0.008672281294235473
29.580000000000027,0.008674479812495889
29.582000000000026,0.008676231917046973
29.584000000000024,0.008677656679370122
29.586000000000027,0.00867944345786234
29.588000000000026,0.008681650795071133
29.59000000000002,0.008683571696151277
29.592000000000024,0.008685024891918164
29.594000000000026,0.00868665301575225
29.596000000000025,0.008688796539125299
29.598000000000024,0.008690868771815075
29.600000000000026,0.008692414741357901
29.602000000000025,0.008693919206695544
29.604000000000024,0.00869593919593506
29.606000000000027,0.008698116944242301
29.608000000000025,0.008699804722091808
29.610000000000024,0.008701241523535463
29.612000000000027,0.0087031023475031
29.614000000000026,0.008705319564718234
29.616000000000025,0.008707174054945366
29.618000000000027,0.008708610370459141
29.620000000000026,0.008710306212636576
29.62200000000002,0.008712489381181465
29.624000000000027,0.008714506013411671
29.626000000000026,0.00871600916326934
29.628000000000025,0.008717563757028174
29.630000000000024,0.008719646402476189
29.632000000000026,0.008721790828081583
29.634000000000025,0.00872341727958903
29.636000000000024,0.008724878584070395
29.638000000000027,0.008726814020630885
29.640000000000025,0.008729027717099658
29.642000000000024,0.008730813379920627
29.644000000000027,0.008732244820994606
29.646000000000026,0.008734014273131946
29.648000000000025,0.008736225492176258
29.650000000000027,0.008738178761773796
29.652000000000026,0.008739648659262605
29.65400000000002,0.008741263486465534
29.656000000000024,0.008743401295071535
29.658000000000026,0.008745500448114063
29.660000000000025,0.00874707097317265
29.662000000000024,0.008748569376451715
29.664000000000026,0.00875057743912
29.666000000000025,0.008752773624978394
29.668000000000024,0.008754490485136768
29.670000000000027,0.008755930102208598
29.672000000000025,0.008757776961710262
29.674000000000024,0.008760002915899429
29.676000000000027,0.008761887094180798
29.678000000000026,0.008763335141204892
29.680000000000025,0.008765019009518316
29.682000000000027,0.00876720197637526
29.684000000000026,0.008769245075194582
29.68600000000003,0.008770767478737729
29.688000000000027,0.008772315247746465
29.690000000000026,0.008774391165464607
29.692000000000025,0.008776555821144172
29.694000000000024,0.008778206547335604
29.696000000000026,0.008779668059133494
29.698000000000025,0.008781593607564225
29.700000000000024,0.008783819676877053
29.702000000000027,0.00878563147550035
29.704000000000025,0.008787070656933377
29.706000000000024,0.00878883055945126
29.708000000000027,0.008791046333086971
29.710000000000026,0.008793024333795113
29.712000000000025,0.00879450873646831
29.714000000000027,0.00879611728710225
29.716000000000026,0.008798253382481414
29.71800000000003,0.008800373088492575
29.720000000000024,0.008801963103854615
29.722000000000026,0.008803460438940786
29.724000000000025,0.00880546307467317
29.726000000000024,0.008807673879564354
29.728000000000026,0.00880941278485331
29.730000000000025,0.008810857322829102
29.732000000000024,0.008812697917083195
29.734000000000027,0.008814932121404218
29.736000000000026,0.008816838259842141
29.738000000000024,0.008818296906458606
29.740000000000027,0.008819976231678628
29.742000000000026,0.00882216194071278
29.744000000000025,0.008824224547582832
29.746000000000027,0.0088257620348009
29.748000000000026,0.008827308794014554
29.75000000000003,0.00882938375623371
29.752000000000027,0.008831563815483667
29.754000000000026,0.008833232327553925
29.756000000000025,0.008834697239486128
29.758000000000024,0.008836620353619706
29.760000000000026,0.008838857072657663
29.762000000000025,0.00884068734596799
29.764000000000024,0.008842134306247834
29.766000000000027,0.008843892373698703
29.768000000000026,0.008846114435066471
29.770000000000024,0.008848109736678711
29.772000000000027,0.008849605527405102
29.774000000000026,0.008851214375182409
29.77600000000002,0.008853353599373254
29.778000000000027,0.008855488072421092
29.780000000000026,0.00885709182991301
29.78200000000003,0.008858592390781489
29.784000000000024,0.008860596595748976
29.786000000000026,0.008862819014353734
29.788000000000025,0.008864572570923046
29.790000000000024,0.008866023328953615
29.792000000000026,0.00886786547621865
29.794000000000025,0.00887010830970239
29.796000000000024,0.008872028679466015
29.798000000000027,0.008873496020537691
29.800000000000026,0.008875178019998903
29.802000000000024,0.008877370164380283
29.804000000000027,0.0088794456392578
29.806000000000026,0.00888099341457585
29.80800000000002,0.008882544528103359
29.810000000000027,0.008884624821315662
29.812000000000026,0.008886816000040237
29.81400000000003,0.008888495410205283
29.816000000000027,0.008889966341406458
29.818000000000026,0.00889189470690685
29.820000000000025,0.008894140987334875
29.822000000000024,0.00889598193607144
29.824000000000026,0.008897436127568048
29.826000000000025,0.00889920004332817
29.828000000000024,0.008901430720042236
29.830000000000027,0.008903435999990578
29.832000000000026,0.008904939554128743
29.834000000000024,0.008906555043520614
29.836000000000027,0.008908702692840803
29.838000000000026,0.008910846440160464
29.84000000000002,0.008912457825224845
29.842000000000027,0.008913965562911574
29.844000000000026,0.008915978600172375
29.846000000000025,0.008918210016345102
29.848000000000024,0.008919970633546576
29.850000000000026,0.008921428536223852
29.852000000000025,0.008923280139892825
29.854000000000024,0.008925532373254691
29.856000000000027,0.008927459210938848
29.858000000000025,0.008928933000807271
29.860000000000024,0.008930624838266288
29.862000000000027,0.008932827433790397
29.864000000000026,0.008934909225530807
29.866000000000025,0.008936462228489539
29.868000000000027,0.008938022927137301
29.870000000000026,0.008940115057903708
29.87200000000002,0.00894231322682193
29.874000000000027,0.008943996472515259
29.876000000000026,0.008945475885047682
29.878000000000025,0.008947417310520372
29.880000000000027,0.008949672227300864
29.882000000000026,0.008951515955891165
29.884000000000025,0.008952976690416031
29.886000000000024,0.008954754195882153
29.888000000000027,0.00895699594884422
29.890000000000025,0.008959003835299129
29.892000000000024,0.008960511422412859
29.894000000000027,0.008962139932248425
29.896000000000026,0.008964301397460295
29.898000000000025,0.008966448885222161
29.900000000000027,0.008968061707096409
29.902000000000026,0.008969580617648132
29.90400000000002,0.008971609824941829
29.906000000000027,0.008973847559648251
29.908000000000026,0.008975607574817357
29.910000000000025,0.008977073619213655
29.912000000000024,0.008978942672375118
29.914000000000026,0.008981204984818608
29.916000000000025,0.008983130422082125
29.918000000000024,0.008984608509498893
29.920000000000027,0.008986317487710227
29.922000000000025,0.008988534452167407
29.924000000000024,0.00899061583697125
29.926000000000027,0.008992169095486224
29.928000000000026,0.008993744818404092
29.930000000000025,0.008995855233540906
29.932000000000027,0.008998056007375133
29.934000000000026,0.00899973606257981
29.93600000000003,0.009001226693775788
29.938000000000027,0.009003189018138152
29.940000000000026,0.009005451323999047
29.942000000000025,0.009007289868200014
29.944000000000027,0.009008756772051485
29.946000000000026,0.009010555769935313
29.948000000000025,0.009012810724534137
29.950000000000024,0.009014813626974538
29.952000000000027,0.00901632181874859
29.954000000000025,0.009017970036676343
29.956000000000024,0.009020150437879099
29.958000000000027,0.0090222957468864
29.960000000000026,0.009023904034676622
29.962000000000025,0.009025438555998189
29.964000000000027,0.009027491147402117
29.966000000000026,0.009029731997249102
29.96800000000003,0.009031483808234375
29.970000000000027,0.009032959520450273
29.972000000000026,0.009034854102565437
29.974000000000025,0.009037126586320554
29.976000000000024,0.009039042589458146
29.978000000000026,0.009040523365598074
29.980000000000025,0.009042257110816493
29.982000000000024,0.009044491824932444
29.984000000000027,0.009046565654601935
29.986000000000026,0.009048114657411482
29.988000000000024,0.00904971138866209
29.990000000000027,0.009051846169757016
29.992000000000026,0.009054044501195763
29.994000000000025,0.00905571461426119
29.996000000000027,0.009057219910778513
29.998000000000026,0.00905921087979969
