signal_GHz,pump_12.50GHz_gain_dB,pump_12.60GHz_gain_dB,pump_12.70GHz_gain_dB,pump_12.80GHz_gain_dB,pump_12.90GHz_gain_dB,pump_13.00GHz_gain_dB,pump_13.10GHz_gain_dB,pump_13.20GHz_gain_dB,pump_13.30GHz_gain_dB,pump_13.40GHz_gain_dB,pump_13.50GHz_gain_dB,pump_13.60GHz_gain_dB,pump_13.70GHz_gain_dB,pump_13.80GHz_gain_dB,pump_13.90GHz_gain_dB,pump_14.00GHz_gain_dB,pump_14.10GHz_gain_dB,pump_14.20GHz_gain_dB,pump_14.30GHz_gain_dB,pump_14.40GHz_gain_dB,pump_14.50GHz_gain_dB,pump_14.60GHz_gain_dB,pump_14.70GHz_gain_dB,pump_14.80GHz_gain_dB,pump_14.90GHz_gain_dB,pump_15.00GHz_gain_dB,pump_15.10GHz_gain_dB,pump_15.20GHz_gain_dB,pump_15.30GHz_gain_dB,pump_15.40GHz_gain_dB,pump_15.50GHz_gain_dB,pump_15.60GHz_gain_dB,pump_15.70GHz_gain_dB,pump_15.80GHz_gain_dB,pump_15.90GHz_gain_dB,pump_16.00GHz_gain_dB,pump_16.10GHz_gain_dB,pump_16.20GHz_gain_dB,pump_16.30GHz_gain_dB,pump_16.40GHz_gain_dB,pump_16.50GHz_gain_dB,pump_16.60GHz_gain_dB,pump_16.70GHz_gain_dB,pump_16.80GHz_gain_dB,pump_16.90GHz_gain_dB,pump_17.00GHz_gain_dB,pump_17.10GHz_gain_dB,pump_17.20GHz_gain_dB,pump_17.30GHz_gain_dB,pump_17.40GHz_gain_dB,pump_17.50GHz_gain_dB
2.5,0.00028659956592532473,0.0024238355483141446,0.02683746380782535,0.06282523536501183,0.0007167320335730617,0.0035647553746468857,0.08474195534382471,0.0557303043304632,0.19167319230931296,0.18074648696625947,0.18020272093103562,0.1995208981029255,0.06537198627424687,0.09914316820938658,0.0026687595469210806,0.05555314117239904,0.06201262879054822,0.018482328985974197,0.009714952930689604,0.04344031751393117,0.1262273088090213,0.09889715903380256,2.595089077157198,0.16742749573927626,0.01689988249665354,0.00019415257414433904,0.0018537199136251818,0.036230443215989776,0.08219367194374597,0.010021070894772933,0.04207615315296371,0.009436640743600257,0.2338171134048522,0.014342924767621595,0.16912322628069537,0.331854163714018,0.18529803167297243,0.021358521478973644,0.01970513250741598,0.13578212128872416,0.27275906884095436,0.3739837421029302,0.45386875165911783,0.4914864803833919,0.5143037139198343,0.523311197211806,0.5285027405572985,0.5320928979074053,0.5356319285482105,0.5387208654103268,0.5398394405569882
2.55,0.0005631996723420777,0.0002922021216569468,0.03796479953409036,0.07303194159972641,0.018203185447571022,0.03678657587305014,0.02573837367691933,0.1444502053260117,0.1685590295897058,0.07266893005195464,0.05004033910710221,0.10664485817872807,0.20577936479544412,0.029040636070447635,0.15808330323740016,0.12493199291499932,0.02911013798480364,0.0021304611207514103,0.024764480218069623,0.00297917019467952,0.004319536660991215,0.18794369138523576,27.53492813666815,0.04411748398757509,0.08636751936611908,0.04552520713639956,0.020679109457132583,2.0415623446299137e-05,0.027749056283697376,0.02499833023347425,0.13749017906150174,0.1729239320343618,0.02877770812911497,0.21726980170378823,8.669771807506917e-06,0.21391803433344314,0.33765683825238896,0.1980922133789057,0.03907297984425868,0.003697747866002847,0.07413543863081136,0.17937622632477052,0.2803403954638061,0.36282751100596927,0.4162791408646607,0.4539330346268815,0.4739108104242419,0.4868658191483058,0.489105220568533,0.4873388338756512,0.47477825588078537
2.5999999999999996,0.004078780712517235,0.00028645795436053895,0.04425178193431529,0.0694402048334627,0.05317458216664379,0.09050186580005724,6.201053109024929e-05,0.1981837827468637,0.06793677385065337,3.9585216509870634e-05,0.013555611777887422,0.0020254185491733277,0.04444837626432167,0.2099608022225949,0.001649243947119961,0.07455611134184499,2.929115032387092e-05,0.011563355483790706,0.035509528565311095,0.027531599871279316,0.04921442181471568,0.05627395922888577,0.22063071818132582,1.389511716561146,0.045025968738920924,0.0006253314371508512,0.008483052134824599,0.0125282905694829,0.007960961294076974,0.04026999648885019,0.010978354510809236,0.0004956870231236731,0.1026071778497307,0.15661284887223376,0.14339253886226191,0.017451482738112478,0.25687232537494464,0.3423209657489401,0.21342134451116573,0.061544412683911455,0.0006819193334602746,0.028125227082046865,0.09002089602528228,0.17930658089114096,0.23791190593167788,0.298963510186901,0.3259824631286833,0.3530529298030041,0.35371739465247415,0.35459891766615514,0.33337704737389773
2.6499999999999995,0.009734710348953738,0.0023218870125584377,0.043910109561186766,0.05471608855856455,0.08826635431002607,0.13389164341266147,0.028060077444102913,0.17782145359612878,0.0025024161374497984,0.07242986307617838,0.15331859446328497,0.14253878998140934,0.041466584615741965,0.039497207830683945,0.20479980663332345,0.0715199502970197,0.06645300578178151,0.004621629690255154,0.034905522983986866,0.03003538664078095,0.00630105204114361,0.056466791790799185,0.31994919939291794,29.04000078819417,0.328598893787265,0.10620042703966,0.030463910739083926,0.006707988037491429,0.00890727569313826,0.061619496592065746,0.0005846836023097606,0.10990608015259411,0.09831969964835963,0.009888618538980095,0.23192510379928566,0.08647160735925405,0.03998167646697709,0.2743247253147039,0.35241792112334497,0.2467403538760476,0.10505714221138801,0.018103302701633343,0.0005945734192769129,0.02634012392728862,0.070093358438711,0.11539568037362578,0.14979702018800267,0.1744250857025104,0.18305030139350165,0.18281381469304,0.16762746377660928
2.6999999999999993,0.016600386169277746,0.005943521455672814,0.03753520210905631,0.03367463925802003,0.11279794442544475,0.15153083545413595,0.09550230509940859,0.10183888196886068,0.03500772681968514,0.21858586267512872,0.2855922525767682,0.2922163888867822,0.26120071509224624,0.09402316641482766,0.04921443817860578,0.15128755817873005,0.16883240168672814,0.07144170599202071,0.010053680000280665,0.019923307026058216,0.02290460681222005,0.01644321125727443,3.1253879968538035e-06,1.1735889358400708,3.2114805594944023,0.0039017630250083673,0.028273065155098004,0.027706297892791,0.020075082080798154,0.001945016910818458,0.002153357237522367,0.0742950772110106,0.05724359446211715,0.1864080682436008,0.030897811485440782,0.252199474975331,0.03596090389025573,0.07139776265421359,0.29005642767552764,0.36198889861415817,0.28172567673446164,0.15577530761282474,0.06020770749913907,0.014206830984286377,7.046259859532625e-05,0.007714758309512382,0.02492998347342722,0.03688048400604313,0.046461512425642545,0.04585787413014516,0.040391222404351446
2.749999999999999,0.022962953827795136,0.010088091534877915,0.027651979646138265,0.014702957262308327,0.11774508768602437,0.13723062005059483,0.16275908508260156,0.028390808425630673,0.1411226672221748,0.2922396971289002,0.25209537518424485,0.2218426154917713,0.2643173086456747,0.2979311942634959,0.08361351624195705,0.13375695126809106,0.005001989340738304,0.0008034228900020916,0.07244707171641591,0.054797109517071854,0.010670178363311664,0.03375408331576031,0.09330150341075338,0.19162309814808737,29.660614023784074,0.48623196476730945,0.05825642106356534,0.005318429280426967,8.172446276247662e-05,0.02619888343039023,0.0603693197967392,0.039201742850450944,0.03308326184567441,0.011344921078706334,0.1087620204536352,0.11417047423717207,0.23223559560001505,0.016439680792122085,0.08262426673502055,0.28756925341413825,0.3715090292488271,0.3252595457189932,0.22667835948870413,0.13531787554597652,0.06936318626827323,0.028636917715918413,0.010659334061920961,0.002765522911630126,0.0008862270380408939,0.000373321353184221,0.0011226560563599886
2.799999999999999,0.028079982381970865,0.014130657426819316,0.016356435631392607,0.0023321843033337936,0.10333878070980608,0.09797322607449992,0.20454747688484515,0.000314669497011324,0.2531643985450922,0.24409351759509934,0.0997463858357482,0.042878929025738886,0.06057565737232866,0.17551105362306696,0.31100775089363614,0.05712444679008652,0.21697544957326165,0.07811235500403577,0.138284255298278,0.07179291364019529,0.000529029573292618,0.004046955737276582,0.0006981485943347609,0.06903284838050198,1.3101682128995487,2.069777961986819,0.0914114683666921,0.06337963293670089,0.03336398367947749,0.015063224979508037,0.02635101985166389,0.015379736812153169,0.12075509889536519,0.13885918296405242,0.15963896413079465,0.010393131631262502,0.20903468792211344,0.1887837007620533,0.0043138401999707095,0.09495859889042697,0.28180248149340476,0.37532784677348563,0.36233197862650135,0.29430646176739217,0.22755545230373392,0.15334502844048753,0.11533676705426882,0.0799109227344362,0.06950332643993822,0.05944581272909761,0.06622556130756063
2.8499999999999988,0.030945450799798897,0.01711869631818551,0.00706232395150147,0.0006158404430443736,0.07632671393407688,0.052549793539518025,0.20328852253358534,0.037837304403478766,0.29738832455932396,0.12245605591797125,0.0025481818628054374,0.015038816807546259,0.016505839635822913,0.001844518077508913,0.1346851111181584,0.31333748061329314,4.131593704191469e-05,0.15795712779928978,0.0930847291251627,0.11193939001064739,0.027135934871633426,0.0004279929726625375,0.043267426224188194,0.058781501456334595,0.006852768147647035,29.7927485027888,0.32641137956341376,0.005124594012403319,0.002882115221342323,0.009650588570435131,0.03046199355126501,0.02579947412424188,0.09239463290919156,0.0008269773686745959,0.018367477641136404,0.1973571179998495,0.006311528546291932,0.25356003458141635,0.16238998068406602,0.0022272191695839596,0.08489846419623495,0.2575716049511096,0.36524500748017585,0.38884411554460274,0.3624746850842743,0.31442229941183647,0.26800818517199965,0.23015327811744224,0.20740235921747724,0.19487465858961522,0.19709775836479848
2.8999999999999986,0.031407507200408906,0.018767941155567028,0.0011996175986846431,0.009680274086133006,0.043721623104166524,0.01476924226538407,0.16249212385580292,0.1255690423246088,0.25804825331704945,0.015744454456531498,0.06213127983651381,0.193561447063889,0.23426179484402215,0.1604645100906926,0.016852776623940958,0.11406640997995737,0.2956364866990409,0.04919765171522675,0.0010870170200072862,0.07512565289429177,0.09145686330318561,0.012947117439029,0.0028919353051664615,0.03241929957648041,0.1771163407227429,0.18872362363080758,0.20641193470238892,0.18468921867720184,0.061500508578142765,0.018568080961861785,0.003794319817420485,0.051287043327405,0.06350873506006768,0.09458411282322057,0.1456280851802983,0.05530262257456602,0.1154778500345653,0.06726347734166428,0.27547182061813136,0.13276014318060864,0.0010830734015871936,0.07500554746722507,0.22635197815350086,0.3417021810233821,0.39241945763721503,0.3995251033906879,0.3822367115009978,0.3633130148199512,0.342316079757147,0.33424734008830587,0.3311907674328469
2.9499999999999984,0.029566396903444352,0.018828673394125056,0.00020520324403555356,0.026659883867734158,0.01705098243564187,6.257309158120178e-05,0.10234911905500366,0.21885560650046842,0.16349987742169084,0.013267727349336327,0.23453940384596472,0.3944677290810597,0.4384731964116191,0.4194530035727807,0.287679375273,0.03148600399001663,0.18061409225354463,0.1793531911648102,0.23711395466233282,0.1851185800124514,0.05302962240606793,0.00010955056058465932,0.01888677912821292,0.02069520602804251,0.005324279631347408,0.13093627095713153,29.688322276569565,0.06095109264743812,0.014439292619764895,0.02649333384679646,0.02386727161189185,0.016493135626955115,0.00044833461988243,0.09556631355117355,0.05216667052574506,0.10736309926609462,0.1683759188460201,0.040916254584900044,0.12612512797992875,0.27933871473768523,0.12806659437468812,0.003086999899448905,0.048964241562283434,0.17709648016164134,0.2908625393932473,0.3616747567879435,0.3975970059986212,0.4115240324160232,0.41398791847448724,0.413196114358399,0.414539481875404
2.9999999999999982,0.02573142317481489,0.017405918454245793,0.004050136115164865,0.04875508395986294,0.0016797627379592467,0.012194447580152964,0.04160275467069004,0.288274641138208,0.058046801227648825,0.12357572459268598,0.40750951144040143,0.46266135264082064,0.4291503802164971,0.43684069625294814,0.4788161803894414,0.3821581489995657,0.031251196892518054,0.24645747698668807,0.03293245603509292,0.12914677922520293,0.0007600197968395609,0.03672688384135943,0.04085216754736782,0.02393440776579799,0.06945891822093764,0.17050852688819956,0.9083366762268479,0.4211228727180389,0.16690099716824988,0.02561655203591756,0.0018855110326141161,0.0004634845977946809,0.04640300406547607,0.08768196726282598,0.027372295561611887,0.07010804082299849,8.407287866971562e-05,0.20865723640257455,0.0008198048053701405,0.19028213380947792,0.27657379861279663,0.12302233113963994,0.007111307566885962,0.027608446842293573,0.12298447286383551,0.22650020294605916,0.29495063798078613,0.35460732342108314,0.3795771149833227,0.4003570891593662,0.40603591214704815
3.049999999999998,0.020773746785272697,0.014908703605733552,0.01169991033465731,0.07029623286248612,0.0022644742359827783,0.04692664507928737,0.0056125396843941045,0.30749018765789826,0.0027916981192943518,0.2797157750135081,0.4663618293122101,0.352646713352796,0.22883038870345102,0.20557330350706238,0.2964769639786975,0.46128674115185925,0.3885557441005522,0.0029066853471841126,0.34266861204941035,0.08957656208815475,0.11234226400145791,1.4247388619424607e-06,0.023120274831243452,0.040712499822818854,0.0003488276673522938,0.019752639432326247,0.45486864420644857,29.49466852636663,0.022904110133697683,0.0725148498395647,0.04699610737942658,0.02542194570693322,0.0014960921741412074,0.015847357765564545,0.045016079836060006,0.12186671794739826,0.1663571123432433,0.057486674431376866,0.1668354364334116,0.007259590217089606,0.22172980075200324,0.2791034264762018,0.14014104954957018,0.020144859745124526,0.005920101267878092,0.06419439695242503,0.13676157328234745,0.20730020986557599,0.2585234993851884,0.29386591734950024,0.3118793633413931
3.099999999999998,0.015119053006774127,0.01161957233184096,0.022238496402495065,0.08881898846179187,0.018545593090431862,0.09740722408139513,0.004318874642486289,0.27486124731718636,0.023181632229243167,0.4173546241770501,0.3906603351686869,0.14467022953038589,0.024656670883364474,0.004588606111368252,0.02066696714467351,0.1418571628603043,0.4324864130949179,0.39510257510762375,0.014046265601443656,0.2685155106152158,0.25468929878748764,0.0657319015884945,0.0001296296476477865,0.04366361831772247,0.03808675031688134,0.060417334759938546,0.05404644460660056,3.341398822582271,1.432944210677109,0.0630640177411724,0.00034294516521638223,0.0042402874659342666,0.009693995520477446,0.01762452940426079,0.05885989442557829,0.0010203683288784943,0.003407360876392941,0.06081159826609736,0.17584254086295745,0.0898289115373329,0.03804112179928514,0.25086147939748893,0.28260552735408223,0.15781104742787783,0.042145691636537516,0.00021461912889045328,0.019046323418294858,0.05886386363510282,0.1112913658688755,0.14441106926779473,0.17292954538677321
3.1499999999999977,0.009817992242138574,0.008219045016277553,0.03343957375221311,0.10049048656789902,0.04593735442301229,0.14865868949876154,0.03869999832579507,0.20566550670974482,0.11245709903347306,0.47226709156436675,0.23179943489794325,0.009611837747096756,0.039773090284593686,0.11276872906515922,0.09761575815067446,0.012767815599531131,0.08358910100506453,0.4424320136180215,0.28056419161789803,0.1717738597141366,0.004670744288820427,0.0032276176010644524,0.05634913998185985,0.06688682981515696,0.03460875160443616,0.014787939728580154,0.09462021808288337,0.5198615399645401,29.28256707296771,0.22630922505300052,0.10671871945065695,0.03963788441646035,0.012363861449066428,0.0042425113482603355,0.05353720722306418,0.0019671921529055103,0.1250612976387801,0.12408870093304707,0.00019324930339271735,0.22137962492585203,0.04552171933010658,0.062222680027311725,0.259158608086938,0.2939636433638584,0.19503547845794622,0.08201772155632482,0.017770839959920716,3.7242093303624816e-05,0.008531763885652462,0.028286240540052777,0.0441807698819496
3.1999999999999975,0.005185792946431778,0.004956988897811058,0.044371201057057566,0.1045933101703765,0.080717861411859,0.19338257131680586,0.1018173682549239,0.11810751707874234,0.24423908287538376,0.4325810033546612,0.06665402333837678,0.05139782132616667,0.2913380286296894,0.46195763968601894,0.49157056717954095,0.36970179157691235,0.09834332401224292,0.036499516895241696,0.47634384993135354,0.1550733557916218,0.3452170259208118,0.16559428660351702,0.18486116438860561,0.050534315655790724,0.017214792342389,0.025836238969167716,0.017234134637380594,0.0041651712887903775,2.131715354752177,1.4826877783135548,0.00014966988594895524,0.016777600237190972,0.02329554114243445,0.02059265928199896,2.4497416464112524e-05,0.011788750801512881,0.04759589739692038,0.02756710286781641,0.15732831701817668,0.05763110065609332,0.21194785075989375,0.012642404760713127,0.0886405002607793,0.2675826505720633,0.30528591030958857,0.23103487289612934,0.13472324210991377,0.06048560692906671,0.0249388481028461,0.0039685304848238005,0.00044971462120349125
3.2499999999999973,0.00195408921332192,0.0024071123283189726,0.05309719350837708,0.10088364971264306,0.11481279418912238,0.22107098452486956,0.1745189633488535,0.044829705040604795,0.36761133181173666,0.32017171732051575,1.0188683629969133e-05,0.25776381359934564,0.591677170086498,0.742800794269549,0.7797530875524454,0.751401646493089,0.5641483994409074,0.18071908872378847,0.06449704771102477,0.5289106786130392,0.0001513778354636901,0.19332315995392133,0.07029064406178556,0.14964957820484073,0.0689150573693189,0.009149274316188484,0.04823701473565218,0.13346168286612461,0.20276028932174642,29.056140904113306,0.3858638069402759,0.0767278061926475,0.013340769031898982,0.0006384672115716177,0.022022696903273214,0.06782840186605218,0.019318407872624392,0.058049513158599304,0.03143394855902876,0.06667532041575114,0.1378983131584176,0.18188289545976488,0.00403191096384419,0.09499473483419245,0.2596924386355033,0.3161060710384509,0.27657092583616033,0.20154347933142297,0.13849024529136975,0.08846026691516093,0.05893315923483953
3.299999999999997,0.00021986030347643506,0.0006788914413153441,0.059198261438172015,0.09015137395975853,0.1449155331441641,0.2295113815838002,0.2456298831642348,0.003376608956328969,0.4567851398461717,0.17068545553788633,0.07288912474753316,0.5342125032329506,0.7858090228948587,0.7875338370634305,0.7435244513203829,0.7652200487639526,0.8302353025227307,0.7329375776321216,0.22610855255028348,0.09956553336903999,0.49760991852033504,0.12479405291277934,0.010453552090701805,0.1797959111377347,0.12334082820954376,1.2464135402090078e-05,0.004095395389885017,0.0017591929060469741,0.12761522549249746,4.697668433275175,0.6660934695812926,0.051490949773186606,0.05486309131509455,0.03623731501357904,0.020001961532113324,0.015644872431710276,0.003961216605229282,0.10840426659476449,0.11026396193079771,0.16845982925009662,0.0005870925620749018,0.21021470318189103,0.1398210220401988,0.0001460127903167706,0.09812277784470899,0.2500492991674163,0.3188784648321696,0.3105752998929597,0.26714066246050994,0.2238366903393617,0.17886374602487182
3.349999999999997,0.00018799907385100734,1.1263779002499963e-05,0.0618652145576908,0.07490514340481919,0.16534195819567293,0.2181646369274651,0.29762512988774426,0.009061358127079344,0.48623198468367057,0.05042478173764187,0.25603912010054386,0.7372901321076926,0.7704675956113913,0.5746258725948141,0.42227854189199493,0.4080402776137714,0.5684962873334418,0.7860743944368108,0.7770971859656219,0.17459199960867772,0.2760034408811449,0.23902881502301343,0.3757636062449277,0.2403792528242808,0.1443183131039135,0.02605713815011405,0.0011815324943138439,0.05771603305947091,0.08243782687562679,0.007914827902459726,28.767952464358046,0.31576538318015746,0.0187684592863617,4.720537528040783e-05,0.004938552959432607,0.033525342313504805,0.041384595007610096,0.07521542357625377,0.0020732885579106248,0.003299338894755073,0.16763095961974464,0.020545618795928897,0.23539869986453646,0.11810607423281622,8.951828281757331e-05,0.08350529077837231,0.22026854583380023,0.3064397997962542,0.33046159041365997,0.3204863015405348,0.29912601825631074
3.399999999999997,0.001791015826021391,0.00038868391111781804,0.06116163284797276,0.05651772970315186,0.17505596219826314,0.18930542142693155,0.32564060471620837,0.061870720069466756,0.45405889384461107,1.1310254333450691e-05,0.49168917009446766,0.8074889865647644,0.5583827416755891,0.2251903651308987,0.06373062983891303,0.03017773411228771,0.08707027108167148,0.280243558839549,0.7057178818111093,0.8176622711671742,0.0974626962195837,0.45106754055746934,0.008109408134471535,0.08285168507688553,0.05488507336401104,0.11792990728691496,0.019995671867594208,0.0038361244319363675,0.04303637816161035,0.27991948668292305,16.2635921728769,0.012768896482665253,0.14849620754890613,0.06887963544289412,0.027475183121562153,0.008528064241297244,0.04595070687393821,0.04518295864554871,0.10900973592974546,0.14707124272609745,0.08063676150912344,0.07539846666160305,0.08705030552364197,0.2420292824147283,0.09837918104942957,4.315509639213955e-05,0.06575740556067576,0.18610558656072912,0.27521020729323825,0.3224943181803381,0.3373533646906524
3.4499999999999966,0.004748829094118003,0.0017099430686348183,0.05745985422037804,0.038475060239517175,0.17306677841397422,0.15007273568556195,0.3250559103872142,0.14705945698978218,0.37261349264357424,0.04592620381294578,0.6873876361002175,0.7217811480557822,0.26662874470030534,0.009600492284305269,0.04640405194257717,0.1276858192816329,0.08411571402200194,0.006017955069327323,0.14169198542974348,0.6737541345802517,0.7671506092558285,0.0009570899258193224,0.5485605646146992,0.2661049890668508,0.26460483240915783,0.04598174058984866,4.626770020121108e-05,0.02507467124077068,0.03014651266035818,0.008598320874917135,0.43117957371990157,28.3028363392119,0.10394086521624697,0.0022720009168756246,0.016338141776774947,0.020559233715882686,0.024768719384862612,0.006155399591569799,0.10090107728661922,0.026840709310836347,0.07349184501539094,0.17396920221368214,0.018704884783692005,0.13817908498670325,0.24122182717633572,0.09870613566431852,0.002064021939705977,0.03844210166681972,0.13168994047978175,0.21971244752397773,0.2742100907885534
3.4999999999999964,0.0089259946008985,0.003884245251272184,0.05110028277716516,0.021929936355523438,0.16016047449804172,0.10465219713920332,0.2974563504567937,0.252277134819937,0.2569380894235617,0.18122417285324777,0.8030012248666739,0.5066102397531934,0.03492255426624198,0.11446388670830947,0.4651391786790361,0.713299316651733,0.7131136312122446,0.5494029582083358,0.14847978221840644,0.03924384485177827,0.6795221545612662,0.6931785503614128,0.07527875484348392,0.29181645025168784,0.32274623879252456,0.005913279840989466,0.03990817118420125,0.05449357474949157,0.02882090694854159,0.09344101943337611,0.2585147805286728,23.10948109139485,0.3249240543307583,0.17386057648255906,0.042229469226010834,0.0074647042855055185,0.00013101362186656554,0.05418085362029257,0.08475285511558839,0.04857842404768664,0.09278364199574785,0.0035168897919284486,0.17960093114835649,0.000708338122813606,0.18614823166065436,0.2365560625022839,0.10252135925587263,0.00710991541505228,0.01534725283254169,0.07975707170773694,0.14823170857599818
3.5499999999999963,0.013753760960975359,0.0065918582744735645,0.04320183034973589,0.009574006783177994,0.13932056385818478,0.06263853893800457,0.25018930678920925,0.3522177818510126,0.14146358206087212,0.3619259732219355,0.8066597926101555,0.2537622958181715,0.029988302652083996,0.5142934318993448,1.0283049388421366,1.301864578410381,1.3582396427813814,1.3054171429196417,0.9588062010980265,0.346592301003419,0.0360325389421533,0.7872531280013396,0.40005075027735265,0.43483318225326173,0.02784837954825256,0.10214637057469644,0.0024565097702259116,0.03340865896952938,0.05248739561216971,0.0015860413598758332,0.022655069969817455,0.9484951076485255,27.469173107481716,0.00040616981151369804,0.0465164644922893,0.042881550346066194,0.028885278473635673,0.006243541850065197,0.005553154717805759,0.06485097654488467,0.09980826772560586,0.14940901873576334,0.07767130234281792,0.12942578624719597,0.01455860801472469,0.20778676981926975,0.24166568055567259,0.12303449797939625,0.024682471522573572,0.0007172688917373218,0.027522911832144926
3.599999999999996,0.01912441917003302,0.009739752194426736,0.03414816458094739,0.001944722820557388,0.11217792536740852,0.027603129977999134,0.1884560166863332,0.4370711193719615,0.04697340697687128,0.5554638375836242,0.7013023397899943,0.05034608973665375,0.2907290572773394,1.0318232757102308,1.4642745185283614,1.5741089675389444,1.5793480560413695,1.5930989454226698,1.5913810421581653,1.338711662797873,0.5230382413392611,0.032867895604943395,0.8865117507688567,0.12278663699189055,0.5818572168154916,0.39157367941919324,0.14087323331151153,0.0011687184563611368,0.05963037642576315,0.04926635201359865,0.08907519770384544,0.08114285400875337,27.166327020524243,0.8994306261902871,0.09930166738114882,0.0066312631165121256,0.0005170631574069553,0.005499189812242454,0.030109010591842664,0.0740152956949592,0.0011288666365507653,0.014646492235385299,0.03489738288754177,0.17704848853611954,0.06279322373723979,0.04542106899595833,0.2253694401583745,0.24675808414597003,0.14829086878283276,0.051483446733349605,0.006511811940188926
3.649999999999996,0.02439195687727673,0.012922051186130441,0.02525797330924513,7.488285216203909e-05,0.08357742125456917,0.00629923235844721,0.1255174212885345,0.4908419320412316,0.0023050921198632013,0.7108974767546015,0.5207753755841847,0.006432559490912229,0.7016148887230635,1.4167959417854137,1.5602916232538808,1.3739028296037556,1.2161741121966816,1.1581770699026874,1.368480658510002,1.6078037289995442,1.491036652026264,0.5477930253464222,0.1401076311281388,0.9172858343431122,0.05686833665541465,0.09561494749590672,0.0009677006058868218,0.09863462991919335,0.0890012645284246,0.04907907027313181,0.013150624538722996,0.12478531824453307,0.798178388851397,25.97401821736777,0.11853124467829335,0.09729212453503873,0.048016617753152274,0.019744924074679968,0.0007513352173309588,0.04077358079505599,0.010785586056177923,0.128011836539747,0.13487726034883052,0.0017487886804483563,0.20195486292071876,0.02932354214734954,0.0617600776254416,0.228228893846047,0.25968819379774233,0.1863398812467037,0.10053278836803764
3.6999999999999957,0.029522337974754728,0.016097244575343228,0.01677992261070071,0.0038556162944868434,0.05502067382957387,0.00015162199944850682,0.06701104152852931,0.5109805972277858,0.017153898840583125,0.8114593576588435,0.29920585288238555,0.15987091576690515,1.1384952729752542,1.570699827634814,1.2814347004698015,0.7595813693282754,0.4409916499019765,0.2815583844356081,0.43205684819634943,0.8222500643326578,1.4655667174483065,1.611739981661616,0.5129593364777293,0.300203530673906,0.7126269983710688,0.44183628637546535,0.17834760007058492,0.2953571966231491,0.07192038300542296,0.028217607735368626,0.03937560633794259,0.033600218353578,0.006434222704401624,29.183666744907825,0.9504967933670251,0.012582868569225452,0.0049447790509475524,0.015618937836235091,0.018600067931491607,0.0030969764957232177,0.025660555008682816,0.02670664287459565,0.011413652402523403,0.1299518214794433,0.07076823316840025,0.1817013722880043,0.007817183513275315,0.08030190826520242,0.2282576117256614,0.26927083621348136,0.2248884672192284
3.7499999999999956,0.03397232846854338,0.01890214173223608,0.009815167259153296,0.012580101858763036,0.031114657829845495,0.010115583499401126,0.024801402395902825,0.49581989155939193,0.0898046721840464,0.8379225077389808,0.11164011481125949,0.4624641822329517,1.4473203725859274,1.4393288348242284,0.7367679934850104,0.1356027129085497,6.256377852132254e-05,0.075823014763428,0.04175837973575375,0.005586229273019287,0.40823003386267886,1.3226818265829254,1.6177328230095622,0.274439881581766,0.7048994725615954,0.14570042475266287,0.46143246280010014,0.1623967629873676,0.22187965891489328,0.09753694633043397,0.018402387250739193,0.05586831616837062,0.19203694394876902,0.11431033922521452,23.4051633902353,0.29184642667846517,0.09445676288922142,0.025459830265146914,0.004028424034564225,0.015680423013271005,0.0684148892783809,0.006786352181707586,0.07598547622615653,0.048094073494780495,0.044401962052179805,0.14070923391476395,0.15518689658286944,0.0027388879264903985,0.07677523059661308,0.21495040964121834,0.2736641420131495
3.7999999999999954,0.03778333768529696,0.021351806071786772,0.004398695720861533,0.02587141408300954,0.012708383971332464,0.03545359684292184,0.0022632053821706813,0.4478290030881259,0.21222482581537697,0.7904127329581029,0.006585678599882783,0.8459476796134725,1.5785685926952562,1.0401173310239773,0.15787749458200917,0.10445584606348449,0.642957367912041,1.251804978473411,1.3103983518034048,1.0159582566314036,0.267458244624205,0.0790536166152804,1.201728528235075,1.6213607981588174,0.07791699016433114,0.9576124440059102,0.057034987148991814,5.935413582560994e-06,0.26162523458144854,0.17293084598612476,0.0008122947869582241,0.010920964964470923,2.9824247261646472e-05,0.1991502724273239,29.75855927440875,0.4678332329435335,0.016011029536677962,0.03940563535173269,0.03492897186019182,0.02350161591636556,0.00689023932731277,4.502214458991366e-05,0.09186932670652437,0.08563844643509268,0.16307266459466768,0.00021434830368861747,0.19515527019831413,0.12023898119754288,0.0005024312986597056,0.07323513844102876,0.19483804062296148
3.849999999999995,0.040613190293039586,0.023202375593486903,0.0011537558462845873,0.04181913927539662,0.0023949734965506,0.07186507597977326,0.0036679467520731954,0.3771357681978904,0.3576007472352408,0.6812833956542697,0.03144251576514073,1.193648800227837,1.4973640969192181,0.5183431666560224,0.03134299358099637,0.9504491448670327,1.9779663754551837,2.7468723430192283,2.9369544187840866,2.85300570751621,2.1686389878746684,0.9172283167379353,0.01267877662933417,1.2675800420018115,1.4289037710354722,0.04925597413845277,0.7503684154550132,0.6245351796136965,0.4009367510804144,0.2134350136611849,0.04644847075615823,5.905929236213505e-06,0.07905526096822171,0.13659235939567035,0.3122824179368038,19.213579368137964,0.3110892514499365,0.04145472037328735,0.0021313366796222536,0.0012613528551889564,0.033094263427281397,0.05395005815225979,0.057875980437483224,0.009390936678839295,0.00010139626310339762,0.14391698182342597,0.0253814702756782,0.2126128816202312,0.10862169365701356,0.0010448198638615372,0.05183816386210482
3.899999999999995,0.04253206692983,0.024496986101581866,2.432288172835753e-07,0.06014569254860096,0.00029647423950676893,0.11764279324400545,0.0289112385175491,0.2889863296888796,0.5134644154286824,0.5216268922573581,0.19251233254549968,1.4599272422916934,1.2097419569795511,0.0778859684293928,0.6292779825675571,2.2189723607792864,3.1975666958364917,3.6476886841728255,3.721395008335401,3.7472168084670114,3.693553786461697,3.2097682046274034,1.6363470342563455,0.004914112582307128,1.3772937593631553,1.1462027893644353,0.42641694522830487,0.1443352720627508,0.21280654503909838,0.07531008228134586,0.17656211452721943,0.01650584568301384,0.0009136522673547388,0.04148926130112724,0.4382736252592831,29.48056050247597,0.02457487811102731,0.10163759913793467,0.06860380409444035,0.03496005954318809,0.014016954680731396,0.03727069778608898,0.029851935313420147,0.11239381451616336,0.13906312349857847,0.09090182900271583,0.05864305984507622,0.08502907417033434,0.21693225674105715,0.09636617204737456,0.002564040457785614
3.949999999999995,0.04342909783317897,0.02514723724565176,0.0009817751607991507,0.07850852904788885,0.006483058999005101,0.16621543819326637,0.07367403411895107,0.1994979993885103,0.651417257641979,0.34722707362470356,0.44909177206206496,1.588033335354091,0.7906361956296054,0.05358466151436308,1.6584950948608101,3.2163991304195734,3.690148818176411,3.3943624629151077,2.976101274224429,2.7366449657820198,3.149811124574901,3.6949868469350458,3.6644988389659017,2.037618206232528,0.0016560199520231956,1.6626118625674977,0.4417285702334275,0.998208060258493,0.33315635877763805,0.40120575850911677,0.07756825754480223,0.0012405464683442192,0.021374259206813677,0.05329712718126982,0.024869545161836665,1.5502944484771994,12.339397926812115,0.15819178718296,0.0010288340313658086,0.006863757108132013,0.015428531361207814,0.03130525933502537,0.014846607739440966,0.09784741182695254,0.014074577138187296,0.05382585851672456,0.16550842610751373,0.013115798688071948,0.12310333338159321,0.21762694926132173,0.10603113933745936
3.9999999999999947,0.04337495767482934,0.025198434596866544,0.003996976238105022,0.09690509370927625,0.020607937875868516,0.21629774698156953,0.1355763841051248,0.11473431307403686,0.7651433796611395,0.1780422600446606,0.7647012164708177,1.5684657556302648,0.3291056142907545,0.5863943132596581,2.722643027373976,3.6801599949973567,3.2007309181407253,1.6117122644861985,0.46124062705626573,0.02998604907328583,0.15553258406576825,1.0161730588453157,2.935244780267418,3.88504996018625,2.329907469627491,0.022838782989325887,1.8147038484552351,0.017945941781591382,0.7614596779211046,0.5872788933268345,0.009651763486895363,0.0736537230523751,0.06143924632936196,0.0258851278701766,0.11580023340796454,0.4076827614466267,28.804832040011185,0.15823789531711963,0.1638060878488641,0.05730813851705971,0.015395098549341847,0.0018253147808739564,0.05642639626029836,0.0765952846997243,0.061761899322867776,0.10160728916299183,0.007266838334474426,0.16003582953557327,0.0006481968952173488,0.1610478512838468,0.21789757228260237
4.0499999999999945,0.042456464107600365,0.024696669563501673,0.008635125340972478,0.11330539110254396,0.04064474942003779,0.26158558222785167,0.2053564167592537,0.04995316228254012,0.8386758058895992,0.05605627157991556,1.0682975721043337,1.4046665677026728,0.03364204814450979,1.461110009579737,3.4402772050612995,3.3848252578219395,1.5559039250279783,0.08205653118654954,2.272256670214775,4.754574659430644,4.825419883085519,3.2216241060924022,0.13312721855532203,1.8308598054761325,3.9216283831543928,2.148633243134164,0.3293653827260007,1.6183339652353368,0.4653123678787999,0.0033918577315285156,0.14445427832237515,0.0008899744601271222,0.028285708606253922,0.060628192713275755,0.009412254824850936,0.017266921735049116,1.857767055542281,1.2772432035660306,0.011425829752564367,0.022157320687607986,0.03439834627619126,0.02928602553022443,0.012193942873047047,0.0009755126585611271,0.07546973123661428,0.08266994386870469,0.13447187189962345,0.07992478261158381,0.11668356578850633,0.010744394361841162,0.17291051549012112
4.099999999999994,0.0407120985443315,0.023671667450009468,0.014820906193025356,0.12784234059098307,0.06619095857015396,0.30180865784072525,0.28070265766025854,0.009597353265616273,0.8710827861371583,0.0009482325306175256,1.3350618485436605,1.1072387822746705,0.07454668635999123,2.4180663984449673,3.6918540389806065,2.1317629160777556,0.028643315120664196,4.913594920961861,9.031281644236866,11.729846994443832,12.407381442282439,11.925755672512473,9.232634809308225,3.8631394902387166,0.6323946406750542,3.9128921141127906,1.8767660009668354,0.8275732221386338,0.9478009550141742,1.0450024147831067,0.6189471298825349,0.21546035648704734,9.351951708365768e-05,0.0828791495138034,0.058781486346151185,0.1328522076020576,0.1236435655120009,28.019840771935016,0.5792438761492306,0.128861971215295,0.018716719139890314,0.00035398823169622055,0.002455041726773125,0.0398870214988503,0.08038317060537965,0.005274415927767,0.02131145682663138,0.025707200225926697,0.16340698139651003,0.06004831892992679,0.0302102406219783
4.149999999999994,0.038380090268147905,0.022267568973934664,0.02186289430303235,0.13920342016181522,0.09411102158313528,0.3327071438374901,0.35181675124348005,0.0007402041322852127,0.8600809369002392,0.03046992937625111,1.5209583482977942,0.7386889223694904,0.5098918784328945,3.167802688387848,3.3431256610515714,0.31250361672064403,3.6273412786035495,10.449939589348972,14.082333909497303,16.522525198151186,17.43260073077369,17.53331370812059,16.20993247253453,13.35430868823874,7.078654028454272,0.19977953293939543,4.011225520452003,0.9552995051648672,1.674056417352518,0.009475893669392565,0.31620561043325324,0.004725728689710453,0.12305967960990055,0.10433503746614714,0.0712633695758644,0.006108062188263453,0.15360794486313414,0.42574814524361215,3.21580178479926,0.0451433354139509,0.0784197482915584,0.05093355880992429,0.025579432383525467,2.5902824888935702e-05,0.03065319380836854,0.019172426906773,0.12305482575133361,0.13198216016332098,0.0022523331518244385,0.1841894918441124,0.03494658595390791
4.199999999999994,0.03543773925644418,0.02048240914224384,0.02981580490649947,0.14766413548002047,0.1242612945563553,0.35471793649804406,0.41798928824324577,0.024184415017524347,0.8074727135826245,0.1461680337956567,1.6198206519604177,0.352945419046746,1.2467582499250105,3.6265839546929834,2.2566041813763507,1.1256023454412594,8.965130612115646,14.85268334826678,18.02551575310169,20.24981347714998,21.266517123558497,21.689618646660335,21.12835369424407,19.670119976302022,16.43560676157802,10.065611310355045,0.02001812173287026,4.063140410176084,0.22610426942649575,1.8896687251649447,0.5313699809838361,0.22919169529855615,0.45438147853162864,0.07564548084592879,0.05360483365831294,0.06018168481255282,0.06811833148647735,0.0164394341183445,27.28041295289888,0.709028147203331,0.03794552751978149,0.00013630285667612686,0.008993486878570609,0.01563153954293108,0.008139037987797788,0.03584256453187467,0.01746812081058566,0.006409096472012555,0.1175520996329347,0.06373126578812881,0.17098626802077285
4.249999999999994,0.03221732386661141,0.01851945191018462,0.037866796601197336,0.15264159393469823,0.1534646704449586,0.3661335877955974,0.47190196230284975,0.07635553776429338,0.7221533132494058,0.32676654456619547,1.6196464243472493,0.07730597645253576,2.0485743148302817,3.6856647031510703,0.6449331084576188,5.563393403320593,13.104049858683538,18.146384446278947,20.975898342475322,22.999088858366356,24.025924568468877,24.58338365678906,24.418005089357887,23.668505465589007,21.823760063611097,18.338065444325974,11.040332963662813,0.2792355647977352,3.811536813885521,0.23631754133169758,0.9167446551922687,0.95915009692301,0.28591743138243586,0.3143381259342432,0.13975231013606215,0.03914785390462161,0.055534511678239085,0.2730466144953959,1.0139043222322568,4.1348433252919765,0.20343984840711563,0.10049880279625889,0.0359541527467907,0.008722694934035623,0.010859797893987312,0.06517041647949405,0.0026042588578360673,0.08083872545936255,0.04903914997022357,0.040964390452679675,0.12016610681434246
4.299999999999994,0.02864660958223602,0.016340317690699848,0.04615068135864445,0.15441075384166186,0.18191188499407251,0.367583499244937,0.5141240611598662,0.1553589606789673,0.607247439730252,0.5584842194035599,1.5207051720535738,0.008173692100850366,2.799323230604233,3.2755440004153984,0.24920556386147058,10.024402281512032,16.489740517056383,20.883075182236265,23.412499774800104,25.231292044236252,26.21310595457702,26.811928057430023,26.87874532575371,26.568951329435574,25.58420327039019,23.68789937648623,19.8836824774886,11.985620664574004,0.839965586266554,3.144014034403221,1.2674142642477435,0.0013177765188449918,0.011218743486756985,0.4177490594671734,0.22714156123521917,0.008563591411851352,0.027073134869247676,0.0031837710338113467,0.3652637999134068,26.67548304550443,0.4154122520369876,0.0010985374120024117,0.024892545394291858,0.030903261052354327,0.024898680255995155,0.0026615349737790037,0.0005677331219032794,0.08095531226568556,0.0760305643812467,0.15165551956428275,1.0060977878326533e-05
4.349999999999993,0.025078925454230325,0.014171664857594836,0.05390535022954355,0.1530897124119934,0.20689596803914684,0.35969773048995324,0.5408426313715835,0.24963170363747292,0.4797135620057936,0.8027429026771132,1.3379019280260231,0.21234747977338972,3.3531063400496555,2.358630033252031,3.3213383556167546,13.512887520232441,19.142296030701637,23.03168804533865,25.292514451779255,26.90669889336661,27.794050590229094,28.358873680200492,28.518859905534434,28.42771396596294,27.916745874389086,26.875846455321117,24.739433398843822,20.496197904809033,10.878623743450273,2.699867714144712,1.196773651020904,1.934199908465051,1.0336887945722095,0.6660438095528226,0.33637998982050116,0.08892873946971133,0.0032042053487876987,0.10154048240793914,0.220480647872692,4.152175011632875,1.6859202295011877,0.2828541598928176,0.061402725096793315,0.007851362997510446,6.003824539691135e-05,0.03111284962404831,0.059373780845123895,0.048126454110852805,0.01177118152683453,2.632299216579112e-05,0.13674174381347443
4.399999999999993,0.021395413819168943,0.01194329486938912,0.061367315520157485,0.1488339229201,0.2290144819291384,0.3429368927662349,0.5531364702676704,0.3574617596723043,0.3435540217008201,1.049086042329425,1.076828295530802,0.678910624279737,3.683428961719999,0.9519432661662486,7.474498798857404,16.445504864067807,21.411294502514394,24.85895938578327,26.85681990961197,28.25199454224913,29.015370185636172,29.500653764743348,29.67927428668712,29.691842296730538,29.460896178986644,28.953667502405445,27.872085545312537,25.690455029557036,20.988769213884094,9.672907458623746,3.872581197970778,0.005842243175652686,0.8563294574187887,0.5112720746088808,0.12994938525219202,0.27010489105150953,0.0075427519457603705,0.000542415809665711,0.033831726194500006,0.7352607455674081,26.24572999082444,0.05223012601512971,0.061949065836119074,0.061916263261188376,0.03860674407972432,0.01812972526852866,0.031201221925908205,0.022265794690659153,0.10884431853602515,0.13066313288271675,0.07998626925029115
4.449999999999993,0.017942821062592162,0.009865946420111082,0.06788723691033434,0.14232114104343596,0.246473356140782,0.3196189016812504,0.5507826992343394,0.4653732797843385,0.21981860158332175,1.2636346269548167,0.7786298284640524,1.2892722871188824,3.730914920625661,0.0007003733073369343,10.960614616065472,18.80840918818391,23.245583624232946,26.31210977698882,28.06097725548836,29.239424378925154,29.867897703520736,30.24762304795388,30.392050979672916,30.4218139012496,30.311940963545187,30.068190599556356,29.54122996834828,28.453367210688825,26.017795523179686,20.419941672908482,5.094251545729418,4.051375206621816,1.3995612729872593,0.34261574113386567,0.6418478761069841,0.1483688178572462,0.012494007995892478,0.012366802749974835,0.08732567359848323,0.054187412475703814,2.423209479755296,0.028161482388882296,0.18998514650061638,0.009000124014112713,0.002059676239044803,0.011325519811871852,0.03451555498006651,0.02040034561226909,0.09343416171690334,0.011576925363580261,0.05326441827805228
4.499999999999993,0.014567712549599997,0.007854720425630696,0.0737354401243217,0.13349695321995567,0.25983543959193967,0.2898899687923711,0.5345876550120222,0.5728237173621904,0.11244921892685887,1.446224583767728,0.46534290817599827,1.9651847958101571,3.459119425042071,1.4703474938424757,13.933351957320907,20.863402812327664,24.841245519850958,27.543059076933268,29.04375156830148,30.006973707501444,30.4891111110863,30.75267807143048,30.835486158493207,30.837239643636067,30.767617078386287,30.64655622555179,30.420724401807746,29.969620157761927,28.911357452864046,26.329441241803426,19.74568626477997,0.6662575004683664,2.5042275338471534,1.9655324092780788,1.1109321372930847,0.013317328763961417,0.14286640046722465,0.05990682151935634,0.01795314278553907,0.13692804366965347,0.6042854095338602,26.012986005484414,0.06842671790106856,0.14080502732601638,0.0649120349107256,0.02195577501969529,0.0038221777061579923,0.05583954960510669,0.07141506218156222,0.06241942807727538,0.09375331784216034
4.549999999999993,0.011567343577748756,0.006087086386944991,0.0784732215095259,0.12342418553586705,0.2683191096436158,0.2570595206219207,0.5071261633248583,0.6689021932893386,0.03899646062758694,1.5764019251708383,0.2035110719261427,2.5831021851062426,2.84836948264863,4.749710739478507,16.35114226853468,22.564994139570555,26.1429017642263,28.516239398933525,29.785175073236143,30.548749054203018,30.893999691048002,31.045857836450487,31.05828537094591,31.011230864473653,30.931008490330143,30.839870908094046,30.73083953129371,30.55859104682571,30.15750472755766,29.069447127475094,25.99066542714761,17.298613445409813,2.4846480615264155,0.00035744061861977145,0.08576664708382895,0.20053138313909652,0.0002650660860965889,0.0159971079457568,0.062269664974496375,0.028049123601986914,0.01502415626413581,8.020486433783976,1.5153256623521305,0.03773722607487135,0.008607914710444193,0.026545910992072822,0.028385264141332064,0.016209761431712873,0.00019449498080052158,0.0758790917742973,0.07942596681073302
4.5999999999999925,0.008785624064462712,0.004472072189719256,0.08234016770989304,0.11184097772115678,0.27242950553492085,0.2207478984595267,0.4685546801238799,0.7547559024842667,0.002488214506172768,1.6572559167849215,0.03292922167294042,3.1184272041001093,1.853143199624059,8.166007199091325,18.471466408401945,24.07139281933089,27.272844703938123,29.329006394754728,30.37329389352579,30.94661167973378,31.16079360794522,31.20564198281894,31.145437150168753,31.040856013814995,30.92682099004675,30.82128752001957,30.74083683742351,30.676543536706387,30.582417846789085,30.28031712249705,29.196027997407164,25.62569112660901,14.300712421702077,4.340583239356971,1.543176417510672,0.9604638337313153,0.350609988968382,0.006590569317722896,0.106618199882818,0.06329774885109477,0.18791401804870972,0.10544964068197452,25.986089143491363,0.3851883458918586,0.1393647985605113,0.02966075942459557,0.002046019839576066,0.0011570912788692168,0.043456659845571434,0.0800766430654706,0.004899107791244035
4.649999999999992,0.006448189599366242,0.0031423724383667874,0.08509482336444699,0.09996774048438889,0.27222092437760875,0.18494478643685905,0.42362179876961226,0.822699880280263,0.009089801148040238,1.6824112757270009,0.009758152158578356,3.5037779148340786,0.6864903680447908,11.032773167113062,20.24320824534137,25.327841098766022,28.193071630312886,29.960597123459006,30.802652821999303,31.20981545648715,31.30992124208892,31.26352122406977,31.138902017033114,30.98105648243039,30.827268253589715,30.689649541198154,30.592858257243364,30.540321160501303,30.535373227844108,30.522320206784283,30.281726059274916,29.027275595869504,24.21616651400631,6.387199073675961,2.404074146613407,1.2820512416929286,0.0331712740497798,0.15470751633266108,0.11191153728888145,0.09480835083990566,0.0008869214642707844,0.20656033645548977,19.798972656098613,2.1812796326072275,0.013363015953740833,0.060273254305063834,0.05007189343948005,0.02870765661159382,0.00038199538076358753,0.027015232243831754,0.0187760859783876
4.699999999999992,0.004407099160234866,0.0020134711578500388,0.08692650106892844,0.0873615559669639,0.26795383564259834,0.14856073663860428,0.3716042835338606,0.8752127310213887,0.05913972133968986,1.6537126128172106,0.15497195298179675,3.7408562507355496,0.00023187253091927674,13.541471335541704,21.832498999578913,26.443686451421193,28.985573550640748,30.477253746141905,31.128987047167588,31.38434535222656,31.381689410028667,31.254552666419233,31.071936651118722,30.86516082188156,30.670660486579738,30.494248049195978,30.361868778415083,30.27950874481689,30.26983441649047,30.330773751109366,30.418039746337485,30.268818538332397,28.84086040477864,22.518555551594744,0.16190585668695165,0.014678300776494697,0.16195451655597287,0.7386540565606342,0.0756811978674275,0.09000611967838618,0.08302648972521764,0.11773642129975231,0.14886931591362643,26.151222028080813,0.5517901356365696,0.059283445099771105,0.0007057757733989828,0.005498837633682179,0.014232757608033442,0.010408317984814638,0.035685986497360545
4.749999999999992,0.002819131403670489,0.0011694889445883385,0.08778127832265788,0.07528687541561432,0.26042681512075605,0.11545835145925562,0.3184287948174696,0.9084474989378593,0.14584666740941307,1.576040291595575,0.44839464593031153,3.7992511707000896,0.9980234281772409,15.631320876383288,23.180013879127962,27.37577898881387,29.62465514219013,30.87013939591423,31.355968746332998,31.483347749134207,31.39579328247017,31.203859077615178,30.97490386186855,30.729256121057187,30.50094401574137,30.290552692081043,30.121842923339507,29.99899368651024,29.948668785643626,29.985260999673137,30.1258527532383,30.311102251994097,30.18175328645871,28.13621859974301,18.24143739724795,4.46207705337848,2.1328650424296467,0.6377549368285194,0.46006883926118647,0.18893387196953876,0.06905009608535362,0.05121920511511595,0.3974519439149181,25.966421051852752,1.2794530594071996,0.13970071159353367,0.09731472432495196,0.04167652767598854,0.011497460597793847,0.009147557199364281,0.06378817786152953
4.799999999999992,0.0015593952404570153,0.0005433204238231051,0.08776607169511677,0.06317309941852811,0.2495454727094987,0.08439887402378549,0.26258013034476974,0.9244148518691959,0.2676311314371041,1.4494973497952766,0.8699435295911905,3.6672250089554765,3.5377430207575964,17.49865393889117,24.39878507269972,28.20171580043031,30.1672211427027,31.1827362317144,31.51646602911879,31.53058576614368,31.369665504666276,31.123553538260712,30.856144456771283,30.578779003951254,30.32205963973171,30.081774390670148,29.87816981540066,29.712194808457866,29.60801880913206,29.582334633277,29.670698030044328,29.892917036054307,30.192780675580803,30.090797567101234,27.25377155326223,12.069507668318982,2.2931708092454968,0.31386887672074454,0.6566796460613683,0.3006416201592645,0.027710202517949985,0.051199717748123666,0.0131993652886387,0.9338358094995142,26.49184905193693,0.36851220334986173,0.0006515460827220819,0.016329696478218927,0.028286445033177014,0.02552476052151961,0.0021553818021062725
4.849999999999992,0.0007118809873083061,0.00017050846833526918,0.08698949100026912,0.05215328919062754,0.23666018785429904,0.05834576839658435,0.21022385916823771,0.9230237976775463,0.4090498472377427,1.2885691507996957,1.344465222244179,3.3402602139477184,6.296620323028243,19.086531141927082,25.439628061488023,28.88872527513528,30.599897411951172,31.413428341355555,31.617807298680013,31.53906768253301,31.31970328007047,31.032364913254607,30.73655362655994,30.43694393436677,30.159902425166663,29.89852861824049,29.66858634397098,29.468389406929862,29.317207354694304,29.229173581575026,29.240241080401027,29.389323896339747,29.713069448848298,30.125375370947832,29.851337340835755,24.877718073807337,0.30308450096860295,1.1338384122815228,1.223279688650852,0.5254528281917591,0.14998567330164575,0.015176593221033898,0.12418150805156375,0.32736663156377976,28.749390713411284,0.09062649657530727,0.24476799779099812,0.07149447281398989,0.011836785023625574,2.1205657075549188e-05,0.03097944990832919
4.8999999999999915,0.00018740435716881382,7.11063084548976e-06,0.0854610398157022,0.04160624143546483,0.22129033123417988,0.036075425295386494,0.1594718980118762,0.9051523506243948,0.5703922757927408,1.091376409043709,1.8523433336028674,2.786063344942224,8.9061976307546,20.53563786491432,26.383622397490846,29.49268283699446,30.96253486114057,31.589280577215288,31.67794462565883,31.519149818867973,31.251172043809134,30.93119464853182,30.613993188903983,30.298823338799078,30.007628779402765,29.731425264233234,29.4813863095332,29.25335791237799,29.060956306487796,28.913841391805207,28.841352254814318,28.880931098052358,29.092456506681778,29.523734017374146,30.05846156362383,29.512121571886404,21.473513761183547,4.570871237701893,1.7230144009361208,0.16254200290414314,0.4039814945011784,0.0011331323345728592,0.0063576015777455685,0.03007508135714239,1.2865913111132186,26.93229196634375,0.06362277417441169,0.039151298971608434,0.05606805569280963,0.03972961533643442,0.01943936434987746
4.949999999999991,2.470640617825941e-06,4.8343171671468756e-05,0.08341669073222409,0.03247519505300325,0.205142001029763,0.01957937614374923,0.1155026695184825,0.8739179762537613,0.7325101229555674,0.8820415756984373,2.3270139111306527,2.043361589404103,11.122680169591632,21.781605976525768,27.190479352284026,29.99324086859915,31.24692922110263,31.71325949689058,31.705115569896925,31.48224082495655,31.176855674261084,30.83390810506546,30.502925379997766,30.17904292257875,29.88063177015496,29.5966394266338,29.33495241062319,29.089274182765056,28.868322313172108,28.677500233395552,28.53880037716894,28.48311325490765,28.566295062367793,28.863756338210393,29.435570866440358,30.05608975120485,28.484961699021124,12.017669726633587,0.18058374849002795,0.9326267543905957,0.24029037112688614,0.03864434551087688,0.0049197700101692035,0.12772123804748975,0.07186841127476395,29.153058840645567,0.38436839737393935,0.19341126950354268,0.015500047381301806,0.0007218554216084481,0.010437173244054479
4.999999999999991,0.00011181113777698188,0.00027644478428357465,0.08076253362865549,0.024149173468530807,0.1874317137169572,0.007779688021072356,0.07640487860149436,0.828771671944257,0.8997191442613212,0.6592314878228795,2.771153139273672,1.130294757569453,13.11799447961385,22.930390937305923,27.922701175463494,30.43042675999706,31.480725242845722,31.801129662663584,31.7078342963094,31.431074886399465,31.096087055264054,30.736850459693976,30.39761645194083,30.070564225904324,29.770055129704755,29.484249811558808,29.217155980612016,28.961266416862294,28.72043175593515,28.49628616053094,28.30299870653207,28.162652419628106,28.11882757026165,28.240882996030827,28.6259088787431,29.351591617167642,30.01898275773376,26.754564432985614,0.4363278836158251,2.138253541071768,0.07880302949564778,0.24044679322508306,0.05502797491386724,0.010487899399957028,0.1722074703816737,0.5601583385511275,27.35553908084365,0.03488747524583667,0.1211965353634109,0.06643757425550911,0.023988976016183928
5.049999999999991,0.0004744342007090591,0.0006521000578811828,0.07783626486824917,0.017334551893154325,0.16997565930102096,0.0015225145331558738,0.04594517144734264,0.7751509767513975,1.0544291793468614,0.45271440676426244,3.140659812209022,0.3123762262985187,14.818291517982729,23.926684092440556,28.547095658181405,30.78954154903055,31.661231231680173,31.857359111497235,31.69404954661298,31.375234665139374,31.018800450932808,30.64981815759967,30.307580183353018,29.98219974534212,29.684284284770097,29.40181706457194,29.135365985338666,28.876994112576433,28.62642184750538,28.382648694999766,28.1533058920771,27.953241207795525,27.814436518061235,27.79249039728096,27.977860581786288,28.500679714563685,29.42252768401346,29.837625338992886,21.620738196424554,3.508016543802643,0.0765579719413091,0.0001607921119977799,0.007172942053643466,0.06092558293013184,0.05311922708999678,0.03533893546119531,28.27153086211799,1.2211010880062723,0.05068094389138289,0.004002742183459943,0.02391834012743597
5.099999999999991,0.001087843146901535,0.0011832927332885378,0.07446141632371905,0.011491776265788588,0.15179248904226345,0.00012034871816881141,0.022388746855492837,0.7112419935483444,1.2029526451829726,0.2640162706797379,3.448875285543032,0.01461301915593035,16.369501385417294,24.847936499964412,29.112675387208608,31.101090765137414,31.80604702567183,31.89051035190476,31.666592964292512,31.313685772729507,30.941580814610074,30.568021532206615,30.227093387117826,29.90752840231862,29.616416363629,29.341851201387357,29.08138276298626,28.826790368912523,28.574293785768887,28.320738648962518,28.067954852860005,27.824148116382354,27.60978648699225,27.464379492969137,27.458261342393634,27.70903258979565,28.375507594242077,29.498428415666087,29.2777757245643,12.096268267439495,0.5481011373077569,0.8053700076317891,0.016476421241008673,0.12948101537229217,0.06657818706844552,0.25937461994616784,0.06467732789335,27.478058236101454,0.2875946066415159,0.13606010409962066,0.033005787478568346
5.149999999999991,0.0018631456125748518,0.0018025907427468568,0.07101988608153086,0.0070903625210450094,0.13468564117442106,0.0033318132947964788,0.00769584288722782,0.6441620529542201,1.3319040588337199,0.12170260106718388,3.6702210883864788,0.7213220717250973,17.708793046865154,25.65126037355904,29.593558010945124,31.355101252875585,31.91515898132357,31.905725179379033,31.632759894200827,31.254131092012724,30.87214067931836,30.498243075276456,30.161980740157176,29.85127286081189,29.569870393870875,29.30636076514135,29.055667141328986,28.809714923994033,28.56192357883193,28.307820396941956,28.044796477489946,27.776183878972454,27.51355151224301,27.28381748824148,27.138712246852926,27.17246873588049,27.535400222862027,28.43347824065287,29.72692429029241,26.89472502022841,4.276338145620645,0.564980757570869,0.2811300484161282,0.12253182178622496,0.1184585229721065,8.270082723290337e-05,0.3640237751209454,26.897158835561285,1.2213694156281991,0.004818549072633407,0.05223724804923448
5.19999999999999,0.0028421864762461484,0.0025463964813743504,0.06726851799311752,0.00369015812617307,0.11745561056266404,0.010968787983955118,0.000589436356947487,0.5707840388300177,1.4484699806469725,0.02852863730288984,3.8173568263071322,2.3701835367388853,18.95304651938751,26.3940958312388,30.02872555022457,31.574175443842805,31.99969965113169,31.906661412713827,31.592004523501487,31.193752574940227,30.80612357169217,30.435827550629625,30.10752853645929,29.80870778771849,29.54024666983555,29.291231073596524,29.054298578411032,28.821802427759945,28.584744481632377,28.337898337346772,28.07492743816286,27.795166228753615,27.502488443797773,27.212363620610507,26.958892863424822,26.808636459220505,26.87851791738744,27.36677210092617,28.50584411486596,29.81427456176909,21.848840745651614,1.0788353116217282,1.3261513311257964,0.10477092181217487,0.13153188495687856,0.10638435615451469,0.16965312152321604,1.5432829497950673,26.783866022412354,0.4431416545808164,0.06360201882452819
5.24999999999999,0.0038999029060020193,0.003325040490812791,0.06362531330778068,0.0015148808129501548,0.10184590239003932,0.02191665641523913,0.0012476685834570949,0.49900088520731734,1.5430876892526508,8.602621409820481e-05,3.878185498109825,4.319783988581181,20.036734317886655,27.043500175304118,30.39819845605004,31.75158898313508,32.06134006378742,31.89863585000002,31.550819759512265,31.138715568933787,30.74940138948087,30.385241730288413,30.066884970165574,29.781653651740392,29.527583613399173,29.29461149902825,29.073333036325984,28.856709348338036,28.63403572574645,28.399592201917507,28.144562277688078,27.86552511614042,27.560687117893785,27.237185839361928,26.915946174190267,26.642281716322962,26.503732653650694,26.65897936833636,27.359908876589177,28.86034335904261,29.293673833693,2.059952721703153,2.065136916108445,0.7704799887615172,0.2509882490892931,0.1032701348393371,0.053960010803394104,0.6121621871200026,25.423702718327412,0.4572136488161133,0.11206958366131065
5.29999999999999,0.005116218558724876,0.004197536057098177,0.05978286984627751,0.00028425497181990597,0.08660141383582118,0.036572529010474246,0.009134437053123015,0.42498672782486213,1.622431529087856,0.03802226659460474,3.8564266135153353,6.33331069944167,21.051628478196143,27.64651508679259,30.731049786138158,31.903040340369483,32.106400155050636,31.882206425535664,31.506920001501907,31.085585496564995,30.69774775963952,30.342665516805816,30.03663150108633,29.76728034996682,29.529903418133344,29.315398779696203,29.112538256626298,28.915088455638735,28.710882369869836,28.494327532639833,28.254683959962,27.986621990971802,27.683844052583197,27.346416428432775,26.98401216509261,26.62288833922595,26.32213185476751,26.194362608548182,26.43899528338681,27.383662212807884,29.200817599095124,27.075141143724775,4.557630183327998,0.8209971502786827,0.45781601966113966,0.054377242038822694,0.07733258854607995,0.019523021237462107,2.40322470103469,24.441268046741346,0.2987051887812684
5.34999999999999,0.00633463993628861,0.005059130197271966,0.05618330586974405,1.1097960289679801e-05,0.07321084547759485,0.05309263423913243,0.022854341683762484,0.3565049174551979,1.680786500859557,0.13702000493288952,3.754285800884137,8.123843637555957,21.94126204691854,28.17232304083486,31.01357637059449,32.025469869699805,32.13741933509551,31.862502359835222,31.465982522296855,31.039321211635077,30.65541233115208,30.3108578148662,30.018120367655563,29.76519039220357,29.54493627894427,29.349175454505176,29.165092664102023,28.987377566018125,28.802706368020964,28.60614863484793,28.38534898779006,28.134308595038263,27.843511640711732,27.508342717127388,27.130172194931106,26.7212836909993,26.320116478757356,26.004563683629872,25.925453144580466,26.355914764815864,27.700037006012963,29.655787240198364,16.88823151780855,2.0449278853892507,0.7894675606014235,0.22414260070543846,0.03126512898947605,0.15585338966366358,0.40547299437949647,24.07280776293684,0.002727060792404838
5.39999999999999,0.00766763009553364,0.005986555002013644,0.05248021352941708,0.0005595250176300016,0.06051431086552612,0.07241054363462471,0.042750390830087324,0.2893448651791634,1.723205585937845,0.2972505605277528,3.563919814212351,9.796564532766538,22.779862989486197,28.661075860378226,31.2677945311235,32.12890732161342,32.1575404065263,31.83831778510937,31.424885407254536,30.9963286648922,30.6188732060158,30.28687784247267,30.00920905043804,29.774291763933725,29.57265518781651,29.397107536823825,29.23344124958969,29.077257085506645,28.914487143059727,28.740858804389042,28.543470570805667,28.316064799359854,28.047135577673387,27.728530745078434,27.354902293452664,26.926802079210155,26.464865542905113,26.01521758766639,25.682222947488,25.661150538333388,26.29703565979181,28.079230148831048,29.306066649500472,2.541144684932055,0.0030792146707410884,0.604490507834067,2.0592817745049534e-05,0.015256838758652308,0.0480993720612321,0.6842688666525993,19.118758277218017
5.4499999999999895,0.008941001803817395,0.00686632946595048,0.04910274902583932,0.0017651301535825472,0.04972363320134476,0.09232536664725743,0.06616847148775085,0.23037326127383456,1.747653801120293,0.4954450470390767,3.302148763031739,11.240683247798884,23.516571217232066,29.086659351903815,31.483552041691254,32.21234807792477,32.16978886746037,31.814400185227925,31.38850250643701,30.96063928656308,30.59091122434134,30.272143350302983,30.009718296423582,29.79261844268702,29.609205614433396,29.45321657085133,29.30917513465076,29.17349938986566,29.031778241800108,28.88035836745447,28.706652443135965,28.504120616315532,28.260864337172453,27.966412141586453,27.61128672872062,27.18735410589554,26.702170363769127,26.178980958883606,25.688832005561828,25.369503867116386,25.486803630218887,26.514915636656845,28.882038108332004,24.596486636118318,0.11900912512086158,0.24871015690825066,0.06696653911855283,0.0018230030306530393,0.17177022432348962,0.027258155169821958,22.909106385125266
5.499999999999989,0.01029700638875298,0.0077919055095526275,0.04567649815950706,0.003648439234752295,0.03971704811763839,0.11421622456028761,0.09440538534672818,0.17515216938631173,1.75710562543556,0.735321893845468,2.9501590656903307,12.587010376281683,24.214289302602015,29.483352081803677,31.67792819355061,32.282447105450935,32.17514983245064,31.788521145737427,31.35338723973641,30.92882188634114,30.56869781713401,30.26471801730505,30.01876111232854,29.82050013666415,29.656163703751727,29.52038293710975,29.396495482650785,29.28178893614742,29.161583603222986,29.033159061782037,28.884356069974363,28.70945789722235,28.497163366317398,28.235809797387013,27.913127836851682,27.514698655316174,27.036813292170237,26.483083581146957,25.895019943052567,25.35835335540732,25.059107135796545,25.34523440824218,26.808620667202945,29.463894664643195,9.511148698370196,1.0194163736035595,0.3183986247103942,0.056518881909658425,0.00813983947122677,0.2555750248813856,1.5594480171169298
5.549999999999989,0.011541991652238568,0.008640391888420713,0.042634220560525675,0.005897798250834602,0.03151888299063169,0.135551452859278,0.12400105969520678,0.1295009104338694,1.7525055107008394,0.9851662348633443,2.543327837537264,13.75051462563963,24.82866761150651,29.82865158310688,31.84273634403571,32.339102442670935,32.17682293205483,31.764995457827165,31.323798913691657,30.904030123416234,30.554147959856696,30.26487168241154,30.035038209732413,29.854848373403335,29.708602004418335,29.591579136609614,29.486170476278545,29.39022722835215,29.28895326356503,29.18066062043685,29.05380043337282,28.904290310323773,28.721206079766727,28.493800030682145,28.208376115281688,27.846851571813097,27.39740446477696,26.848854408773605,26.221149824669624,25.56224561818331,25.00414139505276,24.797417284452603,25.420214373384002,27.638094642142995,28.415646394713804,2.3888793251288143,0.0567851468251387,0.006048767445299618,0.06797866446265567,0.07401121982197395,0.217265484524291
5.599999999999989,0.012843325977792037,0.009515800297742552,0.039590404566507524,0.008673192605040464,0.024132088616668993,0.15815840829002042,0.15696475515690028,0.08928080474704966,1.7346266926807454,1.2553867539840826,2.0589334900119804,14.843713231532993,25.412048281322704,30.150475471396362,31.99144503497413,32.386409166728825,32.174338015279915,31.741263125335536,31.29644943108041,30.88332194943029,30.545079075937124,30.271610337844457,30.058684912795982,29.897125754421737,29.769177959107978,29.67085647221673,29.583354961321078,29.505156279760733,29.421506510880313,29.331507540848207,29.224848207093945,29.09899646187213,28.94512748358214,28.754180516301787,28.513052237926765,28.201966415952825,27.803115385774948,27.293360777876096,26.673640772909295,25.95779126333153,25.23006844813327,24.65281071903876,24.56354097229166,25.5959860364483,28.517967995302662,21.019603281211925,2.4071668009280174,0.003805252908962355,0.16251490897151827,0.07722322985501617,0.3589191843323114
5.649999999999989,0.01399719571875456,0.01029399263759583,0.0369521667917314,0.011549536416848631,0.018304452402897322,0.1793481763489061,0.18935524035952347,0.05834693147030507,1.707095634943566,1.5139827438851023,1.5572249284698627,15.793837912067186,25.925412279550073,30.43067206154444,32.117933123878146,32.42514781199234,32.17094206444397,31.721092216746158,31.274677439617484,30.869028187351706,30.54251017707208,30.284353806805377,30.087606563576628,29.94345255092773,29.83245919278528,29.750780216237732,29.678797872528406,29.61524091350023,29.545333401144255,29.468768083400036,29.376780778806566,29.268431025425844,29.137520464039962,28.977304760075043,28.77724052459245,28.51741090347819,28.17758681196313,27.726255437260612,27.148501241431838,26.433471169919216,25.628474798088924,24.836784073414137,24.302422587666893,24.493556220386033,26.27429097001827,29.42577808593142,5.023622418888321,0.8589441778295572,0.16845186578404311,0.14947038873644997,1.6439917410954563e-05
5.699999999999989,0.015186499359764861,0.011090450212717354,0.03433466397111149,0.014814586543571583,0.013217866990237786,0.20126794146016733,0.22398000237205312,0.03341926012956997,1.6685200247279077,1.7780592743278554,1.027418249669111,16.693203405661205,26.414345682836654,30.692643836710218,32.23247778361248,32.45753842242272,32.16527627059961,31.70164068330516,31.255606670496768,30.858801520518576,30.54499545384289,30.30291758715895,30.12280485409251,29.996106467472718,29.90189944311031,29.83595072362875,29.778143100970205,29.726771937535588,29.66732480148073,29.59984779719287,29.51711135564735,29.420115613300645,29.305659244153915,29.171135961753357,29.009779562956368,28.804776890569617,28.535786651376643,28.166668421138024,27.668889302183842,27.01002527951097,26.20173165754644,25.294320862273644,24.450254639376983,23.982241196100127,24.516605464065403,27.150969408651346,26.89283096709062,1.6035250836654393,0.2921160781137984,0.1770976525701409,0.13509760699095485
5.7499999999999885,0.01620423535203877,0.01177673047759522,0.032121696809057965,0.017956663539076167,0.009400095896732238,0.221213082389823,0.256536777934476,0.016611986148261627,1.624492148134629,2.017855310447014,0.5644771927649402,17.477845590139324,26.844425354366656,30.920742738087053,32.33082412500701,32.48486613688053,32.160701380594304,31.686193432360653,31.24182177032262,30.854257716611993,30.552807756792284,30.325991519281192,30.16142158771843,30.050978124342063,29.971550632492516,29.91931389847737,29.872714952777088,29.829680800112335,29.775786856947587,29.71096763631762,29.629514146165125,29.53402829703911,29.425189842976295,29.304444949091216,29.16951113420726,29.009999471745115,28.806992155813276,28.52433612438687,28.124611426990057,27.556645658471215,26.804581085459112,25.874592672546033,24.87352714751887,24.014173692094882,23.755414164804748,24.992390784102824,28.783816273151125,0.002913179909149107,1.453889146088129,0.35071818790909814,0.13612925651390262
5.799999999999988,0.017239387148055785,0.012472880588685332,0.029931168192170805,0.021370335911006195,0.0062067890692734575,0.2415063503574819,0.2904098601971957,0.00548199478256978,1.571808134022887,2.253984503662715,0.19144651373354182,18.225662770888942,27.254688605891396,31.134658523508705,32.42032262343264,32.50800786478432,32.15494992498075,31.67220526911254,31.230933153874844,30.8535263748181,30.565206502032666,30.35416311085068,30.205385252951437,30.11071480045701,30.045580541843965,30.005359079900288,29.967539136428396,29.92928421581649,29.87573090429279,29.806482886133978,29.71729016908696,29.612188809665128,29.495606071765636,29.37416116063323,29.252058472153696,29.127079986220203,28.98612146598189,28.798713574001773,28.520998717559504,28.090573261292015,27.461398387659802,26.59860810056816,25.55357062665296,24.451668981335935,23.609551447860095,23.63037501193366,25.696983698735714,29.110277338542367,0.15567046450475253,0.852474926442982,0.07412093995918934
5.849999999999988,0.01807765582313161,0.013046814550214478,0.02814539391839097,0.024460182203819042,0.003984202107772098,0.25936199157452394,0.3210806884882691,0.0006223451134340327,1.5179463931805963,2.4609413601957595,0.012501864055872865,18.87635092926793,27.614317624029944,31.320883088646244,32.49787960444416,32.528622197190614,32.15156732273953,31.662557325060025,31.225019748287973,30.857715685522273,30.58186532232181,30.38551434414159,30.251223137490058,30.17087338941927,30.117984625475827,30.08739509554436,30.05515626299374,30.017221597673256,29.958293056120727,29.876991284104854,29.77021818711024,29.64290105832156,29.503372775021994,29.363121559913385,29.23303677393917,29.12116045895037,29.02192294074727,28.915289040247814,28.75708823606284,28.479770833040583,28.01223691736379,27.28352921737318,26.293388448901077,25.103372947479706,23.940004747072493,23.230580800048205,23.85846859973408,27.421576365444412,15.729042061963872,0.8276648914189576,0.2980696225176315
5.899999999999988,0.018931994038630474,0.013625564771096832,0.026374591713746818,0.02774764971227379,0.0022411421699048595,0.2773615019630027,0.3524851520014472,0.0006085355925848438,1.4574960695900607,2.660219183770405,0.06078231911548256,19.5016715854992,27.958730462087708,31.49622992178864,32.56912001181329,32.54657523043987,32.14796219511004,31.654483369389972,31.221868985123926,30.86542803671213,30.602579214073607,30.42119340181882,30.301420512845127,30.23484793792779,30.193141153204426,30.17001109431883,30.140309391849506,30.097769299798603,30.02666274599834,29.923634473642625,29.786596524141604,29.620702628064883,29.437994245430996,29.25506496622553,29.090153880796397,28.96367030028736,28.880251233993963,28.837169932169605,28.796020549598254,28.695861146102022,28.44448868601623,27.93913682141707,27.119945346189628,25.980860837147574,24.663926903651515,23.452332622437723,22.94915712730112,24.35185688950671,28.98646547363331,4.166571399863215,0.8434687402828644
5.949999999999988,0.019580228748736918,0.014078218046257591,0.02498605277538632,0.030571734744690736,0.0011646863231422235,0.2927260603228594,0.380007724547689,0.004648223612640268,1.399467128918534,2.8297737155239666,0.3392815419476777,20.043504512133396,28.259689723834818,31.64929581790583,32.63184610646989,32.56380252680578,32.147262373892076,31.65089765008476,31.223362928943498,30.87724393355147,30.62657588872698,30.45904422332477,30.352381140050074,30.29779547086623,30.26533082819238,30.24706271210265,30.216397685490083,30.16466865204491,30.075158740879576,29.942097437839358,29.76381528132286,29.544909506598795,29.301117698446298,29.052859355815595,28.8254822941281,28.651956857712065,28.54838434129237,28.531653512359494,28.57534280670684,28.63494890194742,28.607857679612586,28.370412097002976,27.803809325940886,26.83398287198399,25.52793285249619,24.074982405570744,22.925400872947804,22.931527920057885,25.84374317697497,24.48442435330319,0.008270762196846616
5.999999999999988,0.02023381274579459,0.014533142975528098,0.023620162423966702,0.03351279947733854,0.0004347482710440105,0.3080452840520492,0.40776144991060226,0.012492424459443624,1.336986105461981,2.9905528384151254,0.8404703696867201,20.564930449404958,28.548719452039467,31.793956949816348,32.690052488592194,32.5794980034598,32.14696775565932,31.64900441090043,31.22741669372909,30.892298073179592,30.65414707445246,30.50044598185557,30.406679390052943,30.36355452214103,30.338785076199173,30.322986857261682,30.287452296116776,30.220676555472163,30.104331030028003,29.929368081535902,29.694108077957285,29.401814548827446,29.070476618070813,28.724869486555555,28.397182609803227,28.13274892041255,27.960426480394112,27.921860537704983,28.006106552321526,28.20150032488959,28.407628054461735,28.500845006699123,28.304357821639954,27.66852108174314,26.55832316007807,25.066644942641233,23.51946188106084,22.492673208571055,23.17073328701809,27.718277062648177,3.988260800718855
6.049999999999987,0.0206723972551678,0.014858503683973394,0.022619163661847828,0.03587632747537018,0.00010417449218635996,0.3206126073197856,0.4311774538909534,0.022169823903581482,1.2799008515217092,3.123385688098002,1.4425096168388662,21.01493887067717,28.799463302001094,31.920403258142677,32.74232954133774,32.59573157225657,32.150031524516265,31.651388252292318,31.235630944535146,30.910746752075845,30.684149583632703,30.543024374505098,30.460789697519598,30.427322512241652,30.408224556084534,30.392310088647072,30.348648794432428,30.26215032909663,30.11279634913989,29.8874946344227,29.584134609569468,29.203885741723763,28.76609217833056,28.299574596859884,27.84170294782853,27.44916403877219,27.161118867007342,27.04772071348391,27.110291643366942,27.380389957290983,27.76805662791719,28.176855266318196,28.39032375790726,28.196700004920018,27.437811374802905,26.10425629345173,24.428154431679555,22.843982414791576,22.21915863405361,24.33094475113777,28.393867721370665
6.099999999999987,0.021112686176248934,0.015187013250155966,0.021620437159304524,0.03830468479705061,4.736807734087711e-08,0.33315947057784373,0.4546506106188418,0.03459923572361934,1.219876324184835,3.248271306710822,2.1569605406459718,21.44945798924459,29.040976706900747,32.040866797111505,32.791546266390206,32.611225572546374,32.15382000925131,31.655541759925235,31.246320291370004,30.93207671671978,30.717228636619684,30.588743630143384,30.5176339447793,30.4927501750819,30.478002437845664,30.458884659081992,30.40265619986291,30.289753940600615,30.09785624748446,29.808969897583204,29.41952840860107,28.92732021328687,28.354577336362503,27.73006017416328,27.095027444505927,26.521869075826206,26.05517987793344,25.79123443061117,25.75337344145014,26.014856446365613,26.515852156631333,27.21086917589355,27.87541067507366,28.271240387469284,28.097846257824322,27.195472418652116,25.65709698995025,23.800112116043376,22.266939565655065,22.21108122009631,26.047807414720168
6.149999999999987,0.02133357130664361,0.015384216380992057,0.02096947396105793,0.040074239654644926,7.259612585540316e-05,0.34292060370708677,0.47354698771186565,0.046859103066473326,1.167661442134276,3.3485562071296098,2.8359917849117706,21.81969766176254,29.24957627404208,32.14622290553545,32.836757197510686,32.62812575277935,32.161167022931046,31.66373668499324,31.260622908413765,30.956152254811972,30.751997145756956,30.634775625619145,30.573382479251862,30.555701701730598,30.543060398419843,30.51855726916555,30.446659412400514,30.303092900810277,30.062876332068306,29.702562199449254,29.216876390369386,28.60049078212043,27.874572197629227,27.070529407867717,26.233259233131253,25.441481772174367,24.75071091691372,24.27834171698951,24.065749366273764,24.233126928551997,24.744671790664434,25.62262333857387,26.660457731975548,27.64870508260747,28.179634681679495,27.932484524550567,26.795023799886614,24.96981303154123,22.99706139154205,21.74145789024997,22.9661642376277
6.199999999999987,0.021553576820113225,0.015578717102028714,0.020320656783154478,0.041871882578707394,0.0002729138701643252,0.35259278934787525,0.49237418523696985,0.06086247641566526,1.113947492333272,3.441916763716608,3.5458457409460813,22.17813666792417,29.45037319710815,32.246989784455955,32.87997275320215,32.644868747697714,32.16952261706156,31.673701252061967,31.277195625111375,30.98280315864601,30.78948369647813,30.68333367267315,30.631176456373733,30.61956184671464,30.607287897024946,30.574324498278518,30.481931029120947,30.300365173951565,30.00162459605621,29.55532543631442,28.954779064095725,28.189457227265628,27.279860008449432,26.257780578534682,25.16965492587292,24.099033709050957,23.109071849459024,22.342016211276018,21.848072972756817,21.805661581029,22.200315035352585,23.139147202732367,24.448903582754138,26.005236225966463,27.361193117463753,28.088156482276673,27.765953495747993,26.36675308147865,24.305023357641346,22.273143624775745,21.476139531925867
6.249999999999987,0.021552390901946647,0.01564434814378069,0.020000206206271402,0.04296980678264248,0.00047786107270300334,0.3595346381764875,0.5066017031615756,0.07307323224153948,1.0696270213128536,3.514449700656648,4.158654529309374,22.478558160094604,29.622020880782557,32.335639121816165,32.92063189434592,32.66359799790103,32.181456095976515,31.687401525389994,31.29693166538608,31.011609631814203,30.827952097807106,30.731643440779205,30.687461307681097,30.680349598969187,30.666862490221064,30.623217844271416,30.50775476871488,30.284764914442434,29.92270049207688,29.384410539364495,28.660932822577763,27.736355279406645,26.630598964802893,25.37305053155707,24.009976461728712,22.629552976035264,21.29372748900081,20.168818568557164,19.309461272082252,18.9603257959796,19.125254805130886,20.000592605836935,21.435585878149794,23.40787895294373,25.484123147432385,27.252413565381044,28.03126746785385,27.4549328070326,25.692504531426437,23.370877816135724,21.503696568124685
6.2999999999999865,0.02155397003719098,0.015711701641479153,0.01967766131121342,0.04408766304540998,0.0007421674900032105,0.3663923298898164,0.5207869177551204,0.08636973173045609,1.024511964545818,3.581891195257378,4.772524491080433,22.770662434578828,29.78831081434683,32.42098661407007,32.96008437741563,32.68249631277615,32.194480667332634,31.702802492196334,31.31873566785334,31.042713802619154,30.868754151176955,30.782171078739754,30.74536474609794,30.74154292867179,30.724900283101896,30.667314828238844,30.52375393332058,30.25169526513284,29.815758937076193,29.17129500823231,28.305540580272215,27.19740138920349,25.864841797537075,24.333581033669425,22.642393020413394,20.883067848452207,19.10719343905711,17.497554776668263,16.12287728057283,15.287391899330846,15.040259823018731,15.687540701843655,17.103544942730196,19.374647044434898,22.070288759805337,24.903311849092276,27.09640564520029,27.95855415893454,27.117592640809065,24.992368882009032,22.525192293998487
6.349999999999986,0.02133362843339584,0.015644074858990026,0.019682583794340677,0.0444618487912854,0.0008945801801786104,0.3705011020191928,0.5302766488736611,0.09654951702164022,0.9901230345184462,3.6316971258087873,5.267635875247171,23.00893021601049,29.927806236123992,32.49598983135675,32.99806192628852,32.70383686520208,32.21111303652572,31.721673846607885,31.34328381268228,31.075456119329537,30.910048732912777,30.831813653232555,30.801172827863393,30.79947859033503,30.778245116684367,30.705179426735985,30.53159773973433,30.20810214163278,29.695225650638758,28.94013443736497,27.927529209705693,26.62990751970256,25.061675360078507,23.243153462881562,21.20183424135255,19.023389049098405,16.742549290747874,14.54536396680258,12.50372856007191,10.991638961202765,10.128310146901518,10.372068026543303,11.645786454068393,14.148452666816766,17.371164903488356,21.12154778663706,24.634835457786913,27.194709719699954,27.850264102610254,26.49907776922268,23.979010399476735
6.399999999999986,0.021113323551097483,0.01557931843909528,0.019677098078989666,0.04483200352353771,0.0010636722367520595,0.37458208007326066,0.539633515024781,0.10725792532889883,0.9553017563568356,3.6779943520980534,5.755255785922184,23.24090614061862,30.06329427284902,32.568794852652545,33.03539821521042,32.72563336521727,32.2288564047025,31.742155282696686,31.369725205750708,31.110241023870078,30.953388087778492,30.883254435755187,30.85827844171112,30.85738766617442,30.82963884704808,30.7377279599404,30.529104592029487,30.146449504249496,29.546043626431285,28.66649719972116,27.48967799392829,25.97753664126141,24.14551115514222,21.99645674654754,19.542710503580466,16.851738190750172,13.912020316221819,10.895185371911499,7.874585462163502,5.356296922277098,3.590052250114492,3.100150723745749,3.800649803678576,6.300698060629408,10.145739857378329,15.00018905814182,19.890733196651166,24.356158530849953,27.232418668585435,27.666397100333242,25.843578398534458
6.449999999999986,0.02067284125145722,0.015384657800662848,0.019999801373327717,0.04446241502181875,0.0010657216821489996,0.3759850948469966,0.5443835787072614,0.11402878897648,0.9317064400692223,3.709856676159857,6.123373683224748,23.422913330180293,30.17473894475222,32.63280428543969,33.072033999974124,32.750031448352594,32.2501432390402,31.76582197806075,31.398516767263747,31.14623895498486,30.996765613318573,30.933551486316144,30.913020253078123,30.91199891460103,30.876726300572685,30.765000805379053,30.52017566892541,30.077366882121343,29.38827799059944,28.38300760360797,27.039395105645163,25.31194526387508,23.20926041506653,20.717468900526143,17.82227174654725,14.549671465785295,10.820690772254718,6.798245922358143,2.8185843440266956,0.41567959027497836,0.03560576808857303,0.31065616586130496,0.34565320784535164,0.009649912636886485,1.0571015981921656,6.324226185456386,12.988600318179284,19.40866842756613,24.562340004323524,27.47873501088241,27.262912644247592
6.499999999999986,0.020234331437924954,0.015187301878182104,0.020319556333567954,0.04408909519566377,0.001063925213585956,0.37732075967854267,0.549007005968664,0.12082113306275227,0.9081591311889686,3.7395500724271473,6.481545804506367,23.59940886477859,30.282865734226448,32.69523404150395,33.10843806455225,32.775111964527596,32.27261838375935,31.791002182332555,31.42903811397246,31.18403749076618,31.04190377865823,30.985328565168516,30.968610578735714,30.966359201636543,30.921545376633397,30.786770603154284,30.500934421261352,29.99061206603866,29.202489860193435,28.058120410849597,26.531412171123364,24.56761544109075,22.161565839815243,19.279661890592145,15.85537614634111,11.849277102541107,7.085369246043868,2.164665190884078,0.005807366296873375,1.1916255242212745,2.53325820712145,3.259597226492437,3.5717343981659218,3.3842060943110175,2.6207996252721824,0.702156271713832,1.6835886982919845,10.664347333473344,18.685871548852738,24.759594217297156,27.583742969888327
6.549999999999986,0.019581181147462656,0.014858887568175718,0.020968923913235904,0.04297142781567836,0.0008950155517802636,0.3759888565613432,0.5490354950374465,0.12315046974351765,0.8961996668810204,3.7571047803715545,6.722662502710856,23.728228610823052,30.36849629359657,32.75001657343146,33.14467983121721,32.80296207709009,32.29847359814092,31.81914283518281,31.461581497487543,31.222691165670433,31.086738553104254,31.035661202788116,31.021866346768565,31.01750671358858,30.962659075499396,30.804549292576965,30.477659584037077,29.900059676477966,29.01430721656456,27.73273938533759,26.025062134491066,23.824464988647232,21.112936363264083,17.823193016249522,13.820560870934981,8.967227767003227,3.2174688561621974,3.7025828683572316e-05,1.6595396046203412,3.343674535178981,4.292845971520199,4.7292063348712,4.926800417386742,4.968227540380963,4.881997696375742,4.4027357901363455,2.878865572251784,0.02758398122226804,9.310698438608242,19.097732130794824,25.487752538341752
6.599999999999985,0.018932915225710525,0.014533728904355468,0.02161920830186164,0.04187504430031685,0.0007427741808542995,0.3745897214175173,0.549017508609383,0.12547207525295223,0.8844259847261792,3.7736227998972662,6.958629720766059,23.85325822034744,30.451839326663585,32.80382108849006,33.18096530415033,32.831532213338214,32.32550130340955,31.848699106102817,31.495693869149385,31.26296509048752,31.133117868749185,31.08728508012337,31.075832022386265,31.068261497824633,31.00145442734767,30.816845345395983,30.444172771961743,29.792671260082955,28.79968205519397,27.367896708648367,25.463102412465034,23.006026335505886,19.95437167859364,16.190794422380005,11.488106559457119,5.602948617270696,0.2637809471335399,1.3737747846907897,3.5152015356769866,4.576666799919704,4.988906042091367,5.0548484757317205,4.993666557255597,4.9599525515591045,5.0082829351004134,5.152364936331018,5.177792978977607,4.400398244231988,0.9350273212527587,7.836872345522417,19.26707686222786
6.649999999999985,0.018078831412853498,0.0140788318479922,0.022617999457776265,0.040077665697183025,0.00047847506618549964,0.370514536321372,0.5444029459869417,0.1231633330924774,0.8843866617663323,3.7794444243577416,7.0803208304328615,23.932131356174313,30.513732322599818,32.85067760435322,33.217436579659825,32.86295846220602,32.355826702010184,31.880956832718805,31.531555360779493,31.303797759532806,31.178940219130354,31.137299752523276,31.127388218659533,31.1161373449681,31.037335077446443,30.82677559183864,30.409385788584935,29.686055353251746,28.588749340065448,27.012338492142547,24.9162402181921,22.20568133691252,18.8097804023889,14.54898440377523,9.066927507915022,2.3846096501625555,0.4274640760857206,3.0265226105850185,4.507244141467428,4.991186604382534,4.9441319240771096,4.653620380032422,4.290996168560516,4.051181425647571,3.9790864687720666,4.207966635108935,4.651757694068596,5.175517667206499,5.040545962723774,1.770109864478561,8.144216571071004
6.699999999999985,0.017240428327339734,0.013626374491770576,0.023618556732486418,0.03830921615916771,0.00027348145947035413,0.3664095385681442,0.5396630458197307,0.12084578021126392,0.884378267053787,3.784571900939458,7.197997492826483,24.008508223555133,30.573783353402114,32.89686724437183,33.254115063748536,32.8951530695303,32.38726227624585,31.91456009654246,31.568859621220543,31.34610808713615,31.226135942895937,31.18840475158635,31.179516271030245,31.163522525389066,31.070957040604398,30.831425414733573,30.36502241946776,29.563580612837768,28.354185691086858,26.621574596667664,24.318141660961068,21.33293154237009,17.551705297573495,12.71059522056057,6.307616990536516,0.1919905016434223,1.993484965191402,4.153376961459714,4.9412029486070885,4.903192622893998,4.415391094881612,3.757845875604624,3.073047756955437,2.5762331484349525,2.2810944512881113,2.3499870573551567,2.7485801419721674,3.6150760786025886,4.688447197739858,5.314695142225883,2.821101097901679
6.749999999999985,0.01620523004508019,0.013047336437074002,0.02498380640545788,0.03588145084534672,7.295728413493733e-05,0.35955682038594694,0.530313392489239,0.11406537731532697,0.8961050475641542,3.779503486907532,7.203023856848649,24.039554475990528,30.612972386487833,32.93650796753727,33.291169858680874,32.930198160639065,32.42190639282733,31.950692918553663,31.607681272810662,31.388730424414668,31.27257066208172,31.237820715496515,31.229329446778074,31.208441915407903,31.10258747180533,30.835583883263812,30.322604462153286,29.446704779292094,28.130691579093742,26.24889503241389,23.748281576923237,20.492386845892042,16.326260789784804,10.866080130852716,3.6131689431624565,0.29258768157693205,3.262350214888363,4.7270446649400375,4.955854977474888,4.48083958260895,3.616041478852703,2.6569659808831343,1.7558787764055162,1.1285695966929994,0.740849900358836,0.6448582971314618,0.7741538453636844,1.3375588612260665,2.4416874278993674,4.1181497264562035,5.346436112681618
6.799999999999985,0.015188290858285602,0.01247374220354407,0.02637183231540488,0.033517982543745356,7.856560949819042e-08,0.3526187224192724,0.5208349344526699,0.10730533626258788,0.9080174372761156,3.7737440707349417,7.200998378137859,24.067694232828465,30.6505157658013,32.975535324128195,33.32850807377609,32.96605223327111,32.457651461541424,31.988091077144652,31.647841118900185,31.43267451586704,31.320247060602313,31.288175314225928,31.27957258948451,31.25286964041186,31.132143991501735,30.835039092756325,30.271571782876578,29.316103218517146,27.886419002494428,25.847059649329754,23.13485907901422,19.583068516541804,14.983532299721961,8.801687997042063,1.1736812188336563,1.5308956506794977,4.148572714010253,4.956083556586895,4.680012208931234,3.7951560506536386,2.6004005455430574,1.4576608598636753,0.5821360867836236,0.14525618978563717,0.006236845966146693,0.005170907002277746,0.009763930375086952,0.005879556956994582,0.206281541076028,1.211208600824682,3.2653805506878406
6.8499999999999845,0.013998300136270946,0.011777456217366923,0.028142734844576314,0.030577831407332577,0.0001036105484838402,0.34295060692979723,0.506658904759367,0.09660553149325686,0.931518967743044,3.7572934498558626,7.086296179767326,24.050684619444525,30.667345779307354,33.008132527383744,33.366274838117434,33.00473283844127,32.496485956179846,32.027876552268715,31.689341027358225,31.47678706353377,31.36699616082426,31.33679605899733,31.327667578075374,31.295317256110007,31.16071495065334,30.835649733133316,30.2253469824859,29.195526182383446,27.658929595981604,25.471392590668334,22.55756771036848,18.72284288378526,13.684377811452087,6.763588485529103,0.050073688972538034,2.6823599221683327,4.643343487852969,4.919516730927817,4.223399132902933,3.004523764313865,1.6148275418036868,0.5409380335023638,0.03562754245121069,0.059754945452869836,0.3220406033938711,0.5580871578928087,0.6938577274531679,0.6159101591277268,0.36071639550084794,0.019879101858865742,0.430138340708636
6.899999999999984,0.012844681440987065,0.011091280472420893,0.029928138263087198,0.0277542765081503,0.00043341647074576404,0.3331951691948285,0.49243990679388894,0.08643381833311375,0.9550700422124441,3.7398107840156802,6.967540953398431,24.030690506323914,30.682788302388474,33.04028617767815,33.40431515669695,33.04416887550111,32.53634700281593,32.06884301145033,31.732091266996,31.522123871171463,31.41488904994651,31.386348563818242,31.376202896077498,31.337360824975114,31.1874749381777,30.832127702927565,30.171424452964494,29.062019051997613,27.41268766900649,25.068423128272563,21.941545727013523,17.79980437063645,12.259332920925418,4.554711310701159,0.3215092064761277,3.59810266608873,4.895833957176936,4.688147382451847,3.6012700809981806,2.117811775699713,0.7297745173606618,0.04519986510347969,0.13258113540524075,0.5942249077802952,1.1034305178326045,1.4628630234914475,1.693859236790115,1.7386136793119122,1.6248470337979612,1.2174083535561149,0.5109166236774347
6.949999999999984,0.011544085191170658,0.010295281879866705,0.03211804012458796,0.024467048572278053,0.001162265981252652,0.32065146189990296,0.4736226028439079,0.07314193795542676,0.9898494289172526,3.7102032072360016,6.734422477757786,23.965089928472622,30.677243342744347,33.065859467611666,33.44270649719415,33.08636553082448,32.579214195549405,32.11207140961441,31.77605180795446,31.567495685317525,31.46183083557288,31.434142892907037,31.422769053326927,31.37793686183887,31.214252618028333,30.83162352748486,30.125268152405607,28.94362445185246,27.19066215286443,24.700738172738667,21.374035168984747,16.936009695957058,10.895805745410856,2.5980343297899466,1.2098307823341123,4.193206510307763,4.946384327288056,4.3376194237771974,2.934439003920362,1.322130720239525,0.18806001685192628,0.060836023001071576,0.6079440272444905,1.255737356154005,1.790478982184944,2.1257367867851946,2.331410462568137,2.415284532535164,2.424177729301701,2.294930896569521,1.939673034979811
6.999999999999984,0.010298725489846321,0.00951683022485833,0.03433062664464257,0.02137720294693112,0.0022375179544547267,0.30808936137106907,0.4547347636031726,0.060933067433089974,1.0241968843802547,3.6784312768059317,6.496080814796344,23.896770852956216,30.66974322816185,33.09082879950069,33.48128666764405,33.12926637397832,32.62306172302626,32.15642782824903,31.821199533533665,31.614038624695485,31.509822028269802,31.482792044494307,31.469817085471554,31.41823447205458,31.23955874115239,30.827629666127812,30.072704243112625,28.815349244108354,26.953670611990116,24.31228340882146,20.774552166255198,16.010601692949336,9.415936172832982,0.9467696298430684,2.1982726545544566,4.597414609606234,4.853319974259758,3.8675964805848984,2.206403460922625,0.6323155188678973,1.4665909340069823e-05,0.42042531554531337,1.2071648840818552,1.85418250229335,2.2877149361753997,2.5081595111563555,2.6051460781975506,2.6351648040590354,2.6520095881710093,2.675166868698551,2.66464108523489
7.049999999999984,0.008942575765779833,0.00864082304209057,0.036947864751114376,0.01796354396729552,0.003978982190438148,0.29277395353062274,0.43127089303902344,0.04692911573308804,1.0692765767014254,3.6322417256076402,6.140518241047288,23.781757934509994,30.640559519568363,33.10880564566602,33.52001523522926,33.17482197431529,32.66983790753232,32.20296874296505,31.867472677436886,31.660532964004204,31.556802926208537,31.529802657500404,31.515071967056073,31.457559411770465,31.26583800370436,30.82833518576888,30.0306608057977,28.7055588290266,26.74611063000615,23.96631470374067,20.23163784569476,15.163494694461317,8.01613015627925,0.12303748585920966,2.9667169780796936,4.816379122006115,4.663446989921041,3.3666308284599027,1.5467137792166896,0.20223421653606982,0.12888230753488222,0.889775527000118,1.7109857661307029,2.25166992373423,2.529321756912797,2.5970756809154922,2.5462549910348127,2.4654098861459186,2.403068033963576,2.430079858675084,2.533258846517439
7.099999999999984,0.007669309347839116,0.007792699335340109,0.03958578963367814,0.014821352795175149,0.006199884453328056,0.2774142296964973,0.4078628277321994,0.03466594948406806,1.1135629550253223,3.582552881169914,5.774887976070691,23.662596034922316,30.60891957954673,33.12567146630343,33.55877299799372,33.22100211471703,32.717574715360016,32.25061295075841,31.91489056556847,31.708138128137485,31.604794478707113,31.57758500241372,31.56078883453231,31.49675210709354,31.29101831886554,30.826403952765972,29.983545277102046,28.587433803801552,26.52587510165968,23.600665112506878,19.659649220680915,14.262059706780658,6.519038113461907,0.0634907921106782,3.6012506245336633,4.919665129741524,4.382495887338042,2.8053743460844043,0.9360250867604848,0.009312875973143066,0.45984334720270914,1.378194912740573,2.1139577352831482,2.4897539745811192,2.575471921133692,2.4617856456247114,2.2358378952324163,2.009956201047462,1.8204127991391,1.7625536254389285,1.8274492205857067
7.1499999999999835,0.006336242029040463,0.0068669610231953705,0.042629739924772675,0.011556087005366943,0.00939091128028369,0.2594187465903243,0.38011659175917045,0.022228166530835453,1.167248552394676,3.5152457767260343,5.289471851491744,23.49498567211694,30.55447441873874,33.13485110139102,33.59734373634843,33.2696886706048,32.76816739490049,32.30039460990994,31.96339081595437,31.75567385181825,31.651759831175255,31.623778375394615,31.604984305467966,31.535432574060174,31.318065115641268,30.83066869660122,29.949371246751085,28.492104763810215,26.34188435160222,23.289280804750526,19.161002079927837,13.448182203952113,5.170559468267704,0.4923202885315143,4.041115539870569,4.92487493995278,4.068896457697982,2.275102734751561,0.48803057833679747,0.04320978383094125,0.8423467330855362,1.770999856405909,2.366923350779249,2.5654700403209962,2.4625715635589494,2.1762399710508027,1.792932699998433,1.4408099285533802,1.1463683831821319,0.9966696493165139,0.9660758357787542
7.199999999999983,0.0051177341198343634,0.0059876723533739944,0.045671494340788626,0.008678967731857175,0.013206431071112561,0.24156542967133277,0.352601860110571,0.012539859077124807,1.2194395184777715,3.4428572939756337,4.796333554885139,23.321387049707862,30.496837372295516,33.142534495372544,33.635693262480785,33.31888754219157,32.81963955917358,32.35125111457885,32.01301358614599,31.80429998317493,31.699720589791557,31.670782206070424,31.649667175263552,31.57412910553754,31.34430543497322,30.832934191449052,29.911418168048584,28.390157277087805,26.147252663023362,22.962635422011402,18.63616236618302,12.585521486324158,3.788079874415912,1.1394960368602285,4.3822518215152995,4.857271967009181,3.697881460534325,1.7364656075833154,0.17231771444171137,0.23838863220267165,1.2423823010084316,2.0929239289793102,2.511853905720702,2.517139936036422,2.220403239411906,1.7680474180764891,1.2551512486977188,0.8263056006470677,0.4980882314993498,0.321073304440466,0.2373120654484105
7.249999999999983,0.003901299759281516,0.005060114681815826,0.04909702423572279,0.005903170578711158,0.018290386908381567,0.22127573108697574,0.3212035918295777,0.004679158002530061,1.279449598051172,3.3496568418176382,4.183928577211667,23.096849892773463,30.41483971707466,33.14155047515808,33.67337206984455,33.3703954442648,32.873896772222054,32.40422710619542,32.06371649908361,31.852862625025633,31.746705408575128,31.71626814731574,31.69300853312039,31.612731219731423,31.373211622816463,30.842734861066916,29.888393341978855,28.3140384129848,25.99276582393914,22.69217107807039,18.192753998572616,11.834935059122103,2.6467746864139103,1.737607697528628,4.602815024172421,4.744982517783067,3.3353096580638812,1.2811772796493468,0.025893114127131654,0.5027959878251784,1.5779249952057874,2.3087059491622823,2.551379999209758,2.377672339990612,1.9134907939426673,1.337804711174938,0.7663051368114853,0.35545211734466836,0.10848491275762095,0.018287282932867795,1.0605735932506362e-07
7.299999999999983,0.0028435028649953665,0.004198590920111695,0.052474409740143405,0.0036528195705928072,0.024114887607938194,0.2013323036618248,0.29053648723434755,0.0006204604873861184,1.336525912153827,3.2495397877307846,3.5721227690890482,22.8654721155604,30.328336031943415,33.13841586495271,33.71048905041868,33.42229125071947,32.92897384246022,32.45824468341902,32.11553864207235,31.902517242686528,31.794691474051213,31.762585093571353,31.736921059131767,31.65148475512114,31.401641068008846,30.850960909504987,29.86252933068758,28.233158162810838,25.830358507586872,22.41033419949641,17.728829620435526,11.039906209705734,1.5988547456022373,2.3157668203736326,4.761206491632653,4.585543644383836,2.9404877695486213,0.8622048410725415,0.007853260589086038,0.8131974799409762,1.8743916737315076,2.45340347594879,2.5095053468044903,2.157597159165694,1.5442950023489768,0.8917105404582002,0.34879686284451955,0.06322740783851989,0.0035497191661354754,0.08225568960036748,0.20543889087134973
7.349999999999983,0.0018642514181230947,0.003325680351145288,0.05617736336570178,0.0017683303661241096,0.03149877159974854,0.1794146414334501,0.25666656653446823,0.000609706746011409,1.3990073847473647,3.1248385804270553,2.8622954310313062,22.57913523881459,30.215450643668458,33.12531904675551,33.74628921150041,33.476236690374854,32.98676062215563,32.51438909734972,32.16847741116538,31.952154925238887,31.841756630950545,31.807502103346607,31.779653357006627,31.690471092668957,31.433240472866988,30.867884007800082,29.853308992846642,28.18039971965282,25.711497644295846,22.19221765250722,17.35288219221783,10.376212729796496,0.8838311331691227,2.7595720492577063,4.850648887862744,4.415057846433883,2.5834467254562634,0.5493651027812732,0.08753496485555172,1.0981779253514339,2.0939862485202054,2.522328741563817,2.408938318932762,1.9051807064574886,1.1871162254308156,0.5264500585325833,0.09910188953677718,0.0035638789016650663,0.14700834852660144,0.37638592368324597,0.6083371367091777
7.399999999999983,0.001088686534606977,0.002547398671325473,0.05977641264485574,0.0005614038256105593,0.039694322622313205,0.15822652393055836,0.22411098511187272,0.005442614746266635,1.4570442953447917,2.99218891396448,2.1823389928573413,22.28389268705427,30.09715036429114,33.109099375090004,33.781073434791,33.530342795980836,33.04532293520969,32.57156409626787,32.222549136952956,32.00290677195515,31.88984791376707,31.853281669662085,31.823011616265404,31.729721624968615,31.46463339401859,30.883783605268988,29.84174669312231,28.124078661402105,25.587108833239682,21.964668419913668,16.96189646551389,9.678556869885082,0.3542729166817988,3.1618212214515973,4.901986470803999,4.214675872152423,2.2149734217407486,0.29684648248250867,0.24041363953317188,1.3771015800163002,2.269761472870461,2.536601137253332,2.2537494812342294,1.6113484391552624,0.8307126723403397,0.23540606436430164,0.0010658111636683777,0.12475602651491052,0.4409825042411417,0.7645234995115978,1.040693592765147
7.449999999999982,0.00047501734737182536,0.0018033931734452759,0.06361931944881302,1.13633516196499e-05,0.04969701564501154,0.13561864724508504,0.18948424554699322,0.016540664904625756,1.5175132759714014,2.831602478236785,1.4651610143423297,21.92942566316445,29.949258676356262,33.08113618217932,33.813687272289826,33.58618738143063,33.10653449735494,32.630910642226695,32.27780995692768,32.05371206604112,31.937079368154482,31.897727483498635,31.86532575240859,31.769446124342615,31.499696651639514,30.90896789835853,29.84851576408233,28.09819201627552,25.509216454783846,21.80553496052685,16.669885019576224,9.13046020410453,0.10260613869693314,3.4530661224806325,4.917454164422283,4.025881556286416,1.9002264634962676,0.14031590043506773,0.4154836910878951,1.6030738341832609,2.386357922077016,2.5059768860014526,2.076735641224567,1.329614931866185,0.5398306254157383,0.06789325113308206,0.04439153709088124,0.3431050853496831,0.7531187104070716,1.0963562539487444,1.3498396102643722
7.499999999999982,0.00011211296148798833,0.0011838010932517151,0.0672627916396367,0.00028276579106127056,0.06048427799958698,0.11428287603940679,0.15709052347799432,0.033315354221278765,1.5714003131437608,2.662230422791975,0.8589083916678111,21.562564905502658,29.794411776597194,33.04908554704111,33.84467183345897,33.64192852203697,33.16840088281681,32.69129734398695,32.33423171625273,32.1056886955367,31.98537995584676,31.943078212762806,31.908314668334693,31.809512861904054,31.53465440451722,30.93354827951199,29.85371316483892,28.069206782152378,25.42718134190381,21.640038057706636,16.36557214457244,8.555425400714489,0.002536651395464882,3.7144336589131473,4.909591253162983,3.8195640121656655,1.590959657593072,0.040747321008568683,0.6174346458945779,1.8112074598994434,2.467357731387284,2.437130406166384,1.867966936718196,1.0416725853868223,0.29594052088548767,0.001189908925698715,0.19005372958300557,0.6148647390440383,1.0533496162565013,1.3602761133317096,1.5403455707772549
7.549999999999982,2.3745195828897653e-06,0.0006525908492655411,0.07101335186422367,0.0015113881081333012,0.07317803690356507,0.09238895416080938,0.12412036430563461,0.05820676920037391,1.624124885536272,2.4631347763838636,0.3513522716511836,21.130189036550753,29.607289716614712,33.00309234623998,33.872399259740085,33.698968535115974,33.23280178492763,32.75390013534818,32.39194788077727,32.15784175230358,32.032939153565,31.9872019718919,31.950365653250344,31.850193909498465,31.573536648529377,30.96790625531022,29.87740527350592,28.0722012987557,25.39350887480104,21.545338694490646,16.165716021273713,8.14463152212505,0.020489534622338115,3.8952258443412404,4.888120412399558,3.639755278264679,1.3422264895779912,0.0035216888772146076,0.8007196278438657,1.969168349692427,2.509304565296469,2.348143966491735,1.6645239432940973,0.7944736727369701,0.13511218192703478,0.025781811973166684,0.3787230237122083,0.8644094055799046,1.2778632124511362,1.5137813748741713,1.596323582403001
7.599999999999982,0.00018697187213220185,0.0002767876037396644,0.07445561749754037,0.0036845711030203242,0.08656541268016336,0.07247075211179914,0.09451570899547884,0.08910531294525223,1.668199240199395,2.2563396936358786,0.06586476716735858,20.681781044174194,29.41059402601458,32.95151806166927,33.89772322846733,33.755599684911964,33.29776191596617,32.817536126607266,32.45087029210369,32.21121123014537,32.081628302730515,32.03225349892609,31.993111033150917,31.89126065861735,31.612430089065878,31.00179922653154,29.90031101692334,28.073449071273938,25.356588210371527,21.446740571796468,15.959254827699462,7.718442581052935,0.10831910019460238,4.059793279572475,4.852752994955594,3.449464021047821,1.1036111154715176,0.006492111874443848,0.9887686768360393,2.1089428628809688,2.525633989256936,2.233839804944279,1.4472284655776388,0.5641936465485213,0.03520753976381672,0.11944911873798633,0.596746042275357,1.095156315845442,1.4446467505998681,1.5816114415240834,1.545983468111094
7.649999999999982,0.000710952854970856,4.84700767091482e-05,0.07783040524545524,0.0070824731981785315,0.10180589101606867,0.05314682624862531,0.06626608696561413,0.12928926692946438,1.7068352949840842,2.0203486262189516,0.010495049616633754,20.160775593529635,29.177577235204094,32.88362316404546,33.91839039506482,33.812952847580945,33.36509888995717,32.883439398927436,32.51122349770199,32.26491688074285,32.12972467711517,32.076194358424104,32.0349951556049,31.93298508875135,31.655246205813967,31.045607068929023,29.94206498714442,28.10617721434354,25.369426816730044,21.420643675480015,15.860330898493629,7.466008565017112,0.1977528645572022,4.165800756796561,4.818674742375096,3.2975081159075543,0.924663445374345,0.03647372491066943,1.143878673721483,2.2102190776684276,2.5201414086085054,2.118397597329575,1.2531834805847497,0.38698090358943205,0.0009489600038692268,0.24621642459203283,0.7945851702065132,1.2690849891904088,1.5365294611891511,1.569500577034424,1.4204957137068002
7.6999999999999815,0.0015579731978507155,6.999801163924239e-06,0.0807581395899026,0.011481325601804164,0.11741413118810697,0.036620012679383765,0.04283203223438546,0.17490698218116693,1.7344328591732763,1.780651457691195,0.18424441235382963,19.618920775967084,28.933561485872097,32.808505977406746,33.93570041276846,33.86939634195398,33.43282483202098,32.95033989471445,32.572827939421536,32.31991522636397,32.17905162071997,32.12118215462907,32.0776310999011,31.975095489584987,31.698001258098007,31.088794645711687,29.982558576213975,28.137316923833488,25.379408206989268,21.389684491658993,15.755530122294697,7.2033271535653,0.31132262986648884,4.265256916946522,4.776910606674274,3.138197529359486,0.7556175684251288,0.08920827321723448,1.2962480354799673,2.2973181649008363,2.497056287754175,1.9869939364490694,1.0568656462899266,0.23754860179372883,0.0151917905550758,0.40195884204902266,0.9846874877134522,1.4064924521842868,1.573465370843883,1.4928002582009632,1.2308723702468238
7.749999999999981,0.0028172799568224344,0.0001701157511459552,0.08341199657852685,0.01732170465612712,0.1346418567966455,0.021954975525280654,0.022916522803960847,0.23009728478346236,1.7523906268470781,1.5166218953042943,0.5540341017984481,18.992490006842623,28.64763657366081,32.71334324552842,33.946554627573065,33.92588035245433,33.50278725387499,33.01961212899873,32.636036445263784,32.375412113190826,32.22789644264154,32.16510439439962,32.119392791163285,32.01782314792583,31.74468456403659,31.141947429181805,30.04246487857862,28.20115260566357,25.439454126021595,21.434971660373385,15.763910087103065,7.124353806870785,0.3719876328347346,4.319241030342012,4.746312841059135,3.0250244385586775,0.6397416007035049,0.14339774512627393,1.4132069376894356,2.3571059435987993,2.46575536268106,1.8677914842438983,0.8940580245778122,0.13643826934896067,0.06302491785738104,0.5505391907031307,1.1354705365629838,1.4927793315806066,1.5610180323339145,1.3775450314925792,1.0250499596628546
7.799999999999981,0.004404595692142034,0.0005427264349777251,0.08545765620657919,0.024134312724140343,0.15174808013949304,0.010997030972254431,0.00917522529219945,0.2890431971534435,1.7570754561810054,1.2580093706643638,1.0158071015765617,18.340414969779395,28.34806315414952,32.609302178141036,33.95280922003068,33.980830815158626,33.57284827555258,33.08984596472038,32.70054574685635,32.4323177929428,32.27806783083042,32.21017523706153,32.16198307870767,32.06090679428349,31.79115730316323,31.194178346722587,30.100645183806748,28.26235997694924,25.496526428086568,21.475496643249382,15.764490835681075,7.035473663772844,0.4397599113796591,4.3722539853126605,4.711685564370763,2.9068085745171164,0.52930162979019,0.20862034827705545,1.527435094417884,2.4071730369369453,2.4230182770324187,1.73913419743623,0.7350668757906862,0.0620064267168345,0.1395276027960691,0.7046549161120186,1.267569718166225,1.5456606960429575,1.508131346064323,1.2239972108610162,0.7976647712941636
7.849999999999981,0.00644533113418322,0.001168706456140192,0.08698743774360346,0.032457582105382014,0.1699318344808568,0.0033478532269440964,0.0012630835605639697,0.3561827864710731,1.7477191944754897,0.9876865262722189,1.5458520453745137,17.590304529857224,28.001417747340383,32.48153516662956,33.95037872463937,34.034815047583685,33.644851205847615,33.16248317246726,32.766840651609925,32.48995445928524,32.32797551728253,32.254328778016216,32.203732763895815,32.10447220237769,31.84122071643553,31.25581590723188,30.177251864966514,28.355440536937632,25.60288634782285,21.588962131272275,15.878381111659134,7.1307075589133095,0.4378529545604753,4.388419764223367,4.694141125726215,2.837533772294334,0.4632646349510839,0.2606627430865496,1.608583468960456,2.4394788487377936,2.3820112924807453,1.6312444373242987,0.6116531529900573,0.022178193645728872,0.22227895563064595,0.8344378078888024,1.3629827923797466,1.5638844858654384,1.4320847850071992,1.0661545517828845,0.5962100615810947
7.899999999999981,0.008782420115512423,0.0020125093452439363,0.08776509038241809,0.04158669631201286,0.18738802660247933,0.0001234601065320253,0.0005785528333091063,0.42465152264371586,1.7233662785935309,0.7376523662927195,2.0485816575444744,16.803254193985786,27.638000695540967,32.34213903029638,33.941786764526654,34.086498247338156,33.716652862865416,33.2360146095364,32.83450128264987,32.54909444000877,32.379324523367956,32.29966749607898,32.24632890366074,32.14834718153941,31.89095925674834,31.316360528179985,30.251946930762166,28.445763656667935,25.705668710937214,21.698840028057525,15.98651105974965,7.216072320276117,0.43848181570467654,4.4051953489230495,4.6748576364190635,2.765078729272577,0.3986450528857835,0.31702561378647953,1.6884838189256963,2.4657863723828686,2.3339863308570137,1.5182431041541464,0.4940179787627057,0.0023061655599765324,0.3189692972789968,0.9600635671370248,1.440506636215423,1.556753760070104,1.3301100500692127,0.8925992102956593,0.4055212723764359
7.949999999999981,0.011563722493276002,0.003140909183995766,0.08778058089228066,0.05213158128340136,0.20510001347037743,0.0015112583151233733,0.007656338628399569,0.4986608158663768,1.681050551053038,0.4974700224395815,2.5344697999472956,15.900820635575414,27.22044098584466,32.17442832538102,33.92173372447382,34.13593273600567,33.7899371792916,33.311984125837505,32.90414913239638,32.60922305267123,32.43064452951528,32.344237578215264,32.288091787271284,32.192505561396686,31.94383166254039,31.385564793763166,30.344070086515597,28.566389227688134,25.856531014743123,21.880427895407397,16.202570097363743,7.4852840739702655,0.369555819063006,4.387983942264141,4.67535314722429,2.742303058517648,0.36941228400351794,0.35218423849548597,1.7386584340129319,2.4812139562277795,2.2947416317370846,1.429828283018433,0.4083519941473554,0.0010232382585280142,0.4053313489879532,1.0588852375717996,1.490652273883846,1.5314334931513895,1.2254295698779023,0.7374048983422503,0.260180040934297
7.9999999999999805,0.014563931734812439,0.004470543077919805,0.08692775512598219,0.06315068759441556,0.22125074607672893,0.007753899138975758,0.02232140946535986,0.5704484579437408,1.6227990436850384,0.2988845989516438,2.9428603187556157,14.947718193411266,26.781764124024114,31.992496405815494,33.89349461427224,34.18200693787283,33.862590480586185,33.388730658371664,32.97519929770602,32.67096554701206,32.48354028238957,32.390131805513455,32.33073046964224,32.23691958364459,31.996125786430675,31.45325690287851,30.433638956168252,28.683397165197718,26.002749211640158,22.05619724658942,16.412283252562094,7.744342951271632,0.30787906018692884,4.371365993373127,4.674996248396244,2.7173771856901703,0.3397989684077747,0.3894073527394801,1.7884158529908898,2.493721843475342,2.251767746127721,1.3400202128495529,0.3288448788424886,0.012428431536753971,0.49689798140207275,1.1511484425810248,1.526512000211178,1.4888940622962075,1.1073271375108813,0.5827477942826567,0.14175818013016978
8.04999999999998,0.017938111543066956,0.006085104753592198,0.08509782211528558,0.07526355422909342,0.2366237438586907,0.019538621061026794,0.04584899127626021,0.643840371599641,1.543559838525948,0.1381565508162614,3.2964822705961083,13.851138280407147,26.281038173336736,31.776378566356716,33.85025863030079,34.224133611668464,33.936145425148865,33.46786618888085,33.04845856146015,32.73398514236814,32.53666698334008,32.43541626104836,32.372530490408444,32.28137105400566,32.051001607809695,31.528687196233275,30.53937900840017,28.82921438021313,26.194820017256824,22.30183753194119,16.727158057616187,8.177430622031745,0.19385384205942713,4.3178295805987315,4.694407248292126,2.742624340792696,0.3405758700159772,0.40104937695601894,1.8121581922768435,2.499766625492458,2.221613264035835,1.2758417914172586,0.2742913039124403,0.029429088668839365,0.5712734035317192,1.2198980744917851,1.5453606135475637,1.4411582085244359,0.999586725590199,0.45654772722270076,0.06671589044569877
8.09999999999998,0.0213906500473166,0.007852573742800552,0.08234520648465588,0.08733725128560575,0.249515012022654,0.036020419465803394,0.07628369180854047,0.7109430569610381,1.449039926382235,0.03862400818643397,3.559739748393289,12.684543413403258,25.755011779558306,31.542725151918134,33.79656544136705,34.26152452218784,34.008388962139726,33.54758509298959,33.12313085128464,32.7987535788995,32.591525296962516,32.4821866611272,32.41532421841211,32.32603007250299,32.105033024908195,31.60188608443645,30.64152664186867,28.969886346546943,26.38018795254222,22.53886006562983,17.030154752382906,8.595266616060957,0.10450395304374294,4.263271605078486,4.712068866655395,2.765722335649242,0.3399571431321297,0.41416947711521623,1.836215718329071,2.504867774512059,2.189613159009926,1.210821974257932,0.22408010959601005,0.05330228590181541,0.647143564848728,1.2832814555528584,1.5543547284134849,1.3828615405456293,0.8863562809406296,0.3394112639297461,0.019092210279497777
8.14999999999998,0.025074269383058918,0.00986382239788788,0.07847939854922115,0.09994436204560378,0.2604033024160119,0.058277276364327016,0.11535815842644707,0.7748839917192062,1.3325667824666565,0.00011618262655231926,3.75155159651448,11.334947268456173,25.156199637184372,31.268534562408373,33.723429363425765,34.292724059901246,34.08065428259606,33.629586403890045,33.20020058947742,32.86511450983631,32.6469256448664,32.528553209437845,32.45730051942583,32.37045508285866,32.16098706061512,31.681661515634797,30.75813516831262,29.13717199563485,26.608820367355108,22.84168597301173,17.43322620048464,9.177760998983487,0.018364547476580506,4.1630861250326765,4.746773264640347,2.8384926365894665,0.36974172938317346,0.400933047603819,1.8357210070747207,2.506358490433453,2.1739291566623593,1.1726927267555962,0.19375014051047862,0.07395759877442518,0.7030403295942177,1.3275067243482663,1.5546708806856315,1.3288984943774897,0.7915239841875465,0.25171508829473555,0.0013899769509338568
8.19999999999998,0.028641866760947893,0.011940873470205816,0.07374287676423937,0.11181811605860012,0.2679369411113017,0.08431869486765595,0.15930933664173796,0.8285451714847027,1.2036928176275943,0.028042189444192792,3.8549740435855506,9.887889071781043,24.52602302047472,30.97296785633095,33.63674917820735,34.31740903600266,34.15075902521247,33.711845282099155,33.27867512212814,32.933347004829734,32.70424904865787,32.57654966537215,32.50037760627989,32.41507231475574,32.215905045036905,31.75868778343901,30.87002654761453,29.297946379320535,26.82893939911775,23.1335082661252,17.82073992128784,9.73542285577581,0.0034970907630423047,4.056242467617638,4.777424679713842,2.9085894503421534,0.39947774916376266,0.38892609055785365,1.8361227507519984,2.507630408867077,2.1565107366649796,1.1330601893033447,0.16472473124828751,0.09793041353478515,0.7595556193401718,1.368557466149268,1.5488257897574704,1.2684815410578463,0.6955679910207799,0.17433820031264924,0.0039673151485478415
8.249999999999979,0.032212879919733414,0.01416920326512382,0.06789547615996909,0.12340266416817942,0.2722138464432219,0.1153688256455446,0.21004719555283966,0.8737430595794459,1.0552305543250857,0.12076194462558663,3.8779531905952065,8.211870232413936,23.81034752730095,30.62918049908385,33.5254988152071,34.33297359181802,34.219607935219464,33.796077634119506,33.35970739129686,33.00351631694716,32.76247487935344,32.62442937757717,32.54272582098049,32.45920366645989,32.27198899884237,31.840846558985948,30.994105472824938,29.4821513558086,27.08827149053021,23.485905733119683,18.299025053004193,10.441308529054687,0.11077941366278168,3.890572126678176,4.819171001929666,3.0266009713009705,0.4636609163416453,0.351848627142873,1.8119663050737196,2.506321082064101,2.157088690935306,1.1208820032102844,0.15146551110473683,0.11331071443923899,0.7963506607418719,1.3948791106113494,1.5408086365040887,1.2189621421088257,0.6206129583580234,0.12139140807540473,0.02060554165956996
8.29999999999998,0.03543336929721274,0.01633775990304799,0.06137726676264791,0.1334785314604982,0.2724295747745825,0.14846507014182042,0.26239627911650787,0.9050329129811143,0.9005576607974531,0.26274576038042635,3.8181109789342016,6.417390339194143,23.055914743149874,30.259537908455414,33.397096533119345,34.339685233860024,34.2850877313507,33.88012890427879,33.442045456773826,33.0756656259242,32.822814614618835,32.67416252313415,32.58630210785761,32.50355519689717,32.326823713016786,31.919829429728498,31.112521421053163,29.65800360375035,27.337008076244945,23.824556164665758,18.7577409443147,11.113622429146758,0.3699031125338422,3.7091002332055845,4.853186937579766,3.1400695354870747,0.5306449032573008,0.31682488296864625,1.7883577354454023,2.5048405525128272,2.1567174110242844,1.1072053552979142,0.13827550421107876,0.13001063698972998,0.8330675689052329,1.4193859790032572,1.52932153709889,1.1658894224248253,0.5464000148506389,0.07730707421167508,0.04956003118244943
8.34999999999998,0.038376549389528634,0.01851697073281931,0.053915892508041616,0.14230635726372803,0.2683306802439302,0.18484552652508837,0.31819802591482194,0.9229685419185519,0.733355336596609,0.4512313418844186,3.672219269779407,4.39671164028977,22.198107056374642,29.83155204801733,33.237207331969906,34.333417451962795,34.347585761779094,33.96568545664365,33.52705996332242,33.15011287436074,32.884460217433116,32.72404936560049,32.62923780883198,32.54718317340504,32.382130570816024,32.002623280666924,31.24110807542655,29.85456648082225,27.621637939048064,24.219784612264867,19.30121750017116,11.918216855802031,0.9120183186387144,3.444705924948389,4.888374091435745,3.2996512326841336,0.6410285000259097,0.2599365359614164,1.7382553640823841,2.4997194543022387,2.173870232642395,1.12095004753319,0.13863074545265125,0.13552869984246346,0.8508108476635288,1.4329427765447569,1.5201990241482763,1.127330331938123,0.49314014664322803,0.049990655284295166,0.08018602212205066
8.399999999999979,0.04070892756538101,0.02048054337112447,0.0461617506237336,0.1488233333247602,0.25986401320292024,0.22068005058589168,0.37142848530401645,0.9244234673192088,0.5710752900857021,0.6576687919771689,3.4515757367971327,2.4316013070871505,21.29009576572514,29.37313359128511,33.05592787575015,34.31533075910078,34.405077363533046,34.05032628351557,33.61319558644554,33.2266204724648,32.948424158192566,32.77604943641349,32.6736488682852,32.59111698617961,32.43604753393466,32.081599338460485,31.36304489702097,30.04086432932646,27.89236091462064,24.597435456075093,19.819767545720616,12.679010317280548,1.6403152503791443,3.1528779128924214,4.909634131659567,3.4518521572675134,0.7572375220592787,0.20825592587283648,1.6877135647766308,2.4936115053592203,2.1897544246386627,1.133430497872025,0.13830525590194293,0.1415269274033941,0.8689713481798731,1.4457949101016763,1.5094670961933851,1.0868503090817707,0.4405384185089608,0.028381261953807496,0.11710768967778978
8.449999999999978,0.042454735159395796,0.022265925885994554,0.03787807134683176,0.1530834281659065,0.24649307110248822,0.2569653177473777,0.42346118410589434,0.9085428075962076,0.4097997683365341,0.8805082081285076,3.1441196670741616,0.7586234909630131,20.256137807682396,28.84609093604737,32.83528462783322,34.279331808471824,34.457097470353624,34.13561927222758,33.70194710679348,33.30576287906978,33.01415592048022,32.82865186393284,32.71763732729149,32.63419443558504,32.489722477102006,32.16279228473306,31.492381725920573,30.24375038118235,28.193430714720414,25.024420778606135,20.41273305192952,13.551822612451858,2.702859257634072,2.748051644986449,4.917009106692264,3.6423373276442783,0.9266819014540818,0.14282705179259064,1.6081885706493653,2.4811049664870626,2.2217916375320095,1.1726650158964653,0.15152873573834433,0.13550426560166234,0.8688407771311564,1.4498433521673024,1.5037249779707504,1.0626134812826245,0.4070954343490762,0.01682547497406578,0.14809566842625518
8.499999999999979,0.04337376434225825,0.02367050561904234,0.029826489284631004,0.15440877333811842,0.22906841174443918,0.28977962146756636,0.46845011450031093,0.8753596986265911,0.2682754568818194,1.0901290607907332,2.775201155143525,0.019469322218988984,19.153871438089325,28.281015083887628,32.58787864517476,34.22757637788996,34.50190493576817,34.219057319893416,33.79150169194669,33.387016031697094,33.08240849737785,32.88358860853702,32.76332167946718,32.67773332046743,32.54201617425899,32.239933812750834,31.614311925034414,30.435604061990887,28.479147437469212,25.431326877910525,20.97861931004981,14.377033760521185,3.8570957964551473,2.301342837544391,4.900905842309797,3.8218888682116647,1.1060461962300636,0.08867286779845188,1.5263733449435595,2.4656913234528606,2.2518420840394366,1.211096994042885,0.16494331691112507,0.12996253944556477,0.8689359374351473,1.453841828344062,1.4975705005186102,1.0377458500670795,0.37402073840296746,0.008202838967869858,0.18190099946045446
8.54999999999998,0.04342906983045875,0.024695949559873136,0.021878173500799854,0.15264626996086655,0.20694433314384209,0.3195687919340054,0.5070166262297966,0.8229106630720826,0.14626478838374546,1.2873555761069473,2.3314687209299527,0.2974325013324234,17.89394021716555,27.634480830731572,32.291977812710634,34.15159124695095,34.537854304755825,34.301769562694595,33.88341817834754,33.471188342035795,33.15292859024681,32.93961856169694,32.80894933447452,32.72038414949232,32.59345628724865,32.317765265888426,31.740847091106595,30.63963246954174,28.789134044138475,25.879641074462576,21.608004099900874,15.294906791926909,5.254214871169763,1.7198722980743308,4.848617231995348,4.0290640368223185,1.345125063814496,0.03607017207960999,1.412259918919109,2.4391773117973825,2.2949796869121113,1.276185876816095,0.193762808236088,0.11324243929793297,0.8507413300917368,1.4498265325855495,1.4976656217728412,1.0294109364928807,0.3581155512499783,0.004553038753737809,0.20546899278444966
8.599999999999978,0.042532507271487545,0.025197714708757903,0.014829807344083018,0.14767415610494175,0.1819476710008106,0.34286459970566974,0.5344938196199854,0.7549702059716651,0.059463772207709514,1.4485282534812765,1.8573107113523704,1.1114803072344417,16.53801244054518,26.942370398111702,31.963002131429462,34.05508988660024,34.56358999843844,34.38117062852336,33.97559487693357,33.55740392387928,33.2261599934965,32.99831072965793,32.856581699402014,32.76376087755794,32.643604628748434,32.39136240747066,31.85922431272199,30.83081612184209,29.081721813322442,26.304592013813135,22.205283585393182,16.15987063445711,6.615868074177422,1.1192920860257596,4.757979381665453,4.217120770883098,1.593797084753156,0.006295775043459049,1.295138580039659,2.40696237348007,2.3343622316089494,1.3402008670390484,0.2242706185622213,0.0977596017845977,0.8329633691592637,1.4457654555804162,1.4975802873996933,1.0210101427721199,0.3422308826320878,0.0019382321717140273,0.23026121734987182
8.649999999999977,0.040615686946413126,0.02514765536485409,0.008640601605973791,0.13922563375916383,0.1535228640169491,0.3596622511478998,0.5507546832957982,0.6692189659284931,0.009217056913535289,1.575433493693255,1.3489038346264628,2.0275981395090694,14.971967226787639,26.1525263816647,31.574005625714157,33.926354118274915,34.57583907454504,34.457873972079945,34.06955818246993,33.64674319410522,33.30216211546897,33.05865018812567,32.90455793247746,32.806365845236364,32.69246323591959,32.46436288238184,31.979751752533833,31.030194876722902,29.39291403465702,26.76370690914913,22.856707813444494,17.102552596582957,8.122000312522133,0.4723773614085899,4.597850559466431,4.4173917852818185,1.9045743722608761,0.00369117995964317,1.1425975123598247,2.35669357084656,2.382163732926509,1.4303070641052804,0.2745430136104009,0.07393702782898812,0.7962076353076135,1.4328947714172602,1.5037423142370394,1.0294361878190954,0.34212085607477677,0.0013207995145433095,0.24280629365215312
8.699999999999978,0.03778608948109934,0.024497331478499244,0.004003273868233166,0.12786290787571908,0.12432094417125206,0.36757473619964665,0.5531413907212045,0.573243884296356,0.002413522063625804,1.6533240849470254,0.8738547064559414,2.7742136496152545,13.259028390283323,25.30535658741521,31.144424545702076,33.77075663941844,34.57382483065232,34.52920736090984,34.16292894411178,33.737965921117684,33.381035221538085,33.12195507499217,32.95492302865481,32.85001439759924,32.7402619635329,32.533103319450106,32.09185419047813,31.215776600298852,29.68460731441409,27.197736602789643,23.473721628770182,17.98967728968691,9.53134440725048,0.053601538724128026,4.375086766326779,4.587645913507726,2.2186711620798,0.04149682497025545,0.9873254934885273,2.2967814449487762,2.4233502772652598,1.5190104560118634,0.32899945320940455,0.05320323692150199,0.7592255618321948,1.4193201704125915,1.5094945094677656,1.0377935127060398,0.34225203745824884,0.000824017947280078,0.25566883833100273
8.749999999999979,0.033977781945175506,0.02320376313942404,0.0009850901219862701,0.11332599397681038,0.09414984196233869,0.36614514729173475,0.54088995945838,0.46567081513740516,0.03875134306351676,1.682335729233964,0.4516112034134867,3.33302739578537,11.252350004969214,24.33857231178687,30.64141652960323,33.57271887553435,34.55207194463428,34.59488424226209,34.25706722991671,33.83231590682992,33.46316965572654,33.18754688094448,33.00618995658724,32.89313947743289,32.786523894630605,32.60017127405989,32.20373867406749,31.405497880922375,29.988877373554836,27.65787023407593,24.134797446159443,18.940514695277496,11.028042489747556,0.1415221860186949,4.031284986345755,4.746618107687218,2.587506874046391,0.14144717222955594,0.7991360906201275,2.2095147178888115,2.4659606974303254,1.6316230133933027,0.40875346579576316,0.02934112257276623,0.7029744289315182,1.3947881652617242,1.5202275097480553,1.06268416885996,0.35815687331480917,0.001322242543963638,0.25560067320042534
8.799999999999978,0.029526060588192796,0.0213532005647538,1.5798324232696792e-07,0.09693820213839871,0.06624363573334964,0.35475128255342986,0.5141926817824005,0.35789492359751296,0.11212119420411212,1.657504963155068,0.15674560363862974,3.6633300906495614,9.027837832187018,23.299714256943705,30.090043921679154,33.34084639045003,34.510777450625326,34.65219232310774,34.34918163724222,33.92808531881959,33.54824560034273,33.25647644743875,33.060331135485946,32.93785342641766,32.83214231269041,32.6631078174022,32.30665350279134,31.580135978735797,30.270801313394465,28.08792706500338,24.756652658175735,19.830630198848496,12.404559462112662,1.001575291496878,3.5881712584351377,4.858246008418624,2.944815617150441,0.2992269981190599,0.6160411171470247,2.1080520173050257,2.497206078834952,1.7399887885650482,0.4946984808927799,0.012393853378960694,0.646888029726588,1.3683543226750956,1.5293559955715454,1.0869429001768076,0.3740853212112657,0.0019416013026620036,0.25565398483619967
8.849999999999977,0.02439421800748201,0.018905181816665437,0.0011507375058934974,0.07854392361022587,0.04068180434515452,0.332749272155343,0.4720287972365838,0.2499667622040357,0.21925545565141816,1.5769065346303242,0.010190028738692486,3.798126535351711,6.406246403859331,22.108764832183134,29.447417588431527,33.053508317918,34.44115178710119,34.69954387383768,34.44039722420921,34.02677203350523,33.637016649801474,33.328356137713534,33.116010012957744,32.98243534142921,32.87616432947282,32.72359881930825,32.407628373919,31.755652103109753,30.560365207160967,28.537535356804558,25.414729088124716,20.775388667578323,13.84623741375314,2.6931338031228664,2.947513332053337,4.924820614501057,3.339776474906616,0.5527769828281811,0.4135642667589522,1.968044841634449,2.5201978896928923,1.8684652965481372,0.6120357562718965,0.0010011198618943928,0.5709807851649996,1.3274493420943203,1.5408380692059267,1.1274461892243364,0.40718416654910106,0.004560574236604166,0.2427764955798245
8.899999999999977,0.019130030721647203,0.016098657347478736,0.004394390064253567,0.06016452425304568,0.02064660635733012,0.3018851710097499,0.4181472444540379,0.15559061323205436,0.3430996020890291,1.4468816139214458,0.03227495576833009,3.7419462277522477,3.630457760342509,20.82401082291706,28.74655036832702,32.72396247457457,34.345251613460114,34.7343756784402,34.52742612260649,34.126047764654054,33.72863041200442,33.40389540113665,33.17512874307275,33.0292339881833,32.92017626952885,32.780407739582635,32.49960869927991,31.914999357219468,30.825516155182903,28.953079724931126,26.027593883338973,21.655935343539564,15.166437170700288,4.67193982107839,2.1718226677776524,4.918031998243585,3.702337659275563,0.8666196369291439,0.23911948871560584,1.809597071065293,2.525575217956634,1.987681807868356,0.7359749614088176,0.002358549289552701,0.49672021205868944,1.2830925840893315,1.5488648124443025,1.1660247232188705,0.44065124680669465,0.00821650072970289,0.2302184311140534
8.949999999999978,0.013757480973215743,0.012923332595846684,0.009805182591638187,0.04184638647929731,0.0065055854065979215,0.2616673746064934,0.351955687394801,0.07656542413089268,0.47918109113995455,1.2647006242457497,0.20196695428129213,3.506676276620653,1.052658029331519,19.339557415026647,27.933640811335767,32.3232167077112,34.20988211315853,34.75300491611011,34.61073671155063,34.2275014628809,33.82421101763563,33.48311083487022,33.23658542669395,33.07654914115288,32.96283474579817,32.83429446104037,32.58797632303671,32.07201342857339,31.09268503733654,29.380122864023377,26.66653180284493,22.579302350081996,16.53681104244321,6.896828185924503,1.1800809622014077,4.812472785313961,4.073482941208482,1.2865973670794388,0.08659718426102261,1.6016690906974191,2.509076973232017,2.119070866623784,0.8948537629886789,0.022265103547775365,0.40498080915301105,1.2196613433065613,1.5546706438505415,1.2191097533364166,0.49328036200600783,0.016850236246250413,0.20541483202123736
8.999999999999977,0.008933042392248416,0.009742504040506911,0.016772064745622223,0.02589037790783629,0.00030198259959701186,0.21641439072399138,0.2808913177476712,0.024305377888846867,0.6066915097331914,1.0500352322211848,0.46323546856409004,3.122414696530267,0.001389727460549318,17.720478887537602,27.049859124400797,31.869741840859668,34.03953664350118,34.753383106898504,34.68675026479037,34.328175157000366,33.92228833976895,33.56621500099611,33.30201528456958,33.126821619311094,33.00626567706526,32.88525920239839,32.667949860776496,32.21283656909175,31.334091985425033,29.770913239660043,27.256720632605887,23.435226665160084,17.793906917237212,8.95064417607467,0.2967144165783679,4.590695264262516,4.3868568087017925,1.7426918716919184,0.007526524798095535,1.3748606687176328,2.4669939828029794,2.234472948275343,1.0577600335485933,0.06232502608587187,0.3184707444219592,1.1509855609011126,1.554338114627432,1.26874460854551,0.546567462823047,0.028420294677653953,0.18183627521246704
9.049999999999976,0.004751664004057283,0.00659357147296639,0.025251599905680714,0.012600022713786747,0.002383186465125883,0.16633539536635686,0.20552155090363608,0.0007574519471927911,0.7217616918659369,0.8038673725051664,0.7768368805634952,2.588283517961635,0.6646265431863839,15.823888300144644,26.02679469565313,31.326251531784862,33.81525823261224,34.72874935662751,34.75463415906711,34.42946395502076,34.0242873439163,33.65367502237095,33.37073362530881,33.17847279234995,33.048901202830656,32.933218898305576,32.743191839199135,32.34837773997929,31.572456993567034,30.164982791507864,27.862162745191775,24.32157333444762,19.089156638649797,11.034734203973752,0.0660753517885044,4.180995756905901,4.666530340908874,2.28139541284316,0.026586524071833997,1.0956442091779446,2.385553500215525,2.3486968471422425,1.2541619507069677,0.1368303846098149,0.2220397341819509,1.0585403311295971,1.5453097761498458,1.3289683552487732,0.6208116498199024,0.05005108288521403,0.14802325526292665
9.099999999999977,0.0017933304969964385,0.003887707048560689,0.034137133985542883,0.003863581110080953,0.012685929967929957,0.11776843534193421,0.13576028446573932,0.009523748382361728,0.8071996164828028,0.5596814757307055,1.0749367331711592,1.9711009008735083,1.83416856267201,13.712153617162723,24.913132314460565,30.717503008985126,33.54466781262716,34.67795625314657,34.81061086913003,34.52784410735993,34.12803313515421,33.745104565205196,33.44394743947215,33.233851667789544,33.09327604458304,32.97929435807923,32.81102764677848,32.46856130000206,31.785028736670196,30.52113578624475,28.416987892887292,25.139365851254812,20.278118889345848,12.901679693103354,1.2567039179584396,3.5798995646281515,4.854891526980822,2.811456016970796,0.1742905329982729,0.8104815981410951,2.2688959909842934,2.437473561314674,1.448268681846013,0.23810358656487296,0.13910237992844543,0.9595189259341419,1.5264565952153821,1.3830268690559326,0.6959295103333545,0.07739241830853885,0.1170297587764208
9.149999999999977,0.0001885358245358074,0.0017107237515328025,0.043193497469636896,7.573348751086068e-05,0.031069982175572712,0.07195132691254613,0.07382004385221513,0.04980932552882887,0.8599279483872906,0.32766203665112204,1.3365742738294921,1.2942067599720286,2.8358653376578173,11.184049972446994,23.62417423880201,29.996376422207632,33.202305241659076,34.5900144398418,34.85172241962484,34.62399579522178,34.23502298841021,33.84139815759283,33.52146036194847,33.291762675838605,33.13777621531934,33.0227601184198,32.8735445188934,32.58125172641198,31.989527236758303,30.87246035480639,28.974912766771798,25.972894398820966,21.491200586813054,14.765657495593807,3.7466487475324324,2.655685229803289,4.945971173359444,3.3731908668547033,0.4919236373951813,0.5001258865773357,2.092774046728703,2.5062774285155642,1.6655946604838998,0.3877243798427651,0.06277232257110421,0.8341244918596785,1.4905050650687925,1.4413110053903453,0.7916457451581966,0.12151114995992726,0.08010920970477341
9.199999999999976,0.0002184632142880422,0.00038939146846758205,0.051087037508898356,0.0019377014732245579,0.054980588193201285,0.03551019166854258,0.029015422792079932,0.11449704782036461,0.871094674055546,0.14679951901547614,1.5199322321681066,0.6834153686690797,3.4523081236770286,8.303143527492029,22.21289486892322,29.19435826366466,32.80010986741042,34.465171669244675,34.8742218836555,34.7137922078082,34.34236485656719,33.941439433444955,33.60392191086631,33.35425681206218,33.1851182860973,33.06567723554464,32.93010703107167,32.67986199598131,32.16916876558378,31.185380167770248,29.479759743327154,26.736725916040793,22.603573412078532,16.440496303150574,6.466282111884803,1.4951352527850155,4.8924049892428805,3.874162004144927,0.9419591799890098,0.23614479612503275,1.8727984787734095,2.5366029205853224,1.8688259630327213,0.565122123646032,0.015051717673394617,0.7039851202201386,1.4402283467269483,1.488967899506413,0.8866366685863137,0.1745819914097287,0.049490659354692594
9.249999999999975,0.0019514549874364278,1.1068864640896814e-05,0.057454755234817544,0.009561607927718638,0.08351209963406472,0.010155544812842636,0.0036992160763210493,0.1992256107999231,0.8388199574491004,0.030797023319853345,1.6193174778014305,0.21478559122288676,3.7289849676851112,4.865944566139443,20.564903964751196,28.24993854112784,32.30268861926597,34.28632043597487,34.87179205499626,34.796655288901874,34.45142145963532,34.04653052793807,33.691672481346416,33.420531444631465,33.23379346656032,33.10679241021871,32.9814657172859,32.76987305651426,32.33773288130341,31.487163210843097,29.97863037978729,27.504500173082576,23.730112591731974,18.11494441005954,9.249149554290735,0.2636434021685281,4.635486172919893,4.342486445673599,1.5535726566937336,0.04216470778531707,1.5758954964373282,2.5220519738132725,2.07790187127478,0.7955834840839314,0.0009885820375281358,0.5499815140128299,1.3627801286703067,1.531528878814792,0.9998856529421434,0.25181870487186886,0.020553902748444347
9.299999999999976,0.005183714858747295,0.000677283270798016,0.06115830219027029,0.021901818478744006,0.11212783044136496,0.00015551417316697212,0.0022416578211126963,0.288691203382001,0.76544709697995,0.0008992131908958222,1.6199818774086439,0.008599931873776005,3.684826053252232,1.5421379303824503,18.74262156647546,27.20522168144901,31.729852074765176,34.056967824573455,34.84111282753969,34.86774785526825,34.55823243921153,34.1545949058622,33.78462869295732,33.492301825942164,33.28664755210624,33.14899192976781,33.02872549823831,32.84766786398433,32.482596039204665,31.750528722821922,30.421757710798296,28.197522226605983,24.755745374197026,19.62325328443267,11.693369510635605,0.23014731214279976,4.134130613219121,4.69184738311794,2.2135773678978454,0.009836036282316989,1.2399531208057337,2.4527902381214073,2.2544680729308295,1.0426914948846735,0.035469634995773845,0.401390562872863,1.2670849392287513,1.556820350289634,1.107512644591723,0.33966427730977683,0.003928254028908254
9.349999999999977,0.009813534788800222,0.002405201568201621,0.061864861799878476,0.038453831067366925,0.13928324604131123,0.0062649610105500915,0.024718178666787584,0.37691569687365317,0.6518266082261449,0.05572883623990507,1.5215084458308736,0.07610219963733364,3.356903454327058,2.5410187492591565e-06,16.579721570764406,25.978534756862185,31.033720312725983,33.75146520159585,34.7708514328722,34.924205826368365,34.66354215469545,34.26717282158243,33.88367503070452,33.569270681865454,33.342387426983166,33.19077650542963,33.07159559299521,32.91659861896665,32.61422966996231,31.997629203562564,30.84905441466294,28.88142492117175,25.781244404454412,21.127768196610788,14.05839296506564,2.5166076623910394,3.2365740693586313,4.920854129049208,2.9429424303012377,0.20515837499532857,0.8393401246130014,2.3076470856211784,2.409483464024989,1.3311989045447654,0.1356607726576758,0.2456853502414783,1.1349915617787047,1.5638639135759511,1.225733072637367,0.4568514004771219,0.0013990340522125927
9.399999999999975,0.015110990742803728,0.004955817362479223,0.05920397955524994,0.056491235328027044,0.16013840871001564,0.027548568804738705,0.06690897612507615,0.44767823740929796,0.5138350129780757,0.17746471098863076,1.3360284530124562,0.35087458220678325,2.804443313053328,0.9277020872307472,14.128834478997664,24.621554324867144,30.24205302679437,33.37776908118589,34.658846432546476,34.96067974978087,34.76237398754092,34.3810651151042,33.98778292881217,33.65250738478463,33.40366556347453,33.23547915455836,33.11262467312685,32.97596359227471,32.7250014609943,32.20828161597994,31.22135093989794,29.489129282514718,26.70554091114882,22.485312590156333,16.132587719031818,5.780863547896469,1.953159216849655,4.953694456926766,3.6088920544626797,0.63807071406648,0.4566861325437382,2.091352892612382,2.509806521170943,1.6125016515728414,0.2966301644720878,0.11901762206977681,0.9841153978580592,1.5455258028238452,1.3304891141123423,0.5829664557611507,0.019161431335699208
9.449999999999974,0.02076835063966723,0.008216178967209718,0.053104857822927426,0.07488518935118794,0.1730543567410678,0.06257266236156223,0.1253548234912047,0.49572368707999426,0.3580387414636288,0.34656449332074823,1.0694393100974526,0.736649131694514,2.054738883995317,2.34084500235228,11.125887313562862,23.02186562696473,29.28999145212799,32.8987967887408,34.486128469982226,34.970290944187646,34.85392073153177,34.49769076124778,34.09835432791353,33.74236880014933,33.46965030579494,33.281572011543375,33.15076433454395,33.02721605729919,32.82186675137692,32.39945389665493,31.570827751850107,30.075453333435917,27.61622006847353,23.83200073445773,18.153220474025733,9.170738063801355,0.39014145254880783,4.718834112775894,4.229485679583848,1.3291628601442218,0.12692567940310895,1.768574278393126,2.5513204305252826,1.9062956579542996,0.5411878380098885,0.025550344325911623,0.7939230899200987,1.4925585367919336,1.432249240277754,0.7377942992710852,0.06685696473967558
9.499999999999975,0.02572764891319232,0.011615313488961842,0.04437776574039727,0.0901266328508276,0.17505947007208894,0.1045886867897214,0.1883187364189828,0.5109736769159355,0.2125789284191642,0.5211127584046747,0.7660347293658882,1.1053842196539174,1.2525501405817936,3.266208713584536,7.621048523919178,21.240935898779014,28.21876360889086,32.330342088284844,34.25353269218163,34.9475925474714,34.931967802803804,34.61238504730247,34.213028649911635,33.83897885129818,33.54258251700053,33.332672620496425,33.18975169479699,33.072145043708886,32.901440233641786,32.55754908933165,31.866624596624323,30.584496906003675,28.4226544981227,25.03656459993904,19.940157693883343,12.082079713375691,0.3139902678321363,4.13668944370888,4.684204240037622,2.1266274684517446,4.72967161508901e-05,1.374855959151847,2.5113412989234893,2.1585867817855693,0.8318941823391086,0.0012356832463645312,0.5960270189737157,1.4061482787813042,1.5083633872181745,0.8931479782793461,0.14189750348790092
9.549999999999976,0.02956387694616315,0.014906402680764687,0.033450764534951064,0.10087280774542186,0.1653599884359022,0.15000288701808043,0.2500844422557115,0.490935302962111,0.09009381467582667,0.6808251470263406,0.45028117841620274,1.4034919081185557,0.5137493280539661,3.68311748088784,3.433868338902099,19.11356478297006,26.93843640725809,31.619520222714257,33.9312030393094,34.87922404768502,34.99264228426371,34.725758607327705,34.3335006447704,33.94340026711341,33.62225871062631,33.38747861442162,33.2280665693427,33.110726200550914,32.967865628663866,32.694798978689754,32.134510144222894,31.06188947237349,29.199510736085376,26.21734559452456,21.68636974640636,14.824106149091595,3.381138029008639,2.9942116286538765,4.956826644111807,3.0141350507434646,0.19152630607161575,0.8862975438810966,2.3656808837585883,2.3784152336176394,1.1884612167867452,0.06843132968810928,0.3780100598924081,1.2685959584567112,1.5611004774005282,1.0664485778710697,0.2604865966337667
9.599999999999975,0.031406714691911725,0.017404701842459826,0.022253920594151322,0.1045923220075666,0.14494211289392323,0.18924084192973611,0.2973909818074178,0.437222046747544,0.017265511408727445,0.7901568540038594,0.1934013251797345,1.5679196779171447,0.0761089878452802,3.6283640620480213,0.2801157036681553,16.696367810026246,25.501375724156958,30.79284821750062,33.52476841647548,34.760454535800605,35.028600752963015,34.83150032057905,34.45579933352912,34.05442621385471,33.71004232688698,33.44941649143959,33.270147991106285,33.14676426262153,33.02167044757814,32.804203945960694,32.353729879923364,31.464414356624246,29.872775489726443,27.259747768583622,23.23252747996655,17.181200224149094,7.293973564903448,1.3253412121383146,4.9367895359295915,3.8039137864170343,0.7363080345553892,0.4174330786658204,2.1117510011846714,2.5175294190598425,1.5456984017335924,0.23615657463968556,0.18955622725755095,1.0945226006175244,1.5734320449038401,1.2245065922326561,0.4060305590875899
9.649999999999974,0.030947162543651645,0.018828537717400846,0.011708841795956897,0.10049883682196781,0.11485906347831737,0.21813174533000887,0.3250256570905917,0.35240268142433584,0.0022687875419550776,0.8378674468233138,0.031772550815571544,1.5882174587193807,0.03276875012206351,3.172800595771853,0.6191483627997906,13.717351225961355,23.781108831512316,29.776248362791982,32.98935919580614,34.56791062249969,35.03036535508108,34.927917653011434,34.581290619358185,34.1737161057451,33.80659060131543,33.517795667992225,33.314473770292274,33.179200487431956,33.06446846356359,32.89353962226702,32.54278124727601,31.827801723175945,30.502664524163077,28.260429975062095,24.734772431334704,19.43098448052358,11.062972693564737,0.0015845212045597485,4.493661209465591,4.48708288284158,1.6234151545997504,0.05909951978739483,1.7080727855652869,2.5653228052701578,1.914817550480882,0.5275887265430669,0.043981987280166765,0.8636413348030564,1.5363394550124916,1.3778853662590596,0.596536970103345
9.699999999999974,0.02808439517958771,0.018768377824151927,0.004054678666183094,0.08884181528465715,0.08077950734063474,0.2295059360570333,0.3256597778964043,0.2524594799084015,0.046796499534444154,0.8116079402848314,0.006451784450033534,1.4607550535097222,0.32683152706500274,2.424433203551542,2.2368053976056164,10.194864543061781,21.839576617599622,28.609998920231074,32.33993381256586,34.29942655087987,34.98982779376316,35.006712404057154,34.703893241455276,34.29822342537999,33.91190905025981,33.59534317503761,33.3657259115742,33.21331783396392,33.100055739547,32.9616162132,32.690150681934426,32.12225248206191,31.03084167887085,29.12380240723641,26.05125284383917,21.387445025496778,14.198076757593828,2.3226755952193545,3.4863495659950883,4.905784471804241,2.6099880691310235,0.04689590738451443,1.203792444211069,2.488784704693074,2.221512697943622,0.8931463080488257,0.00111813332544188,0.6141714136443452,1.4442751896703518,1.4930475669557655,0.7983050723238955
9.749999999999975,0.022966970224521408,0.017120254168751136,0.00020625874971947743,0.0703188315706457,0.045980811886303666,0.22109795485045586,0.297688545510788,0.14724198366561814,0.14122126482578196,0.7111961067163892,0.11110496318991253,1.194835421121234,0.7882146837655775,1.4673868936928796,3.3348167672490696,5.705546373089993,19.479476585660333,27.187768475296807,31.50990638319799,33.91635140827108,34.88793299463504,35.06151536998221,34.8234087956045,34.42982351715832,34.0275391531614,33.68227604216178,33.422780739169184,33.24753214758404,33.12815951563683,33.012416817538806,32.80838688780771,32.374418613216505,31.50566396639674,29.928921351083694,27.308761464267647,23.264390596537634,17.095924056046773,7.026250281682697,1.609282313120868,4.987684748199606,3.6255343383379164,0.5467817096636097,0.6037991461490091,2.249802741820908,2.463361957686846,1.3394056842883126,0.0996512604132998,0.34215082647101097,1.2772844451013496,1.5696053376352184,1.0255616329452362
9.799999999999974,0.016607935797876394,0.014134209854552542,0.001196816391850738,0.04877666839412062,0.018568006969911715,0.19344873708225782,0.2457155132348383,0.062013561115416,0.2566167315117437,0.5559194124659775,0.29857785402999015,0.8472458736886679,1.2078499633902133,0.5912014635955497,3.6906009308092202,1.1998199161463894,16.757193351918612,25.567139565495467,30.528970180993586,33.423549092423485,34.71716788754015,35.08191368373227,34.93097971266258,34.562906368852815,34.15142717463924,33.78000567936736,33.48990427473903,33.28800340833668,33.155095869684516,33.049698420725,32.89422274336502,32.56704305165104,31.885963017727775,30.598646589441234,28.385511038327756,24.889405233869944,19.548772565267644,11.16082516207287,0.0008542917528415123,4.562765822327565,4.422968147796112,1.4667824571686023,0.13010894848942034,1.8514821307653682,2.575627311723663,1.769619594453837,0.3498646637012129,0.12424703530416575,1.0527164679761496,1.5815403675092705,1.2313473302851219
9.849999999999973,0.009737386821391596,0.010090045661209149,0.007053454677601825,0.026678407550275698,0.002275557910892759,0.14873108705342453,0.17464271755543614,0.009113371913835551,0.3723998935884493,0.36237364966007624,0.5200790672720417,0.4637496289276535,1.4964894798610893,0.055029737192194915,3.4437560118975967,0.29017830220485685,13.315444503657757,23.58514744379677,29.298300582470333,32.759622591614466,34.44271097832874,35.05253483915749,35.022456624059124,34.69847584562399,34.28579589836185,33.88987174807425,33.56686667643096,33.33321231241638,33.179369651475696,33.07441090716918,32.954778327981806,32.718863826731194,32.20860325691373,31.19706907861785,29.384712349711247,26.430192522615535,21.860843106464905,14.865540966965941,3.0024167003444853,3.308779468919841,4.946792226250077,2.6679788213369005,0.03716142838363958,1.2514509316333056,2.528504860134771,2.1777199255761595,0.767839346420877,0.0034612957001797892,0.7520362766400832,1.5134758839037792,1.4208685866619863
9.899999999999974,0.004083089247594041,0.005947317043743494,0.01634308567707948,0.009692976656362587,0.0016715070813265174,0.09746607287777535,0.10195518003170387,0.003348946143967034,0.4539220341693861,0.18167181269008206,0.7008649243892419,0.16062314608916534,1.5785767633279528,0.07658054112438097,2.729041711395879,2.10981543655974,9.13879318294152,21.310334408930544,27.867120273821612,31.942111778830274,34.06106509670164,34.961373759872316,35.085628074535165,34.827443551999615,34.42563351806921,34.01106723240958,33.65667994333742,33.38923906016483,33.20888916048186,33.09412910038472,32.99393209317673,32.824331224324524,32.4498660531519,31.670041359389533,30.208005104471308,27.736969030663886,23.83197517495708,17.899186882523445,8.123808241563037,1.1329999373093742,4.9837861673153325,3.7683238971104966,0.5887453589534006,0.5900321215892678,2.285906933139459,2.4628109104752167,1.2569285391142861,0.06371532926863022,0.44018215853620807,1.359811785902968,1.5461971241578647
9.949999999999974,0.0005645629372031052,0.002322603059413313,0.027643671750979194,0.0006202384315946109,0.01702680115972895,0.0469881353507606,0.03877976616645394,0.044719453719315724,0.4862218321249012,0.046125279471677376,0.8065112805421568,0.006606278729466348,1.448145595750725,0.5158278950411186,1.6656053148104413,3.37662195355841,3.7593297317982395,18.469942740389683,26.085367580234493,30.877318539586692,33.513367167282496,34.77701713886134,35.107578313158264,34.94741290423634,34.57277492497182,34.14601171945321,33.76048247396735,33.45547554800426,33.24191202920342,33.10776165116165,33.0142884213248,32.89439449474094,32.63545751735253,32.0654739507652,30.93622859233788,28.939171133077892,25.679794163325592,20.69190004406169,12.805659097755608,0.49844137005184763,4.272590151592958,4.660105986863155,1.7669037640803582,0.05796640853598132,1.7868511494631412,2.5970991004581316,1.7948858125677356,0.3566499779839636,0.14640089153121386,1.0953899623739407,1.5963034385088084
9.999999999999973,0.0002856913548682155,0.00028712711689822225,0.037524842957001606,0.002322643611919539,0.04368873831040061,0.01222473140953986,0.0043411056894694525,0.11793465664880834,0.4569091817374856,8.152856494599005e-06,0.803113023436655,0.04995657197383086,1.1397339198085024,1.0380282521340916,0.6346249664919033,3.68014030258853,0.04024263672385535,15.100769183218109,24.022028554551657,29.603857731423183,32.8067886187885,34.488532513106726,35.072564449035234,35.04467755297934,34.71790777828225,34.29043748667963,33.878816972204476,33.53681337840531,33.286683610962854,33.12544467245095,33.025291530020866,32.933671407614284,32.75810824189479,32.35330961723117,31.501520459571474,29.916095908793157,27.22600311616047,23.02520183922191,16.50148398568946,5.600040420925336,2.4850607910269877,5.054771671382239,3.085276161081421,0.14872171582162533,1.0989432284992986,2.5070962758537476,2.2375462784011857,0.8280444730994928,0.0034357987704462982,0.7636559130228621,1.540093351365457
10.049999999999972,0.003414344772957778,0.0002913777908229592,0.04390835354842436,0.01468836064953514,0.07628525206208507,6.0356673321572694e-05,0.0055822612877535005,0.2055252652448625,0.3678116610354096,0.05024200991417604,0.6877371507563844,0.2531130427968368,0.7031652506292763,1.438147016748141,0.032459895576914956,3.2215163623770637,1.528764859492753,10.64231815689695,21.428188291290525,27.975570841070194,31.84615492114896,34.037851515324505,34.950560120953995,35.108248584170624,34.859962971371715,34.446972887560975,34.01435324768278,33.63421804092776,33.34223997283346,33.14523055909429,33.026318535823094,32.9467309587719,32.83322657328306,32.567380707640595,31.96473930756575,30.768194112114607,28.632668237860276,25.182711922436507,19.812755894798336,11.288649397259798,0.01890991758517434,4.71590747708938,4.300094661309683,1.1386370777271415,0.31836769123313985,2.1228041018125703,2.5469653649577886,1.443013362045285,0.1091968516421299,0.3755168605250476,1.3490913023687334
10.099999999999973,0.008999302809575099,0.0024222787807516347,0.044253884193636094,0.03364779545056357,0.103318489575838,0.01473798594416778,0.041537045625703595,0.2747851319365476,0.24443666258404984,0.17035482578020666,0.4921878724929234,0.5060194256732954,0.29181660711408414,1.5706455993157145,0.15600294089530173,2.226514038809346,3.189225904326295,5.064406022644744,18.359399087025764,26.053986090824914,30.658071130125318,33.420513163373045,34.72335849557977,35.11857584837707,34.983604069930585,34.606196197055475,34.1636478047002,33.74986259181698,33.41566152726059,33.17798939238971,33.03033888577056,32.945667573194335,32.86720554995168,32.699905870521114,32.29060100721912,31.414905755575337,29.75728686208994,26.961053415069344,22.520690621656524,15.661164099535283,3.814871609948835,3.2196290018202927,4.996760059926605,2.5893375422110294,0.006967556058543,1.458543847727071,2.604692991197049,2.01211360397504,0.499619841531912,0.08172351118293128,1.0398768897585773
10.149999999999974,0.015801169397501334,0.0062848609419214625,0.03797087312927513,0.054702863663125365,0.11773867230695319,0.052488617490529285,0.10226898522356351,0.30747555039008356,0.11265318234186707,0.3199016080548047,0.25647833382852225,0.7214014228089163,0.030333242202368195,1.4176171047586035,0.734081183619945,0.9567125041957282,3.6897649887049697,0.10246398915904563,14.326431514382296,23.60159358939416,29.09281063946633,32.538281681670014,34.33089584646528,35.04594822853582,35.078548722894,34.76793061946981,34.329962959249535,33.886735192697955,33.507977608870085,33.222699450177984,33.03551935923227,32.93064415961346,32.8667624469993,32.77070652560151,32.52051275582315,31.928285282805817,30.717067456143845,28.551051051726112,24.979635941013907,19.465459990973994,10.429418743043586,0.2627692106985237,4.917080694752207,4.061796682391855,0.7497289701086141,0.553634037819072,2.3290414801354,2.4665776450231243,1.1486765379137571,0.018591101454701286,0.6073541388187517
10.199999999999973,0.021152046970198714,0.010448528523801067,0.026845340761170275,0.06942869301468196,0.11280788518909007,0.09792996881355559,0.16242473541723523,0.2883306927064957,0.023293635149596276,0.4324442265897869,0.07313479411874724,0.8074393598190545,0.03460928718704377,1.03325067561398,1.2797686952912546,0.10657156579182339,3.2026787063695,1.583093030319417,9.220931913476022,20.683697218826506,27.206058679941766,31.406226448147237,33.75856766795861,34.864958136396496,35.12101618546831,34.91482815850395,34.50332382482018,34.04210641653456,33.62303363446515,33.28902276622134,33.056062972448316,32.91859425485726,32.84830302544713,32.79022476383241,32.64905127188886,32.271208371051635,31.421330710395413,29.790622419854223,26.963848331188384,22.50014820510037,15.423796345672082,3.3248340974692474,3.534715010114995,4.964379782842561,2.294753555140466,0.004540891984376726,1.689725686545194,2.635062735937963,1.8228773992387817,0.3224077855583834,0.20463151210700126
10.249999999999972,0.02337407402663818,0.013726656455036918,0.013471240295246236,0.07303421348187028,0.08830512976654784,0.13719985861831935,0.20325421324287832,0.2189629551538992,0.0027590952829346692,0.47227496969009913,7.06138424672609e-06,0.7375709926442743,0.26594451047257794,0.5156237837490674,1.5598979410195368,0.13364886731196868,1.985574496822814,3.3851398385038776,2.3893511611360263,16.82755898307645,24.74245292072468,29.859760963568537,32.89611064813472,34.50967996596221,35.078943246494106,35.036756429552625,34.68446154502403,34.22024114220977,33.76448905609759,33.378186644239015,33.090784382668986,32.90747324668436,32.81233275382165,32.76703565016443,32.70074123687827,32.49384507952585,31.95633546571529,30.818226607057415,28.702012560684555,25.20683700013805,19.660968283950247,10.688617908362941,0.2934744782967708,4.958378798674203,3.9905460336034726,0.6536054065019121,0.6890052531216896,2.4131132233011217,2.404538688659848,0.9990395978413937,2.444412783836175e-06
10.299999999999972,0.021137727540074557,0.014524857557844571,0.003404288749196356,0.06283682714566735,0.053214301318921645,0.15152916510741843,0.20456479408824063,0.12568552958990867,0.05792845933871072,0.41753245686354806,0.06639480887122196,0.5346568342175722,0.5577386996222654,0.11526757329691072,1.465055546206083,0.7569724558607004,0.6483774570233083,3.6494022344107098,0.43200345317158284,11.951972500874335,21.769737991001325,27.94795693461841,31.747790515864974,33.95389094370003,34.91810583019688,35.10426409711663,34.85280073349804,34.41002856952167,33.93005654839378,33.49593823086457,33.1525154094748,32.9158622361531,32.78126876182946,32.7239321845865,32.69279282484816,32.59667258383816,32.286704029736825,31.536232185877097,30.011790765634302,27.334348898812124,22.958595014281208,16.103091992479563,4.051035044792813,3.341542918579847,5.012591840647286,2.36432863197276,0.00885498928751498,1.7343348357764887,2.6520589388056544,1.765194332457819,0.2385350386362549
10.349999999999973,0.014781176450200027,0.012322512624791823,8.228455946065749e-05,0.041013432221714545,0.018228920384045007,0.1339311331782794,0.1628184556131773,0.03792900020878656,0.16335717346281378,0.2799552045618648,0.23149170523110355,0.25825273904458335,0.7702109301268129,0.009412649823687183,1.0297307624263503,1.3723011982131554,0.0001256335440093929,2.7539225295039076,2.9602826261553563,4.914491891970726,17.77075311824675,25.384455103176542,30.12236695062655,33.068846146097826,34.560746099844614,35.08014347574242,34.99674627091673,34.612803740595886,34.12522741099555,33.64704858840214,33.24314948931516,32.9427398712952,32.75295437405896,32.66158308337579,32.63518972960631,32.60813802645768,32.4706517665804,32.04359436351278,31.050390048617192,29.141780100530394,25.836390519865002,20.60584701091959,11.990693899587209,0.0013576198536763475,4.868318003704146,4.21919272133834,0.784101685924185,0.6108779788903926,2.4218518934696043,2.4315979360326527,0.9685510249952418
10.399999999999972,0.007133928417132087,0.007931004261989182,0.005378877407747109,0.017542164811922806,0.0007214074470015619,0.09055746596606717,0.09556609414003961,0.00032123537694582813,0.25795236580972114,0.12377199754162564,0.3904718537912295,0.05167525488484475,0.7859493084545133,0.22446758475537865,0.4664206454054953,1.5741204505167004,0.4382923970288296,1.2590053759571118,3.7209223810198355,0.02018594741263299,12.64498945973495,22.235184724156255,28.06366162064453,31.84657851639548,33.96687909281249,34.91839218502087,35.07846527459917,34.802978760465564,34.33646788233502,33.8290792225914,33.37018073745113,33.00452155782477,32.751341677812896,32.60964244027659,32.55991327078581,32.5566151817903,32.52104522247693,32.316273535868625,31.723578226595073,30.43612281891802,28.020004963009765,24.02498989679986,17.580404031226752,6.5968344020501295,2.5622168173782676,5.153735971634642,2.7636225295796386,0.00670821625446043,1.6200627270046686,2.6749858929147523,1.8301766639892734
10.44999999999997,0.0011493752289090907,0.0029142647263339025,0.017352214498077317,0.001652425850894779,0.008197783620925055,0.036830672031149314,0.028123783771186777,0.028329800668972255,0.2973888298435983,0.013339157853730032,0.4663421941242932,0.00951094499337981,0.5921632422155656,0.5740072654273867,0.046869106510296576,1.3030508889540038,1.2142413472620097,0.07784631243691029,2.9437954548766077,2.716956148141703,4.99145116555743,17.886679968232087,25.222380579025774,30.052412238722418,32.97474027805099,34.52058178754266,35.04977509261276,34.96531538165267,34.56525302279696,34.04925872079237,33.5403043987864,33.10446033267029,32.77593971018742,32.56572519148671,32.467141074771845,32.45225946509118,32.46896002880157,32.41928603812984,32.14320545643219,31.391895753234934,29.79347337097196,26.928065231326915,22.167128167620515,14.550093565525575,1.219544839760849,4.376344335700746,4.661139528779316,1.3504871156795097,0.35603675895915204,2.291790815579524,2.534570875662042
10.499999999999972,0.0003906481745984961,0.00015400094098623446,0.028827445405681523,0.002860208526232663,0.03611591422558506,0.0035783476934666577,6.486718605335707e-05,0.10176285739361421,0.2532747394413492,0.015672480868218312,0.40766467077839086,0.14440452463440165,0.2919199701823605,0.7873025086746633,0.06324728532566173,0.7147660513154009,1.5790201093665257,0.2790276959894819,1.317935483499793,3.7463115818976824,0.13378406972231974,12.164312306430576,21.65243257862361,27.72371856485102,31.56292042603857,33.827684007282606,34.8468614677832,35.04876079495581,34.7773692170472,34.289433725216114,33.749588736051784,33.251306836121934,32.84693958049041,32.56010501715979,32.39561298692892,32.339317044646116,32.358839958885525,32.38609257950148,32.308820750035075,31.936003184175537,30.967880779822977,29.01986527364666,25.55216680658838,19.97437672343585,10.491237564422288,0.6300494537108392,5.171343731712714,3.6296938123928246,0.21161558166392536,1.2116735337120652,2.663783681105159
10.549999999999972,0.005438065905261714,0.0011590684172026469,0.03350270542492094,0.020841237138710604,0.06954221450242352,0.007932362363427748,0.025691953664654134,0.1777544191660516,0.14124540103483396,0.12228348557498261,0.234773058523895,0.3523844190413922,0.03999866120359529,0.7431066664186659,0.42153615496691366,0.12848102010074655,1.359379485418034,1.1557381653907286,0.043289172540959896,2.8603719110056884,3.1346874896435977,3.3708381146564337,16.53453358489587,24.410660933861227,29.426018173892267,32.625163976338044,34.33377572119173,34.98411305277078,34.948557246099675,34.549563126193064,34.00726281514477,33.454836305245344,32.97034219380282,32.59398842778316,32.343337100173564,32.21722414875559,32.19978807849032,32.24784642747641,32.28967366939508,32.19043232358357,31.732243417271214,30.593056451232087,28.302403186300104,24.375293736309086,17.884703066213373,6.639615513944096,2.819716145577618,5.17863145213204,2.457187823286367,0.01843160300409361,1.9350114479039853
10.599999999999971,0.012833963157479531,0.005378829250364481,0.027155824369465793,0.04273260114607247,0.0834757205835493,0.04620714042248487,0.08469022596488346,0.1981974157045671,0.03510623388396298,0.24395792256756038,0.062286198148192445,0.4626147548552415,0.024514487872003034,0.46245742026757625,0.7431685982017937,0.029818601808169018,0.7148882705709099,1.5927694113189168,0.42917666668591375,1.0231387634979163,3.696055601730623,0.9798662688338495,9.449464678059849,20.12675195071605,26.592520898693973,30.874572129610826,33.42423641494005,34.6792622030991,35.005318923072515,34.78040093189064,34.28615582635335,33.706880766898394,33.15448188847181,32.69059165937171,32.347055745028364,32.13494500151088,32.050895821848044,32.07000250280622,32.14885495786636,32.195785017362994,32.062246154596494,31.500017770259245,30.123887783620106,27.481356784119406,22.898633629617066,15.443623933525188,1.8972952836187118,4.370129655332948,4.6989926176286065,1.224012724851424,0.5051098796216025
10.64999999999997,0.017702424598948635,0.010205283058755857,0.012665582402565698,0.05367967402330251,0.06656302061719814,0.0921422263867828,0.1357242610403581,0.1445224380628266,0.002483484237145957,0.2922514592689373,0.002512019160637829,0.3946428060185631,0.22850244565950015,0.11314908980548934,0.7799781424078245,0.4072687432425789,0.08478195969416265,1.3067172845137673,1.3665651581303022,0.005072945106507111,2.1773052335616216,3.6886490720763296,0.16472061375309693,13.625209103628555,22.42045101366546,28.152220529950604,31.81189855794308,33.93021310263994,34.835491433580316,34.93714668692791,34.580129415778615,34.01832169239112,33.41389173845916,32.86100390150037,32.41183311645004,32.09227366674213,31.911011804056848,31.85885017651074,31.9140878488208,32.01998028424954,32.08670669703716,31.94355179032724,31.31391797092585,29.806480575833255,26.854325160312516,21.87572977284259,13.395283667808544,0.058936731985597186,5.025383889162636,4.131844814214417,0.4384110190707323
10.69999999999997,0.015377989621750417,0.011352919349198725,0.001473024956985725,0.04269423337333815,0.030124296071202872,0.10421390698009762,0.13172298210164024,0.05579596475214877,0.06783771554309591,0.218726177198503,0.09960948583774692,0.19379888014675872,0.42899029438217634,0.004504951143444137,0.49220461644191665,0.7648919062612616,0.08648898138387241,0.5508854189582351,1.5918032489078193,0.8192820928763106,0.27149586359869715,3.216286303078631,2.9151635971195238,4.032978099571796,16.781202685911943,24.464712221790393,29.44043302746167,32.6116640557734,34.29938581834592,34.905697741419594,34.811141975995966,34.34381077187999,33.73014409397712,33.10933921832857,32.561722055676896,32.13146894048868,31.83961701112927,31.689850007763173,31.675179483260795,31.76259296027966,31.901440896680995,31.980143759083425,31.81831326832027,31.115282278836176,29.406076547832715,26.16888860863544,20.56339143503529,11.04337216833464,0.8503002306113576,5.310086888828432,3.2810432520126813
10.749999999999972,0.006923823640861225,0.007377367530705012,0.0025908338758666083,0.016333567339907002,0.0015496889252288003,0.06854216731875373,0.07028420849930873,0.0005019056291775591,0.1684936705703194,0.07252854138373818,0.2519924970589198,0.015132189363786009,0.43859521486060526,0.20523430245918672,0.0979819426865078,0.7517391887598519,0.5677910289718501,0.0061974967847397726,0.9604845529794264,1.6071802228323473,0.4050255164807604,0.9247142547040593,3.66857673796992,1.797150521637858,7.28996426407896,18.75516005357904,25.66125125734594,30.254523546810333,33.06245637083903,34.483843057867496,34.884733189901986,34.657756390293855,34.11218669458889,33.45648342270932,32.81665752943224,32.26560124730389,31.841644651831192,31.562907911400693,31.434787411961356,31.443076869789696,31.564878677370693,31.734895540173774,31.85300105767855,31.720997374435168,31.01635765478578,29.285128304106657,25.867260901779105,20.060525686898227,9.681648335451174,1.684463597726483,5.346786349742233
10.79999999999997,0.00046995096964777,0.0018467114055724582,0.015059229728451817,0.00032222829020933945,0.009777644037030337,0.01764297969310223,0.009971268830363767,0.034018755368485976,0.19169465060117025,4.2873061304378174e-05,0.28562914474785994,0.04277046141847496,0.23451079393072966,0.4366831013299882,0.020527349310619725,0.37036063259214147,0.8301855903858104,0.27939270974813335,0.14937021011613555,1.3401409735625782,1.4639419510536271,0.07726037751632943,1.6450907949274516,3.8846650623550483,0.5940716045420793,10.307777741629225,20.37997915868452,26.77908769735694,30.949287570002735,33.45181799353051,34.60792331194249,34.82268224521932,34.47532117691662,33.859955238440634,33.167651769344275,32.51379779397757,31.961469193619227,31.54615635502281,31.28434153610716,31.1761147081671,31.214992294932582,31.364980005447705,31.57541933333462,31.724699934554963,31.617917684718524,30.916984458374536,29.09341134352241,25.554847674059687,19.305733930283047,8.202877556212968,2.7491610502014425
10.84999999999997,0.0026757487218757284,0.00030616897775581696,0.02569465471987608,0.011154930169033652,0.04562544078707203,0.002341674522528809,0.011787504898784308,0.11525564821924593,0.10445382735057346,0.0725738960589143,0.15348242902505516,0.22170890028978796,0.016605982984078265,0.4196166242611583,0.296144949671946,0.012906109153200396,0.5647313468284585,0.7857057047760164,0.14099074434313538,0.3479829148111599,1.492270215269521,1.3203037512397462,0.011866224006546605,2.047346037404962,3.91909228408299,0.17219559365821407,11.298795548813104,21.037304841741676,27.183869650284656,31.22771444905497,33.58261501240313,34.61848816541002,34.73163399102057,34.30875564299886,33.63862401553077,32.90894162180312,32.22727370273822,31.65729236649664,31.231156307129147,30.9641313238552,30.861822092109755,30.909675446489757,31.08916417632546,31.334577845304953,31.55165694942778,31.535219204314913,30.9473975359261,29.286416670159234,25.817614674225805,19.750215242028254,8.520057179994115
10.89999999999997,0.010785972427912124,0.004838379558284145,0.019745776489656017,0.034515418470039125,0.06112055754996776,0.04059765229456946,0.06999305898940911,0.13273796666727977,0.010074766234217155,0.18069948686224951,0.013617384583352357,0.2922392004188295,0.06044889660825717,0.16070625848724168,0.47879613628237416,0.1415574070659857,0.09868748351576967,0.7333311648084982,0.7050984893743599,0.03875913116693114,0.5247532382241702,1.6124946460401817,1.1990398537869964,0.005520672585387749,2.3398019706763438,3.907712963781761,0.010422835641358486,12.260530973228839,21.571769499919974,27.5795502386598,31.469311129751322,33.69908937237598,34.61181939938277,34.625946224961965,34.128495046493924,33.406530955034384,32.63849351699981,31.93235880456598,31.344603255016995,30.908521570102444,30.6398241528699,30.53906349783185,30.604306192240095,30.801774709024507,31.092747261124334,31.362427950996125,31.432164807713296,30.959726615237106,29.394213861001486,26.07361130366855,19.94065252586858
10.94999999999997,0.01345055600789663,0.009333716100014287,0.0034837191767965454,0.037046594951664166,0.031495906468449596,0.07685287508601474,0.09946465697921408,0.0546614731140069,0.03205197646941971,0.16289281563062358,0.04995143468285253,0.14270665120121276,0.2642162058789148,0.0018114843436249379,0.2879405636403628,0.4611342729823969,0.08329288478048076,0.18123086285292445,0.7774684488745216,0.6730756589636783,0.035609640397429546,0.5494441904433396,1.618668033260322,1.2648516365726656,0.0013417579324349173,2.1585416606322854,4.008583223957169,0.24552791222297368,11.146393719645445,20.973509716043978,27.188022377286153,31.24377763462342,33.567941730034875,34.522536043167726,34.53297870590338,34.00510955124814,33.237949501137294,32.423987113713146,31.669217965734493,31.0387208596324,30.563591600413652,30.260714171460243,30.138747604252426,30.186386041644703,30.395777775669227,30.711535709403137,31.065447758323685,31.27709249844807,31.049790064410576,29.87879553430886,26.99432391950603
10.99999999999997,0.005452105857383057,0.006056724053104735,0.002101732611321222,0.012019671976058867,0.000845324888325163,0.04819777497025953,0.046788393410665374,2.735766514616676e-06,0.12280359204324133,0.03763232150606998,0.18015136985529853,0.002050006936515217,0.2612867499314063,0.1753083934593676,0.016945276391994637,0.38238645659835746,0.4322254928188057,0.0362580074523223,0.2266186394984761,0.8179936927135777,0.6788464635645909,0.032435428941885266,0.5146847425287705,1.622354622864087,1.3748874344532336,0.021650143914540655,1.8871088578074124,4.062765859839749,0.7951816197364315,9.934679165527504,20.2704649530354,26.770519235348207,30.99412706799602,33.42788052766911,34.43127683920764,34.439981881993646,33.88023023422862,33.070897782084565,32.20644468709349,31.40683110596057,30.731040894639335,30.216893150344482,29.88209396247013,29.731187858586555,29.769009539658143,29.971075554119636,30.318948925941225,30.72405132274417,31.062729350256696,31.046847365629773,30.189729490873805
11.049999999999969,0.00022025232806608294,0.00014445119638183598,0.017588556031778394,0.001905425638453627,0.02155876573659208,0.0008657294140366858,0.00026974294098080175,0.059558011081342385,0.10575310456769231,0.020398647869561016,0.14717030993727204,0.10654247079551832,0.04158335312978142,0.29797470297380274,0.13448470490960954,0.03161463073581679,0.38880788240177017,0.44219490710957243,0.06421554886410463,0.17509240830564762,0.767612230127151,0.7866915474446321,0.13936843780357244,0.2759308298222313,1.430575843693414,1.6610566738591306,0.3259284696370305,0.9637988140328069,3.81743181789514,2.6679478635915976,5.312924843327346,17.72043081230244,25.15038789243036,29.9953674042165,32.896900516745006,34.20750723345042,34.37438586672606,33.8591579217953,33.02185186166254,32.10009952627621,31.221378035889625,30.46586616580477,29.86967169374204,29.456511812276975,29.238717022895052,29.212911805790554,29.382819305970504,29.712142193919327,30.171483428545756,30.63735793697433,30.92248094705585
11.09999999999997,0.007961565809725995,0.0034019362341116263,0.016926611527646056,0.025407561739895574,0.04702335803512615,0.027591056747786266,0.048757373787995606,0.0978162131460823,0.00868134689732171,0.12636189756212735,0.009669789458563137,0.19953650804676207,0.0443511454206138,0.09418661138140874,0.31101010560043835,0.11389068752584205,0.03138225426314696,0.39533011740893576,0.4761234009994772,0.0991910221622812,0.09788065221154144,0.6938523331026685,0.8861738923622743,0.29923271756302283,0.07868899587679683,1.148427366320305,1.8143596860028413,0.8235813263303984,0.23072864570004353,3.1535437425460087,3.8589973993054665,0.7613315936493112,14.643817734260509,23.269871117321465,28.82980597093795,32.24913329993231,33.928269205869356,34.291791250199054,33.84207108925109,32.99413330630857,32.01283388164607,31.06302868857842,30.22304177951117,29.546215778540347,29.054309847531655,28.760775129549362,28.676044684243948,28.788590758521035,29.100576986624013,29.55999512505906,30.118478331462462
11.14999999999997,0.009339115533385199,0.0075963819553575606,0.0004461019219448667,0.02340649863338047,0.013103935499566455,0.05592375219261109,0.0648878631957518,0.0167083838967224,0.051252155518005486,0.08102065398300573,0.07784212833603626,0.0414382321983985,0.20577166595423466,0.03942201693167367,0.08374304457217463,0.3133819764711399,0.18043059005319703,0.0029504392701292475,0.2808829866641861,0.5288907856892486,0.2756114474754668,0.0009973014249345386,0.4007408485766628,0.9175472430031333,0.7039947572657337,0.04869216112403176,0.44365147573840213,1.6198161702346967,1.6721435120739214,0.2328789047620491,1.2070391845295338,4.05675730006818,2.4451509681388712,6.636789257615238,18.717950306560414,25.942721521999278,30.57226795673298,33.15166803397804,34.10541851275618,33.942396668858635,33.168159735617635,32.14998549310444,31.093629850657397,30.12859707062583,29.3084508709113,28.674540598555794,28.242778231654047,28.021625614513898,28.022013794502847,28.228017360964266,28.644073809526923
11.199999999999969,0.00025018842506739517,0.0012362542073063626,0.010045271043501516,6.500683235499001e-05,0.007156303818788207,0.007527972890513504,0.0029636914050460003,0.024611847493121276,0.09527912018488502,0.0016288884121355473,0.13029235607096024,0.041689217884776496,0.06545105992527375,0.20994431378936979,0.049131469422297076,0.057230654170561265,0.295730545625179,0.24629375339023654,0.013967055500542112,0.15533142680299536,0.49777382251909424,0.45075458940293717,0.07491902734925612,0.12327813978462687,0.713279984459939,0.9573568849207968,0.4251980272091563,0.01836436898606166,0.950126406462936,1.890130425923392,1.2639005714017892,0.006571496432014093,2.5166520288310963,4.3363396461976365,0.12873913826387923,12.389791129665317,22.157631873611173,28.235606293028646,31.942718665756562,33.67792745963259,33.95983745127643,33.359094482088715,32.34001220018846,31.209282164097402,30.117022774784125,29.162915213001842,28.38258329936362,27.80763025040652,27.450532698099273,27.315112539136894,27.414218837019835
11.249999999999968,0.00774166892903889,0.0038307604196828405,0.011840135783587401,0.02321828279759868,0.036151551079039,0.02900168092055221,0.046317018011225966,0.0684268169262156,0.0007322237021312229,0.10188308452509207,0.00024116760420381386,0.13364722816283095,0.061692858026782704,0.029105930436620037,0.2048536714494377,0.13365192238509896,4.524237901363824e-05,0.17951569269837214,0.34266393711592813,0.17155627218737882,0.00016196250407061444,0.23935025152708736,0.5486784930114668,0.4344826545102063,0.056598732437538574,0.14627646904598096,0.7510805289347906,0.9979297044410071,0.46417569226884503,0.009755018333488508,0.9191779710880298,1.9348852347130352,1.3960858749716332,0.00019607366495015408,2.4167444145618115,4.4590012249927256,0.2584699738349121,12.346633768197146,22.328633999186845,28.438411138240518,32.05818842323066,33.60749799491731,33.67760258738522,32.89653680975523,31.73942575648912,30.510047554420563,29.345182837354436,28.339909856986402,27.523243026339017,26.925470910552818,26.55753501621212
11.299999999999969,0.004311304069110251,0.004785104218102348,0.0009135423345962106,0.008937708690433803,0.000934440779021733,0.030431314112733927,0.028634072209874295,1.404204026635993e-05,0.06868239827617287,0.019069725066263723,0.09762375906122368,0.00022826890793602552,0.12518819157646305,0.09908103610234127,0.0016671484067834453,0.15136950806725324,0.2169155083587534,0.04910053894129705,0.03302798977957734,0.2686989938829388,0.34512212632876016,0.12454164121317082,0.008189377740565605,0.29213785268317183,0.5819542895995984,0.4414556041890827,0.05673882248926164,0.1449571532655268,0.7622601901714893,1.0447876424339686,0.530135157807019,0.00144294391277604,0.8590217102783002,1.966556959915461,1.5394519262388597,0.013511574005409203,2.306453715042931,4.569004691948459,0.3834296124020398,12.435779174957206,22.587926273797308,28.698347158916278,32.18681679032684,33.50825376806081,33.34401099020787,32.377820603834394,31.08640999089474,29.765930276967076,28.537372906307873,27.490178586691933,26.646431765344683
11.34999999999997,0.005012985576342481,0.0020527032345508374,0.012331816934888723,0.01576375489661781,0.03012107647032388,0.01567995079420656,0.02822610235830736,0.058608109045858926,0.005476471343401982,0.07194997660655016,0.0048608306138513725,0.10847673590885684,0.027319699801136625,0.04125538245041649,0.1580926262359986,0.07142991179725712,0.005029225071793378,0.15806946999747842,0.2370813709747031,0.08944747853412224,0.004711809577659119,0.19351964909356117,0.37579762236215175,0.2658991419393594,0.027719351775374882,0.09592280733550781,0.46180155749346263,0.6244356718551671,0.3326177929189239,0.003309028855157732,0.31693054357008504,0.9597696662847143,1.033096894282219,0.3414197522495964,0.0867660576223034,1.284722287336669,2.1327540491803885,1.1288742472509643,0.18560241485079398,3.5203760723707433,4.257406151249351,2.2629858022282883,17.35314076609181,25.68119406549158,30.635287384400062,32.91801775140444,33.23701920940811,32.396081559184644,31.042334117210736,29.582065998876725,28.182700751350687
11.399999999999968,0.0023159737707959165,0.003197940958075376,0.0022001175939549327,0.00404626293098476,1.2305332973829481e-05,0.01779876564482839,0.014313750797512483,0.00177206369645565,0.05992413954273715,0.004747661435709456,0.08195054108933264,0.002872330599094252,0.07421877676767599,0.0979432081691377,0.002654175831297979,0.07463092559948951,0.1688334623579363,0.07804459821781723,0.0011001949119430353,0.1292541956545407,0.2547027944275487,0.16548149081491675,0.010384966704024992,0.0830188714574531,0.3229394477131761,0.39148075718336994,0.17810167037239424,3.920501414776014e-06,0.2132382473859859,0.5875656482664704,0.6186808599688158,0.228654087413606,0.011374066596229323,0.512311427522385,1.111291917639038,0.9595818351843642,0.1608436270956885,0.3158169413692692,1.7255759817922869,2.136662738285245,0.5426440966212127,1.0905968971816766,4.5645451118911815,2.484207179982805,9.838263592197618,21.71410172830955,28.50604809498983,32.01290201715,33.02385824785816,32.419270291898016,31.048154236639846
11.449999999999967,0.006592251028545641,0.0050570581666294296,0.0015356425803723483,0.016072039063231718,0.011849664700275032,0.03052139223631831,0.03655113610329632,0.014856294220658435,0.0167139627799959,0.046158512462662143,0.026489228177963398,0.026531107811614416,0.08680586545357771,0.010839305215223246,0.04032315176084481,0.12493827644677906,0.06640779995599436,0.0008120692190167774,0.09316761315601878,0.18512023233279867,0.11225483357875189,0.0032024815754228687,0.07040088263278974,0.24046251128894197,0.26453676158835693,0.10200632274339767,0.000991046773373492,0.1626328257312668,0.401068603001026,0.4010343793239438,0.14419714807971853,0.004802866631960716,0.28635846420000116,0.6662834012741461,0.6414586204480149,0.19997265454873125,0.033484088523957095,0.6386878809208183,1.223543352640927,0.9314189639030225,0.07568570647466746,0.5677655450115473,2.0671278549497347,2.0418367260846075,0.11545279289908947,2.4040732653562467,5.019551093082539,0.015230153339536312,16.178029753563198,25.577049587955457,30.6989011303186
11.499999999999968,0.004005314810999976,0.0017875229673749654,0.00873380032661965,0.011984662192864266,0.021047762744685058,0.012420288734994678,0.021139491710147444,0.03787389236260218,0.0018042090145518204,0.04869351744313397,0.0010550973957847306,0.06583991385609045,0.023926117732725394,0.016428241204117087,0.09224149277376247,0.05551803434134711,3.082976567472052e-05,0.0714836730431021,0.1382839112075162,0.07506986204413052,0.0007512400474974096,0.06582372605546317,0.18490135604970467,0.17974254193860703,0.054795783589767263,0.005944119046382415,0.14101259046281012,0.29540921749879623,0.26151549992081286,0.07513792519169389,0.00972389070528966,0.2157088643265022,0.45449545547876924,0.41757482692973685,0.12970116262883657,0.013452372983958585,0.35103515682628045,0.7388604294425702,0.6562462808236782,0.16204524372607818,0.07930284733652786,0.8064496700366303,1.3261687614760107,0.8194915664692837,0.0028806006146028513,1.0224208833382524,2.4080129358451257,1.5978940865970557,0.1612736887631911,4.17992182731047,3.948481169299183
