signal_GHz,pump_12.50GHz_gain_dB,pump_12.60GHz_gain_dB,pump_12.70GHz_gain_dB,pump_12.80GHz_gain_dB,pump_12.90GHz_gain_dB,pump_13.00GHz_gain_dB,pump_13.10GHz_gain_dB,pump_13.20GHz_gain_dB,pump_13.30GHz_gain_dB,pump_13.40GHz_gain_dB,pump_13.50GHz_gain_dB,pump_13.60GHz_gain_dB,pump_13.70GHz_gain_dB,pump_13.80GHz_gain_dB,pump_13.90GHz_gain_dB,pump_14.00GHz_gain_dB,pump_14.10GHz_gain_dB,pump_14.20GHz_gain_dB,pump_14.30GHz_gain_dB,pump_14.40GHz_gain_dB,pump_14.50GHz_gain_dB,pump_14.60GHz_gain_dB,pump_14.70GHz_gain_dB,pump_14.80GHz_gain_dB,pump_14.90GHz_gain_dB,pump_15.00GHz_gain_dB,pump_15.10GHz_gain_dB,pump_15.20GHz_gain_dB,pump_15.30GHz_gain_dB,pump_15.40GHz_gain_dB,pump_15.50GHz_gain_dB,pump_15.60GHz_gain_dB,pump_15.70GHz_gain_dB,pump_15.80GHz_gain_dB,pump_15.90GHz_gain_dB,pump_16.00GHz_gain_dB,pump_16.10GHz_gain_dB,pump_16.20GHz_gain_dB,pump_16.30GHz_gain_dB,pump_16.40GHz_gain_dB,pump_16.50GHz_gain_dB,pump_16.60GHz_gain_dB,pump_16.70GHz_gain_dB,pump_16.80GHz_gain_dB,pump_16.90GHz_gain_dB,pump_17.00GHz_gain_dB,pump_17.10GHz_gain_dB,pump_17.20GHz_gain_dB,pump_17.30GHz_gain_dB,pump_17.40GHz_gain_dB,pump_17.50GHz_gain_dB
2.5,0.000286599565925,0.00242383554831,0.0268374638078,0.062825235365,0.000716732033573,0.00356475537465,0.0847419553438,0.0557303043305,0.191673192309,0.180746486966,0.180202720931,0.199520898103,0.0653719862742,0.0991431682094,0.00266875954692,0.0555531411724,0.0620126287905,0.018482328986,0.00971495293069,0.0434403175139,0.126227308809,0.0988971590338,2.59508907716,0.167427495739,0.0168998824967,0.000194152574144,0.00185371991363,0.036230443216,0.0821936719437,0.0100210708948,0.042076153153,0.0094366407436,0.233817113405,0.0143429247676,0.169123226281,0.331854163714,0.185298031673,0.021358521479,0.0197051325074,0.135782121289,0.272759068841,0.373983742103,0.453868751659,0.491486480383,0.51430371392,0.523311197212,0.528502740557,0.532092897907,0.535631928548,0.53872086541,0.539839440557
2.55,0.000563199672342,0.000292202121657,0.0379647995341,0.0730319415997,0.0182031854476,0.0367865758731,0.0257383736769,0.144450205326,0.16855902959,0.072668930052,0.0500403391071,0.106644858179,0.205779364795,0.0290406360704,0.158083303237,0.124931992915,0.0291101379848,0.00213046112075,0.0247644802181,0.00297917019468,0.00431953666099,0.187943691385,27.5349281367,0.0441174839876,0.0863675193661,0.0455252071364,0.0206791094571,2.04156234463e-05,0.0277490562837,0.0249983302335,0.137490179062,0.172923932034,0.0287777081291,0.217269801704,8.66977180751e-06,0.213918034333,0.337656838252,0.198092213379,0.0390729798443,0.003697747866,0.0741354386308,0.179376226325,0.280340395464,0.362827511006,0.416279140865,0.453933034627,0.473910810424,0.486865819148,0.489105220569,0.487338833876,0.474778255881
2.6,0.00407878071252,0.000286457954361,0.0442517819343,0.0694402048335,0.0531745821666,0.0905018658001,6.20105310902e-05,0.198183782747,0.0679367738507,3.95852165099e-05,0.0135556117779,0.00202541854917,0.0444483762643,0.209960802223,0.00164924394712,0.0745561113418,2.92911503239e-05,0.0115633554838,0.0355095285653,0.0275315998713,0.0492144218147,0.0562739592289,0.220630718181,1.38951171656,0.0450259687389,0.000625331437151,0.00848305213482,0.0125282905695,0.00796096129408,0.0402699964889,0.0109783545108,0.000495687023124,0.10260717785,0.156612848872,0.143392538862,0.0174514827381,0.256872325375,0.342320965749,0.213421344511,0.0615444126839,0.00068191933346,0.028125227082,0.0900208960253,0.179306580891,0.237911905932,0.298963510187,0.325982463129,0.353052929803,0.353717394652,0.354598917666,0.333377047374
2.65,0.00973471034895,0.00232188701256,0.0439101095612,0.0547160885586,0.08826635431,0.133891643413,0.0280600774441,0.177821453596,0.00250241613745,0.0724298630762,0.153318594463,0.142538789981,0.0414665846157,0.0394972078307,0.204799806633,0.071519950297,0.0664530057818,0.00462162969026,0.034905522984,0.0300353866408,0.00630105204114,0.0564667917908,0.319949199393,29.0400007882,0.328598893787,0.10620042704,0.0304639107391,0.00670798803749,0.00890727569314,0.0616194965921,0.00058468360231,0.109906080153,0.0983196996484,0.00988861853898,0.231925103799,0.0864716073593,0.039981676467,0.274324725315,0.352417921123,0.246740353876,0.105057142211,0.0181033027016,0.000594573419277,0.0263401239273,0.0700933584387,0.115395680374,0.149797020188,0.174425085703,0.183050301394,0.182813814693,0.167627463777
2.7,0.0166003861693,0.00594352145567,0.0375352021091,0.033674639258,0.112797944425,0.151530835454,0.0955023050994,0.101838881969,0.0350077268197,0.218585862675,0.285592252577,0.292216388887,0.261200715092,0.0940231664148,0.0492144381786,0.151287558179,0.168832401687,0.071441705992,0.0100536800003,0.0199233070261,0.0229046068122,0.0164432112573,3.12538799685e-06,1.17358893584,3.21148055949,0.00390176302501,0.0282730651551,0.0277062978928,0.0200750820808,0.00194501691082,0.00215335723752,0.074295077211,0.0572435944621,0.186408068244,0.0308978114854,0.252199474975,0.0359609038903,0.0713977626542,0.290056427676,0.361988898614,0.281725676734,0.155775307613,0.0602077074991,0.0142068309843,7.04625985953e-05,0.00771475830951,0.0249299834734,0.036880484006,0.0464615124256,0.0458578741301,0.0403912224044
2.75,0.0229629538278,0.0100880915349,0.0276519796461,0.0147029572623,0.117745087686,0.137230620051,0.162759085083,0.0283908084256,0.141122667222,0.292239697129,0.252095375184,0.221842615492,0.264317308646,0.297931194263,0.083613516242,0.133756951268,0.00500198934074,0.000803422890002,0.0724470717164,0.0547971095171,0.0106701783633,0.0337540833158,0.0933015034108,0.191623098148,29.6606140238,0.486231964767,0.0582564210636,0.00531842928043,8.17244627625e-05,0.0261988834304,0.0603693197967,0.0392017428505,0.0330832618457,0.0113449210787,0.108762020454,0.114170474237,0.2322355956,0.0164396807921,0.082624266735,0.287569253414,0.371509029249,0.325259545719,0.226678359489,0.135317875546,0.0693631862683,0.0286369177159,0.0106593340619,0.00276552291163,0.000886227038041,0.000373321353184,0.00112265605636
2.8,0.028079982382,0.0141306574268,0.0163564356314,0.00233218430333,0.10333878071,0.0979732260745,0.204547476885,0.000314669497011,0.253164398545,0.244093517595,0.0997463858357,0.0428789290257,0.0605756573723,0.175511053623,0.311007750894,0.0571244467901,0.216975449573,0.078112355004,0.138284255298,0.0717929136402,0.000529029573293,0.00404695573728,0.000698148594335,0.0690328483805,1.3101682129,2.06977796199,0.0914114683667,0.0633796329367,0.0333639836795,0.0150632249795,0.0263510198517,0.0153797368122,0.120755098895,0.138859182964,0.159638964131,0.0103931316313,0.209034687922,0.188783700762,0.00431384019997,0.0949585988904,0.281802481493,0.375327846773,0.362331978627,0.294306461767,0.227555452304,0.15334502844,0.115336767054,0.0799109227344,0.0695033264399,0.0594458127291,0.0662255613076
2.85,0.0309454507998,0.0171186963182,0.0070623239515,0.000615840443044,0.0763267139341,0.0525497935395,0.203288522534,0.0378373044035,0.297388324559,0.122456055918,0.00254818186281,0.0150388168075,0.0165058396358,0.00184451807751,0.134685111118,0.313337480613,4.13159370419e-05,0.157957127799,0.0930847291252,0.111939390011,0.0271359348716,0.000427992972663,0.0432674262242,0.0587815014563,0.00685276814765,29.7927485028,0.326411379563,0.0051245940124,0.00288211522134,0.00965058857044,0.0304619935513,0.0257994741242,0.0923946329092,0.000826977368675,0.0183674776411,0.197357118,0.00631152854629,0.253560034581,0.162389980684,0.00222721916958,0.0848984641962,0.257571604951,0.36524500748,0.388844115545,0.362474685084,0.314422299412,0.268008185172,0.230153278117,0.207402359217,0.19487465859,0.197097758365
2.9,0.0314075072004,0.0187679411556,0.00119961759868,0.00968027408613,0.0437216231042,0.0147692422654,0.162492123856,0.125569042325,0.258048253317,0.0157444544565,0.0621312798365,0.193561447064,0.234261794844,0.160464510091,0.0168527766239,0.11406640998,0.295636486699,0.0491976517152,0.00108701702001,0.0751256528943,0.0914568633032,0.012947117439,0.00289193530517,0.0324192995765,0.177116340723,0.188723623631,0.206411934702,0.184689218677,0.0615005085781,0.0185680809619,0.00379431981742,0.0512870433274,0.0635087350601,0.0945841128232,0.14562808518,0.0553026225746,0.115477850035,0.0672634773417,0.275471820618,0.132760143181,0.00108307340159,0.0750055474672,0.226351978154,0.341702181023,0.392419457637,0.399525103391,0.382236711501,0.36331301482,0.342316079757,0.334247340088,0.331190767433
2.95,0.0295663969034,0.0188286733941,0.000205203244036,0.0266598838677,0.0170509824356,6.25730915812e-05,0.102349119055,0.2188556065,0.163499877422,0.0132677273493,0.234539403846,0.394467729081,0.438473196412,0.419453003573,0.287679375273,0.03148600399,0.180614092254,0.179353191165,0.237113954662,0.185118580012,0.0530296224061,0.000109550560585,0.0188867791282,0.020695206028,0.00532427963135,0.130936270957,29.6883222766,0.0609510926474,0.0144392926198,0.0264933338468,0.0238672716119,0.016493135627,0.000448334619882,0.0955663135512,0.0521666705257,0.107363099266,0.168375918846,0.0409162545849,0.12612512798,0.279338714738,0.128066594375,0.00308699989945,0.0489642415623,0.177096480162,0.290862539393,0.361674756788,0.397597005999,0.411524032416,0.413987918474,0.413196114358,0.414539481875
3,0.0257314231748,0.0174059184542,0.00405013611516,0.0487550839599,0.00167976273796,0.0121944475802,0.0416027546707,0.288274641138,0.0580468012276,0.123575724593,0.40750951144,0.462661352641,0.429150380216,0.436840696253,0.478816180389,0.382158149,0.0312511968925,0.246457476987,0.0329324560351,0.129146779225,0.00076001979684,0.0367268838414,0.0408521675474,0.0239344077658,0.0694589182209,0.170508526888,0.908336676227,0.421122872718,0.166900997168,0.0256165520359,0.00188551103261,0.000463484597795,0.0464030040655,0.0876819672628,0.0273722955616,0.070108040823,8.40728786697e-05,0.208657236403,0.00081980480537,0.190282133809,0.276573798613,0.12302233114,0.00711130756689,0.0276084468423,0.122984472864,0.226500202946,0.294950637981,0.354607323421,0.379577114983,0.400357089159,0.406035912147
3.05,0.0207737467853,0.0149087036057,0.0116999103347,0.0702962328625,0.00226447423598,0.0469266450793,0.00561253968439,0.307490187658,0.00279169811929,0.279715775014,0.466361829312,0.352646713353,0.228830388703,0.205573303507,0.296476963979,0.461286741152,0.388555744101,0.00290668534718,0.342668612049,0.0895765620882,0.112342264001,1.42473886194e-06,0.0231202748312,0.0407124998228,0.000348827667352,0.0197526394323,0.454868644206,29.4946685264,0.0229041101337,0.0725148498396,0.0469961073794,0.0254219457069,0.00149609217414,0.0158473577656,0.0450160798361,0.121866717947,0.166357112343,0.0574866744314,0.166835436433,0.00725959021709,0.221729800752,0.279103426476,0.14014104955,0.0201448597451,0.00592010126788,0.0641943969524,0.136761573282,0.207300209866,0.258523499385,0.29386591735,0.311879363341
3.1,0.0151190530068,0.0116195723318,0.0222384964025,0.0888189884618,0.0185455930904,0.0974072240814,0.00431887464249,0.274861247317,0.0231816322292,0.417354624177,0.390660335169,0.14467022953,0.0246566708834,0.00458860611137,0.0206669671447,0.14185716286,0.432486413095,0.395102575108,0.0140462656014,0.268515510615,0.254689298787,0.0657319015885,0.000129629647648,0.0436636183177,0.0380867503169,0.0604173347599,0.0540464446066,3.34139882258,1.43294421068,0.0630640177412,0.000342945165216,0.00424028746593,0.00969399552048,0.0176245294043,0.0588598944256,0.00102036832888,0.00340736087639,0.0608115982661,0.175842540863,0.0898289115373,0.0380411217993,0.250861479397,0.282605527354,0.157811047428,0.0421456916365,0.00021461912889,0.0190463234183,0.0588638636351,0.111291365869,0.144411069268,0.172929545387
3.15,0.00981799224214,0.00821904501628,0.0334395737522,0.100490486568,0.045937354423,0.148658689499,0.0386999983258,0.20566550671,0.112457099033,0.472267091564,0.231799434898,0.0096118377471,0.0397730902846,0.112768729065,0.0976157581507,0.0127678155995,0.0835891010051,0.442432013618,0.280564191618,0.171773859714,0.00467074428882,0.00322761760106,0.0563491399819,0.0668868298152,0.0346087516044,0.0147879397286,0.0946202180829,0.519861539965,29.282567073,0.226309225053,0.106718719451,0.0396378844165,0.0123638614491,0.00424251134826,0.0535372072231,0.00196719215291,0.125061297639,0.124088700933,0.000193249303393,0.221379624926,0.0455217193301,0.0622226800273,0.259158608087,0.293963643364,0.195035478458,0.0820177215563,0.0177708399599,3.72420933036e-05,0.00853176388565,0.0282862405401,0.0441807698819
3.2,0.00518579294643,0.00495698889781,0.0443712010571,0.10459331017,0.0807178614119,0.193382571317,0.101817368255,0.118107517079,0.244239082875,0.432581003355,0.0666540233384,0.0513978213262,0.29133802863,0.461957639686,0.49157056718,0.369701791577,0.0983433240122,0.0364995168952,0.476343849931,0.155073355792,0.345217025921,0.165594286604,0.184861164389,0.0505343156558,0.0172147923424,0.0258362389692,0.0172341346374,0.00416517128879,2.13171535475,1.48268777831,0.000149669885949,0.0167776002372,0.0232955411424,0.020592659282,2.44974164641e-05,0.0117887508015,0.0475958973969,0.0275671028678,0.157328317018,0.0576311006561,0.21194785076,0.0126424047607,0.0886405002608,0.267582650572,0.30528591031,0.231034872896,0.13472324211,0.0604856069291,0.0249388481028,0.00396853048482,0.000449714621203
3.25,0.00195408921332,0.00240711232832,0.0530971935084,0.100883649713,0.114812794189,0.221070984525,0.174518963349,0.0448297050406,0.367611331812,0.320171717321,1.018868363e-05,0.257763813599,0.591677170086,0.74280079427,0.779753087552,0.751401646493,0.564148399441,0.180719088724,0.064497047711,0.528910678613,0.000151377835464,0.193323159954,0.0702906440618,0.149649578205,0.0689150573693,0.00914927431619,0.0482370147357,0.133461682866,0.202760289322,29.0561409041,0.38586380694,0.0767278061926,0.0133407690319,0.000638467211572,0.0220226969033,0.0678284018661,0.0193184078726,0.0580495131586,0.031433948559,0.0666753204158,0.137898313158,0.18188289546,0.00403191096384,0.0949947348342,0.259692438636,0.316106071038,0.276570925836,0.201543479331,0.138490245291,0.0884602669152,0.0589331592348
3.3,0.000219860303476,0.000678891441315,0.0591982614382,0.0901513739598,0.144915533144,0.229511381584,0.245629883164,0.00337660895633,0.456785139846,0.170685455538,0.0728891247475,0.534212503233,0.785809022895,0.787533837063,0.74352445132,0.765220048764,0.830235302523,0.732937577632,0.22610855255,0.099565533369,0.49760991852,0.124794052913,0.0104535520907,0.179795911138,0.12334082821,1.24641354021e-05,0.00409539538989,0.00175919290605,0.127615225492,4.69766843328,0.666093469581,0.0514909497732,0.0548630913151,0.0362373150136,0.0200019615321,0.0156448724317,0.00396121660523,0.108404266595,0.110263961931,0.16845982925,0.000587092562075,0.210214703182,0.13982102204,0.000146012790317,0.0981227778447,0.250049299167,0.318878464832,0.310575299893,0.267140662461,0.223836690339,0.178863746025
3.35,0.000187999073851,1.12637790025e-05,0.0618652145577,0.0749051434048,0.165341958196,0.218164636927,0.297625129888,0.00906135812708,0.486231984684,0.0504247817376,0.256039120101,0.737290132108,0.770467595611,0.574625872595,0.422278541892,0.408040277614,0.568496287333,0.786074394437,0.777097185966,0.174591999609,0.276003440881,0.239028815023,0.375763606245,0.240379252824,0.144318313104,0.0260571381501,0.00118153249431,0.0577160330595,0.0824378268756,0.00791482790246,28.7679524644,0.31576538318,0.0187684592864,4.72053752804e-05,0.00493855295943,0.0335253423135,0.0413845950076,0.0752154235763,0.00207328855791,0.00329933889476,0.16763095962,0.0205456187959,0.235398699865,0.118106074233,8.95182828176e-05,0.0835052907784,0.220268545834,0.306439799796,0.330461590414,0.320486301541,0.299126018256
3.4,0.00179101582602,0.000388683911118,0.061161632848,0.0565177297032,0.175055962198,0.189305421427,0.325640604716,0.0618707200695,0.454058893845,1.13102543335e-05,0.491689170094,0.807488986565,0.558382741676,0.225190365131,0.0637306298389,0.0301777341123,0.0870702710817,0.28024355884,0.705717881811,0.817662271167,0.0974626962196,0.451067540557,0.00810940813447,0.0828516850769,0.054885073364,0.117929907287,0.0199956718676,0.00383612443194,0.0430363781616,0.279919486683,16.2635921729,0.0127688964827,0.148496207549,0.0688796354429,0.0274751831216,0.0085280642413,0.0459507068739,0.0451829586455,0.10900973593,0.147071242726,0.0806367615091,0.0753984666616,0.0870503055236,0.242029282415,0.0983791810494,4.31550963921e-05,0.0657574055607,0.186105586561,0.275210207293,0.32249431818,0.337353364691
3.45,0.00474882909412,0.00170994306863,0.0574598542204,0.0384750602395,0.173066778414,0.150072735686,0.325055910387,0.14705945699,0.372613492644,0.0459262038129,0.6873876361,0.721781148056,0.2666287447,0.00960049228431,0.0464040519426,0.127685819282,0.084115714022,0.00601795506933,0.14169198543,0.67375413458,0.767150609256,0.000957089925819,0.548560564615,0.266104989067,0.264604832409,0.0459817405898,4.62677002012e-05,0.0250746712408,0.0301465126604,0.00859832087492,0.43117957372,28.3028363392,0.103940865216,0.00227200091688,0.0163381417768,0.0205592337159,0.0247687193849,0.00615539959157,0.100901077287,0.0268407093108,0.0734918450154,0.173969202214,0.0187048847837,0.138179084987,0.241221827176,0.0987061356643,0.00206402193971,0.0384421016668,0.13168994048,0.219712447524,0.274210090789
3.5,0.0089259946009,0.00388424525127,0.0511002827772,0.0219299363555,0.160160474498,0.104652197139,0.297456350457,0.25227713482,0.256938089424,0.181224172853,0.803001224867,0.506610239753,0.0349225542662,0.114463886708,0.465139178679,0.713299316652,0.713113631212,0.549402958208,0.148479782218,0.0392438448518,0.679522154561,0.693178550361,0.0752787548435,0.291816450252,0.322746238793,0.00591327984099,0.0399081711842,0.0544935747495,0.0288209069485,0.0934410194334,0.258514780529,23.1094810914,0.324924054331,0.173860576483,0.042229469226,0.00746470428551,0.000131013621867,0.0541808536203,0.0847528551156,0.0485784240477,0.0927836419957,0.00351688979193,0.179600931148,0.000708338122814,0.186148231661,0.236556062502,0.102521359256,0.00710991541505,0.0153472528325,0.0797570717077,0.148231708576
3.55,0.013753760961,0.00659185827447,0.0432018303497,0.00957400678318,0.139320563858,0.062638538938,0.250189306789,0.352217781851,0.141463582061,0.361925973222,0.80665979261,0.253762295818,0.0299883026521,0.514293431899,1.02830493884,1.30186457841,1.35823964278,1.30541714292,0.958806201098,0.346592301003,0.0360325389422,0.787253128001,0.400050750277,0.434833182253,0.0278483795483,0.102146370575,0.00245650977023,0.0334086589695,0.0524873956122,0.00158604135988,0.0226550699698,0.948495107649,27.4691731075,0.000406169811514,0.0465164644923,0.0428815503461,0.0288852784736,0.00624354185007,0.00555315471781,0.0648509765449,0.0998082677256,0.149409018736,0.0776713023428,0.129425786247,0.0145586080147,0.207786769819,0.241665680556,0.123034497979,0.0246824715226,0.000717268891737,0.0275229118321
3.6,0.01912441917,0.00973975219443,0.0341481645809,0.00194472282056,0.112177925367,0.027603129978,0.188456016686,0.437071119372,0.0469734069769,0.555463837584,0.70130233979,0.0503460897367,0.290729057277,1.03182327571,1.46427451853,1.57410896754,1.57934805604,1.59309894542,1.59138104216,1.3387116628,0.523038241339,0.0328678956049,0.886511750769,0.122786636992,0.581857216815,0.391573679419,0.140873233312,0.00116871845636,0.0596303764258,0.0492663520136,0.0890751977038,0.0811428540088,27.1663270205,0.89943062619,0.0993016673811,0.00663126311651,0.000517063157407,0.00549918981224,0.0301090105918,0.074015295695,0.00112886663655,0.0146464922354,0.0348973828875,0.177048488536,0.0627932237372,0.045421068996,0.225369440158,0.246758084146,0.148290868783,0.0514834467333,0.00651181194019
3.65,0.0243919568773,0.0129220511861,0.0252579733092,7.4882852162e-05,0.0835774212546,0.00629923235845,0.125517421289,0.490841932041,0.00230509211986,0.710897476755,0.520775375584,0.00643255949091,0.701614888723,1.41679594179,1.56029162325,1.3739028296,1.2161741122,1.1581770699,1.36848065851,1.607803729,1.49103665203,0.547793025346,0.140107631128,0.917285834343,0.0568683366554,0.0956149474959,0.000967700605887,0.0986346299192,0.0890012645284,0.0490790702731,0.0131506245387,0.124785318245,0.798178388851,25.9740182174,0.118531244678,0.097292124535,0.0480166177532,0.0197449240747,0.000751335217331,0.0407735807951,0.0107855860562,0.12801183654,0.134877260349,0.00174878868045,0.201954862921,0.0293235421473,0.0617600776254,0.228228893846,0.259688193798,0.186339881247,0.100532788368
3.7,0.0295223379748,0.0160972445753,0.0167799226107,0.00385561629449,0.0550206738296,0.000151621999449,0.0670110415285,0.510980597228,0.0171538988406,0.811459357659,0.299205852882,0.159870915767,1.13849527298,1.57069982763,1.28143470047,0.759581369328,0.440991649902,0.281558384436,0.432056848196,0.822250064333,1.46556671745,1.61173998166,0.512959336478,0.300203530674,0.712626998371,0.441836286375,0.178347600071,0.295357196623,0.0719203830054,0.0282176077354,0.0393756063379,0.0336002183536,0.0064342227044,29.1836667449,0.950496793367,0.0125828685692,0.00494477905095,0.0156189378362,0.0186000679315,0.00309697649572,0.0256605550087,0.0267066428746,0.0114136524025,0.129951821479,0.0707682331684,0.181701372288,0.00781718351328,0.0803019082652,0.228257611726,0.269270836213,0.224888467219
3.75,0.0339723284685,0.0189021417322,0.00981516725915,0.0125801018588,0.0311146578298,0.0101155834994,0.0248014023959,0.495819891559,0.089804672184,0.837922507739,0.111640114811,0.462464182233,1.44732037259,1.43932883482,0.736767993485,0.135602712909,6.25637785213e-05,0.0758230147634,0.0417583797358,0.00558622927302,0.408230033863,1.32268182658,1.61773282301,0.274439881582,0.704899472562,0.145700424753,0.4614324628,0.162396762987,0.221879658915,0.0975369463304,0.0184023872507,0.0558683161684,0.192036943949,0.114310339225,23.4051633902,0.291846426678,0.0944567628892,0.0254598302651,0.00402842403456,0.0156804230133,0.0684148892784,0.00678635218171,0.0759854762262,0.0480940734948,0.0444019620522,0.140709233915,0.155186896583,0.00273888792649,0.0767752305966,0.214950409641,0.273664142013
3.8,0.0377833376853,0.0213518060718,0.00439869572086,0.025871414083,0.0127083839713,0.0354535968429,0.00226320538217,0.447829003088,0.212224825815,0.790412732958,0.00658567859988,0.845947679613,1.5785685927,1.04011733102,0.157877494582,0.104455846063,0.642957367912,1.25180497847,1.3103983518,1.01595825663,0.267458244624,0.0790536166153,1.20172852824,1.62136079816,0.0779169901643,0.957612444006,0.057034987149,5.93541358256e-06,0.261625234581,0.172930845986,0.000812294786958,0.0109209649645,2.98242472616e-05,0.199150272427,29.7585592744,0.467833232944,0.0160110295367,0.0394056353517,0.0349289718602,0.0235016159164,0.00689023932731,4.50221445899e-05,0.0918693267065,0.0856384464351,0.163072664595,0.000214348303689,0.195155270198,0.120238981198,0.00050243129866,0.073235138441,0.194838040623
3.85,0.040613190293,0.0232023755935,0.00115375584628,0.0418191392754,0.00239497349655,0.0718650759798,0.00366794675207,0.377135768198,0.357600747235,0.681283395654,0.0314425157651,1.19364880023,1.49736409692,0.518343166656,0.031342993581,0.950449144867,1.97796637546,2.74687234302,2.93695441878,2.85300570752,2.16863898787,0.917228316738,0.0126787766293,1.267580042,1.42890377104,0.0492559741385,0.750368415455,0.624535179614,0.40093675108,0.213435013661,0.0464484707562,5.90592923621e-06,0.0790552609682,0.136592359396,0.312282417937,19.2135793681,0.31108925145,0.0414547203733,0.00213133667962,0.00126135285519,0.0330942634273,0.0539500581523,0.0578759804375,0.00939093667884,0.000101396263103,0.143916981823,0.0253814702757,0.21261288162,0.108621693657,0.00104481986386,0.0518381638621
3.9,0.0425320669298,0.0244969861016,2.43228817284e-07,0.0601456925486,0.000296474239507,0.117642793244,0.0289112385175,0.288986329689,0.513464415429,0.521626892257,0.192512332545,1.45992724229,1.20974195698,0.0778859684294,0.629277982568,2.21897236078,3.19756669584,3.64768868417,3.72139500834,3.74721680847,3.69355378646,3.20976820463,1.63634703426,0.00491411258231,1.37729375936,1.14620278936,0.426416945228,0.144335272063,0.212806545039,0.0753100822813,0.176562114527,0.016505845683,0.000913652267355,0.0414892613011,0.438273625259,29.4805605025,0.024574878111,0.101637599138,0.0686038040944,0.0349600595432,0.0140169546807,0.0372706977861,0.0298519353134,0.112393814516,0.139063123499,0.0909018290027,0.0586430598451,0.0850290741703,0.216932256741,0.0963661720474,0.00256404045779
3.95,0.0434290978332,0.0251472372457,0.000981775160799,0.0785085290479,0.00648305899901,0.166215438193,0.073674034119,0.199497999389,0.651417257642,0.347227073625,0.449091772062,1.58803333535,0.79063619563,0.0535846615144,1.65849509486,3.21639913042,3.69014881818,3.39436246292,2.97610127422,2.73664496578,3.14981112457,3.69498684694,3.66449883897,2.03761820623,0.00165601995202,1.66261186257,0.441728570233,0.998208060258,0.333156358778,0.401205758509,0.0775682575448,0.00124054646834,0.0213742592068,0.0532971271813,0.0248695451618,1.55029444848,12.3393979268,0.158191787183,0.00102883403137,0.00686375710813,0.0154285313612,0.031305259335,0.0148466077394,0.097847411827,0.0140745771382,0.0538258585167,0.165508426108,0.0131157986881,0.123103333382,0.217626949261,0.106031139337
4,0.0433749576748,0.0251984345969,0.00399697623811,0.0969050937093,0.0206079378759,0.216297746982,0.135576384105,0.114734313074,0.765143379661,0.178042260045,0.764701216471,1.56846575563,0.329105614291,0.58639431326,2.72264302737,3.680159995,3.20073091814,1.61171226449,0.461240627056,0.0299860490733,0.155532584066,1.01617305885,2.93524478027,3.88504996019,2.32990746963,0.0228387829893,1.81470384846,0.0179459417816,0.761459677921,0.587278893327,0.0096517634869,0.0736537230524,0.0614392463294,0.0258851278702,0.115800233408,0.407682761447,28.80483204,0.158237895317,0.163806087849,0.0573081385171,0.0153950985493,0.00182531478087,0.0564263962603,0.0765952846997,0.0617618993229,0.101607289163,0.00726683833447,0.160035829536,0.000648196895217,0.161047851284,0.217897572283
4.05,0.0424564641076,0.0246966695635,0.00863512534097,0.113305391103,0.04064474942,0.261585582228,0.205356416759,0.0499531622825,0.83867580589,0.0560562715799,1.0682975721,1.4046665677,0.0336420481445,1.46111000958,3.44027720506,3.38482525782,1.55590392503,0.0820565311865,2.27225667021,4.75457465943,4.82541988309,3.22162410609,0.133127218555,1.83085980548,3.92162838315,2.14863324313,0.329365382726,1.61833396524,0.465312367879,0.00339185773153,0.144454278322,0.000889974460127,0.0282857086063,0.0606281927133,0.00941225482485,0.017266921735,1.85776705554,1.27724320357,0.0114258297526,0.0221573206876,0.0343983462762,0.0292860255302,0.012193942873,0.000975512658561,0.0754697312366,0.0826699438687,0.1344718719,0.0799247826116,0.116683565789,0.0107443943618,0.17291051549
4.1,0.0407120985443,0.02367166745,0.014820906193,0.127842340591,0.0661909585702,0.301808657841,0.28070265766,0.00959735326562,0.871082786137,0.000948232530618,1.33506184854,1.10723878227,0.07454668636,2.41806639844,3.69185403898,2.13176291608,0.0286433151207,4.91359492096,9.03128164424,11.7298469944,12.4073814423,11.9257556725,9.23263480931,3.86313949024,0.632394640675,3.91289211411,1.87676600097,0.827573222139,0.947800955014,1.04500241478,0.618947129883,0.215460356487,9.35195170837e-05,0.0828791495138,0.0587814863462,0.132852207602,0.123643565512,28.0198407719,0.579243876149,0.128861971215,0.0187167191399,0.000353988231696,0.00245504172677,0.0398870214989,0.0803831706054,0.00527441592777,0.0213114568266,0.0257072002259,0.163406981397,0.0600483189299,0.030210240622
4.15,0.0383800902681,0.0222675689739,0.021862894303,0.139203420162,0.0941110215831,0.332707143837,0.351816751243,0.000740204132285,0.8600809369,0.0304699293763,1.5209583483,0.738688922369,0.509891878433,3.16780268839,3.34312566105,0.312503616721,3.6273412786,10.4499395893,14.0823339095,16.5225251982,17.4326007308,17.5333137081,16.2099324725,13.3543086882,7.07865402845,0.199779532939,4.01122552045,0.955299505165,1.67405641735,0.00947589366939,0.316205610433,0.00472572868971,0.12305967961,0.104335037466,0.0712633695759,0.00610806218826,0.153607944863,0.425748145244,3.2158017848,0.045143335414,0.0784197482916,0.0509335588099,0.0255794323835,2.59028248889e-05,0.0306531938084,0.0191724269068,0.123054825751,0.131982160163,0.00225233315182,0.184189491844,0.0349465859539
4.2,0.0354377392564,0.0204824091422,0.0298158049065,0.14766413548,0.124261294556,0.354717936498,0.417989288243,0.0241844150175,0.807472713583,0.146168033796,1.61982065196,0.352945419047,1.24675824993,3.62658395469,2.25660418138,1.12560234544,8.96513061212,14.8526833483,18.0255157531,20.2498134771,21.2665171236,21.6896186467,21.1283536942,19.6701199763,16.4356067616,10.0656113104,0.0200181217329,4.06314041018,0.226104269426,1.88966872516,0.531369980984,0.229191695299,0.454381478532,0.0756454808459,0.0536048336583,0.0601816848126,0.0681183314865,0.0164394341183,27.2804129529,0.709028147203,0.0379455275198,0.000136302856676,0.00899348687857,0.0156315395429,0.0081390379878,0.0358425645319,0.0174681208106,0.00640909647201,0.117552099633,0.0637312657881,0.170986268021
4.25,0.0322173238666,0.0185194519102,0.0378667966012,0.152641593935,0.153464670445,0.366133587796,0.471901962303,0.0763555377643,0.722153313249,0.326766544566,1.61964642435,0.0773059764525,2.04857431483,3.68566470315,0.644933108458,5.56339340332,13.1040498587,18.1463844463,20.9758983425,22.9990888584,24.0259245685,24.5833836568,24.4180050894,23.6685054656,21.8237600636,18.3380654443,11.0403329637,0.279235564798,3.81153681389,0.236317541332,0.916744655192,0.959150096923,0.285917431382,0.314338125934,0.139752310136,0.0391478539046,0.0555345116782,0.273046614495,1.01390432223,4.13484332529,0.203439848407,0.100498802796,0.0359541527468,0.00872269493404,0.010859797894,0.0651704164795,0.00260425885784,0.0808387254594,0.0490391499702,0.0409643904527,0.120166106814
4.3,0.0286466095822,0.0163403176907,0.0461506813586,0.154410753842,0.181911884994,0.367583499245,0.51412406116,0.155358960679,0.60724743973,0.558484219404,1.52070517205,0.00817369210085,2.7993232306,3.27554400042,0.249205563861,10.0244022815,16.4897405171,20.8830751822,23.4124997748,25.2312920442,26.2131059546,26.8119280574,26.8787453258,26.5689513294,25.5842032704,23.6878993765,19.8836824775,11.9856206646,0.839965586267,3.1440140344,1.26741426425,0.00131777651884,0.0112187434868,0.417749059467,0.227141561235,0.00856359141185,0.0270731348692,0.00318377103381,0.365263799913,26.6754830455,0.415412252037,0.001098537412,0.0248925453943,0.0309032610524,0.024898680256,0.00266153497378,0.000567733121903,0.0809553122657,0.0760305643812,0.151655519564,1.00609778783e-05
4.35,0.0250789254542,0.0141716648576,0.0539053502295,0.153089712412,0.206895968039,0.35969773049,0.540842631372,0.249631703637,0.479713562006,0.802742902677,1.33790192803,0.212347479773,3.35310634005,2.35863003325,3.32133835562,13.5128875202,19.1422960307,23.0316880453,25.2925144518,26.9066988934,27.7940505902,28.3588736802,28.5188599055,28.427713966,27.9167458744,26.8758464553,24.7394333988,20.4961979048,10.8786237435,2.69986771414,1.19677365102,1.93419990847,1.03368879457,0.666043809553,0.336379989821,0.0889287394697,0.00320420534879,0.101540482408,0.220480647873,4.15217501163,1.6859202295,0.282854159893,0.0614027250968,0.00785136299751,6.00382453969e-05,0.031112849624,0.0593737808451,0.0481264541109,0.0117711815268,2.63229921658e-05,0.136741743813
4.4,0.0213954138192,0.0119432948694,0.0613673155202,0.14883392292,0.229014481929,0.342936892766,0.553136470268,0.357461759672,0.343554021701,1.04908604233,1.07682829553,0.67891062428,3.68342896172,0.951943266166,7.47449879886,16.4455048641,21.4112945025,24.8589593858,26.8568199096,28.2519945422,29.0153701856,29.5006537647,29.6792742867,29.6918422967,29.460896179,28.9536675024,27.8720855453,25.6904550296,20.9887692139,9.67290745862,3.87258119797,0.00584224317565,0.856329457419,0.511272074609,0.129949385252,0.270104891052,0.00754275194576,0.000542415809666,0.0338317261945,0.735260745567,26.2457299908,0.0522301260151,0.0619490658361,0.0619162632612,0.0386067440797,0.0181297252685,0.0312012219259,0.0222657946907,0.108844318536,0.130663132883,0.0799862692503
4.45,0.0179428210626,0.00986594642011,0.0678872369103,0.142321141043,0.246473356141,0.319618901681,0.550782699234,0.465373279784,0.219818601583,1.26363462695,0.778629828464,1.28927228712,3.73091492063,0.000700373307337,10.9606146161,18.8084091882,23.2455836242,26.312109777,28.0609772555,29.2394243789,29.8678977035,30.247623048,30.3920509797,30.4218139012,30.3119409635,30.0681905996,29.5412299683,28.4533672107,26.0177955232,20.4199416729,5.09425154573,4.05137520662,1.39956127299,0.342615741134,0.641847876107,0.148368817857,0.0124940079959,0.01236680275,0.0873256735985,0.0541874124757,2.42320947976,0.0281614823889,0.189985146501,0.00900012401411,0.00205967623904,0.0113255198119,0.0345155549801,0.0204003456123,0.0934341617169,0.0115769253636,0.0532644182781
4.5,0.0145677125496,0.00785472042563,0.0737354401243,0.13349695322,0.259835439592,0.289889968792,0.534587655012,0.572823717362,0.112449218927,1.44622458377,0.465342908176,1.96518479581,3.45911942504,1.47034749384,13.9333519573,20.8634028123,24.8412455199,27.5430590769,29.0437515683,30.0069737075,30.4891111111,30.7526780714,30.8354861585,30.8372396436,30.7676170784,30.6465562256,30.4207244018,29.9696201578,28.9113574529,26.3294412418,19.7456862648,0.666257500468,2.50422753385,1.96553240928,1.11093213729,0.013317328764,0.142866400467,0.0599068215194,0.0179531427855,0.13692804367,0.604285409534,26.0129860055,0.0684267179011,0.140805027326,0.0649120349107,0.0219557750197,0.00382217770616,0.0558395496051,0.0714150621816,0.0624194280773,0.0937533178422
4.55,0.0115673435777,0.00608708638694,0.0784732215095,0.123424185536,0.268319109644,0.257059520622,0.507126163325,0.668902193289,0.0389964606276,1.57640192517,0.203511071926,2.58310218511,2.84836948265,4.74971073948,16.3511422685,22.5649941396,26.1429017642,28.5162393989,29.7851750732,30.5487490542,30.893999691,31.0458578365,31.0582853709,31.0112308645,30.9310084903,30.8398709081,30.7308395313,30.5585910468,30.1575047276,29.0694471275,25.9906654271,17.2986134454,2.48464806153,0.00035744061862,0.0857666470838,0.200531383139,0.000265066086097,0.0159971079458,0.0622696649745,0.028049123602,0.0150241562641,8.02048643378,1.51532566235,0.0377372260749,0.00860791471044,0.0265459109921,0.0283852641413,0.0162097614317,0.000194494980801,0.0758790917743,0.0794259668107
4.6,0.00878562406446,0.00447207218972,0.0823401677099,0.111840977721,0.272429505535,0.22074789846,0.468554680124,0.754755902484,0.00248821450617,1.65725591678,0.0329292216729,3.1184272041,1.85314319962,8.16600719909,18.4714664084,24.0713928193,27.2728447039,29.3290063948,30.3732938935,30.9466116797,31.1607936079,31.2056419828,31.1454371502,31.0408560138,30.92682099,30.82128752,30.7408368374,30.6765435367,30.5824178468,30.2803171225,29.1960279974,25.6256911266,14.3007124217,4.34058323936,1.54317641751,0.960463833731,0.350609988968,0.00659056931772,0.106618199883,0.0632977488511,0.187914018049,0.105449640682,25.9860891435,0.385188345892,0.139364798561,0.0296607594246,0.00204601983958,0.00115709127887,0.0434566598456,0.0800766430655,0.00489910779124
4.65,0.00644818959937,0.00314237243837,0.0850948233644,0.0999677404844,0.272220924378,0.184944786437,0.42362179877,0.82269988028,0.00908980114804,1.68241127573,0.00975815215858,3.50377791483,0.686490368045,11.0327731671,20.2432082453,25.3278410988,28.1930716303,29.9605971235,30.802652822,31.2098154565,31.3099212421,31.2635212241,31.138902017,30.9810564824,30.8272682536,30.6896495412,30.5928582572,30.5403211605,30.5353732278,30.5223202068,30.2817260593,29.0272755959,24.216166514,6.38719907368,2.40407414661,1.28205124169,0.0331712740498,0.154707516333,0.111911537289,0.0948083508399,0.000886921464271,0.206560336455,19.7989726561,2.18127963261,0.0133630159537,0.0602732543051,0.0500718934395,0.0287076566116,0.000381995380764,0.0270152322438,0.0187760859784
4.7,0.00440709916023,0.00201347115785,0.0869265010689,0.087361555967,0.267953835643,0.148560736639,0.371604283534,0.875212731021,0.0591397213397,1.65371261282,0.154971952982,3.74085625074,0.000231872530919,13.5414713355,21.8324989996,26.4436864514,28.9855735506,30.4772537461,31.1289870472,31.3843453522,31.38168941,31.2545526664,31.0719366511,30.8651608219,30.6706604866,30.4942480492,30.3618687784,30.2795087448,30.2698344165,30.3307737511,30.4180397463,30.2688185383,28.8408604048,22.5185555516,0.161905856687,0.0146783007765,0.161954516556,0.738654056561,0.0756811978674,0.0900061196784,0.0830264897252,0.1177364213,0.148869315914,26.1512220281,0.551790135637,0.0592834450998,0.000705775773399,0.00549883763368,0.014232757608,0.0104083179848,0.0356859864974
4.75,0.00281913140367,0.00116948894459,0.0877812783227,0.0752868754156,0.260426815121,0.115458351459,0.318428794817,0.908447498938,0.145846667409,1.5760402916,0.44839464593,3.7992511707,0.998023428177,15.6313208764,23.1800138791,27.3757789888,29.6246551422,30.8701393959,31.3559687463,31.4833477491,31.3957932825,31.2038590776,30.9749038619,30.7292561211,30.5009440157,30.2905526921,30.1218429233,29.9989936865,29.9486687856,29.9852609997,30.1258527532,30.311102252,30.1817532865,28.1362185997,18.2414373972,4.46207705338,2.13286504243,0.637754936829,0.460068839261,0.18893387197,0.0690500960854,0.0512192051151,0.397451943915,25.9664210519,1.27945305941,0.139700711594,0.097314724325,0.041676527676,0.0114974605978,0.00914755719936,0.0637881778615
4.8,0.00155939524046,0.000543320423823,0.0877660716951,0.0631730994185,0.249545472709,0.0843988740238,0.262580130345,0.924414851869,0.267631131437,1.4494973498,0.869943529591,3.66722500896,3.53774302076,17.4986539389,24.3987850727,28.2017158004,30.1672211427,31.1827362317,31.5164660291,31.5305857661,31.3696655047,31.1235535383,30.8561444568,30.578779004,30.3220596397,30.0817743907,29.8781698154,29.7121948085,29.6080188091,29.5823346333,29.67069803,29.8929170361,30.1927806756,30.0907975671,27.2537715533,12.0695076683,2.29317080925,0.313868876721,0.656679646061,0.300641620159,0.0277102025179,0.0511997177481,0.0131993652886,0.9338358095,26.4918490519,0.36851220335,0.000651546082722,0.0163296964782,0.0282864450332,0.0255247605215,0.00215538180211
4.85,0.000711880987308,0.000170508468335,0.0869894910003,0.0521532891906,0.236660187854,0.0583457683966,0.210223859168,0.923023797678,0.409049847238,1.2885691508,1.34446522224,3.34026021395,6.29662032303,19.0865311419,25.4396280615,28.8887252751,30.599897412,31.4134283414,31.6178072987,31.5390676825,31.3197032801,31.0323649133,30.7365536266,30.4369439344,30.1599024252,29.8985286182,29.668586344,29.4683894069,29.3172073547,29.2291735816,29.2402410804,29.3893238963,29.7130694488,30.1253753709,29.8513373408,24.8777180738,0.303084500969,1.13383841228,1.22327968865,0.525452828192,0.149985673302,0.015176593221,0.124181508052,0.327366631564,28.7493907134,0.0906264965753,0.244767997791,0.071494472814,0.0118367850236,2.12056570755e-05,0.0309794499083
4.9,0.000187404357169,7.11063084549e-06,0.0854610398157,0.0416062414355,0.221290331234,0.0360754252954,0.159471898012,0.905152350624,0.570392275793,1.09137640904,1.8523433336,2.78606334494,8.90619763075,20.5356378649,26.3836223975,29.492682837,30.9625348611,31.5892805772,31.6779446257,31.5191498189,31.2511720438,30.9311946485,30.6139931889,30.2988233388,30.0076287794,29.7314252642,29.4813863095,29.2533579124,29.0609563065,28.9138413918,28.8413522548,28.8809310981,29.0924565067,29.5237340174,30.0584615636,29.5121215719,21.4735137612,4.5708712377,1.72301440094,0.162542002904,0.403981494501,0.00113313233457,0.00635760157775,0.0300750813571,1.28659131111,26.9322919663,0.0636227741744,0.0391512989716,0.0560680556928,0.0397296153364,0.0194393643499
4.95,2.47064061783e-06,4.83431716715e-05,0.0834166907322,0.032475195053,0.20514200103,0.0195793761437,0.115502669518,0.873917976254,0.732510122956,0.882041575698,2.32701391113,2.0433615894,11.1226801696,21.7816059765,27.1904793523,29.9932408686,31.2469292211,31.7132594969,31.7051155699,31.482240825,31.1768556743,30.8339081051,30.50292538,30.1790429226,29.8806317702,29.5966394266,29.3349524106,29.0892741828,28.8683223132,28.6775002334,28.5388003772,28.4831132549,28.5662950624,28.8637563382,29.4355708664,30.0560897512,28.484961699,12.0176697266,0.18058374849,0.932626754391,0.240290371127,0.0386443455109,0.00491977001017,0.127721238047,0.0718684112748,29.1530588406,0.384368397374,0.193411269504,0.0155000473813,0.000721855421608,0.0104371732441
5,0.000111811137777,0.000276444784284,0.0807625336287,0.0241491734685,0.187431713717,0.00777968802107,0.0764048786015,0.828771671944,0.899719144261,0.659231487823,2.77115313927,1.13029475757,13.1179944796,22.9303909373,27.9227011755,30.43042676,31.4807252428,31.8011296627,31.7078342963,31.4310748864,31.0960870553,30.7368504597,30.3976164519,30.0705642259,29.7700551297,29.4842498116,29.2171559806,28.9612664169,28.7204317559,28.4962861605,28.3029987065,28.1626524196,28.1188275703,28.240882996,28.6259088787,29.3515916172,30.0189827577,26.754564433,0.436327883616,2.13825354107,0.0788030294956,0.240446793225,0.0550279749139,0.0104878994,0.172207470382,0.560158338551,27.3555390808,0.0348874752458,0.121196535363,0.0664375742555,0.0239889760162
5.05,0.000474434200709,0.000652100057881,0.0778362648682,0.0173345518932,0.169975659301,0.00152251453316,0.0459451714473,0.775150976751,1.05442917935,0.452714406764,3.14065981221,0.312376226299,14.818291518,23.9266840924,28.5470956582,30.789541549,31.6612312317,31.8573591115,31.6940495466,31.3752346651,31.0188004509,30.6498181576,30.3075801834,29.9821997453,29.6842842848,29.4018170646,29.1353659853,28.8769941126,28.6264218475,28.382648695,28.1533058921,27.9532412078,27.8144365181,27.7924903973,27.9778605818,28.5006797146,29.422527684,29.837625339,21.6207381964,3.5080165438,0.0765579719413,0.000160792111998,0.00717294205364,0.0609255829301,0.05311922709,0.0353389354612,28.2715308621,1.22110108801,0.0506809438914,0.00400274218346,0.0239183401274
5.1,0.0010878431469,0.00118329273329,0.0744614163237,0.0114917762658,0.151792489042,0.000120348718169,0.0223887468555,0.711241993548,1.20295264518,0.26401627068,3.44887528554,0.0146130191559,16.3695013854,24.8479365,29.1126753872,31.1010907651,31.8060470257,31.8905103519,31.6665929643,31.3136857727,30.9415808146,30.5680215322,30.2270933871,29.9075284023,29.6164163636,29.3418512014,29.081382763,28.8267903689,28.5742937858,28.320738649,28.0679548529,27.8241481164,27.609786487,27.464379493,27.4582613424,27.7090325898,28.3755075942,29.4984284157,29.2777757246,12.0962682674,0.548101137308,0.805370007632,0.016476421241,0.129481015372,0.0665781870684,0.259374619946,0.0646773278933,27.4780582361,0.287594606642,0.1360601041,0.0330057874786
5.15,0.00186314561257,0.00180259074275,0.0710198860815,0.00709036252105,0.134685641174,0.0033318132948,0.00769584288723,0.644162052954,1.33190405883,0.121702601067,3.67022108839,0.721322071725,17.7087930469,25.6512603736,29.5935580109,31.3551012529,31.9151589813,31.9057251794,31.6327598942,31.254131092,30.8721406793,30.4982430753,30.1619807402,29.8512728608,29.5698703939,29.3063607651,29.0556671413,28.809714924,28.5619235788,28.3078203969,28.0447964775,27.776183879,27.5135515122,27.2838174882,27.1387122469,27.1724687359,27.5354002229,28.4334782407,29.7269242903,26.8947250202,4.27633814562,0.564980757571,0.281130048416,0.122531821786,0.118458522972,8.27008272329e-05,0.364023775121,26.8971588356,1.22136941563,0.00481854907263,0.0522372480492
5.2,0.00284218647625,0.00254639648137,0.0672685179931,0.00369015812617,0.117455610563,0.010968787984,0.000589436356947,0.57078403883,1.44846998065,0.0285286373029,3.81735682631,2.37018353674,18.9530465194,26.3940958312,30.0287255502,31.5741754438,31.9996996511,31.9066614127,31.5920045235,31.1937525749,30.8061235717,30.4358275506,30.1075285365,29.8087077877,29.5402466698,29.2912310736,29.0542985784,28.8218024278,28.5847444816,28.3378983373,28.0749274382,27.7951662288,27.5024884438,27.2123636206,26.9588928634,26.8086364592,26.8785179174,27.3667721009,28.5058441149,29.8142745618,21.8488407457,1.07883531162,1.32615133113,0.104770921812,0.131531884957,0.106384356155,0.169653121523,1.5432829498,26.7838660224,0.443141654581,0.0636020188245
5.25,0.003899902906,0.00332504049081,0.0636253133078,0.00151488081295,0.10184590239,0.0219166564152,0.00124766858346,0.499000885207,1.54308768925,8.60262140982e-05,3.87818549811,4.31978398858,20.0367343179,27.0435001753,30.3981984561,31.7515889831,32.0613400638,31.89863585,31.5508197595,31.1387155689,30.7494013895,30.3852417303,30.0668849702,29.7816536517,29.5275836134,29.294611499,29.0733330363,28.8567093483,28.6340357257,28.3995922019,28.1445622777,27.8655251161,27.5606871179,27.2371858394,26.9159461742,26.6422817163,26.5037326537,26.6589793683,27.3599088766,28.860343359,29.2936738337,2.0599527217,2.06513691611,0.770479988762,0.250988249089,0.103270134839,0.0539600108034,0.61216218712,25.4237027183,0.457213648816,0.112069583661
5.3,0.00511621855872,0.0041975360571,0.0597828698463,0.00028425497182,0.0866014138358,0.0365725290105,0.00913443705312,0.424986727825,1.62243152909,0.0380222665946,3.85642661352,6.33331069944,21.0516284782,27.6465150868,30.7310497861,31.9030403404,32.1064001551,31.8822064255,31.5069200015,31.0855854966,30.6977477596,30.3426655168,30.0366315011,29.76728035,29.5299034181,29.3153987797,29.1125382566,28.9150884556,28.7108823699,28.4943275326,28.25468396,27.986621991,27.6838440526,27.3464164284,26.9840121651,26.6228883392,26.3221318548,26.1943626085,26.4389952834,27.3836622128,29.2008175991,27.0751411437,4.55763018333,0.820997150279,0.457816019661,0.0543772420388,0.0773325885461,0.0195230212375,2.40322470103,24.4412680467,0.298705188781
5.35,0.00633463993629,0.00505913019727,0.0561833058697,1.10979602897e-05,0.0732108454776,0.0530926342391,0.0228543416838,0.356504917455,1.68078650086,0.137020004933,3.75428580088,8.12384363756,21.9412620469,28.1723230408,31.0135763706,32.0254698697,32.1374193351,31.8625023598,31.4659825223,31.0393212116,30.6554123312,30.3108578149,30.0181203677,29.7651903922,29.5449362789,29.3491754545,29.1650926641,28.987377566,28.802706368,28.6061486348,28.3853489878,28.134308595,27.8435116407,27.5083427171,27.1301721949,26.721283691,26.3201164788,26.0045636836,25.9254531446,26.3559147648,27.700037006,29.6557872402,16.8882315178,2.04492788539,0.789467560601,0.224142600705,0.0312651289895,0.155853389664,0.405472994379,24.0728077629,0.0027270607924
5.4,0.00766763009553,0.00598655500201,0.0524802135294,0.00055952501763,0.0605143108655,0.0724105436346,0.0427503908301,0.289344865179,1.72320558594,0.297250560528,3.56391981421,9.79656453277,22.7798629895,28.6610758604,31.2677945311,32.1289073216,32.1575404065,31.8383177851,31.4248854073,30.9963286649,30.618873206,30.2868778425,30.0092090504,29.7742917639,29.5726551878,29.3971075368,29.2334412496,29.0772570855,28.9144871431,28.7408588044,28.5434705708,28.3160647994,28.0471355777,27.7285307451,27.3549022935,26.9268020792,26.4648655429,26.0152175877,25.6822229475,25.6611505383,26.2970356598,28.0792301488,29.3060666495,2.54114468493,0.00307921467074,0.604490507834,2.0592817745e-05,0.0152568387587,0.0480993720612,0.684268866653,19.1187582772
5.45,0.00894100180382,0.00686632946595,0.0491027490258,0.00176513015358,0.0497236332013,0.0923253666473,0.0661684714878,0.230373261274,1.74765380112,0.495445047039,3.30214876303,11.2406832478,23.5165712172,29.0866593519,31.4835520417,32.2123480779,32.1697888675,31.8144001852,31.3885025064,30.9606392866,30.5909112243,30.2721433503,30.0097182964,29.7926184427,29.6092056144,29.4532165709,29.3091751347,29.1734993899,29.0317782418,28.8803583675,28.7066524431,28.5041206163,28.2608643372,27.9664121416,27.6112867287,27.1873541059,26.7021703638,26.1789809589,25.6888320056,25.3695038671,25.4868036302,26.5149156367,28.8820381083,24.5964866361,0.119009125121,0.248710156908,0.0669665391186,0.00182300303065,0.171770224323,0.0272581551698,22.9091063851
5.5,0.0102970063888,0.00779190550955,0.0456764981595,0.00364843923475,0.0397170481176,0.11421622456,0.0944053853467,0.175152169386,1.75710562544,0.735321893845,2.95015906569,12.5870103763,24.2142893026,29.4833520818,31.6779281936,32.2824471055,32.1751498325,31.7885211457,31.3533872397,30.9288218863,30.5686978171,30.2647180173,30.0187611123,29.8205001367,29.6561637038,29.5203829371,29.3964954827,29.2817889361,29.1615836032,29.0331590618,28.88435607,28.7094578972,28.4971633663,28.2358097974,27.9131278369,27.5146986553,27.0368132922,26.4830835811,25.8950199431,25.3583533554,25.0591071358,25.3452344082,26.8086206672,29.4638946646,9.51114869837,1.0194163736,0.31839862471,0.0565188819097,0.00813983947123,0.255575024881,1.55944801712
5.55,0.0115419916522,0.00864039188842,0.0426342205605,0.00589779825083,0.0315188829906,0.135551452859,0.124001059695,0.129500910434,1.7525055107,0.985166234863,2.54332783754,13.7505146256,24.8286676115,29.8286515831,31.842736344,32.3391024427,32.1768229321,31.7649954578,31.3237989137,30.9040301234,30.5541479599,30.2648716824,30.0350382097,29.8548483734,29.7086020044,29.5915791366,29.4861704763,29.3902272284,29.2889532636,29.1806606204,29.0538004334,28.9042903103,28.7212060798,28.4938000307,28.2083761153,27.8468515718,27.3974044648,26.8488544088,26.2211498247,25.5622456182,25.0041413951,24.7974172845,25.4202143734,27.6380946421,28.4156463947,2.38887932513,0.0567851468251,0.0060487674453,0.0679786644627,0.074011219822,0.217265484524
5.6,0.0128433259778,0.00951580029774,0.0395904045665,0.00867319260504,0.0241320886167,0.15815840829,0.156964755157,0.089280804747,1.73462669268,1.25538675398,2.05893349001,14.8437132315,25.4120482813,30.1504754714,31.991445035,32.3864091667,32.1743380153,31.7412631253,31.2964494311,30.8833219494,30.5450790759,30.2716103378,30.0586849128,29.8971257544,29.7691779591,29.6708564722,29.5833549613,29.5051562798,29.4215065109,29.3315075408,29.2248482071,29.0989964619,28.9451274836,28.7541805163,28.5130522379,28.201966416,27.8031153858,27.2933607779,26.6736407729,25.9577912633,25.2300684481,24.652810719,24.5635409723,25.5959860364,28.5179679953,21.0196032812,2.40716680093,0.00380525290896,0.162514908972,0.077223229855,0.358919184332
5.65,0.0139971957188,0.0102939926376,0.0369521667917,0.0115495364168,0.0183044524029,0.179348176349,0.18935524036,0.0583469314703,1.70709563494,1.51398274389,1.55722492847,15.7938379121,25.9254122796,30.4306720615,32.1179331239,32.425147812,32.1709420644,31.7210922167,31.2746774396,30.8690281874,30.5425101771,30.2843538068,30.0876065636,29.9434525509,29.8324591928,29.7507802162,29.6787978725,29.6152409135,29.5453334011,29.4687680834,29.3767807788,29.2684310254,29.137520464,28.9773047601,28.7772405246,28.5174109035,28.177586812,27.7262554373,27.1485012414,26.4334711699,25.6284747981,24.8367840734,24.3024225877,24.4935562204,26.27429097,29.4257780859,5.02362241889,0.85894417783,0.168451865784,0.149470388736,1.6439917411e-05
5.7,0.0151864993598,0.0110904502127,0.0343346639711,0.0148145865436,0.0132178669902,0.20126794146,0.223980002372,0.0334192601296,1.66852002473,1.77805927433,1.02741824967,16.6932034057,26.4143456828,30.6926438367,32.2324777836,32.4575384224,32.1652762706,31.7016406833,31.2556066705,30.8588015205,30.5449954538,30.3029175872,30.1228048541,29.9961064675,29.9018994431,29.8359507236,29.778143101,29.7267719375,29.6673248015,29.5998477972,29.5171113556,29.4201156133,29.3056592442,29.1711359618,29.009779563,28.8047768906,28.5357866514,28.1666684211,27.6688893022,27.0100252795,26.2017316575,25.2943208623,24.4502546394,23.9822411961,24.5166054641,27.1509694087,26.8928309671,1.60352508367,0.292116078114,0.17709765257,0.135097606991
5.75,0.016204235352,0.0117767304776,0.0321216968091,0.0179566635391,0.00940009589673,0.22121308239,0.256536777934,0.0166119861483,1.62449214813,2.01785531045,0.564477192765,17.4778455901,26.8444253544,30.9207427381,32.330824125,32.4848661369,32.1607013806,31.6861934324,31.2418217703,30.8542577166,30.5528077568,30.3259915193,30.1614215877,30.0509781243,29.9715506325,29.9193138985,29.8727149528,29.8296808001,29.7757868569,29.7109676363,29.6295141462,29.534028297,29.425189843,29.3044449491,29.1695111342,29.0099994717,28.8069921558,28.5243361244,28.124611427,27.5566456585,26.8045810855,25.8745926725,24.8735271475,24.0141736921,23.7554141648,24.9923907841,28.7838162732,0.00291317990915,1.45388914609,0.350718187909,0.136129256514
5.8,0.0172393871481,0.0124728805887,0.0299311681922,0.021370335911,0.00620678906927,0.241506350357,0.290409860197,0.00548199478257,1.57180813402,2.25398450366,0.191446513734,18.2256627709,27.2546886059,31.1346585235,32.4203226234,32.5080078648,32.154949925,31.6722052691,31.2309331539,30.8535263748,30.565206502,30.3541631109,30.205385253,30.1107148005,30.0455805418,30.0053590799,29.9675391364,29.9292842158,29.8757309043,29.8064828861,29.7172901691,29.6121888097,29.4956060718,29.3741611606,29.2520584722,29.1270799862,28.986121466,28.798713574,28.5209987176,28.0905732613,27.4613983877,26.5986081006,25.5535706267,24.4516689813,23.6095514479,23.6303750119,25.6969836987,29.1102773385,0.155670464505,0.852474926443,0.0741209399592
5.85,0.0180776558231,0.0130468145502,0.0281453939184,0.0244601822038,0.00398420210777,0.259361991575,0.321080688488,0.000622345113434,1.51794639318,2.4609413602,0.0125018640559,18.8763509293,27.614317624,31.3208830886,32.4978796044,32.5286221972,32.1515673227,31.6625573251,31.2250197483,30.8577156855,30.5818653223,30.3855143441,30.2512231375,30.1708733894,30.1179846255,30.0873950955,30.055156263,30.0172215977,29.9582930561,29.8769912841,29.7702181871,29.6429010583,29.503372775,29.3631215599,29.2330367739,29.121160459,29.0219229407,28.9152890402,28.7570882361,28.479770833,28.0122369174,27.2835292174,26.2933884489,25.1033729475,23.9400047471,23.2305808,23.8584685997,27.4215763654,15.729042062,0.827664891419,0.298069622518
5.9,0.0189319940386,0.0136255647711,0.0263745917137,0.0277476497123,0.0022411421699,0.277361501963,0.352485152001,0.000608535592585,1.45749606959,2.66021918377,0.0607823191155,19.5016715855,27.9587304621,31.4962299218,32.5691200118,32.5465752304,32.1479621951,31.6544833694,31.2218689851,30.8654280367,30.6025792141,30.4211934018,30.3014205128,30.2348479379,30.1931411532,30.1700110943,30.1403093918,30.0977692998,30.026662746,29.9236344736,29.7865965241,29.6207026281,29.4379942454,29.2550649662,29.0901538808,28.9636703003,28.880251234,28.8371699322,28.7960205496,28.6958611461,28.444488686,27.9391368214,27.1199453462,25.9808608371,24.6639269037,23.4523326224,22.9491571273,24.3518568895,28.9864654736,4.16657139986,0.843468740283
5.95,0.0195802287487,0.0140782180463,0.0249860527754,0.0305717347447,0.00116468632314,0.292726060323,0.380007724548,0.00464822361264,1.39946712892,2.82977371552,0.339281541948,20.0435045121,28.2596897238,31.6492958179,32.6318461065,32.5638025268,32.1472623739,31.6508976501,31.2233629289,30.8772439336,30.6265758887,30.4590442233,30.3523811401,30.2977954709,30.2653308282,30.2470627121,30.2163976855,30.164668652,30.0751587409,29.9420974378,29.7638152813,29.5449095066,29.3011176984,29.0528593558,28.8254822941,28.6519568577,28.5483843413,28.5316535124,28.5753428067,28.6349489019,28.6078576796,28.370412097,27.8038093259,26.833982872,25.5279328525,24.0749824056,22.9254008729,22.9315279201,25.843743177,24.4844243533,0.00827076219685
6,0.0202338127458,0.0145331429755,0.023620162424,0.0335127994773,0.000434748271044,0.308045284052,0.407761449911,0.0124924244594,1.33698610546,2.99055283842,0.840470369687,20.5649304494,28.548719452,31.7939569498,32.6900524886,32.5794980035,32.1469677557,31.6490044109,31.2274166937,30.8922980732,30.6541470745,30.5004459819,30.4066793901,30.3635545221,30.3387850762,30.3229868573,30.2874522961,30.2206765555,30.10433103,29.9293680815,29.694108078,29.4018145488,29.0704766181,28.7248694866,28.3971826098,28.1327489204,27.9604264804,27.9218605377,28.0061065523,28.2015003249,28.4076280545,28.5008450067,28.3043578216,27.6685210817,26.5583231601,25.0666449426,23.5194618811,22.4926732086,23.170733287,27.7182770626,3.98826080072
6.05,0.0206723972552,0.014858503684,0.0226191636618,0.0358763274754,0.000104174492186,0.32061260732,0.431177453891,0.0221698239036,1.27990085152,3.1233856881,1.44250961684,21.0149388707,28.799463302,31.9204032581,32.7423295413,32.5957315723,32.1500315245,31.6513882523,31.2356309445,30.9107467521,30.6841495836,30.5430243745,30.4607896975,30.4273225122,30.4082245561,30.3923100886,30.3486487944,30.2621503291,30.1127963491,29.8874946344,29.5841346096,29.2038857417,28.7660921783,28.2995745969,27.8417029478,27.4491640388,27.161118867,27.0477207135,27.1102916434,27.3803899573,27.7680566279,28.1768552663,28.3903237579,28.1967000049,27.4378113748,26.1042562935,24.4281544317,22.8439824148,22.2191586341,24.3309447511,28.3938677214
6.1,0.0211126861762,0.0151870132502,0.0216204371593,0.0383046847971,4.73680773409e-08,0.333159470578,0.454650610619,0.0345992357236,1.21987632418,3.24827130671,2.15696054065,21.4494579892,29.0409767069,32.0408667971,32.7915462664,32.6112255725,32.1538200093,31.6555417599,31.2463202914,30.9320767167,30.7172286366,30.5887436301,30.5176339448,30.4927501751,30.4780024378,30.4588846591,30.4026561999,30.2897539406,30.0978562475,29.8089698976,29.4195284086,28.9273202133,28.3545773364,27.7300601742,27.0950274445,26.5218690758,26.0551798779,25.7912344306,25.7533734415,26.0148564464,26.5158521566,27.2108691759,27.8754106751,28.2712403875,28.0978462578,27.1954724187,25.65709699,23.800112116,22.2669395657,22.2110812201,26.0478074147
6.15,0.0213335713066,0.015384216381,0.0209694739611,0.0400742396546,7.25961258554e-05,0.342920603707,0.473546987712,0.0468591030665,1.16766144213,3.34855620713,2.83599178491,21.8196976618,29.249576274,32.1462229055,32.8367571975,32.6281257528,32.1611670229,31.663736685,31.2606229084,30.9561522548,30.7519971458,30.6347756256,30.5733824793,30.5557017017,30.5430603984,30.5185572692,30.4466594124,30.3030929008,30.0628763321,29.7025621994,29.2168763904,28.6004907821,27.8745721976,27.0705294079,26.2332592331,25.4414817722,24.7507109169,24.278341717,24.0657493663,24.2331269286,24.7446717907,25.6226233386,26.660457732,27.6487050826,28.1796346817,27.9324845246,26.7950237999,24.9698130315,22.9970613915,21.7414578902,22.9661642376
6.2,0.0215535768201,0.015578717102,0.0203206567832,0.0418718825787,0.000272913870164,0.352592789348,0.492374185237,0.0608624764157,1.11394749233,3.44191676372,3.54584574095,22.1781366679,29.4503731971,32.2469897845,32.8799727532,32.6448687477,32.1695226171,31.6737012521,31.2771956251,30.9828031586,30.7894836965,30.6833336727,30.6311764564,30.6195618467,30.607287897,30.5743244983,30.4819310291,30.300365174,30.0016245961,29.5553254363,28.9547790641,28.1894572273,27.2798600084,26.2577805785,25.1696549259,24.0990337091,23.1090718495,22.3420162113,21.8480729728,21.805661581,22.2003150354,23.1391472027,24.4489035828,26.005236226,27.3611931175,28.0881564823,27.7659534957,26.3667530815,24.3050233576,22.2731436248,21.4761395319
6.25,0.0215523909019,0.0156443481438,0.0200002062063,0.0429698067826,0.000477861072703,0.359534638176,0.506601703162,0.0730732322415,1.06962702131,3.51444970066,4.15865452931,22.4785581601,29.6220208808,32.3356391218,32.9206318943,32.6635979979,32.181456096,31.6874015254,31.2969316654,31.0116096318,30.8279520978,30.7316434408,30.6874613077,30.680349599,30.6668624902,30.6232178443,30.5077547687,30.2847649144,29.9227004921,29.3844105394,28.6609328226,27.7363552794,26.6305989648,25.3730505316,24.0099764617,22.629552976,21.293727489,20.1688185686,19.3094612721,18.960325796,19.1252548051,20.0005926058,21.4355858781,23.4078789529,25.4841231474,27.2524135654,28.0312674679,27.454932807,25.6925045314,23.3708778161,21.5036965681
6.3,0.0215539700372,0.0157117016415,0.0196776613112,0.0440876630454,0.000742167490003,0.36639232989,0.520786917755,0.0863697317305,1.02451196455,3.58189119526,4.77252449108,22.7706624346,29.7883108143,32.4209866141,32.9600843774,32.6824963128,32.1944806673,31.7028024922,31.3187356679,31.0427138026,30.8687541512,30.7821710787,30.7453647461,30.7415429287,30.7249002831,30.6673148282,30.5237539333,30.2516952651,29.8157589371,29.1712950082,28.3055405803,27.1974013892,25.8648417975,24.3335810337,22.6423930204,20.8830678485,19.1071934391,17.4975547767,16.1228772806,15.2873918993,15.040259823,15.6875407018,17.1035449427,19.3746470444,22.0702887598,24.9033118491,27.0964056452,27.9585541589,27.1175926408,24.992368882,22.525192294
6.35,0.0213336284334,0.015644074859,0.0196825837943,0.0444618487913,0.000894580180179,0.370501102019,0.530276648874,0.0965495170216,0.990123034518,3.63169712581,5.26763587525,23.008930216,29.9278062361,32.4959898314,32.9980619263,32.7038368652,32.2111130365,31.7216738466,31.3432838127,31.0754561193,30.9100487329,30.8318136532,30.8011728279,30.7994785903,30.7782451167,30.7051794267,30.5315977397,30.2081021416,29.6952256506,28.9401344374,27.9275292097,26.6299075197,25.0616753601,23.2431534629,21.2018342414,19.0233890491,16.7425492907,14.5453639668,12.5037285601,10.9916389612,10.1283101469,10.3720680265,11.6457864541,14.1484526668,17.3711649035,21.1215477866,24.6348354578,27.1947097197,27.8502641026,26.4990777692,23.9790103995
6.4,0.0211133235511,0.0155793184391,0.019677098079,0.0448320035235,0.00106367223675,0.374582080073,0.539633515025,0.107257925329,0.955301756357,3.6779943521,5.75525578592,23.2409061406,30.0632942728,32.5687948527,33.0353982152,32.7256333652,32.2288564047,31.7421552827,31.3697252058,31.1102410239,30.9533880878,30.8832544358,30.8582784417,30.8573876662,30.829638847,30.7377279599,30.529104592,30.1464495042,29.5460436264,28.6664971997,27.4896779939,25.9775366413,24.1455111551,21.9964567465,19.5427105036,16.8517381908,13.9120203162,10.8951853719,7.87458546216,5.35629692228,3.59005225011,3.10015072375,3.80064980368,6.30069806063,10.1457398574,15.0001890581,19.8907331967,24.3561585308,27.2324186686,27.6663971003,25.8435783985
6.45,0.0206728412515,0.0153846578007,0.0199998013733,0.0444624150218,0.00106572168215,0.375985094847,0.544383578707,0.114028788976,0.931706440069,3.70985667616,6.12337368322,23.4229133302,30.1747389448,32.6328042854,33.072034,32.7500314484,32.250143239,31.7658219781,31.3985167673,31.146238955,30.9967656133,30.9335514863,30.9130202531,30.9119989146,30.8767263006,30.7650008054,30.5201756689,30.0773668821,29.3882779906,28.3830076036,27.0393951056,25.3119452639,23.2092604151,20.7174689005,17.8222717465,14.5496714658,10.8206907723,6.79824592236,2.81858434403,0.415679590275,0.0356057680886,0.310656165861,0.345653207845,0.00964991263689,1.05710159819,6.32422618546,12.9886003182,19.4086684276,24.5623400043,27.4787350109,27.2629126442
6.5,0.0202343314379,0.0151873018782,0.0203195563336,0.0440890951957,0.00106392521359,0.377320759679,0.549007005969,0.120821133063,0.908159131189,3.73955007243,6.48154580451,23.5994088648,30.2828657342,32.6952340415,33.1084380646,32.7751119645,32.2726183838,31.7910021823,31.429038114,31.1840374908,31.0419037787,30.9853285652,30.9686105787,30.9663592016,30.9215453766,30.7867706032,30.5009344213,29.990612066,29.2024898602,28.0581204108,26.5314121711,24.5676154411,22.1615658398,19.2796618906,15.8553761463,11.8492771025,7.08536924604,2.16466519088,0.00580736629687,1.19162552422,2.53325820712,3.25959722649,3.57173439817,3.38420609431,2.62079962527,0.702156271714,1.68358869829,10.6643473335,18.6858715489,24.7595942173,27.5837429699
6.55,0.0195811811475,0.0148588875682,0.0209689239132,0.0429714278157,0.00089501555178,0.375988856561,0.549035495037,0.123150469744,0.896199666881,3.75710478037,6.72266250271,23.7282286108,30.3684962936,32.7500165734,33.1446798312,32.8029620771,32.2984735981,31.8191428352,31.4615814975,31.2226911657,31.0867385531,31.0356612028,31.0218663468,31.0175067136,30.9626590755,30.8045492926,30.477659584,29.9000596765,29.0143072166,27.7327393853,26.0250621345,23.8244649886,21.1129363633,17.8231930162,13.8205608709,8.967227767,3.21746885616,3.70258286836e-05,1.65953960462,3.34367453518,4.29284597152,4.72920633487,4.92680041739,4.96822754038,4.88199769638,4.40273579014,2.87886557225,0.0275839812223,9.31069843861,19.0977321308,25.4877525383
6.6,0.0189329152257,0.0145337289044,0.0216192083019,0.0418750443003,0.000742774180854,0.374589721418,0.549017508609,0.125472075253,0.884425984726,3.7736227999,6.95862972077,23.8532582203,30.4518393267,32.8038210885,33.1809653042,32.8315322133,32.3255013034,31.8486991061,31.4956938691,31.2629650905,31.1331178687,31.0872850801,31.0758320224,31.0682614978,31.0014544273,30.8168453454,30.444172772,29.7926712601,28.7996820552,27.3678967086,25.4631024125,23.0060263355,19.9543716786,16.1907944224,11.4881065595,5.60294861727,0.263780947134,1.37377478469,3.51520153568,4.57666679992,4.98890604209,5.05484847573,4.99366655726,4.95995255156,5.0082829351,5.15236493633,5.17779297898,4.40039824423,0.935027321253,7.83687234552,19.2670768622
6.65,0.0180788314129,0.014078831848,0.0226179994578,0.0400776656972,0.000478475066185,0.370514536321,0.544402945987,0.123163333092,0.884386661766,3.77944442436,7.08032083043,23.9321313562,30.5137323226,32.8506776044,33.2174365797,32.8629584622,32.355826702,31.8809568327,31.5315553608,31.3037977595,31.1789402191,31.1372997525,31.1273882187,31.116137345,31.0373350774,30.8267755918,30.4093857886,29.6860553533,28.5887493401,27.0123384921,24.9162402182,22.2056813369,18.8097804024,14.5489844038,9.06692750792,2.38460965016,0.427464076086,3.02652261059,4.50724414147,4.99118660438,4.94413192408,4.65362038003,4.29099616856,4.05118142565,3.97908646877,4.20796663511,4.65175769407,5.17551766721,5.04054596272,1.77010986448,8.14421657107
6.7,0.0172404283273,0.0136263744918,0.0236185567325,0.0383092161592,0.00027348145947,0.366409538568,0.53966304582,0.120845780211,0.884378267054,3.78457190094,7.19799749283,24.0085082236,30.5737833534,32.8968672444,33.2541150637,32.8951530695,32.3872622762,31.9145600965,31.5688596212,31.3461080871,31.2261359429,31.1884047516,31.179516271,31.1635225254,31.0709570406,30.8314254147,30.3650224195,29.5635806128,28.3541856911,26.6215745967,24.318141661,21.3329315424,17.5517052976,12.7105952206,6.30761699054,0.191990501643,1.99348496519,4.15337696146,4.94120294861,4.90319262289,4.41539109488,3.7578458756,3.07304775696,2.57623314843,2.28109445129,2.34998705736,2.74858014197,3.6150760786,4.68844719774,5.31469514223,2.8211010979
6.75,0.0162052300451,0.0130473364371,0.0249838064055,0.0358814508453,7.29572841349e-05,0.359556820386,0.530313392489,0.114065377315,0.896105047564,3.77950348691,7.20302385685,24.039554476,30.6129723865,32.9365079675,33.2911698587,32.9301981606,32.4219063928,31.9506929186,31.6076812728,31.3887304244,31.2725706621,31.2378207155,31.2293294468,31.2084419154,31.1025874718,30.8355838833,30.3226044622,29.4467047793,28.1306915791,26.2488950324,23.7482815769,20.4923868459,16.3262607898,10.8660801309,3.61316894316,0.292587681577,3.26235021489,4.72704466494,4.95585497747,4.48083958261,3.61604147885,2.65696598088,1.75587877641,1.12856959669,0.740849900359,0.644858297131,0.774153845364,1.33755886123,2.4416874279,4.11814972646,5.34643611268
6.8,0.0151882908583,0.0124737422035,0.0263718323154,0.0335179825437,7.85656094982e-08,0.352618722419,0.520834934453,0.107305336263,0.908017437276,3.77374407073,7.20099837814,24.0676942328,30.6505157658,32.9755353241,33.3285080738,32.9660522333,32.4576514615,31.9880910771,31.6478411189,31.4326745159,31.3202470606,31.2881753142,31.2795725895,31.2528696404,31.1321439915,30.8350390928,30.2715717829,29.3161032185,27.8864190025,25.8470596493,23.134859079,19.5830685165,14.9835322997,8.80168799704,1.17368121883,1.53089565068,4.14857271401,4.95608355659,4.68001220893,3.79515605065,2.60040054554,1.45766085986,0.582136086784,0.145256189786,0.00623684596615,0.00517090700228,0.00976393037509,0.00587955695699,0.206281541076,1.21120860082,3.26538055069
6.85,0.0139983001363,0.0117774562174,0.0281427348446,0.0305778314073,0.000103610548484,0.34295060693,0.506658904759,0.0966055314933,0.931518967743,3.75729344986,7.08629617977,24.0506846194,30.6673457793,33.0081325274,33.3662748381,33.0047328384,32.4964859562,32.0278765523,31.6893410274,31.4767870635,31.3669961608,31.336796059,31.3276675781,31.2953172561,31.1607149507,30.8356497331,30.2253469825,29.1955261824,27.658929596,25.4713925907,22.5575677104,18.7228428838,13.6843778115,6.76358848553,0.0500736889725,2.68235992217,4.64334348785,4.91951673093,4.2233991329,3.00452376431,1.6148275418,0.540938033502,0.0356275424512,0.0597549454529,0.322040603394,0.558087157893,0.693857727453,0.615910159128,0.360716395501,0.0198791018589,0.430138340709
6.9,0.012844681441,0.0110912804724,0.0299281382631,0.0277542765082,0.000433416470746,0.333195169195,0.492439906794,0.0864338183331,0.955070042212,3.73981078402,6.9675409534,24.0306905063,30.6827883024,33.0402861777,33.4043151567,33.0441688755,32.5363470028,32.0688430115,31.732091267,31.5221238712,31.4148890499,31.3863485638,31.3762028961,31.337360825,31.1874749382,30.8321277029,30.171424453,29.062019052,27.412687669,25.0684231283,21.941545727,17.7998043706,12.2593329209,4.5547113107,0.321509206476,3.59810266609,4.89583395718,4.68814738245,3.601270081,2.1178117757,0.729774517361,0.0451998651035,0.132581135405,0.59422490778,1.10343051783,1.46286302349,1.69385923679,1.73861367931,1.6248470338,1.21740835356,0.510916623677
6.95,0.0115440851912,0.0102952818799,0.0321180401246,0.0244670485723,0.00116226598125,0.3206514619,0.473622602844,0.0731419379554,0.989849428917,3.71020320724,6.73442247776,23.9650899285,30.6772433427,33.0658594676,33.4427064972,33.0863655308,32.5792141955,32.1120714096,31.776051808,31.5674956853,31.4618308356,31.4341428929,31.4227690533,31.3779368618,31.214252618,30.8316235275,30.1252681524,28.9436244519,27.1906621529,24.7007381727,21.374035169,16.936009696,10.8958057454,2.59803432979,1.20983078233,4.19320651031,4.94638432729,4.33761942378,2.93443900392,1.32213072024,0.188060016852,0.0608360230011,0.607944027244,1.25573735615,1.79047898218,2.12573678679,2.33141046257,2.41528453254,2.4241777293,2.29493089657,1.93967303498
7,0.0102987254898,0.00951683022486,0.0343306266446,0.0213772029469,0.00223751795445,0.308089361371,0.454734763603,0.0609330674331,1.02419688438,3.67843127681,6.4960808148,23.896770853,30.6697432282,33.0908287995,33.4812866676,33.129266374,32.623061723,32.1564278282,31.8211995335,31.6140386247,31.5098220283,31.4827920445,31.4698170855,31.4182344721,31.2395587412,30.8276296661,30.0727042431,28.8153492441,26.953670612,24.3122834088,20.7745521663,16.0106016929,9.41593617283,0.946769629843,2.19827265455,4.59741460961,4.85331997426,3.86759648058,2.20640346092,0.632315518868,1.46659093401e-05,0.420425315545,1.20716488408,1.85418250229,2.28771493618,2.50815951116,2.6051460782,2.63516480406,2.65200958817,2.6751668687,2.66464108523
7.05,0.00894257576578,0.00864082304209,0.0369478647511,0.0179635439673,0.00397898219044,0.292773953531,0.431270893039,0.0469291157331,1.0692765767,3.63224172561,6.14051824105,23.7817579345,30.6405595196,33.1088056457,33.5200152352,33.1748219743,32.6698379075,32.202968743,31.8674726774,31.660532964,31.5568029262,31.5298026575,31.5150719671,31.4575594118,31.2658380037,30.8283351858,30.0306608058,28.705558829,26.74611063,23.9663147037,20.2316378457,15.1634946945,8.01613015628,0.123037485859,2.96671697808,4.81637912201,4.66344698992,3.36663082846,1.54671377922,0.202234216536,0.128882307535,0.889775527,1.71098576613,2.25166992373,2.52932175691,2.59707568092,2.54625499103,2.46540988615,2.40306803396,2.43007985868,2.53325884652
7.1,0.00766930934784,0.00779269933534,0.0395857896337,0.0148213527952,0.00619988445333,0.277414229696,0.407862827732,0.0346659494841,1.11356295503,3.58255288117,5.77488797607,23.6625960349,30.6089195795,33.1256714663,33.558772998,33.2210021147,32.7175747154,32.2506129508,31.9148905656,31.7081381281,31.6047944787,31.5775850024,31.5607888345,31.4967521071,31.2910183189,30.8264039528,29.9835452771,28.5874338038,26.5258751017,23.6006651125,19.6596492207,14.2620597068,6.51903811346,0.0634907921107,3.60125062453,4.91966512974,4.38249588734,2.80537434608,0.93602508676,0.00931287597314,0.459843347203,1.37819491274,2.11395773528,2.48975397458,2.57547192113,2.46178564562,2.23583789523,2.00995620105,1.82041279914,1.76255362544,1.82744922059
7.15,0.00633624202904,0.0068669610232,0.0426297399248,0.0115560870054,0.00939091128028,0.25941874659,0.380116591759,0.0222281665308,1.16724855239,3.51524577673,5.28947185149,23.4949856721,30.5544744187,33.1348511014,33.5973437363,33.2696886706,32.7681673949,32.3003946099,31.963390816,31.7556738518,31.6517598312,31.6237783754,31.6049843055,31.5354325741,31.3180651156,30.8306686966,29.9493712468,28.4921047638,26.3418843516,23.2892808048,19.1610020799,13.448182204,5.17055946827,0.492320288532,4.04111553987,4.92487493995,4.0688964577,2.27510273475,0.488030578337,0.0432097838309,0.842346733086,1.77099985641,2.36692335078,2.56547004032,2.46257156356,2.17623997105,1.7929327,1.44080992855,1.14636838318,0.996669649317,0.966075835779
7.2,0.00511773411983,0.00598767235337,0.0456714943408,0.00867896773186,0.0132064310711,0.241565429671,0.352601860111,0.0125398590771,1.21943951848,3.44285729398,4.79633355489,23.3213870497,30.4968373723,33.1425344954,33.6356932625,33.3188875422,32.8196395592,32.3512511146,32.0130135861,31.8042999832,31.6997205898,31.6707822061,31.6496671753,31.5741291055,31.344305435,30.8329341914,29.911418168,28.3901572771,26.147252663,22.962635422,18.6361623662,12.5855214863,3.78807987442,1.13949603686,4.38225182152,4.85727196701,3.69788146053,1.73646560758,0.172317714442,0.238388632203,1.24238230101,2.09292392898,2.51185390572,2.51713993604,2.22040323941,1.76804741808,1.2551512487,0.826305600647,0.498088231499,0.32107330444,0.237312065448
7.25,0.00390129975928,0.00506011468182,0.0490970242357,0.00590317057871,0.0182903869084,0.221275731087,0.32120359183,0.00467915800253,1.27944959805,3.34965684182,4.18392857721,23.0968498928,30.4148397171,33.1415504752,33.6733720698,33.3703954443,32.8738967722,32.4042271062,32.0637164991,31.852862625,31.7467054086,31.7162681473,31.6930085331,31.6127312197,31.3732116228,30.8427348611,29.888393342,28.314038413,25.9927658239,22.6921710781,18.1927539986,11.8349350591,2.64677468641,1.73760769753,4.60281502417,4.74498251778,3.33530965806,1.28117727965,0.0258931141271,0.502795987825,1.57792499521,2.30870594916,2.55137999921,2.37767233999,1.91349079394,1.33780471117,0.766305136811,0.355452117345,0.108484912758,0.0182872829329,1.06057359325e-07
7.3,0.002843502865,0.00419859092011,0.0524744097401,0.00365281957059,0.0241148876079,0.201332303662,0.290536487234,0.000620460487386,1.33652591215,3.24953978773,3.57212276909,22.8654721156,30.3283360319,33.138415865,33.7104890504,33.4222912507,32.9289738425,32.4582446834,32.1155386421,31.9025172427,31.7946914741,31.7625850936,31.7369210591,31.6514847551,31.401641068,30.8509609095,29.8625293307,28.2331581628,25.8303585076,22.4103341995,17.7288296204,11.0399062097,1.5988547456,2.31576682037,4.76120649163,4.58554364438,2.94048776955,0.862204841073,0.00785326058909,0.813197479941,1.87439167373,2.45340347595,2.5095053468,2.15759715917,1.54429500235,0.891710540458,0.348796862845,0.0632274078385,0.00354971916614,0.0822556896004,0.205438890871
7.35,0.00186425141812,0.00332568035115,0.0561773633657,0.00176833036612,0.0314987715997,0.179414641433,0.256666566534,0.000609706746011,1.39900738475,3.12483858043,2.86229543103,22.5791352388,30.2154506437,33.1253190468,33.7462892115,33.4762366904,32.9867606222,32.5143890973,32.1684774112,31.9521549252,31.841756631,31.8075021033,31.779653357,31.6904710927,31.4332404729,30.8678840078,29.8533089928,28.1803997197,25.7114976443,22.1922176525,17.3528821922,10.3762127298,0.883831133169,2.75957204926,4.85064888786,4.41505784643,2.58344672546,0.549365102781,0.0875349648556,1.09817792535,2.09398624852,2.52232874156,2.40893831893,1.90518070646,1.18711622543,0.526450058533,0.0991018895368,0.00356387890167,0.147008348527,0.376385923683,0.608337136709
7.4,0.00108868653461,0.00254739867133,0.0597764126449,0.000561403825611,0.0396943226223,0.158226523931,0.224110985112,0.00544261474627,1.45704429534,2.99218891396,2.18233899286,22.2838926871,30.0971503643,33.1090993751,33.7810734348,33.530342796,33.0453229352,32.5715640963,32.222549137,32.002906772,31.8898479138,31.8532816697,31.8230116163,31.729721625,31.464633394,30.8837836053,29.8417466931,28.1240786614,25.5871088332,21.9646684199,16.9618964655,9.67855686989,0.354272916682,3.16182122145,4.9019864708,4.21467587215,2.21497342174,0.296846482483,0.240413639533,1.37710158002,2.26976147287,2.53660113725,2.25374948123,1.61134843916,0.83071267234,0.235406064364,0.00106581116367,0.124756026515,0.440982504241,0.764523499512,1.04069359277
7.45,0.000475017347372,0.00180339317345,0.0636193194488,1.13633516196e-05,0.049697015645,0.135618647245,0.189484245547,0.0165406649046,1.51751327597,2.83160247824,1.46516101434,21.9294256632,29.9492586764,33.0811361822,33.8136872723,33.5861873814,33.1065344974,32.6309106422,32.2778099569,32.053712066,31.9370793682,31.8977274835,31.8653257524,31.7694461243,31.4996966516,30.9089678984,29.8485157641,28.0981920163,25.5092164548,21.8055349605,16.6698850196,9.1304602041,0.102606138697,3.45306612248,4.91745416442,4.02588155629,1.9002264635,0.140315900435,0.415483691088,1.60307383418,2.38635792208,2.505976886,2.07673564122,1.32961493187,0.539830625416,0.0678932511331,0.0443915370909,0.34310508535,0.753118710407,1.09635625395,1.34983961026
7.5,0.000112112961488,0.00118380109325,0.0672627916396,0.000282765791061,0.0604842779996,0.114282876039,0.157090523478,0.0333153542213,1.57140031314,2.66223042279,0.858908391668,21.5625649055,29.7944117766,33.049085547,33.8446718335,33.641928522,33.1684008828,32.691297344,32.3342317163,32.1056886955,31.9853799558,31.9430782128,31.9083146683,31.8095128619,31.5346544045,30.9335482795,29.8537131648,28.0692067822,25.4271813419,21.6400380577,16.3655721446,8.55542540071,0.00253665139546,3.71443365891,4.90959125316,3.81956401217,1.59095965759,0.0407473210086,0.617434645895,1.8112074599,2.46735773139,2.43713040617,1.86796693672,1.04167258539,0.295940520885,0.0011899089257,0.190053729583,0.614864739044,1.05334961626,1.36027611333,1.54034557078
7.55,2.37451958289e-06,0.000652590849266,0.0710133518642,0.00151138810813,0.0731780369036,0.0923889541608,0.124120364306,0.0582067692004,1.62412488554,2.46313477638,0.351352271651,21.1301890366,29.6072897166,33.0030923462,33.8723992597,33.6989685351,33.2328017849,32.7539001353,32.3919478808,32.1578417523,32.0329391536,31.9872019719,31.9503656533,31.8501939095,31.5735366485,30.9679062553,29.8774052735,28.0722012988,25.3935088748,21.5453386945,16.1657160213,8.14463152213,0.0204895346223,3.89522584434,4.8881204124,3.63975527826,1.34222648958,0.00352168887721,0.800719627844,1.96916834969,2.5093045653,2.34814396649,1.66452394329,0.794473672737,0.135112181927,0.0257818119732,0.378723023712,0.86440940558,1.27786321245,1.51378137487,1.5963235824
7.6,0.000186971872132,0.00027678760374,0.0744556174975,0.00368457110302,0.0865654126802,0.0724707521118,0.0945157089955,0.0891053129453,1.6681992402,2.25633969364,0.0658647671674,20.6817810442,29.410594026,32.9515180617,33.8977232285,33.7555996849,33.297761916,32.8175361266,32.4508702921,32.2112112301,32.0816283027,32.0322534989,31.9931110332,31.8912606586,31.6124300891,31.0017992265,29.9003110169,28.0734490713,25.3565882104,21.4467405718,15.9592548277,7.71844258105,0.108319100195,4.05979327957,4.85275299496,3.44946402105,1.10361111547,0.00649211187444,0.988768676836,2.10894286288,2.52563398926,2.23383980494,1.44722846558,0.564193646549,0.0352075397638,0.119449118738,0.596746042275,1.09515631585,1.4446467506,1.58161144152,1.54598346811
7.65,0.000710952854971,4.84700767091e-05,0.0778304052455,0.00708247319818,0.101805891016,0.0531468262486,0.0662660869656,0.129289266929,1.70683529498,2.02034862622,0.0104950496166,20.1607755935,29.1775772352,32.883623164,33.9183903951,33.8129528476,33.36509889,32.8834393989,32.5112234977,32.2649168807,32.1297246771,32.0761943584,32.0349951556,31.9329850888,31.6552462058,31.0456070689,29.9420649871,28.1061772143,25.3694268167,21.4206436755,15.8603308985,7.46600856502,0.197752864557,4.1658007568,4.81867474238,3.29750811591,0.924663445374,0.0364737249107,1.14387867372,2.21021907767,2.52014140861,2.11839759733,1.25318348058,0.386980903589,0.000948960003869,0.246216424592,0.794585170207,1.26908498919,1.53652946119,1.56950057703,1.42049571371
7.7,0.00155797319785,6.99980116392e-06,0.0807581395899,0.0114813256018,0.117414131188,0.0366200126794,0.0428320322344,0.174906982181,1.73443285917,1.78065145769,0.184244412354,19.618920776,28.9335614859,32.8085059774,33.9357004128,33.869396342,33.432824832,32.9503398947,32.5728279394,32.3199152264,32.1790516207,32.1211821546,32.0776310999,31.9750954896,31.6980012581,31.0887946457,29.9825585762,28.1373169238,25.379408207,21.3896844917,15.7555301223,7.20332715357,0.311322629866,4.26525691695,4.77691060667,3.13819752936,0.755617568425,0.0892082732172,1.29624803548,2.2973181649,2.49705628775,1.98699393645,1.05686564629,0.237548601794,0.0151917905551,0.401958842049,0.984687487713,1.40649245218,1.57346537084,1.4928002582,1.23087237025
7.75,0.00281727995682,0.000170115751146,0.0834119965785,0.0173217046561,0.134641856797,0.0219549755253,0.022916522804,0.230097284783,1.75239062685,1.5166218953,0.554034101798,18.9924900068,28.6476365737,32.7133432455,33.9465546276,33.9258803525,33.5027872539,33.019612129,32.6360364453,32.3754121132,32.2278964426,32.1651043944,32.1193927912,32.0178231479,31.744684564,31.1419474292,30.0424648786,28.2011526057,25.439454126,21.4349716604,15.7639100871,7.12435380687,0.371987632835,4.31924103034,4.74631284106,3.02502443856,0.639741600704,0.143397745126,1.41320693769,2.3571059436,2.46575536268,1.86779148424,0.894058024578,0.136438269349,0.0630249178574,0.550539190703,1.13547053656,1.49277933158,1.56101803233,1.37754503149,1.02504995966
7.8,0.00440459569214,0.000542726434978,0.0854576562066,0.0241343127241,0.151748080139,0.0109970309723,0.0091752252922,0.289043197153,1.75707545618,1.25800937066,1.01580710158,18.3404149698,28.3480631541,32.6093021781,33.95280922,33.9808308152,33.5728482756,33.0898459647,32.7005457469,32.4323177929,32.2780678308,32.2101752371,32.1619830787,32.0609067943,31.7911573032,31.1941783467,30.1006451838,28.2623599769,25.4965264281,21.4754966432,15.7644908357,7.03547366377,0.43975991138,4.37225398531,4.71168556437,2.90680857452,0.52930162979,0.208620348277,1.52743509442,2.40717303694,2.42301827703,1.73913419744,0.735066875791,0.0620064267168,0.139527602796,0.704654916112,1.26756971817,1.54566069604,1.50813134606,1.22399721086,0.797664771294
7.85,0.00644533113418,0.00116870645614,0.0869874377436,0.0324575821054,0.169931834481,0.00334785322694,0.00126308356056,0.356182786471,1.74771919448,0.987686526272,1.54585204537,17.5903045299,28.0014177473,32.4815351666,33.9503787246,34.0348150476,33.6448512058,33.1624831725,32.7668406516,32.4899544593,32.3279755173,32.254328778,32.2037327639,32.1044722024,31.8412207164,31.2558159072,30.177251865,28.3554405369,25.6028863478,21.5889621313,15.8783811117,7.13070755891,0.43785295456,4.38841976422,4.69414112573,2.83753377229,0.463264634951,0.260662743087,1.60858346896,2.43947884874,2.38201129248,1.63124443732,0.61165315299,0.0221781936457,0.222278955631,0.834437807889,1.36298279238,1.56388448587,1.43208478501,1.06615455178,0.596210061581
7.9,0.00878242011551,0.00201250934524,0.0877650903824,0.041586696312,0.187388026602,0.000123460106532,0.000578552833309,0.424651522644,1.72336627859,0.737652366293,2.04858165754,16.803254194,27.6380006955,32.3421390303,33.9417867645,34.0864982473,33.7166528629,33.2360146095,32.8345012826,32.54909444,32.3793245234,32.2996674961,32.2463289037,32.1483471815,31.8909592567,31.3163605282,30.2519469308,28.4457636567,25.7056687109,21.6988400281,15.9865110597,7.21607232028,0.438481815705,4.40519534892,4.67485763642,2.76507872927,0.398645052886,0.317025613786,1.68848381893,2.46578637238,2.33398633086,1.51824310415,0.494017978763,0.00230616555998,0.318969297279,0.960063567137,1.44050663622,1.55675376007,1.33011005007,0.892599210296,0.405521272376
7.95,0.0115637224933,0.003140909184,0.0877805808923,0.0521315812834,0.20510001347,0.00151125831512,0.0076563386284,0.498660815866,1.68105055105,0.49747002244,2.53446979995,15.9008206356,27.2204409858,32.1744283254,33.9217337245,34.135932736,33.7899371793,33.3119841258,32.9041491324,32.6092230527,32.4306445295,32.3442375782,32.2880917873,32.1925055614,31.9438316625,31.3855647938,30.3440700865,28.5663892277,25.8565310147,21.8804278954,16.2025700974,7.48528407397,0.369555819063,4.38798394226,4.67535314722,2.74230305852,0.369412284004,0.352184238495,1.73865843401,2.48121395623,2.29474163174,1.42982828302,0.408351994147,0.00102323825853,0.405331348988,1.05888523757,1.49065227388,1.53143349315,1.22542956988,0.737404898342,0.260180040934
8,0.0145639317348,0.00447054307792,0.086927755126,0.0631506875944,0.221250746077,0.00775389913898,0.0223214094654,0.570448457944,1.62279904369,0.298884598952,2.94286031876,14.9477181934,26.781764124,31.9924964058,33.8934946143,34.1820069379,33.8625904806,33.3887306584,32.9751992977,32.670965547,32.4835402824,32.3901318055,32.3307304696,32.2369195836,31.9961257864,31.4532569029,30.4336389562,28.6833971652,26.0027492116,22.0561972466,16.4122832526,7.74434295127,0.307879060187,4.37136599337,4.6749962484,2.71737718569,0.339798968408,0.389407352739,1.78841585299,2.49372184348,2.25176774613,1.34002021285,0.328844878842,0.0124284315368,0.496897981402,1.15114844258,1.52651200021,1.4888940623,1.10732713751,0.582747794283,0.14175818013
8.05,0.0179381115431,0.00608510475359,0.0850978221153,0.0752635542291,0.236623743859,0.019538621061,0.0458489912763,0.6438403716,1.54355983853,0.138156550816,3.2964822706,13.8511382804,26.2810381733,31.7763785664,33.8502586303,34.2241336117,33.9361454251,33.4678661889,33.0484585615,32.7339851424,32.5366669833,32.435416261,32.3725304904,32.281371054,32.0510016078,31.5286871962,30.5393790084,28.8292143802,26.1948200173,22.3018375319,16.7271580576,8.17743062203,0.193853842059,4.3178295806,4.69440724829,2.74262434079,0.340575870016,0.401049376956,1.81215819228,2.49976662549,2.22161326404,1.27584179142,0.274291303912,0.0294290886688,0.571273403532,1.21989807449,1.54536061355,1.44115820852,0.99958672559,0.456547727223,0.0667158904457
8.1,0.0213906500473,0.0078525737428,0.0823452064847,0.0873372512856,0.249515012023,0.0360204194658,0.0762836918085,0.710943056961,1.44903992638,0.0386240081864,3.55973974839,12.6845434134,25.7550117796,31.5427251519,33.7965654414,34.2615245222,34.0083889621,33.547585093,33.1231308513,32.7987535789,32.591525297,32.4821866611,32.4153242184,32.3260300725,32.1050330249,31.6018860844,30.6415266419,28.9698863465,26.3801879525,22.5388600656,17.0301547524,8.59526661606,0.104503953044,4.26327160508,4.71206886666,2.76572233565,0.339957143132,0.414169477115,1.83621571833,2.50486777451,2.18961315901,1.21082197426,0.224080109596,0.0533022859018,0.647143564849,1.28328145555,1.55435472841,1.38286154055,0.886356280941,0.33941126393,0.0190922102795
8.15,0.0250742693831,0.00986382239789,0.0784793985492,0.0999443620456,0.260403302416,0.0582772763643,0.115358158426,0.774883991719,1.33256678247,0.000116182626552,3.75155159651,11.3349472685,25.1561996372,31.2685345624,33.7234293634,34.2927240599,34.0806542826,33.6295864039,33.2002005895,32.8651145098,32.6469256449,32.5285532094,32.4573005194,32.3704550829,32.1609870606,31.6816615156,30.7581351683,29.1371719956,26.6088203674,22.841685973,17.4332262005,9.17776099898,0.0183645474766,4.16308612503,4.74677326464,2.83849263659,0.369741729383,0.400933047604,1.83572100707,2.50635849043,2.17392915666,1.17269272676,0.19375014051,0.0739575987744,0.703040329594,1.32750672435,1.55467088069,1.32889849438,0.791523984188,0.251715088295,0.00138997695093
8.2,0.0286418667609,0.0119408734702,0.0737428767642,0.111818116059,0.267936941111,0.0843186948677,0.159309336642,0.828545171485,1.20369281763,0.0280421894442,3.85497404359,9.88788907178,24.5260230205,30.9729678563,33.6367491782,34.317409036,34.1507590252,33.7118452821,33.2786751221,32.9333470048,32.7042490487,32.5765496654,32.5003776063,32.4150723148,32.215905045,31.7586877834,30.8700265476,29.2979463793,26.8289393991,23.1335082661,17.8207399213,9.73542285578,0.00349709076304,4.05624246762,4.77742467971,2.90858945034,0.399477749164,0.388926090558,1.83612275075,2.50763040887,2.15651073666,1.1330601893,0.164724731248,0.0979304135348,0.75955561934,1.36855746615,1.54882578976,1.26848154106,0.695567991021,0.174338200313,0.00396731514855
8.25,0.0322128799197,0.0141692032651,0.06789547616,0.123402664168,0.272213846443,0.115368825646,0.210047195553,0.873743059579,1.05523055433,0.120761944626,3.8779531906,8.21187023241,23.8103475273,30.6291804991,33.5254988152,34.3329735918,34.2196079352,33.7960776341,33.3597073913,33.0035163169,32.7624748794,32.6244293776,32.542725821,32.4592036665,32.2719889988,31.840846559,30.9941054728,29.4821513558,27.0882714905,23.4859057331,18.299025053,10.4413085291,0.110779413663,3.89057212668,4.81917100193,3.0266009713,0.463660916342,0.351848627143,1.81196630507,2.50632108206,2.15708869094,1.12088200321,0.151465511105,0.113310714439,0.796350660742,1.39487911061,1.5408086365,1.21896214211,0.620612958358,0.121391408075,0.0206055416596
8.3,0.0354333692972,0.016337759903,0.0613772667626,0.13347853146,0.272429574775,0.148465070142,0.262396279117,0.905032912981,0.900557660797,0.26274576038,3.81811097893,6.41739033919,23.0559147431,30.2595379085,33.3970965331,34.3396852339,34.2850877314,33.8801289043,33.4420454568,33.0756656259,32.8228146146,32.6741625231,32.5863021079,32.5035551969,32.326823713,31.9198294297,31.1125214211,29.6580036038,27.3370080762,23.8245561647,18.7577409443,11.1136224291,0.369903112534,3.70910023321,4.85318693758,3.14006953549,0.530644903257,0.316824882969,1.78835773545,2.50484055251,2.15671741102,1.1072053553,0.138275504211,0.13001063699,0.833067568905,1.419385979,1.5293215371,1.16588942242,0.546400014851,0.0773070742117,0.0495600311824
8.35,0.0383765493895,0.0185169707328,0.053915892508,0.142306357264,0.268330680244,0.184845526525,0.318198025915,0.922968541919,0.733355336597,0.451231341884,3.67221926978,4.39671164029,22.1981070564,29.831552048,33.237207332,34.333417452,34.3475857618,33.9656854566,33.5270599633,33.1501128744,32.8844602174,32.7240493656,32.6292378088,32.5471831734,32.3821305708,32.0026232807,31.2411080754,29.8545664808,27.621637939,24.2197846123,19.3012175002,11.9182168558,0.912018318639,3.44470592495,4.88837409144,3.29965123268,0.641028500026,0.259936535961,1.73825536408,2.4997194543,2.17387023264,1.12095004753,0.138630745453,0.135528699842,0.850810847664,1.43294277654,1.52019902415,1.12733033194,0.493140146643,0.0499906552843,0.0801860221221
8.4,0.0407089275654,0.0204805433711,0.0461617506237,0.148823333325,0.259864013203,0.220680050586,0.371428485304,0.924423467319,0.571075290086,0.657668791977,3.4515757368,2.43160130709,21.2900957657,29.3731335913,33.0559278758,34.3153307591,34.4050773635,34.0503262835,33.6131955864,33.2266204725,32.9484241582,32.7760494364,32.6736488683,32.5911169862,32.4360475339,32.0815993385,31.363044897,30.0408643293,27.8923609146,24.5974354561,19.8197675457,12.6790103173,1.64031525038,3.15287791289,4.90963413166,3.45185215727,0.757237522059,0.208255925873,1.68771356478,2.49361150536,2.18975442464,1.13343049787,0.138305255902,0.141526927403,0.86897134818,1.4457949101,1.50946709619,1.08685030908,0.440538418509,0.0283812619538,0.117107689678
8.45,0.0424547351594,0.022265925886,0.0378780713468,0.153083428166,0.246493071102,0.256965317747,0.423461184106,0.908542807596,0.409799768337,0.880508208129,3.14411966707,0.758623490963,20.2561378077,28.846090936,32.8352846278,34.2793318085,34.4570974704,34.1356192722,33.7019471068,33.3057628791,33.0141559205,32.8286518639,32.7176373273,32.6341944356,32.4897224771,32.1627922847,31.4923817259,30.2437503812,28.1934307147,25.0244207786,20.4127330519,13.5518226125,2.70285925763,2.74805164499,4.91700910669,3.64233732764,0.926681901454,0.142827051793,1.60818857065,2.48110496649,2.22179163753,1.1726650159,0.151528735738,0.135504265602,0.868840777131,1.44984335217,1.50372497797,1.06261348128,0.407095434349,0.0168254749741,0.148095668426
8.5,0.0433737643423,0.023670505619,0.0298264892846,0.154408773338,0.229068411744,0.289779621468,0.4684501145,0.875359698627,0.268275456882,1.09012906079,2.77520115514,0.019469322219,19.1538714381,28.2810150839,32.5878786452,34.2275763779,34.5019049358,34.2190573199,33.7915016919,33.3870160317,33.0824084974,32.8835886085,32.7633216795,32.6777333205,32.5420161743,32.2399338128,31.614311925,30.435604062,28.4791474375,25.4313268779,20.97861931,14.3770337605,3.85709579646,2.30134283754,4.90090584231,3.82188886821,1.10604619623,0.0886728677985,1.52637334494,2.46569132345,2.25184208404,1.21109699404,0.164943316911,0.129962539446,0.868935937435,1.45384182834,1.49757050052,1.03774585007,0.374020738403,0.00820283896787,0.18190099946
8.55,0.0434290698305,0.0246959495599,0.0218781735008,0.152646269961,0.206944333144,0.319568791934,0.50701662623,0.822910663072,0.146264788384,1.28735557611,2.33146872093,0.297432501332,17.8939402172,27.6344808307,32.2919778127,34.151591247,34.5378543048,34.3017695627,33.8834181783,33.471188342,33.1529285902,32.9396185617,32.8089493345,32.7203841495,32.5934562872,32.3177652659,31.7408470911,30.6396324695,28.7891340441,25.8796410745,21.6080040999,15.2949067919,5.25421487117,1.71987229807,4.848617232,4.02906403682,1.34512506381,0.0360701720796,1.41225991892,2.4391773118,2.29497968691,1.27618587682,0.193762808236,0.113242439298,0.850741330092,1.44982653259,1.49766562177,1.02941093649,0.35811555125,0.00455303875374,0.205468992784
8.6,0.0425325072715,0.0251977147088,0.0148298073441,0.147674156105,0.181947671001,0.342864599706,0.53449381962,0.754970205972,0.0594637722077,1.44852825348,1.85731071135,1.11148030723,16.5380124405,26.9423703981,31.9630021314,34.0550898866,34.5635899984,34.3811706285,33.9755948769,33.5574039239,33.2261599935,32.9983107297,32.8565816994,32.7637608776,32.6436046287,32.3913624075,31.8592243127,30.8308161218,29.0817218133,26.3045920138,22.2052835854,16.1598706345,6.61586807418,1.11929208603,4.75797938167,4.21712077088,1.59379708475,0.00629577504346,1.29513858004,2.40696237348,2.33436223161,1.34020086704,0.224270618562,0.0977596017846,0.832963369159,1.44576545558,1.4975802874,1.02101014277,0.342230882632,0.00193823217171,0.23026121735
8.65,0.0406156869464,0.0251476553649,0.00864060160597,0.139225633759,0.153522864017,0.359662251148,0.550754683296,0.669218965928,0.00921705691354,1.57543349369,1.34890383463,2.02759813951,14.9719672268,26.1525263817,31.5740056257,33.9263541183,34.5758390745,34.4578739721,34.0695581825,33.6467431941,33.3021621155,33.0586501881,32.9045579325,32.8063658452,32.6924632359,32.4643628824,31.9797517525,31.0301948767,29.3929140347,26.7637069091,22.8567078134,17.1025525966,8.12200031252,0.472377361409,4.59785055947,4.41739178528,1.90457437226,0.00369117995964,1.14259751236,2.35669357085,2.38216373293,1.43030706411,0.27454301361,0.073937027829,0.796207635308,1.43289477142,1.50374231424,1.02943618782,0.342120856075,0.00132079951454,0.242806293652
8.7,0.0377860894811,0.0244973314785,0.00400327386823,0.127862907876,0.124320944171,0.3675747362,0.553141390721,0.573243884296,0.00241352206363,1.65332408495,0.873854706456,2.77421364962,13.2590283903,25.3053565874,31.1444245457,33.7707566394,34.5738248307,34.5292073609,34.1629289441,33.7379659211,33.3810352215,33.121955075,32.9549230287,32.8500143976,32.7402619635,32.5331033195,32.0918541905,31.2157766003,29.6846073144,27.1977366028,23.4737216288,17.9896772897,9.53134440725,0.0536015387241,4.37508676633,4.58764591351,2.21867116208,0.0414968249703,0.987325493489,2.29678144495,2.42335027727,1.51901045601,0.328999453209,0.0532032369215,0.759225561832,1.41932017041,1.50949450947,1.03779351271,0.342252037458,0.00082401794728,0.255668838331
8.75,0.0339777819452,0.0232037631394,0.000985090121986,0.113325993977,0.0941498419623,0.366145147292,0.540889959458,0.465670815137,0.0387513430635,1.68233572923,0.451611203413,3.33302739579,11.252350005,24.3385723118,30.6414165296,33.5727188755,34.5520719446,34.5948842423,34.2570672299,33.8323159068,33.4631696557,33.1875468809,33.0061899566,32.8931394774,32.7865238946,32.6001712741,32.2037386741,31.4054978809,29.9888773736,27.6578702341,24.1347974462,18.9405146953,11.0280424897,0.141522186019,4.03128498635,4.74661810769,2.58750687405,0.14144717223,0.79913609062,2.20951471789,2.46596069743,1.63162301339,0.408753465796,0.0293411225728,0.702974428932,1.39478816526,1.52022750975,1.06268416886,0.358156873315,0.00132224254396,0.2556006732
8.8,0.0295260605882,0.0213532005648,1.57983242327e-07,0.0969382021384,0.0662436357333,0.354751282553,0.514192681782,0.357894923598,0.112121194204,1.65750496316,0.156745603639,3.66333009065,9.02783783219,23.2997142569,30.0900439217,33.3408463905,34.5107774506,34.6521923231,34.3491816372,33.9280853188,33.5482456003,33.2564764474,33.0603311355,32.9378534264,32.8321423127,32.6631078174,32.3066535028,31.5801359787,30.2708013134,28.087927065,24.7566526582,19.8306301988,12.4045594621,1.0015752915,3.58817125844,4.85824600842,2.94481561715,0.299226998119,0.616041117147,2.10805201731,2.49720607883,1.73998878857,0.494698480893,0.012393853379,0.646888029727,1.36835432268,1.52935599557,1.08694290018,0.374085321211,0.00194160130266,0.255653984836
8.85,0.0243942180075,0.0189051818167,0.00115073750589,0.0785439236102,0.0406818043452,0.332749272155,0.472028797237,0.249966762204,0.219255455651,1.57690653463,0.0101900287387,3.79812653535,6.40624640386,22.1087648322,29.4474175884,33.0535083179,34.4411517871,34.6995438738,34.4403972242,34.0267720335,33.6370166498,33.3283561377,33.116010013,32.9824353414,32.8761643295,32.7235988193,32.4076283739,31.7556521031,30.5603652072,28.5375353568,25.4147290881,20.7753886676,13.8462374138,2.69313380312,2.94751333205,4.9248206145,3.33977647491,0.552776982828,0.413564266759,1.96804484163,2.52019788969,1.86846529655,0.612035756272,0.00100111986189,0.570980785165,1.32744934209,1.54083806921,1.12744618922,0.407184166549,0.0045605742366,0.24277649558
8.9,0.0191300307216,0.0160986573475,0.00439439006425,0.060164524253,0.0206466063573,0.30188517101,0.418147244454,0.155590613232,0.343099602089,1.44688161392,0.0322749557683,3.74194622775,3.63045776034,20.8240108229,28.7465503683,32.7239624746,34.3452516135,34.7343756784,34.5274261226,34.1260477647,33.728630412,33.4038954011,33.1751287431,33.0292339882,32.9201762695,32.7804077396,32.4996086993,31.9149993572,30.8255161552,28.9530797249,26.0275938833,21.6559353435,15.1664371707,4.67193982108,2.17182266778,4.91803199824,3.70233765928,0.866619636929,0.239119488716,1.80959707107,2.52557521796,1.98768180787,0.735974961409,0.00235854928955,0.496720212059,1.28309258409,1.54886481244,1.16602472322,0.440651246807,0.0082165007297,0.230218431114
8.95,0.0137574809732,0.0129233325958,0.00980518259164,0.0418463864793,0.0065055854066,0.261667374606,0.351955687395,0.0765654241309,0.47918109114,1.26470062425,0.201966954281,3.50667627662,1.05265802933,19.339557415,27.9336408113,32.3232167077,34.2098821132,34.7530049161,34.6107367116,34.2275014629,33.8242110176,33.4831108349,33.2365854267,33.0765491412,32.9628347458,32.834294461,32.587976323,32.0720134286,31.0926850373,29.380122864,26.6665318028,22.5793023501,16.5368110424,6.89682818592,1.1800809622,4.81247278531,4.07348294121,1.28659736708,0.086597184261,1.6016690907,2.50907697323,2.11907086662,0.894853762989,0.0222651035478,0.404980809153,1.21966134331,1.55467064385,1.21910975334,0.493280362006,0.0168502362463,0.205414832021
9,0.00893304239225,0.00974250404051,0.0167720647456,0.0258903779078,0.000301982599597,0.216414390724,0.280891317748,0.0243053778888,0.606691509733,1.05003523222,0.463235468564,3.12241469653,0.00138972746055,17.7204788875,27.0498591244,31.8697418409,34.0395366435,34.7533831069,34.6867502648,34.328175157,33.9222883398,33.566215001,33.3020152846,33.1268216193,33.0062656771,32.8852592024,32.6679498608,32.2128365691,31.3340919854,29.7709132397,27.2567206326,23.4352266652,17.7939069172,8.95064417607,0.296714416578,4.59069526426,4.3868568087,1.74269187169,0.0075265247981,1.37486066872,2.4669939828,2.23447294828,1.05776003355,0.0623250260859,0.318470744422,1.1509855609,1.55433811463,1.26874460855,0.546567462823,0.0284202946777,0.181836275212
9.05,0.00475166400406,0.00659357147297,0.0252515999057,0.0126000227138,0.00238318646513,0.166335395366,0.205521550904,0.000757451947193,0.721761691866,0.803867372505,0.776836880563,2.58828351796,0.664626543186,15.8238883001,26.0267946957,31.3262515318,33.8152582326,34.7287493566,34.7546341591,34.429463955,34.0242873439,33.6536750224,33.3707336253,33.1784727923,33.0489012028,32.9332188983,32.7431918392,32.34837774,31.5724569936,30.1649827915,27.8621627452,24.3215733344,19.0891566386,11.034734204,0.0660753517885,4.18099575691,4.66653034091,2.28139541284,0.0265865240718,1.09564420918,2.38555350022,2.34869684714,1.25416195071,0.13683038461,0.222039734182,1.05854033113,1.54530977615,1.32896835525,0.62081164982,0.0500510828852,0.148023255263
9.1,0.001793330497,0.00388770704856,0.0341371339855,0.00386358111008,0.0126859299679,0.117768435342,0.135760284466,0.00952374838236,0.807199616483,0.559681475731,1.07493673317,1.97110090087,1.83416856267,13.7121536172,24.9131323145,30.717503009,33.5446678126,34.6779562531,34.8106108691,34.5278441074,34.1280331352,33.7451045652,33.4439474395,33.2338516678,33.0932760446,32.9792943581,32.8110276468,32.4685613,31.7850287367,30.5211357862,28.4169878929,25.1393658513,20.2781188893,12.9016796931,1.25670391796,3.57989956463,4.85489152698,2.81145601697,0.174290532998,0.810481598141,2.26889599098,2.43747356131,1.44826868185,0.238103586565,0.139102379928,0.959518925934,1.52645659522,1.38302686906,0.695929510333,0.0773924183085,0.117029758776
9.15,0.000188535824536,0.00171072375153,0.0431934974696,7.57334875109e-05,0.0310699821756,0.0719513269125,0.0738200438522,0.0498093255288,0.859927948387,0.327662036651,1.33657427383,1.29420675997,2.83586533766,11.1840499724,23.6241742388,29.9963764222,33.2023052417,34.5900144398,34.8517224196,34.6239957952,34.2350229884,33.8413981576,33.5214603619,33.2917626758,33.1377762153,33.0227601184,32.8735445189,32.5812517264,31.9895272368,30.8724603548,28.9749127668,25.9728943988,21.4912005868,14.7656574956,3.74664874753,2.6556852298,4.94597117336,3.37319086685,0.491923637395,0.500125886577,2.09277404673,2.50627742852,1.66559466048,0.387724379843,0.0627723225711,0.83412449186,1.49050506507,1.44131100539,0.791645745158,0.12151114996,0.0801092097048
9.2,0.000218463214288,0.000389391468468,0.0510870375089,0.00193770147322,0.0549805881932,0.0355101916685,0.0290154227921,0.11449704782,0.871094674056,0.146799519015,1.51993223217,0.683415368669,3.45230812368,8.30314352749,22.2128948689,29.1943582637,32.8001098674,34.4651716692,34.8742218837,34.7137922078,34.3423648566,33.9414394334,33.6039219109,33.3542568121,33.1851182861,33.0656772355,32.9301070311,32.679861996,32.1691687656,31.1853801678,29.4797597433,26.736725916,22.6035734121,16.4404963032,6.46628211188,1.49513525279,4.89240498924,3.87416200414,0.941959179989,0.236144796125,1.87279847877,2.53660292059,1.86882596303,0.565122123646,0.0150517176734,0.70398512022,1.44022834673,1.48896789951,0.886636668586,0.17458199141,0.0494906593547
9.25,0.00195145498744,1.10688646409e-05,0.0574547552348,0.00956160792772,0.0835120996341,0.0101555448128,0.00369921607632,0.1992256108,0.838819957449,0.0307970233199,1.6193174778,0.214785591223,3.72898496769,4.86594456614,20.5649039648,28.2499385411,32.3026886193,34.286320436,34.871792055,34.7966552889,34.4514214596,34.0465305279,33.6916724813,33.4205314446,33.2337934666,33.1067924102,32.9814657173,32.7698730565,32.3377328813,31.4871632108,29.9786303798,27.5045001731,23.7301125917,18.1149444101,9.24914955429,0.263643402169,4.63548617292,4.34248644567,1.55357265669,0.0421647077853,1.57589549644,2.52205197381,2.07790187127,0.795583484084,0.000988582037528,0.549981514013,1.36278012867,1.53152887881,0.999885652942,0.251818704872,0.0205539027484
9.3,0.00518371485875,0.000677283270798,0.0611583021903,0.0219018184787,0.112127830441,0.000155514173167,0.00224165782111,0.288691203382,0.76544709698,0.000899213190896,1.61998187741,0.00859993187378,3.68482605325,1.54213793038,18.7426215665,27.2052216814,31.7298520748,34.0569678246,34.8411128275,34.8677478553,34.5582324392,34.1545949059,33.784628693,33.4923018259,33.2866475521,33.1489919298,33.0287254982,32.847667864,32.4825960392,31.7505287228,30.4217577108,28.1975222266,24.7557453742,19.6232532844,11.6933695106,0.230147312143,4.13413061322,4.69184738312,2.2135773679,0.00983603628232,1.23995312081,2.45279023812,2.25446807293,1.04269149488,0.0354696349958,0.401390562873,1.26708493923,1.55682035029,1.10751264459,0.33966427731,0.00392825402891
9.35,0.0098135347888,0.0024052015682,0.0618648617999,0.0384538310674,0.139283246041,0.00626496101055,0.0247181786668,0.376915696874,0.651826608226,0.0557288362399,1.52150844583,0.0761021996373,3.35690345433,2.54101874926e-06,16.5797215708,25.9785347569,31.0337203127,33.7514652016,34.7708514329,34.9242058264,34.6635421547,34.2671728216,33.8836750307,33.5692706819,33.342387427,33.1907765054,33.071595593,32.916598619,32.61422967,31.9976292036,30.8490544147,28.8814249212,25.7812444045,21.1277681966,14.0583929651,2.51660766239,3.23657406936,4.92085412905,2.9429424303,0.205158374995,0.839340124613,2.30764708562,2.40948346402,1.33119890454,0.135660772658,0.245685350241,1.13499156178,1.56386391358,1.22573307264,0.456851400477,0.00139903405221
9.4,0.0151109907428,0.00495581736248,0.0592039795552,0.056491235328,0.16013840871,0.0275485688047,0.0669089761251,0.447678237409,0.513835012978,0.177464710989,1.33602845301,0.350874582207,2.80444331305,0.927702087231,14.128834479,24.6215543249,30.2420530268,33.3777690812,34.6588464325,34.9606797498,34.7623739875,34.3810651151,33.9877829288,33.6525073848,33.4036655635,33.2354791546,33.1126246731,32.9759635923,32.725001461,32.208281616,31.2213509399,29.4891292825,26.7055409111,22.4853125902,16.132587719,5.7808635479,1.95315921685,4.95369445693,3.60889205446,0.638070714066,0.456686132544,2.09135289261,2.50980652117,1.61250165157,0.296630164472,0.11901762207,0.984115397858,1.54552580282,1.33048911411,0.582966455761,0.0191614313357
9.45,0.0207683506397,0.00821617896721,0.0531048578229,0.0748851893512,0.173054356741,0.0625726623616,0.125354823491,0.49572368708,0.358038741464,0.346564493321,1.0694393101,0.736649131695,2.054738884,2.34084500235,11.1258873136,23.021865627,29.2899914521,32.8987967887,34.48612847,34.9702909442,34.8539207315,34.4976907612,34.0983543279,33.7423688001,33.4696503058,33.2815720115,33.1507643345,33.0272160573,32.8218667514,32.3994538967,31.5708277519,30.0754533334,27.6162200685,23.8320007345,18.153220474,9.1707380638,0.390141452549,4.71883411278,4.22948567958,1.32916286014,0.126925679403,1.76857427839,2.55132043053,1.90629565795,0.54118783801,0.0255503443259,0.79392308992,1.49255853679,1.43224924028,0.737794299271,0.0668569647397
9.5,0.0257276489132,0.011615313489,0.0443777657404,0.0901266328508,0.175059470072,0.10458868679,0.188318736419,0.510973676916,0.212578928419,0.521112758405,0.766034729366,1.10538421965,1.25255014058,3.26620871358,7.62104852392,21.2409358988,28.2187636089,32.3303420883,34.2535326922,34.9475925475,34.9319678028,34.6123850473,34.2130286499,33.8389788513,33.542582517,33.3326726205,33.1897516948,33.0721450437,32.9014402336,32.5575490893,31.8666245966,30.584496906,28.4226544981,25.0365645999,19.9401576939,12.0820797134,0.313990267832,4.13668944371,4.68420424004,2.12662746845,4.72967161509e-05,1.37485595915,2.51134129892,2.15858678179,0.831894182339,0.00123568324636,0.596027018974,1.40614827878,1.50836338722,0.893147978279,0.141897503488
9.55,0.0295638769462,0.0149064026808,0.033450764535,0.100872807745,0.165359988436,0.150002887018,0.250084442256,0.490935302962,0.0900938146758,0.680825147026,0.450281178416,1.40349190812,0.513749328054,3.68311748089,3.4338683389,19.113564783,26.9384364073,31.6195202227,33.9312030393,34.8792240477,34.9926422843,34.7257586073,34.3335006448,33.9434002671,33.6222587106,33.3874786144,33.2280665693,33.1107262006,32.9678656287,32.6947989787,32.1345101442,31.0618894724,29.1995107361,26.2173455945,21.6863697464,14.8241061491,3.38113802901,2.99421162865,4.95682664411,3.01413505074,0.191526306072,0.886297543881,2.36568088376,2.37841523362,1.18846121679,0.0684313296881,0.378010059892,1.26859595846,1.5611004774,1.06644857787,0.260486596634
9.6,0.0314067146919,0.0174047018425,0.0222539205942,0.104592322008,0.144942112894,0.18924084193,0.297390981807,0.437222046748,0.0172655114087,0.790156854004,0.19340132518,1.56791967792,0.0761089878453,3.62836406205,0.280115703668,16.69636781,25.5013757242,30.7928482175,33.5247684165,34.7604545358,35.028600753,34.8315003206,34.4557993335,34.0544262139,33.7100423269,33.4494164914,33.2701479911,33.1467642626,33.0216704476,32.804203946,32.3537298799,31.4644143566,29.8727754897,27.2597477686,23.23252748,17.1812002241,7.2939735649,1.32534121214,4.93678953593,3.80391378642,0.736308034555,0.417433078666,2.11175100118,2.51752941906,1.54569840173,0.23615657464,0.189556227258,1.09452260062,1.5734320449,1.22450659223,0.406030559088
9.65,0.0309471625437,0.0188285377174,0.011708841796,0.100498836822,0.114859063478,0.21813174533,0.325025657091,0.352402681424,0.00226878754196,0.837867446823,0.0317725508156,1.58821745872,0.0327687501221,3.17280059577,0.6191483628,13.717351226,23.7811088315,29.7762483628,32.9893591958,34.5679106225,35.0303653551,34.927917653,34.5812906194,34.1737161057,33.8065906013,33.517795668,33.3144737703,33.1792004874,33.0644684636,32.8935396223,32.5427812473,31.8278017232,30.5026645242,28.2604299751,24.7347724313,19.4309844805,11.0629726936,0.00158452120456,4.49366120947,4.48708288284,1.6234151546,0.0590995197874,1.70807278557,2.56532280527,1.91481755048,0.527588726543,0.0439819872802,0.863641334803,1.53633945501,1.37788536626,0.596536970103
9.7,0.0280843951796,0.0187683778242,0.00405467866618,0.0888418152847,0.0807795073406,0.229505936057,0.325659777896,0.252459479908,0.0467964995344,0.811607940285,0.00645178445003,1.46075505351,0.326831527065,2.42443320355,2.23680539761,10.1948645431,21.8395766176,28.6099989202,32.3399338126,34.2994265509,34.9898277938,35.0067124041,34.7038932415,34.2982234254,33.9119090503,33.595343175,33.3657259116,33.213317834,33.1000557395,32.9616162132,32.6901506819,32.1222524821,31.0308416789,29.1238024072,26.0512528438,21.3874450255,14.1980767576,2.32267559522,3.486349566,4.9057844718,2.60998806913,0.0468959073845,1.20379244421,2.48878470469,2.22151269794,0.893146308049,0.00111813332544,0.614171413644,1.44427518967,1.49304756696,0.798305072324
9.75,0.0229669702245,0.0171202541688,0.000206258749719,0.0703188315706,0.0459808118863,0.22109795485,0.297688545511,0.147241983666,0.141221264826,0.711196106716,0.11110496319,1.19483542112,0.788214683766,1.46738689369,3.33481676725,5.70554637309,19.4794765857,27.1877684753,31.5099063832,33.9163514083,34.8879329946,35.06151537,34.8234087956,34.4298235172,34.0275391532,33.6822760422,33.4227807392,33.2475321476,33.1281595156,33.0124168175,32.8083868878,32.3744186132,31.5056639664,29.9289213511,27.3087614643,23.2643905965,17.095924056,7.02625028168,1.60928231312,4.9876847482,3.62553433834,0.546781709664,0.603799146149,2.24980274182,2.46336195769,1.33940568429,0.0996512604133,0.342150826471,1.2772844451,1.56960533764,1.02556163295
9.8,0.0166079357979,0.0141342098546,0.00119681639185,0.0487766683941,0.0185680069699,0.193448737082,0.245715513235,0.0620135611154,0.256616731512,0.555919412466,0.29857785403,0.847245873689,1.20784996339,0.591201463596,3.69060093081,1.19981991615,16.7571933519,25.5671395655,30.528970181,33.4235490924,34.7171678875,35.0819136837,34.9309797127,34.5629063689,34.1514271746,33.7800056794,33.4899042747,33.2880034083,33.1550958697,33.0496984207,32.8942227434,32.5670430517,31.8859630177,30.5986465894,28.3855110383,24.8894052339,19.5487725653,11.1608251621,0.000854291752842,4.56276582233,4.4229681478,1.46678245717,0.130108948489,1.85148213077,2.57562731172,1.76961959445,0.349864663701,0.124247035304,1.05271646798,1.58154036751,1.23134733029
9.85,0.00973738682139,0.0100900456612,0.0070534546776,0.0266784075503,0.00227555791089,0.148731087053,0.174642717555,0.00911337191384,0.372399893588,0.36237364966,0.520079067272,0.463749628928,1.49648947986,0.0550297371922,3.4437560119,0.290178302205,13.3154445037,23.5851474438,29.2983005825,32.7596225916,34.4427109783,35.0525348392,35.0224566241,34.6984758456,34.2857958984,33.8898717481,33.5668666764,33.3332123124,33.1793696515,33.0744109072,32.954778328,32.7188638267,32.2086032569,31.1970690786,29.3847123497,26.4301925226,21.8608431065,14.865540967,3.00241670034,3.30877946892,4.94679222625,2.66797882134,0.0371614283836,1.25145093163,2.52850486013,2.17771992558,0.767839346421,0.00346129570018,0.75203627664,1.5134758839,1.42086858666
9.9,0.00408308924759,0.00594731704374,0.0163430856771,0.00969297665636,0.00167150708133,0.0974660728778,0.101955180032,0.00334894614397,0.453922034169,0.18167181269,0.700864924389,0.160623146089,1.57857676333,0.0765805411244,2.7290417114,2.10981543656,9.13879318294,21.3103344089,27.8671202738,31.9421117788,34.0610650967,34.9613737599,35.0856280745,34.827443552,34.4256335181,34.0110672324,33.6566799433,33.3892390602,33.2088891605,33.0941291004,32.9939320932,32.8243312243,32.4498660532,31.6700413594,30.2080051045,27.7369690307,23.831975175,17.8991868825,8.12380824156,1.13299993731,4.98378616732,3.76832389711,0.588745358953,0.590032121589,2.28590693314,2.46281091048,1.25692853911,0.0637153292686,0.440182158536,1.3598117859,1.54619712416
9.95,0.000564562937203,0.00232260305941,0.027643671751,0.000620238431595,0.0170268011597,0.0469881353508,0.0387797661665,0.0447194537193,0.486221832125,0.0461252794717,0.806511280542,0.00660627872947,1.44814559575,0.515827895041,1.66560531481,3.37662195356,3.7593297318,18.4699427404,26.0853675802,30.8773185396,33.5133671673,34.7770171389,35.1075783132,34.9474129042,34.572774925,34.1460117195,33.760482474,33.455475548,33.2419120292,33.1077616512,33.0142884213,32.8943944947,32.6354575174,32.0654739508,30.9362285923,28.9391711331,25.6797941633,20.6919000441,12.8056590978,0.498441370052,4.27259015159,4.66010598686,1.76690376408,0.057966408536,1.78685114946,2.59709910046,1.79488581257,0.356649977984,0.146400891531,1.09538996237,1.59630343851
10,0.000285691354868,0.000287127116898,0.037524842957,0.00232264361192,0.0436887383104,0.0122247314095,0.00434110568947,0.117934656649,0.456909181737,8.1528564946e-06,0.803113023437,0.0499565719738,1.13973391981,1.03802825213,0.634624966492,3.68014030259,0.0402426367239,15.1007691832,24.0220285546,29.6038577314,32.8067886188,34.4885325131,35.072564449,35.044677553,34.7179077783,34.2904374867,33.8788169722,33.5368133784,33.286683611,33.1254446725,33.02529153,32.9336714076,32.7581082419,32.3533096172,31.5015204596,29.9160959088,27.2260031162,23.0252018392,16.5014839857,5.60004042093,2.48506079103,5.05477167138,3.08527616108,0.148721715822,1.0989432285,2.50709627585,2.2375462784,0.828044473099,0.00343579877045,0.763655913023,1.54009335137
10.05,0.00341434477296,0.000291377790823,0.0439083535484,0.0146883606495,0.0762852520621,6.03566733216e-05,0.00558226128775,0.205525265245,0.367811661035,0.0502420099142,0.687737150756,0.253113042797,0.703165250629,1.43814701675,0.0324598955769,3.22151636238,1.52876485949,10.6423181569,21.4281882913,27.9755708411,31.8461549211,34.0378515153,34.950560121,35.1082485842,34.8599629714,34.4469728876,34.0143532477,33.6342180409,33.3422399728,33.1452305591,33.0263185358,32.9467309588,32.8332265733,32.5673807076,31.9647393076,30.7681941121,28.6326682379,25.1827119224,19.8127558948,11.2886493973,0.0189099175852,4.71590747709,4.30009466131,1.13863707773,0.318367691233,2.12280410181,2.54696536496,1.44301336205,0.109196851642,0.375516860525,1.34909130237
10.1,0.00899930280958,0.00242227878075,0.0442538841936,0.0336477954506,0.103318489576,0.0147379859442,0.0415370456257,0.274785131937,0.244436662584,0.17035482578,0.492187872493,0.506019425673,0.291816607114,1.57064559932,0.156002940895,2.22651403881,3.18922590433,5.06440602264,18.359399087,26.0539860908,30.6580711301,33.4205131634,34.7233584956,35.1185758484,34.9836040699,34.6061961971,34.1636478047,33.7498625918,33.4156615273,33.1779893924,33.0303388858,32.9456675732,32.86720555,32.6999058705,32.2906010072,31.4149057556,29.7572868621,26.9610534151,22.5206906217,15.6611640995,3.81487160995,3.21962900182,4.99676005993,2.58933754221,0.00696755605854,1.45854384773,2.6046929912,2.01211360398,0.499619841532,0.0817235111829,1.03987688976
10.15,0.0158011693975,0.00628486094192,0.0379708731293,0.0547028636631,0.117738672307,0.0524886174905,0.102268985224,0.30747555039,0.112653182342,0.319901608055,0.256478333829,0.721401422809,0.0303332422024,1.41761710476,0.73408118362,0.956712504196,3.6897649887,0.102463989159,14.3264315144,23.6015935894,29.0928106395,32.5382816817,34.3308958465,35.0459482285,35.0785487229,34.7679306195,34.3299629592,33.8867351927,33.5079776089,33.2226994502,33.0355193592,32.9306441596,32.866762447,32.7707065256,32.5205127558,31.9282852828,30.7170674561,28.5510510517,24.979635941,19.465459991,10.429418743,0.262769210699,4.91708069475,4.06179668239,0.749728970109,0.553634037819,2.32904148014,2.46657764502,1.14867653791,0.0185911014547,0.607354138819
10.2,0.0211520469702,0.0104485285238,0.0268453407612,0.0694286930147,0.112807885189,0.0979299688136,0.162424735417,0.288330692706,0.0232936351496,0.43244422659,0.0731347941187,0.807439359819,0.034609287187,1.03325067561,1.27976869529,0.106571565792,3.20267870637,1.58309303032,9.22093191348,20.6836972188,27.2060586799,31.4062264481,33.758567668,34.8649581364,35.1210161855,34.9148281585,34.5033238248,34.0421064165,33.6230336345,33.2890227662,33.0560629724,32.9185942549,32.8483030254,32.7902247638,32.6490512719,32.2712083711,31.4213307104,29.7906224199,26.9638483312,22.5001482051,15.4237963457,3.32483409747,3.53471501011,4.96437978284,2.29475355514,0.00454089198438,1.68972568655,2.63506273594,1.82287739924,0.322407785558,0.204631512107
10.25,0.0233740740266,0.013726656455,0.0134712402952,0.0730342134819,0.0883051297665,0.137199858618,0.203254213243,0.218962955154,0.00275909528293,0.47227496969,7.06138424673e-06,0.737570992644,0.265944510473,0.515623783749,1.55989794102,0.133648867312,1.98557449682,3.3851398385,2.38935116114,16.8275589831,24.7424529207,29.8597609636,32.8961106481,34.509679966,35.0789432465,35.0367564296,34.684461545,34.2202411422,33.7644890561,33.3781866442,33.0907843827,32.9074732467,32.8123327538,32.7670356502,32.7007412369,32.4938450795,31.9563354657,30.8182266071,28.7020125607,25.2068370001,19.660968284,10.6886179084,0.293474478297,4.95837879867,3.9905460336,0.653605406502,0.689005253122,2.4131132233,2.40453868866,0.999039597841,2.44441278384e-06
10.3,0.0211377275401,0.0145248575578,0.0034042887492,0.0628368271457,0.0532143013189,0.151529165107,0.204564794088,0.12568552959,0.0579284593387,0.417532456864,0.0663948088712,0.534656834218,0.557738699622,0.115267573297,1.46505554621,0.756972455861,0.648377457023,3.64940223441,0.432003453172,11.9519725009,21.769737991,27.9479569346,31.7477905159,33.9538909437,34.9181058302,35.1042640971,34.8528007335,34.4100285695,33.9300565484,33.4959382309,33.1525154095,32.9158622362,32.7812687618,32.7239321846,32.6927928248,32.5966725838,32.2867040297,31.5362321859,30.0117907656,27.3343488988,22.9585950143,16.1030919925,4.05103504479,3.34154291858,5.01259184065,2.36432863197,0.00885498928751,1.73433483578,2.65205893881,1.76519433246,0.238535038636
10.35,0.0147811764502,0.0123225126248,8.22845594607e-05,0.0410134322217,0.018228920384,0.133931133178,0.162818455613,0.0379290002088,0.163357173463,0.279955204562,0.231491705231,0.258252739045,0.770210930127,0.00941264982369,1.02973076243,1.37230119821,0.000125633544009,2.7539225295,2.96028262616,4.91449189197,17.7707531182,25.3844551032,30.1223669506,33.0688461461,34.5607460998,35.0801434757,34.9967462709,34.6128037406,34.125227411,33.6470485884,33.2431494893,32.9427398713,32.7529543741,32.6615830834,32.6351897296,32.6081380265,32.4706517666,32.0435943635,31.0503900486,29.1417801005,25.8363905199,20.6058470109,11.9906938996,0.00135761985368,4.8683180037,4.21919272134,0.784101685924,0.61087797889,2.42185189347,2.43159793603,0.968551024995
10.4,0.00713392841713,0.00793100426199,0.00537887740775,0.0175421648119,0.000721407447002,0.0905574659661,0.09556609414,0.000321235376946,0.25795236581,0.123771997542,0.390471853791,0.0516752548848,0.785949308455,0.224467584755,0.466420645405,1.57412045052,0.438292397029,1.25900537596,3.72092238102,0.0201859474126,12.6449894597,22.2351847242,28.0636616206,31.8465785164,33.9668790928,34.918392185,35.0784652746,34.8029787605,34.3364678823,33.8290792226,33.3701807375,33.0045215578,32.7513416778,32.6096424403,32.5599132708,32.5566151818,32.5210452225,32.3162735359,31.7235782266,30.4361228189,28.020004963,24.0249898968,17.5804040312,6.59683440205,2.56221681738,5.15373597163,2.76362252958,0.00670821625446,1.620062727,2.67498589291,1.83017666399
10.45,0.00114937522891,0.00291426472633,0.0173522144981,0.00165242585089,0.00819778362093,0.0368306720311,0.0281237837712,0.028329800669,0.297388829844,0.0133391578537,0.466342194124,0.00951094499338,0.592163242216,0.574007265427,0.0468691065103,1.30305088895,1.21424134726,0.0778463124369,2.94379545488,2.71695614814,4.99145116556,17.8866799682,25.222380579,30.0524122387,32.9747402781,34.5205817875,35.0497750926,34.9653153817,34.5652530228,34.0492587208,33.5403043988,33.1044603327,32.7759397102,32.5657251915,32.4671410748,32.4522594651,32.4689600288,32.4192860381,32.1432054564,31.3918957532,29.793473371,26.9280652313,22.1671281676,14.5500935655,1.21954483976,4.3763443357,4.66113952878,1.35048711568,0.356036758959,2.29179081558,2.53457087566
10.5,0.000390648174598,0.000154000940986,0.0288274454057,0.00286020852623,0.0361159142256,0.00357834769347,6.48671860534e-05,0.101762857394,0.253274739441,0.0156724808682,0.407664670778,0.144404524634,0.291919970182,0.787302508675,0.0632472853257,0.714766051315,1.57902010937,0.279027695989,1.3179354835,3.7463115819,0.133784069722,12.1643123064,21.6524325786,27.7237185649,31.562920426,33.8276840073,34.8468614678,35.048760795,34.777369217,34.2894337252,33.7495887361,33.2513068361,32.8469395805,32.5601050172,32.3956129869,32.3393170446,32.3588399589,32.3860925795,32.30882075,31.9360031842,30.9678807798,29.0198652736,25.5521668066,19.9743767234,10.4912375644,0.630049453711,5.17134373171,3.62969381239,0.211615581664,1.21167353371,2.66378368111
10.55,0.00543806590526,0.0011590684172,0.0335027054249,0.0208412371387,0.0695422145024,0.00793236236343,0.0256919536647,0.177754419166,0.141245401035,0.122283485575,0.234773058524,0.352384419041,0.0399986612036,0.743106666419,0.421536154967,0.128481020101,1.35937948542,1.15573816539,0.043289172541,2.86037191101,3.13468748964,3.37083811466,16.5345335849,24.4106609339,29.4260181739,32.6251639763,34.3337757212,34.9841130528,34.9485572461,34.5495631262,34.0072628151,33.4548363052,32.9703421938,32.5939884278,32.3433371002,32.2172241488,32.1997880785,32.2478464275,32.2896736694,32.1904323236,31.7322434173,30.5930564512,28.3024031863,24.3752937363,17.8847030662,6.63961551394,2.81971614558,5.17863145213,2.45718782329,0.0184316030041,1.9350114479
10.6,0.0128339631575,0.00537882925036,0.0271558243695,0.0427326011461,0.0834757205835,0.0462071404225,0.0846902259649,0.198197415705,0.035106233884,0.243957922568,0.0622861981482,0.462614754855,0.024514487872,0.462457420268,0.743168598202,0.0298186018082,0.714888270571,1.59276941132,0.429176666686,1.0231387635,3.69605560173,0.979866268834,9.44946467806,20.1267519507,26.5925208987,30.8745721296,33.4242364149,34.6792622031,35.0053189231,34.7804009319,34.2861558264,33.7068807669,33.1544818885,32.6905916594,32.347055745,32.1349450015,32.0508958218,32.0700025028,32.1488549579,32.1957850174,32.0622461546,31.5000177703,30.1238877836,27.4813567841,22.8986336296,15.4436239335,1.89729528362,4.37012965533,4.69899261763,1.22401272485,0.505109879622
10.65,0.0177024245989,0.0102052830588,0.0126655824026,0.0536796740233,0.0665630206172,0.0921422263868,0.13572426104,0.144522438063,0.00248348423715,0.292251459269,0.00251201916064,0.394642806019,0.22850244566,0.113149089805,0.779978142408,0.407268743243,0.0847819596942,1.30671728451,1.36656515813,0.00507294510651,2.17730523356,3.68864907208,0.164720613753,13.6252091036,22.4204510137,28.15222053,31.8118985579,33.9302131026,34.8354914336,34.9371466869,34.5801294158,34.0183216924,33.4138917385,32.8610039015,32.4118331165,32.0922736667,31.9110118041,31.8588501765,31.9140878488,32.0199802842,32.086706697,31.9435517903,31.3139179709,29.8064805758,26.8543251603,21.8757297728,13.3952836678,0.0589367319856,5.02538388916,4.13184481421,0.438411019071
10.7,0.0153779896218,0.0113529193492,0.00147302495699,0.0426942333733,0.0301242960712,0.10421390698,0.131722982102,0.0557959647521,0.0678377155431,0.218726177199,0.0996094858377,0.193798880147,0.428990294382,0.00450495114344,0.492204616442,0.764891906261,0.0864889813839,0.550885418958,1.59180324891,0.819282092876,0.271495863599,3.21628630308,2.91516359712,4.03297809957,16.7812026859,24.4647122218,29.4404330275,32.6116640558,34.2993858183,34.9056977414,34.811141976,34.3438107719,33.730144094,33.1093392183,32.5617220557,32.1314689405,31.8396170111,31.6898500078,31.6751794833,31.7625929603,31.9014408967,31.9801437591,31.8183132683,31.1152822788,29.4060765478,26.1688886086,20.563391435,11.0433721683,0.850300230611,5.31008688883,3.28104325201
10.75,0.00692382364086,0.00737736753071,0.00259083387587,0.0163335673399,0.00154968892523,0.0685421673188,0.0702842084993,0.000501905629178,0.16849367057,0.0725285413837,0.251992497059,0.0151321893638,0.438595214861,0.205234302459,0.0979819426865,0.75173918876,0.567791028972,0.00619749678474,0.960484552979,1.60718022283,0.405025516481,0.924714254704,3.66857673797,1.79715052164,7.28996426408,18.7551600536,25.6612512573,30.2545235468,33.0624563708,34.4838430579,34.8847331899,34.6577563903,34.1121866946,33.4564834227,32.8166575294,32.2656012473,31.8416446518,31.5629079114,31.434787412,31.4430768698,31.5648786774,31.7348955402,31.8530010577,31.7209973744,31.0163576548,29.2851283041,25.8672609018,20.0605256869,9.68164833545,1.68446359773,5.34678634974
10.8,0.000469950969648,0.00184671140557,0.0150592297285,0.000322228290209,0.00977764403703,0.0176429796931,0.00997126883036,0.0340187553685,0.191694650601,4.28730613044e-05,0.285629144748,0.0427704614185,0.234510793931,0.43668310133,0.0205273493106,0.370360632592,0.830185590386,0.279392709748,0.149370210116,1.34014097356,1.46394195105,0.0772603775163,1.64509079493,3.88466506236,0.594071604542,10.3077777416,20.3799791587,26.7790876974,30.94928757,33.4518179935,34.6079233119,34.8226822452,34.4753211769,33.8599552384,33.1676517693,32.513797794,31.9614691936,31.546156355,31.2843415361,31.1761147082,31.2149922949,31.3649800054,31.5754193333,31.7246999346,31.6179176847,30.9169844584,29.0934113435,25.5548476741,19.3057339303,8.20287755621,2.7491610502
10.85,0.00267574872188,0.000306168977756,0.0256946547199,0.011154930169,0.0456254407871,0.00234167452253,0.0117875048988,0.115255648219,0.104453827351,0.0725738960589,0.153482429025,0.22170890029,0.0166059829841,0.419616624261,0.296144949672,0.0129061091532,0.564731346828,0.785705704776,0.140990744343,0.347982914811,1.49227021527,1.32030375124,0.0118662240065,2.0473460374,3.91909228408,0.172195593658,11.2987955488,21.0373048417,27.1838696503,31.2277144491,33.5826150124,34.6184881654,34.731633991,34.308755643,33.6386240155,32.9089416218,32.2272737027,31.6572923665,31.2311563071,30.9641313239,30.8618220921,30.9096754465,31.0891641763,31.3345778453,31.5516569494,31.5352192043,30.9473975359,29.2864166702,25.8176146742,19.750215242,8.52005717999
10.9,0.0107859724279,0.00483837955828,0.0197457764897,0.03451541847,0.06112055755,0.0405976522946,0.0699930589894,0.132737966667,0.0100747662342,0.180699486862,0.0136173845834,0.292239200419,0.0604488966083,0.160706258487,0.478796136282,0.141557407066,0.0986874835158,0.733331164808,0.705098489374,0.0387591311669,0.524753238224,1.61249464604,1.19903985379,0.00552067258539,2.33980197068,3.90771296378,0.0104228356414,12.2605309732,21.5717694999,27.5795502387,31.4693111298,33.6990893724,34.6118193994,34.625946225,34.1284950465,33.406530955,32.638493517,31.9323588046,31.344603255,30.9085215701,30.6398241529,30.5390634978,30.6043061922,30.801774709,31.0927472611,31.362427951,31.4321648077,30.9597266152,29.394213861,26.0736113037,19.9406525259
10.95,0.0134505560079,0.00933371610001,0.0034837191768,0.0370465949517,0.0314959064684,0.076852875086,0.0994646569792,0.054661473114,0.0320519764694,0.162892815631,0.0499514346829,0.142706651201,0.264216205879,0.00181148434362,0.28794056364,0.461134272982,0.0832928847805,0.181230862853,0.777468448875,0.673075658964,0.0356096403974,0.549444190443,1.61866803326,1.26485163657,0.00134175793243,2.15854166063,4.00858322396,0.245527912223,11.1463937196,20.973509716,27.1880223773,31.2437776346,33.56794173,34.5225360432,34.5329787059,34.0051095512,33.2379495011,32.4239871137,31.6692179657,31.0387208596,30.5635916004,30.2607141715,30.1387476043,30.1863860416,30.3957777757,30.7115357094,31.0654477583,31.2770924984,31.0497900644,29.8787955343,26.9943239195
11,0.00545210585738,0.0060567240531,0.00210173261132,0.0120196719761,0.000845324888325,0.0481977749703,0.0467883934107,2.73576651462e-06,0.122803592043,0.0376323215061,0.180151369855,0.00205000693652,0.261286749931,0.175308393459,0.016945276392,0.382386456598,0.432225492819,0.0362580074523,0.226618639498,0.817993692714,0.678846463565,0.0324354289419,0.514684742529,1.62235462286,1.37488743445,0.0216501439145,1.88710885781,4.06276585984,0.795181619736,9.93467916553,20.270464953,26.7705192353,30.994127068,33.4278805277,34.4312768392,34.439981882,33.8802302342,33.0708977821,32.2064446871,31.406831106,30.7310408946,30.2168931503,29.8820939625,29.7311878586,29.7690095397,29.9710755541,30.3189489259,30.7240513227,31.0627293503,31.0468473656,30.1897294909
11.05,0.000220252328066,0.000144451196382,0.0175885560318,0.00190542563845,0.0215587657366,0.000865729414037,0.000269742940981,0.0595580110813,0.105753104568,0.0203986478696,0.147170309937,0.106542470796,0.0415833531298,0.297974702974,0.13448470491,0.0316146307358,0.388807882402,0.44219490711,0.0642155488641,0.175092408306,0.767612230127,0.786691547445,0.139368437804,0.275930829822,1.43057584369,1.66105667386,0.325928469637,0.963798814033,3.8174318179,2.66794786359,5.31292484333,17.7204308123,25.1503878924,29.9953674042,32.8969005167,34.2075072335,34.3743858667,33.8591579218,33.0218518617,32.1000995263,31.2213780359,30.4658661658,29.8696716937,29.4565118123,29.2387170229,29.2129118058,29.382819306,29.7121421939,30.1714834285,30.637357937,30.9224809471
11.1,0.00796156580973,0.00340193623411,0.0169266115276,0.0254075617399,0.0470233580351,0.0275910567478,0.048757373788,0.0978162131461,0.00868134689732,0.126361897562,0.00966978945856,0.199536508047,0.0443511454206,0.0941866113814,0.3110101056,0.113890687526,0.0313822542631,0.395330117409,0.476123400999,0.0991910221623,0.0978806522115,0.693852333103,0.886173892362,0.299232717563,0.0786889958768,1.14842736632,1.814359686,0.82358132633,0.2307286457,3.15354374255,3.85899739931,0.761331593649,14.6438177343,23.2698711173,28.8298059709,32.2491332999,33.9282692059,34.2917912502,33.8420710893,32.9941333063,32.0128338816,31.0630286886,30.2230417795,29.5462157785,29.0543098475,28.7607751295,28.6760446842,28.7885907585,29.1005769866,29.5599951251,30.1184783315
11.15,0.00933911553339,0.00759638195536,0.000446101921945,0.0234064986334,0.0131039354996,0.0559237521926,0.0648878631958,0.0167083838967,0.051252155518,0.081020653983,0.077842128336,0.0414382321984,0.205771665954,0.0394220169317,0.0837430445722,0.313381976471,0.180430590053,0.00295043927013,0.280882986664,0.528890785689,0.275611447475,0.000997301424935,0.400740848577,0.917547243003,0.703994757266,0.048692161124,0.443651475738,1.61981617023,1.67214351207,0.232878904762,1.20703918453,4.05675730007,2.44515096814,6.63678925762,18.7179503066,25.942721522,30.5722679567,33.151668034,34.1054185128,33.9423966689,33.1681597356,32.1499854931,31.0936298507,30.1285970706,29.3084508709,28.6745405986,28.2427782317,28.0216256145,28.0220137945,28.228017361,28.6440738095
11.2,0.000250188425067,0.00123625420731,0.0100452710435,6.5006832355e-05,0.00715630381879,0.00752797289051,0.00296369140505,0.0246118474931,0.0952791201849,0.00162888841214,0.130292356071,0.0416892178848,0.0654510599253,0.209944313789,0.0491314694223,0.0572306541706,0.295730545625,0.24629375339,0.0139670555005,0.155331426803,0.497773822519,0.450754589403,0.0749190273493,0.123278139785,0.71327998446,0.957356884921,0.425198027209,0.0183643689861,0.950126406463,1.89013042592,1.2639005714,0.00657149643201,2.51665202883,4.3363396462,0.128739138264,12.3897911297,22.1576318736,28.235606293,31.9427186658,33.6779274596,33.9598374513,33.3590944821,32.3400122002,31.2092821641,30.1170227748,29.162915213,28.3825832994,27.8076302504,27.4505326981,27.3151125391,27.414218837
11.25,0.00774166892904,0.00383076041968,0.0118401357836,0.0232182827976,0.036151551079,0.0290016809206,0.0463170180112,0.0684268169262,0.000732223702131,0.101883084525,0.000241167604204,0.133647228163,0.0616928580268,0.0291059304366,0.204853671449,0.133651922385,4.52423790136e-05,0.179515692698,0.342663937116,0.171556272187,0.000161962504071,0.239350251527,0.548678493011,0.43448265451,0.0565987324375,0.146276469046,0.751080528935,0.997929704441,0.464175692269,0.00975501833349,0.919177971088,1.93488523471,1.39608587497,0.00019607366495,2.41674441456,4.45900122499,0.258469973835,12.3466337682,22.3286339992,28.4384111382,32.0581884232,33.6074979949,33.6776025874,32.8965368098,31.7394257565,30.5100475544,29.3451828374,28.339909857,27.5232430263,26.9254709106,26.5575350162
11.3,0.00431130406911,0.0047851042181,0.000913542334596,0.00893770869043,0.000934440779022,0.0304313141127,0.0286340722099,1.40420402664e-05,0.0686823982762,0.0190697250663,0.0976237590612,0.000228268907936,0.125188191576,0.0990810361023,0.00166714840678,0.151369508067,0.216915508359,0.0491005389413,0.0330279897796,0.268698993883,0.345122126329,0.124541641213,0.00818937774057,0.292137852683,0.5819542896,0.441455604189,0.0567388224893,0.144957153266,0.762260190171,1.04478764243,0.530135157807,0.00144294391278,0.859021710278,1.96655695992,1.53945192624,0.0135115740054,2.30645371504,4.56900469195,0.383429612402,12.435779175,22.5879262738,28.6983471589,32.1868167903,33.5082537681,33.3440109902,32.3778206038,31.0864099909,29.765930277,28.5373729063,27.4901785867,26.6464317653
11.35,0.00501298557634,0.00205270323455,0.0123318169349,0.0157637548966,0.0301210764703,0.0156799507942,0.0282261023583,0.0586081090459,0.0054764713434,0.0719499766066,0.00486083061385,0.108476735909,0.0273196998011,0.0412553824504,0.158092626236,0.0714299117973,0.00502922507179,0.158069469997,0.237081370975,0.0894474785341,0.00471180957766,0.193519649094,0.375797622362,0.265899141939,0.0277193517754,0.0959228073355,0.461801557493,0.624435671855,0.332617792919,0.00330902885516,0.31693054357,0.959769666285,1.03309689428,0.34141975225,0.0867660576223,1.28472228734,2.13275404918,1.12887424725,0.185602414851,3.52037607237,4.25740615125,2.26298580223,17.3531407661,25.6811940655,30.6352873844,32.9180177514,33.2370192094,32.3960815592,31.0423341172,29.5820659989,28.1827007514
11.4,0.0023159737708,0.00319794095808,0.00220011759395,0.00404626293098,1.23053329738e-05,0.0177987656448,0.0143137507975,0.00177206369646,0.0599241395427,0.00474766143571,0.0819505410893,0.00287233059909,0.0742187767677,0.0979432081691,0.0026541758313,0.0746309255995,0.168833462358,0.0780445982178,0.00110019491194,0.129254195655,0.254702794428,0.165481490815,0.010384966704,0.0830188714575,0.322939447713,0.391480757183,0.178101670372,3.92050141478e-06,0.213238247386,0.587565648266,0.618680859969,0.228654087414,0.0113740665962,0.512311427522,1.11129191764,0.959581835184,0.160843627096,0.315816941369,1.72557598179,2.13666273829,0.542644096621,1.09059689718,4.56454511189,2.48420717998,9.8382635922,21.7141017283,28.506048095,32.0129020171,33.0238582479,32.4192702919,31.0481542366
11.45,0.00659225102855,0.00505705816663,0.00153564258037,0.0160720390632,0.0118496647003,0.0305213922363,0.0365511361033,0.0148562942207,0.01671396278,0.0461585124627,0.026489228178,0.0265311078116,0.0868058654536,0.0108393052152,0.0403231517608,0.124938276447,0.066407799956,0.000812069219017,0.093167613156,0.185120232333,0.112254833579,0.00320248157542,0.0704008826328,0.240462511289,0.264536761588,0.102006322743,0.000991046773373,0.162632825731,0.401068603001,0.401034379324,0.14419714808,0.00480286663196,0.2863584642,0.666283401274,0.641458620448,0.199972654549,0.033484088524,0.638687880921,1.22354335264,0.931418963903,0.0756857064747,0.567765545012,2.06712785495,2.04183672608,0.115452792899,2.40407326536,5.01955109308,0.0152301533395,16.1780297536,25.577049588,30.6989011303
11.5,0.004005314811,0.00178752296737,0.00873380032662,0.0119846621929,0.0210477627447,0.012420288735,0.0211394917101,0.0378738923626,0.00180420901455,0.0486935174431,0.00105509739578,0.0658399138561,0.0239261177327,0.0164282412041,0.0922414927738,0.0555180343413,3.08297656747e-05,0.0714836730431,0.138283911208,0.0750698620441,0.000751240047497,0.0658237260555,0.18490135605,0.179742541939,0.0547957835898,0.00594411904638,0.141012590463,0.295409217499,0.261515499921,0.0751379251917,0.00972389070529,0.215708864327,0.454495455479,0.41757482693,0.129701162629,0.013452372984,0.351035156826,0.738860429443,0.656246280824,0.162045243726,0.0793028473365,0.806449670037,1.32616876148,0.819491566469,0.0028806006146,1.02242088334,2.40801293585,1.5978940866,0.161273688763,4.17992182731,3.9484811693
11.55,nan,0.00373460412879,0.00274733533504,0.0131417986721,0.0123117254325,0.021027953896,0.0267758025258,0.0166247122031,0.00565883180668,0.0377501200992,0.0100158533492,0.0273969982899,0.0524080338401,0.00173012190133,0.038310981128,0.079415572191,0.0290806370523,0.00464010336314,0.0724811894818,0.11192821043,0.0529884030107,1.0178658246e-06,0.0564070856953,0.149682642565,0.144276486371,0.0459230600777,0.00247357616442,0.098747321074,0.221934018913,0.213364305035,0.077449888562,0.000903952991176,0.123186359334,0.314441929946,0.336291092588,0.148207392484,0.000253670017165,0.154958711016,0.460302845594,0.525322625895,0.23994448786,0.000147421283803,0.281694075573,0.7708153325,0.789098762073,0.24804009925,0.057184752529,0.860125732681,1.45387748695,0.825963590105,0.0086630507625
11.6,nan,0.00341158242513,-1.00143000148e-07,0.00685813679243,0.00222717590757,0.0161430001559,0.0160899164886,0.00116076400485,0.0214910668172,0.0122990762686,0.0302092887876,0.00154656626565,0.0456588916527,0.0259580239837,0.00219735753494,0.0508208067556,0.0620000521461,0.0115428927868,0.0100682523418,0.0718247772347,0.0914447807687,0.0366957862467,0.000132947930028,0.0505885579822,0.123369931473,0.117895073289,0.0398686829236,0.00117930764064,0.0719818227239,0.172968210321,0.176508770687,0.0735662289623,8.96737689673e-05,0.0757433283796,0.22724166151,0.270057097391,0.142714372091,0.0065412828983,0.0758184060599,0.30079795389,0.403943297964,0.240239838234,0.0163862948143,0.104964274686,0.458082430426,0.604416274647,0.318076702891,0.00374743102202,0.292717410151,0.852873128805,0.843025164331
11.65,nan,nan,0.00220792804107,0.00838255013591,0.00812724042434,0.0122147890642,0.015562988756,0.01037901373,0.00258663173241,0.0214723340377,0.00480089120062,0.0155482952434,0.0274103558897,0.000732397801106,0.0202314688632,0.0406015413989,0.0147196059857,0.00213621614617,0.0349244391036,0.0547937478883,0.0271161785348,0.000108064082509,0.0231402516219,0.0668995667958,0.068901197269,0.02603637338,4.72970125202e-05,0.0334332485482,0.0890269252686,0.0975193743484,0.0464143568871,0.00123188175809,0.0283167955668,0.104364187185,0.139746095647,0.088881925162,0.0124719452794,0.0160311770108,0.11197273326,0.188944098897,0.149928062706,0.0385865540312,0.00720175733231,0.12264128031,0.251025185746,0.224071562959,0.0668751846144,0.0060754210691,0.168585403709,0.350759536704,0.297954669009
11.7,nan,nan,0.00428931600844,0.00415534531756,0.00798433503207,0.00346930556465,0.0062768357511,0.0132144042543,0.00121691877014,0.0148436518075,0.000759475097393,0.0203531871395,0.00602595935845,0.00552826963563,0.0262355839024,0.0147103010273,1.61696951151e-05,0.0184899814764,0.0355100710996,0.0199108415214,0.000527200173998,0.0129561561613,0.0408587705291,0.0436578391473,0.0172053835721,1.26812072876e-05,0.0200105995695,0.0545013934601,0.0596222751112,0.0282023060154,0.000808630620963,0.0165186087147,0.0614610925228,0.0828770401745,0.0535817324996,0.00855264867665,0.00756165249418,0.0599290649317,0.106623865473,0.0899814236622,0.0276820653461,0.00114167692706,0.0550664904193,0.129503570055,0.131513173613,0.0543347153081,1.94725042373e-05,0.0565550162412,0.162540639755,0.177062399066,0.0740489712495
11.75,nan,nan,nan,0.00547143845043,0.00636770736128,0.00684555147184,0.00933576736736,0.00859511928109,0.000417612241514,0.0144656983483,0.00112141584526,0.0125846608559,0.0140713959623,1.27390569774e-05,0.0159574643563,0.0226428815254,0.00501143571193,0.00378043993463,0.0247711921001,0.0300322480094,0.0106632947431,0.00043029451443,0.0188952310356,0.040715967493,0.0345997672109,0.00913958503396,0.00118482026985,0.0250864953087,0.0524924254177,0.0490654881875,0.018385259199,6.1319805917e-06,0.0213934092609,0.0606405960572,0.0712528466835,0.0391274017415,0.00319569644292,0.012387260825,0.0622928441557,0.0948101927386,0.0690193440585,0.0151568772582,0.00493197334921,0.060957815148,0.118473092317,0.103243726637,0.0312340426086,0.00183189937923,0.0680099494871,0.149491045955,0.136105872031
11.8,nan,nan,nan,0.00453557420684,0.00305316862011,0.00754356680003,0.00851432452644,0.00296933913844,0.00416707966221,0.00894150384215,0.00637389798444,0.00395529461278,0.0169497739797,0.0034304192128,0.00486167487361,0.0211037717228,0.0146644014184,0.000239703252635,0.00972032090266,0.0275344051925,0.022899534478,0.00403992971435,0.00289594533808,0.0239410569093,0.0380868299711,0.0258237047322,0.00409089698923,0.00384234370908,0.0288289575859,0.0492689437055,0.0393665248154,0.0109113932354,0.000918453048052,0.0259028039393,0.0587908048917,0.0601721243806,0.0270612150483,0.000540094742269,0.0179743280467,0.0633213293162,0.0830226965888,0.0511769899541,0.00634169491145,0.010503492666,0.066603780172,0.106387730815,0.0773064786196,0.0152366986419,0.00815117663985,0.0772476246152,0.13510574494
11.85,nan,nan,nan,nan,0.00471825577799,0.000155570552706,0.00108042397499,0.010059005997,0.00713725198454,0.0067527169797,0.00751825981375,0.0165579620808,2.2376105132e-05,0.0167744525349,0.0218105149246,0.00214511159921,0.00791294599816,0.030813181885,0.0255472529972,0.00297361458715,0.00631117808408,0.0337620401579,0.0432621408939,0.0206838528286,0.000346395187177,0.0148010867382,0.0482496064832,0.0577103564818,0.0301311397817,0.001580861834,0.0131707569143,0.0558905350142,0.0790538430019,0.0532724379794,0.00939832853906,0.0061182114849,0.0555628668965,0.101549815876,0.0873085772755,0.0280197342091,0.000893095280917,0.051267895257,0.124205226308,0.127698597569,0.0530763893318,7.98295979273e-05,0.0540097821596,0.155891246373,0.171743372733,0.0739673573891,1.5247876905e-05
11.9,nan,nan,nan,nan,0.00200931939002,0.0100693005433,0.0104848833982,0.00142186736952,0.0109236042226,0.00900978490236,0.0157138902026,0.00193624018272,0.0273937623605,0.0122871670711,0.00259630774362,0.0315319484039,0.0331261280756,0.00423251714596,0.00835057431569,0.0434499507015,0.0492035377828,0.0164228844096,0.000703309390851,0.0324384524313,0.0694655782536,0.0604026343265,0.0172074397717,0.00176537967343,0.0430671196398,0.0934521653988,0.0890526015158,0.0335700231528,3.08952272903e-05,0.0415401689331,0.115836293635,0.1328331355,0.0680673006396,0.00316434311275,0.0338918199092,0.136973939371,0.187906274456,0.117666087179,0.013160856057,0.0301471753238,0.172296948524,0.259372913786,0.169571597861,0.0194636129907,0.0481948208851,0.255679591918,0.358898240903
11.95,nan,nan,nan,nan,nan,0.00203427566632,0.00508029385886,0.0191048469151,0.00614879871583,0.017918042241,0.00620040764421,0.0334109725818,0.00263198647834,0.0211936546693,0.0458813499371,0.011795273759,0.00612889213408,0.052510926237,0.0601738307063,0.0152934892092,0.0043327160165,0.0564919403459,0.0933010882771,0.058741331091,0.00530815702281,0.0197871864084,0.0946647283196,0.133453608215,0.0823872208852,0.00857205299729,0.0226991126116,0.12484386394,0.192040974514,0.136513517785,0.0248030432056,0.0173182052106,0.153705328328,0.273076204811,0.220370080146,0.0540546945613,0.0150951197536,0.206754401701,0.397520487991,0.327188467875,0.0716847930392,0.0354903008314,0.364400336209,0.612189171973,0.405093701245,0.0270703725395,0.217730737961
12,nan,nan,nan,nan,nan,0.0130688539415,0.0125783729954,9.27716592839e-05,0.0266468544128,0.00851113654866,0.0381978586256,0.000165570324992,0.0493936420431,0.0384872107258,0.000503929367301,0.0560155587358,0.0829481602417,0.0212758335093,0.00835982644077,0.0891007532083,0.126211410029,0.056206424612,3.87929890984e-06,0.0691025272509,0.177160476588,0.170446170293,0.0539661048841,0.00420364522047,0.127740339527,0.2799883217,0.258412383584,0.0809772173602,0.00648995866975,0.199398036519,0.438385396497,0.407452826678,0.123335678064,0.01658612596,0.365736606251,0.735422048434,0.603698011225,0.104969286324,0.149622083773,0.934937869952,1.28619657729,0.558342369915,0.0657801071988,1.54659502313,2.40209680043,0.677060544188,1.57617153542
12.05,nan,nan,nan,nan,nan,nan,0.0171428879968,0.0389508346115,0.00451961787614,0.0492672484967,0.00455681647672,0.0800127154311,0.0174563883457,0.0357133718723,0.122644048813,0.0489965151548,0.00738630484258,0.137549094669,0.18788058128,0.0580959787059,0.0108879311038,0.188128893174,0.319947247593,0.191405237852,0.0067729298253,0.131244402009,0.455159567008,0.51964308358,0.20224860703,0.00805841345005,0.432053017791,0.948846605392,0.797122684824,0.113282829371,0.314294734273,1.55268864368,1.85597194006,0.420368984562,1.02621622993,4.15954328236,2.36948342724,8.35788833892,20.4980099352,27.5923717746,31.8645544798,33.7914075596,34.011655534,33.2383845563,32.0356502136,30.7608488882,29.5716181253
12.1,nan,nan,nan,nan,nan,nan,0.0165998631986,0.00161807445732,0.0774824853872,0.0097576031692,0.121054631361,0.000991587254415,0.146878974251,0.151964755972,0.000358837678188,0.219940722058,0.343728125535,0.0707911898133,0.0887175498277,0.559423384513,0.607437565687,0.0982262519164,0.221986152643,1.17500882477,1.30848306423,0.185917461331,0.916867038508,3.34631234275,2.09861082107,4.91773022251,16.7014466563,24.0724007246,29.1052576272,32.4789477315,34.4889786219,35.4110854856,35.5785843609,35.3034732083,34.8266653403,34.3103628856,33.8488779029,33.494546305,33.2668243289,33.1521233655,33.1084039814,33.0294826851,32.7267257009,31.8796405451,29.9650127917,26.3853226003,20.1147636048
12.15,nan,nan,nan,nan,nan,nan,nan,0.119412463799,0.00544147828372,0.216532175685,0.0160904902811,0.425244074499,0.0661086714021,0.422866490787,0.915655711835,0.0295651402948,1.37631459584,2.43617519114,0.470525143439,12.3562585176,20.3997089202,25.8361183731,29.5095935491,32.0490379158,33.6543830874,34.5861193775,35.0081747234,35.0606766527,34.8307251238,34.3395813313,33.5655272302,32.4147158031,30.7490483034,28.3634829208,24.9719925302,20.1505070707,12.8958841442,1.52199638554,3.16631977168,4.1437693949,1.70610502655,0.0255681536865,1.50906468265,2.18187492628,1.28345610211,0.0921901513796,0.382274245294,1.22004790756,1.22221068148,0.458591522576,0.00261233335549
12.2,nan,nan,nan,nan,nan,nan,nan,0.0140377600566,0.605312681006,0.455066706851,1.18157304605,7.34307314424,18.0423558324,23.5727494493,26.502714462,27.7888839613,27.9116938133,26.9760012617,25.1907724348,22.2343844784,18.1133991581,11.8350646516,2.81353490499,1.34500582275,3.20964564957,2.08321748225,0.212360636319,0.416128426791,1.43048677663,1.48428898303,0.669109702202,0.0132311795264,0.323331159341,0.89862792962,0.951087552293,0.468979794269,0.0248638181739,0.157659026637,0.578753677373,0.709181671228,0.416010706431,0.0524659989673,0.0681960482403,0.384829523084,0.551811586328,0.368804851055,0.0637824120747,0.0347591077807,0.287392620436,0.443139990515,0.298883543829
12.25,nan,nan,nan,nan,nan,nan,nan,nan,19.8650361756,19.8176050722,15.3601010993,6.06007069115,0.649642406012,1.95161253937,0.246855805593,0.396567557805,1.00950657161,0.516659131517,0.00467493874594,0.306251954902,0.644377191422,0.46679268607,0.0840732341168,0.0438375887745,0.328174129756,0.486263964657,0.326747433662,0.0611963109241,0.0227711089775,0.226061067466,0.385817455802,0.315963686521,0.104148696803,0.000392132485158,0.11834362511,0.291759360711,0.311163265589,0.158326454936,0.0114818211822,0.045073074799,0.203341378953,0.282861921994,0.190103123156,0.0378043953704,0.0133240995751,0.139640847411,0.244752938197,0.193473786188,0.0507383087703,0.0048050093053,0.112010623714
12.3,nan,nan,nan,nan,nan,nan,nan,nan,0.125166357129,0.415755708801,0.0716338129623,0.371918420108,0.0346555231615,0.134020739165,0.282139475097,0.0837231399101,0.0133100330604,0.183406323165,0.22782339474,0.0811652861706,0.000690373381072,0.100287631213,0.206251198717,0.167517380995,0.0450962528877,0.00387384608114,0.0913188673731,0.184659255037,0.166958793606,0.0631457097626,0.000152609445774,0.0514485606085,0.148454379388,0.173884542488,0.0993571788596,0.0126140395954,0.0159786169847,0.101581949984,0.163801285686,0.128898837763,0.0379800137793,0.00108989783566,0.0619248739799,0.140792771093,0.139392968972,0.0593155743625,0.000655697336958,0.0391342541159,0.121176398914,0.136072604061,0.0636402113028
12.35,nan,nan,nan,nan,nan,nan,nan,nan,nan,0.0545210757736,0.102939777613,0.00419895975971,0.113887541913,0.0627555644384,0.00216182292314,0.0832724753373,0.10644752983,0.0270402050286,0.00557930799141,0.0744555039377,0.109859744845,0.0588738771019,0.0032208292957,0.0230531078142,0.0863443017047,0.106207168848,0.0582901034549,0.00513468087269,0.0144182663225,0.0724916255662,0.106719308185,0.0767500678462,0.0187900920279,0.00226416316677,0.0464909505174,0.0972857840609,0.0944671300908,0.0414756013796,0.00103198445698,0.0221385186963,0.0783984599206,0.100501083581,0.0614201944166,0.00901449252781,0.00859890373064,0.0602579250542,0.0973146461365,0.0715079096703,0.0155105572035,0.00399718110384,0.0522311297548
12.4,nan,nan,nan,nan,nan,nan,nan,nan,nan,0.0422430805077,0.0120521235616,0.0606203522478,0.00600464012932,0.0261633558035,0.0615687355109,0.0204266035004,0.00249519607299,0.0453424069841,0.062120286344,0.0247297474837,1.94889354994e-05,0.0273142469062,0.0627997882221,0.0552919812221,0.0169131935382,0.000623293717192,0.0282562235944,0.0633713350434,0.0615098513512,0.0256309070568,0.000345281670931,0.0167633763427,0.054849295339,0.068882349672,0.0422346793047,0.00663743716495,0.00493811571133,0.0393934966306,0.0686025709442,0.0573135968895,0.0187250851039,0.000135376319591,0.0248785358615,0.0619147885937,0.0649136876815,0.0296742268572,0.000707388048902,0.0163235348772,0.056066364448,0.0664404578431,0.0330128325177
12.45,nan,nan,nan,nan,nan,nan,nan,nan,nan,nan,0.0306124339277,6.0409385133e-05,0.0306955022996,0.0246772339277,1.53665365698e-06,0.0228289469828,0.0389765538141,0.0147766949157,0.000298509429404,0.0223346271365,0.0422260447698,0.0286654754005,0.00394999186335,0.00504750035238,0.0304965013061,0.0455255479471,0.0304668111666,0.00532365229823,0.00288008393149,0.0264856785087,0.046994970887,0.0396426484725,0.0133462784454,4.66245376887e-05,0.0163306822301,0.0428764744667,0.04801675907,0.0254638915302,0.00213363759068,0.00686122858192,0.0343912713603,0.0509333500343,0.0359585454638,0.00785467647231,0.00205624788008,0.026541002837,0.0500701186666,0.0416762703563,0.0118408866035,0.000720811858676,0.0239138161277
12.5,nan,nan,nan,nan,nan,nan,nan,nan,nan,nan,0.00140692340386,0.0227030386423,0.00571544806057,0.00586339186121,0.0248827504836,0.0133907538239,2.0360898076e-06,0.0146499186954,0.0282165894573,0.0163846081096,0.000809290450624,0.00746322842114,0.0261707963093,0.0296249744691,0.0133533366698,0.000194767938714,0.00848103090221,0.0277019729565,0.0333653623174,0.0185730559627,0.00188738658596,0.00423981529342,0.0232948634043,0.036237329494,0.0274785368644,0.00746967948755,0.000516150496592,0.0156145418759,0.0349262141172,0.0349632195485,0.0153964495644,0.000354484342232,0.00899036853766,0.0308992146162,0.0386066779325,0.0219558970555,0.00204857311896,0.00549712854564,0.0282836078679,0.0397289899688,0.0239918854329
12.55,nan,nan,nan,nan,nan,nan,nan,nan,nan,nan,nan,0.000527352721902,0.0106456964359,0.0145193789588,0.000905739254919,0.00687779566997,0.018936820804,0.0114887486599,0.000334542227274,0.00689311678777,0.0200700128435,0.0187171445272,0.00545026588453,0.000454364243506,0.011475554625,0.0236173232258,0.0206805054039,0.00670783938077,8.12160157932e-05,0.00964946827835,0.023865696712,0.0254232596815,0.0123655606074,0.000638911431055,0.00493633305474,0.0205566553739,0.0288846981042,0.0197488900862,0.00402892924422,0.00126058173732,0.0154276002848,0.029284804024,0.0255821984197,0.00872404340202,5.97609409559e-05,0.0113212782373,0.0283841227808,0.0287084671742,0.0114967667051,2.11858094867e-05,0.010435459637
12.6,nan,nan,nan,nan,nan,nan,nan,nan,nan,nan,nan,0.0101111281235,0.00552600895758,0.000905649672207,0.0115173510206,0.0100923450571,0.000704638804671,0.00453646936858,0.0144567538386,0.0123665431857,0.0023999275248,0.00143493371522,0.0114910162361,0.0179128884182,0.0116277342855,0.00158067051344,0.00185239770709,0.012527773649,0.0200749053206,0.0150656981454,0.00379561672193,0.000462757127976,0.00969099386591,0.0205930215548,0.0200016357795,0.00852881551897,0.00013131949366,0.00549816997721,0.0185983178328,0.0235023072187,0.0140153874198,0.00182549614656,0.00245436653167,0.0156300421402,0.0248985057346,0.0181291772305,0.00382157294787,0.00115581200922,0.0142315212513,0.0255243377196,0.0194377179333
12.65,nan,nan,nan,nan,nan,nan,nan,nan,nan,nan,nan,nan,0.0188519153299,0.00765929838735,0.0016176118296,0.0183852269134,0.0191180184691,0.00285943825384,0.00334902864256,0.020151542037,0.0242712733547,0.00967999501997,-1.64629128512e-07,0.010155529273,0.0258926748785,0.0258485008135,0.010328411838,2.04260092159e-05,0.00890635311268,0.0261956048715,0.0304626864006,0.016497386316,0.0014972465787,0.00424057286541,0.0220197954471,0.0335251812488,0.024771710866,0.00624679331313,0.000751166488897,0.0156790158057,0.0330931728901,0.0313063595149,0.0121976940503,2.6077852429e-05,0.0108572728763,0.0311109308501,0.0345183801296,0.0162121325253,0.000382303442448,0.00914832687197,0.0309775774891
12.7,nan,nan,nan,nan,nan,nan,nan,nan,nan,nan,nan,nan,0.00841876406469,0.0383725277189,0.0156032212448,0.00170359100122,0.0302801470338,0.0403331166224,0.0133950337254,0.00104719662121,0.0254748386783,0.0467161782958,0.0324043715324,0.0047730151008,0.00450567450841,0.0321913583962,0.0505883254061,0.0362402255272,0.00796553183573,0.0019404156438,0.0263389559968,0.0512836931286,0.0464100808076,0.0176354913426,2.49105564445e-05,0.0156342510469,0.0459443094194,0.054181966527,0.0301162303511,0.00310140645057,0.00688386882269,0.0372685982562,0.0564275172201,0.0398933764598,0.00814341741948,0.00265700112104,0.0311992847412,0.0558374391655,0.0434669877446,0.0104126860315,0.0021531446439
12.75,nan,nan,nan,nan,nan,nan,nan,nan,nan,nan,nan,nan,nan,0.0125350973142,0.0094127697778,0.0509535386282,0.0404736833045,0.00251492564909,0.014590233425,0.0534098974542,0.0519442468302,0.0146391165655,0.0011818771386,0.0315066079204,0.0617332065341,0.0511808439729,0.0148377520649,0.000772777692321,0.0277358086537,0.0616153180171,0.0603790876893,0.0258094902436,0.000450780090065,0.0158371805779,0.0535278178459,0.0678314796425,0.04139901463,0.00616339673643,0.00554555446655,0.0407574513758,0.0684135300107,0.0539591294045,0.0148533466921,0.000972553274421,0.0306386895596,0.0651666634127,0.0593799191191,0.0204130283444,0.0001934492115,0.0270064785162,0.0637875691553
12.8,nan,nan,nan,nan,nan,nan,nan,nan,nan,nan,nan,nan,nan,0.0233224076057,0.0759846990801,0.0342690676544,0.000500447940144,0.0477190257113,0.0799737689511,0.0406179962451,0.000815735641448,0.0253924965249,0.0744606015196,0.0762126587183,0.0298812406044,7.53738246592e-06,0.0273853332816,0.0752933899614,0.0822065502759,0.0402889225792,0.00216214876989,0.0153691579551,0.0634883162127,0.0876842003837,0.0588719027951,0.0117971173797,0.00395082911454,0.0451656674775,0.0847447272652,0.0740280378496,0.0256789481743,4.40469705559e-05,0.0298431204427,0.076588118861,0.0803905981865,0.0358572395393,0.000570979043173,0.0222593390975,0.0714098006615,0.0800859084188,0.0356985571514
12.85,nan,nan,nan,nan,nan,nan,nan,nan,nan,nan,nan,nan,nan,nan,0.0913452605657,0.0217771028465,0.00914710523893,0.0786715997244,0.090392676443,0.0274561591534,0.00171608822573,0.0531956504273,0.0992741573949,0.074095123765,0.0157163909961,0.00495125097163,0.0557009334841,0.100351140821,0.0822996041289,0.0250241737846,0.000581394519438,0.0391711225661,0.0923815905399,0.0955832155534,0.0450427949378,0.00197420415341,0.0192992579623,0.0751924321757,0.100905531555,0.0648776845254,0.0107945734812,0.00677778276499,0.057855940374,0.0978460689179,0.0754903612078,0.0191934160941,0.00259811249312,0.0481090781654,0.0934273280466,0.0758931020097,0.0187888294265
12.9,nan,nan,nan,nan,nan,nan,nan,nan,nan,nan,nan,nan,nan,nan,0.102495598405,0.0087963655896,0.0324838152479,0.116563267966,0.0943007882323,0.0129963032326,0.015152295748,0.0921094815906,0.121827573898,0.0643481871876,0.00392865925745,0.0232796163808,0.0936707094613,0.122331224498,0.0740319851034,0.0100468743531,0.010958059267,0.0742676542983,0.120748743967,0.0946195826221,0.0274064749237,0.00101227096877,0.0475728341658,0.108392642361,0.109028195762,0.0485997861428,0.00113461910507,0.0266792527188,0.0918450660531,0.11240041341,0.0617837651707,0.00528490027872,0.0174507098878,0.0809288310016,0.108847931416,0.062434092603,0.00491114257239
12.95,nan,nan,nan,nan,nan,nan,nan,nan,nan,nan,nan,nan,nan,nan,nan,0.0884795101102,0.144540731353,0.0532836360512,0.00115388730155,0.0783118579728,0.143742895125,0.0955870340565,0.0127214735043,0.0170063351472,0.0981636779113,0.142072485915,0.0922387784015,0.014796990604,0.0101344110936,0.081748514863,0.137482102916,0.109957727804,0.0331292743377,0.000820584153261,0.0521193565674,0.121843169422,0.125084953413,0.0580906938024,0.00208416750164,0.0268070343881,0.0997752847993,0.128017499373,0.076013630727,0.00940761045278,0.0140585153123,0.0826393482393,0.123056877067,0.0808660993606,0.0117871501676,0.0115564768196,0.0794037043309
13,nan,nan,nan,nan,nan,nan,nan,nan,nan,nan,nan,nan,nan,nan,nan,0.146029253967,0.0164570924516,0.0413896114157,0.156348449135,0.147365172561,0.0382105962004,0.00671692207137,0.0959903098695,0.167223945954,0.121854775046,0.0249162182292,0.00755392550601,0.0884816042325,0.158758461563,0.131735463241,0.042142464903,0.000489177145811,0.0571742513096,0.138819460964,0.145661126241,0.0701701055074,0.00342658617742,0.027519619318,0.110214350557,0.147077922735,0.0928401559565,0.0146730481143,0.011388358704,0.0855964649622,0.139060129579,0.101634796311,0.0213373055267,0.00639476878449,0.0759902562684,0.130660198841,0.0937722529178
13.05,nan,nan,nan,nan,nan,nan,nan,nan,nan,nan,nan,nan,nan,nan,nan,nan,0.199410151548,0.144658869858,0.0133271932468,0.0429841392845,0.166743191578,0.180500983796,0.0705633796768,5.76082708976e-06,0.0666651999921,0.169402530215,0.169962822318,0.0713402919549,0.000920221379092,0.0461495638126,0.144520076443,0.172951543482,0.0983836124658,0.0113845770013,0.0183290456643,0.107297243422,0.166353605834,0.124144290826,0.0314800992784,0.00328183431496,0.0734343534963,0.149386889268,0.134904148908,0.0481324455081,9.90558641428e-05,0.0537903933813,0.134446959529,0.132014011822,0.0490751366818,2.53130659667e-05,0.0532219651
13.1,nan,nan,nan,nan,nan,nan,nan,nan,nan,nan,nan,nan,nan,nan,nan,nan,0.00591805550205,0.0918060879758,0.230858888008,0.170223780734,0.0251479619457,0.0273917712502,0.158856224027,0.217429956701,0.126164483318,0.012148587824,0.0282083097854,0.14410841397,0.204859730023,0.137798938377,0.027145609994,0.00939191097841,0.10252595363,0.186381110746,0.159693388197,0.0553843069361,8.04594056591e-05,0.0607571705309,0.157295451232,0.168485674549,0.0807020567364,0.00353812168127,0.0348515709628,0.129903589945,0.163090423131,0.0909396918244,0.00728482207935,0.0256735583708,0.117516090204,0.151670761391,0.0800146439962
13.15,nan,nan,nan,nan,nan,nan,nan,nan,nan,nan,nan,nan,nan,nan,nan,nan,nan,0.0736032938382,0.0114837942161,0.174631948168,0.259290500246,0.14104146649,0.00847909356159,0.0509231647125,0.191245510347,0.231754916602,0.124356555253,0.00954211696351,0.03441493533,0.157672962065,0.219196796116,0.146626076444,0.028855442854,0.00985118497865,0.108660004159,0.197334513052,0.168454147779,0.057566462438,0.000188032557037,0.0666031774748,0.167584129942,0.174010967639,0.0777471048581,0.00175863521501,0.044355690138,0.143876375125,0.165529069144,0.0799858243335,0.00226703957725,0.0409238168149,0.136712323379
13.2,nan,nan,nan,nan,nan,nan,nan,nan,nan,nan,nan,nan,nan,nan,nan,nan,nan,0.321404106606,0.222980224718,0.0194519374007,0.0544232112437,0.236580004662,0.272553738123,0.122431699279,0.0024167095797,0.0702487402948,0.216955716961,0.247412396693,0.128098589256,0.00898286876041,0.0382719027535,0.16906967785,0.233834702894,0.156728596209,0.0309692074617,0.010338397032,0.115367930771,0.208629847292,0.175933071858,0.0577294272487,0.000576041080021,0.0753215374453,0.179555300591,0.177094504861,0.0708456029783,0.000219329579124,0.0585982171908,0.160005094963,0.163441643838,0.0637851673789,9.03420875292e-06
13.25,nan,nan,nan,nan,nan,nan,nan,nan,nan,nan,nan,nan,nan,nan,nan,nan,nan,nan,0.309469216786,0.309236734025,0.0927153361075,0.00666048073699,0.162822719297,0.302400159629,0.232886719024,0.055593325038,0.00810496472933,0.139870931072,0.264391774775,0.227866578292,0.078644011085,0.000129994232145,0.0855100488524,0.217185924182,0.232004293721,0.114316792812,0.00634920781225,0.0408215303961,0.166745724213,0.221398180317,0.137997799751,0.0206066498363,0.0186500968725,0.12934135287,0.201953927497,0.140774223503,0.0254305087927,0.0130852772355,0.116618058682,0.184189269655,0.120222373798
13.3,nan,nan,nan,nan,nan,nan,nan,nan,nan,nan,nan,nan,nan,nan,nan,nan,nan,nan,0.0157572530129,0.258118043741,0.380757611853,0.207807203084,0.0132166612571,0.0703909998621,0.264560777388,0.318253789484,0.170129630688,0.0129243540623,0.0466835520257,0.210117799545,0.287666532774,0.189409210051,0.035618703439,0.0142606705247,0.143249788385,0.252163053307,0.209168799273,0.0673961827915,0.000803880717781,0.0897340673147,0.211900306128,0.210291589004,0.0871510324987,0.000721273694801,0.0627133858197,0.181642420184,0.195200976613,0.0850910367834,0.000655599629506,0.059985680177,0.170950301457
13.35,nan,nan,nan,nan,nan,nan,nan,nan,nan,nan,nan,nan,nan,nan,nan,nan,nan,nan,nan,0.00393583518629,0.215670426128,0.404254120898,0.290896327089,0.0521518111086,0.0244289974298,0.216129081209,0.343750687525,0.250648881173,0.0593916409847,0.00924215789444,0.15129062054,0.290150420077,0.256544735933,0.0940333859437,1.08248150169e-05,0.0863338625932,0.232130104611,0.253627551329,0.126286043658,0.00730589474251,0.0454242752476,0.181786196186,0.235428353601,0.138297848733,0.0146129830856,0.0292712068087,0.155118435602,0.212628719127,0.123176966934,0.0107823644953,0.0348811188935
13.4,nan,nan,nan,nan,nan,nan,nan,nan,nan,nan,nan,nan,nan,nan,nan,nan,nan,nan,nan,0.243754900963,0.00189720870755,0.163772463272,0.405356262112,0.371176488956,0.126296827363,0.000961508659375,0.146921570483,0.337208588394,0.325872817666,0.135041192733,0.00164189176375,0.0853637698136,0.260740223683,0.305331463633,0.169361374512,0.0175429888324,0.0358232248226,0.188650611769,0.275480822065,0.190441080984,0.0381608345587,0.0125924769718,0.13968186338,0.24200963507,0.186265151413,0.0455072241705,0.00777749732707,0.120140581558,0.216922291674,0.161117658573,0.0302675586624
13.45,nan,nan,nan,nan,nan,nan,nan,nan,nan,nan,nan,nan,nan,nan,nan,nan,nan,nan,nan,nan,0.282205552241,0.00560032406903,0.138905335868,0.407268520445,0.416410559134,0.173329235609,0.001819568878,0.111807644224,0.323635355909,0.361451903607,0.187067698368,0.0137650843802,0.0532815697485,0.235646391841,0.323322654169,0.214145739985,0.0401126532727,0.0163438396936,0.162227240983,0.279306250585,0.221869152952,0.0623541352948,0.00399689767069,0.117968337241,0.241176707644,0.207885599727,0.0618424987593,0.00271839673318,0.108526898192,0.217603873358,0.172992374949
13.5,nan,nan,nan,nan,nan,nan,nan,nan,nan,nan,nan,nan,nan,nan,nan,nan,nan,nan,nan,nan,0.612388830023,0.323982707235,0.0185072779283,0.112492304573,0.39597361643,0.457475350055,0.234641904911,0.0144503734253,0.0737792631217,0.299504179107,0.389480788081,0.243002163079,0.0387223830421,0.0262820662371,0.203572464967,0.331824470348,0.257075118846,0.0715706162907,0.00425881434846,0.132563601268,0.276502702641,0.251000700334,0.0887715980815,0.000138059677427,0.0982489270264,0.23648488316,0.225452680947,0.0804220970116,0.000491577084273,0.0962864746341,0.217866388353
13.55,nan,nan,nan,nan,nan,nan,nan,nan,nan,nan,nan,nan,nan,nan,nan,nan,nan,nan,nan,nan,nan,0.633969130327,0.336004542539,0.0179000447514,0.109978775789,0.405805438947,0.480569144679,0.258422945502,0.0224836527327,0.0635567403385,0.293540125671,0.403837991022,0.26801399901,0.0514877283476,0.0191252433215,0.194116239689,0.337606654019,0.274559594452,0.0828470930736,0.00219276544467,0.127864218951,0.279024291053,0.259280320325,0.0951554266619,8.35865990988e-05,0.0985622738351,0.241597890085,0.228299622361,0.076877504044,0.00103029746769,0.105941059568
13.6,nan,nan,nan,nan,nan,nan,nan,nan,nan,nan,nan,nan,nan,nan,nan,nan,nan,nan,nan,nan,nan,0.523807496872,0.663602592557,0.347823035015,0.0229793781054,0.106903301487,0.408975885265,0.503372045604,0.288910761191,0.032687256666,0.0517676797118,0.285755796212,0.41692301552,0.293701193481,0.0658357249955,0.012789495703,0.184996551474,0.342251840837,0.290288130127,0.0951613211669,0.00105539637984,0.12281460941,0.282507664081,0.267689959755,0.0983098344075,3.92347249584e-05,0.102362630628,0.246695844429,0.228356536611,0.0733558102949,0.0025450057154
13.65,nan,nan,nan,nan,nan,nan,nan,nan,nan,nan,nan,nan,nan,nan,nan,nan,nan,nan,nan,nan,nan,nan,0.583183968725,0.671668818894,0.329709947045,0.0135308952055,0.125460280207,0.435562503948,0.515601554436,0.285524410883,0.0291189458542,0.0590295303302,0.300363093532,0.427360326704,0.293238854777,0.0614343821278,0.0167150140404,0.197797364661,0.352364823064,0.287806020798,0.0851094104927,0.00303970365312,0.139938330616,0.293891544318,0.259831995088,0.0836766237339,0.00203475487905,0.122881255903,0.259652679264,0.215049047625,0.0519386300578
13.7,nan,nan,nan,nan,nan,nan,nan,nan,nan,nan,nan,nan,nan,nan,nan,nan,nan,nan,nan,nan,nan,nan,0.192709960572,0.640442455385,0.683477950665,0.309433962609,0.0087319464804,0.145520728876,0.458496206505,0.527171496008,0.284617021384,0.0256397190376,0.0662485128013,0.315165713109,0.437462582225,0.292442754581,0.0558222998663,0.0211910654443,0.21313439316,0.361950651419,0.282070468654,0.075235029591,0.00703907774292,0.157579774724,0.305241186074,0.250226116858,0.0659063384962,0.00705189834786,0.148147040448,0.269249157468,0.194970306175
13.75,nan,nan,nan,nan,nan,nan,nan,nan,nan,nan,nan,nan,nan,nan,nan,nan,nan,nan,nan,nan,nan,nan,nan,0.289840190103,0.702476986269,0.664389699444,0.260720710138,0.000649300590729,0.18931037296,0.498180914886,0.524768699495,0.253499895923,0.0127026263066,0.092519826883,0.349200820949,0.442206929428,0.266566460248,0.0367306694654,0.0388600019831,0.246422445945,0.371517556166,0.257826818622,0.0491591954005,0.0200317306377,0.194832545714,0.316096147571,0.22046038069,0.0385715968534,0.0245850195884,0.186223627037,0.273683055
13.8,nan,nan,nan,nan,nan,nan,nan,nan,nan,nan,nan,nan,nan,nan,nan,nan,nan,nan,nan,nan,nan,nan,nan,0.00408771488221,0.376931301881,0.754275347189,0.643212662537,0.211411940493,0.00124393239932,0.236939968079,0.532808131255,0.517117794036,0.222081631392,0.00407666974322,0.123092400017,0.381492965762,0.441822021271,0.238580506197,0.0198879072242,0.0612963382241,0.281431821944,0.375393170616,0.226656182172,0.0277608073161,0.0419708066106,0.23086929703,0.318923595348,0.186301530416,0.0154376137796,0.0513598901426,0.224767049644
13.85,nan,nan,nan,nan,nan,nan,nan,nan,nan,nan,nan,nan,nan,nan,nan,nan,nan,nan,nan,nan,nan,nan,nan,nan,0.0413916115867,0.499955888813,0.793812586374,0.582061095311,0.143222231156,0.0174087077401,0.308322287146,0.569934458116,0.486270388904,0.167401632061,0.000329865199876,0.175404739355,0.422707382844,0.425834650778,0.187016295745,0.00377519006862,0.104771823888,0.325029915356,0.365378090895,0.177408723145,0.0059888331361,0.0818157947585,0.276425203396,0.30654661152,0.131898417935,0.000736081332845,0.100402429443
13.9,nan,nan,nan,nan,nan,nan,nan,nan,nan,nan,nan,nan,nan,nan,nan,nan,nan,nan,nan,nan,nan,nan,nan,nan,0.104144923949,0.115368912627,0.607178835565,0.811322110176,0.514517752969,0.0839813845342,0.0498880449717,0.38101809477,0.594731846935,0.444764879618,0.115252148163,0.0101624154128,0.233984881871,0.454732138684,0.396707859175,0.136229909063,0.000650582311188,0.15540167357,0.362171253713,0.341923070483,0.123278029227,0.000200284636767,0.134521138774,0.310477648432,0.275367141567,0.0799510849047,0.00646014468491
13.95,nan,nan,nan,nan,nan,nan,nan,nan,nan,nan,nan,nan,nan,nan,nan,nan,nan,nan,nan,nan,nan,nan,nan,nan,nan,0.0198258987462,0.233488535817,0.722502261305,0.795991821954,0.40785038821,0.028895277254,0.11426026541,0.466931005357,0.601874810241,0.373159561858,0.0573936842116,0.0437867220343,0.308801242642,0.476582298615,0.342755846087,0.0744812491487,0.01795341857,0.226321974147,0.388803732891,0.291156686027,0.064416903335,0.0176569776719,0.201322371865,0.330459293324,0.219924868378,0.0276403166752
14,nan,nan,nan,nan,nan,nan,nan,nan,nan,nan,nan,nan,nan,nan,nan,nan,nan,nan,nan,nan,nan,nan,nan,nan,nan,0.403773259518,0.000770799886884,0.37521703598,0.807516956472,0.748759365592,0.300838066566,0.00201620683554,0.196960191,0.541063862049,0.585342440647,0.293052470622,0.016902278618,0.0977487094924,0.380788546108,0.476674135061,0.273288999081,0.0283398309818,0.0599068387531,0.293983327322,0.392497478501,0.226834065699,0.0191881199353,0.0603139725529,0.266942049482,0.322579181681,0.148469004295
