supercell_repeats,device_length_mm,pump_GHz,Idc_A,Ip0_A,band_GHz,peak_gain_db,peak_frequency_GHz,mean_in_band_gain_db,median_in_band_gain_db,ripple_peak_to_peak_db,ripple_std_db,fraction_above_15db,fraction_above_17db,fraction_above_20db,bandwidth_regions_GHz,total_3db_bandwidth_GHz,finite,minimum_in_band_gain_db,maximum_in_band_gain_db,strict_pass
900,61.2,12.7,0.00019999999999999998,0.00015,"[4.0, 8.0]",28.69869125283334,7.999999999999986,28.020320011194606,28.171125754267422,1.4120592087474009,0.41360545254260894,1.0,1.0,1.0,"[(4.0, 7.999999999999986)]",4.099999999999985,True,27.286632044085938,28.69869125283334,True
900,61.2,12.75,0.00019999999999999998,0.00015,"[4.0, 8.0]",28.30420832877263,7.999999999999986,27.516293710879022,27.672551931526513,1.5990316201355377,0.42305522510864285,1.0,1.0,1.0,"[(4.0, 7.999999999999986)]",4.099999999999985,True,26.705176708637094,28.30420832877263,True
900,61.2,12.7,0.000225,0.00011999999999999999,"[4.0, 8.0]",27.338916292120498,7.999999999999986,26.495344643284785,26.62688238968066,1.675134703161195,0.44054171219195454,1.0,1.0,1.0,"[(4.0, 7.999999999999986)]",4.099999999999985,True,25.663781588959303,27.338916292120498,True
900,61.2,12.8,0.00019999999999999998,0.00017999999999999998,"[4.0, 8.0]",32.198519990713564,7.999999999999986,31.391152445551686,31.584866730344793,1.6802887022737565,0.4451464844475817,1.0,1.0,1.0,"[(4.0, 7.999999999999986)]",4.099999999999985,True,30.518231288439807,32.198519990713564,True
900,61.2,12.850000000000001,0.00019999999999999998,0.00017999999999999998,"[4.0, 8.0]",31.767857439743477,7.999999999999986,30.893131793877178,31.09589850677923,1.802966354983841,0.4371225531342388,1.0,1.0,1.0,"[(4.0, 7.999999999999986)]",4.099999999999985,True,29.964891084759635,31.767857439743477,True
900,61.2,12.8,0.00019999999999999998,0.00015,"[4.0, 8.0]",27.618838779936343,7.999999999999986,26.739309187713378,26.767239379381387,1.8178897049494758,0.4816194662617215,1.0,1.0,1.0,"[(4.0, 7.999999999999986)]",4.099999999999985,True,25.800949074986868,27.618838779936343,True
900,61.2,12.7,0.00019999999999999998,0.00011999999999999999,"[4.0, 8.0]",23.134681318273028,4.1,22.20332545388938,22.231874052363338,1.8219599955511576,0.5046324663832367,1.0,1.0,1.0,"[(4.0, 7.999999999999986)]",4.099999999999985,True,21.31272132272187,23.134681318273028,True
900,61.2,12.75,0.00019999999999999998,0.00017999999999999998,"[4.0, 8.0]",32.62370917641728,7.999999999999986,31.897010412527777,32.03414510186261,1.8828286173112225,0.4903097020625888,1.0,1.0,1.0,"[(4.0, 7.999999999999986)]",4.099999999999985,True,30.740880559106056,32.62370917641728,True
900,61.2,12.7,0.00025,0.00011999999999999999,"[4.0, 8.0]",31.34272021497351,7.999999999999986,30.34565716257423,30.580495085764884,1.9074391190156383,0.4853816351792133,1.0,1.0,1.0,"[(4.0, 7.999999999999986)]",4.099999999999985,True,29.435281095957873,31.34272021497351,True
900,61.2,12.75,0.000225,0.00011999999999999999,"[4.0, 8.0]",26.82351455794361,7.999999999999986,25.875611602815457,25.926528360006948,1.9189818895195287,0.5141040711819896,1.0,1.0,1.0,"[(4.0, 7.999999999999986)]",4.099999999999985,True,24.904532668424082,26.82351455794361,True
900,61.2,12.900000000000002,0.00019999999999999998,0.00017999999999999998,"[4.0, 8.0]",30.960542400560954,7.999999999999986,30.030542187315476,30.1281177000807,1.9298550240557226,0.4651814815515922,1.0,1.0,1.0,"[(4.0, 7.999999999999986)]",4.099999999999985,True,29.03068737650523,30.960542400560954,True
900,61.2,12.75,0.000225,0.00015,"[4.0, 8.0]",33.42629808869713,7.999999999999986,32.432832601205284,32.59391634571426,1.9836548705522006,0.5104712176506001,1.0,1.0,1.0,"[(4.0, 7.999999999999986)]",4.099999999999985,True,31.44264321814493,33.42629808869713,True
900,61.2,11.200000000000003,0.00025,0.00031999999999999997,"[4.0, 8.0]",30.75305277476662,6.89999999999999,29.917489533406535,30.04421373548272,2.0297272046251074,0.6398206738889619,1.0,1.0,1.0,"[(4.0, 7.999999999999986)]",4.099999999999985,True,28.72332557014151,30.75305277476662,True
900,61.2,12.75,0.00025,0.00011999999999999999,"[4.0, 8.0]",31.018349099161355,7.999999999999986,29.94899886949931,30.186369172630823,2.047717714759891,0.4863769879092292,1.0,1.0,1.0,"[(4.0, 7.999999999999986)]",4.099999999999985,True,28.970631384401464,31.018349099161355,True
900,61.2,12.8,0.000225,0.00015,"[4.0, 8.0]",32.955012418802184,7.999999999999986,31.915060902022432,32.135399456586036,2.056998840446038,0.4829446982566521,1.0,1.0,1.0,"[(4.0, 7.999999999999986)]",4.099999999999985,True,30.898013578356146,32.955012418802184,True
900,61.2,12.7,0.000225,0.00015,"[4.0, 8.0]",33.67195545445738,7.999999999999986,32.74749983535779,32.890733171541335,2.0912379161933075,0.5476200696454564,1.0,1.0,1.0,"[(4.0, 7.999999999999986)]",4.099999999999985,True,31.580717538264075,33.67195545445738,True
900,61.2,12.950000000000003,0.00019999999999999998,0.00021999999999999998,"[4.0, 8.0]",34.5289552532263,7.999999999999986,33.593059314532894,33.83799929492257,2.1049297427973244,0.4857533339128857,1.0,1.0,1.0,"[(4.0, 7.999999999999986)]",4.099999999999985,True,32.424025510428976,34.5289552532263,True
900,61.2,12.7,0.00019999999999999998,0.00017999999999999998,"[4.0, 8.0]",32.8734063587754,5.899999999999993,32.20125080874908,32.34492892137961,2.105250965489013,0.5430311830976982,1.0,1.0,1.0,"[(4.0, 7.999999999999986)]",4.099999999999985,True,30.768155393286385,32.8734063587754,True
900,61.2,12.950000000000003,0.00019999999999999998,0.00017999999999999998,"[4.0, 8.0]",29.96902639611903,4.1,28.92941447518803,28.922708867882875,2.1234889942564195,0.5443698663471522,1.0,1.0,1.0,"[(4.0, 7.999999999999986)]",4.099999999999985,True,27.84553740186261,29.96902639611903,True
900,61.2,12.900000000000002,0.00019999999999999998,0.00021999999999999998,"[4.0, 8.0]",35.17821067721506,7.999999999999986,34.2849749968889,34.42265880150909,2.1236825103424763,0.5453034472686258,1.0,1.0,1.0,"[(4.0, 7.999999999999986)]",4.099999999999985,True,33.054528166872586,35.17821067721506,True
900,61.2,13.000000000000004,0.00019999999999999998,0.00021999999999999998,"[4.0, 8.0]",33.57506169655066,7.999999999999986,32.620279384765915,32.784596933019444,2.1246566976017363,0.4614427073115926,1.0,1.0,1.0,"[(4.0, 7.999999999999986)]",4.099999999999985,True,31.450404998948926,33.57506169655066,True
900,61.2,12.850000000000001,0.000225,0.00015,"[4.0, 8.0]",32.57330585892174,7.999999999999986,31.49082734140128,31.65811572991306,2.1280630379649814,0.49193286668385844,1.0,1.0,1.0,"[(4.0, 7.999999999999986)]",4.099999999999985,True,30.44524282095676,32.57330585892174,True
900,61.2,12.8,0.00025,0.00011999999999999999,"[4.0, 8.0]",30.438587229573713,7.999999999999986,29.32049068462548,29.413072812710638,2.1349429327833533,0.5174817107497166,1.0,1.0,1.0,"[(4.0, 7.999999999999986)]",4.099999999999985,True,28.30364429679036,30.438587229573713,True
900,61.2,13.050000000000004,0.00019999999999999998,0.00021999999999999998,"[4.0, 8.0]",32.53874257066366,7.999999999999986,31.56693761849262,31.60247451974312,2.1544627247020998,0.4977848616039523,1.0,1.0,1.0,"[(4.0, 7.999999999999986)]",4.099999999999985,True,30.384279845961558,32.53874257066366,True
900,61.2,11.150000000000002,0.00025,0.00031999999999999997,"[4.0, 8.0]",33.68531027482869,6.89999999999999,32.82163096644644,32.94629545991297,2.1593775633459487,0.5919460072717304,1.0,1.0,1.0,"[(4.0, 7.999999999999986)]",4.099999999999985,True,31.52593271148274,33.68531027482869,True
900,61.2,11.05,0.00025,0.00029,"[4.0, 8.0]",33.43396716241894,6.69999999999999,32.5775932244653,32.69540898218619,2.177624141318784,0.5811593299497765,1.0,1.0,1.0,"[(4.0, 7.999999999999986)]",4.099999999999985,True,31.256343021100154,33.43396716241894,True
900,61.2,12.900000000000002,0.000225,0.00015,"[4.0, 8.0]",31.765139022200394,7.999999999999986,30.666797880272664,30.748711738184987,2.1933183712914186,0.5314234833718248,1.0,1.0,1.0,"[(4.0, 7.999999999999986)]",4.099999999999985,True,29.571820650908975,31.765139022200394,True
900,61.2,12.850000000000001,0.00019999999999999998,0.00015,"[4.0, 8.0]",27.186619863700283,4.1,26.0269793372251,26.047694994057228,2.207880797317305,0.5771104557669685,1.0,1.0,1.0,"[(4.0, 7.999999999999986)]",4.099999999999985,True,24.97873906638298,27.186619863700283,True
900,61.2,11.0,0.00025,0.00025,"[4.0, 8.0]",26.024781074272457,7.7999999999999865,25.09900449146593,25.195843036800586,2.2188788524660588,0.6853961706637292,1.0,1.0,1.0,"[(4.0, 7.999999999999986)]",4.099999999999985,True,23.8059022218064,26.024781074272457,True
900,61.2,13.000000000000004,0.00019999999999999998,0.00025,"[4.0, 8.0]",35.67587953678228,7.999999999999986,34.755473798030316,34.861709756806476,2.2255830103893715,0.5420018751061132,1.0,1.0,1.0,"[(4.0, 7.999999999999986)]",4.099999999999985,True,33.45029652639291,35.67587953678228,True
900,61.2,13.200000000000006,0.00019999999999999998,0.00029,"[4.0, 8.0]",35.01368086615863,7.999999999999986,34.171162583123824,34.29603326842298,2.2345526928558,0.4739419877548261,1.0,1.0,1.0,"[(4.0, 7.999999999999986)]",4.099999999999985,True,32.77912817330283,35.01368086615863,True
900,61.2,11.100000000000001,0.00025,0.00029,"[4.0, 8.0]",31.15986505020899,6.89999999999999,30.30371922272274,30.494639575341868,2.2542846792928657,0.6588707257804992,1.0,1.0,1.0,"[(4.0, 7.999999999999986)]",4.099999999999985,True,28.905580370916123,31.15986505020899,True
900,61.2,13.300000000000008,0.00019999999999999998,0.00029,"[4.0, 8.0]",34.245446498417984,7.999999999999986,33.44158397303007,33.45671934167726,2.2553009064729324,0.4753536250647612,1.0,1.0,1.0,"[(4.0, 7.999999999999986)]",4.099999999999985,True,31.99014559194505,34.245446498417984,True
900,61.2,13.050000000000004,0.00019999999999999998,0.00025,"[4.0, 8.0]",34.98976097095551,7.999999999999986,34.02525196234489,34.24206942828054,2.259490557977365,0.47790088031663647,1.0,1.0,1.0,"[(4.0, 7.999999999999986)]",4.099999999999985,True,32.73027041297814,34.98976097095551,True
900,61.2,13.250000000000007,0.00019999999999999998,0.00029,"[4.0, 8.0]",34.525572680694665,7.999999999999986,33.69324667370852,33.835074592796055,2.276522764111583,0.46551864884022226,1.0,1.0,1.0,"[(4.0, 7.999999999999986)]",4.099999999999985,True,32.24904991658308,34.525572680694665,True
900,61.2,13.100000000000005,0.00019999999999999998,0.00025,"[4.0, 8.0]",34.3130707192023,7.999999999999986,33.34272615646181,33.45912353007012,2.27679266194135,0.47080795863977065,1.0,1.0,1.0,"[(4.0, 7.999999999999986)]",4.099999999999985,True,32.03627805726095,34.3130707192023,True
900,61.2,11.0,0.00025,0.00029,"[4.0, 8.0]",35.32909690730169,6.69999999999999,34.41543480831482,34.449835634333155,2.299908825052519,0.5892688890150174,1.0,1.0,1.0,"[(4.0, 7.999999999999986)]",4.099999999999985,True,33.02918808224917,35.32909690730169,True
900,61.2,13.150000000000006,0.00019999999999999998,0.00025,"[4.0, 8.0]",33.80093943465612,7.999999999999986,32.84035102622269,32.86025391273939,2.3147788587736358,0.4998272820993275,1.0,1.0,1.0,"[(4.0, 7.999999999999986)]",4.099999999999985,True,31.486160575882487,33.80093943465612,True
900,61.2,13.150000000000006,0.00019999999999999998,0.00029,"[4.0, 8.0]",35.382063356932996,6.89999999999999,34.433044368494535,34.59469016657678,2.336052581781175,0.5174296965117002,1.0,1.0,1.0,"[(4.0, 7.999999999999986)]",4.099999999999985,True,33.04601077515182,35.382063356932996,True
900,61.2,12.850000000000001,0.00019999999999999998,0.00021999999999999998,"[4.0, 8.0]",35.64441120174167,7.999999999999986,34.811408132492225,34.94765234253505,2.3525919467517724,0.6051561318870349,1.0,1.0,1.0,"[(4.0, 7.999999999999986)]",4.099999999999985,True,33.291819254989896,35.64441120174167,True
900,61.2,12.850000000000001,0.00025,0.00011999999999999999,"[4.0, 8.0]",29.91100305457048,7.999999999999986,28.757536647525324,28.83689068028921,2.3639100006887546,0.5884695866188228,1.0,1.0,1.0,"[(4.0, 7.999999999999986)]",4.099999999999985,True,27.547093053881724,29.91100305457048,True
900,61.2,11.0,0.000225,0.00031999999999999997,"[4.0, 8.0]",19.907525798152047,7.099999999999989,18.909277703177597,18.95850981051997,2.382501459453639,0.6576019599543155,1.0,1.0,0.0,"[(4.0, 7.999999999999986)]",4.099999999999985,True,17.525024338698408,19.907525798152047,True
900,61.2,13.200000000000006,0.00019999999999999998,0.00025,"[4.0, 8.0]",33.55165250057005,4.1,32.55385572149391,32.58943302711798,2.4113453236860103,0.5347167371019831,1.0,1.0,1.0,"[(4.0, 7.999999999999986)]",4.099999999999985,True,31.14030717688404,33.55165250057005,True
900,61.2,13.100000000000005,0.00019999999999999998,0.00029,"[4.0, 8.0]",35.804792283942156,6.89999999999999,34.73362744488416,34.91931387907778,2.428211981978876,0.5658635930230119,1.0,1.0,1.0,"[(4.0, 7.999999999999986)]",4.099999999999985,True,33.37658030196328,35.804792283942156,True
900,61.2,12.8,0.000225,0.00011999999999999999,"[4.0, 8.0]",26.344500282677345,4.1,24.998476778272344,24.953968679220672,2.441778329935687,0.6348041013984506,1.0,1.0,1.0,"[(4.0, 7.999999999999986)]",4.099999999999985,True,23.902721952741658,26.344500282677345,True
900,61.2,11.0,0.00027499999999999996,0.00021999999999999998,"[4.0, 8.0]",31.057898133554897,7.7999999999999865,30.024782995798383,30.176507500630084,2.4477747187828207,0.725906192003849,1.0,1.0,1.0,"[(4.0, 7.999999999999986)]",4.099999999999985,True,28.610123414772076,31.057898133554897,True
900,61.2,13.100000000000005,0.00019999999999999998,0.00021999999999999998,"[4.0, 8.0]",31.838010873010756,4.1,30.62523857534902,30.585045182316147,2.4516874938086524,0.5927660088339554,1.0,1.0,1.0,"[(4.0, 7.999999999999986)]",4.099999999999985,True,29.386323379202103,31.838010873010756,True
900,61.2,11.05,0.00027499999999999996,0.00021999999999999998,"[4.0, 8.0]",29.003339548843265,7.999999999999986,27.771144958820447,27.78989818897489,2.4579189918685174,0.7398348766893194,1.0,1.0,1.0,"[(4.0, 7.999999999999986)]",4.099999999999985,True,26.545420556974747,29.003339548843265,True
900,61.2,12.75,0.00019999999999999998,0.00011999999999999999,"[4.0, 8.0]",22.7669311764196,4.1,21.393649871091,21.350320510240888,2.460433667380805,0.6394035141711067,1.0,1.0,1.0,"[(4.0, 7.999999999999986)]",4.099999999999985,True,20.306497509038795,22.7669311764196,True
900,61.2,12.950000000000003,0.000225,0.00015,"[4.0, 8.0]",30.735682301378127,4.1,29.469972801856827,29.491495487330937,2.4663455943650128,0.6314777484915912,1.0,1.0,1.0,"[(4.0, 7.999999999999986)]",4.099999999999985,True,28.269336707013114,30.735682301378127,True
900,61.2,13.050000000000004,0.000225,0.00017999999999999998,"[4.0, 8.0]",33.895343698756804,7.999999999999986,32.66847816672112,32.74602696120298,2.4693731532471475,0.576389510576553,1.0,1.0,1.0,"[(4.0, 7.999999999999986)]",4.099999999999985,True,31.425970545509657,33.895343698756804,True
900,61.2,13.300000000000008,0.00019999999999999998,0.00031999999999999997,"[4.0, 8.0]",33.566746278468294,6.0999999999999925,32.23740158526991,32.28215618689694,2.482141867757324,0.5576258511190745,1.0,1.0,1.0,"[(4.0, 7.999999999999986)]",4.099999999999985,True,31.08460441071097,33.566746278468294,True
900,61.2,11.100000000000001,0.00025,0.00031999999999999997,"[4.0, 8.0]",36.13804134273875,6.69999999999999,35.1356379368035,35.19690164490108,2.49364665879871,0.6242659641546853,1.0,1.0,1.0,"[(4.0, 7.999999999999986)]",4.099999999999985,True,33.64439468394004,36.13804134273875,True
900,61.2,12.8,0.00019999999999999998,0.00021999999999999998,"[4.0, 8.0]",35.926573920202344,5.899999999999993,35.16643107025204,35.33064251997884,2.50755695510626,0.654896333651654,1.0,1.0,1.0,"[(4.0, 7.999999999999986)]",4.099999999999985,True,33.419016965096084,35.926573920202344,True
900,61.2,12.950000000000003,0.00019999999999999998,0.00025,"[4.0, 8.0]",36.373103164962956,6.69999999999999,35.40139922741758,35.58803450414108,2.545936287065693,0.6299432851689863,1.0,1.0,1.0,"[(4.0, 7.999999999999986)]",4.099999999999985,True,33.82716687789726,36.373103164962956,True
900,61.2,13.000000000000004,0.000225,0.00017999999999999998,"[4.0, 8.0]",35.18345902510926,7.999999999999986,33.8835181259578,34.01655611597466,2.5582201512640736,0.5516478828632848,1.0,1.0,1.0,"[(4.0, 7.999999999999986)]",4.099999999999985,True,32.625238873845184,35.18345902510926,True
900,61.2,11.05,0.00025,0.00031999999999999997,"[4.0, 8.0]",37.8568993685765,6.69999999999999,36.78909185753183,36.82887311334807,2.609403731719688,0.653784771518375,1.0,1.0,1.0,"[(4.0, 7.999999999999986)]",4.099999999999985,True,35.24749563685681,37.8568993685765,True
900,61.2,13.050000000000004,0.00019999999999999998,0.00029,"[4.0, 8.0]",36.09982804173554,6.89999999999999,35.129572610925884,35.33078262880907,2.6301185613052596,0.6391992526192639,1.0,1.0,1.0,"[(4.0, 7.999999999999986)]",4.099999999999985,True,33.46970948043028,36.09982804173554,True
900,61.2,11.150000000000002,0.00025,0.00029,"[4.0, 8.0]",28.394787031564512,7.999999999999986,27.121195842825433,27.153743934832498,2.6648612896899024,0.7776332074621882,1.0,1.0,1.0,"[(4.0, 7.999999999999986)]",4.099999999999985,True,25.72992574187461,28.394787031564512,True
900,61.2,13.100000000000005,0.000225,0.00017999999999999998,"[4.0, 8.0]",32.967409086605095,4.1,31.601516761824552,31.579943640905807,2.6667332437314997,0.6748725293369632,1.0,1.0,1.0,"[(4.0, 7.999999999999986)]",4.099999999999985,True,30.300675842873595,32.967409086605095,True
900,61.2,13.250000000000007,0.00019999999999999998,0.00025,"[4.0, 8.0]",33.72100861220629,4.1,32.48099376926507,32.4731503508059,2.6796707695919366,0.591053855167182,1.0,1.0,1.0,"[(4.0, 7.999999999999986)]",4.099999999999985,True,31.041337842614354,33.72100861220629,True
900,61.2,13.200000000000006,0.00019999999999999998,0.00031999999999999997,"[4.0, 8.0]",34.31727776609002,6.0999999999999925,33.202803753271276,33.36857440072088,2.7020027141646246,0.626026204939728,1.0,1.0,1.0,"[(4.0, 7.999999999999986)]",4.099999999999985,True,31.615275051925398,34.31727776609002,True
900,61.2,13.050000000000004,0.00025,0.00015,"[4.0, 8.0]",32.73271349440966,7.999999999999986,31.412492730595197,31.491568744915668,2.7098473369270835,0.6580820245625221,1.0,1.0,1.0,"[(4.0, 7.999999999999986)]",4.099999999999985,True,30.022866157482575,32.73271349440966,True
900,61.2,12.8,0.00027499999999999996,0.00011999999999999999,"[4.0, 8.0]",33.927158995919804,7.999999999999986,32.42112739434067,32.551688232832724,2.725553780993618,0.6508688581138213,1.0,1.0,1.0,"[(4.0, 7.999999999999986)]",4.099999999999985,True,31.201605214926186,33.927158995919804,True
900,61.2,11.0,0.00025,0.00031999999999999997,"[4.0, 8.0]",39.299006627510764,5.699999999999994,38.21493342651192,38.33051382989628,2.7287943158632686,0.715425360053631,1.0,1.0,1.0,"[(4.0, 7.999999999999986)]",4.099999999999985,True,36.570212311647495,39.299006627510764,True
900,61.2,13.000000000000004,0.00025,0.00015,"[4.0, 8.0]",34.14299352600954,7.999999999999986,32.71913720331813,32.81092480516315,2.732575583471032,0.5965955224151712,1.0,1.0,1.0,"[(4.0, 7.999999999999986)]",4.099999999999985,True,31.41041794253851,34.14299352600954,True
900,61.2,12.950000000000003,0.000225,0.00017999999999999998,"[4.0, 8.0]",36.32835358073177,7.999999999999986,34.92960758606237,35.07978683765303,2.7395503142936946,0.6121929295438825,1.0,1.0,1.0,"[(4.0, 7.999999999999986)]",4.099999999999985,True,33.58880326643808,36.32835358073177,True
900,61.2,13.000000000000004,0.00019999999999999998,0.00017999999999999998,"[4.0, 8.0]",29.018524263588056,4.1,27.488048612319762,27.4142299618337,2.744766975265893,0.6914946000467771,1.0,1.0,1.0,"[(4.0, 7.999999999999986)]",4.099999999999985,True,26.273757288322162,29.018524263588056,True
900,61.2,12.7,0.00027499999999999996,0.00011999999999999999,"[4.0, 8.0]",34.45321394551974,7.999999999999986,32.949897300794625,32.895111860983015,2.7457513292734177,0.7394079624177942,1.0,1.0,1.0,"[(4.0, 7.999999999999986)]",4.099999999999985,True,31.707462616246325,34.45321394551974,True
900,61.2,12.950000000000003,0.00027499999999999996,0.00011999999999999999,"[4.0, 8.0]",31.75611905973137,7.999999999999986,30.375337542012453,30.533314769516497,2.802074300914928,0.6357044536401188,1.0,1.0,1.0,"[(4.0, 7.999999999999986)]",4.099999999999985,True,28.95404475881644,31.75611905973137,True
900,61.2,12.75,0.00027499999999999996,0.00011999999999999999,"[4.0, 8.0]",34.28917918308637,7.999999999999986,32.765260042162566,32.791638186883645,2.8031906287610475,0.7027949033536862,1.0,1.0,1.0,"[(4.0, 7.999999999999986)]",4.099999999999985,True,31.48598855432532,34.28917918308637,True
900,61.2,12.900000000000002,0.00019999999999999998,0.00015,"[4.0, 8.0]",26.51009143933715,4.1,24.910557874779247,24.80954945223751,2.808374533881967,0.7205487615918783,1.0,1.0,1.0,"[(4.0, 7.999999999999986)]",4.099999999999985,True,23.701716905455182,26.51009143933715,True
900,61.2,12.900000000000002,0.00027499999999999996,0.00011999999999999999,"[4.0, 8.0]",32.87942765943284,7.999999999999986,31.430104404365824,31.586698752945686,2.8103755172734637,0.6000955620768165,1.0,1.0,1.0,"[(4.0, 7.999999999999986)]",4.099999999999985,True,30.06905214215938,32.87942765943284,True
900,61.2,11.05,0.00025,0.00025,"[4.0, 8.0]",23.741451855140046,7.999999999999986,22.270105756047442,22.207364926415227,2.8135871395755174,0.8297251788679815,1.0,1.0,1.0,"[(4.0, 7.999999999999986)]",4.099999999999985,True,20.927864715564528,23.741451855140046,True
900,61.2,13.250000000000007,0.00019999999999999998,0.00031999999999999997,"[4.0, 8.0]",34.11451096780483,6.0999999999999925,32.64559130908589,32.7494922210471,2.8317860725885993,0.6134197365721047,1.0,1.0,1.0,"[(4.0, 7.999999999999986)]",4.099999999999985,True,31.282724895216234,34.11451096780483,True
900,61.2,12.850000000000001,0.00027499999999999996,0.00011999999999999999,"[4.0, 8.0]",33.602933907321294,7.999999999999986,32.10506740640233,32.329586531800125,2.833367355604782,0.624505381766535,1.0,1.0,1.0,"[(4.0, 7.999999999999986)]",4.099999999999985,True,30.769566551716512,33.602933907321294,True
900,61.2,11.100000000000001,0.00027499999999999996,0.00021999999999999998,"[4.0, 8.0]",26.549130413548426,7.999999999999986,24.898619378675114,24.73875257925542,2.841830720920459,0.8391233857734413,1.0,1.0,1.0,"[(4.0, 7.999999999999986)]",4.099999999999985,True,23.707299692627966,26.549130413548426,True
900,61.2,12.950000000000003,0.00025,0.00015,"[4.0, 8.0]",35.37277053309794,7.999999999999986,33.812623700686714,34.00411280530557,2.854009168292265,0.6482952279752958,1.0,1.0,1.0,"[(4.0, 7.999999999999986)]",4.099999999999985,True,32.51876136480568,35.37277053309794,True
900,61.2,12.900000000000002,0.00025,0.00011999999999999999,"[4.0, 8.0]",29.21149322897858,4.1,27.698519792359736,27.6533861204772,2.8638162472039106,0.7130725127231581,1.0,1.0,1.0,"[(4.0, 7.999999999999986)]",4.099999999999985,True,26.34767698177467,29.21149322897858,True
900,61.2,13.150000000000006,0.00019999999999999998,0.00021999999999999998,"[4.0, 8.0]",31.553452877649878,4.1,30.00005668171197,29.933070768710465,2.8662702542704572,0.6950750710502587,1.0,1.0,1.0,"[(4.0, 7.999999999999986)]",4.099999999999985,True,28.68718262337942,31.553452877649878,True
900,61.2,12.75,0.00019999999999999998,0.00021999999999999998,"[4.0, 8.0]",36.37801123257487,5.899999999999993,35.51011865702493,35.657518895331705,2.8825711528036564,0.728644098440109,1.0,1.0,1.0,"[(4.0, 7.999999999999986)]",4.099999999999985,True,33.495440079771214,36.37801123257487,True
900,61.2,12.900000000000002,0.000225,0.00017999999999999998,"[4.0, 8.0]",37.08696734142809,7.999999999999986,35.611162245659216,35.63495504744148,2.951550028159204,0.6979627976690315,1.0,1.0,1.0,"[(4.0, 7.999999999999986)]",4.099999999999985,True,34.13541731326889,37.08696734142809,True
900,61.2,11.0,0.000225,0.00029,"[4.0, 8.0]",16.50648410955886,7.999999999999986,15.234837773454467,15.160170077322057,2.7007770957232236,0.8131638228300395,0.6097560975609756,0.0,0.0,"[(4.0, 7.999999999999986)]",4.099999999999985,True,13.805707013835635,16.50648410955886,False
900,61.2,11.05,0.000225,0.00031999999999999997,"[4.0, 8.0]",17.794232107866723,7.7999999999999865,16.49211238409403,16.49765561003179,2.779177252499224,0.7658495496268215,1.0,0.3170731707317073,0.0,"[(4.0, 7.999999999999986)]",4.099999999999985,True,15.015054855367499,17.794232107866723,False
900,61.2,11.200000000000003,0.00027499999999999996,0.00017999999999999998,"[4.0, 8.0]",4.335903415259024,7.999999999999986,3.176030821503677,3.3585331735009154,2.8685921132265015,0.6806324707307243,0.0,0.0,0.0,"[(4.0, 7.999999999999986)]",4.099999999999985,True,1.4673113020325224,4.335903415259024,False
900,61.2,11.250000000000004,0.00025,0.00021999999999999998,"[4.0, 8.0]",3.704444820964561,7.599999999999987,2.6570588000719093,2.7229217020371754,2.936011431760152,0.7780445206531267,0.0,0.0,0.0,"[(4.0, 7.999999999999986)]",4.099999999999985,True,0.7684333892044093,3.704444820964561,False
900,61.2,12.900000000000002,0.00025,0.00015,"[4.0, 8.0]",36.18126930070303,7.999999999999986,34.502811539264066,34.508521838040465,3.0077609191193275,0.7427150255938744,1.0,1.0,1.0,"[(4.0, 6.299999999999992), (6.499999999999991, 7.999999999999986)]",3.999999999999986,True,33.1735083815837,36.18126930070303,False
900,61.2,11.100000000000001,0.000225,0.00031999999999999997,"[4.0, 8.0]",15.307106816055722,7.7999999999999865,13.69208099216242,13.572123456638025,3.0266172429962204,0.86971841511608,0.04878048780487805,0.0,0.0,"[(4.1, 7.999999999999986)]",3.999999999999986,True,12.280489573059501,15.307106816055722,False
900,61.2,11.200000000000003,0.00025,0.00029,"[4.0, 8.0]",25.22871354576264,7.999999999999986,23.503961169208026,23.391177030851548,3.026678260132339,0.8770654107880185,1.0,1.0,1.0,"[(4.0, 4.899999999999997), (5.099999999999996, 7.999999999999986)]",3.999999999999986,True,22.202035285630302,25.22871354576264,False
900,61.2,11.0,0.00027499999999999996,0.00015,"[4.0, 8.0]",3.530791767434846,5.499999999999995,2.3731936390561814,2.3482458357140628,3.0415715203213907,0.6745660646998848,0.0,0.0,0.0,"[(4.0, 4.1), (4.299999999999999, 7.999999999999986)]",3.999999999999986,True,0.48922024711345524,3.530791767434846,False
900,61.2,11.250000000000004,0.00025,0.00031999999999999997,"[4.0, 8.0]",26.68091008661564,7.999999999999986,24.955994038666937,24.862979644132402,3.046823442119525,0.877434357414608,1.0,1.0,1.0,"[(4.0, 4.299999999999999), (4.499999999999998, 7.999999999999986)]",3.999999999999986,True,23.634086644496115,26.68091008661564,False
900,61.2,12.850000000000001,0.000225,0.00011999999999999999,"[4.0, 8.0]",25.979444167958682,4.1,24.228309706989982,24.11474096850672,3.0671087636874326,0.7777318226766934,1.0,1.0,1.0,"[(4.0, 6.299999999999992), (6.499999999999991, 7.999999999999986)]",3.999999999999986,True,22.91233540427125,25.979444167958682,False
900,61.2,11.200000000000003,0.00025,0.00021999999999999998,"[4.0, 8.0]",3.2538895513776773,6.299999999999992,1.9975784433920587,2.0829447173761033,3.078073339641211,0.7157704068101376,0.0,0.0,0.0,"[(4.0, 4.1), (4.299999999999999, 7.999999999999986)]",3.999999999999986,True,0.17581621173646647,3.2538895513776773,False
900,61.2,11.05,0.00027499999999999996,0.00015,"[4.0, 8.0]",3.715879449293733,6.499999999999991,2.6343126312214755,2.8050930007888066,3.0798637470888424,0.7357576417986222,0.0,0.0,0.0,"[(4.0, 4.1), (4.299999999999999, 7.999999999999986)]",3.999999999999986,True,0.6360157022048906,3.715879449293733,False
900,61.2,13.150000000000006,0.000225,0.00017999999999999998,"[4.0, 8.0]",32.720154413299724,4.1,31.029815070482172,30.99253723882462,3.086409323406013,0.7746654399615898,1.0,1.0,1.0,"[(4.0, 6.0999999999999925), (6.299999999999992, 6.299999999999992), (6.499999999999991, 7.999999999999986)]",3.899999999999986,True,29.63374508989371,32.720154413299724,False
900,61.2,12.900000000000002,0.00019999999999999998,0.00025,"[4.0, 8.0]",36.99966644475295,6.69999999999999,35.822882224338436,36.0631538511874,3.0955122814679115,0.7211006987913713,1.0,1.0,1.0,"[(4.1, 7.999999999999986)]",3.999999999999986,True,33.904154163285035,36.99966644475295,False
900,61.2,12.850000000000001,0.000225,0.00017999999999999998,"[4.0, 8.0]",37.531781270336964,7.999999999999986,36.013347399587225,36.04070400624376,3.136217193527017,0.7708919302628895,1.0,1.0,1.0,"[(4.0, 6.0999999999999925), (6.299999999999992, 7.999999999999986)]",3.999999999999986,True,34.39556407680995,37.531781270336964,False
900,61.2,12.850000000000001,0.00025,0.00015,"[4.0, 8.0]",36.65133140539587,7.999999999999986,34.88540853278539,34.797667570916644,3.1457939323410855,0.829132755192516,1.0,1.0,1.0,"[(4.0, 6.0999999999999925), (6.299999999999992, 6.299999999999992), (6.499999999999991, 7.999999999999986)]",3.899999999999986,True,33.50553747305479,36.65133140539587,False
900,61.2,12.8,0.00019999999999999998,0.00011999999999999999,"[4.0, 8.0]",22.176889433942364,4.1,20.289481652194866,20.13446094857199,3.1490253354357343,0.8204852045452388,1.0,1.0,0.5853658536585366,"[(4.0, 5.899999999999993), (6.0999999999999925, 6.0999999999999925), (6.299999999999992, 6.299999999999992), (6.499999999999991, 6.499999999999991), (6.69999999999999, 7.999999999999986)]",3.699999999999987,True,19.02786409850663,22.176889433942364,False
900,61.2,13.150000000000006,0.00019999999999999998,0.00031999999999999997,"[4.0, 8.0]",35.11692259905108,6.89999999999999,33.84048257787311,33.99339510700514,3.1586851464001704,0.6989680129198389,1.0,1.0,1.0,"[(4.1, 7.999999999999986)]",3.999999999999986,True,31.95823745265091,35.11692259905108,False
900,61.2,13.300000000000008,0.00019999999999999998,0.00025,"[4.0, 8.0]",33.616844021070136,4.1,31.972878705660417,31.904806429787133,3.160623476555326,0.7004283333098303,1.0,1.0,1.0,"[(4.0, 6.0999999999999925), (6.299999999999992, 7.999999999999986)]",3.999999999999986,True,30.45622054451481,33.616844021070136,False
900,61.2,11.150000000000002,0.00027499999999999996,0.00017999999999999998,"[4.0, 8.0]",3.7362102382949507,6.0999999999999925,2.2669013552115422,2.224301128267443,3.1852913438484496,0.734988869506626,0.0,0.0,0.0,"[(4.1, 7.999999999999986)]",3.999999999999986,True,0.5509188944465013,3.7362102382949507,False
900,61.2,11.200000000000003,0.000225,0.00029,"[4.0, 8.0]",1.210425056393534,7.599999999999987,-0.15446767140053688,-0.021012265255078984,3.1879172067321715,0.7192934959013371,0.0,0.0,0.0,"[(4.0, 4.299999999999999), (4.499999999999998, 7.999999999999986)]",3.999999999999986,True,-1.9774921503386378,1.210425056393534,False
900,61.2,13.100000000000005,0.00025,0.00015,"[4.0, 8.0]",31.961626591250855,4.1,30.280861051135755,30.266470664875712,3.1988302869924574,0.7951778393475065,1.0,1.0,1.0,"[(4.0, 6.299999999999992), (6.499999999999991, 6.499999999999991), (6.69999999999999, 7.999999999999986)]",3.899999999999986,True,28.762796304258398,31.961626591250855,False
900,61.2,13.000000000000004,0.00027499999999999996,0.00011999999999999999,"[4.0, 8.0]",30.471015374190102,4.1,28.82560144668449,28.79427591987502,3.2002909363406964,0.7842385424797953,1.0,1.0,1.0,"[(4.0, 6.299999999999992), (6.499999999999991, 6.499999999999991), (6.69999999999999, 7.999999999999986)]",3.899999999999986,True,27.270724437849406,30.471015374190102,False
900,61.2,13.200000000000006,0.00019999999999999998,0.00021999999999999998,"[4.0, 8.0]",31.515542463620573,4.1,29.70375931856796,29.555185768948235,3.2022299124221085,0.7757095585957016,1.0,1.0,1.0,"[(4.0, 6.0999999999999925), (6.299999999999992, 6.299999999999992), (6.499999999999991, 7.999999999999986)]",3.899999999999986,True,28.313312551198464,31.515542463620573,False
900,61.2,12.8,0.000225,0.00017999999999999998,"[4.0, 8.0]",37.68782848558868,7.999999999999986,36.1846746189821,36.161533742574996,3.212412592964057,0.8074775800273791,1.0,1.0,1.0,"[(4.0, 6.0999999999999925), (6.299999999999992, 7.999999999999986)]",3.999999999999986,True,34.475415892624625,37.68782848558868,False
900,61.2,13.000000000000004,0.000225,0.00015,"[4.0, 8.0]",29.64755546113394,4.1,27.821190704676283,27.674556950130473,3.217373428599835,0.8110174278166956,1.0,1.0,1.0,"[(4.0, 6.0999999999999925), (6.299999999999992, 6.299999999999992), (6.499999999999991, 6.499999999999991), (6.69999999999999, 7.999999999999986)]",3.7999999999999865,True,26.430182032534105,29.64755546113394,False
900,61.2,12.7,0.00019999999999999998,0.00021999999999999998,"[4.0, 8.0]",36.608882296553425,6.499999999999991,35.6284230868215,35.76933818441458,3.2229572866218206,0.7910158803604365,1.0,1.0,1.0,"[(4.1, 7.999999999999986)]",3.999999999999986,True,33.385925009931604,36.608882296553425,False
900,61.2,11.200000000000003,0.00027499999999999996,0.00025,"[4.0, 8.0]",31.942386232831247,7.999999999999986,30.137542167882657,30.10085608745188,3.227391068247158,0.9239446112077584,1.0,1.0,1.0,"[(4.1, 4.1), (4.299999999999999, 4.299999999999999), (4.499999999999998, 4.499999999999998), (4.6999999999999975, 4.6999999999999975), (4.899999999999997, 4.899999999999997), (5.099999999999996, 7.999999999999986)]",3.4999999999999876,True,28.71499516458409,31.942386232831247,False
900,61.2,12.8,0.00025,0.00015,"[4.0, 8.0]",36.80605064803887,7.999999999999986,35.02207261804824,34.97991157567018,3.2299381332219568,0.869372066272424,1.0,1.0,1.0,"[(4.1, 4.1), (4.299999999999999, 4.299999999999999), (4.499999999999998, 6.0999999999999925), (6.299999999999992, 6.299999999999992), (6.499999999999991, 7.999999999999986)]",3.599999999999987,True,33.57611251481691,36.80605064803887,False
900,61.2,11.150000000000002,0.00027499999999999996,0.00025,"[4.0, 8.0]",34.767654627619635,7.999999999999986,33.17841569145279,33.24432081265107,3.2594418765156874,0.9428156816496938,1.0,1.0,1.0,"[(4.1, 4.1), (4.299999999999999, 4.299999999999999), (4.499999999999998, 4.499999999999998), (4.6999999999999975, 7.999999999999986)]",3.699999999999987,True,31.508212751103947,34.767654627619635,False
900,61.2,11.05,0.00025,0.00017999999999999998,"[4.0, 8.0]",3.3703036492559746,6.0999999999999925,2.299141372833572,2.466007623192256,3.3069099964839084,0.6876936826126153,0.0,0.0,0.0,"[(4.1, 7.999999999999986)]",3.999999999999986,True,0.06339365277206606,3.3703036492559746,False
900,61.2,11.100000000000001,0.00027499999999999996,0.00025,"[4.0, 8.0]",37.05347010508567,7.999999999999986,35.61252447485962,35.78919640058831,3.336043789292603,0.9692364917851927,1.0,1.0,1.0,"[(4.1, 4.1), (4.299999999999999, 4.299999999999999), (4.499999999999998, 7.999999999999986)]",3.7999999999999865,True,33.71742631579307,37.05347010508567,False
900,61.2,12.75,0.000225,0.00017999999999999998,"[4.0, 8.0]",37.893517525460325,7.999999999999986,36.386828336921894,36.39872682227286,3.336671075064068,0.8630240932914992,1.0,1.0,1.0,"[(4.1, 6.0999999999999925), (6.299999999999992, 7.999999999999986)]",3.899999999999986,True,34.55684645039626,37.893517525460325,False
900,61.2,11.100000000000001,0.00027499999999999996,0.00015,"[4.0, 8.0]",3.479549813773226,7.299999999999988,2.26242132649028,2.3176012665519483,3.338535766885141,0.8703836800674314,0.0,0.0,0.0,"[(4.0, 4.1), (4.299999999999999, 7.999999999999986)]",3.999999999999986,True,0.1410140468880853,3.479549813773226,False
900,61.2,13.000000000000004,0.00019999999999999998,0.00029,"[4.0, 8.0]",36.523267153986914,6.69999999999999,35.313494954423746,35.51873441190906,3.340794374921167,0.7560238526160461,1.0,1.0,1.0,"[(4.1, 7.999999999999986)]",3.999999999999986,True,33.18247277906575,36.523267153986914,False
900,61.2,11.100000000000001,0.00027499999999999996,0.00017999999999999998,"[4.0, 8.0]",1.3229637132912324,6.0999999999999925,-0.19296036868936398,-0.18361467241912177,3.3424406057348803,0.7882722663239793,0.0,0.0,0.0,"[(4.1, 4.6999999999999975), (4.899999999999997, 7.999999999999986)]",3.899999999999986,True,-2.019476892443648,1.3229637132912324,False
900,61.2,13.300000000000008,0.00027499999999999996,0.00015,"[4.0, 8.0]",35.03926365164589,7.999999999999986,33.23229474294007,33.401329545964906,3.3513690071188655,0.7190114218709889,1.0,1.0,1.0,"[(4.0, 6.299999999999992), (6.499999999999991, 6.499999999999991), (6.69999999999999, 7.999999999999986)]",3.899999999999986,True,31.687894644527024,35.03926365164589,False
900,61.2,11.100000000000001,0.00025,0.00025,"[4.0, 8.0]",21.022144396059996,7.999999999999986,19.08566533943768,18.86029406255131,3.353182733192611,0.9621181417018572,1.0,1.0,0.24390243902439024,"[(4.1, 4.1), (4.299999999999999, 4.299999999999999), (4.499999999999998, 4.499999999999998), (4.6999999999999975, 4.6999999999999975), (4.899999999999997, 4.899999999999997), (5.099999999999996, 5.099999999999996), (5.299999999999995, 5.299999999999995), (5.499999999999995, 5.499999999999995), (5.699999999999994, 7.999999999999986)]",3.1999999999999886,True,17.668961662867385,21.022144396059996,False
900,61.2,13.150000000000006,0.00027499999999999996,0.00015,"[4.0, 8.0]",35.085911189788035,7.999999999999986,33.27511286825626,33.44117460316444,3.358179844384569,0.7290094126255575,1.0,1.0,1.0,"[(4.0, 6.299999999999992), (6.499999999999991, 6.499999999999991), (6.69999999999999, 7.999999999999986)]",3.899999999999986,True,31.727731345403466,35.085911189788035,False
900,61.2,12.850000000000001,0.00019999999999999998,0.00025,"[4.0, 8.0]",37.33044925721113,6.69999999999999,36.157194639769926,36.32971169277147,3.3708053630959256,0.7934939962198596,1.0,1.0,1.0,"[(4.1, 7.999999999999986)]",3.999999999999986,True,33.9596438941152,37.33044925721113,False
900,61.2,13.200000000000006,0.00027499999999999996,0.00015,"[4.0, 8.0]",35.07824118413561,7.999999999999986,33.25939781578529,33.43558633327516,3.3721737399792104,0.7264624992094206,1.0,1.0,1.0,"[(4.0, 6.299999999999992), (6.499999999999991, 7.999999999999986)]",3.999999999999986,True,31.706067444156396,35.07824118413561,False
900,61.2,13.200000000000006,0.000225,0.00017999999999999998,"[4.0, 8.0]",32.866240896927266,4.1,30.958986632417673,30.86534449023439,3.388160958837222,0.8450232697151285,1.0,1.0,1.0,"[(4.0, 6.0999999999999925), (6.299999999999992, 6.299999999999992), (6.499999999999991, 6.499999999999991), (6.69999999999999, 6.69999999999999), (6.89999999999999, 7.999999999999986)]",3.699999999999987,True,29.478079938090044,32.866240896927266,False
900,61.2,12.7,0.000225,0.00017999999999999998,"[4.0, 8.0]",37.936103795418006,7.999999999999986,36.464471019431656,36.52010622432769,3.3892836859046866,0.8957780723523424,1.0,1.0,1.0,"[(4.1, 4.1), (4.299999999999999, 6.0999999999999925), (6.299999999999992, 7.999999999999986)]",3.7999999999999865,True,34.54682010951332,37.936103795418006,False
900,61.2,13.250000000000007,0.00027499999999999996,0.00015,"[4.0, 8.0]",35.22454056150251,7.999999999999986,33.36564456084992,33.45101794569723,3.4072567522604906,0.7478073422207778,1.0,1.0,1.0,"[(4.0, 6.299999999999992), (6.499999999999991, 6.499999999999991), (6.69999999999999, 7.999999999999986)]",3.899999999999986,True,31.817283809242017,35.22454056150251,False
900,61.2,11.100000000000001,0.00025,0.00017999999999999998,"[4.0, 8.0]",3.7947821624749043,7.7999999999999865,2.5680282890952126,2.715963772520336,3.4161601494396496,0.7503075420832451,0.0,0.0,0.0,"[(4.1, 7.999999999999986)]",3.999999999999986,True,0.37862201303525445,3.7947821624749043,False
900,61.2,12.75,0.00025,0.00015,"[4.0, 8.0]",36.99238713437993,7.999999999999986,35.18181742319184,35.165295798430456,3.417350965000743,0.9228191862331501,1.0,1.0,1.0,"[(4.1, 4.1), (4.299999999999999, 4.299999999999999), (4.499999999999998, 4.499999999999998), (4.6999999999999975, 6.0999999999999925), (6.299999999999992, 6.299999999999992), (6.499999999999991, 7.999999999999986)]",3.4999999999999876,True,33.57503616937919,36.99238713437993,False
900,61.2,13.050000000000004,0.00019999999999999998,0.00017999999999999998,"[4.0, 8.0]",28.03726975268237,4.1,25.98004819954773,25.84589063742245,3.422077945171516,0.8835503476337856,1.0,1.0,1.0,"[(4.0, 5.699999999999994), (5.899999999999993, 5.899999999999993), (6.0999999999999925, 6.0999999999999925), (6.299999999999992, 6.299999999999992), (6.499999999999991, 6.499999999999991), (6.69999999999999, 6.69999999999999), (6.89999999999999, 7.999999999999986)]",3.4999999999999876,True,24.615191807510854,28.03726975268237,False
900,61.2,13.100000000000005,0.00027499999999999996,0.00015,"[4.0, 8.0]",35.391085084368335,7.999999999999986,33.51121990130746,33.54895833760578,3.4504276719199467,0.778074939024791,1.0,1.0,1.0,"[(4.0, 6.299999999999992), (6.499999999999991, 6.499999999999991), (6.69999999999999, 7.999999999999986)]",3.899999999999986,True,31.940657412448388,35.391085084368335,False
900,61.2,12.8,0.00019999999999999998,0.00025,"[4.0, 8.0]",37.50924856429722,6.499999999999991,36.44451719819417,36.713560369912756,3.4582039604339627,0.8391225542157759,1.0,1.0,1.0,"[(4.1, 4.1), (4.299999999999999, 7.999999999999986)]",3.899999999999986,True,34.05104460386326,37.50924856429722,False
900,61.2,13.150000000000006,0.00025,0.00017999999999999998,"[4.0, 8.0]",37.12276858787649,7.999999999999986,35.15679191453545,35.10663862212021,3.4844407940451347,0.8526759484060953,1.0,1.0,1.0,"[(4.1, 4.1), (4.299999999999999, 4.299999999999999), (4.499999999999998, 4.499999999999998), (4.6999999999999975, 6.0999999999999925), (6.299999999999992, 6.299999999999992), (6.499999999999991, 7.999999999999986)]",3.4999999999999876,True,33.63832779383136,37.12276858787649,False
900,61.2,11.05,0.00027499999999999996,0.00025,"[4.0, 8.0]",38.33347749826976,7.999999999999986,36.91521239227795,36.91045291160979,3.4896620400068485,1.0182127536852166,1.0,1.0,1.0,"[(4.1, 4.1), (4.299999999999999, 4.299999999999999), (4.499999999999998, 4.499999999999998), (4.6999999999999975, 4.6999999999999975), (4.899999999999997, 7.999999999999986)]",3.599999999999987,True,34.84381545826291,38.33347749826976,False
900,61.2,13.200000000000006,0.00025,0.00017999999999999998,"[4.0, 8.0]",37.14943675596367,7.999999999999986,35.18193437225236,35.13039219101134,3.5019631768977817,0.8490833503685216,1.0,1.0,1.0,"[(4.1, 4.1), (4.299999999999999, 4.299999999999999), (4.499999999999998, 6.0999999999999925), (6.299999999999992, 6.299999999999992), (6.499999999999991, 7.999999999999986)]",3.599999999999987,True,33.64747357906589,37.14943675596367,False
900,61.2,11.0,0.000225,0.00021999999999999998,"[4.0, 8.0]",1.9578829442942918,7.999999999999986,0.24819679939635325,0.2800312741396592,3.5038808631356546,0.8274626085980359,0.0,0.0,0.0,"[(4.0, 4.299999999999999), (4.499999999999998, 4.499999999999998), (4.6999999999999975, 7.999999999999986)]",3.899999999999986,True,-1.5459979188413628,1.9578829442942918,False
900,61.2,13.250000000000007,0.00019999999999999998,0.00021999999999999998,"[4.0, 8.0]",31.70345545944798,4.1,29.640644805348487,29.46782338971962,3.5148339237267265,0.8698969401740025,1.0,1.0,1.0,"[(4.0, 5.899999999999993), (6.0999999999999925, 6.0999999999999925), (6.299999999999992, 6.299999999999992), (6.499999999999991, 6.499999999999991), (6.69999999999999, 6.69999999999999), (6.89999999999999, 7.999999999999986)]",3.599999999999987,True,28.188621535721254,31.70345545944798,False
900,61.2,13.300000000000008,0.00025,0.00017999999999999998,"[4.0, 8.0]",37.13806858035726,7.999999999999986,35.14066676788894,35.095182691170365,3.5195109154693824,0.8507920449510725,1.0,1.0,1.0,"[(4.1, 4.1), (4.299999999999999, 4.299999999999999), (4.499999999999998, 4.499999999999998), (4.6999999999999975, 6.299999999999992), (6.499999999999991, 7.999999999999986)]",3.599999999999987,True,33.61855766488788,37.13806858035726,False
900,61.2,12.950000000000003,0.00019999999999999998,0.00015,"[4.0, 8.0]",25.61373044443251,4.1,23.505084418839925,23.362017391796826,3.5278286133885928,0.9092284768735048,1.0,1.0,1.0,"[(4.0, 5.499999999999995), (5.699999999999994, 5.699999999999994), (5.899999999999993, 5.899999999999993), (6.0999999999999925, 6.0999999999999925), (6.299999999999992, 6.299999999999992), (6.499999999999991, 6.499999999999991), (6.69999999999999, 6.69999999999999), (6.89999999999999, 6.89999999999999), (7.099999999999989, 7.999999999999986)]",3.2999999999999883,True,22.085901831043916,25.61373044443251,False
900,61.2,13.300000000000008,0.000225,0.00021999999999999998,"[4.0, 8.0]",38.53008758721527,7.999999999999986,36.728811986820055,36.733881098172915,3.555020917396064,0.752503191031924,1.0,1.0,1.0,"[(4.0, 6.0999999999999925), (6.299999999999992, 6.299999999999992), (6.499999999999991, 7.999999999999986)]",3.899999999999986,True,34.975066669819206,38.53008758721527,False
900,61.2,13.200000000000006,0.000225,0.00021999999999999998,"[4.0, 8.0]",38.555566590672356,7.999999999999986,36.76347028001099,36.69271423827858,3.5558499980523166,0.7776597584347513,1.0,1.0,1.0,"[(4.0, 6.0999999999999925), (6.299999999999992, 6.299999999999992), (6.499999999999991, 7.999999999999986)]",3.899999999999986,True,34.99971659262004,38.555566590672356,False
900,61.2,12.7,0.00025,0.00015,"[4.0, 8.0]",37.06118310077646,7.999999999999986,35.266157154136174,35.27053327817796,3.5584911551889107,0.9538167985792732,1.0,1.0,1.0,"[(4.1, 4.1), (4.299999999999999, 4.299999999999999), (4.499999999999998, 4.499999999999998), (4.6999999999999975, 6.0999999999999925), (6.299999999999992, 6.299999999999992), (6.499999999999991, 7.999999999999986)]",3.4999999999999876,True,33.50269194558755,37.06118310077646,False
900,61.2,11.100000000000001,0.00019999999999999998,0.00031999999999999997,"[4.0, 8.0]",1.943454313202018,7.599999999999987,0.30300109806325803,0.32165010269762506,3.561742884598603,0.8104258343968455,0.0,0.0,0.0,"[(4.0, 4.1), (4.299999999999999, 7.999999999999986)]",3.999999999999986,True,-1.6182885713965849,1.943454313202018,False
900,61.2,13.150000000000006,0.000225,0.00021999999999999998,"[4.0, 8.0]",38.50454126688143,7.999999999999986,36.70437259547909,36.62727053045006,3.566418010659362,0.7916733554824625,1.0,1.0,1.0,"[(4.0, 6.0999999999999925), (6.299999999999992, 6.299999999999992), (6.499999999999991, 7.999999999999986)]",3.899999999999986,True,34.93812325622207,38.50454126688143,False
900,61.2,12.950000000000003,0.00025,0.00011999999999999999,"[4.0, 8.0]",28.280193131340404,4.1,26.231556600826664,26.078017514027877,3.5774131717009183,0.8980308590126965,1.0,1.0,1.0,"[(4.0, 5.699999999999994), (5.899999999999993, 5.899999999999993), (6.0999999999999925, 6.0999999999999925), (6.299999999999992, 6.299999999999992), (6.499999999999991, 6.499999999999991), (6.69999999999999, 6.69999999999999), (6.89999999999999, 7.999999999999986)]",3.4999999999999876,True,24.702779959639486,28.280193131340404,False
900,61.2,13.250000000000007,0.00025,0.00017999999999999998,"[4.0, 8.0]",37.23939728551562,7.999999999999986,35.21320838984304,35.19392615339919,3.582396070468988,0.881273014852508,1.0,1.0,1.0,"[(4.1, 4.1), (4.299999999999999, 4.299999999999999), (4.499999999999998, 4.499999999999998), (4.6999999999999975, 4.6999999999999975), (4.899999999999997, 6.0999999999999925), (6.299999999999992, 6.299999999999992), (6.499999999999991, 6.499999999999991), (6.69999999999999, 7.999999999999986)]",3.2999999999999883,True,33.657001215046634,37.23939728551562,False
900,61.2,11.250000000000004,0.00027499999999999996,0.00025,"[4.0, 8.0]",27.123344932050486,7.999999999999986,24.84446413558784,24.573020067232193,3.5888915420080316,0.9960490214432137,1.0,1.0,1.0,"[(4.1, 4.1), (4.299999999999999, 4.299999999999999), (4.499999999999998, 4.499999999999998), (4.6999999999999975, 4.6999999999999975), (4.899999999999997, 4.899999999999997), (5.099999999999996, 5.099999999999996), (5.299999999999995, 5.299999999999995), (5.499999999999995, 5.499999999999995), (5.699999999999994, 5.699999999999994), (5.899999999999993, 5.899999999999993), (6.0999999999999925, 6.0999999999999925), (6.299999999999992, 7.999999999999986)]",2.8999999999999897,True,23.534453390042454,27.123344932050486,False
900,61.2,13.100000000000005,0.00025,0.00017999999999999998,"[4.0, 8.0]",37.31489255976558,7.999999999999986,35.2883096182004,35.28703098164124,3.5935322903235942,0.907217429596271,1.0,1.0,1.0,"[(4.1, 4.1), (4.299999999999999, 4.299999999999999), (4.499999999999998, 4.499999999999998), (4.6999999999999975, 4.6999999999999975), (4.899999999999997, 6.0999999999999925), (6.299999999999992, 6.299999999999992), (6.499999999999991, 7.999999999999986)]",3.399999999999988,True,33.72136026944199,37.31489255976558,False
900,61.2,13.250000000000007,0.000225,0.00021999999999999998,"[4.0, 8.0]",38.64910596774847,7.999999999999986,36.81534740345058,36.77914246420484,3.6520072268423007,0.785910193682538,1.0,1.0,1.0,"[(4.0, 6.0999999999999925), (6.299999999999992, 6.299999999999992), (6.499999999999991, 7.999999999999986)]",3.899999999999986,True,34.99709874090617,38.64910596774847,False
900,61.2,11.0,0.00025,0.00017999999999999998,"[4.0, 8.0]",2.5097850791696903,5.299999999999995,1.2232412740993417,1.4112739315140732,3.656181705502191,0.7583721281107465,0.0,0.0,0.0,"[(4.1, 7.999999999999986)]",3.999999999999986,True,-1.1463966263325005,2.5097850791696903,False
900,61.2,13.250000000000007,0.000225,0.00017999999999999998,"[4.0, 8.0]",33.132743779711305,4.1,31.027418837551767,30.887301942666895,3.657790757329373,0.9226367017356356,1.0,1.0,1.0,"[(4.0, 5.699999999999994), (5.899999999999993, 5.899999999999993), (6.0999999999999925, 6.0999999999999925), (6.299999999999992, 6.299999999999992), (6.499999999999991, 6.499999999999991), (6.69999999999999, 6.69999999999999), (6.89999999999999, 6.89999999999999), (7.099999999999989, 7.999999999999986)]",3.399999999999988,True,29.474953022381932,33.132743779711305,False
900,61.2,13.150000000000006,0.00025,0.00015,"[4.0, 8.0]",31.75236992290868,4.1,29.712867050738595,29.619827208238515,3.6579840769322267,0.9193987108228291,1.0,1.0,1.0,"[(4.0, 5.899999999999993), (6.0999999999999925, 6.0999999999999925), (6.299999999999992, 6.299999999999992), (6.499999999999991, 6.499999999999991), (6.69999999999999, 6.69999999999999), (6.89999999999999, 6.89999999999999), (7.099999999999989, 7.999999999999986)]",3.4999999999999876,True,28.094385845976454,31.75236992290868,False
900,61.2,11.100000000000001,0.000225,0.00025,"[4.0, 8.0]",1.6861517868083542,7.999999999999986,-0.064587971047118,0.044710807441910035,3.664888884157486,0.7722534835564275,0.0,0.0,0.0,"[(4.299999999999999, 7.999999999999986)]",3.7999999999999865,True,-1.9787370973491316,1.6861517868083542,False
900,61.2,13.100000000000005,0.000225,0.00021999999999999998,"[4.0, 8.0]",38.70568007574742,7.999999999999986,36.86977614309723,36.83781894612901,3.703788309264688,0.8418296771304182,1.0,1.0,1.0,"[(4.1, 4.1), (4.299999999999999, 6.0999999999999925), (6.299999999999992, 6.299999999999992), (6.499999999999991, 7.999999999999986)]",3.699999999999987,True,35.001891766482736,38.70568007574742,False
900,61.2,13.050000000000004,0.00027499999999999996,0.00015,"[4.0, 8.0]",35.95307294090873,7.999999999999986,33.90344657935837,33.79743269833736,3.733671373635495,0.9094114502583956,1.0,1.0,1.0,"[(4.1, 4.1), (4.299999999999999, 4.299999999999999), (4.499999999999998, 4.499999999999998), (4.6999999999999975, 4.6999999999999975), (4.899999999999997, 4.899999999999997), (5.099999999999996, 6.299999999999992), (6.499999999999991, 6.499999999999991), (6.69999999999999, 7.999999999999986)]",3.2999999999999883,True,32.21940156727324,35.95307294090873,False
900,61.2,11.0,0.00025,0.00021999999999999998,"[4.0, 8.0]",15.899038369282419,7.999999999999986,13.689011726304496,13.510148159576083,3.7495269259858883,1.0701722401238967,0.1951219512195122,0.0,0.0,"[(4.1, 4.1), (4.299999999999999, 4.299999999999999), (4.499999999999998, 4.499999999999998), (4.6999999999999975, 4.6999999999999975), (4.899999999999997, 4.899999999999997), (5.099999999999996, 5.099999999999996), (5.299999999999995, 5.299999999999995), (5.499999999999995, 5.499999999999995), (5.699999999999994, 5.699999999999994), (5.899999999999993, 5.899999999999993), (6.0999999999999925, 6.0999999999999925), (6.299999999999992, 7.999999999999986)]",2.8999999999999897,True,12.14951144329653,15.899038369282419,False
900,61.2,13.100000000000005,0.00019999999999999998,0.00031999999999999997,"[4.0, 8.0]",35.56509965151086,6.89999999999999,33.96284615673991,34.10749705309004,3.7634644381813374,0.7885127901514656,1.0,1.0,1.0,"[(4.1, 4.1), (4.299999999999999, 7.999999999999986)]",3.899999999999986,True,31.801635213329526,35.56509965151086,False
900,61.2,12.900000000000002,0.000225,0.00011999999999999999,"[4.0, 8.0]",25.218509360345184,4.1,22.93732927628179,22.747957697679976,3.807377571580407,0.977154675658515,1.0,1.0,1.0,"[(4.0, 5.499999999999995), (5.699999999999994, 5.699999999999994), (5.899999999999993, 5.899999999999993), (6.0999999999999925, 6.0999999999999925), (6.299999999999992, 6.299999999999992), (6.69999999999999, 6.69999999999999), (6.89999999999999, 6.89999999999999), (7.099999999999989, 7.999999999999986)]",3.1999999999999886,True,21.411131788764777,25.218509360345184,False
900,61.2,11.150000000000002,0.00027499999999999996,0.00021999999999999998,"[4.0, 8.0]",22.597319279309175,7.999999999999986,20.23040712797798,19.92961611149276,3.820487544476439,1.0883422346812126,1.0,1.0,0.4146341463414634,"[(4.1, 4.1), (4.299999999999999, 4.299999999999999), (4.499999999999998, 4.499999999999998), (4.6999999999999975, 4.6999999999999975), (4.899999999999997, 4.899999999999997), (5.099999999999996, 5.099999999999996), (5.299999999999995, 5.299999999999995), (5.499999999999995, 5.499999999999995), (5.699999999999994, 5.699999999999994), (5.899999999999993, 5.899999999999993), (6.0999999999999925, 6.0999999999999925), (6.299999999999992, 7.999999999999986)]",2.8999999999999897,True,18.776831734832736,22.597319279309175,False
900,61.2,11.250000000000004,0.000225,0.00029,"[4.0, 8.0]",3.0729427323070544,7.499999999999988,1.3928487885324423,1.3486168603231539,3.8212648961540365,0.8539847835811418,0.0,0.0,0.0,"[(4.0, 4.1), (4.499999999999998, 7.999999999999986)]",3.7999999999999865,True,-0.7483221638469819,3.0729427323070544,False
900,61.2,11.150000000000002,0.000225,0.00025,"[4.0, 8.0]",2.7733670796638217,6.0999999999999925,1.4019415024811777,1.4295176288120415,3.839967901346614,0.911047861463593,0.0,0.0,0.0,"[(4.299999999999999, 7.999999999999986)]",3.7999999999999865,True,-1.066600821682792,2.7733670796638217,False
900,61.2,12.75,0.00019999999999999998,0.00025,"[4.0, 8.0]",37.885110306307304,6.499999999999991,36.69846726307849,36.98908356081679,3.8430607239157766,0.9163485629842797,1.0,1.0,1.0,"[(4.1, 4.1), (4.299999999999999, 7.999999999999986)]",3.899999999999986,True,34.04204958239153,37.885110306307304,False
900,61.2,11.05,0.000225,0.00021999999999999998,"[4.0, 8.0]",3.525599136476238,7.999999999999986,1.449756667250421,1.4569253435787402,3.8451541640303706,0.7574160612042166,0.0,0.0,0.0,"[(4.0, 4.299999999999999), (4.6999999999999975, 5.299999999999995), (5.499999999999995, 7.999999999999986)]",3.699999999999987,True,-0.31955502755413256,3.525599136476238,False
900,61.2,11.250000000000004,0.00027499999999999996,0.00017999999999999998,"[4.0, 8.0]",4.145979599918967,7.999999999999986,2.094560137470128,2.0958473117409895,3.8755487890863516,0.8884945429352101,0.0,0.0,0.0,"[(4.1, 4.499999999999998), (4.899999999999997, 5.499999999999995), (5.699999999999994, 6.299999999999992), (6.499999999999991, 7.999999999999986)]",3.4999999999999876,True,0.27043081083261483,4.145979599918967,False
900,61.2,12.850000000000001,0.00019999999999999998,0.00011999999999999999,"[4.0, 8.0]",21.67252421487116,4.1,19.300633365584083,19.065281111065055,3.890320568356234,1.0119840959155255,1.0,1.0,0.21951219512195122,"[(4.0, 5.299999999999995), (5.499999999999995, 5.499999999999995), (5.699999999999994, 5.699999999999994), (5.899999999999993, 5.899999999999993), (6.0999999999999925, 6.0999999999999925), (6.89999999999999, 6.89999999999999), (7.099999999999989, 7.099999999999989), (7.299999999999988, 7.999999999999986)]",2.79999999999999,True,17.782203646514926,21.67252421487116,False
900,61.2,11.0,0.000225,0.00017999999999999998,"[4.0, 8.0]",3.495309760738448,7.599999999999987,1.8590503395731188,2.062576565007263,3.901917402717192,0.9159340190989734,0.0,0.0,0.0,"[(4.299999999999999, 4.899999999999997), (5.099999999999996, 7.999999999999986)]",3.699999999999987,True,-0.4066076419787442,3.495309760738448,False
900,61.2,13.050000000000004,0.00025,0.00017999999999999998,"[4.0, 8.0]",37.7461960332366,7.999999999999986,35.56121739535783,35.44760438648809,3.9076598689383104,1.0422107398790703,1.0,1.0,1.0,"[(4.1, 4.1), (4.299999999999999, 4.299999999999999), (4.499999999999998, 4.499999999999998), (4.6999999999999975, 4.6999999999999975), (4.899999999999997, 4.899999999999997), (5.099999999999996, 5.099999999999996), (5.299999999999995, 6.0999999999999925), (6.499999999999991, 6.499999999999991), (6.69999999999999, 7.999999999999986)]",2.9999999999999893,True,33.83853616429829,37.7461960332366,False
900,61.2,11.300000000000004,0.00027499999999999996,0.00029,"[4.0, 8.0]",36.65981413913182,7.999999999999986,34.58197164433491,34.58454593586205,3.915013699163147,1.0949226321387864,1.0,1.0,1.0,"[(4.299999999999999, 4.299999999999999), (4.499999999999998, 4.499999999999998), (4.6999999999999975, 4.6999999999999975), (4.899999999999997, 4.899999999999997), (5.099999999999996, 5.099999999999996), (5.299999999999995, 5.299999999999995), (5.499999999999995, 6.0999999999999925), (6.299999999999992, 7.999999999999986)]",3.099999999999989,True,32.74480043996867,36.65981413913182,False
900,61.2,11.300000000000004,0.00027499999999999996,0.00017999999999999998,"[4.0, 8.0]",1.9316295254556617,7.599999999999987,0.10473114112122865,-0.004564136212963385,3.919314597907353,1.0279258677544099,0.0,0.0,0.0,"[(4.1, 4.499999999999998), (4.899999999999997, 5.499999999999995), (5.699999999999994, 6.299999999999992), (6.499999999999991, 7.999999999999986)]",3.4999999999999876,True,-1.9876850724516915,1.9316295254556617,False
900,61.2,11.0,0.00027499999999999996,0.00025,"[4.0, 8.0]",39.355687544333016,7.7999999999999865,37.786129268333035,37.83904869770609,3.9274577485741986,1.1477987718153693,1.0,1.0,1.0,"[(4.299999999999999, 4.299999999999999), (4.499999999999998, 4.499999999999998), (4.6999999999999975, 4.6999999999999975), (4.899999999999997, 6.0999999999999925), (6.299999999999992, 7.999999999999986)]",3.399999999999988,True,35.42822979575882,39.355687544333016,False
900,61.2,11.150000000000002,0.00025,0.00021999999999999998,"[4.0, 8.0]",1.5792700117066305,7.7999999999999865,-0.19830124742091504,-0.2519241048077995,3.9641582336016254,0.8634503178351046,0.0,0.0,0.0,"[(4.0, 4.1), (4.499999999999998, 5.099999999999996), (5.299999999999995, 7.999999999999986)]",3.699999999999987,True,-2.384888221894995,1.5792700117066305,False
900,61.2,11.05,0.000225,0.00029,"[4.0, 8.0]",13.891242998076098,7.999999999999986,11.694954207627182,11.469459597347967,3.986004971351541,1.0849414352450342,0.0,0.0,0.0,"[(4.1, 4.1), (4.6999999999999975, 4.6999999999999975), (4.899999999999997, 4.899999999999997), (5.099999999999996, 5.099999999999996), (5.299999999999995, 5.299999999999995), (5.499999999999995, 5.699999999999994), (5.899999999999993, 5.899999999999993), (6.0999999999999925, 7.999999999999986)]",2.8999999999999897,True,9.905238026724557,13.891242998076098,False
900,61.2,13.200000000000006,0.00025,0.00015,"[4.0, 8.0]",31.868247010663758,4.1,29.585125926649546,29.425173185141634,3.9919785922438997,1.0080052822692511,1.0,1.0,1.0,"[(4.0, 5.499999999999995), (5.699999999999994, 5.699999999999994), (5.899999999999993, 5.899999999999993), (6.0999999999999925, 6.0999999999999925), (7.099999999999989, 7.099999999999989), (7.299999999999988, 7.999999999999986)]",2.79999999999999,True,27.87626841841986,31.868247010663758,False
900,61.2,11.100000000000001,0.000225,0.00021999999999999998,"[4.0, 8.0]",4.287336014951829,7.999999999999986,2.08196638173083,2.0230559436769604,4.008813403984015,0.7787066143740217,0.0,0.0,0.0,"[(4.1, 4.1), (4.299999999999999, 4.299999999999999), (4.6999999999999975, 5.099999999999996), (5.299999999999995, 5.299999999999995), (5.499999999999995, 7.999999999999986)]",3.399999999999988,True,0.2785226109678136,4.287336014951829,False
900,61.2,13.300000000000008,0.00019999999999999998,0.00021999999999999998,"[4.0, 8.0]",31.5695665795231,4.1,29.0831831575874,28.819649775021535,4.042761647894725,1.0196119662660685,1.0,1.0,1.0,"[(4.0, 5.299999999999995), (5.499999999999995, 5.499999999999995), (5.699999999999994, 5.699999999999994), (5.899999999999993, 5.899999999999993), (6.0999999999999925, 6.0999999999999925), (7.499999999999988, 7.999999999999986)]",2.3999999999999915,True,27.526804931628376,31.5695665795231,False
900,61.2,13.050000000000004,0.000225,0.00015,"[4.0, 8.0]",28.48694744448755,4.1,26.050429070252846,25.84409099229978,4.047021149416256,1.0431454821229027,1.0,1.0,1.0,"[(4.0, 5.299999999999995), (5.499999999999995, 5.499999999999995), (5.699999999999994, 5.699999999999994), (5.899999999999993, 5.899999999999993), (6.0999999999999925, 6.0999999999999925), (7.099999999999989, 7.099999999999989), (7.299999999999988, 7.999999999999986)]",2.6999999999999904,True,24.439926295071295,28.48694744448755,False
900,61.2,13.050000000000004,0.000225,0.00021999999999999998,"[4.0, 8.0]",39.21590638044174,7.999999999999986,37.26073714257216,37.22065483793373,4.047289159483661,0.9569098628909107,1.0,1.0,1.0,"[(4.1, 4.1), (4.299999999999999, 4.299999999999999), (4.499999999999998, 4.499999999999998), (4.6999999999999975, 4.6999999999999975), (4.899999999999997, 6.0999999999999925), (6.299999999999992, 6.299999999999992), (6.499999999999991, 7.999999999999986)]",3.399999999999988,True,35.168617220958076,39.21590638044174,False
900,61.2,11.150000000000002,0.000225,0.00031999999999999997,"[4.0, 8.0]",11.46823885233607,7.7999999999999865,9.029851512991025,8.82996054540678,4.06555356235273,1.1528352278285585,0.0,0.0,0.0,"[(4.1, 4.1), (4.299999999999999, 4.299999999999999), (4.499999999999998, 4.499999999999998), (4.899999999999997, 4.899999999999997), (5.099999999999996, 5.099999999999996), (5.699999999999994, 5.699999999999994), (5.899999999999993, 5.899999999999993), (6.0999999999999925, 6.0999999999999925), (6.299999999999992, 7.999999999999986)]",2.5999999999999908,True,7.4026852899833395,11.46823885233607,False
900,61.2,13.050000000000004,0.00027499999999999996,0.00011999999999999999,"[4.0, 8.0]",29.409301797260174,4.1,27.069381898940396,26.94085457036153,4.084439427635587,1.0267966051330784,1.0,1.0,1.0,"[(4.0, 5.499999999999995), (5.699999999999994, 5.699999999999994), (5.899999999999993, 5.899999999999993), (6.0999999999999925, 6.0999999999999925), (6.89999999999999, 6.89999999999999), (7.099999999999989, 7.099999999999989), (7.299999999999988, 7.999999999999986)]",2.8999999999999897,True,25.324862369624586,29.409301797260174,False
900,61.2,11.300000000000004,0.00027499999999999996,0.00021999999999999998,"[4.0, 8.0]",3.502282864801768,5.499999999999995,1.8436761499891046,1.8889904551836496,4.09257965403354,0.927200132904081,0.0,0.0,0.0,"[(4.299999999999999, 7.999999999999986)]",3.7999999999999865,True,-0.5902967892317722,3.502282864801768,False
900,61.2,11.250000000000004,0.00025,0.00025,"[4.0, 8.0]",1.4388394122042611,7.999999999999986,-0.2480290345919352,-0.26881495021277635,4.093216080626444,0.9117198297570771,0.0,0.0,0.0,"[(4.1, 4.6999999999999975), (4.899999999999997, 7.999999999999986)]",3.899999999999986,True,-2.654376668422183,1.4388394122042611,False
900,61.2,11.05,0.00019999999999999998,0.00031999999999999997,"[4.0, 8.0]",2.062499286169749,7.599999999999987,0.013453729473127406,-0.04868480173426359,4.102957395710139,0.9561074904602492,0.0,0.0,0.0,"[(4.0, 4.1), (4.299999999999999, 4.299999999999999), (4.499999999999998, 4.6999999999999975), (4.899999999999997, 4.899999999999997), (5.099999999999996, 5.499999999999995), (5.699999999999994, 6.299999999999992), (6.499999999999991, 7.999999999999986)]",3.4999999999999876,True,-2.04045810954039,2.062499286169749,False
900,61.2,11.250000000000004,0.00025,0.00029,"[4.0, 8.0]",19.805224510652998,7.999999999999986,17.22051853132836,16.8851931610341,4.107811027127701,1.1161810225559707,1.0,0.4146341463414634,0.0,"[(4.1, 4.1), (4.499999999999998, 4.499999999999998), (4.6999999999999975, 4.6999999999999975), (5.499999999999995, 5.499999999999995), (5.899999999999993, 5.899999999999993), (6.0999999999999925, 6.0999999999999925), (6.299999999999992, 6.299999999999992), (6.499999999999991, 7.999999999999986)]",2.299999999999992,True,15.697413483525297,19.805224510652998,False
900,61.2,13.300000000000008,0.000225,0.00017999999999999998,"[4.0, 8.0]",33.04659078690313,4.1,30.578075993204532,30.349164394460317,4.138548248172189,1.055825840531038,1.0,1.0,1.0,"[(4.0, 5.299999999999995), (5.499999999999995, 5.499999999999995), (5.699999999999994, 5.699999999999994), (5.899999999999993, 5.899999999999993), (6.0999999999999925, 6.0999999999999925), (7.299999999999988, 7.999999999999986)]",2.5999999999999908,True,28.908042538730943,33.04659078690313,False
900,61.2,12.950000000000003,0.00019999999999999998,0.00029,"[4.0, 8.0]",36.88518064630585,6.69999999999999,35.37631766961559,35.64549118055358,4.140326950049143,0.9056735808853362,1.0,1.0,1.0,"[(4.299999999999999, 4.299999999999999), (4.499999999999998, 7.999999999999986)]",3.699999999999987,True,32.744853696256705,36.88518064630585,False
900,61.2,11.0,0.00019999999999999998,0.00021999999999999998,"[4.0, 8.0]",3.78516682401373,7.599999999999987,1.506938780446264,1.442173835136584,4.169073342930405,0.9832041067067054,0.0,0.0,0.0,"[(4.1, 4.1), (4.299999999999999, 4.299999999999999), (4.499999999999998, 4.499999999999998), (4.899999999999997, 5.299999999999995), (5.499999999999995, 5.499999999999995), (5.699999999999994, 6.0999999999999925), (6.299999999999992, 6.299999999999992), (6.499999999999991, 7.999999999999986)]",3.099999999999989,True,-0.3839065189166755,3.78516682401373,False
900,61.2,13.100000000000005,0.00019999999999999998,0.00017999999999999998,"[4.0, 8.0]",27.251823537744443,4.1,24.657729083211176,24.381276668284325,4.177853639114495,1.0942950527562951,1.0,1.0,1.0,"[(4.0, 5.299999999999995), (5.499999999999995, 5.499999999999995), (5.699999999999994, 5.699999999999994), (5.899999999999993, 5.899999999999993), (7.499999999999988, 7.999999999999986)]",2.299999999999992,True,23.073969898629947,27.251823537744443,False
900,61.2,13.250000000000007,0.00025,0.00015,"[4.0, 8.0]",32.095937106232924,4.1,29.652127361687334,29.44252386161555,4.208227668507405,1.079957919055312,1.0,1.0,1.0,"[(4.0, 5.299999999999995), (5.499999999999995, 5.499999999999995), (5.699999999999994, 5.699999999999994), (5.899999999999993, 5.899999999999993), (6.0999999999999925, 6.0999999999999925), (7.299999999999988, 7.999999999999986)]",2.5999999999999908,True,27.88770943772552,32.095937106232924,False
900,61.2,13.050000000000004,0.00019999999999999998,0.00031999999999999997,"[4.0, 8.0]",35.52580436362242,6.89999999999999,33.949972600209584,34.166632785167806,4.224706836301422,0.9186090438765359,1.0,1.0,1.0,"[(4.299999999999999, 4.299999999999999), (4.499999999999998, 7.999999999999986)]",3.699999999999987,True,31.301097527320998,35.52580436362242,False
900,61.2,11.150000000000002,0.00025,0.00017999999999999998,"[4.0, 8.0]",3.888940430522311,7.599999999999987,1.98916637808266,2.0686274274398513,4.226392435378801,0.9344494269494038,0.0,0.0,0.0,"[(4.1, 4.1), (4.299999999999999, 4.6999999999999975), (4.899999999999997, 4.899999999999997), (5.099999999999996, 5.499999999999995), (5.699999999999994, 7.999999999999986)]",3.599999999999987,True,-0.3374520048564906,3.888940430522311,False
900,61.2,11.150000000000002,0.00025,0.00025,"[4.0, 8.0]",16.58183197595317,7.999999999999986,13.932650836245335,13.63701812478329,4.242515109754546,1.1930700572940764,0.21951219512195122,0.0,0.0,"[(4.299999999999999, 4.299999999999999), (4.499999999999998, 4.499999999999998), (5.899999999999993, 5.899999999999993), (6.0999999999999925, 6.0999999999999925), (6.299999999999992, 6.299999999999992), (6.499999999999991, 7.999999999999986)]",2.0999999999999925,True,12.339316866198622,16.58183197595317,False
900,61.2,13.000000000000004,0.00027499999999999996,0.00015,"[4.0, 8.0]",36.48069667025024,7.999999999999986,34.18028437261492,34.110297171944296,4.249196417651312,1.0988909012624326,1.0,1.0,1.0,"[(4.1, 4.1), (4.299999999999999, 4.299999999999999), (4.499999999999998, 4.499999999999998), (4.6999999999999975, 4.6999999999999975), (4.899999999999997, 4.899999999999997), (5.099999999999996, 5.099999999999996), (5.299999999999995, 5.299999999999995), (5.499999999999995, 6.0999999999999925), (6.69999999999999, 7.999999999999986)]",2.79999999999999,True,32.23150025259893,36.48069667025024,False
900,61.2,11.300000000000004,0.00025,0.00031999999999999997,"[4.0, 8.0]",21.67651194016326,7.999999999999986,18.9429338280123,18.66433378959773,4.279326901260134,1.1735098705369678,1.0,1.0,0.21951219512195122,"[(5.699999999999994, 5.699999999999994), (5.899999999999993, 5.899999999999993), (6.0999999999999925, 6.0999999999999925), (6.299999999999992, 6.299999999999992), (6.499999999999991, 7.999999999999986)]",1.999999999999993,True,17.397185038903125,21.67651194016326,False
900,61.2,12.7,0.00019999999999999998,0.00025,"[4.0, 8.0]",38.134147393222875,6.499999999999991,36.725343099643325,37.033356722386785,4.283317761189068,0.9789823242848066,1.0,1.0,1.0,"[(4.299999999999999, 4.299999999999999), (4.499999999999998, 7.999999999999986)]",3.699999999999987,True,33.85082963203381,38.134147393222875,False
900,61.2,11.150000000000002,0.00019999999999999998,0.00029,"[4.0, 8.0]",3.455881780176883,7.7999999999999865,1.0389288289512253,1.0031419050918076,4.403210807065364,0.9920648873475469,0.0,0.0,0.0,"[(4.1, 4.1), (4.299999999999999, 4.299999999999999), (4.899999999999997, 5.099999999999996), (5.299999999999995, 5.299999999999995), (5.499999999999995, 5.899999999999993), (6.0999999999999925, 7.999999999999986)]",3.099999999999989,True,-0.9473290268884816,3.455881780176883,False
900,61.2,13.000000000000004,0.00025,0.00017999999999999998,"[4.0, 8.0]",38.16140597949686,7.999999999999986,35.73406504844811,35.70467635203401,4.420611218796417,1.2264167654147267,1.0,1.0,1.0,"[(4.899999999999997, 4.899999999999997), (5.099999999999996, 5.099999999999996), (5.299999999999995, 5.299999999999995), (5.499999999999995, 6.0999999999999925), (6.499999999999991, 6.499999999999991), (6.69999999999999, 7.999999999999986)]",2.499999999999991,True,33.740794760700446,38.16140597949686,False
900,61.2,13.000000000000004,0.00019999999999999998,0.00015,"[4.0, 8.0]",24.424660121121555,4.1,21.666715930262217,21.375080506018264,4.45116350707999,1.1669113845971608,1.0,1.0,0.975609756097561,"[(4.0, 5.099999999999996), (5.299999999999995, 5.299999999999995), (5.499999999999995, 5.499999999999995), (7.599999999999987, 7.999999999999986)]",1.8999999999999932,True,19.973496614041565,24.424660121121555,False
900,61.2,11.150000000000002,0.00027499999999999996,0.00015,"[4.0, 8.0]",3.5406215211065457,7.999999999999986,1.2424191870154526,1.2902591202694127,4.456797717686194,1.0058350177474151,0.0,0.0,0.0,"[(4.499999999999998, 4.899999999999997), (5.299999999999995, 5.299999999999995), (5.499999999999995, 5.899999999999993), (6.0999999999999925, 6.69999999999999), (6.89999999999999, 7.999999999999986)]",2.9999999999999893,True,-0.9161761965796484,3.5406215211065457,False
900,61.2,13.000000000000004,0.00025,0.00011999999999999999,"[4.0, 8.0]",27.002411486699383,4.1,24.26620371678111,24.009114805313253,4.513186394688024,1.163173382035073,1.0,1.0,1.0,"[(4.0, 5.099999999999996), (5.299999999999995, 5.299999999999995), (5.499999999999995, 5.499999999999995), (5.699999999999994, 5.699999999999994), (7.499999999999988, 7.999999999999986)]",2.0999999999999925,True,22.48922509201136,27.002411486699383,False
900,61.2,11.200000000000003,0.000225,0.00025,"[4.0, 8.0]",3.9532734342162925,7.599999999999987,1.865617620293059,1.933590994472284,4.589484649692105,1.1081388291474272,0.0,0.0,0.0,"[(4.299999999999999, 4.6999999999999975), (5.099999999999996, 5.499999999999995), (5.699999999999994, 6.299999999999992), (6.499999999999991, 7.999999999999986)]",3.2999999999999883,True,-0.6362112154758127,3.9532734342162925,False
900,61.2,13.000000000000004,0.000225,0.00021999999999999998,"[4.0, 8.0]",39.775659561917095,7.999999999999986,37.649957181860465,37.71523929251038,4.60311969783416,1.1064497232921624,1.0,1.0,1.0,"[(4.1, 4.1), (4.299999999999999, 4.299999999999999), (4.499999999999998, 4.499999999999998), (4.6999999999999975, 4.6999999999999975), (4.899999999999997, 4.899999999999997), (5.099999999999996, 5.099999999999996), (5.299999999999995, 6.0999999999999925), (6.499999999999991, 7.999999999999986)]",3.099999999999989,True,35.172539864082935,39.775659561917095,False
900,61.2,11.300000000000004,0.00025,0.00021999999999999998,"[4.0, 8.0]",3.627697603785078,7.999999999999986,1.2160878086304172,1.0250063600217727,4.672694635886983,1.0321114848443644,0.0,0.0,0.0,"[(4.0, 4.1), (4.6999999999999975, 4.899999999999997), (5.499999999999995, 5.699999999999994), (5.899999999999993, 5.899999999999993), (6.0999999999999925, 6.69999999999999), (6.89999999999999, 7.999999999999986)]",2.79999999999999,True,-1.044997032101905,3.627697603785078,False
900,61.2,11.100000000000001,0.00019999999999999998,0.00029,"[4.0, 8.0]",3.81599183599793,7.7999999999999865,1.04651990366883,0.9569302247447586,4.675935269596898,0.9830233412149172,0.0,0.0,0.0,"[(4.299999999999999, 4.299999999999999), (4.899999999999997, 4.899999999999997), (5.099999999999996, 5.099999999999996), (5.499999999999995, 5.499999999999995), (5.699999999999994, 5.699999999999994), (5.899999999999993, 5.899999999999993), (6.0999999999999925, 6.0999999999999925), (6.299999999999992, 6.499999999999991), (6.69999999999999, 7.299999999999988), (7.499999999999988, 7.999999999999986)]",2.299999999999992,True,-0.8599434335989677,3.81599183599793,False
900,61.2,12.950000000000003,0.000225,0.00011999999999999999,"[4.0, 8.0]",24.149563405529566,4.1,21.24950690105031,20.923475597101238,4.676339370697519,1.2265633088729118,1.0,1.0,0.8536585365853658,"[(4.0, 5.099999999999996), (5.299999999999995, 5.299999999999995), (5.499999999999995, 5.499999999999995), (7.599999999999987, 7.999999999999986)]",1.8999999999999932,True,19.473224034832047,24.149563405529566,False
900,61.2,13.300000000000008,0.00025,0.00015,"[4.0, 8.0]",32.05784051015969,4.1,29.258369713673076,29.06985019666498,4.676683660873543,1.2222279291426503,1.0,1.0,1.0,"[(4.0, 5.299999999999995), (5.499999999999995, 5.499999999999995), (5.699999999999994, 5.699999999999994), (7.599999999999987, 7.999999999999986)]",2.0999999999999925,True,27.38115684928615,32.05784051015969,False
900,61.2,12.900000000000002,0.00019999999999999998,0.00011999999999999999,"[4.0, 8.0]",20.80776597744022,4.1,17.813095449513973,17.43653000999729,4.779576186042359,1.2662790996229822,1.0,0.7073170731707317,0.07317073170731707,"[(4.0, 5.099999999999996), (5.299999999999995, 5.299999999999995), (7.599999999999987, 7.999999999999986)]",1.7999999999999936,True,16.02818979139786,20.80776597744022,False
900,61.2,13.150000000000006,0.00019999999999999998,0.00017999999999999998,"[4.0, 8.0]",26.862417910939868,4.1,23.819763896485863,23.572563923779125,4.783829338622219,1.2788065005108749,1.0,1.0,1.0,"[(4.0, 5.099999999999996), (5.299999999999995, 5.299999999999995), (7.7999999999999865, 7.999999999999986)]",1.5999999999999943,True,22.07858857231765,26.862417910939868,False
900,61.2,11.250000000000004,0.000225,0.00031999999999999997,"[4.0, 8.0]",2.0291878916211656,7.999999999999986,-0.14924023044177812,-0.05051738212363943,4.803015618555364,1.1748119494923819,0.0,0.0,0.0,"[(4.199999999999999, 4.499999999999998), (4.899999999999997, 5.299999999999995), (5.499999999999995, 5.899999999999993), (6.299999999999992, 6.69999999999999), (6.999999999999989, 7.999999999999986)]",2.9999999999999893,True,-2.7738277269341975,2.0291878916211656,False
900,61.2,11.150000000000002,0.00019999999999999998,0.00031999999999999997,"[4.0, 8.0]",2.9861466440057676,7.999999999999986,0.6300309870092408,0.5353084225684219,4.805826475626793,1.1065489346849788,0.0,0.0,0.0,"[(4.499999999999998, 4.6999999999999975), (5.099999999999996, 5.499999999999995), (5.699999999999994, 6.0999999999999925), (6.299999999999992, 6.299999999999992), (6.499999999999991, 6.89999999999999), (7.099999999999989, 7.999999999999986)]",2.8999999999999897,True,-1.8196798316210256,2.9861466440057676,False
900,61.2,11.250000000000004,0.00027499999999999996,0.00029,"[4.0, 8.0]",40.13477208764674,7.999999999999986,37.758914673150166,37.84022088993392,4.846346134580422,1.39810163160457,1.0,1.0,1.0,"[(5.299999999999995, 5.299999999999995), (5.499999999999995, 6.0999999999999925), (6.299999999999992, 7.999999999999986)]",2.5999999999999908,True,35.288425953066316,40.13477208764674,False
900,61.2,11.150000000000002,0.000225,0.00021999999999999998,"[4.0, 8.0]",4.811048226259837,7.999999999999986,1.9644275205976922,1.9465465909092643,4.853793908746191,0.9871853403565126,0.0,0.0,0.0,"[(4.1, 4.1), (4.899999999999997, 4.899999999999997), (5.099999999999996, 5.099999999999996), (5.499999999999995, 5.499999999999995), (5.699999999999994, 5.699999999999994), (5.899999999999993, 5.899999999999993), (6.0999999999999925, 6.0999999999999925), (6.299999999999992, 6.69999999999999), (6.89999999999999, 7.399999999999988), (7.599999999999987, 7.999999999999986)]",2.299999999999992,True,-0.04274568248635327,4.811048226259837,False
900,61.2,13.100000000000005,0.000225,0.00015,"[4.0, 8.0]",27.55230466562971,4.1,24.51096884477446,24.22172249547138,4.883678278274825,1.2881891789893374,1.0,1.0,1.0,"[(4.0, 5.099999999999996), (5.299999999999995, 5.299999999999995), (5.499999999999995, 5.499999999999995), (7.7999999999999865, 7.999999999999986)]",1.699999999999994,True,22.668626387354884,27.55230466562971,False
900,61.2,12.950000000000003,0.00027499999999999996,0.00015,"[4.0, 8.0]",36.79138373853639,7.999999999999986,34.212891614320164,34.03501261015783,4.885046738574381,1.3045465184018135,1.0,1.0,1.0,"[(5.299999999999995, 5.299999999999995), (5.499999999999995, 5.499999999999995), (5.699999999999994, 6.0999999999999925), (6.69999999999999, 7.999999999999986)]",2.0999999999999925,True,31.906336999962008,36.79138373853639,False
900,61.2,11.05,0.000225,0.00025,"[4.0, 8.0]",3.4144423275039815,7.999999999999986,0.48183468206948166,0.287112627885348,4.922785701936554,1.152629141262161,0.0,0.0,0.0,"[(4.499999999999998, 4.499999999999998), (4.6999999999999975, 4.6999999999999975), (5.299999999999995, 5.299999999999995), (5.499999999999995, 5.499999999999995), (6.0999999999999925, 6.0999999999999925), (6.299999999999992, 6.299999999999992), (6.69999999999999, 7.999999999999986)]",1.999999999999993,True,-1.5083433744325727,3.4144423275039815,False
900,61.2,12.900000000000002,0.00019999999999999998,0.00029,"[4.0, 8.0]",37.23003542369401,6.69999999999999,35.358449364968216,35.6761472821919,4.943091174801701,1.0301300316326296,1.0,1.0,1.0,"[(4.499999999999998, 4.499999999999998), (4.6999999999999975, 7.999999999999986)]",3.4999999999999876,True,32.28694424889231,37.23003542369401,False
900,61.2,13.100000000000005,0.00027499999999999996,0.00011999999999999999,"[4.0, 8.0]",28.536837298826548,4.1,25.524287627867196,25.221778595540165,4.977734795342528,1.2932020052768218,1.0,1.0,1.0,"[(4.0, 5.099999999999996), (5.299999999999995, 5.299999999999995), (5.499999999999995, 5.499999999999995), (7.7999999999999865, 7.999999999999986)]",1.699999999999994,True,23.55910250348402,28.536837298826548,False
900,61.2,11.100000000000001,0.000225,0.00029,"[4.0, 8.0]",10.659032486218095,7.999999999999986,7.6935525836533625,7.425090374955838,4.9778301882212945,1.33263837791178,0.0,0.0,0.0,"[(6.299999999999992, 6.299999999999992), (6.499999999999991, 6.499999999999991), (6.69999999999999, 7.999999999999986)]",1.5999999999999943,True,5.6812022979968,10.659032486218095,False
900,61.2,11.0,0.00019999999999999998,0.00031999999999999997,"[4.0, 8.0]",2.735171615801579,7.7999999999999865,0.22305662431820633,0.3125626251044505,4.990153305251454,1.2479108418474734,0.0,0.0,0.0,"[(4.499999999999998, 4.6999999999999975), (5.199999999999996, 5.499999999999995), (5.899999999999993, 6.299999999999992), (6.599999999999991, 7.099999999999989), (7.299999999999988, 7.999999999999986)]",2.5999999999999908,True,-2.2549816894498744,2.735171615801579,False
900,61.2,11.300000000000004,0.00025,0.00025,"[4.0, 8.0]",4.5554448041719615,7.999999999999986,2.467796793238041,2.5486914054517036,4.996431280603093,0.9557405944114136,0.0,0.0,0.0,"[(4.299999999999999, 4.499999999999998), (4.899999999999997, 5.499999999999995), (5.699999999999994, 7.999999999999986)]",3.399999999999988,True,-0.4409864764311316,4.5554448041719615,False
900,61.2,11.200000000000003,0.00025,0.00017999999999999998,"[4.0, 8.0]",3.4047430752042214,7.599999999999987,0.8407934669549189,0.7855428032005998,4.99877481501658,1.0456853861919657,0.0,0.0,0.0,"[(4.299999999999999, 4.499999999999998), (5.099999999999996, 5.499999999999995), (5.899999999999993, 6.299999999999992), (6.499999999999991, 7.999999999999986)]",2.8999999999999897,True,-1.5940317398123587,3.4047430752042214,False
900,61.2,12.950000000000003,0.00025,0.00017999999999999998,"[4.0, 8.0]",38.41589756219513,7.999999999999986,35.72081811336545,35.54576485695202,5.030237440906099,1.4251472636893054,1.0,1.0,1.0,"[(5.299999999999995, 5.299999999999995), (5.499999999999995, 5.499999999999995), (5.699999999999994, 6.0999999999999925), (6.69999999999999, 7.999999999999986)]",2.0999999999999925,True,33.38566012128903,38.41589756219513,False
900,61.2,11.250000000000004,0.000225,0.00025,"[4.0, 8.0]",3.6523620114837048,7.999999999999986,1.1899858627120774,1.2320225192838736,5.0454286570787055,1.1300176775449318,0.0,0.0,0.0,"[(4.499999999999998, 4.6999999999999975), (5.099999999999996, 5.099999999999996), (5.299999999999995, 5.499999999999995), (5.699999999999994, 5.699999999999994), (5.899999999999993, 7.999999999999986)]",2.9999999999999893,True,-1.3930666455950003,3.6523620114837048,False
900,61.2,11.0,0.000225,0.00025,"[4.0, 8.0]",7.248733758351731,7.999999999999986,4.342128013086922,4.133945760709581,5.060349683788903,1.3304317977756563,0.0,0.0,0.0,"[(4.6999999999999975, 4.6999999999999975), (5.499999999999995, 5.499999999999995), (6.0999999999999925, 6.0999999999999925), (6.299999999999992, 6.299999999999992), (6.499999999999991, 6.499999999999991), (6.69999999999999, 7.999999999999986)]",1.8999999999999932,True,2.1883840745628285,7.248733758351731,False
900,61.2,13.000000000000004,0.00019999999999999998,0.00031999999999999997,"[4.0, 8.0]",35.359021390490696,6.0999999999999925,33.430087821444346,33.74029120879448,5.094275166070748,1.0767876591810992,1.0,1.0,1.0,"[(4.499999999999998, 4.499999999999998), (4.6999999999999975, 4.6999999999999975), (4.899999999999997, 7.999999999999986)]",3.399999999999988,True,30.264746224419948,35.359021390490696,False
900,61.2,11.300000000000004,0.00027499999999999996,0.00025,"[4.0, 8.0]",20.625467537791543,7.999999999999986,17.181155867262753,16.792978409329347,5.154915260937997,1.3750941469348996,1.0,0.4146341463414634,0.04878048780487805,"[(6.69999999999999, 6.69999999999999), (6.89999999999999, 7.999999999999986)]",1.2999999999999954,True,15.470552276853546,20.625467537791543,False
900,61.2,12.950000000000003,0.000225,0.00021999999999999998,"[4.0, 8.0]",40.20391984079712,7.999999999999986,37.8937974090275,37.970718950394414,5.269753355809279,1.2547751352600758,1.0,1.0,1.0,"[(4.6999999999999975, 4.6999999999999975), (4.899999999999997, 4.899999999999997), (5.099999999999996, 5.099999999999996), (5.299999999999995, 6.0999999999999925), (6.499999999999991, 7.999999999999986)]",2.79999999999999,True,34.93416648498784,40.20391984079712,False
900,61.2,11.0,0.00019999999999999998,0.00025,"[4.0, 8.0]",4.626669312299838,7.999999999999986,1.2698450993544472,1.248162971743997,5.282931825620172,0.9610321999969612,0.0,0.0,0.0,"[(5.499999999999995, 5.499999999999995), (5.699999999999994, 5.699999999999994), (6.299999999999992, 6.299999999999992), (6.499999999999991, 6.499999999999991), (6.89999999999999, 6.89999999999999), (7.099999999999989, 7.499999999999988), (7.7999999999999865, 7.999999999999986)]",1.2999999999999954,True,-0.6562625133203339,4.626669312299838,False
900,61.2,11.05,0.00019999999999999998,0.00029,"[4.0, 8.0]",3.854050978251933,7.7999999999999865,0.7316753978462298,0.5796951108328956,5.306513212039532,1.1646476635596776,0.0,0.0,0.0,"[(4.899999999999997, 4.899999999999997), (5.099999999999996, 5.099999999999996), (5.699999999999994, 5.699999999999994), (5.899999999999993, 5.899999999999993), (6.299999999999992, 6.499999999999991), (6.89999999999999, 7.299999999999988), (7.599999999999987, 7.999999999999986)]",1.699999999999994,True,-1.452462233787599,3.854050978251933,False
900,61.2,13.200000000000006,0.00019999999999999998,0.00017999999999999998,"[4.0, 8.0]",26.748129219761978,4.1,23.321300290954348,23.025558989415376,5.313192106821056,1.431841773656238,1.0,1.0,1.0,"[(4.0, 4.899999999999997), (5.099999999999996, 5.099999999999996), (5.299999999999995, 5.299999999999995), (7.999999999999986, 7.999999999999986)]",1.2999999999999954,True,21.434937112940922,26.748129219761978,False
900,61.2,11.05,0.00019999999999999998,0.00021999999999999998,"[4.0, 8.0]",4.528542519573626,7.999999999999986,1.2450202885705117,1.0288375889533863,5.3703632957910035,1.2277252143120103,0.0,0.0,0.0,"[(5.099999999999996, 5.099999999999996), (5.899999999999993, 5.899999999999993), (6.0999999999999925, 6.0999999999999925), (6.499999999999991, 6.89999999999999), (7.299999999999988, 7.7999999999999865), (7.999999999999986, 7.999999999999986)]",1.4999999999999947,True,-0.8418207762173777,4.528542519573626,False
900,61.2,11.300000000000004,0.000225,0.00031999999999999997,"[4.0, 8.0]",3.60000437548113,7.7999999999999865,1.1657146463696293,1.2040041146620586,5.375294834273969,1.0971683062582334,0.0,0.0,0.0,"[(4.299999999999999, 4.499999999999998), (4.899999999999997, 5.299999999999995), (5.499999999999995, 6.69999999999999), (6.89999999999999, 7.299999999999988), (7.599999999999987, 7.999999999999986)]",3.099999999999989,True,-1.7752904587928389,3.60000437548113,False
900,61.2,11.200000000000003,0.000225,0.00021999999999999998,"[4.0, 8.0]",4.474747829212244,7.7999999999999865,1.2278910681254953,0.9809040721892004,5.376943994526805,1.2129749649896173,0.0,0.0,0.0,"[(4.899999999999997, 4.899999999999997), (5.699999999999994, 5.699999999999994), (6.299999999999992, 6.299999999999992), (6.499999999999991, 6.499999999999991), (6.89999999999999, 7.299999999999988), (7.599999999999987, 7.999999999999986)]",1.399999999999995,True,-0.9021961653145615,4.474747829212244,False
900,61.2,11.200000000000003,0.00027499999999999996,0.00029,"[4.0, 8.0]",41.70427770767642,7.999999999999986,39.040093064187865,39.24401295125031,5.376988128210904,1.4805033210006013,1.0,1.0,1.0,"[(5.099999999999996, 5.099999999999996), (5.299999999999995, 5.299999999999995), (5.499999999999995, 6.0999999999999925), (6.299999999999992, 6.299999999999992), (6.499999999999991, 7.999999999999986)]",2.5999999999999908,True,36.327289579465514,41.70427770767642,False
900,61.2,13.300000000000008,0.000225,0.00025,"[4.0, 8.0]",40.61573411758804,7.999999999999986,38.06279466089275,38.16157449099893,5.384766380828474,1.4017647339732606,1.0,1.0,1.0,"[(5.099999999999996, 5.099999999999996), (5.299999999999995, 5.299999999999995), (5.499999999999995, 6.0999999999999925), (6.499999999999991, 6.499999999999991), (6.69999999999999, 7.999999999999986)]",2.3999999999999915,True,35.23096773675957,40.61573411758804,False
900,61.2,12.8,0.00019999999999999998,0.00029,"[4.0, 8.0]",37.28724531617564,6.499999999999991,35.619745705968135,35.95597664251653,5.404471274794311,1.2249498699972907,1.0,1.0,1.0,"[(4.499999999999998, 4.499999999999998), (4.6999999999999975, 7.999999999999986)]",3.4999999999999876,True,31.88277404138133,37.28724531617564,False
900,61.2,13.200000000000006,0.000225,0.00025,"[4.0, 8.0]",40.564452706325085,7.999999999999986,38.07479852926369,38.13529114023282,5.406961831011095,1.359057861167693,1.0,1.0,1.0,"[(4.899999999999997, 4.899999999999997), (5.099999999999996, 5.099999999999996), (5.299999999999995, 5.299999999999995), (5.499999999999995, 6.0999999999999925), (6.499999999999991, 7.999999999999986)]",2.5999999999999908,True,35.15749087531399,40.564452706325085,False
900,61.2,11.200000000000003,0.00019999999999999998,0.00029,"[4.0, 8.0]",3.87380489275706,7.599999999999987,0.7066388604542605,0.526427327190625,5.4203012105223305,1.1413759379980202,0.0,0.0,0.0,"[(5.699999999999994, 5.699999999999994), (5.899999999999993, 5.899999999999993), (6.0999999999999925, 6.0999999999999925), (6.299999999999992, 6.299999999999992), (6.499999999999991, 6.499999999999991), (6.69999999999999, 7.099999999999989), (7.399999999999988, 7.7999999999999865), (7.999999999999986, 7.999999999999986)]",1.5999999999999943,True,-1.5464963177652709,3.87380489275706,False
900,61.2,11.300000000000004,0.00019999999999999998,0.00031999999999999997,"[4.0, 8.0]",3.374560295157729,7.699999999999987,0.28643696080387154,0.05513595003868195,5.4309336304333025,1.225269871426403,0.0,0.0,0.0,"[(4.1, 4.1), (4.6999999999999975, 4.6999999999999975), (4.899999999999997, 4.899999999999997), (5.499999999999995, 5.499999999999995), (6.0999999999999925, 6.299999999999992), (6.69999999999999, 7.099999999999989), (7.399999999999988, 7.7999999999999865), (7.999999999999986, 7.999999999999986)]",1.7999999999999936,True,-2.0563733352755733,3.374560295157729,False
900,61.2,12.900000000000002,0.00027499999999999996,0.00015,"[4.0, 8.0]",36.94245647953157,7.999999999999986,34.118187130079,33.80577571578202,5.434350600873486,1.4611880313608296,1.0,1.0,1.0,"[(5.499999999999995, 5.499999999999995), (5.699999999999994, 6.0999999999999925), (6.69999999999999, 7.999999999999986)]",1.999999999999993,True,31.508105878658085,36.94245647953157,False
900,61.2,13.150000000000006,0.000225,0.00025,"[4.0, 8.0]",40.511380295960116,7.999999999999986,38.023976492172544,38.08665435382368,5.447966315732359,1.3488216091545195,1.0,1.0,1.0,"[(4.899999999999997, 4.899999999999997), (5.099999999999996, 5.099999999999996), (5.299999999999995, 5.299999999999995), (5.499999999999995, 6.0999999999999925), (6.499999999999991, 6.499999999999991), (6.69999999999999, 7.999999999999986)]",2.499999999999991,True,35.06341398022776,40.511380295960116,False
900,61.2,11.05,0.00025,0.00021999999999999998,"[4.0, 8.0]",12.286330561990095,7.999999999999986,8.881123914937195,8.462458537739359,5.45372652552242,1.4614554823436616,0.0,0.0,0.0,"[(6.499999999999991, 6.499999999999991), (6.69999999999999, 6.69999999999999), (6.89999999999999, 7.999999999999986)]",1.399999999999995,True,6.832604036467675,12.286330561990095,False
900,61.2,11.200000000000003,0.000225,0.00031999999999999997,"[4.0, 8.0]",6.614785454403096,7.7999999999999865,3.352399902083097,3.0627503012754054,5.4581887395329405,1.4743172346217492,0.0,0.0,0.0,"[(4.299999999999999, 4.299999999999999), (6.499999999999991, 6.499999999999991), (6.69999999999999, 6.69999999999999), (6.89999999999999, 7.999999999999986)]",1.4999999999999947,True,1.1565967148701555,6.614785454403096,False
900,61.2,12.7,0.000225,0.00031999999999999997,"[4.0, 8.0]",42.74125092440027,7.7999999999999865,40.54771404978033,40.6425256109282,5.465433024734672,1.408826679779795,1.0,1.0,1.0,"[(4.499999999999998, 4.499999999999998), (4.6999999999999975, 4.6999999999999975), (4.899999999999997, 4.899999999999997), (5.099999999999996, 5.099999999999996), (5.299999999999995, 5.299999999999995), (5.499999999999995, 6.0999999999999925), (6.299999999999992, 7.999999999999986)]",2.9999999999999893,True,37.2758178996656,42.74125092440027,False
900,61.2,11.200000000000003,0.00027499999999999996,0.00021999999999999998,"[4.0, 8.0]",17.5311143300001,7.999999999999986,14.119113165063952,13.577874029519206,5.470928619286143,1.4906522170828862,0.2682926829268293,0.04878048780487805,0.0,"[(6.69999999999999, 6.69999999999999), (6.89999999999999, 7.999999999999986)]",1.2999999999999954,True,12.060185710713958,17.5311143300001,False
900,61.2,13.050000000000004,0.00019999999999999998,0.00015,"[4.0, 8.0]",23.202739240495504,4.1,19.727638028981723,19.28740345477796,5.471591018352832,1.47065994413051,1.0,1.0,0.36585365853658536,"[(4.0, 4.899999999999997), (5.099999999999996, 5.099999999999996), (7.7999999999999865, 7.7999999999999865), (7.999999999999986, 7.999999999999986)]",1.2999999999999954,True,17.73114822214267,23.202739240495504,False
900,61.2,11.150000000000002,0.000225,0.00029,"[4.0, 8.0]",5.376390451044558,7.7999999999999865,2.049410968647994,1.7683598796422884,5.501831178097007,1.4004100243247206,0.0,0.0,0.0,"[(4.1, 4.1), (6.299999999999992, 6.299999999999992), (6.89999999999999, 7.999999999999986)]",1.399999999999995,True,-0.12544072705244846,5.376390451044558,False
900,61.2,12.850000000000001,0.00019999999999999998,0.00029,"[4.0, 8.0]",37.548727827005365,6.69999999999999,35.51949026593782,35.832316017310426,5.507194363422478,1.1567815376762687,1.0,1.0,1.0,"[(4.499999999999998, 4.499999999999998), (4.6999999999999975, 4.6999999999999975), (4.899999999999997, 7.999999999999986)]",3.399999999999988,True,32.04153346358289,37.548727827005365,False
900,61.2,13.150000000000006,0.000225,0.00015,"[4.0, 8.0]",27.143008370348962,4.1,23.626026518464418,23.25714792899232,5.543942766431748,1.4910962181948333,1.0,1.0,1.0,"[(4.0, 4.899999999999997), (5.099999999999996, 5.099999999999996), (7.999999999999986, 7.999999999999986)]",1.1999999999999957,True,21.599065603917214,27.143008370348962,False
900,61.2,13.050000000000004,0.00025,0.00011999999999999999,"[4.0, 8.0]",25.669903305951355,4.1,22.177167032159105,21.77263669332792,5.555231106564175,1.4801219941474502,1.0,1.0,1.0,"[(4.0, 4.899999999999997), (5.099999999999996, 5.099999999999996), (7.7999999999999865, 7.7999999999999865), (7.999999999999986, 7.999999999999986)]",1.2999999999999954,True,20.11467219938718,25.669903305951355,False
900,61.2,13.250000000000007,0.000225,0.00025,"[4.0, 8.0]",40.6350883499577,7.999999999999986,38.07660023058561,38.15284341986985,5.585613090145962,1.406936045913505,1.0,1.0,1.0,"[(5.099999999999996, 5.099999999999996), (5.299999999999995, 5.299999999999995), (5.499999999999995, 6.0999999999999925), (6.499999999999991, 6.499999999999991), (6.69999999999999, 7.999999999999986)]",2.3999999999999915,True,35.049475259811736,40.6350883499577,False
900,61.2,12.900000000000002,0.00025,0.00017999999999999998,"[4.0, 8.0]",38.54920828356367,7.999999999999986,35.613859592811906,35.323409446612125,5.590939908052249,1.5682992062646717,1.0,1.0,1.0,"[(5.499999999999995, 5.499999999999995), (5.699999999999994, 6.0999999999999925), (6.69999999999999, 7.999999999999986)]",1.999999999999993,True,32.95826837551142,38.54920828356367,False
900,61.2,13.150000000000006,0.00027499999999999996,0.00011999999999999999,"[4.0, 8.0]",28.152993550165807,4.1,24.634701583963185,24.28589122799562,5.673102877106256,1.5083149390262447,1.0,1.0,1.0,"[(4.0, 4.899999999999997), (5.099999999999996, 5.099999999999996), (7.999999999999986, 7.999999999999986)]",1.1999999999999957,True,22.47989067305955,28.152993550165807,False
900,61.2,11.300000000000004,0.00027499999999999996,0.00031999999999999997,"[4.0, 8.0]",42.263069227150524,7.999999999999986,39.64719765499269,39.884861178831635,5.680015668624634,1.5869818262335158,1.0,1.0,1.0,"[(5.299999999999995, 5.299999999999995), (5.499999999999995, 6.0999999999999925), (6.299999999999992, 7.999999999999986)]",2.5999999999999908,True,36.58305355852589,42.263069227150524,False
900,61.2,12.850000000000001,0.00027499999999999996,0.00015,"[4.0, 8.0]",37.0485250232199,7.999999999999986,34.06511498892992,34.007693781919286,5.692279966408101,1.5783533377309795,1.0,1.0,1.0,"[(5.499999999999995, 5.499999999999995), (5.699999999999994, 6.0999999999999925), (6.69999999999999, 7.999999999999986)]",1.999999999999993,True,31.3562450568118,37.0485250232199,False
900,61.2,11.250000000000004,0.000225,0.00021999999999999998,"[4.0, 8.0]",3.5630275710403585,7.7999999999999865,0.1471830761935129,0.13763504115207026,5.699452139026278,1.1903077325130926,0.0,0.0,0.0,"[(4.1, 4.1), (4.899999999999997, 4.899999999999997), (5.699999999999994, 5.699999999999994), (5.899999999999993, 5.899999999999993), (6.499999999999991, 6.499999999999991), (6.69999999999999, 6.69999999999999), (6.89999999999999, 6.89999999999999), (7.099999999999989, 7.099999999999989), (7.499999999999988, 7.899999999999986)]",1.2999999999999954,True,-2.136424567985919,3.5630275710403585,False
900,61.2,13.100000000000005,0.000225,0.00025,"[4.0, 8.0]",40.58220684444028,7.999999999999986,38.065442291904795,38.12655179519766,5.707984471567094,1.3754029458322876,1.0,1.0,1.0,"[(5.099999999999996, 5.099999999999996), (5.299999999999995, 5.299999999999995), (5.499999999999995, 6.0999999999999925), (6.499999999999991, 6.499999999999991), (6.69999999999999, 7.999999999999986)]",2.3999999999999915,True,34.874222372873184,40.58220684444028,False
900,61.2,13.250000000000007,0.00019999999999999998,0.00017999999999999998,"[4.0, 8.0]",26.854591588052266,4.1,23.09812009480135,22.72488329544506,5.75530163034907,1.5761494705724381,1.0,1.0,1.0,"[(4.0, 4.899999999999997), (5.099999999999996, 5.099999999999996), (7.999999999999986, 7.999999999999986)]",1.1999999999999957,True,21.099289957703196,26.854591588052266,False
900,61.2,13.000000000000004,0.000225,0.00011999999999999999,"[4.0, 8.0]",22.731737171255062,4.1,19.0434409261505,18.643526220989457,5.794733278973045,1.5573915424563396,1.0,0.9512195121951219,0.24390243902439024,"[(4.0, 4.899999999999997), (5.099999999999996, 5.099999999999996), (7.999999999999986, 7.999999999999986)]",1.1999999999999957,True,16.937003892282018,22.731737171255062,False
900,61.2,11.0,0.00019999999999999998,0.00029,"[4.0, 8.0]",3.7034458449950405,7.999999999999986,0.26429664613877,0.1205107718620656,5.816565043020841,1.2925732779906607,0.0,0.0,0.0,"[(4.899999999999997, 4.899999999999997), (5.699999999999994, 5.699999999999994), (6.299999999999992, 6.499999999999991), (6.999999999999989, 7.299999999999988), (7.699999999999987, 7.999999999999986)]",1.2999999999999954,True,-2.113119198025801,3.7034458449950405,False
900,61.2,12.950000000000003,0.00019999999999999998,0.00011999999999999999,"[4.0, 8.0]",19.685176092517167,4.1,15.966852806409555,15.617148801647769,5.817766577008189,1.5744412689624512,0.6585365853658537,0.24390243902439024,0.0,"[(4.0, 4.899999999999997), (5.099999999999996, 5.099999999999996), (7.999999999999986, 7.999999999999986)]",1.1999999999999957,True,13.867409515508978,19.685176092517167,False
900,61.2,11.0,0.00027499999999999996,0.00017999999999999998,"[4.0, 8.0]",10.9316886327346,7.999999999999986,7.4280129026748085,6.887836394044294,5.829486070081661,1.7083041838401696,0.0,0.0,0.0,"[(6.69999999999999, 6.69999999999999), (6.89999999999999, 7.999999999999986)]",1.2999999999999954,True,5.1022025626529395,10.9316886327346,False
900,61.2,11.0,0.00025,0.00015,"[4.0, 8.0]",5.897104146045291,7.999999999999986,1.9931886131274033,1.9702621963873286,5.836223000042553,1.0132190669766052,0.0,0.0,0.0,"[(7.299999999999988, 7.299999999999988), (7.899999999999986, 7.999999999999986)]",0.29999999999999893,True,0.0608811460027377,5.897104146045291,False
900,61.2,12.8,0.00027499999999999996,0.00015,"[4.0, 8.0]",37.1327492671309,7.999999999999986,34.0627239173573,34.15932867948769,5.847180689477945,1.6035144044819034,1.0,1.0,1.0,"[(5.499999999999995, 5.499999999999995), (5.699999999999994, 6.0999999999999925), (6.599999999999991, 7.999999999999986)]",2.0999999999999925,True,31.285568577652953,37.1327492671309,False
900,61.2,12.900000000000002,0.000225,0.00021999999999999998,"[4.0, 8.0]",40.45608767267727,7.999999999999986,37.99739212136604,38.011836082018455,5.851047541685858,1.3570464639977688,1.0,1.0,1.0,"[(4.899999999999997, 4.899999999999997), (5.099999999999996, 5.099999999999996), (5.299999999999995, 5.299999999999995), (5.499999999999995, 6.0999999999999925), (6.499999999999991, 7.999999999999986)]",2.5999999999999908,True,34.60504013099141,40.45608767267727,False
900,61.2,12.75,0.00019999999999999998,0.00029,"[4.0, 8.0]",37.54065767643107,6.499999999999991,35.69878676980732,36.10054238315412,5.892211073088369,1.3266053718715756,1.0,1.0,1.0,"[(4.499999999999998, 4.499999999999998), (4.6999999999999975, 7.999999999999986)]",3.4999999999999876,True,31.6484466033427,37.54065767643107,False
900,61.2,12.950000000000003,0.00019999999999999998,0.00031999999999999997,"[4.0, 8.0]",35.121732487758464,6.0999999999999925,32.77984346714355,33.03438781775143,5.915909771294334,1.2971504959878655,1.0,1.0,1.0,"[(4.6999999999999975, 4.6999999999999975), (4.899999999999997, 4.899999999999997), (5.099999999999996, 7.999999999999986)]",3.1999999999999886,True,29.20582271646413,35.121732487758464,False
900,61.2,11.150000000000002,0.00027499999999999996,0.00029,"[4.0, 8.0]",41.85836698745787,7.999999999999986,38.983845067997244,39.22447745506822,5.936116129265308,1.7022531551297895,1.0,1.0,1.0,"[(5.099999999999996, 5.099999999999996), (5.299999999999995, 5.299999999999995), (5.499999999999995, 5.499999999999995), (5.699999999999994, 6.0999999999999925), (6.499999999999991, 6.499999999999991), (6.69999999999999, 7.999999999999986)]",2.299999999999992,True,35.92225085819256,41.85836698745787,False
900,61.2,11.05,0.000225,0.00017999999999999998,"[4.0, 8.0]",5.207357199572652,7.999999999999986,1.506487499196167,1.591828310746429,6.007276047684652,1.1402820249524035,0.0,0.0,0.0,"[(5.499999999999995, 5.499999999999995), (6.299999999999992, 6.299999999999992), (6.499999999999991, 6.499999999999991), (7.099999999999989, 7.699999999999987), (7.999999999999986, 7.999999999999986)]",1.099999999999996,True,-0.7999188481119999,5.207357199572652,False
900,61.2,11.300000000000004,0.000225,0.00029,"[4.0, 8.0]",4.84144502922009,7.999999999999986,1.46362658192474,1.5409931872116438,6.053577907788711,1.124201804423989,0.0,0.0,0.0,"[(5.499999999999995, 5.499999999999995), (5.699999999999994, 5.699999999999994), (6.299999999999992, 6.299999999999992), (6.499999999999991, 6.499999999999991), (6.89999999999999, 7.599999999999987), (7.7999999999999865, 7.999999999999986)]",1.4999999999999947,True,-1.212132878568621,4.84144502922009,False
900,61.2,13.200000000000006,0.000225,0.00015,"[4.0, 8.0]",27.182056515394045,4.1,23.2704646809868,22.853346561793813,6.092172333444008,1.6566611596340404,1.0,1.0,1.0,"[(4.0, 4.899999999999997), (5.099999999999996, 5.099999999999996), (7.999999999999986, 7.999999999999986)]",1.1999999999999957,True,21.089884181950037,27.182056515394045,False
900,61.2,12.850000000000001,0.00025,0.00017999999999999998,"[4.0, 8.0]",38.625102809197784,7.999999999999986,35.54057233420138,35.655559656477074,6.103099339721531,1.6767916967726377,1.0,1.0,1.0,"[(5.499999999999995, 5.499999999999995), (5.699999999999994, 6.0999999999999925), (6.599999999999991, 7.999999999999986)]",2.0999999999999925,True,32.52200346947625,38.625102809197784,False
900,61.2,12.75,0.00027499999999999996,0.00015,"[4.0, 8.0]",37.20640001649506,7.999999999999986,34.06600808539803,34.33795250472576,6.119137634442836,1.6615265502078294,1.0,1.0,1.0,"[(5.699999999999994, 6.0999999999999925), (6.499999999999991, 7.999999999999986)]",2.0999999999999925,True,31.087262382052224,37.20640001649506,False
900,61.2,12.7,0.00027499999999999996,0.00015,"[4.0, 8.0]",37.29445716631743,7.999999999999986,34.115722197255394,34.21291643295709,6.153260510919139,1.6600675452725817,1.0,1.0,1.0,"[(5.699999999999994, 6.0999999999999925), (6.499999999999991, 6.499999999999991), (6.69999999999999, 7.999999999999986)]",1.999999999999993,True,31.14119665539829,37.29445716631743,False
900,61.2,13.200000000000006,0.00027499999999999996,0.00011999999999999999,"[4.0, 8.0]",28.214775013519283,4.1,24.335214281021262,23.940768497966882,6.1811068152645525,1.6631658267104494,1.0,1.0,1.0,"[(4.0, 4.899999999999997), (5.099999999999996, 5.099999999999996), (7.999999999999986, 7.999999999999986)]",1.1999999999999957,True,22.03366819825473,28.214775013519283,False
900,61.2,12.8,0.00025,0.00017999999999999998,"[4.0, 8.0]",38.696396671488685,7.999999999999986,35.54535424061626,35.69250941508614,6.244301738748824,1.6769091938696339,1.0,1.0,1.0,"[(5.699999999999994, 6.0999999999999925), (6.599999999999991, 7.999999999999986)]",1.999999999999993,True,32.45209493273986,38.696396671488685,False
900,61.2,12.7,0.00025,0.00017999999999999998,"[4.0, 8.0]",38.86750807331654,7.999999999999986,35.654810523085494,35.83431177279469,6.245064354668216,1.7157957780136917,1.0,1.0,1.0,"[(5.699999999999994, 6.0999999999999925), (6.499999999999991, 6.499999999999991), (6.69999999999999, 7.999999999999986)]",1.999999999999993,True,32.62244371864833,38.86750807331654,False
900,61.2,12.75,0.000225,0.00031999999999999997,"[4.0, 8.0]",42.89488762999956,7.7999999999999865,40.53482683284506,40.568247245057066,6.253380451931001,1.481224985661087,1.0,1.0,1.0,"[(4.499999999999998, 4.499999999999998), (4.899999999999997, 4.899999999999997), (5.099999999999996, 5.099999999999996), (5.299999999999995, 5.299999999999995), (5.499999999999995, 6.0999999999999925), (6.499999999999991, 7.999999999999986)]",2.6999999999999904,True,36.64150717806856,42.89488762999956,False
900,61.2,13.050000000000004,0.000225,0.00025,"[4.0, 8.0]",40.77268239786083,7.999999999999986,38.140706993992026,38.134084695468125,6.261355991223525,1.4826200267313152,1.0,1.0,1.0,"[(5.099999999999996, 5.099999999999996), (5.299999999999995, 5.299999999999995), (5.499999999999995, 6.0999999999999925), (6.499999999999991, 6.499999999999991), (6.69999999999999, 7.999999999999986)]",2.3999999999999915,True,34.5113264066373,40.77268239786083,False
900,61.2,11.200000000000003,0.00027499999999999996,0.00015,"[4.0, 8.0]",4.308325702189364,7.999999999999986,0.13918967771295476,0.0761326113168537,6.282079795826891,1.1583583742802765,0.0,0.0,0.0,"[(7.099999999999989, 7.299999999999988), (7.7999999999999865, 7.999999999999986)]",0.5999999999999979,True,-1.9737540936375264,4.308325702189364,False
900,61.2,11.200000000000003,0.00025,0.00025,"[4.0, 8.0]",10.63641234513728,7.999999999999986,6.733299589331323,6.26285367096798,6.309281371541515,1.6701256986060937,0.0,0.0,0.0,"[(6.89999999999999, 6.89999999999999), (7.099999999999989, 7.999999999999986)]",1.099999999999996,True,4.327130973595765,10.63641234513728,False
900,61.2,12.850000000000001,0.000225,0.00021999999999999998,"[4.0, 8.0]",40.58528913476109,7.999999999999986,38.036899924867654,37.992880042608995,6.32028808533331,1.4291769532416347,1.0,1.0,1.0,"[(5.099999999999996, 5.099999999999996), (5.299999999999995, 5.299999999999995), (5.499999999999995, 6.0999999999999925), (6.499999999999991, 7.999999999999986)]",2.499999999999991,True,34.26500104942778,40.58528913476109,False
900,61.2,12.75,0.00025,0.00017999999999999998,"[4.0, 8.0]",38.795249103005226,7.999999999999986,35.602780872605926,35.91809879419904,6.357372480123757,1.724091015506936,1.0,1.0,1.0,"[(5.699999999999994, 6.0999999999999925), (6.499999999999991, 7.999999999999986)]",2.0999999999999925,True,32.43787662288147,38.795249103005226,False
900,61.2,12.900000000000002,0.00019999999999999998,0.00031999999999999997,"[4.0, 8.0]",34.70919269243935,6.0999999999999925,32.065330690473544,32.37381645632376,6.3585795531418015,1.4317297699400615,1.0,1.0,1.0,"[(4.899999999999997, 4.899999999999997), (5.099999999999996, 5.099999999999996), (5.299999999999995, 7.7999999999999865), (7.999999999999986, 7.999999999999986)]",2.8999999999999897,True,28.35061313929755,34.70919269243935,False
900,61.2,12.8,0.000225,0.00031999999999999997,"[4.0, 8.0]",42.97238846618514,7.7999999999999865,40.61597511428262,40.67256043110417,6.370101610962941,1.4476578912810598,1.0,1.0,1.0,"[(4.499999999999998, 4.499999999999998), (4.899999999999997, 4.899999999999997), (5.099999999999996, 5.099999999999996), (5.299999999999995, 5.299999999999995), (5.499999999999995, 6.0999999999999925), (6.499999999999991, 7.999999999999986)]",2.6999999999999904,True,36.6022868552222,42.97238846618514,False
900,61.2,12.7,0.00019999999999999998,0.00029,"[4.0, 8.0]",37.96237934441062,6.499999999999991,35.88154190872879,36.28727669488867,6.380628049110214,1.3823936842805709,1.0,1.0,1.0,"[(4.6999999999999975, 4.6999999999999975), (4.899999999999997, 7.999999999999986)]",3.2999999999999883,True,31.581751295300407,37.96237934441062,False
900,61.2,11.05,0.00019999999999999998,0.00025,"[4.0, 8.0]",5.605350356735852,7.999999999999986,1.4133887354640728,1.373837391665844,6.385785123179445,1.2138810002290867,0.0,0.0,0.0,"[(7.099999999999989, 7.099999999999989), (7.299999999999988, 7.299999999999988), (7.7999999999999865, 7.999999999999986)]",0.4999999999999982,True,-0.780434766443593,5.605350356735852,False
900,61.2,11.200000000000003,0.00019999999999999998,0.00025,"[4.0, 8.0]",4.400120669080784,7.699999999999987,0.4148247717351637,0.14620577462577927,6.432083720890612,1.4095987840094752,0.0,0.0,0.0,"[(6.89999999999999, 7.099999999999989), (7.499999999999988, 7.7999999999999865), (7.999999999999986, 7.999999999999986)]",0.7999999999999972,True,-2.0319630518098277,4.400120669080784,False
900,61.2,13.300000000000008,0.00019999999999999998,0.00017999999999999998,"[4.0, 8.0]",26.68481781629481,4.1,22.39764382536938,21.879038937228096,6.49540551515452,1.7966649901174807,1.0,1.0,1.0,"[(4.0, 4.6999999999999975), (4.899999999999997, 4.899999999999997)]",0.8999999999999968,True,20.18941230114029,26.68481781629481,False
900,61.2,13.100000000000005,0.00019999999999999998,0.00015,"[4.0, 8.0]",22.16763568723675,4.1,17.943806212137293,17.35929045203733,6.542408198910012,1.794842826244801,1.0,0.6341463414634146,0.17073170731707318,"[(4.0, 4.6999999999999975), (4.899999999999997, 4.899999999999997)]",0.8999999999999968,True,15.625227488326738,22.16763568723675,False
900,61.2,13.250000000000007,0.000225,0.00015,"[4.0, 8.0]",27.348963549905815,4.1,23.083433779057845,22.63229722309534,6.564592238226076,1.8176997995749549,1.0,1.0,1.0,"[(4.0, 4.6999999999999975), (4.899999999999997, 4.899999999999997)]",0.8999999999999968,True,20.784371311679738,27.348963549905815,False
900,61.2,13.250000000000007,0.00027499999999999996,0.00011999999999999999,"[4.0, 8.0]",28.484700598702787,4.1,24.320028177000644,23.904102601424867,6.5707683357845,1.799846921504763,1.0,1.0,1.0,"[(4.0, 4.6999999999999975), (4.899999999999997, 4.899999999999997)]",0.8999999999999968,True,21.913932262918287,28.484700598702787,False
900,61.2,11.300000000000004,0.00025,0.00029,"[4.0, 8.0]",12.139796270587052,7.999999999999986,7.885125635330175,7.474787697250976,6.580279870124288,1.7263708939040774,0.0,0.0,0.0,"[(7.299999999999988, 7.999999999999986)]",0.7999999999999972,True,5.559516400462764,12.139796270587052,False
900,61.2,12.8,0.000225,0.00021999999999999998,"[4.0, 8.0]",40.619347019879385,7.999999999999986,38.05199981838389,38.11930612793439,6.580359148559111,1.4367150048021617,1.0,1.0,1.0,"[(5.099999999999996, 5.099999999999996), (5.299999999999995, 5.299999999999995), (5.499999999999995, 6.0999999999999925), (6.499999999999991, 7.999999999999986)]",2.499999999999991,True,34.03898787132027,40.619347019879385,False
900,61.2,11.300000000000004,0.000225,0.00025,"[4.0, 8.0]",4.488124582858326,7.999999999999986,0.18211472709512988,0.07890945531072203,6.6188114540034535,1.1693126985589863,0.0,0.0,0.0,"[(7.299999999999988, 7.299999999999988), (7.899999999999986, 7.999999999999986)]",0.29999999999999893,True,-2.1306868711451274,4.488124582858326,False
900,61.2,13.100000000000005,0.00025,0.00011999999999999999,"[4.0, 8.0]",24.59918469219228,4.1,20.33527071268654,19.786114457759666,6.63734109864005,1.8141518648250867,1.0,1.0,0.4878048780487805,"[(4.0, 4.6999999999999975), (4.899999999999997, 4.899999999999997)]",0.8999999999999968,True,17.96184359355223,24.59918469219228,False
900,61.2,12.850000000000001,0.000225,0.00031999999999999997,"[4.0, 8.0]",43.06912303121513,7.999999999999986,40.661737054354376,40.798804383330484,6.678460160160128,1.504255603672902,1.0,1.0,1.0,"[(4.299999999999999, 4.299999999999999), (4.899999999999997, 4.899999999999997), (5.099999999999996, 5.099999999999996), (5.299999999999995, 5.299999999999995), (5.499999999999995, 6.0999999999999925), (6.499999999999991, 7.999999999999986)]",2.6999999999999904,True,36.390662871055,43.06912303121513,False
900,61.2,12.8,0.00019999999999999998,0.00031999999999999997,"[4.0, 8.0]",34.438021359103445,6.0999999999999925,32.21243753930024,32.64896491285858,6.699525578143849,1.6474294807733252,1.0,1.0,1.0,"[(4.6999999999999975, 4.6999999999999975), (4.899999999999997, 4.899999999999997), (5.099999999999996, 7.999999999999986)]",3.1999999999999886,True,27.738495780959596,34.438021359103445,False
900,61.2,12.75,0.00019999999999999998,0.00031999999999999997,"[4.0, 8.0]",34.34997926677053,6.69999999999999,32.14197914958464,32.678551941131495,6.788436226397366,1.7361877741018996,1.0,1.0,1.0,"[(4.899999999999997, 7.7999999999999865), (7.999999999999986, 7.999999999999986)]",3.099999999999989,True,27.561543040373166,34.34997926677053,False
900,61.2,12.75,0.000225,0.00021999999999999998,"[4.0, 8.0]",40.638836376901644,7.999999999999986,38.0854124014075,38.23886180177353,6.849832344419887,1.4667578975390447,1.0,1.0,1.0,"[(5.099999999999996, 5.099999999999996), (5.299999999999995, 5.299999999999995), (5.499999999999995, 6.0999999999999925), (6.499999999999991, 7.999999999999986)]",2.499999999999991,True,33.789004032481756,40.638836376901644,False
900,61.2,12.850000000000001,0.00019999999999999998,0.00031999999999999997,"[4.0, 8.0]",34.554382229377744,6.69999999999999,31.923112274473468,32.29793763001713,6.856481139774196,1.5846171237976032,1.0,1.0,1.0,"[(4.899999999999997, 4.899999999999997), (5.099999999999996, 7.7999999999999865), (7.999999999999986, 7.999999999999986)]",2.9999999999999893,True,27.697901089603548,34.554382229377744,False
900,61.2,11.05,0.00027499999999999996,0.00017999999999999998,"[4.0, 8.0]",5.4902670049492395,7.7999999999999865,1.5058549329802764,1.0833518398054445,6.859777957488946,1.9240453292721027,0.0,0.0,0.0,"[(6.89999999999999, 7.999999999999986)]",1.1999999999999957,True,-1.3695109525397062,5.4902670049492395,False
900,61.2,11.05,0.00025,0.00015,"[4.0, 8.0]",6.4377933910980865,7.999999999999986,1.519005844522938,1.4902713020275566,6.876727049444329,1.1796426289039743,0.0,0.0,0.0,"[(7.899999999999986, 7.999999999999986)]",0.1999999999999993,True,-0.4389336583462432,6.4377933910980865,False
900,61.2,11.250000000000004,0.00019999999999999998,0.00031999999999999997,"[4.0, 8.0]",4.936617648041543,7.7999999999999865,0.5697581237350201,0.3876328885703703,6.890989649943224,1.486979654018265,0.0,0.0,0.0,"[(7.099999999999989, 7.299999999999988), (7.699999999999987, 7.999999999999986)]",0.6999999999999975,True,-1.9543720019016806,4.936617648041543,False
900,61.2,12.7,0.000225,0.00021999999999999998,"[4.0, 8.0]",40.598597013332025,7.999999999999986,38.06859959237998,38.15830210375796,6.915550179184528,1.4539744240590418,1.0,1.0,1.0,"[(5.099999999999996, 5.099999999999996), (5.299999999999995, 5.299999999999995), (5.499999999999995, 6.0999999999999925), (6.499999999999991, 7.999999999999986)]",2.499999999999991,True,33.6830468341475,40.598597013332025,False
900,61.2,11.100000000000001,0.00019999999999999998,0.00025,"[4.0, 8.0]",5.605622565770495,7.999999999999986,1.2748362453662616,1.2081025200876367,6.9293799469953345,1.4844889288335563,0.0,0.0,0.0,"[(6.299999999999992, 6.299999999999992), (7.099999999999989, 7.199999999999989), (7.7999999999999865, 7.999999999999986)]",0.5999999999999979,True,-1.3237573812248402,5.605622565770495,False
900,61.2,13.050000000000004,0.000225,0.00011999999999999999,"[4.0, 8.0]",21.28622125046759,4.1,16.72128918028217,16.1128880909427,7.044125720009152,1.9447031578086404,0.8048780487804879,0.3902439024390244,0.0975609756097561,"[(4.0, 4.6999999999999975), (4.899999999999997, 4.899999999999997)]",0.8999999999999968,True,14.242095530458439,21.28622125046759,False
900,61.2,13.000000000000004,0.000225,0.00025,"[4.0, 8.0]",41.00644083455694,7.999999999999986,38.18152640787347,38.10065638009634,7.112583576159729,1.6066743322814796,1.0,1.0,1.0,"[(5.299999999999995, 5.299999999999995), (5.499999999999995, 5.499999999999995), (5.699999999999994, 6.0999999999999925), (6.499999999999991, 6.499999999999991), (6.69999999999999, 7.999999999999986)]",2.199999999999992,True,33.89385725839721,41.00644083455694,False
900,61.2,12.7,0.00019999999999999998,0.00031999999999999997,"[4.0, 8.0]",34.68960450122874,6.499999999999991,32.281839643176994,32.7396284801996,7.126835586940139,1.7327239089974507,1.0,1.0,1.0,"[(4.899999999999997, 4.899999999999997), (5.099999999999996, 7.7999999999999865)]",2.8999999999999897,True,27.562768914288604,34.68960450122874,False
900,61.2,11.150000000000002,0.00019999999999999998,0.00025,"[4.0, 8.0]",5.206059734703855,7.7999999999999865,0.8626086501135758,0.6998413000519598,7.1309013593925545,1.5495154313737431,0.0,0.0,0.0,"[(6.299999999999992, 6.299999999999992), (6.89999999999999, 7.099999999999989), (7.599999999999987, 7.999999999999986)]",0.8999999999999968,True,-1.9248416246886997,5.206059734703855,False
900,61.2,13.000000000000004,0.00019999999999999998,0.00011999999999999999,"[4.0, 8.0]",18.218430806808446,4.1,13.57570008204173,13.028600912734113,7.152492537183559,1.9779798788387568,0.24390243902439024,0.0975609756097561,0.0,"[(4.0, 4.6999999999999975), (4.899999999999997, 4.899999999999997)]",0.8999999999999968,True,11.065938269624887,18.218430806808446,False
900,61.2,13.150000000000006,0.00027499999999999996,0.00017999999999999998,"[4.0, 8.0]",36.14549481861343,7.999999999999986,32.95294260967004,32.88335829071294,7.258619294864843,2.041269622188881,1.0,1.0,1.0,"[(5.699999999999994, 6.199999999999992), (6.69999999999999, 7.999999999999986)]",1.999999999999993,True,28.886875523748586,36.14549481861343,False
900,61.2,11.100000000000001,0.00025,0.00021999999999999998,"[4.0, 8.0]",7.764157087197888,7.999999999999986,3.123899319955013,2.7249847665787645,7.300368719997497,1.8318302447915786,0.0,0.0,0.0,"[(7.099999999999989, 7.999999999999986)]",0.9999999999999964,True,0.4637883672003915,7.764157087197888,False
900,61.2,13.300000000000008,0.000225,0.00015,"[4.0, 8.0]",27.1187264230481,4.1,22.30844021606431,21.73019921561094,7.3105608477106045,2.0543966929741955,1.0,1.0,0.926829268292683,"[(4.0, 4.6999999999999975), (4.899999999999997, 4.899999999999997)]",0.8999999999999968,True,19.808165575337494,27.1187264230481,False
900,61.2,12.900000000000002,0.000225,0.00031999999999999997,"[4.0, 8.0]",43.07931273809655,7.999999999999986,40.42471668734379,40.50284968415614,7.313946555415164,1.517504032673747,1.0,1.0,1.0,"[(4.299999999999999, 4.299999999999999), (5.299999999999995, 5.299999999999995), (5.499999999999995, 5.499999999999995), (5.699999999999994, 5.899999999999993), (6.0999999999999925, 6.0999999999999925), (6.499999999999991, 7.999999999999986)]",2.299999999999992,True,35.76536618268138,43.07931273809655,False
900,61.2,13.300000000000008,0.00027499999999999996,0.00011999999999999999,"[4.0, 8.0]",28.326367734493708,4.1,23.619849427614852,23.081323056122798,7.314767165047421,2.0415394872413857,1.0,1.0,1.0,"[(4.0, 4.6999999999999975), (4.899999999999997, 4.899999999999997)]",0.8999999999999968,True,21.011600569446287,28.326367734493708,False
900,61.2,11.250000000000004,0.00025,0.00017999999999999998,"[4.0, 8.0]",4.733808141240594,7.999999999999986,-0.23158153578067658,-0.345911591405064,7.4006909972803765,1.2431497893632817,0.0,0.0,0.0,"[(7.999999999999986, 7.999999999999986)]",0.09999999999999964,True,-2.6668828560397824,4.733808141240594,False
900,61.2,11.200000000000003,0.00019999999999999998,0.00031999999999999997,"[4.0, 8.0]",5.232826915352216,7.999999999999986,0.7040963589769925,0.3240114690746386,7.445839110682246,1.5718762667390955,0.0,0.0,0.0,"[(6.69999999999999, 6.69999999999999), (7.199999999999989, 7.399999999999988), (7.7999999999999865, 7.999999999999986)]",0.6999999999999975,True,-2.2130121953300304,5.232826915352216,False
900,61.2,13.150000000000006,0.00019999999999999998,0.00015,"[4.0, 8.0]",21.58053544638049,4.1,16.721343710716432,16.04845463213736,7.46300225527456,2.0797690938579523,0.7560975609756098,0.36585365853658536,0.12195121951219512,"[(4.0, 4.6999999999999975)]",0.7999999999999972,True,14.117533191105931,21.58053544638049,False
900,61.2,11.0,0.00027499999999999996,0.00011999999999999999,"[4.0, 8.0]",6.890733036156024,7.999999999999986,1.456688353778105,1.2862865089812503,7.466069099363903,1.3923479473392442,0.0,0.0,0.0,"[(7.7999999999999865, 7.999999999999986)]",0.29999999999999893,True,-0.5753360632078789,6.890733036156024,False
900,61.2,13.200000000000006,0.00027499999999999996,0.00017999999999999998,"[4.0, 8.0]",35.97865612342857,6.999999999999989,32.66694179339507,32.59832301445428,7.536184293563021,2.1189152968596834,1.0,1.0,1.0,"[(5.699999999999994, 6.199999999999992), (6.79999999999999, 7.999999999999986)]",1.8999999999999932,True,28.44247182986555,35.97865612342857,False
900,61.2,13.150000000000006,0.00025,0.00011999999999999999,"[4.0, 8.0]",24.08078654335688,4.1,19.176236661786056,18.523396836840732,7.553887363671507,2.1021827046488584,1.0,0.9024390243902439,0.2926829268292683,"[(4.0, 4.6999999999999975)]",0.7999999999999972,True,16.526899179685373,24.08078654335688,False
900,61.2,11.200000000000003,0.00027499999999999996,0.00031999999999999997,"[4.0, 8.0]",42.5250300218912,6.0999999999999925,38.151377564294016,37.99454621863292,7.736228358073305,1.9200566277494415,1.0,1.0,1.0,"[(5.099999999999996, 5.099999999999996), (6.0999999999999925, 6.0999999999999925), (7.099999999999989, 7.999999999999986)]",1.1999999999999957,True,34.78880166381789,42.5250300218912,False
900,61.2,11.05,0.00027499999999999996,0.00029,"[4.0, 8.0]",41.89070525559817,6.0999999999999925,37.9369134894291,37.87502333526413,7.858155074804486,1.9289581787389027,1.0,1.0,1.0,"[(4.899999999999997, 4.9999999999999964), (5.899999999999993, 5.899999999999993), (6.0999999999999925, 6.0999999999999925), (6.89999999999999, 6.89999999999999), (7.099999999999989, 7.999999999999986)]",1.4999999999999947,True,34.032550180793685,41.89070525559817,False
900,61.2,13.150000000000006,0.00025,0.00021999999999999998,"[4.0, 8.0]",37.93643754213003,6.999999999999989,34.3039843486635,34.270828721597326,7.890276443884794,2.3448706897125744,1.0,1.0,1.0,"[(5.699999999999994, 5.699999999999994), (5.899999999999993, 6.199999999999992), (6.69999999999999, 7.999999999999986)]",1.8999999999999932,True,30.046161098245236,37.93643754213003,False
900,61.2,13.100000000000005,0.00027499999999999996,0.00017999999999999998,"[4.0, 8.0]",36.51752793031316,6.89999999999999,32.87409610172436,32.787208000875026,7.910603846452425,2.0896031585173356,1.0,1.0,1.0,"[(5.699999999999994, 5.699999999999994), (5.899999999999993, 6.199999999999992), (6.69999999999999, 7.999999999999986)]",1.8999999999999932,True,28.606924083860733,36.51752793031316,False
900,61.2,11.250000000000004,0.00027499999999999996,0.00031999999999999997,"[4.0, 8.0]",43.258044803486996,7.999999999999986,39.179290907593206,39.67306304681392,7.958888761289053,2.1517036084913403,1.0,1.0,1.0,"[(5.299999999999995, 5.299999999999995), (5.499999999999995, 5.499999999999995), (5.899999999999993, 5.899999999999993), (6.0999999999999925, 6.0999999999999925), (6.89999999999999, 6.89999999999999), (7.099999999999989, 7.999999999999986)]",1.4999999999999947,True,35.29915604219794,43.258044803486996,False
900,61.2,12.950000000000003,0.000225,0.00025,"[4.0, 8.0]",41.213029103356604,7.999999999999986,38.21890293467438,38.03926268146492,8.08117630147445,1.7533532122109525,1.0,1.0,1.0,"[(5.499999999999995, 5.499999999999995), (5.699999999999994, 6.0999999999999925), (6.69999999999999, 7.999999999999986)]",1.999999999999993,True,33.131852801882154,41.213029103356604,False
900,61.2,11.100000000000001,0.00027499999999999996,0.00029,"[4.0, 8.0]",42.70772007292892,7.999999999999986,38.40825493689746,38.41138680075395,8.097385655412438,2.1076985603391853,1.0,1.0,1.0,"[(5.899999999999993, 5.899999999999993), (6.0999999999999925, 6.0999999999999925), (7.299999999999988, 7.999999999999986)]",0.9999999999999964,True,34.61033441751648,42.70772007292892,False
900,61.2,13.200000000000006,0.00019999999999999998,0.00015,"[4.0, 8.0]",21.380145799772286,4.1,15.966191311411153,15.319281167779756,8.261315820991648,2.3261901965137355,0.5365853658536586,0.2926829268292683,0.0975609756097561,"[(4.0, 4.6999999999999975)]",0.7999999999999972,True,13.118829978780639,21.380145799772286,False
900,61.2,12.950000000000003,0.000225,0.00031999999999999997,"[4.0, 8.0]",42.993765423670716,7.999999999999986,40.1203981189371,39.982108766206856,8.312242849412215,1.6792652631986376,1.0,1.0,1.0,"[(5.499999999999995, 5.499999999999995), (5.699999999999994, 5.899999999999993), (6.0999999999999925, 6.0999999999999925), (6.499999999999991, 6.499999999999991), (6.69999999999999, 7.999999999999986)]",1.999999999999993,True,34.6815225742585,42.993765423670716,False
900,61.2,13.200000000000006,0.00025,0.00011999999999999999,"[4.0, 8.0]",23.996462738706306,4.1,18.555411706130897,17.895757037889787,8.327274166412305,2.341403662345205,1.0,0.6585365853658537,0.24390243902439024,"[(4.0, 4.6999999999999975)]",0.7999999999999972,True,15.669188572294,23.996462738706306,False
900,61.2,11.100000000000001,0.00025,0.00015,"[4.0, 8.0]",7.262162889574241,7.999999999999986,0.8985135939430564,0.7212198988535236,8.395042095693181,1.4650001514298314,0.0,0.0,0.0,"[(7.899999999999986, 7.999999999999986)]",0.1999999999999993,True,-1.1328792061189414,7.262162889574241,False
900,61.2,13.100000000000005,0.000225,0.00011999999999999999,"[4.0, 8.0]",20.08959269444937,4.1,14.59679688691612,13.810149026049976,8.40962949285796,2.3634600273136415,0.36585365853658536,0.1951219512195122,0.024390243902439025,"[(4.0, 4.499999999999998), (4.6999999999999975, 4.6999999999999975)]",0.6999999999999975,True,11.67996320159141,20.08959269444937,False
900,61.2,13.200000000000006,0.00025,0.00021999999999999998,"[4.0, 8.0]",37.96375957320589,6.999999999999989,34.005013693576856,33.99534255795161,8.471080024388023,2.421257240606839,1.0,1.0,1.0,"[(5.699999999999994, 5.699999999999994), (5.899999999999993, 6.199999999999992), (6.89999999999999, 7.999999999999986)]",1.699999999999994,True,29.49267954881787,37.96375957320589,False
900,61.2,11.100000000000001,0.000225,0.00017999999999999998,"[4.0, 8.0]",7.165758385409342,7.999999999999986,1.0173145402303554,1.0452418131056709,8.491769777559917,1.4460233146074803,0.0,0.0,0.0,"[(7.999999999999986, 7.999999999999986)]",0.09999999999999964,True,-1.3260113921505745,7.165758385409342,False
900,61.2,12.7,0.000225,0.00029,"[4.0, 8.0]",42.51296626807961,7.999999999999986,39.52281299501756,39.52474841639191,8.497170639033357,1.676855035420256,1.0,1.0,1.0,"[(5.499999999999995, 5.499999999999995), (5.699999999999994, 5.899999999999993), (6.0999999999999925, 6.0999999999999925), (6.499999999999991, 7.999999999999986)]",2.0999999999999925,True,34.01579562904625,42.51296626807961,False
900,61.2,13.250000000000007,0.00027499999999999996,0.00017999999999999998,"[4.0, 8.0]",36.43674785618083,7.099999999999989,32.370811673493826,32.25057248636416,8.63373292055687,2.321310931983696,1.0,1.0,1.0,"[(5.899999999999993, 5.899999999999993), (6.0999999999999925, 6.199999999999992), (6.89999999999999, 7.999999999999986)]",1.4999999999999947,True,27.80301493562396,36.43674785618083,False
900,61.2,11.300000000000004,0.00019999999999999998,0.00029,"[4.0, 8.0]",6.124709698701104,7.7999999999999865,0.46284789649511515,0.17656059609782737,8.646456667328422,2.00906794664662,0.0,0.0,0.0,"[(7.699999999999987, 7.999999999999986)]",0.3999999999999986,True,-2.5217469686273186,6.124709698701104,False
900,61.2,13.050000000000004,0.00019999999999999998,0.00011999999999999999,"[4.0, 8.0]",16.724303725610646,4.1,11.058764828669055,10.269056560163,8.662292770661532,2.4392596349373807,0.0975609756097561,0.0,0.0,"[(4.0, 4.499999999999998), (4.6999999999999975, 4.6999999999999975)]",0.6999999999999975,True,8.062010954949114,16.724303725610646,False
900,61.2,13.300000000000008,0.00027499999999999996,0.00017999999999999998,"[4.0, 8.0]",36.679583900112455,7.099999999999989,32.323033507489804,32.058532290263685,8.737837374749688,2.294894623669213,1.0,1.0,1.0,"[(5.899999999999993, 5.899999999999993), (6.0999999999999925, 6.199999999999992), (6.89999999999999, 7.999999999999986)]",1.4999999999999947,True,27.941746525362767,36.679583900112455,False
900,61.2,12.900000000000002,0.000225,0.00025,"[4.0, 8.0]",41.35679212652149,7.999999999999986,38.21970117342025,38.23056043245798,8.83743098686191,1.8218240931682224,1.0,1.0,1.0,"[(5.499999999999995, 5.499999999999995), (5.699999999999994, 6.0999999999999925), (6.69999999999999, 7.999999999999986)]",1.999999999999993,True,32.51936113965958,41.35679212652149,False
900,61.2,11.0,0.00027499999999999996,0.00029,"[4.0, 8.0]",42.15666059324035,6.0999999999999925,37.57344772260415,37.42870095496055,8.859602887287657,2.1198102055594155,1.0,1.0,1.0,"[(4.899999999999997, 4.899999999999997), (6.0999999999999925, 6.0999999999999925), (7.099999999999989, 7.999999999999986)]",1.1999999999999957,True,33.297057705952696,42.15666059324035,False
900,61.2,11.100000000000001,0.00027499999999999996,0.00031999999999999997,"[4.0, 8.0]",41.78498028357788,6.0999999999999925,36.55913971162938,36.29180643182457,8.86581234810388,2.31487869655827,1.0,1.0,1.0,"[(4.899999999999997, 4.899999999999997), (5.299999999999995, 5.299999999999995), (6.0999999999999925, 6.0999999999999925), (6.89999999999999, 7.099999999999989), (7.899999999999986, 7.999999999999986)]",0.7999999999999972,True,32.919167935474,41.78498028357788,False
900,61.2,11.250000000000004,0.00027499999999999996,0.00021999999999999998,"[4.0, 8.0]",8.089526685184197,7.999999999999986,2.5441098520579897,1.7637470745041117,8.941022385678574,2.232473526298324,0.0,0.0,0.0,"[(7.499999999999988, 7.999999999999986)]",0.5999999999999979,True,-0.8514957004943771,8.089526685184197,False
900,61.2,13.100000000000005,0.00025,0.00021999999999999998,"[4.0, 8.0]",38.505464966506324,6.89999999999999,34.223708944532014,34.18207022617308,8.943678609262651,2.3730879770771276,1.0,1.0,1.0,"[(5.899999999999993, 5.899999999999993), (6.0999999999999925, 6.0999999999999925), (6.79999999999999, 7.999999999999986)]",1.4999999999999947,True,29.561786357243673,38.505464966506324,False
900,61.2,13.150000000000006,0.000225,0.00029,"[4.0, 8.0]",41.469145789981106,7.999999999999986,38.259225314718414,38.04538025230558,8.958970234510666,1.979444305518607,1.0,1.0,1.0,"[(5.499999999999995, 5.499999999999995), (5.699999999999994, 6.0999999999999925), (6.69999999999999, 7.999999999999986)]",1.999999999999993,True,32.51017555547044,41.469145789981106,False
900,61.2,11.05,0.00027499999999999996,0.00011999999999999999,"[4.0, 8.0]",7.606669992454228,7.999999999999986,0.9117326123715047,0.5574707131469336,8.96241381733935,1.7514702835036429,0.0,0.0,0.0,"[(7.7999999999999865, 7.999999999999986)]",0.29999999999999893,True,-1.355743824885121,7.606669992454228,False
900,61.2,13.250000000000007,0.00019999999999999998,0.00015,"[4.0, 8.0]",21.390790473990098,4.1,15.460125527684388,14.6684426758761,8.98106731567365,2.571651010900428,0.43902439024390244,0.24390243902439024,0.0975609756097561,"[(4.0, 4.499999999999998), (4.6999999999999975, 4.6999999999999975)]",0.6999999999999975,True,12.409723158316448,21.390790473990098,False
900,61.2,13.250000000000007,0.00025,0.00011999999999999999,"[4.0, 8.0]",24.137823393660224,4.1,18.231561744887813,17.45918309000835,8.986984607712795,2.563900452768089,1.0,0.5609756097560976,0.24390243902439024,"[(4.0, 4.499999999999998), (4.6999999999999975, 4.6999999999999975)]",0.6999999999999975,True,15.150838785947428,24.137823393660224,False
900,61.2,13.050000000000004,0.00027499999999999996,0.00017999999999999998,"[4.0, 8.0]",36.49748057403973,6.89999999999999,32.48155787805525,32.26785948176228,9.019712470697552,2.3747052397983914,1.0,1.0,1.0,"[(5.899999999999993, 5.899999999999993), (6.0999999999999925, 6.199999999999992), (6.69999999999999, 7.999999999999986)]",1.699999999999994,True,27.477768103342175,36.49748057403973,False
900,61.2,11.250000000000004,0.00019999999999999998,0.00029,"[4.0, 8.0]",6.596991562205225,7.999999999999986,0.4519767479730528,0.13373832588529988,9.071337634605058,1.602788710017994,0.0,0.0,0.0,"[(7.999999999999986, 7.999999999999986)]",0.09999999999999964,True,-2.4743460723998343,6.596991562205225,False
900,61.2,12.75,0.000225,0.00029,"[4.0, 8.0]",42.48010652654387,7.999999999999986,39.422593048394695,39.48047014317533,9.109137725868798,1.7838447436076996,1.0,1.0,1.0,"[(5.499999999999995, 5.499999999999995), (5.699999999999994, 5.899999999999993), (6.0999999999999925, 6.0999999999999925), (6.499999999999991, 7.999999999999986)]",2.0999999999999925,True,33.37096880067507,42.48010652654387,False
900,61.2,13.250000000000007,0.000225,0.00029,"[4.0, 8.0]",41.5274177444483,7.999999999999986,38.25870572970363,38.08284420932718,9.131125729277834,2.068371518671419,1.0,1.0,1.0,"[(5.499999999999995, 5.499999999999995), (5.699999999999994, 6.0999999999999925), (6.69999999999999, 7.999999999999986)]",1.999999999999993,True,32.39629201517047,41.5274177444483,False
900,61.2,13.300000000000008,0.000225,0.00029,"[4.0, 8.0]",41.549458751576545,7.999999999999986,38.27408001867235,38.16144594420117,9.156524689198058,2.0415688500317133,1.0,1.0,1.0,"[(5.499999999999995, 5.499999999999995), (5.699999999999994, 6.0999999999999925), (6.69999999999999, 7.999999999999986)]",1.999999999999993,True,32.39293406237849,41.549458751576545,False
900,61.2,13.200000000000006,0.000225,0.00029,"[4.0, 8.0]",41.49323869760184,7.999999999999986,38.228483270152665,38.05164125261318,9.186945591547342,1.9837633502903045,1.0,1.0,1.0,"[(5.499999999999995, 5.499999999999995), (5.699999999999994, 6.0999999999999925), (6.69999999999999, 7.999999999999986)]",1.999999999999993,True,32.3062931060545,41.49323869760184,False
900,61.2,13.100000000000005,0.000225,0.00029,"[4.0, 8.0]",41.493904795233505,7.999999999999986,38.21790415265611,37.98414139796614,9.284128116563181,1.9662351240728417,1.0,1.0,1.0,"[(5.499999999999995, 5.499999999999995), (5.699999999999994, 6.0999999999999925), (6.69999999999999, 7.999999999999986)]",1.999999999999993,True,32.20977667867032,41.493904795233505,False
900,61.2,12.7,0.000225,0.00025,"[4.0, 8.0]",41.47392744865073,7.999999999999986,38.40329636385666,38.553179190350136,9.341002810110915,1.792326758078979,1.0,1.0,1.0,"[(5.499999999999995, 5.499999999999995), (5.699999999999994, 5.899999999999993), (6.0999999999999925, 6.0999999999999925), (6.499999999999991, 7.999999999999986)]",2.0999999999999925,True,32.13292463853981,41.47392744865073,False
900,61.2,12.850000000000001,0.000225,0.00025,"[4.0, 8.0]",41.43518281962281,7.999999999999986,38.26398375280029,38.43087820965872,9.348493665986176,1.8884854247903713,1.0,1.0,1.0,"[(5.499999999999995, 5.499999999999995), (5.699999999999994, 5.899999999999993), (6.0999999999999925, 6.0999999999999925), (6.599999999999991, 7.999999999999986)]",1.999999999999993,True,32.086689153636634,41.43518281962281,False
900,61.2,11.250000000000004,0.00027499999999999996,0.00015,"[4.0, 8.0]",6.90409821039051,7.999999999999986,-0.24540807611010212,-0.6001825377888547,9.437187867809797,1.6861166489614736,0.0,0.0,0.0,"[(7.899999999999986, 7.999999999999986)]",0.1999999999999993,True,-2.533089657419287,6.90409821039051,False
900,61.2,13.000000000000004,0.000225,0.00031999999999999997,"[4.0, 8.0]",42.76815313449497,7.999999999999986,39.58270410671227,39.42478656342352,9.549847577458898,1.8211151486979271,1.0,1.0,1.0,"[(5.699999999999994, 5.899999999999993), (6.0999999999999925, 6.0999999999999925), (6.69999999999999, 7.999999999999986)]",1.7999999999999936,True,33.218305557036075,42.76815313449497,False
900,61.2,12.8,0.000225,0.00025,"[4.0, 8.0]",41.5092619917212,7.999999999999986,38.31544489753409,38.53708852203247,9.573395779749404,1.855368312066731,1.0,1.0,1.0,"[(5.499999999999995, 5.499999999999995), (5.699999999999994, 5.899999999999993), (6.0999999999999925, 6.0999999999999925), (6.499999999999991, 7.999999999999986)]",2.0999999999999925,True,31.9358662119718,41.5092619917212,False
900,61.2,12.75,0.000225,0.00025,"[4.0, 8.0]",41.5381367407808,7.999999999999986,38.415665246215404,38.59755082622914,9.613335085851446,1.8629689176727224,1.0,1.0,1.0,"[(5.499999999999995, 5.499999999999995), (5.699999999999994, 5.899999999999993), (6.0999999999999925, 6.0999999999999925), (6.499999999999991, 7.999999999999986)]",2.0999999999999925,True,31.924801654929354,41.5381367407808,False
900,61.2,13.150000000000006,0.000225,0.00011999999999999999,"[4.0, 8.0]",19.446459772017935,4.1,13.137279623099468,12.3844055771735,9.625745163857466,2.7426856905561117,0.24390243902439024,0.14634146341463414,0.0,"[(4.0, 4.499999999999998), (4.6999999999999975, 4.6999999999999975)]",0.6999999999999975,True,9.820714608160468,19.446459772017935,False
900,61.2,12.8,0.000225,0.00029,"[4.0, 8.0]",42.463060405355606,7.999999999999986,39.25376946085009,39.365568862916234,9.64373390357423,1.83150808026346,1.0,1.0,1.0,"[(5.699999999999994, 5.899999999999993), (6.0999999999999925, 6.0999999999999925), (6.499999999999991, 7.999999999999986)]",1.999999999999993,True,32.819326501781376,42.463060405355606,False
900,61.2,13.250000000000007,0.00025,0.00021999999999999998,"[4.0, 8.0]",38.6399918970275,7.099999999999989,33.73340143128007,33.713222721518065,9.806252690209714,2.6429482695340583,1.0,1.0,1.0,"[(5.899999999999993, 5.899999999999993), (6.0999999999999925, 6.199999999999992), (6.89999999999999, 7.999999999999986)]",1.4999999999999947,True,28.833739206817786,38.6399918970275,False
900,61.2,11.150000000000002,0.00027499999999999996,0.00031999999999999997,"[4.0, 8.0]",42.90006099053863,7.999999999999986,36.94996944532931,36.07480003532796,9.814345156005032,2.849391319312007,1.0,1.0,1.0,"[(4.9999999999999964, 4.9999999999999964), (6.0999999999999925, 6.0999999999999925), (7.599999999999987, 7.999999999999986)]",0.6999999999999975,True,33.085715834533595,42.90006099053863,False
900,61.2,13.300000000000008,0.00025,0.00021999999999999998,"[4.0, 8.0]",38.71105207641323,7.099999999999989,33.67946392836753,33.70323908287111,9.951367552473087,2.6149082350552244,1.0,1.0,1.0,"[(5.899999999999993, 5.899999999999993), (6.0999999999999925, 6.199999999999992), (6.89999999999999, 7.999999999999986)]",1.4999999999999947,True,28.759684523940145,38.71105207641323,False
900,61.2,13.300000000000008,0.00025,0.00011999999999999999,"[4.0, 8.0]",23.857521121327633,4.1,17.212089547542284,16.344108713511094,10.055109516643082,2.9074691002511046,0.7073170731707317,0.43902439024390244,0.1951219512195122,"[(4.0, 4.499999999999998)]",0.5999999999999979,True,13.80241160468455,23.857521121327633,False
900,61.2,13.300000000000008,0.00019999999999999998,0.00015,"[4.0, 8.0]",21.000461924038405,4.1,14.293101864695384,13.366854796214295,10.086057293055585,2.9285020822327392,0.34146341463414637,0.1951219512195122,0.04878048780487805,"[(4.0, 4.499999999999998)]",0.5999999999999979,True,10.914404630982819,21.000461924038405,False
900,61.2,11.100000000000001,0.00027499999999999996,0.00011999999999999999,"[4.0, 8.0]",8.103523574912915,7.999999999999986,0.48684875775490594,-0.1563081082631031,10.105149020449375,2.0853212217853323,0.0,0.0,0.0,"[(7.7999999999999865, 7.999999999999986)]",0.29999999999999893,True,-2.0016254455364604,8.103523574912915,False
900,61.2,12.75,0.00025,0.00021999999999999998,"[4.0, 8.0]",38.62964946235938,6.499999999999991,33.33332416430167,33.44377177187578,10.117199748866092,3.1939375504996526,1.0,1.0,1.0,"[(6.0999999999999925, 6.0999999999999925), (6.499999999999991, 6.69999999999999), (7.299999999999988, 7.999999999999986)]",1.1999999999999957,True,28.51244971349329,38.62964946235938,False
900,61.2,13.050000000000004,0.000225,0.00029,"[4.0, 8.0]",41.669691604182745,7.999999999999986,38.33678055339689,38.098686625091894,10.134909260667314,2.0654085653863334,1.0,1.0,1.0,"[(5.699999999999994, 6.0999999999999925), (6.69999999999999, 7.999999999999986)]",1.8999999999999932,True,31.53478234351543,41.669691604182745,False
900,61.2,12.75,0.00027499999999999996,0.00029,"[4.0, 8.0]",41.17410923871289,7.7999999999999865,35.238062619807366,34.999453707343264,10.147089034604416,2.4926897117121065,1.0,1.0,1.0,"[(6.79999999999999, 6.79999999999999), (7.699999999999987, 7.999999999999986)]",0.4999999999999982,True,31.02702020410847,41.17410923871289,False
900,61.2,12.850000000000001,0.000225,0.00029,"[4.0, 8.0]",42.57499120877065,7.999999999999986,39.31693727401044,39.39274624958346,10.184925110878062,1.9378210060357983,1.0,1.0,1.0,"[(5.699999999999994, 5.899999999999993), (6.0999999999999925, 6.0999999999999925), (6.499999999999991, 7.999999999999986)]",1.999999999999993,True,32.390066097892586,42.57499120877065,False
900,61.2,11.300000000000004,0.000225,0.00021999999999999998,"[4.0, 8.0]",7.787362845205413,7.999999999999986,0.1434587581389026,-0.16721194738529246,10.200847146785545,1.6831020055337649,0.0,0.0,0.0,"[(7.999999999999986, 7.999999999999986)]",0.09999999999999964,True,-2.413484301580133,7.787362845205413,False
900,61.2,11.0,0.00025,0.00011999999999999999,"[4.0, 8.0]",8.997231908335435,7.999999999999986,1.141512902153592,0.5139115864534071,10.203313647749725,2.321984294239524,0.0,0.0,0.0,"[(7.7999999999999865, 7.999999999999986)]",0.29999999999999893,True,-1.2060817394142906,8.997231908335435,False
900,61.2,13.100000000000005,0.00019999999999999998,0.00011999999999999999,"[4.0, 8.0]",15.423119518538595,4.1,8.692350126995997,7.791649977500967,10.224367737797955,2.916325425178357,0.04878048780487805,0.0,0.0,"[(4.0, 4.499999999999998)]",0.5999999999999979,True,5.19875178074064,15.423119518538595,False
900,61.2,11.100000000000001,0.00019999999999999998,0.00021999999999999998,"[4.0, 8.0]",8.877647748898337,7.999999999999986,0.9695248721906636,0.7236059426196644,10.350302575376936,1.7918341496314665,0.0,0.0,0.0,"[(7.999999999999986, 7.999999999999986)]",0.09999999999999964,True,-1.4726548264786,8.877647748898337,False
900,61.2,12.7,0.00027499999999999996,0.00029,"[4.0, 8.0]",40.853113833224235,6.499999999999991,34.774035826610465,34.24315826119881,10.396350920888686,2.7292490761519907,1.0,1.0,1.0,"[(6.499999999999991, 6.499999999999991), (6.69999999999999, 6.69999999999999), (7.7999999999999865, 7.999999999999986)]",0.4999999999999982,True,30.45676291233555,40.853113833224235,False
900,61.2,13.300000000000008,0.000225,0.00031999999999999997,"[4.0, 8.0]",42.41723628692058,7.999999999999986,39.07828966260551,38.891303067747124,10.428971840098587,2.0486968337566993,1.0,1.0,1.0,"[(5.499999999999995, 5.499999999999995), (5.699999999999994, 6.0999999999999925), (6.69999999999999, 6.69999999999999), (6.89999999999999, 7.999999999999986)]",1.8999999999999932,True,31.98826444682199,42.41723628692058,False
900,61.2,13.050000000000004,0.000225,0.00031999999999999997,"[4.0, 8.0]",42.47234802521439,7.999999999999986,39.17712464293005,39.01749731601345,10.536531907310764,2.0281294266299983,1.0,1.0,1.0,"[(5.699999999999994, 5.899999999999993), (6.0999999999999925, 6.0999999999999925), (6.69999999999999, 7.999999999999986)]",1.7999999999999936,True,31.935816117903624,42.47234802521439,False
900,61.2,12.7,0.00025,0.00021999999999999998,"[4.0, 8.0]",39.668991977302774,6.499999999999991,33.66765760888753,33.75477359841773,10.55270120903116,3.0478364805081353,1.0,1.0,1.0,"[(6.499999999999991, 6.499999999999991), (7.499999999999988, 7.999999999999986)]",0.6999999999999975,True,29.116290768271615,39.668991977302774,False
900,61.2,13.000000000000004,0.00027499999999999996,0.00017999999999999998,"[4.0, 8.0]",36.679082916044734,6.79999999999999,31.792994556241343,32.20238756588855,10.587089506878335,2.77745528036556,1.0,1.0,1.0,"[(6.0999999999999925, 6.199999999999992), (6.69999999999999, 7.099999999999989), (7.399999999999988, 7.999999999999986)]",1.399999999999995,True,26.0919934091664,36.679082916044734,False
900,61.2,13.250000000000007,0.000225,0.00031999999999999997,"[4.0, 8.0]",42.59145657579737,7.099999999999989,39.12170776264705,38.894736932874295,10.645818001245033,2.100724816104509,1.0,1.0,1.0,"[(5.699999999999994, 5.899999999999993), (6.0999999999999925, 6.0999999999999925), (6.69999999999999, 6.69999999999999), (6.89999999999999, 7.999999999999986)]",1.699999999999994,True,31.94563857455234,42.59145657579737,False
900,61.2,13.200000000000006,0.000225,0.00011999999999999999,"[4.0, 8.0]",19.20262443076984,4.1,12.148160841729139,11.22165903364078,10.671284569212107,3.0866315870493874,0.1951219512195122,0.0975609756097561,0.0,"[(4.0, 4.499999999999998)]",0.5999999999999979,True,8.531339861557734,19.20262443076984,False
900,61.2,12.900000000000002,0.000225,0.00029,"[4.0, 8.0]",42.45112529274739,7.999999999999986,39.071854191544205,39.20526918867745,10.674715839649533,1.9767640532148338,1.0,1.0,1.0,"[(5.699999999999994, 5.899999999999993), (6.0999999999999925, 6.0999999999999925), (6.69999999999999, 7.999999999999986)]",1.7999999999999936,True,31.77640945309786,42.45112529274739,False
900,61.2,13.050000000000004,0.00025,0.00021999999999999998,"[4.0, 8.0]",38.66863390829429,6.89999999999999,33.928360746043225,33.85184831703895,10.73976058952535,2.637817414659838,1.0,1.0,1.0,"[(5.899999999999993, 5.899999999999993), (6.0999999999999925, 6.0999999999999925), (6.69999999999999, 7.099999999999989), (7.299999999999988, 7.999999999999986)]",1.4999999999999947,True,27.92887331876894,38.66863390829429,False
900,61.2,13.100000000000005,0.000225,0.00031999999999999997,"[4.0, 8.0]",42.2623788934774,7.999999999999986,38.86680517741144,38.792490074777724,10.797494906931966,2.0533832600978683,1.0,1.0,1.0,"[(5.699999999999994, 5.899999999999993), (6.0999999999999925, 6.0999999999999925), (6.69999999999999, 7.999999999999986)]",1.7999999999999936,True,31.46488398654543,42.2623788934774,False
900,61.2,13.200000000000006,0.000225,0.00031999999999999997,"[4.0, 8.0]",42.277299419485956,7.999999999999986,38.88367720090917,38.63863757147013,10.809789121570077,2.080530469652137,1.0,1.0,1.0,"[(5.699999999999994, 5.899999999999993), (6.0999999999999925, 6.0999999999999925), (6.69999999999999, 7.999999999999986)]",1.7999999999999936,True,31.46751029791588,42.277299419485956,False
900,61.2,13.000000000000004,0.000225,0.00029,"[4.0, 8.0]",41.93565812388897,7.999999999999986,38.49087509493355,38.40775043567348,10.900703477859558,2.07742827139211,1.0,1.0,1.0,"[(5.699999999999994, 5.899999999999993), (6.0999999999999925, 6.0999999999999925), (6.69999999999999, 7.999999999999986)]",1.7999999999999936,True,31.034954646029412,41.93565812388897,False
900,61.2,11.150000000000002,0.00027499999999999996,0.00011999999999999999,"[4.0, 8.0]",8.599601900457223,7.999999999999986,0.3805278652521096,-0.43880004299257486,10.907761721078334,2.412389001344485,0.0,0.0,0.0,"[(7.7999999999999865, 7.999999999999986)]",0.29999999999999893,True,-2.30815982062111,8.599601900457223,False
900,61.2,13.150000000000006,0.000225,0.00031999999999999997,"[4.0, 8.0]",42.26935509321833,7.999999999999986,38.893597587499116,38.65127965655802,10.985705216187391,2.1288353136437856,1.0,1.0,1.0,"[(5.699999999999994, 5.899999999999993), (6.0999999999999925, 6.0999999999999925), (6.69999999999999, 7.999999999999986)]",1.7999999999999936,True,31.28364987703094,42.26935509321833,False
900,61.2,12.950000000000003,0.000225,0.00029,"[4.0, 8.0]",42.212266204812856,7.999999999999986,38.80601264548445,38.81640820099931,11.086619611593754,2.099319699999316,1.0,1.0,1.0,"[(5.699999999999994, 5.899999999999993), (6.0999999999999925, 6.0999999999999925), (6.69999999999999, 7.999999999999986)]",1.7999999999999936,True,31.125646593219102,42.212266204812856,False
900,61.2,11.05,0.00025,0.00011999999999999999,"[4.0, 8.0]",9.509632348647173,7.999999999999986,0.8765615446724583,0.045585816150570835,11.095024741349798,2.610906301614621,0.0,0.0,0.0,"[(7.7999999999999865, 7.999999999999986)]",0.29999999999999893,True,-1.5853923927026246,9.509632348647173,False
900,61.2,11.200000000000003,0.00027499999999999996,0.00011999999999999999,"[4.0, 8.0]",9.083308787870836,7.999999999999986,0.7107061018245099,-0.19629321585793552,11.179647463727733,2.602584507436069,0.0,0.0,0.0,"[(7.7999999999999865, 7.999999999999986)]",0.29999999999999893,True,-2.0963386758568974,9.083308787870836,False
900,61.2,12.8,0.00027499999999999996,0.00029,"[4.0, 8.0]",41.570585137857265,7.899999999999986,35.77883525520157,35.47539789117085,11.263747073925963,2.9029445838257035,1.0,1.0,1.0,"[(6.599999999999991, 6.599999999999991), (6.79999999999999, 6.79999999999999), (7.599999999999987, 7.999999999999986)]",0.6999999999999975,True,30.306838063931302,41.570585137857265,False
900,61.2,11.150000000000002,0.00025,0.00015,"[4.0, 8.0]",9.374192165328527,7.999999999999986,0.3595008175131287,-0.2045467106222357,11.350724360297258,2.131401917724663,0.0,0.0,0.0,"[(7.899999999999986, 7.999999999999986)]",0.1999999999999993,True,-1.9765321949687311,9.374192165328527,False
900,61.2,12.8,0.00025,0.00021999999999999998,"[4.0, 8.0]",39.248145341803024,6.599999999999991,33.11756487730785,33.49634665135887,11.424957084223365,3.325391078713401,1.0,1.0,1.0,"[(6.0999999999999925, 6.0999999999999925), (6.499999999999991, 6.599999999999991), (7.499999999999988, 7.999999999999986)]",0.8999999999999968,True,27.82318825757966,39.248145341803024,False
900,61.2,13.150000000000006,0.00019999999999999998,0.00011999999999999999,"[4.0, 8.0]",14.634961441902519,4.1,6.995633346558147,6.062259635573389,11.491507653888329,3.3150612155723063,0.0,0.0,0.0,"[(4.0, 4.499999999999998)]",0.5999999999999979,True,3.1434537880141904,14.634961441902519,False
900,61.2,13.250000000000007,0.000225,0.00011999999999999999,"[4.0, 8.0]",19.14622713528534,4.1,11.407421959698187,10.278395335940097,11.732950999881826,3.417741501151636,0.1951219512195122,0.0975609756097561,0.0,"[(4.0, 4.499999999999998)]",0.5999999999999979,True,7.413276135403515,19.14622713528534,False
900,61.2,11.150000000000002,0.000225,0.00017999999999999998,"[4.0, 8.0]",9.960497969780613,7.999999999999986,0.5209642378510172,0.2774065302069644,11.881949570171066,2.0826493688347956,0.0,0.0,0.0,"[(7.999999999999986, 7.999999999999986)]",0.09999999999999964,True,-1.921451600390454,9.960497969780613,False
900,61.2,11.250000000000004,0.00027499999999999996,0.00011999999999999999,"[4.0, 8.0]",10.297045111087453,7.999999999999986,1.4623593575730556,0.33290358031821476,11.90150324274365,2.998926158135611,0.0,0.0,0.0,"[(7.699999999999987, 7.999999999999986)]",0.3999999999999986,True,-1.604458131656197,10.297045111087453,False
900,61.2,11.100000000000001,0.00025,0.00011999999999999999,"[4.0, 8.0]",10.129267512590914,7.999999999999986,0.8416676622081197,-0.2215936880424368,11.92535898015962,2.930302266595163,0.0,0.0,0.0,"[(7.7999999999999865, 7.999999999999986)]",0.29999999999999893,True,-1.7960914675687059,10.129267512590914,False
900,61.2,12.7,0.00027499999999999996,0.00017999999999999998,"[4.0, 8.0]",38.105644889064656,6.499999999999991,31.17676448633662,32.03411300828295,12.075356154903155,3.426751220989903,1.0,1.0,1.0,"[(6.499999999999991, 6.499999999999991), (7.7999999999999865, 7.999999999999986)]",0.3999999999999986,True,26.030288734161502,38.105644889064656,False
900,61.2,13.200000000000006,0.00019999999999999998,0.00011999999999999999,"[4.0, 8.0]",14.211368780798288,4.1,5.760065275921819,4.468785415497803,12.43270536010306,3.64893864475769,0.0,0.0,0.0,"[(4.0, 4.499999999999998)]",0.5999999999999979,True,1.7786634206952276,14.211368780798288,False
900,61.2,11.300000000000004,0.00025,0.00017999999999999998,"[4.0, 8.0]",9.950805646263856,7.999999999999986,0.19646076063135773,-0.1681139707534916,12.437990644951984,2.1362732544077967,0.0,0.0,0.0,"[(7.999999999999986, 7.999999999999986)]",0.09999999999999964,True,-2.4871849986881296,9.950805646263856,False
900,61.2,11.0,0.000225,0.00011999999999999999,"[4.0, 8.0]",10.928717715237946,7.999999999999986,1.4180594853410542,0.11884516784619276,12.47093519995763,3.299193481284187,0.0,0.0,0.0,"[(7.699999999999987, 7.999999999999986)]",0.3999999999999986,True,-1.5422174847196837,10.928717715237946,False
900,61.2,11.150000000000002,0.00025,0.00011999999999999999,"[4.0, 8.0]",10.752338505716372,7.999999999999986,1.1349528351167997,-0.17142464091472218,12.597957452663277,3.2863732129870677,0.0,0.0,0.0,"[(7.699999999999987, 7.999999999999986)]",0.3999999999999986,True,-1.8456189469469049,10.752338505716372,False
900,61.2,12.950000000000003,0.00027499999999999996,0.00025,"[4.0, 8.0]",39.113144851595976,7.999999999999986,31.896800901721345,31.420331651892177,12.600067916665093,2.9984681980948618,1.0,1.0,1.0,"[(6.69999999999999, 6.69999999999999), (7.7999999999999865, 7.999999999999986)]",0.3999999999999986,True,26.513076934930883,39.113144851595976,False
900,61.2,12.950000000000003,0.00027499999999999996,0.00017999999999999998,"[4.0, 8.0]",37.29345662600585,6.69999999999999,31.108486981776107,31.50503489151999,12.609498328717585,3.3057800659318954,1.0,1.0,1.0,"[(6.0999999999999925, 6.199999999999992), (6.69999999999999, 6.89999999999999), (7.7999999999999865, 7.999999999999986)]",0.7999999999999972,True,24.683958297288264,37.29345662600585,False
900,61.2,11.300000000000004,0.00027499999999999996,0.00015,"[4.0, 8.0]",10.491777552477133,7.999999999999986,0.6590874542794342,0.049126723047759197,12.692352168420868,2.5222746449563402,0.0,0.0,0.0,"[(7.899999999999986, 7.999999999999986)]",0.1999999999999993,True,-2.2005746159437343,10.491777552477133,False
900,61.2,11.200000000000003,0.00025,0.00011999999999999999,"[4.0, 8.0]",10.986301743431188,7.999999999999986,1.5675716778288065,0.007864482901652939,12.704850067621628,3.4851763437485332,0.0,0.0,0.0,"[(7.599999999999987, 7.999999999999986)]",0.4999999999999982,True,-1.71854832419044,10.986301743431188,False
900,61.2,11.05,0.000225,0.00011999999999999999,"[4.0, 8.0]",11.025023949792313,7.999999999999986,1.3644464169600854,-0.07307516497463315,12.719827322716656,3.4553846304004323,0.0,0.0,0.0,"[(7.699999999999987, 7.999999999999986)]",0.3999999999999986,True,-1.694803372924343,11.025023949792313,False
900,61.2,12.850000000000001,0.00027499999999999996,0.00025,"[4.0, 8.0]",39.827641585228115,7.999999999999986,32.248582697445485,31.755466897688645,12.884664923335471,2.977872001436887,1.0,1.0,1.0,"[(6.599999999999991, 6.599999999999991), (7.7999999999999865, 7.999999999999986)]",0.3999999999999986,True,26.942976661892644,39.827641585228115,False
900,61.2,11.0,0.000225,0.00015,"[4.0, 8.0]",11.891594242911047,7.999999999999986,1.521925639556121,0.9752109776594974,12.955894736197369,2.617005950159589,0.0,0.0,0.0,"[(7.899999999999986, 7.999999999999986)]",0.1999999999999993,True,-1.0643004932863216,11.891594242911047,False
900,61.2,11.300000000000004,0.00027499999999999996,0.00011999999999999999,"[4.0, 8.0]",11.432992065452009,7.999999999999986,2.0940351679244986,0.6780720894809472,12.989074198034816,3.539257777655602,0.0,0.0,0.0,"[(7.599999999999987, 7.999999999999986)]",0.4999999999999982,True,-1.5560821325828065,11.432992065452009,False
900,61.2,12.950000000000003,0.00027499999999999996,0.00031999999999999997,"[4.0, 8.0]",43.2559855798737,7.999999999999986,37.49870997806074,38.24447642167127,13.05861169721317,3.621911233772907,1.0,1.0,1.0,"[(5.499999999999995, 5.499999999999995), (6.3999999999999915, 6.499999999999991), (6.69999999999999, 6.69999999999999), (6.89999999999999, 6.999999999999989), (7.499999999999988, 7.999999999999986)]",1.1999999999999957,True,30.197373882660532,43.2559855798737,False
900,61.2,11.100000000000001,0.000225,0.00011999999999999999,"[4.0, 8.0]",11.337797772386928,7.999999999999986,1.4782819310263413,-0.1338043197093915,13.061304319974521,3.632452080063505,0.0,0.0,0.0,"[(7.699999999999987, 7.999999999999986)]",0.3999999999999986,True,-1.7235065475875935,11.337797772386928,False
900,61.2,13.300000000000008,0.000225,0.00011999999999999999,"[4.0, 8.0]",18.688601355357267,4.1,9.959038141626657,8.702296877379808,13.167114088550946,3.8867741794185005,0.14634146341463414,0.0975609756097561,0.0,"[(4.0, 4.499999999999998)]",0.5999999999999979,True,5.5214872668063215,18.688601355357267,False
900,61.2,13.250000000000007,0.00019999999999999998,0.00011999999999999999,"[4.0, 8.0]",13.958078990148037,4.1,4.8120794950041645,3.285179221090295,13.28832953421076,3.9188574372413214,0.0,0.0,0.0,"[(4.0, 4.299999999999999)]",0.3999999999999986,True,0.6697494559372762,13.958078990148037,False
900,61.2,12.7,0.00027499999999999996,0.00025,"[4.0, 8.0]",39.10313321334521,7.999999999999986,31.075950080366628,30.237716703273453,13.385223287196045,3.402245124219775,1.0,1.0,1.0,"[(6.499999999999991, 6.499999999999991), (7.599999999999987, 7.999999999999986)]",0.5999999999999979,True,25.717909926149165,39.10313321334521,False
900,61.2,11.250000000000004,0.00025,0.00011999999999999999,"[4.0, 8.0]",11.277561773661276,7.999999999999986,2.1115815474648394,0.5147035873429399,13.407157044716783,3.756900752849594,0.0,0.0,0.0,"[(7.499999999999988, 7.999999999999986)]",0.5999999999999979,True,-2.129595271055508,11.277561773661276,False
900,61.2,13.000000000000004,0.00025,0.00021999999999999998,"[4.0, 8.0]",38.58843236478129,6.79999999999999,33.409602618269965,33.88727256761126,13.447823293625468,3.0053845699136743,1.0,1.0,1.0,"[(6.0999999999999925, 6.0999999999999925), (6.69999999999999, 7.099999999999989), (7.399999999999988, 7.999999999999986)]",1.2999999999999954,True,25.140609071155822,38.58843236478129,False
900,61.2,12.75,0.00027499999999999996,0.00031999999999999997,"[4.0, 8.0]",41.9860550462674,7.999999999999986,35.250308684197385,35.011684543342284,13.531744622251523,3.032315132964625,1.0,1.0,1.0,"[(6.79999999999999, 6.79999999999999), (7.899999999999986, 7.999999999999986)]",0.29999999999999893,True,28.45431042401588,41.9860550462674,False
900,61.2,11.100000000000001,0.00019999999999999998,0.00011999999999999999,"[4.0, 8.0]",12.109231741780453,7.999999999999986,2.21769237403357,-0.01603937303319899,13.605920435968478,4.261690052940496,0.0,0.0,0.0,"[(7.499999999999988, 7.999999999999986)]",0.5999999999999979,True,-1.496688694188025,12.109231741780453,False
900,61.2,12.850000000000001,0.00025,0.00021999999999999998,"[4.0, 8.0]",38.90539895507901,6.69999999999999,32.89568879219446,33.12892150843089,13.633766944797458,3.5370824017718108,1.0,1.0,1.0,"[(6.0999999999999925, 6.0999999999999925), (6.499999999999991, 6.89999999999999), (7.499999999999988, 7.999999999999986)]",1.1999999999999957,True,25.27163201028155,38.90539895507901,False
900,61.2,11.150000000000002,0.000225,0.00011999999999999999,"[4.0, 8.0]",11.874598639553618,7.999999999999986,1.858655725447753,0.04699687540169021,13.64249567662909,3.9402695428856256,0.0,0.0,0.0,"[(7.599999999999987, 7.999999999999986)]",0.4999999999999982,True,-1.7678970370754732,11.874598639553618,False
900,61.2,11.150000000000002,0.00019999999999999998,0.00011999999999999999,"[4.0, 8.0]",12.221511429488688,7.999999999999986,2.52508073579677,0.21483300970732752,13.691901553548334,4.416059223947096,0.0,0.0,0.0,"[(7.499999999999988, 7.999999999999986)]",0.5999999999999979,True,-1.470390124059646,12.221511429488688,False
900,61.2,13.300000000000008,0.00019999999999999998,0.00011999999999999999,"[4.0, 8.0]",13.318464597997808,4.0,3.548741194589404,1.6937404119114223,13.694549964291808,4.050067903700456,0.0,0.0,0.0,"[(4.0, 4.299999999999999)]",0.3999999999999986,True,-0.37608536629399947,13.318464597997808,False
900,61.2,12.7,0.00025,0.00031999999999999997,"[4.0, 8.0]",40.57903553052154,7.999999999999986,34.73677826162916,34.87833582783158,13.715097659159373,3.2014678454197507,1.0,1.0,1.0,"[(6.499999999999991, 6.499999999999991), (6.69999999999999, 6.69999999999999), (7.499999999999988, 7.999999999999986)]",0.7999999999999972,True,26.863937871362165,40.57903553052154,False
900,61.2,13.050000000000004,0.00027499999999999996,0.00025,"[4.0, 8.0]",37.34301755355128,6.69999999999999,30.082791106786463,29.62780276268034,13.795339337143822,3.3779124610754203,1.0,1.0,1.0,"[(6.199999999999992, 6.199999999999992), (6.69999999999999, 6.79999999999999), (7.7999999999999865, 7.999999999999986)]",0.5999999999999979,True,23.547678216407455,37.34301755355128,False
900,61.2,11.200000000000003,0.00025,0.00015,"[4.0, 8.0]",11.427393493640945,7.999999999999986,0.4062741907960741,-0.33393600359938813,13.808909999906119,2.8377428163515575,0.0,0.0,0.0,"[(7.899999999999986, 7.999999999999986)]",0.1999999999999993,True,-2.381516506265173,11.427393493640945,False
900,61.2,11.05,0.00019999999999999998,0.00011999999999999999,"[4.0, 8.0]",12.178048834520371,7.999999999999986,2.0786260961312357,-0.005495483343292774,13.82526938658617,4.203930374573377,0.0,0.0,0.0,"[(7.599999999999987, 7.999999999999986)]",0.4999999999999982,True,-1.647220552065799,12.178048834520371,False
900,61.2,11.0,0.00019999999999999998,0.00011999999999999999,"[4.0, 8.0]",12.23554318132712,7.999999999999986,1.9889425872296598,0.03475199730673899,13.906839293343717,4.085420481980939,0.0,0.0,0.0,"[(7.599999999999987, 7.999999999999986)]",0.4999999999999982,True,-1.671296112016597,12.23554318132712,False
900,61.2,13.000000000000004,0.00027499999999999996,0.00025,"[4.0, 8.0]",38.697033987376784,6.69999999999999,31.053235878337844,30.71081799363423,13.939497658366442,3.1861412905881283,1.0,1.0,1.0,"[(6.69999999999999, 6.69999999999999), (7.7999999999999865, 7.999999999999986)]",0.3999999999999986,True,24.757536329010343,38.697033987376784,False
900,61.2,12.75,0.00027499999999999996,0.00025,"[4.0, 8.0]",39.40057264848163,7.999999999999986,31.56450454090092,31.063091023105194,14.03800697076273,3.1668713070088144,1.0,1.0,1.0,"[(6.499999999999991, 6.499999999999991), (7.699999999999987, 7.999999999999986)]",0.4999999999999982,True,25.362565677718898,39.40057264848163,False
900,61.2,11.200000000000003,0.00019999999999999998,0.00011999999999999999,"[4.0, 8.0]",12.326141985303815,7.999999999999986,2.8589806422962805,0.39429752266457624,14.049435791484912,4.62128936628757,0.0,0.0,0.0,"[(7.299999999999988, 7.999999999999986)]",0.7999999999999972,True,-1.7232938061810965,12.326141985303815,False
900,61.2,12.75,0.00027499999999999996,0.00017999999999999998,"[4.0, 8.0]",37.493932787872275,6.499999999999991,30.8347279209426,31.755910844821273,14.054377701504972,3.7075332271404693,1.0,1.0,1.0,"[(6.0999999999999925, 6.0999999999999925), (6.499999999999991, 6.69999999999999), (7.599999999999987, 7.999999999999986)]",0.8999999999999968,True,23.439555086367303,37.493932787872275,False
900,61.2,11.200000000000003,0.000225,0.00011999999999999999,"[4.0, 8.0]",12.121047612119995,7.999999999999986,2.2757768954707203,0.24847654162611188,14.076630492287775,4.19769718638952,0.0,0.0,0.0,"[(7.499999999999988, 7.999999999999986)]",0.5999999999999979,True,-1.95558288016778,12.121047612119995,False
900,61.2,12.8,0.00027499999999999996,0.00025,"[4.0, 8.0]",39.59968082133545,7.999999999999986,31.99770857741183,31.570662752544724,14.164878889732044,3.102774266114871,1.0,1.0,1.0,"[(7.699999999999987, 7.999999999999986)]",0.3999999999999986,True,25.434801931603403,39.59968082133545,False
900,61.2,13.200000000000006,0.00027499999999999996,0.00031999999999999997,"[4.0, 8.0]",44.01652792810059,7.999999999999986,37.030963387010374,37.64931410649854,14.165472800053372,3.7425069929421904,1.0,1.0,1.0,"[(6.89999999999999, 6.89999999999999), (7.199999999999989, 7.199999999999989), (7.7999999999999865, 7.999999999999986)]",0.4999999999999982,True,29.851055128047214,44.01652792810059,False
900,61.2,11.05,0.000225,0.00015,"[4.0, 8.0]",12.650435269122706,7.999999999999986,1.2383559074792625,0.34527560283064873,14.166413951482037,3.0595052804264586,0.0,0.0,0.0,"[(7.899999999999986, 7.999999999999986)]",0.1999999999999993,True,-1.5159786823593309,12.650435269122706,False
900,61.2,13.300000000000008,0.00027499999999999996,0.00031999999999999997,"[4.0, 8.0]",42.737491615688405,7.999999999999986,36.82906459034163,38.117480349582074,14.248836041628124,4.446414977077307,1.0,1.0,1.0,"[(5.299999999999995, 5.499999999999995), (6.499999999999991, 6.69999999999999), (6.89999999999999, 6.999999999999989), (7.299999999999988, 7.299999999999988), (7.699999999999987, 7.999999999999986)]",1.2999999999999954,True,28.48865557406028,42.737491615688405,False
900,61.2,12.8,0.00025,0.00031999999999999997,"[4.0, 8.0]",41.219851631299534,7.999999999999986,33.91934987207453,33.53074715138296,14.290180833155322,3.4869664858456373,1.0,1.0,1.0,"[(6.599999999999991, 6.599999999999991), (6.79999999999999, 6.79999999999999), (7.599999999999987, 7.999999999999986)]",0.6999999999999975,True,26.929670798144212,41.219851631299534,False
900,61.2,11.05,0.00027499999999999996,0.00031999999999999997,"[4.0, 8.0]",41.934961108567244,6.0999999999999925,34.988244665942105,35.4087501856666,14.355313107620596,3.9082000406462623,1.0,1.0,1.0,"[(4.899999999999997, 4.899999999999997), (6.0999999999999925, 6.0999999999999925), (7.299999999999988, 7.7999999999999865), (7.999999999999986, 7.999999999999986)]",0.8999999999999968,True,27.579648000946648,41.934961108567244,False
900,61.2,12.7,0.00025,0.00029,"[4.0, 8.0]",40.80605066669414,6.499999999999991,32.889339067220384,32.15386114673362,14.423231477751749,3.6660245628055907,1.0,1.0,1.0,"[(6.499999999999991, 6.499999999999991), (6.69999999999999, 6.69999999999999), (7.699999999999987, 7.999999999999986)]",0.5999999999999979,True,26.382819188942392,40.80605066669414,False
900,61.2,12.900000000000002,0.00027499999999999996,0.00031999999999999997,"[4.0, 8.0]",43.941877711364405,6.69999999999999,37.448421468556674,38.485627439573555,14.478199340031868,3.6167091790408135,1.0,1.0,1.0,"[(6.69999999999999, 6.69999999999999), (6.89999999999999, 6.999999999999989), (7.499999999999988, 7.499999999999988), (7.699999999999987, 7.7999999999999865), (7.999999999999986, 7.999999999999986)]",0.6999999999999975,True,29.463678371332538,43.941877711364405,False
900,61.2,11.250000000000004,0.000225,0.00011999999999999999,"[4.0, 8.0]",12.002324975955325,7.999999999999986,2.695029283751148,0.4936775317102493,14.484038715416828,4.4810637876320225,0.0,0.0,0.0,"[(7.399999999999988, 7.999999999999986)]",0.6999999999999975,True,-2.481713739461503,12.002324975955325,False
900,61.2,11.250000000000004,0.00019999999999999998,0.00011999999999999999,"[4.0, 8.0]",12.12172834931769,7.7999999999999865,3.2279315889604883,0.5209632882951254,14.59484396969934,4.909727418758748,0.0,0.0,0.0,"[(7.099999999999989, 7.999999999999986)]",0.9999999999999964,True,-2.473115620381649,12.12172834931769,False
900,61.2,12.75,0.00025,0.00025,"[4.0, 8.0]",39.57176976618098,6.499999999999991,31.767853562803744,31.881479025093654,14.608520578052463,4.167093966780754,1.0,1.0,1.0,"[(6.499999999999991, 6.599999999999991), (7.699999999999987, 7.999999999999986)]",0.5999999999999979,True,24.963249188128515,39.57176976618098,False
900,61.2,12.7,0.00025,0.00025,"[4.0, 8.0]",40.83433284914956,6.499999999999991,32.251359741150154,32.26298713391989,14.696252124431417,4.039457398506579,1.0,1.0,1.0,"[(6.499999999999991, 6.499999999999991), (7.7999999999999865, 7.999999999999986)]",0.3999999999999986,True,26.138080724718144,40.83433284914956,False
900,61.2,11.300000000000004,0.000225,0.00011999999999999999,"[4.0, 8.0]",11.646538955573387,7.7999999999999865,2.8549251621908476,0.5147455889354431,14.887269528603412,4.73962523267824,0.0,0.0,0.0,"[(7.199999999999989, 7.999999999999986)]",0.8999999999999968,True,-3.2407305730300244,11.646538955573387,False
900,61.2,11.100000000000001,0.000225,0.00015,"[4.0, 8.0]",13.176453386821814,7.999999999999986,1.075627541352273,-0.24836456469960952,14.934573978268338,3.412959852963428,0.0,0.0,0.0,"[(7.899999999999986, 7.999999999999986)]",0.1999999999999993,True,-1.758120591446524,13.176453386821814,False
900,61.2,11.200000000000003,0.000225,0.00017999999999999998,"[4.0, 8.0]",12.78286524757654,7.999999999999986,0.476269422714383,-0.3676961206339924,14.95194066864929,2.8895104961501086,0.0,0.0,0.0,"[(7.999999999999986, 7.999999999999986)]",0.09999999999999964,True,-2.1690754210727485,12.78286524757654,False
900,61.2,12.850000000000001,0.00025,0.00029,"[4.0, 8.0]",39.81760469102087,7.999999999999986,31.68380316648557,31.261544992329107,14.951944160104347,3.829971969680572,1.0,1.0,1.0,"[(6.599999999999991, 6.69999999999999), (7.699999999999987, 7.999999999999986)]",0.5999999999999979,True,24.86566053091652,39.81760469102087,False
900,61.2,11.300000000000004,0.00025,0.00011999999999999999,"[4.0, 8.0]",11.708877521521767,7.999999999999986,2.4590343485410813,0.6134568127073745,15.059124202954829,4.166944550800346,0.0,0.0,0.0,"[(7.499999999999988, 7.999999999999986)]",0.5999999999999979,True,-3.3502466814330614,11.708877521521767,False
900,61.2,12.850000000000001,0.00027499999999999996,0.00029,"[4.0, 8.0]",42.51493492049668,7.999999999999986,35.943397425923315,35.66448389367898,15.113193184853017,3.0811448355873257,1.0,1.0,1.0,"[(6.599999999999991, 6.599999999999991), (6.89999999999999, 6.89999999999999), (7.599999999999987, 7.999999999999986)]",0.6999999999999975,True,27.40174173564366,42.51493492049668,False
900,61.2,12.75,0.00025,0.00031999999999999997,"[4.0, 8.0]",42.186164639702724,6.599999999999991,34.341181866723915,34.17087258007736,15.298885779542161,3.5312130804761206,1.0,1.0,1.0,"[(6.599999999999991, 6.69999999999999), (7.699999999999987, 7.999999999999986)]",0.5999999999999979,True,26.887278860160563,42.186164639702724,False
900,61.2,13.100000000000005,0.00027499999999999996,0.00025,"[4.0, 8.0]",37.71174047472095,6.79999999999999,29.418630659444293,28.829310571145605,15.368883755026616,3.601201332613394,1.0,1.0,1.0,"[(6.199999999999992, 6.199999999999992), (6.69999999999999, 6.79999999999999), (7.999999999999986, 7.999999999999986)]",0.3999999999999986,True,22.342856719694332,37.71174047472095,False
900,61.2,11.300000000000004,0.00019999999999999998,0.00011999999999999999,"[4.0, 8.0]",11.656955551535157,7.7999999999999865,3.3566999110142612,0.4901515267050693,15.394581542821985,5.117566511752638,0.0,0.0,0.0,"[(6.999999999999989, 7.999999999999986)]",1.099999999999996,True,-3.7376259912868273,11.656955551535157,False
900,61.2,13.150000000000006,0.00027499999999999996,0.00025,"[4.0, 8.0]",37.29474346755663,6.79999999999999,29.396122904174472,28.97043078591281,15.426979550964088,3.660946731624609,1.0,1.0,1.0,"[(6.199999999999992, 6.199999999999992), (6.69999999999999, 6.89999999999999), (7.999999999999986, 7.999999999999986)]",0.4999999999999982,True,21.86776391659254,37.29474346755663,False
900,61.2,12.850000000000001,0.00025,0.00031999999999999997,"[4.0, 8.0]",41.50010903002729,7.999999999999986,33.5148836020859,32.98554083736074,15.54536139757461,3.4702241242304783,1.0,1.0,1.0,"[(6.69999999999999, 6.69999999999999), (7.899999999999986, 7.999999999999986)]",0.29999999999999893,True,25.95474763245268,41.50010903002729,False
900,61.2,13.150000000000006,0.00027499999999999996,0.00029,"[4.0, 8.0]",41.216054422007204,7.999999999999986,35.07387262713296,35.04261863895361,15.707548895935254,3.1392215205547878,1.0,1.0,1.0,"[(6.69999999999999, 6.89999999999999), (7.199999999999989, 7.199999999999989), (7.7999999999999865, 7.999999999999986)]",0.6999999999999975,True,25.50850552607195,41.216054422007204,False
900,61.2,11.250000000000004,0.00019999999999999998,0.00025,"[4.0, 8.0]",13.853171411167635,7.999999999999986,0.6280731955845957,-0.01534305432076978,15.80244173023072,2.61583318357744,0.0,0.0,0.0,"[(7.999999999999986, 7.999999999999986)]",0.09999999999999964,True,-1.949270319063086,13.853171411167635,False
900,61.2,11.250000000000004,0.00025,0.00015,"[4.0, 8.0]",13.591163249188032,7.999999999999986,1.2149196980508097,0.07708325890407587,15.830870794901212,3.6219332434652127,0.0,0.0,0.0,"[(7.7999999999999865, 7.999999999999986)]",0.29999999999999893,True,-2.239707545713181,13.591163249188032,False
900,61.2,12.900000000000002,0.00027499999999999996,0.00025,"[4.0, 8.0]",39.668996148103346,7.999999999999986,32.30281124522524,31.87025565608948,15.981843468664042,3.126452163665879,1.0,1.0,1.0,"[(6.599999999999991, 6.599999999999991), (7.7999999999999865, 7.999999999999986)]",0.3999999999999986,True,23.687152679439304,39.668996148103346,False
900,61.2,11.150000000000002,0.000225,0.00015,"[4.0, 8.0]",14.34411739995274,7.999999999999986,1.2618534913480506,-0.3196775036130984,16.182593570893275,3.947291427319112,0.0,0.0,0.0,"[(7.7999999999999865, 7.999999999999986)]",0.29999999999999893,True,-1.838476170940533,14.34411739995274,False
900,61.2,11.0,0.00019999999999999998,0.00017999999999999998,"[4.0, 8.0]",15.168149397367937,7.999999999999986,1.6823487831025612,0.7364235529422813,16.303854012596812,3.380443745779675,0.024390243902439025,0.0,0.0,"[(7.899999999999986, 7.999999999999986)]",0.1999999999999993,True,-1.135704615228875,15.168149397367937,False
900,61.2,11.150000000000002,0.00019999999999999998,0.00021999999999999998,"[4.0, 8.0]",14.264560948939032,7.999999999999986,0.8649703169313382,0.04183891652350508,16.329702451292775,2.8751303899174143,0.0,0.0,0.0,"[(7.999999999999986, 7.999999999999986)]",0.09999999999999964,True,-2.0651415023537414,14.264560948939032,False
900,61.2,12.8,0.00027499999999999996,0.00031999999999999997,"[4.0, 8.0]",42.89212556707198,6.69999999999999,36.01914983459689,36.505929896067,16.35691241289822,3.694890539280444,1.0,1.0,1.0,"[(6.599999999999991, 6.89999999999999), (7.999999999999986, 7.999999999999986)]",0.4999999999999982,True,26.535213154173757,42.89212556707198,False
900,61.2,12.950000000000003,0.00025,0.00021999999999999998,"[4.0, 8.0]",38.60975383530845,6.69999999999999,32.96719124577046,33.38334289365504,16.40192961831985,3.4875256705818356,1.0,1.0,1.0,"[(6.0999999999999925, 6.0999999999999925), (6.69999999999999, 6.89999999999999), (7.499999999999988, 7.999999999999986)]",0.9999999999999964,True,22.2078242169886,38.60975383530845,False
900,61.2,13.150000000000006,0.00027499999999999996,0.00031999999999999997,"[4.0, 8.0]",43.41375184907243,7.999999999999986,36.86269292972225,37.427376259823966,16.436135897984485,3.756096797451068,1.0,1.0,1.0,"[(5.499999999999995, 5.499999999999995), (6.499999999999991, 6.499999999999991), (6.89999999999999, 6.89999999999999), (7.199999999999989, 7.199999999999989), (7.7999999999999865, 7.999999999999986)]",0.6999999999999975,True,26.977615951087948,43.41375184907243,False
900,61.2,13.100000000000005,0.00027499999999999996,0.00031999999999999997,"[4.0, 8.0]",43.27035239564255,7.999999999999986,36.56915346176848,37.713561633076026,16.477594491820852,4.104491581397843,1.0,1.0,1.0,"[(5.499999999999995, 5.499999999999995), (6.79999999999999, 6.79999999999999), (7.099999999999989, 7.099999999999989), (7.699999999999987, 7.999999999999986)]",0.6999999999999975,True,26.792757903821695,43.27035239564255,False
900,61.2,12.8,0.00025,0.00025,"[4.0, 8.0]",40.317075621394,6.599999999999991,31.386345924182788,31.65384399263704,16.53381828566275,4.550004993711483,1.0,1.0,1.0,"[(6.499999999999991, 6.599999999999991), (7.7999999999999865, 7.999999999999986)]",0.4999999999999982,True,23.783257335731246,40.317075621394,False
900,61.2,13.250000000000007,0.00027499999999999996,0.00025,"[4.0, 8.0]",39.0649415422906,6.89999999999999,30.821176248064898,31.026413327579334,16.54597419588049,3.5079223377585627,1.0,1.0,1.0,"[(6.79999999999999, 6.89999999999999)]",0.1999999999999993,True,22.518967346410108,39.0649415422906,False
900,61.2,13.200000000000006,0.00025,0.00025,"[4.0, 8.0]",39.699395176644686,6.999999999999989,30.666799809443496,30.781095093844225,16.68107180281262,4.621981042404246,1.0,1.0,1.0,"[(6.199999999999992, 6.199999999999992), (6.89999999999999, 6.999999999999989)]",0.29999999999999893,True,23.018323373832065,39.699395176644686,False
900,61.2,12.850000000000001,0.00025,0.00025,"[4.0, 8.0]",39.07170376513225,6.599999999999991,30.776898522935277,31.208604125164708,16.826183994787918,4.956050746795888,1.0,1.0,1.0,"[(6.499999999999991, 6.69999999999999), (6.89999999999999, 6.89999999999999), (7.7999999999999865, 7.999999999999986)]",0.6999999999999975,True,22.24551977034433,39.07170376513225,False
900,61.2,13.300000000000008,0.00027499999999999996,0.00025,"[4.0, 8.0]",38.845099452790805,6.89999999999999,30.926889858538207,31.351098077532317,16.9059896830962,3.7767906723018863,1.0,1.0,1.0,"[(6.79999999999999, 6.999999999999989)]",0.29999999999999893,True,21.939109769694603,38.845099452790805,False
900,61.2,11.300000000000004,0.00025,0.00015,"[4.0, 8.0]",15.177445694129217,7.999999999999986,2.0982310216306175,0.4534305598519007,17.0237644098364,4.2339095335399275,0.024390243902439025,0.0,0.0,"[(7.7999999999999865, 7.999999999999986)]",0.29999999999999893,True,-1.8463187157071816,15.177445694129217,False
900,61.2,13.200000000000006,0.00027499999999999996,0.00025,"[4.0, 8.0]",38.65924827421862,6.89999999999999,29.977628544613502,29.851034667405397,17.065389638868417,3.65810160654236,1.0,1.0,1.0,"[(6.79999999999999, 6.89999999999999), (7.999999999999986, 7.999999999999986)]",0.29999999999999893,True,21.593858635350202,38.65924827421862,False
900,61.2,11.0,0.00027499999999999996,0.00031999999999999997,"[4.0, 8.0]",41.82681726750243,7.999999999999986,35.005440882739194,35.8011513171516,17.175883008011517,4.487061607023423,1.0,1.0,1.0,"[(4.799999999999997, 4.799999999999997), (6.0999999999999925, 6.0999999999999925), (6.69999999999999, 6.69999999999999), (7.499999999999988, 7.999999999999986)]",0.8999999999999968,True,24.65093425949091,41.82681726750243,False
900,61.2,12.900000000000002,0.00027499999999999996,0.00017999999999999998,"[4.0, 8.0]",38.04930644962273,6.69999999999999,30.568759422451578,31.06184754517017,17.18473445211516,3.7625831090979505,1.0,1.0,1.0,"[(6.199999999999992, 6.199999999999992), (6.599999999999991, 6.69999999999999), (7.999999999999986, 7.999999999999986)]",0.3999999999999986,True,20.864571997507575,38.04930644962273,False
900,61.2,12.900000000000002,0.00025,0.00021999999999999998,"[4.0, 8.0]",39.88287162978296,6.69999999999999,32.761585525647924,33.12188116601903,17.288367953568233,3.6082425430752787,1.0,1.0,1.0,"[(6.69999999999999, 6.69999999999999), (7.7999999999999865, 7.999999999999986)]",0.3999999999999986,True,22.594503676214728,39.88287162978296,False
900,61.2,11.0,0.00019999999999999998,0.00015,"[4.0, 8.0]",15.909326698010748,7.999999999999986,2.0242583074467446,0.32266400859573163,17.33611094722579,4.4468816083573595,0.024390243902439025,0.0,0.0,"[(7.7999999999999865, 7.999999999999986)]",0.29999999999999893,True,-1.426784249215042,15.909326698010748,False
900,61.2,13.250000000000007,0.00025,0.00025,"[4.0, 8.0]",39.268296491229314,6.999999999999989,30.15834717273979,30.348052911043997,17.527648858657233,5.041646187534786,1.0,1.0,1.0,"[(6.199999999999992, 6.199999999999992), (6.89999999999999, 7.199999999999989)]",0.4999999999999982,True,21.74064763257208,39.268296491229314,False
900,61.2,11.200000000000003,0.000225,0.00015,"[4.0, 8.0]",15.80305808501944,7.999999999999986,1.79612947182188,-0.10326069508579716,17.56465277149852,4.526973347863533,0.024390243902439025,0.0,0.0,"[(7.7999999999999865, 7.999999999999986)]",0.29999999999999893,True,-1.761594686479079,15.80305808501944,False
900,61.2,13.250000000000007,0.00027499999999999996,0.00031999999999999997,"[4.0, 8.0]",43.34377134033006,7.999999999999986,37.004514122491955,38.23474695476716,17.604887025727436,4.3967337496175425,1.0,1.0,1.0,"[(5.399999999999995, 5.499999999999995), (6.499999999999991, 6.69999999999999), (6.89999999999999, 6.999999999999989), (7.199999999999989, 7.299999999999988), (7.7999999999999865, 7.999999999999986)]",1.1999999999999957,True,25.738884314602622,43.34377134033006,False
900,61.2,12.900000000000002,0.00025,0.00029,"[4.0, 8.0]",40.84201270781419,6.69999999999999,31.207586115402474,30.96829499571468,17.66480893088316,4.262216311450479,1.0,1.0,1.0,"[(6.69999999999999, 6.69999999999999), (7.7999999999999865, 7.999999999999986)]",0.3999999999999986,True,23.17720377693103,40.84201270781419,False
900,61.2,13.050000000000004,0.00027499999999999996,0.00029,"[4.0, 8.0]",41.821829096952605,7.999999999999986,35.24039102364229,35.094054519746656,17.669872086832683,3.2557156835922134,1.0,1.0,1.0,"[(6.69999999999999, 6.79999999999999), (7.099999999999989, 7.099999999999989), (7.7999999999999865, 7.999999999999986)]",0.5999999999999979,True,24.151957010119922,41.821829096952605,False
900,61.2,12.950000000000003,0.00025,0.00029,"[4.0, 8.0]",39.41195679782093,6.69999999999999,30.475107502661487,30.632254424009805,17.87130596543706,4.716610693879839,1.0,1.0,1.0,"[(6.69999999999999, 6.69999999999999), (7.7999999999999865, 7.999999999999986)]",0.3999999999999986,True,21.540650832383868,39.41195679782093,False
900,61.2,12.7,0.00027499999999999996,0.00021999999999999998,"[4.0, 8.0]",38.254212961558544,6.499999999999991,28.5475782626541,26.8605369063497,17.915731356641896,4.481382028472866,1.0,1.0,1.0,"[(6.3999999999999915, 6.499999999999991), (7.7999999999999865, 7.999999999999986)]",0.4999999999999982,True,20.338481604916648,38.254212961558544,False
900,61.2,12.8,0.00027499999999999996,0.00021999999999999998,"[4.0, 8.0]",37.11745269544471,6.499999999999991,28.226017489390852,26.58137157010064,18.036889538690865,4.497293150716284,1.0,1.0,0.975609756097561,"[(6.199999999999992, 6.199999999999992), (6.499999999999991, 6.599999999999991), (7.699999999999987, 7.999999999999986)]",0.6999999999999975,True,19.080563156753847,37.11745269544471,False
900,61.2,13.150000000000006,0.00025,0.00025,"[4.0, 8.0]",39.517354334544756,6.89999999999999,31.25871205463055,31.352070547906035,18.06510042961652,4.40680695059273,1.0,1.0,1.0,"[(6.199999999999992, 6.199999999999992), (6.89999999999999, 7.099999999999989)]",0.3999999999999986,True,21.452253904928234,39.517354334544756,False
900,61.2,11.05,0.00019999999999999998,0.00017999999999999998,"[4.0, 8.0]",16.68832359666439,7.999999999999986,1.572379619955224,0.39514868087161514,18.119033215756883,3.9816927470634,0.024390243902439025,0.0,0.0,"[(7.899999999999986, 7.999999999999986)]",0.1999999999999993,True,-1.430709619092492,16.68832359666439,False
900,61.2,12.75,0.00025,0.00029,"[4.0, 8.0]",40.087394371324585,7.999999999999986,32.269310771323525,31.747210232739064,18.28193799720296,4.134085592803734,1.0,1.0,1.0,"[(6.499999999999991, 6.599999999999991), (7.599999999999987, 7.999999999999986)]",0.6999999999999975,True,21.805456374121626,40.087394371324585,False
900,61.2,12.950000000000003,0.00025,0.00025,"[4.0, 8.0]",39.86596570728631,6.69999999999999,30.235416734707446,30.873208890274203,18.366200489861672,5.262131876691099,1.0,1.0,1.0,"[(6.69999999999999, 6.79999999999999), (7.999999999999986, 7.999999999999986)]",0.29999999999999893,True,21.499765217424635,39.86596570728631,False
900,61.2,12.900000000000002,0.00025,0.00031999999999999997,"[4.0, 8.0]",41.647736358086085,6.69999999999999,33.08752823562469,32.36397134989743,18.421485251484683,3.8307163470764913,1.0,1.0,1.0,"[(6.69999999999999, 6.79999999999999), (7.899999999999986, 7.999999999999986)]",0.3999999999999986,True,23.226251106601403,41.647736358086085,False
900,61.2,12.7,0.00027499999999999996,0.00031999999999999997,"[4.0, 8.0]",43.05706239778752,6.69999999999999,34.692792926382566,34.45712250163156,18.433605135199503,3.721455803090099,1.0,1.0,1.0,"[(6.69999999999999, 6.79999999999999), (7.999999999999986, 7.999999999999986)]",0.29999999999999893,True,24.623457262588015,43.05706239778752,False
900,61.2,11.05,0.00019999999999999998,0.00015,"[4.0, 8.0]",16.84635173738776,7.999999999999986,2.1406863855465175,0.16605065693051005,18.528287412075947,4.953144278104692,0.04878048780487805,0.0,0.0,"[(7.7999999999999865, 7.999999999999986)]",0.29999999999999893,True,-1.6819356746881882,16.84635173738776,False
900,61.2,13.250000000000007,0.00027499999999999996,0.00029,"[4.0, 8.0]",42.20810078734349,6.89999999999999,35.83530314914559,35.869929585284225,18.706917631561907,3.673130381742621,1.0,1.0,1.0,"[(5.299999999999995, 5.299999999999995), (6.69999999999999, 6.999999999999989), (7.299999999999988, 7.299999999999988), (7.899999999999986, 7.999999999999986)]",0.7999999999999972,True,23.501183155781582,42.20810078734349,False
900,61.2,12.850000000000001,0.00027499999999999996,0.00021999999999999998,"[4.0, 8.0]",37.917340169902495,6.599999999999991,28.17196918369349,26.623008312400536,18.852868730973526,4.398371966944723,1.0,1.0,0.975609756097561,"[(6.199999999999992, 6.199999999999992), (6.499999999999991, 6.599999999999991), (7.7999999999999865, 7.999999999999986)]",0.5999999999999979,True,19.06447143892897,37.917340169902495,False
900,61.2,13.150000000000006,0.00025,0.00031999999999999997,"[4.0, 8.0]",39.611921291360154,6.89999999999999,30.408314103982846,30.136647677473455,18.939264307205843,4.320819064321616,1.0,1.0,1.0,"[(6.199999999999992, 6.199999999999992), (6.89999999999999, 6.89999999999999), (7.999999999999986, 7.999999999999986)]",0.29999999999999893,True,20.67265698415431,39.611921291360154,False
900,61.2,13.050000000000004,0.00025,0.00031999999999999997,"[4.0, 8.0]",39.2606909459096,7.999999999999986,30.52889600285971,30.391312656213543,19.022105625883718,4.508008234991013,1.0,1.0,1.0,"[(6.79999999999999, 6.79999999999999), (6.999999999999989, 7.099999999999989), (7.7999999999999865, 7.999999999999986)]",0.5999999999999979,True,20.238585320025884,39.2606909459096,False
900,61.2,12.75,0.00027499999999999996,0.00021999999999999998,"[4.0, 8.0]",38.79035228745358,6.499999999999991,28.285894763998275,26.580529543930748,19.14152779516233,4.57569488158833,1.0,1.0,0.975609756097561,"[(6.499999999999991, 6.499999999999991), (7.899999999999986, 7.999999999999986)]",0.29999999999999893,True,19.64882449229125,38.79035228745358,False
900,61.2,11.250000000000004,0.000225,0.00017999999999999998,"[4.0, 8.0]",16.989227200128134,7.999999999999986,1.2970888015599047,-0.17707075153704285,19.208044183083402,4.249902790503875,0.024390243902439025,0.0,0.0,"[(7.899999999999986, 7.999999999999986)]",0.1999999999999993,True,-2.2188169829552686,16.989227200128134,False
900,61.2,11.100000000000001,0.00019999999999999998,0.00015,"[4.0, 8.0]",17.447772401903407,7.999999999999986,2.3752243905931416,0.051983993826212015,19.21166085219514,5.34072329742751,0.07317073170731707,0.024390243902439025,0.0,"[(7.7999999999999865, 7.999999999999986)]",0.29999999999999893,True,-1.763888450291733,17.447772401903407,False
900,61.2,11.250000000000004,0.000225,0.00015,"[4.0, 8.0]",17.593436616136003,7.999999999999986,2.7161450464119676,0.2687176072455076,19.315783644178428,5.3582981792306885,0.07317073170731707,0.024390243902439025,0.0,"[(7.7999999999999865, 7.999999999999986)]",0.29999999999999893,True,-1.7223470280424231,17.593436616136003,False
900,61.2,12.900000000000002,0.00025,0.00025,"[4.0, 8.0]",40.75969020978161,6.69999999999999,30.386131234452446,31.06093647373861,19.413198984200836,5.255759049100004,1.0,1.0,1.0,"[(6.69999999999999, 6.69999999999999)]",0.09999999999999964,True,21.346491225580774,40.75969020978161,False
900,61.2,11.150000000000002,0.00019999999999999998,0.00015,"[4.0, 8.0]",17.987953261950643,7.999999999999986,2.8167799417834445,0.22637566654204497,19.596436391198566,5.736939238541906,0.07317073170731707,0.024390243902439025,0.0,"[(7.7999999999999865, 7.999999999999986)]",0.29999999999999893,True,-1.6084831292479214,17.987953261950643,False
900,61.2,12.8,0.00027499999999999996,0.00017999999999999998,"[4.0, 8.0]",37.45543636905321,6.599999999999991,30.56037445113621,31.257177068804328,19.809216502232534,4.08786084706172,1.0,1.0,0.975609756097561,"[(6.0999999999999925, 6.199999999999992), (6.499999999999991, 6.599999999999991), (7.599999999999987, 7.999999999999986)]",0.8999999999999968,True,17.646219866820676,37.45543636905321,False
900,61.2,12.900000000000002,0.00027499999999999996,0.00021999999999999998,"[4.0, 8.0]",37.07876416294664,6.599999999999991,27.758245354992805,26.15608582747052,19.89103658752965,4.655809326909538,1.0,1.0,0.975609756097561,"[(6.199999999999992, 6.199999999999992), (6.499999999999991, 6.69999999999999), (7.7999999999999865, 7.999999999999986)]",0.6999999999999975,True,17.18772757541699,37.07876416294664,False
900,61.2,13.200000000000006,0.00027499999999999996,0.00029,"[4.0, 8.0]",41.5124765166415,7.999999999999986,35.28508132555993,35.89708715554867,20.056208725668824,3.8541229816701907,1.0,1.0,1.0,"[(6.599999999999991, 6.89999999999999), (7.199999999999989, 7.199999999999989), (7.7999999999999865, 7.999999999999986)]",0.7999999999999972,True,21.456267790972674,41.5124765166415,False
900,61.2,11.100000000000001,0.00019999999999999998,0.00017999999999999998,"[4.0, 8.0]",18.404781733516373,7.999999999999986,1.6589618459165933,0.02583823149165647,20.087090470456815,4.696554305211591,0.04878048780487805,0.024390243902439025,0.0,"[(7.899999999999986, 7.999999999999986)]",0.1999999999999993,True,-1.682308736940441,18.404781733516373,False
900,61.2,12.950000000000003,0.00027499999999999996,0.00029,"[4.0, 8.0]",42.329767419878515,7.999999999999986,35.658452054317685,35.76028325277064,20.13343785270283,3.6016876114679808,1.0,1.0,1.0,"[(6.69999999999999, 6.69999999999999), (6.999999999999989, 6.999999999999989), (7.699999999999987, 7.999999999999986)]",0.5999999999999979,True,22.196329567175685,42.329767419878515,False
900,61.2,11.200000000000003,0.00019999999999999998,0.00021999999999999998,"[4.0, 8.0]",18.037826607776456,7.999999999999986,1.0888207140435315,-0.16667878779184273,20.256701235884897,3.9291474448719534,0.024390243902439025,0.024390243902439025,0.0,"[(7.999999999999986, 7.999999999999986)]",0.09999999999999964,True,-2.2188746281084395,18.037826607776456,False
900,61.2,11.200000000000003,0.00019999999999999998,0.00015,"[4.0, 8.0]",18.44784573988992,7.999999999999986,3.265477833023235,0.2499926815770642,20.47137172058288,6.061485923058244,0.0975609756097561,0.04878048780487805,0.0,"[(7.699999999999987, 7.999999999999986)]",0.3999999999999986,True,-2.023525980692961,18.44784573988992,False
900,61.2,13.300000000000008,0.00025,0.00025,"[4.0, 8.0]",40.23827105906652,7.099999999999989,29.822217756458603,30.1102303858268,20.497840102763185,5.256908794700117,1.0,1.0,0.975609756097561,"[(6.199999999999992, 6.199999999999992), (6.999999999999989, 7.099999999999989)]",0.29999999999999893,True,19.740430956303335,40.23827105906652,False
900,61.2,11.300000000000004,0.000225,0.00015,"[4.0, 8.0]",18.552064628768395,7.999999999999986,3.413266211780738,0.6429557273988183,20.60501970003843,6.030747788379816,0.0975609756097561,0.04878048780487805,0.0,"[(7.699999999999987, 7.999999999999986)]",0.3999999999999986,True,-2.0529550712700333,18.552064628768395,False
900,61.2,12.850000000000001,0.00027499999999999996,0.00031999999999999997,"[4.0, 8.0]",42.35640739313294,7.999999999999986,35.94014969170087,37.22926924465419,20.695786211328034,4.4933362871121005,1.0,1.0,1.0,"[(6.89999999999999, 6.89999999999999), (7.699999999999987, 7.999999999999986)]",0.4999999999999982,True,21.660621181804906,42.35640739313294,False
900,61.2,13.200000000000006,0.00025,0.00031999999999999997,"[4.0, 8.0]",40.21867381767676,6.999999999999989,30.115325397651294,29.94809283170037,20.86226764830174,4.82464153616276,1.0,1.0,0.9512195121951219,"[(6.199999999999992, 6.199999999999992), (6.89999999999999, 6.999999999999989), (7.999999999999986, 7.999999999999986)]",0.3999999999999986,True,19.35640616937502,40.21867381767676,False
900,61.2,13.100000000000005,0.00027499999999999996,0.00029,"[4.0, 8.0]",41.43909975467349,6.79999999999999,34.88680393390585,35.138805326381195,20.8752945262178,3.635798628406255,1.0,1.0,1.0,"[(6.69999999999999, 6.79999999999999), (7.099999999999989, 7.099999999999989), (7.7999999999999865, 7.999999999999986)]",0.5999999999999979,True,20.563805228455692,41.43909975467349,False
900,61.2,12.850000000000001,0.00027499999999999996,0.00017999999999999998,"[4.0, 8.0]",37.01580734013738,6.599999999999991,30.3732082268347,30.94929212287373,20.97257425529152,4.281626158729957,1.0,0.975609756097561,0.975609756097561,"[(6.0999999999999925, 6.199999999999992), (6.499999999999991, 6.69999999999999), (7.599999999999987, 7.999999999999986)]",0.9999999999999964,True,16.04323308484586,37.01580734013738,False
900,61.2,13.000000000000004,0.00025,0.00029,"[4.0, 8.0]",40.197037975964314,6.79999999999999,29.706720463866297,30.158453585175348,21.195052734302784,5.470012731770176,1.0,1.0,0.975609756097561,"[(6.69999999999999, 6.79999999999999), (7.999999999999986, 7.999999999999986)]",0.29999999999999893,True,19.00198524166153,40.197037975964314,False
900,61.2,13.300000000000008,0.00027499999999999996,0.00029,"[4.0, 8.0]",42.3262849855097,6.999999999999989,35.474938795738616,35.67775175248303,21.342605748808495,4.5041618772039635,1.0,1.0,1.0,"[(6.69999999999999, 6.999999999999989), (7.299999999999988, 7.299999999999988), (7.899999999999986, 7.999999999999986)]",0.6999999999999975,True,20.983679236701207,42.3262849855097,False
900,61.2,13.300000000000008,0.00025,0.00031999999999999997,"[4.0, 8.0]",41.81636132465131,7.099999999999989,30.35679705917509,30.077004299978324,21.40658667009376,4.602025020137422,1.0,1.0,1.0,"[(6.999999999999989, 7.099999999999989)]",0.1999999999999993,True,20.409774654557552,41.81636132465131,False
900,61.2,13.100000000000005,0.00025,0.00031999999999999997,"[4.0, 8.0]",40.70409015594993,6.89999999999999,30.349297776405564,30.028754155124744,21.823627219062335,4.699670365768458,1.0,1.0,0.975609756097561,"[(6.89999999999999, 6.89999999999999), (7.999999999999986, 7.999999999999986)]",0.1999999999999993,True,18.880462936887593,40.70409015594993,False
900,61.2,11.150000000000002,0.00019999999999999998,0.00017999999999999998,"[4.0, 8.0]",20.45748986228725,7.999999999999986,2.1325112948987153,0.037229136234092665,22.344769538195482,5.615882940987514,0.07317073170731707,0.04878048780487805,0.024390243902439025,"[(7.899999999999986, 7.999999999999986)]",0.1999999999999993,True,-1.8872796759082322,20.45748986228725,False
900,61.2,12.8,0.00025,0.00029,"[4.0, 8.0]",40.161480997730436,6.599999999999991,31.716735672516904,31.263774657881413,22.428189973623006,4.501085378337034,1.0,1.0,0.975609756097561,"[(6.599999999999991, 6.599999999999991), (7.699999999999987, 7.999999999999986)]",0.4999999999999982,True,17.73329102410743,40.161480997730436,False
900,61.2,11.300000000000004,0.000225,0.00017999999999999998,"[4.0, 8.0]",20.247717810104938,7.999999999999986,2.4011469312535754,0.3616734061739934,22.47283639977027,5.505351056140428,0.07317073170731707,0.04878048780487805,0.024390243902439025,"[(7.899999999999986, 7.999999999999986)]",0.1999999999999993,True,-2.225118589665331,20.247717810104938,False
900,61.2,12.950000000000003,0.00025,0.00031999999999999997,"[4.0, 8.0]",41.01811359099942,7.999999999999986,32.05676820192936,31.794004572995096,22.556159545041076,4.732484455841586,1.0,1.0,0.975609756097561,"[(6.69999999999999, 6.89999999999999), (7.899999999999986, 7.999999999999986)]",0.4999999999999982,True,18.461954045958343,41.01811359099942,False
900,61.2,13.100000000000005,0.00025,0.00025,"[4.0, 8.0]",40.29551311638539,6.89999999999999,31.23892136902512,31.917652591065085,22.66438764154183,4.60478886771237,1.0,1.0,0.975609756097561,"[(6.79999999999999, 6.89999999999999)]",0.1999999999999993,True,17.631125474843564,40.29551311638539,False
900,61.2,13.000000000000004,0.00025,0.00025,"[4.0, 8.0]",39.8850588848033,6.79999999999999,30.41970643944752,31.179360945365136,22.819203428923416,5.253877133039968,1.0,1.0,0.975609756097561,"[(6.69999999999999, 6.79999999999999)]",0.1999999999999993,True,17.065855455879884,39.8850588848033,False
900,61.2,11.250000000000004,0.00019999999999999998,0.00015,"[4.0, 8.0]",19.426142587480705,7.999999999999986,3.904533684274469,0.48073264999700666,23.15221436963489,6.719635773762049,0.14634146341463414,0.0975609756097561,0.0,"[(7.699999999999987, 7.999999999999986)]",0.3999999999999986,True,-3.7260717821541856,19.426142587480705,False
900,61.2,13.250000000000007,0.00025,0.00031999999999999997,"[4.0, 8.0]",41.59647192283548,6.999999999999989,30.510097797790618,30.207195665192586,23.692822311260333,4.885915203063296,1.0,1.0,0.9512195121951219,"[(6.89999999999999, 6.999999999999989)]",0.1999999999999993,True,17.903649611575144,41.59647192283548,False
900,61.2,11.200000000000003,0.00019999999999999998,0.00017999999999999998,"[4.0, 8.0]",21.866275869079285,7.999999999999986,2.7609300300507855,0.2830858572374165,23.834390898969133,6.3141368062183965,0.0975609756097561,0.07317073170731707,0.024390243902439025,"[(7.899999999999986, 7.999999999999986)]",0.1999999999999993,True,-1.9681150298898493,21.866275869079285,False
900,61.2,13.000000000000004,0.00025,0.00031999999999999997,"[4.0, 8.0]",40.702749199538566,6.79999999999999,31.24034787423873,31.013758084284028,23.85140487792529,4.62920136726259,1.0,0.975609756097561,0.975609756097561,"[(6.79999999999999, 6.79999999999999), (7.7999999999999865, 7.999999999999986)]",0.3999999999999986,True,16.851344321613276,40.702749199538566,False
900,61.2,13.050000000000004,0.00025,0.00029,"[4.0, 8.0]",39.47072625652814,6.79999999999999,28.740641070521878,29.391850598576372,23.98844711415574,6.346331816651405,1.0,0.9512195121951219,0.8780487804878049,"[(6.199999999999992, 6.199999999999992), (6.69999999999999, 6.79999999999999), (7.999999999999986, 7.999999999999986)]",0.3999999999999986,True,15.482279142372398,39.47072625652814,False
900,61.2,13.300000000000008,0.00027499999999999996,0.00021999999999999998,"[4.0, 8.0]",37.736426237253944,6.999999999999989,25.054878270355697,26.208577534953253,24.214067564645177,6.86298493641562,0.926829268292683,0.8292682926829268,0.7073170731707317,"[(6.199999999999992, 6.199999999999992), (6.89999999999999, 7.099999999999989)]",0.3999999999999986,True,13.522358672608766,37.736426237253944,False
900,61.2,13.300000000000008,0.00025,0.00029,"[4.0, 8.0]",39.96838825032411,7.099999999999989,28.655196141840843,28.910779711138773,24.326325497876518,5.667844194943536,1.0,0.9512195121951219,0.9512195121951219,"[(6.199999999999992, 6.199999999999992), (6.999999999999989, 7.099999999999989)]",0.29999999999999893,True,15.642062752447593,39.96838825032411,False
900,61.2,11.300000000000004,0.00019999999999999998,0.00025,"[4.0, 8.0]",22.4613010962945,7.999999999999986,1.6249348626685252,0.200216943877507,24.40118928741917,4.754348800050101,0.04878048780487805,0.04878048780487805,0.024390243902439025,"[(7.999999999999986, 7.999999999999986)]",0.09999999999999964,True,-1.9398881911246721,22.4613010962945,False
900,61.2,13.250000000000007,0.00025,0.00029,"[4.0, 8.0]",40.006342428823,6.999999999999989,28.543858088453167,29.226993121568732,24.568949760305085,5.861623030058292,1.0,0.9512195121951219,0.9024390243902439,"[(6.199999999999992, 6.199999999999992), (6.89999999999999, 6.999999999999989)]",0.29999999999999893,True,15.437392668517912,40.006342428823,False
900,61.2,12.950000000000003,0.00027499999999999996,0.00021999999999999998,"[4.0, 8.0]",38.55211684018876,6.69999999999999,26.97208902806744,25.796580216370973,24.626033857143973,5.355132250677994,0.975609756097561,0.975609756097561,0.9024390243902439,"[(6.599999999999991, 6.69999999999999)]",0.1999999999999993,True,13.926082983044786,38.55211684018876,False
900,61.2,11.250000000000004,0.00019999999999999998,0.00021999999999999998,"[4.0, 8.0]",22.817961026054363,7.999999999999986,1.9705460410407334,0.2597063153351547,24.9924599807738,5.540078701998441,0.07317073170731707,0.04878048780487805,0.024390243902439025,"[(7.999999999999986, 7.999999999999986)]",0.09999999999999964,True,-2.174498954719437,22.817961026054363,False
900,61.2,13.000000000000004,0.00027499999999999996,0.00031999999999999997,"[4.0, 8.0]",43.28690131661497,7.999999999999986,37.22716681696515,38.3200017576761,25.34278936347953,4.618826078216707,1.0,1.0,0.975609756097561,"[(5.299999999999995, 5.299999999999995), (5.499999999999995, 5.499999999999995), (6.3999999999999915, 6.499999999999991), (6.79999999999999, 6.79999999999999), (6.999999999999989, 6.999999999999989), (7.499999999999988, 7.999999999999986)]",1.1999999999999957,True,17.944111953135444,43.28690131661497,False
900,61.2,11.250000000000004,0.00019999999999999998,0.00017999999999999998,"[4.0, 8.0]",23.550132912540278,7.999999999999986,3.6866932683097304,0.4130098863438546,25.425191509267286,7.197397562215377,0.14634146341463414,0.12195121951219512,0.07317073170731707,"[(7.7999999999999865, 7.999999999999986)]",0.29999999999999893,True,-1.875058596727008,23.550132912540278,False
900,61.2,12.900000000000002,0.00027499999999999996,0.00029,"[4.0, 8.0]",42.62061634854615,7.999999999999986,35.67933393382641,35.81775965332166,26.762279831529952,4.3061328075669145,1.0,0.975609756097561,0.975609756097561,"[(6.69999999999999, 6.69999999999999), (6.89999999999999, 6.89999999999999), (7.599999999999987, 7.999999999999986)]",0.6999999999999975,True,15.858336517016197,42.62061634854615,False
900,61.2,13.000000000000004,0.00027499999999999996,0.00029,"[4.0, 8.0]",42.27441851812361,7.999999999999986,35.436396776983116,35.693632532681285,26.89594014307085,4.394465637511002,1.0,0.975609756097561,0.975609756097561,"[(6.69999999999999, 6.69999999999999), (6.999999999999989, 6.999999999999989), (7.7999999999999865, 7.999999999999986)]",0.4999999999999982,True,15.378478375052762,42.27441851812361,False
900,61.2,11.300000000000004,0.00019999999999999998,0.00017999999999999998,"[4.0, 8.0]",25.333559911817737,7.999999999999986,4.5557366334307385,0.6120125129006817,27.009441990106687,8.128603891267808,0.17073170731707318,0.14634146341463414,0.0975609756097561,"[(7.7999999999999865, 7.999999999999986)]",0.29999999999999893,True,-1.6758820782889514,25.333559911817737,False
900,61.2,13.200000000000006,0.00025,0.00029,"[4.0, 8.0]",39.46402181332925,6.999999999999989,27.960745072350154,28.84710080807716,27.062789804581268,6.885777364224521,0.926829268292683,0.9024390243902439,0.8536585365853658,"[(6.199999999999992, 6.199999999999992), (6.89999999999999, 6.999999999999989)]",0.29999999999999893,True,12.401232008747986,39.46402181332925,False
900,61.2,13.000000000000004,0.00027499999999999996,0.00021999999999999998,"[4.0, 8.0]",38.33883307248303,6.69999999999999,25.813433066731832,26.230288275078472,27.328237994088738,6.65414025444513,0.926829268292683,0.8536585365853658,0.8048780487804879,"[(6.199999999999992, 6.199999999999992), (6.69999999999999, 6.79999999999999)]",0.29999999999999893,True,11.010595078394289,38.33883307248303,False
900,61.2,13.050000000000004,0.00027499999999999996,0.00031999999999999997,"[4.0, 8.0]",43.11555322468336,7.999999999999986,36.68035107869569,37.59379531391792,27.3318670976955,4.678014775384378,1.0,0.975609756097561,0.975609756097561,"[(5.299999999999995, 5.299999999999995), (5.499999999999995, 5.499999999999995), (6.499999999999991, 6.499999999999991), (6.79999999999999, 6.79999999999999), (7.099999999999989, 7.099999999999989), (7.599999999999987, 7.999999999999986)]",0.9999999999999964,True,15.78368612698786,43.11555322468336,False
900,61.2,13.250000000000007,0.00027499999999999996,0.00021999999999999998,"[4.0, 8.0]",37.586492188473414,6.999999999999989,24.71827914093813,25.914213054369185,27.713467006438094,7.5669738670730995,0.8292682926829268,0.7804878048780488,0.7073170731707317,"[(6.199999999999992, 6.199999999999992), (6.89999999999999, 6.999999999999989)]",0.29999999999999893,True,9.873025182035322,37.586492188473414,False
900,61.2,11.300000000000004,0.00019999999999999998,0.00015,"[4.0, 8.0]",20.280961966035058,7.999999999999986,4.409476387055026,0.6411677012528483,27.99236546938551,7.574227845281275,0.17073170731707318,0.12195121951219512,0.024390243902439025,"[(7.599999999999987, 7.999999999999986)]",0.4999999999999982,True,-7.711403503350455,20.280961966035058,False
900,61.2,13.150000000000006,0.00025,0.00029,"[4.0, 8.0]",40.05327414657962,6.89999999999999,27.956188989687323,28.99659898036843,29.083013073135252,7.134148726989631,0.926829268292683,0.9024390243902439,0.8536585365853658,"[(6.199999999999992, 6.199999999999992), (6.89999999999999, 6.89999999999999)]",0.1999999999999993,True,10.970261073444366,40.05327414657962,False
900,61.2,13.100000000000005,0.00025,0.00029,"[4.0, 8.0]",40.41180606352087,6.89999999999999,27.96056785834366,29.214483551992465,29.366649319968793,7.44909616002484,0.9024390243902439,0.8780487804878049,0.8292682926829268,"[(6.79999999999999, 6.89999999999999)]",0.1999999999999993,True,11.045156743552075,40.41180606352087,False
900,61.2,11.300000000000004,0.00019999999999999998,0.00021999999999999998,"[4.0, 8.0]",27.291587838809246,7.999999999999986,3.1478861793959996,0.42674736507465905,29.43151122943263,7.283267850086258,0.12195121951219512,0.0975609756097561,0.07317073170731707,"[(7.899999999999986, 7.999999999999986)]",0.1999999999999993,True,-2.139923390623382,27.291587838809246,False
900,61.2,13.100000000000005,0.00027499999999999996,0.00021999999999999998,"[4.0, 8.0]",37.63604589659291,6.79999999999999,24.61350301063247,27.101019926067483,30.988176096393616,8.766076278551036,0.7804878048780488,0.7804878048780488,0.7317073170731707,"[(6.199999999999992, 6.199999999999992), (6.69999999999999, 6.89999999999999)]",0.3999999999999986,True,6.647869800199297,37.63604589659291,False
900,61.2,13.150000000000006,0.00027499999999999996,0.00021999999999999998,"[4.0, 8.0]",38.53444981840228,6.89999999999999,24.450337830207886,26.94731691622897,31.904501280337165,8.876023643380037,0.7804878048780488,0.7804878048780488,0.7317073170731707,"[(6.199999999999992, 6.199999999999992), (6.79999999999999, 6.89999999999999)]",0.29999999999999893,True,6.629948538065117,38.53444981840228,False
900,61.2,13.050000000000004,0.00025,0.00025,"[4.0, 8.0]",38.99102531121486,6.79999999999999,30.67580249046967,31.607290533434032,32.25634971319609,5.759435574224137,0.975609756097561,0.975609756097561,0.975609756097561,"[(6.199999999999992, 6.199999999999992), (6.69999999999999, 6.999999999999989), (7.999999999999986, 7.999999999999986)]",0.5999999999999979,True,6.734675598018774,38.99102531121486,False
900,61.2,13.050000000000004,0.00027499999999999996,0.00021999999999999998,"[4.0, 8.0]",37.988482637531334,6.79999999999999,24.26782200515975,26.89875110684001,35.2936472313912,9.34844960106364,0.8292682926829268,0.7804878048780488,0.7317073170731707,"[(6.199999999999992, 6.199999999999992), (6.69999999999999, 6.79999999999999)]",0.29999999999999893,True,2.6948354061401343,37.988482637531334,False
900,61.2,13.200000000000006,0.00027499999999999996,0.00021999999999999998,"[4.0, 8.0]",38.376870608067364,6.89999999999999,22.78430222309278,26.564843187866853,47.31378393047669,11.548103539635177,0.7804878048780488,0.7560975609756098,0.7317073170731707,"[(6.199999999999992, 6.199999999999992), (6.79999999999999, 6.999999999999989)]",0.3999999999999986,True,-8.936913322409328,38.376870608067364,False
