supercell_repeats,device_length_mm,pump_GHz,Idc_A,Ip0_A,band_GHz,peak_gain_db,peak_frequency_GHz,mean_in_band_gain_db,median_in_band_gain_db,ripple_peak_to_peak_db,ripple_std_db,fraction_above_15db,fraction_above_17db,fraction_above_20db,bandwidth_regions_GHz,total_3db_bandwidth_GHz,finite,minimum_in_band_gain_db,maximum_in_band_gain_db,strict_pass
950,64.6,12.7,0.00017499999999999997,0.00016999999999999999,"[4.0, 8.0]",27.860464555550383,5.349999999999995,27.40447910177072,27.39582340501576,0.9149415110663064,0.2804040206414099,1.0,1.0,1.0,"[(4.0, 7.999999999999986)]",4.049999999999986,True,26.945523044484077,27.860464555550383,True
950,64.6,12.649999999999999,0.00019999999999999998,0.00013,"[4.0, 8.0]",28.59958031989589,5.349999999999995,28.16426873435899,28.151872465492374,0.9226615902821749,0.2811293333191528,1.0,1.0,1.0,"[(4.0, 7.999999999999986)]",4.049999999999986,True,27.676918729613714,28.59958031989589,True
950,64.6,12.75,0.00017499999999999997,0.00019999999999999998,"[4.0, 8.0]",29.01807868906119,6.549999999999991,28.535163386841344,28.51955615331565,0.9907433039821711,0.29567418797576506,1.0,1.0,1.0,"[(4.0, 7.999999999999986)]",4.049999999999986,True,28.02733538507902,29.01807868906119,True
950,64.6,12.649999999999999,0.00019999999999999998,0.00011999999999999999,"[4.0, 8.0]",26.569213374514394,7.999999999999986,26.09967043380941,26.108468371165095,0.9994955264831766,0.288059500628974,1.0,1.0,1.0,"[(4.0, 7.999999999999986)]",4.049999999999986,True,25.569717848031217,26.569213374514394,True
950,64.6,12.649999999999999,0.00017499999999999997,0.00015,"[4.0, 8.0]",26.782799735180042,6.649999999999991,26.304226301263704,26.289384736530494,1.0327450899897883,0.28591972541860117,1.0,1.0,1.0,"[(4.0, 7.999999999999986)]",4.049999999999986,True,25.750054645190254,26.782799735180042,True
800,54.4,12.649999999999999,0.00017499999999999997,0.00013,"[4.0, 8.0]",19.306597236199536,7.949999999999986,18.708676719856424,18.60080117633997,1.0742012026327927,0.31872809293627885,1.0,1.0,0.0,"[(4.0, 7.999999999999986)]",4.049999999999986,True,18.232396033566744,19.306597236199536,True
950,64.6,12.75,0.00017499999999999997,0.00017999999999999998,"[4.0, 8.0]",27.189566043713324,7.999999999999986,26.677783413128363,26.680876543569816,1.0911765739878483,0.30201198729463474,1.0,1.0,1.0,"[(4.0, 7.999999999999986)]",4.049999999999986,True,26.098389469725475,27.189566043713324,True
950,64.6,12.649999999999999,0.00017499999999999997,0.00013,"[4.0, 8.0]",23.81026453172175,4.249999999999999,23.284777190725,23.295183834923527,1.097446232297429,0.29561547648567116,1.0,1.0,1.0,"[(4.0, 7.999999999999986)]",4.049999999999986,True,22.71281829942432,23.81026453172175,True
800,54.4,12.649999999999999,0.00019999999999999998,0.00011999999999999999,"[4.0, 8.0]",21.748035155681936,7.949999999999986,21.14804214834524,21.024554496493643,1.1089532125194559,0.3196251782344321,1.0,1.0,1.0,"[(4.0, 7.999999999999986)]",4.049999999999986,True,20.63908194316248,21.748035155681936,True
950,64.6,12.7,0.00019999999999999998,0.00015,"[4.0, 8.0]",30.95273610850259,7.999999999999986,30.408691908742835,30.4143922875011,1.1198233132505067,0.29752415883182676,1.0,1.0,1.0,"[(4.0, 7.999999999999986)]",4.049999999999986,True,29.832912795252085,30.95273610850259,True
800,54.4,12.8,0.00017499999999999997,0.00019999999999999998,"[4.0, 8.0]",22.85812541416523,7.949999999999986,22.178983523343252,22.04659824584226,1.1256930109940093,0.3277482800634878,1.0,1.0,1.0,"[(4.0, 7.999999999999986)]",4.049999999999986,True,21.73243240317122,22.85812541416523,True
950,64.6,12.7,0.00019999999999999998,0.00014,"[4.0, 8.0]",29.175519333096588,7.999999999999986,28.607208483733178,28.613709183182724,1.1367031278000717,0.29658994399368505,1.0,1.0,1.0,"[(4.0, 7.999999999999986)]",4.049999999999986,True,28.038816205296516,29.175519333096588,True
800,54.4,12.7,0.00019999999999999998,0.00015,"[4.0, 8.0]",24.11420151879406,7.949999999999986,23.460738145148838,23.334345922976702,1.139709839919668,0.32415236141559434,1.0,1.0,1.0,"[(4.0, 7.999999999999986)]",4.049999999999986,True,22.974491678874394,24.11420151879406,True
800,54.4,12.75,0.00019999999999999998,0.00015,"[4.0, 8.0]",25.34747083589079,7.949999999999986,24.65304788209756,24.535804951538385,1.1561066391605337,0.32850512353144545,1.0,1.0,1.0,"[(4.0, 7.999999999999986)]",4.049999999999986,True,24.191364196730255,25.34747083589079,True
950,64.6,12.8,0.00017499999999999997,0.00019999999999999998,"[4.0, 8.0]",27.792164733604594,4.249999999999999,27.240652723309637,27.26558099505745,1.1587339655529334,0.32030069916862075,1.0,1.0,1.0,"[(4.0, 7.999999999999986)]",4.049999999999986,True,26.63343076805166,27.792164733604594,True
800,54.4,12.75,0.00017499999999999997,0.00016999999999999999,"[4.0, 8.0]",22.463615525726922,7.949999999999986,21.810325013253863,21.691706882446333,1.158923167595173,0.3247157819188139,1.0,1.0,1.0,"[(4.0, 7.999999999999986)]",4.049999999999986,True,21.30469235813175,22.463615525726922,True
800,54.4,12.850000000000001,0.00017499999999999997,0.00019999999999999998,"[4.0, 8.0]",23.1946314142407,7.949999999999986,22.470825714625956,22.351633880260845,1.1647422066051298,0.3316025670266705,1.0,1.0,1.0,"[(4.0, 7.999999999999986)]",4.049999999999986,True,22.02988920763557,23.1946314142407,True
800,54.4,12.8,0.00019999999999999998,0.00017999999999999998,"[4.0, 8.0]",26.891717842907607,7.949999999999986,26.19082267128512,26.060710662118325,1.168518419259616,0.3308725548836991,1.0,1.0,1.0,"[(4.0, 7.999999999999986)]",4.049999999999986,True,25.72319942364799,26.891717842907607,True
800,54.4,12.649999999999999,0.00025,9.999999999999999e-05,"[4.0, 8.0]",24.464267565372708,7.949999999999986,23.796413126673738,23.67645699216581,1.1700596922925897,0.32913768529105497,1.0,1.0,1.0,"[(4.0, 7.999999999999986)]",4.049999999999986,True,23.29420787308012,24.464267565372708,True
850,57.8,12.649999999999999,0.00019999999999999998,0.00013,"[4.0, 8.0]",23.220205796585894,7.949999999999986,22.60579029606911,22.587941418912433,1.1712547137747507,0.3223984064610783,1.0,1.0,1.0,"[(4.0, 7.999999999999986)]",4.049999999999986,True,22.048951082811143,23.220205796585894,True
800,54.4,12.7,0.00017499999999999997,0.00016999999999999999,"[4.0, 8.0]",21.752129442312796,7.949999999999986,21.132029766955316,21.005273281077944,1.1896866859698747,0.32316579546434626,1.0,1.0,1.0,"[(4.0, 7.999999999999986)]",4.049999999999986,True,20.56244275634292,21.752129442312796,True
950,64.6,12.649999999999999,0.00019999999999999998,0.00014,"[4.0, 8.0]",30.55205045145169,6.69999999999999,30.034875413069205,30.01722690112026,1.1922420720969633,0.31939834404891126,1.0,1.0,1.0,"[(4.0, 7.999999999999986)]",4.049999999999986,True,29.359808379354728,30.55205045145169,True
800,54.4,12.75,0.00017499999999999997,0.00015999999999999999,"[4.0, 8.0]",21.493686598635314,7.949999999999986,20.780243859295926,20.681137688665952,1.2038606696350804,0.3346977513816377,1.0,1.0,1.0,"[(4.0, 7.999999999999986)]",4.049999999999986,True,20.289825929000234,21.493686598635314,True
800,54.4,12.649999999999999,0.000225,9.999999999999999e-05,"[4.0, 8.0]",21.109649290238867,7.949999999999986,20.434794323726724,20.373408796791797,1.2040888777582772,0.33899614777690684,1.0,1.0,0.8888888888888888,"[(4.0, 7.999999999999986)]",4.049999999999986,True,19.90556041248059,21.109649290238867,True
950,64.6,12.7,0.00017499999999999997,0.00015,"[4.0, 8.0]",25.47247617695667,4.249999999999999,24.878993597272107,24.866413069316025,1.2104671260958675,0.3151180798074275,1.0,1.0,1.0,"[(4.0, 7.999999999999986)]",4.049999999999986,True,24.2620090508608,25.47247617695667,True
950,64.6,12.649999999999999,0.000225,0.00011999999999999999,"[4.0, 8.0]",30.95972052284711,7.999999999999986,30.354197375813698,30.386784150698137,1.2119374199528004,0.32229732189725346,1.0,1.0,1.0,"[(4.0, 7.999999999999986)]",4.049999999999986,True,29.74778310289431,30.95972052284711,True
800,54.4,12.7,0.00019999999999999998,0.00014,"[4.0, 8.0]",22.574752350016336,7.949999999999986,21.874050018847694,21.796168135203313,1.214493674608935,0.33666177092977434,1.0,1.0,1.0,"[(4.0, 7.999999999999986)]",4.049999999999986,True,21.3602586754074,22.574752350016336,True
800,54.4,12.850000000000001,0.00019999999999999998,0.00017999999999999998,"[4.0, 8.0]",27.873426209615978,7.949999999999986,27.140161462698366,27.013515567052853,1.2242962550391816,0.33527150955025614,1.0,1.0,1.0,"[(4.0, 7.999999999999986)]",4.049999999999986,True,26.649129954576797,27.873426209615978,True
800,54.4,12.7,0.00017499999999999997,0.00015,"[4.0, 8.0]",19.630877923538684,7.949999999999986,18.915279139862925,18.887548646238535,1.2447345224551682,0.3477666993976841,1.0,1.0,0.0,"[(4.0, 7.999999999999986)]",4.049999999999986,True,18.386143401083515,19.630877923538684,True
850,57.8,12.649999999999999,0.000225,0.00011999999999999999,"[4.0, 8.0]",25.211787202663185,7.949999999999986,24.55937024119318,24.548913461157106,1.2473099129998602,0.3278167252873164,1.0,1.0,1.0,"[(4.0, 7.999999999999986)]",4.049999999999986,True,23.964477289663325,25.211787202663185,True
800,54.4,12.7,0.000225,0.00013,"[4.0, 8.0]",24.9008798600839,7.949999999999986,24.183743476103555,24.078785001996195,1.247362120942821,0.3352908279810058,1.0,1.0,1.0,"[(4.0, 7.999999999999986)]",4.049999999999986,True,23.65351773914108,24.9008798600839,True
850,57.8,12.649999999999999,0.00017499999999999997,0.00015,"[4.0, 8.0]",21.84869835623111,7.949999999999986,21.297931984501346,21.305356835012375,1.2574755393716508,0.3170627130596967,1.0,1.0,1.0,"[(4.0, 7.999999999999986)]",4.049999999999986,True,20.59122281685946,21.84869835623111,True
800,54.4,12.7,0.000225,0.00014,"[4.0, 8.0]",26.852902178059516,7.949999999999986,26.17055862227445,26.043448926766697,1.2600260963936947,0.3337728432494314,1.0,1.0,1.0,"[(4.0, 7.999999999999986)]",4.049999999999986,True,25.59287608166582,26.852902178059516,True
850,57.8,12.75,0.00017499999999999997,0.00016999999999999999,"[4.0, 8.0]",24.153743036881625,7.949999999999986,23.473729784192745,23.46632167280715,1.2775182130162115,0.3267177358705973,1.0,1.0,1.0,"[(4.0, 7.999999999999986)]",4.049999999999986,True,22.876224823865414,24.153743036881625,True
800,54.4,12.8,0.00019999999999999998,0.00016999999999999999,"[4.0, 8.0]",25.644687860371434,7.949999999999986,24.901265444014705,24.822363082515608,1.2808534745315008,0.34243714066904446,1.0,1.0,1.0,"[(4.0, 7.999999999999986)]",4.049999999999986,True,24.363834385839933,25.644687860371434,True
800,54.4,12.649999999999999,0.00019999999999999998,0.00013,"[4.0, 8.0]",23.509171027547954,7.949999999999986,22.96090825944457,22.869742773552098,1.2839697344126044,0.3312116194353841,1.0,1.0,1.0,"[(4.0, 7.999999999999986)]",4.049999999999986,True,22.22520129313535,23.509171027547954,True
800,54.4,12.900000000000002,0.00019999999999999998,0.00019999999999999998,"[4.0, 8.0]",28.07086553284386,7.949999999999986,27.294841453851102,27.176880725705956,1.2961711576810266,0.33971928223017717,1.0,1.0,1.0,"[(4.0, 7.999999999999986)]",4.049999999999986,True,26.774694375162834,28.07086553284386,True
800,54.4,12.75,0.000225,0.00014,"[4.0, 8.0]",28.503499383272114,7.949999999999986,27.762855758316906,27.63214894677911,1.2983135077976797,0.3421771235838695,1.0,1.0,1.0,"[(4.0, 7.999999999999986)]",4.049999999999986,True,27.205185875474434,28.503499383272114,True
950,64.6,12.649999999999999,0.000225,9.999999999999999e-05,"[4.0, 8.0]",25.87070315477821,4.249999999999999,25.20125232463362,25.21903365255958,1.3013355272064508,0.3444456499655209,1.0,1.0,1.0,"[(4.0, 7.999999999999986)]",4.049999999999986,True,24.569367627571758,25.87070315477821,True
900,61.2,12.649999999999999,0.00019999999999999998,0.00013,"[4.0, 8.0]",26.034199516538074,7.999999999999986,25.424821585578897,25.40434568448674,1.3021649387372136,0.33796551329758917,1.0,1.0,1.0,"[(4.0, 7.999999999999986)]",4.049999999999986,True,24.73203457780086,26.034199516538074,True
950,64.6,12.75,0.00019999999999999998,0.00015999999999999999,"[4.0, 8.0]",30.637118398846983,7.999999999999986,29.984964028519865,29.98173082289437,1.3024663489832875,0.3140007902794853,1.0,1.0,1.0,"[(4.0, 7.999999999999986)]",4.049999999999986,True,29.334652049863696,30.637118398846983,True
850,57.8,12.7,0.00019999999999999998,0.00015,"[4.0, 8.0]",26.267780316759865,7.949999999999986,25.611077881946663,25.613994546488698,1.3049161344496376,0.32507245916626126,1.0,1.0,1.0,"[(4.0, 7.999999999999986)]",4.049999999999986,True,24.962864182310227,26.267780316759865,True
800,54.4,12.75,0.00019999999999999998,0.00014,"[4.0, 8.0]",23.759706616527527,7.949999999999986,23.012502608123192,22.97044099931622,1.3056707424433256,0.3495204782694018,1.0,1.0,1.0,"[(4.0, 7.999999999999986)]",4.049999999999986,True,22.4540358740842,23.759706616527527,True
800,54.4,12.850000000000001,0.00019999999999999998,0.00016999999999999999,"[4.0, 8.0]",26.589309451821066,7.949999999999986,25.82823175980596,25.751693450437717,1.3080575659663722,0.346983442955633,1.0,1.0,1.0,"[(4.0, 7.999999999999986)]",4.049999999999986,True,25.281251885854694,26.589309451821066,True
850,57.8,12.649999999999999,0.00017499999999999997,0.00013,"[4.0, 8.0]",19.106584130841576,7.949999999999986,18.434687292052867,18.42500736018906,1.3154735760062195,0.3535199952309363,1.0,1.0,0.0,"[(4.0, 7.999999999999986)]",4.049999999999986,True,17.791110554835356,19.106584130841576,True
800,54.4,12.75,0.00017499999999999997,0.00017999999999999998,"[4.0, 8.0]",23.249060997762147,7.949999999999986,22.649350067544198,22.537081096187418,1.3161469212204473,0.3357180623234153,1.0,1.0,1.0,"[(4.0, 7.999999999999986)]",4.049999999999986,True,21.9329140765417,23.249060997762147,True
850,57.8,12.649999999999999,0.00019999999999999998,0.00011999999999999999,"[4.0, 8.0]",21.352998405770833,7.949999999999986,20.677209285490903,20.65566855057048,1.3172791537178021,0.3479675110239714,1.0,1.0,1.0,"[(4.0, 7.999999999999986)]",4.049999999999986,True,20.03571925205303,21.352998405770833,True
850,57.8,12.7,0.00019999999999999998,0.00014,"[4.0, 8.0]",24.626497468505228,7.949999999999986,23.92791346141572,23.896810207455008,1.3231543155873986,0.33977337790444934,1.0,1.0,1.0,"[(4.0, 7.999999999999986)]",4.049999999999986,True,23.30334315291783,24.626497468505228,True
800,54.4,12.75,0.00019999999999999998,0.00015999999999999999,"[4.0, 8.0]",26.787162065902464,7.949999999999986,26.143411390402655,26.026774477202604,1.3256554140908783,0.3369554053093745,1.0,1.0,1.0,"[(4.0, 7.999999999999986)]",4.049999999999986,True,25.461506651811586,26.787162065902464,True
900,61.2,12.649999999999999,0.00017499999999999997,0.00013,"[4.0, 8.0]",21.533141497322067,7.999999999999986,20.871413887793015,20.89076690631501,1.3269232212597046,0.3449391513352867,1.0,1.0,1.0,"[(4.0, 7.999999999999986)]",4.049999999999986,True,20.206218276062362,21.533141497322067,True
850,57.8,12.75,0.00019999999999999998,0.00015,"[4.0, 8.0]",27.16406777239033,7.949999999999986,26.436811951565243,26.417496474437208,1.3273090158738938,0.33645744783066156,1.0,1.0,1.0,"[(4.0, 7.999999999999986)]",4.049999999999986,True,25.836758756516435,27.16406777239033,True
950,64.6,12.75,0.00019999999999999998,0.00016999999999999999,"[4.0, 8.0]",32.153671725831224,7.999999999999986,31.510739617622743,31.549180578726027,1.3300290277678641,0.3125098557512044,1.0,1.0,1.0,"[(4.0, 7.999999999999986)]",4.049999999999986,True,30.82364269806336,32.153671725831224,True
1000,68.0,12.649999999999999,0.00017499999999999997,0.00015,"[4.0, 8.0]",26.639978115156918,7.849999999999986,25.960127445383836,25.977486362576737,1.3306496629121405,0.3273346606412339,1.0,1.0,1.0,"[(4.0, 7.999999999999986)]",4.049999999999986,True,25.309328452244777,26.639978115156918,True
900,61.2,12.75,0.00017499999999999997,0.00017999999999999998,"[4.0, 8.0]",26.27877811381041,7.999999999999986,25.60792101691428,25.56464223220602,1.3335173614458498,0.33968477018805954,1.0,1.0,1.0,"[(4.0, 7.999999999999986)]",4.049999999999986,True,24.94526075236456,26.27877811381041,True
950,64.6,12.7,0.00019999999999999998,0.00013,"[4.0, 8.0]",27.2746927111217,4.249999999999999,26.585500506820935,26.59575584594971,1.3396041215525898,0.3481819818164118,1.0,1.0,1.0,"[(4.0, 7.999999999999986)]",4.049999999999986,True,25.93508858956911,27.2746927111217,True
850,57.8,12.7,0.00017499999999999997,0.00015,"[4.0, 8.0]",21.42170943041227,7.949999999999986,20.722950921676475,20.689858587066254,1.3401772971181884,0.3536099497306935,1.0,1.0,1.0,"[(4.0, 7.999999999999986)]",4.049999999999986,True,20.081532133294083,21.42170943041227,True
800,54.4,12.7,0.00025,0.00011999999999999999,"[4.0, 8.0]",26.513955913398345,7.949999999999986,25.750500669527952,25.62871706733512,1.3414561950667157,0.3424336075221286,1.0,1.0,1.0,"[(4.0, 7.999999999999986)]",4.049999999999986,True,25.17249971833163,26.513955913398345,True
850,57.8,12.7,0.00017499999999999997,0.00016999999999999999,"[4.0, 8.0]",23.694973843290306,7.949999999999986,23.0914818094743,23.09368674151017,1.3430549952597062,0.3206199285593685,1.0,1.0,1.0,"[(4.0, 7.999999999999986)]",4.049999999999986,True,22.3519188480306,23.694973843290306,True
800,54.4,12.75,0.000225,0.00013,"[4.0, 8.0]",26.44706145552581,7.949999999999986,25.677922755767366,25.581210064573003,1.3460894805199572,0.3455119367537523,1.0,1.0,1.0,"[(4.0, 7.999999999999986)]",4.049999999999986,True,25.10097197500585,26.44706145552581,True
800,54.4,12.649999999999999,0.000225,0.00011999999999999999,"[4.0, 8.0]",25.712138815075836,7.949999999999986,25.128038878684542,25.035062277475188,1.3478364188374208,0.34016261645100576,1.0,1.0,1.0,"[(4.0, 7.999999999999986)]",4.049999999999986,True,24.364302396238415,25.712138815075836,True
850,57.8,12.75,0.00017499999999999997,0.00015999999999999999,"[4.0, 8.0]",23.09854603460162,7.949999999999986,22.378572952772878,22.356159900609885,1.350213862217167,0.34677943200510386,1.0,1.0,1.0,"[(4.0, 7.999999999999986)]",4.049999999999986,True,21.74833217238445,23.09854603460162,True
800,54.4,12.75,0.00017499999999999997,0.00015,"[4.0, 8.0]",20.38392896179834,7.949999999999986,19.61351411039832,19.640039271918816,1.3534238349368088,0.36917298470856214,1.0,1.0,0.13580246913580246,"[(4.0, 7.999999999999986)]",4.049999999999986,True,19.03050512686153,20.38392896179834,True
800,54.4,12.8,0.000225,0.00015999999999999999,"[4.0, 8.0]",29.291667706801945,7.949999999999986,28.500832155270412,28.361504852301422,1.3554702678227102,0.34602452045990434,1.0,1.0,1.0,"[(4.0, 7.999999999999986)]",4.049999999999986,True,27.936197438979235,29.291667706801945,True
850,57.8,12.649999999999999,0.00019999999999999998,0.00014,"[4.0, 8.0]",24.94127006764081,7.849999999999986,24.37463626189502,24.406600124869303,1.3567034686457689,0.32459073150957,1.0,1.0,1.0,"[(4.0, 7.999999999999986)]",4.049999999999986,True,23.584566598995043,24.94127006764081,True
900,61.2,12.649999999999999,0.00019999999999999998,0.00011999999999999999,"[4.0, 8.0]",24.09179699057119,7.999999999999986,23.412498123866143,23.397372643313837,1.3600558362023136,0.34374744911769706,1.0,1.0,1.0,"[(4.0, 7.999999999999986)]",4.049999999999986,True,22.731741154368876,24.09179699057119,True
800,54.4,12.7,0.000225,0.00011999999999999999,"[4.0, 8.0]",22.78581064026426,7.949999999999986,22.026968408072868,22.038907173247026,1.3663673871775295,0.3679622698720096,1.0,1.0,1.0,"[(4.0, 7.999999999999986)]",4.049999999999986,True,21.41944325308673,22.78581064026426,True
800,54.4,12.8,0.00017499999999999997,0.00017999999999999998,"[4.0, 8.0]",21.356183793394795,7.949999999999986,20.58257419649629,20.610396244036412,1.3667303731635343,0.37140554565302686,1.0,1.0,0.9753086419753086,"[(4.0, 7.999999999999986)]",4.049999999999986,True,19.98945342023126,21.356183793394795,True
950,64.6,12.75,0.00019999999999999998,0.00015,"[4.0, 8.0]",28.967882372684194,4.249999999999999,28.263844985541777,28.265628109149805,1.3679194576051472,0.36209913777987035,1.0,1.0,1.0,"[(4.0, 7.999999999999986)]",4.049999999999986,True,27.599962915079047,28.967882372684194,True
800,54.4,12.649999999999999,0.00017499999999999997,0.00015,"[4.0, 8.0]",21.756484964022267,6.649999999999991,21.25518259846854,21.175130024512185,1.3778461232469255,0.3471021584462664,1.0,1.0,1.0,"[(4.0, 7.999999999999986)]",4.049999999999986,True,20.37863884077534,21.756484964022267,True
800,54.4,12.7,0.00019999999999999998,0.00013,"[4.0, 8.0]",20.911794037839556,4.249999999999999,20.129306423261692,20.145989865241056,1.3779103893425493,0.3732329105602741,1.0,1.0,0.6172839506172839,"[(4.0, 7.999999999999986)]",4.049999999999986,True,19.533883648497007,20.911794037839556,True
850,57.8,12.8,0.00019999999999999998,0.00016999999999999999,"[4.0, 8.0]",28.63464404426777,7.949999999999986,27.86777140722553,27.836156170685392,1.3786720639595522,0.3432752251742917,1.0,1.0,1.0,"[(4.0, 7.999999999999986)]",4.049999999999986,True,27.255971980308217,28.63464404426777,True
950,64.6,12.75,0.00017499999999999997,0.00016999999999999999,"[4.0, 8.0]",26.270426582102104,4.249999999999999,25.562352634203307,25.547974130355296,1.3794980805754236,0.3518511404836766,1.0,1.0,1.0,"[(4.0, 7.999999999999986)]",4.049999999999986,True,24.89092850152668,26.270426582102104,True
900,61.2,12.8,0.00017499999999999997,0.00019999999999999998,"[4.0, 8.0]",27.168036373043588,7.999999999999986,26.485602086084455,26.45060505398298,1.3843909844126756,0.34470201470498896,1.0,1.0,1.0,"[(4.0, 7.999999999999986)]",4.049999999999986,True,25.783645388630912,27.168036373043588,True
950,64.6,12.649999999999999,0.00025,9.999999999999999e-05,"[4.0, 8.0]",29.48168613376808,7.999999999999986,28.77139847263228,28.792221877740815,1.3862407597771131,0.32106216138084875,1.0,1.0,1.0,"[(4.0, 7.999999999999986)]",4.049999999999986,True,28.095445373990966,29.48168613376808,True
850,57.8,12.7,0.000225,0.00013,"[4.0, 8.0]",27.12845876780385,7.949999999999986,26.384284912118886,26.367809554155013,1.3920028213735556,0.34150286692714044,1.0,1.0,1.0,"[(4.0, 7.999999999999986)]",4.049999999999986,True,25.736455946430294,27.12845876780385,True
950,64.6,12.7,0.000225,0.00011999999999999999,"[4.0, 8.0]",29.554646285507378,7.999999999999986,28.83285004958066,28.846813644365476,1.394617880566134,0.33575715368489156,1.0,1.0,1.0,"[(4.0, 7.999999999999986)]",4.049999999999986,True,28.160028404941244,29.554646285507378,True
900,61.2,12.7,0.00017499999999999997,0.00016999999999999999,"[4.0, 8.0]",25.85734199995793,7.549999999999987,25.251330294098,25.234014953075846,1.4075380768976764,0.34105519476973667,1.0,1.0,1.0,"[(4.0, 7.999999999999986)]",4.049999999999986,True,24.449803923060255,25.85734199995793,True
900,61.2,12.7,0.00019999999999999998,0.00015,"[4.0, 8.0]",28.69869125283334,7.999999999999986,28.01706755765031,28.000633371144154,1.4120592087474009,0.3533156348370334,1.0,1.0,1.0,"[(4.0, 7.999999999999986)]",4.049999999999986,True,27.286632044085938,28.69869125283334,True
800,54.4,12.8,0.00019999999999999998,0.00015999999999999999,"[4.0, 8.0]",24.216131451869302,7.949999999999986,23.423865941391956,23.44980630472794,1.4221518735569774,0.37925570958650934,1.0,1.0,1.0,"[(4.0, 7.999999999999986)]",4.049999999999986,True,22.793979578312324,24.216131451869302,True
850,57.8,12.8,0.00017499999999999997,0.00019999999999999998,"[4.0, 8.0]",25.2799950473792,7.949999999999986,24.603112998320906,24.620474247301473,1.422782493458076,0.33212614684733727,1.0,1.0,1.0,"[(4.0, 7.999999999999986)]",4.049999999999986,True,23.857212553921123,25.2799950473792,True
800,54.4,12.850000000000001,0.000225,0.00015999999999999999,"[4.0, 8.0]",30.706742427858337,7.949999999999986,29.86942786897543,29.730385912387224,1.4254131505552863,0.3564488892618108,1.0,1.0,1.0,"[(4.0, 7.999999999999986)]",4.049999999999986,True,29.28132927730305,30.706742427858337,True
850,57.8,12.900000000000002,0.00019999999999999998,0.00019999999999999998,"[4.0, 8.0]",30.84280770202365,7.949999999999986,30.03193756606824,30.03030790245786,1.4269081570205948,0.34841294706627235,1.0,1.0,1.0,"[(4.0, 7.999999999999986)]",4.049999999999986,True,29.415899545003054,30.84280770202365,True
900,61.2,12.7,0.00017499999999999997,0.00015,"[4.0, 8.0]",23.460399906102115,7.999999999999986,22.75089312936126,22.77494827335897,1.4270527136132714,0.3563750172223039,1.0,1.0,1.0,"[(4.0, 7.999999999999986)]",4.049999999999986,True,22.033347192488844,23.460399906102115,True
950,64.6,12.75,0.00019999999999999998,0.00017999999999999998,"[4.0, 8.0]",33.55942374040324,7.999999999999986,32.902728723496814,32.93575064407629,1.4284600649572496,0.3541277915313562,1.0,1.0,1.0,"[(4.0, 7.999999999999986)]",4.049999999999986,True,32.13096367544599,33.55942374040324,True
900,61.2,12.649999999999999,0.00017499999999999997,0.00015,"[4.0, 8.0]",24.377012042963653,7.549999999999987,23.804175913749763,23.803359780208446,1.4295237822076636,0.33842391480872236,1.0,1.0,1.0,"[(4.0, 7.999999999999986)]",4.049999999999986,True,22.94748826075599,24.377012042963653,True
800,54.4,12.850000000000001,0.00017499999999999997,0.00017999999999999998,"[4.0, 8.0]",21.783712384436697,4.1,20.963693057622077,21.020057055788733,1.4415270741950756,0.38512602351033587,1.0,1.0,1.0,"[(4.0, 7.999999999999986)]",4.049999999999986,True,20.34218531024162,21.783712384436697,True
900,61.2,12.75,0.00017499999999999997,0.00016999999999999999,"[4.0, 8.0]",25.348037354947795,7.999999999999986,24.628488077457718,24.62641786391497,1.4428706662016566,0.3489169225911844,1.0,1.0,1.0,"[(4.0, 7.999999999999986)]",4.049999999999986,True,23.90516668874614,25.348037354947795,True
850,57.8,12.8,0.00017499999999999997,0.00017999999999999998,"[4.0, 8.0]",23.766838728231335,7.949999999999986,22.99930043175211,22.974721458892805,1.443029734146421,0.3617139741065215,1.0,1.0,1.0,"[(4.0, 7.999999999999986)]",4.049999999999986,True,22.323808994084914,23.766838728231335,True
850,57.8,12.649999999999999,0.00025,9.999999999999999e-05,"[4.0, 8.0]",23.740467365232373,7.949999999999986,22.994408098937605,22.9910419572324,1.4453865983774996,0.35923454474795813,1.0,1.0,1.0,"[(4.0, 7.999999999999986)]",4.049999999999986,True,22.295080766854873,23.740467365232373,True
900,61.2,12.649999999999999,0.000225,0.00011999999999999999,"[4.0, 8.0]",28.25941539166355,7.999999999999986,27.563862640740854,27.543793989621395,1.4455137781565348,0.3610031725523055,1.0,1.0,1.0,"[(4.0, 7.999999999999986)]",4.049999999999986,True,26.813901613507014,28.25941539166355,True
800,54.4,12.8,0.000225,0.00015,"[4.0, 8.0]",27.454536592845848,7.949999999999986,26.64085524038732,26.588322546970204,1.4479569913642614,0.3607380695234593,1.0,1.0,1.0,"[(4.0, 7.999999999999986)]",4.049999999999986,True,26.006579601481587,27.454536592845848,True
850,57.8,12.75,0.00017499999999999997,0.00017999999999999998,"[4.0, 8.0]",24.982585889397182,7.949999999999986,24.34357040180269,24.35217118649983,1.4526801860766376,0.32948595947829523,1.0,1.0,1.0,"[(4.0, 7.999999999999986)]",4.049999999999986,True,23.529905703320544,24.982585889397182,True
850,57.8,12.75,0.00019999999999999998,0.00014,"[4.0, 8.0]",25.439052546436088,7.949999999999986,24.675676338684784,24.672708491378966,1.4611338656186525,0.36754754031580017,1.0,1.0,1.0,"[(4.0, 7.999999999999986)]",4.049999999999986,True,23.977918680817435,25.439052546436088,True
900,61.2,12.7,0.00019999999999999998,0.00014,"[4.0, 8.0]",26.967834573850404,7.999999999999986,26.23874168440831,26.21440974653881,1.4640095110680598,0.35094914317866394,1.0,1.0,1.0,"[(4.0, 7.999999999999986)]",4.049999999999986,True,25.503825062782344,26.967834573850404,True
950,64.6,12.8,0.00019999999999999998,0.00016999999999999999,"[4.0, 8.0]",30.744690302524948,7.999999999999986,30.012994390731933,30.01473455626931,1.4694691462597937,0.3598151283765976,1.0,1.0,1.0,"[(4.0, 7.999999999999986)]",4.049999999999986,True,29.275221156265154,30.744690302524948,True
800,54.4,12.75,0.00025,0.00011999999999999999,"[4.0, 8.0]",28.314852477913256,7.949999999999986,27.481119779726473,27.351621180709394,1.4715148592328973,0.3560134188187744,1.0,1.0,1.0,"[(4.0, 7.999999999999986)]",4.049999999999986,True,26.84333761868036,28.314852477913256,True
800,54.4,12.850000000000001,0.00019999999999999998,0.00015999999999999999,"[4.0, 8.0]",25.246790864645575,4.1,24.418345568075413,24.462084184475238,1.4742312751566935,0.3889625478833546,1.0,1.0,1.0,"[(4.0, 7.999999999999986)]",4.049999999999986,True,23.772559589488882,25.246790864645575,True
800,54.4,12.8,0.000225,0.00016999999999999999,"[4.0, 8.0]",30.940237385010278,7.949999999999986,30.155721240848408,30.04634309367937,1.4747992616151748,0.36362117368018876,1.0,1.0,1.0,"[(4.0, 7.999999999999986)]",4.049999999999986,True,29.465438123395103,30.940237385010278,True
850,57.8,12.649999999999999,0.000225,0.00013,"[4.0, 8.0]",27.346096129531364,7.849999999999986,26.72206290489967,26.72372487771346,1.4751068380191974,0.34034568077073907,1.0,1.0,1.0,"[(4.0, 7.999999999999986)]",4.049999999999986,True,25.870989291512167,27.346096129531364,True
800,54.4,12.649999999999999,0.00019999999999999998,0.00014,"[4.0, 8.0]",25.113769457423206,6.649999999999991,24.588987967100866,24.517431082796115,1.4785175926525618,0.3627261836059418,1.0,1.0,1.0,"[(4.0, 7.999999999999986)]",4.049999999999986,True,23.635251864770645,25.113769457423206,True
800,54.4,12.7,0.000225,0.00015,"[4.0, 8.0]",28.671231185806846,7.949999999999986,28.01369976844343,27.941110576503366,1.481546841148834,0.3604436248928749,1.0,1.0,1.0,"[(4.0, 7.999999999999986)]",4.049999999999986,True,27.189684344658012,28.671231185806846,True
850,57.8,12.7,0.00019999999999999998,0.00013,"[4.0, 8.0]",22.851661801429536,4.0,22.090698856060506,22.101827538809392,1.4831264255365113,0.38474758840823897,1.0,1.0,1.0,"[(4.0, 7.999999999999986)]",4.049999999999986,True,21.368535375893025,22.851661801429536,True
800,54.4,12.75,0.000225,0.00011999999999999999,"[4.0, 8.0]",24.258307201621424,4.249999999999999,23.44060020797512,23.461055980230213,1.4834750893345579,0.38978872327359665,1.0,1.0,1.0,"[(4.0, 7.999999999999986)]",4.049999999999986,True,22.774832112286866,24.258307201621424,True
950,64.6,12.8,0.00019999999999999998,0.00017999999999999998,"[4.0, 8.0]",32.27447366916267,7.999999999999986,31.55178301345758,31.568924081768227,1.4836353190387896,0.32612457841473985,1.0,1.0,1.0,"[(4.0, 7.999999999999986)]",4.049999999999986,True,30.790838350123877,32.27447366916267,True
850,57.8,12.75,0.00019999999999999998,0.00015999999999999999,"[4.0, 8.0]",28.68416290646592,7.949999999999986,27.987892291947148,28.017941043520196,1.4836499505066598,0.33846368609695593,1.0,1.0,1.0,"[(4.0, 7.999999999999986)]",4.049999999999986,True,27.20051295595926,28.68416290646592,True
950,64.6,12.7,0.00019999999999999998,0.00016999999999999999,"[4.0, 8.0]",33.880116455153086,6.69999999999999,33.303418782393805,33.393638482615096,1.4859197095734302,0.4076708073739216,1.0,1.0,1.0,"[(4.0, 7.999999999999986)]",4.049999999999986,True,32.394196745579656,33.880116455153086,True
950,64.6,12.7,0.000225,0.00013,"[4.0, 8.0]",31.919970444538265,7.999999999999986,31.14899880325867,31.187850843988688,1.4892188695196964,0.3342706133286773,1.0,1.0,1.0,"[(4.0, 7.999999999999986)]",4.049999999999986,True,30.43075157501857,31.919970444538265,True
1000,68.0,12.75,0.00017499999999999997,0.00019999999999999998,"[4.0, 8.0]",30.653824587010917,7.849999999999986,29.889405138143577,29.86330770430532,1.4932273952922515,0.3521568300014325,1.0,1.0,1.0,"[(4.0, 7.999999999999986)]",4.049999999999986,True,29.160597191718665,30.653824587010917,True
800,54.4,12.7,0.00019999999999999998,0.00016999999999999999,"[4.0, 8.0]",26.821255970324614,7.949999999999986,26.262223556062683,26.187247569925624,1.4936534265413535,0.3657384099069207,1.0,1.0,1.0,"[(4.0, 7.999999999999986)]",4.049999999999986,True,25.32760254378326,26.821255970324614,True
800,54.4,12.850000000000001,0.000225,0.00015,"[4.0, 8.0]",28.864617564691248,7.949999999999986,28.02485287908267,27.970573988269003,1.494119461892975,0.36676737169880547,1.0,1.0,1.0,"[(4.0, 7.999999999999986)]",4.049999999999986,True,27.370498102798273,28.864617564691248,True
850,57.8,12.850000000000001,0.00019999999999999998,0.00019999999999999998,"[4.0, 8.0]",30.597804003326043,7.949999999999986,29.826762929244225,29.83217246648052,1.4945694532833436,0.3481564613756829,1.0,1.0,1.0,"[(4.0, 7.999999999999986)]",4.049999999999986,True,29.1032345500427,30.597804003326043,True
950,64.6,12.649999999999999,0.000225,0.00013,"[4.0, 8.0]",33.151490570566196,7.999999999999986,32.441931390499356,32.53956205041235,1.4954047771580754,0.4119249738586002,1.0,1.0,1.0,"[(4.0, 7.999999999999986)]",4.049999999999986,True,31.65608579340812,33.151490570566196,True
850,57.8,12.7,0.000225,0.00014,"[4.0, 8.0]",29.19418672445088,7.949999999999986,28.459879369342037,28.481738141574652,1.5018436551408598,0.3470140366426502,1.0,1.0,1.0,"[(4.0, 7.999999999999986)]",4.049999999999986,True,27.69234306931002,29.19418672445088,True
850,57.8,12.8,0.00019999999999999998,0.00015999999999999999,"[4.0, 8.0]",27.206385818416422,7.949999999999986,26.410462091879754,26.383925445006025,1.508641626852345,0.3681342924057596,1.0,1.0,1.0,"[(4.0, 7.999999999999986)]",4.049999999999986,True,25.697744191564077,27.206385818416422,True
800,54.4,12.900000000000002,0.000225,0.00017999999999999998,"[4.0, 8.0]",31.590485734760193,7.949999999999986,30.705474835698546,30.55607137101554,1.5104439930460813,0.3635719271803502,1.0,1.0,1.0,"[(4.0, 7.999999999999986)]",4.049999999999986,True,30.080041741714112,31.590485734760193,True
800,54.4,12.75,0.00019999999999999998,0.00016999999999999999,"[4.0, 8.0]",28.024018723759475,7.949999999999986,27.423225589703296,27.343996309603668,1.5143992348553752,0.3654392182879951,1.0,1.0,1.0,"[(4.0, 7.999999999999986)]",4.049999999999986,True,26.5096194889041,28.024018723759475,True
850,57.8,12.75,0.000225,0.00014,"[4.0, 8.0]",30.404768203960245,7.949999999999986,29.58096812011497,29.59493564802863,1.515686746152916,0.3602663387326146,1.0,1.0,1.0,"[(4.0, 7.999999999999986)]",4.049999999999986,True,28.88908145780733,30.404768203960245,True
850,57.8,12.7,0.000225,0.00011999999999999999,"[4.0, 8.0]",24.90960353802027,7.949999999999986,24.128985986573788,24.14247453827715,1.5184194281969674,0.3776960202595745,1.0,1.0,1.0,"[(4.0, 7.999999999999986)]",4.049999999999986,True,23.391184109823303,24.90960353802027,True
850,57.8,12.850000000000001,0.00017499999999999997,0.00019999999999999998,"[4.0, 8.0]",23.917307290178663,7.949999999999986,23.115594159937213,23.143689369725294,1.5213685520721612,0.3823745137539977,1.0,1.0,1.0,"[(4.0, 7.999999999999986)]",4.049999999999986,True,22.3959387381065,23.917307290178663,True
850,57.8,12.75,0.00017499999999999997,0.00015,"[4.0, 8.0]",21.895232215362217,4.0,21.09547750564555,21.10998545901827,1.5250256512443379,0.3940766285859523,1.0,1.0,1.0,"[(4.0, 7.999999999999986)]",4.049999999999986,True,20.37020656411788,21.895232215362217,True
1000,68.0,12.7,0.00017499999999999997,0.00016999999999999999,"[4.0, 8.0]",30.033606536146088,7.849999999999986,29.329689751186294,29.329863261920668,1.5290683091446802,0.3529276407841523,1.0,1.0,1.0,"[(4.0, 7.999999999999986)]",4.049999999999986,True,28.504538227001408,30.033606536146088,True
800,54.4,12.75,0.00019999999999999998,0.00013,"[4.0, 8.0]",22.113846548789347,4.1,21.23684334150878,21.28508444595747,1.5330530387904453,0.40045931735787804,1.0,1.0,1.0,"[(4.0, 7.999999999999986)]",4.049999999999986,True,20.5807935099989,22.113846548789347,True
1000,68.0,12.7,0.00017499999999999997,0.00015,"[4.0, 8.0]",27.565312413673098,7.849999999999986,26.80338617920563,26.833115568367894,1.5378244997067618,0.35226912615828393,1.0,1.0,1.0,"[(4.0, 7.999999999999986)]",4.049999999999986,True,26.027487913966336,27.565312413673098,True
950,64.6,12.649999999999999,0.00019999999999999998,0.00015,"[4.0, 8.0]",32.30901728730742,6.69999999999999,31.698700932571498,31.734215229395517,1.538050513013804,0.38294458830488776,1.0,1.0,1.0,"[(4.0, 7.999999999999986)]",4.049999999999986,True,30.770966774293615,32.30901728730742,True
850,57.8,12.75,0.000225,0.00013,"[4.0, 8.0]",28.231063675858564,7.949999999999986,27.412763510230512,27.411385987144847,1.5382808104710648,0.36333179131732557,1.0,1.0,1.0,"[(4.0, 7.999999999999986)]",4.049999999999986,True,26.6927828653875,28.231063675858564,True
850,57.8,12.8,0.00019999999999999998,0.00017999999999999998,"[4.0, 8.0]",29.949356046445516,7.949999999999986,29.212041177757985,29.231391087550257,1.5399927315321946,0.34876979092204075,1.0,1.0,1.0,"[(4.0, 7.999999999999986)]",4.049999999999986,True,28.40936331491332,29.949356046445516,True
900,61.2,12.850000000000001,0.00017499999999999997,0.00019999999999999998,"[4.0, 8.0]",26.564713554524214,7.999999999999986,25.779880573699312,25.769141054302946,1.5413580897078063,0.35639944442838006,1.0,1.0,1.0,"[(4.0, 7.999999999999986)]",4.049999999999986,True,25.023355464816408,26.564713554524214,True
900,61.2,12.75,0.00019999999999999998,0.00015999999999999999,"[4.0, 8.0]",29.901302130596545,7.999999999999986,29.139071557753763,29.115263229903668,1.5423096075549694,0.361019862905973,1.0,1.0,1.0,"[(4.0, 7.999999999999986)]",4.049999999999986,True,28.358992523041575,29.901302130596545,True
850,57.8,12.7,0.00025,0.00011999999999999999,"[4.0, 8.0]",28.815584477761867,7.949999999999986,27.982799526442474,27.9884094236158,1.5456374285476357,0.359371703764883,1.0,1.0,1.0,"[(4.0, 7.999999999999986)]",4.049999999999986,True,27.26994704921423,28.815584477761867,True
800,54.4,12.649999999999999,0.000225,0.00013,"[4.0, 8.0]",27.739114810510475,7.949999999999986,27.18854885574891,27.112227624498306,1.5529709503780893,0.3801954955275723,1.0,1.0,1.0,"[(4.0, 7.999999999999986)]",4.049999999999986,True,26.186143860132386,27.739114810510475,True
800,54.4,12.75,0.000225,0.00015,"[4.0, 8.0]",30.390841813791262,7.949999999999986,29.66491461566063,29.59175266437516,1.5547726684131007,0.3729409983406183,1.0,1.0,1.0,"[(4.0, 7.999999999999986)]",4.049999999999986,True,28.83606914537816,30.390841813791262,True
850,57.8,12.850000000000001,0.00019999999999999998,0.00017999999999999998,"[4.0, 8.0]",28.132531400751112,7.949999999999986,27.305919488022443,27.286217582373382,1.5618817207469178,0.3761010791217876,1.0,1.0,1.0,"[(4.0, 7.999999999999986)]",4.049999999999986,True,26.570649680004195,28.132531400751112,True
900,61.2,12.75,0.00017499999999999997,0.00015999999999999999,"[4.0, 8.0]",24.211651205822662,7.999999999999986,23.43599627673333,23.45724311753493,1.56286928737088,0.3830092412611007,1.0,1.0,1.0,"[(4.0, 7.999999999999986)]",4.049999999999986,True,22.648781918451782,24.211651205822662,True
1000,68.0,12.649999999999999,0.00019999999999999998,0.00014,"[4.0, 8.0]",30.124030083051462,7.849999999999986,29.331691320986213,29.314379287919863,1.5698415938379497,0.36270117265759944,1.0,1.0,1.0,"[(4.0, 7.999999999999986)]",4.049999999999986,True,28.554188489213512,30.124030083051462,True
1000,68.0,12.8,0.00017499999999999997,0.00019999999999999998,"[4.0, 8.0]",30.59941851326537,7.849999999999986,29.782891695436426,29.798727356808907,1.5755293492219273,0.351690932754433,1.0,1.0,1.0,"[(4.0, 7.999999999999986)]",4.049999999999986,True,29.023889164043442,30.59941851326537,True
900,61.2,12.649999999999999,0.00019999999999999998,0.00014,"[4.0, 8.0]",27.87025865824992,7.549999999999987,27.243186761568207,27.236059344666067,1.5823805708831387,0.3626653774319408,1.0,1.0,1.0,"[(4.0, 7.999999999999986)]",4.049999999999986,True,26.28787808736678,27.87025865824992,True
900,61.2,12.8,0.00017499999999999997,0.00017999999999999998,"[4.0, 8.0]",25.596347158279023,7.999999999999986,24.810158086863026,24.832096015374958,1.5827514392104476,0.36957087136475786,1.0,1.0,1.0,"[(4.0, 7.999999999999986)]",4.049999999999986,True,24.013595719068576,25.596347158279023,True
900,61.2,12.649999999999999,0.00025,9.999999999999999e-05,"[4.0, 8.0]",26.796990140240624,7.999999999999986,25.985506622523744,25.948287329272834,1.5827965232420311,0.36819167406076114,1.0,1.0,1.0,"[(4.0, 7.999999999999986)]",4.049999999999986,True,25.214193616998593,26.796990140240624,True
900,61.2,12.649999999999999,0.000225,9.999999999999999e-05,"[4.0, 8.0]",23.270053646242953,7.999999999999986,22.47186295477959,22.484544271401845,1.5876508160466933,0.3913923746353379,1.0,1.0,1.0,"[(4.0, 7.999999999999986)]",4.049999999999986,True,21.68240283019626,23.270053646242953,True
900,61.2,12.7,0.00019999999999999998,0.00013,"[4.0, 8.0]",25.101855238265827,7.999999999999986,24.307398452725106,24.315962766444027,1.5890855310217944,0.38589948971556165,1.0,1.0,1.0,"[(4.0, 7.999999999999986)]",4.049999999999986,True,23.512769707244033,25.101855238265827,True
950,64.6,12.850000000000001,0.00019999999999999998,0.00017999999999999998,"[4.0, 8.0]",31.81703434386046,7.999999999999986,31.036927252388505,31.028222141837066,1.5902000220128976,0.3756307412519932,1.0,1.0,1.0,"[(4.0, 7.999999999999986)]",4.049999999999986,True,30.226834321847562,31.81703434386046,True
950,64.6,12.75,0.000225,0.00013,"[4.0, 8.0]",29.69832450989155,7.999999999999986,28.8741168369043,28.861882768480818,1.5902049265749767,0.4016047360525451,1.0,1.0,1.0,"[(4.0, 7.999999999999986)]",4.049999999999986,True,28.108119583316572,29.69832450989155,True
950,64.6,12.850000000000001,0.00017499999999999997,0.00019999999999999998,"[4.0, 8.0]",27.34592844146704,4.199999999999999,26.486230965848684,26.457803451417384,1.590854847442042,0.41010676218112446,1.0,1.0,1.0,"[(4.0, 7.999999999999986)]",4.049999999999986,True,25.755073594025,27.34592844146704,True
800,54.4,12.8,0.00019999999999999998,0.00019999999999999998,"[4.0, 8.0]",29.055333162358814,7.949999999999986,28.408128287062162,28.328455616724813,1.593128455630577,0.37307788743028036,1.0,1.0,1.0,"[(4.0, 7.999999999999986)]",4.049999999999986,True,27.462204706728237,29.055333162358814,True
850,57.8,12.649999999999999,0.00019999999999999998,0.00015,"[4.0, 8.0]",26.563825160560288,7.499999999999988,25.97778317332522,25.89115000153455,1.5987799494705577,0.3491759480642568,1.0,1.0,1.0,"[(4.0, 7.999999999999986)]",4.049999999999986,True,24.96504521108973,26.563825160560288,True
900,61.2,12.75,0.00019999999999999998,0.00015,"[4.0, 8.0]",28.30420832877263,7.999999999999986,27.50757932646119,27.487339823717647,1.5990316201355377,0.3662804396658774,1.0,1.0,1.0,"[(4.0, 7.999999999999986)]",4.049999999999986,True,26.705176708637094,28.30420832877263,True
1000,68.0,12.649999999999999,0.00017499999999999997,0.00013,"[4.0, 8.0]",23.396249031702432,7.849999999999986,22.621551153965367,22.611779218315426,1.5999187048085872,0.40464690550140786,1.0,1.0,1.0,"[(4.0, 7.999999999999986)]",4.049999999999986,True,21.796330326893845,23.396249031702432,True
1000,68.0,12.649999999999999,0.00019999999999999998,0.00013,"[4.0, 8.0]",28.150699439228504,7.849999999999986,27.35892455304253,27.40525611817319,1.6008934536755959,0.3536949245754612,1.0,1.0,1.0,"[(4.0, 7.999999999999986)]",4.049999999999986,True,26.549805985552908,28.150699439228504,True
950,64.6,12.7,0.00025,9.999999999999999e-05,"[4.0, 8.0]",27.913149048148277,4.199999999999999,27.08103813206147,27.061924089770738,1.609166676253512,0.4186442682485827,1.0,1.0,1.0,"[(4.0, 7.999999999999986)]",4.049999999999986,True,26.303982371894765,27.913149048148277,True
850,57.8,12.649999999999999,0.000225,9.999999999999999e-05,"[4.0, 8.0]",20.560079076636136,4.0,19.718031485860216,19.739569543653545,1.6093071009468787,0.40664066735962506,1.0,1.0,0.2345679012345679,"[(4.0, 7.999999999999986)]",4.049999999999986,True,18.950771975689257,20.560079076636136,True
800,54.4,12.900000000000002,0.00019999999999999998,0.00017999999999999998,"[4.0, 8.0]",25.728516682314503,4.1,24.801915328424354,24.86580672510946,1.6105582037196022,0.4116626447237299,1.0,1.0,1.0,"[(4.0, 7.999999999999986)]",4.049999999999986,True,24.1179584785949,25.728516682314503,True
850,57.8,12.8,0.00017499999999999997,0.00016999999999999999,"[4.0, 8.0]",22.848425182943764,4.0,22.004746891497014,22.013028389883328,1.6131554176955127,0.408531738159332,1.0,1.0,1.0,"[(4.0, 7.999999999999986)]",4.049999999999986,True,21.23526976524825,22.848425182943764,True
850,57.8,12.900000000000002,0.00019999999999999998,0.00017999999999999998,"[4.0, 8.0]",28.50880554761197,7.949999999999986,27.652657075389275,27.654107885232783,1.6148875434254784,0.4012056988438114,1.0,1.0,1.0,"[(4.0, 7.999999999999986)]",4.049999999999986,True,26.893918004186492,28.50880554761197,True
850,57.8,12.649999999999999,0.00025,0.00011999999999999999,"[4.0, 8.0]",28.96466915092268,7.949999999999986,28.240465075004792,28.244889389700745,1.6155184307168682,0.3661009995958422,1.0,1.0,1.0,"[(4.0, 7.999999999999986)]",4.049999999999986,True,27.349150720205813,28.96466915092268,True
800,54.4,12.850000000000001,0.000225,0.00016999999999999999,"[4.0, 8.0]",32.45138847933818,7.949999999999986,31.590384326859102,31.51529528281635,1.621402883070619,0.3867857749019283,1.0,1.0,1.0,"[(4.0, 7.999999999999986)]",4.049999999999986,True,30.82998559626756,32.45138847933818,True
850,57.8,12.8,0.000225,0.00015,"[4.0, 8.0]",30.792948013490626,7.949999999999986,29.90348137215166,29.91909029093587,1.621607928162291,0.37149884225305635,1.0,1.0,1.0,"[(4.0, 7.999999999999986)]",4.049999999999986,True,29.171340085328335,30.792948013490626,True
1000,68.0,12.649999999999999,0.00017499999999999997,0.00016999999999999999,"[4.0, 8.0]",29.31840806826358,7.599999999999987,28.665486047454753,28.672597493032544,1.6317173515499803,0.37218820663153296,1.0,1.0,1.0,"[(4.0, 7.999999999999986)]",4.049999999999986,True,27.6866907167136,29.31840806826358,True
900,61.2,12.7,0.000225,0.00013,"[4.0, 8.0]",29.64306163303899,7.999999999999986,28.813677299393937,28.777582551363643,1.6347173322072415,0.37464784466594564,1.0,1.0,1.0,"[(4.0, 7.999999999999986)]",4.049999999999986,True,28.008344300831748,29.64306163303899,True
1000,68.0,12.75,0.00017499999999999997,0.00017999999999999998,"[4.0, 8.0]",28.634958504508795,7.849999999999986,27.832471267812913,27.850941517764987,1.6350788228646849,0.37036426233215314,1.0,1.0,1.0,"[(4.0, 7.999999999999986)]",4.049999999999986,True,26.99987968164411,28.634958504508795,True
850,57.8,12.900000000000002,0.00017499999999999997,0.00019999999999999998,"[4.0, 8.0]",23.832629405958027,4.0,22.939460828667247,22.939270811408594,1.6396766073558986,0.4237261622725635,1.0,1.0,1.0,"[(4.0, 7.999999999999986)]",4.049999999999986,True,22.19295279860213,23.832629405958027,True
900,61.2,12.75,0.00019999999999999998,0.00016999999999999999,"[4.0, 8.0]",31.31511152967674,7.999999999999986,30.57265347504429,30.53992478500455,1.6406816898622054,0.3870498930960726,1.0,1.0,1.0,"[(4.0, 7.999999999999986)]",4.049999999999986,True,29.674429839814536,31.31511152967674,True
800,54.4,12.8,0.00017499999999999997,0.00016999999999999999,"[4.0, 8.0]",20.49124931737441,4.1,19.52041505303646,19.591958032025744,1.6488742151939313,0.42159118426049513,1.0,1.0,0.12345679012345678,"[(4.0, 7.999999999999986)]",4.049999999999986,True,18.84237510218048,20.49124931737441,True
800,54.4,12.850000000000001,0.00019999999999999998,0.00019999999999999998,"[4.0, 8.0]",29.930984279376727,7.949999999999986,29.234880540293045,29.16033324448871,1.654607551910967,0.379281070548981,1.0,1.0,1.0,"[(4.0, 7.999999999999986)]",4.049999999999986,True,28.27637672746576,29.930984279376727,True
950,64.6,12.75,0.000225,0.00014,"[4.0, 8.0]",31.9716036022677,7.999999999999986,31.106435412839474,31.14719925481704,1.6575762354965207,0.35301324731593137,1.0,1.0,1.0,"[(4.0, 7.999999999999986)]",4.049999999999986,True,30.314027366771178,31.9716036022677,True
800,54.4,12.7,0.00019999999999999998,0.00011999999999999999,"[4.0, 8.0]",19.22117673303669,4.1,18.235551206216215,18.301623013549982,1.6674208787740454,0.4319951874361172,1.0,1.0,0.0,"[(4.0, 7.999999999999986)]",4.049999999999986,True,17.553755854262644,19.22117673303669,True
800,54.4,12.900000000000002,0.00017499999999999997,0.00019999999999999998,"[4.0, 8.0]",21.712822705741402,4.1,20.72452135145246,20.77938063061115,1.6692713270204464,0.4257604089769268,1.0,1.0,1.0,"[(4.0, 7.999999999999986)]",4.049999999999986,True,20.043551378720956,21.712822705741402,True
900,61.2,12.7,0.000225,0.00011999999999999999,"[4.0, 8.0]",27.338916292120498,7.999999999999986,26.487949064019425,26.471281408424016,1.675134703161195,0.3848008376673645,1.0,1.0,1.0,"[(4.0, 7.999999999999986)]",4.049999999999986,True,25.663781588959303,27.338916292120498,True
900,61.2,12.8,0.00019999999999999998,0.00017999999999999998,"[4.0, 8.0]",32.198519990713564,7.999999999999986,31.383884865399786,31.35458586816988,1.6802887022737565,0.38935381965360893,1.0,1.0,1.0,"[(4.0, 7.999999999999986)]",4.049999999999986,True,30.518231288439807,32.198519990713564,True
850,57.8,12.649999999999999,0.00017499999999999997,0.00016999999999999999,"[4.0, 8.0]",24.111371532371603,7.499999999999988,23.544302206037727,23.46062577256527,1.681499666330204,0.3597511414497867,1.0,1.0,1.0,"[(4.0, 7.999999999999986)]",4.049999999999986,True,22.4298718660414,24.111371532371603,True
800,54.4,12.649999999999999,0.00025,0.00011999999999999999,"[4.0, 8.0]",29.579108321481563,7.949999999999986,28.92199558584561,28.89462703834465,1.6820595427952654,0.40321206780288055,1.0,1.0,1.0,"[(4.0, 7.999999999999986)]",4.049999999999986,True,27.897048778686298,29.579108321481563,True
1000,68.0,12.649999999999999,0.00019999999999999998,0.00011999999999999999,"[4.0, 8.0]",25.988996526554708,7.849999999999986,25.175846236195444,25.206860418766055,1.683193501574312,0.39239409587959007,1.0,1.0,1.0,"[(4.0, 7.999999999999986)]",4.049999999999986,True,24.305803024980396,25.988996526554708,True
900,61.2,12.8,0.00019999999999999998,0.00016999999999999999,"[4.0, 8.0]",30.812042191578403,7.999999999999986,29.981378980094117,29.937663932219465,1.689878548879257,0.36904325798311943,1.0,1.0,1.0,"[(4.0, 7.999999999999986)]",4.049999999999986,True,29.122163642699146,30.812042191578403,True
850,57.8,12.75,0.00019999999999999998,0.00016999999999999999,"[4.0, 8.0]",29.992549851600565,7.849999999999986,29.32380480408455,29.294424920995038,1.6901151069503193,0.36534227555015886,1.0,1.0,1.0,"[(4.0, 7.999999999999986)]",4.049999999999986,True,28.302434744650245,29.992549851600565,True
950,64.6,12.649999999999999,0.00017499999999999997,0.00016999999999999999,"[4.0, 8.0]",29.260529557375502,6.649999999999991,28.60062249917082,28.562778768957013,1.6918092675040697,0.38349608459008655,1.0,1.0,1.0,"[(4.0, 7.999999999999986)]",4.049999999999986,True,27.568720289871433,29.260529557375502,True
950,64.6,12.8,0.00019999999999999998,0.00015999999999999999,"[4.0, 8.0]",29.26306967218546,4.199999999999999,28.32988043974856,28.281843508833138,1.6957714201889473,0.4379934459524909,1.0,1.0,1.0,"[(4.0, 7.999999999999986)]",4.049999999999986,True,27.56729825199651,29.26306967218546,True
850,57.8,12.75,0.000225,0.00011999999999999999,"[4.0, 8.0]",25.921832873228592,4.0,25.044715209123055,25.066191150233,1.696662792972976,0.41855458454278294,1.0,1.0,1.0,"[(4.0, 7.999999999999986)]",4.049999999999986,True,24.225170080255616,25.921832873228592,True
900,61.2,12.75,0.00019999999999999998,0.00014,"[4.0, 8.0]",26.494651801735337,7.999999999999986,25.64549782698989,25.658501782543045,1.701632603160867,0.4085669748434394,1.0,1.0,1.0,"[(4.0, 7.999999999999986)]",4.049999999999986,True,24.79301919857447,26.494651801735337,True
950,64.6,12.75,0.00017499999999999997,0.00015999999999999999,"[4.0, 8.0]",25.18084809000833,4.199999999999999,24.247496536429814,24.204352735799084,1.702326960782809,0.4249908782672444,1.0,1.0,1.0,"[(4.0, 7.999999999999986)]",4.049999999999986,True,23.47852112922552,25.18084809000833,True
800,54.4,12.7,0.00025,0.00014,"[4.0, 8.0]",31.022448684977153,7.949999999999986,30.232714115910266,30.190855711908647,1.7055293781151946,0.4047978099198155,1.0,1.0,1.0,"[(4.0, 7.999999999999986)]",4.049999999999986,True,29.31691930686196,31.022448684977153,True
850,57.8,12.8,0.00019999999999999998,0.00015,"[4.0, 8.0]",25.655871014649296,4.0,24.751897116840667,24.778351805121098,1.71493001486823,0.4233268626424732,1.0,1.0,1.0,"[(4.0, 7.999999999999986)]",4.049999999999986,True,23.940940999781066,25.655871014649296,True
900,61.2,12.8,0.00017499999999999997,0.00016999999999999999,"[4.0, 8.0]",24.589742265626082,4.299999999999999,23.746267669742025,23.78184813975289,1.7174836605022286,0.42077105224384953,1.0,1.0,1.0,"[(4.0, 7.999999999999986)]",4.049999999999986,True,22.872258605123854,24.589742265626082,True
800,54.4,12.900000000000002,0.000225,0.00015999999999999999,"[4.0, 8.0]",28.099847253007198,4.1,27.14822464568011,27.1696740107648,1.7189452711175228,0.426147636614128,1.0,1.0,1.0,"[(4.0, 7.999999999999986)]",4.049999999999986,True,26.380901981889675,28.099847253007198,True
950,64.6,12.8,0.00019999999999999998,0.00019999999999999998,"[4.0, 8.0]",34.73657459551386,7.999999999999986,33.97786966652999,34.04468835534192,1.7241235057113826,0.3867435587343053,1.0,1.0,1.0,"[(4.0, 7.999999999999986)]",4.049999999999986,True,33.012451089802475,34.73657459551386,True
800,54.4,12.7,0.00025,9.999999999999999e-05,"[4.0, 8.0]",21.467041418836317,4.1,20.467473853010134,20.50494497356446,1.7269383845454733,0.43913396017116857,1.0,1.0,0.8024691358024691,"[(4.0, 7.999999999999986)]",4.049999999999986,True,19.740103034290843,21.467041418836317,True
850,57.8,12.850000000000001,0.000225,0.00016999999999999999,"[4.0, 8.0]",32.37607372478516,7.949999999999986,31.41118377716944,31.414447520917438,1.7293467133212523,0.38927521743434357,1.0,1.0,1.0,"[(4.0, 7.999999999999986)]",4.049999999999986,True,30.646727011463906,32.37607372478516,True
850,57.8,12.8,0.000225,0.00015999999999999999,"[4.0, 8.0]",32.635062329164136,7.949999999999986,31.711852425698716,31.738508962915752,1.732425880865545,0.39445791294125293,1.0,1.0,1.0,"[(4.0, 7.999999999999986)]",4.049999999999986,True,30.90263644829859,32.635062329164136,True
950,64.6,12.649999999999999,0.00019999999999999998,9.999999999999999e-05,"[4.0, 8.0]",22.230574251473247,4.199999999999999,21.26968004821503,21.236787199074417,1.7332028184480883,0.4379426642916092,1.0,1.0,1.0,"[(4.0, 7.999999999999986)]",4.049999999999986,True,20.497371433025158,22.230574251473247,True
850,57.8,12.75,0.00025,0.00011999999999999999,"[4.0, 8.0]",30.093039162311484,7.949999999999986,29.164179696502433,29.134400215102247,1.7332861397890866,0.3840848851993146,1.0,1.0,1.0,"[(4.0, 7.999999999999986)]",4.049999999999986,True,28.359753022522398,30.093039162311484,True
800,54.4,12.75,0.00019999999999999998,0.00017999999999999998,"[4.0, 8.0]",29.105778489819393,6.9499999999999895,28.519588154230753,28.461871783096253,1.7334084334248203,0.40850420444373964,1.0,1.0,1.0,"[(4.0, 7.999999999999986)]",4.049999999999986,True,27.372370056394573,29.105778489819393,True
900,61.2,12.8,0.00019999999999999998,0.00015999999999999999,"[4.0, 8.0]",29.28006801695099,7.999999999999986,28.426836114847802,28.413819638249308,1.735235518000426,0.3824634708062625,1.0,1.0,1.0,"[(4.0, 7.999999999999986)]",4.049999999999986,True,27.544832498950566,29.28006801695099,True
800,54.4,12.75,0.00017499999999999997,0.00019999999999999998,"[4.0, 8.0]",24.369581554536055,6.499999999999991,23.774495586094808,23.7225897470038,1.7423609257362145,0.4013591267239848,1.0,1.0,1.0,"[(4.0, 7.999999999999986)]",4.049999999999986,True,22.62722062879984,24.369581554536055,True
850,57.8,12.7,0.00019999999999999998,0.00016999999999999999,"[4.0, 8.0]",29.21881043005706,7.499999999999988,28.5891325201608,28.54138770296411,1.7439167531456548,0.37262533622518657,1.0,1.0,1.0,"[(4.0, 7.999999999999986)]",4.049999999999986,True,27.474893676911407,29.21881043005706,True
900,61.2,12.7,0.000225,0.00014,"[4.0, 8.0]",31.771067656708603,7.999999999999986,30.917240796737943,30.872355108176496,1.7456002791575997,0.41770010355360826,1.0,1.0,1.0,"[(4.0, 7.999999999999986)]",4.049999999999986,True,30.025467377551003,31.771067656708603,True
950,64.6,12.7,0.00019999999999999998,0.00011999999999999999,"[4.0, 8.0]",25.341320927185052,4.199999999999999,24.372111825141587,24.33989181575598,1.7462839323672767,0.4421202997245357,1.0,1.0,1.0,"[(4.0, 7.999999999999986)]",4.049999999999986,True,23.595036994817775,25.341320927185052,True
900,61.2,12.75,0.00017499999999999997,0.00019999999999999998,"[4.0, 8.0]",27.83782558847392,7.549999999999987,27.189250369671505,27.17739837778909,1.7472961531729005,0.38739710717743886,1.0,1.0,1.0,"[(4.0, 7.999999999999986)]",4.049999999999986,True,26.09052943530102,27.83782558847392,True
1000,68.0,12.75,0.00017499999999999997,0.00016999999999999999,"[4.0, 8.0]",27.430833972698842,7.849999999999986,26.602244085899656,26.61739540393416,1.7476147601028522,0.421915696669116,1.0,1.0,1.0,"[(4.0, 7.999999999999986)]",4.049999999999986,True,25.68321921259599,27.430833972698842,True
850,57.8,12.649999999999999,0.000225,0.00014,"[4.0, 8.0]",29.351679394795887,7.499999999999988,28.693060667517543,28.672016360594515,1.7507609456957347,0.3792567559710276,1.0,1.0,1.0,"[(4.0, 7.999999999999986)]",4.049999999999986,True,27.600918449100153,29.351679394795887,True
900,61.2,12.900000000000002,0.00017499999999999997,0.00019999999999999998,"[4.0, 8.0]",25.73038889379134,7.999999999999986,24.857140255417608,24.89316100628892,1.7519027935384663,0.422706057302341,1.0,1.0,1.0,"[(4.0, 7.999999999999986)]",4.049999999999986,True,23.978486100252873,25.73038889379134,True
800,54.4,12.8,0.000225,0.00017999999999999998,"[4.0, 8.0]",32.47513611286637,7.949999999999986,31.671940507372007,31.635354230850055,1.7523095047790953,0.4074505632798085,1.0,1.0,1.0,"[(4.0, 7.999999999999986)]",4.049999999999986,True,30.722826608087278,32.47513611286637,True
950,64.6,12.850000000000001,0.00019999999999999998,0.00016999999999999999,"[4.0, 8.0]",30.400849099281487,4.199999999999999,29.45584316787015,29.3945449191024,1.7523904264280397,0.44829964074196,1.0,1.0,1.0,"[(4.0, 7.999999999999986)]",4.049999999999986,True,28.648458672853447,30.400849099281487,True
800,54.4,12.850000000000001,0.00017499999999999997,0.00016999999999999999,"[4.0, 8.0]",21.085715335421384,4.1,20.035187918399153,20.087956507371906,1.7586614688781843,0.44261669897577455,1.0,1.0,0.5925925925925926,"[(4.0, 7.999999999999986)]",4.049999999999986,True,19.3270538665432,21.085715335421384,True
950,64.6,12.75,0.00019999999999999998,0.00014,"[4.0, 8.0]",27.284545725907,4.199999999999999,26.299884962594593,26.263614331430336,1.7623528632529677,0.450468341712373,1.0,1.0,1.0,"[(4.0, 7.999999999999986)]",4.049999999999986,True,25.522192862654034,27.284545725907,True
850,57.8,12.850000000000001,0.000225,0.00015999999999999999,"[4.0, 8.0]",30.533240376947614,7.949999999999986,29.599724394438706,29.583670292131337,1.762851103446792,0.39764041957327734,1.0,1.0,1.0,"[(4.0, 7.999999999999986)]",4.049999999999986,True,28.77038927350082,30.533240376947614,True
900,61.2,12.75,0.00017499999999999997,0.00015,"[4.0, 8.0]",22.936291061165694,4.299999999999999,22.03457959492367,22.064546182221633,1.7645544654231742,0.4440003123329439,1.0,1.0,1.0,"[(4.0, 7.999999999999986)]",4.049999999999986,True,21.17173659574252,22.936291061165694,True
950,64.6,12.900000000000002,0.00019999999999999998,0.00017999999999999998,"[4.0, 8.0]",31.691779118992894,4.199999999999999,30.811048745070135,30.765376025712264,1.7666412520384966,0.4402321392361436,1.0,1.0,1.0,"[(4.0, 7.999999999999986)]",4.049999999999986,True,29.925137866954397,31.691779118992894,True
800,54.4,12.8,0.00019999999999999998,0.00015,"[4.0, 8.0]",22.831846964970488,4.1,21.793828647457783,21.836531297269683,1.766919878911203,0.44167747235810834,1.0,1.0,1.0,"[(4.0, 7.999999999999986)]",4.049999999999986,True,21.064927086059285,22.831846964970488,True
950,64.6,12.7,0.000225,0.00014,"[4.0, 8.0]",33.98349567350095,7.999999999999986,33.095582854261345,33.16326316478684,1.7675741133821532,0.4179831957180608,1.0,1.0,1.0,"[(4.0, 7.999999999999986)]",4.049999999999986,True,32.215921560118794,33.98349567350095,True
800,54.4,12.649999999999999,0.00019999999999999998,0.00015,"[4.0, 8.0]",26.643905576672392,6.499999999999991,26.048447277316622,25.998751394047986,1.771346686527334,0.40847139509001357,1.0,1.0,1.0,"[(4.0, 7.999999999999986)]",4.049999999999986,True,24.872558890145058,26.643905576672392,True
850,57.8,12.75,0.00019999999999999998,0.00013,"[4.0, 8.0]",23.725037293062687,4.0,22.758393995679725,22.76660476214676,1.7733291136818856,0.4340262718376652,1.0,1.0,1.0,"[(4.0, 7.999999999999986)]",4.049999999999986,True,21.9517081793808,23.725037293062687,True
900,61.2,12.649999999999999,0.000225,0.00013,"[4.0, 8.0]",30.483366534432818,7.549999999999987,29.746702915122924,29.72979499018863,1.7740131424469183,0.40956836076439285,1.0,1.0,1.0,"[(4.0, 7.999999999999986)]",4.049999999999986,True,28.7093533919859,30.483366534432818,True
850,57.8,12.850000000000001,0.00019999999999999998,0.00016999999999999999,"[4.0, 8.0]",26.7738074113516,4.0,25.840593878886487,25.848784027739168,1.7753172317111066,0.4321771492678602,1.0,1.0,1.0,"[(4.0, 7.999999999999986)]",4.049999999999986,True,24.998490179640495,26.7738074113516,True
950,64.6,12.850000000000001,0.00019999999999999998,0.00019999999999999998,"[4.0, 8.0]",34.415002852885046,7.999999999999986,33.59862503993097,33.648997801700006,1.7785317437743728,0.3618122377866593,1.0,1.0,1.0,"[(4.0, 7.999999999999986)]",4.049999999999986,True,32.63647110911067,34.415002852885046,True
1000,68.0,12.8,0.00017499999999999997,0.00017999999999999998,"[4.0, 8.0]",28.805806117488217,7.849999999999986,27.951781263611995,27.956241608752,1.780158020333765,0.41511509761143967,1.0,1.0,1.0,"[(4.0, 7.999999999999986)]",4.049999999999986,True,27.025648097154452,28.805806117488217,True
850,57.8,12.7,0.000225,0.00015,"[4.0, 8.0]",31.12565450800824,7.949999999999986,30.37446010603322,30.370637435106893,1.7846405015652351,0.38780900918293226,1.0,1.0,1.0,"[(4.0, 7.999999999999986)]",4.049999999999986,True,29.341014006443004,31.12565450800824,True
1000,68.0,12.649999999999999,0.00019999999999999998,0.00015,"[4.0, 8.0]",31.931593709983595,7.849999999999986,31.111677512200217,31.15158255253079,1.7847364016881357,0.4110766715235262,1.0,1.0,1.0,"[(4.0, 7.999999999999986)]",4.049999999999986,True,30.14685730829546,31.931593709983595,True
1000,68.0,12.850000000000001,0.00017499999999999997,0.00019999999999999998,"[4.0, 8.0]",29.74660255831264,7.849999999999986,28.880850106074675,28.90752382079914,1.786559015361572,0.4002191068003292,1.0,1.0,1.0,"[(4.0, 7.999999999999986)]",4.049999999999986,True,27.96004354295107,29.74660255831264,True
950,64.6,12.8,0.00017499999999999997,0.00017999999999999998,"[4.0, 8.0]",26.124693074883933,4.199999999999999,25.135818806958316,25.10961577878802,1.7888319087100548,0.44808943877478896,1.0,1.0,1.0,"[(4.0, 7.999999999999986)]",4.049999999999986,True,24.335861166173878,26.124693074883933,True
900,61.2,12.850000000000001,0.00019999999999999998,0.00017999999999999998,"[4.0, 8.0]",31.767857439743477,7.999999999999986,30.884420071558793,30.831678923429227,1.802966354983841,0.37987455861387515,1.0,1.0,1.0,"[(4.0, 7.999999999999986)]",4.049999999999986,True,29.964891084759635,31.767857439743477,True
800,54.4,12.75,0.000225,0.00015999999999999999,"[4.0, 8.0]",32.05679852568028,7.949999999999986,31.326671095140917,31.308052407774905,1.8070012920076053,0.42311106658956055,1.0,1.0,1.0,"[(4.0, 7.999999999999986)]",4.049999999999986,True,30.249797233672673,32.05679852568028,True
900,61.2,12.850000000000001,0.00017499999999999997,0.00017999999999999998,"[4.0, 8.0]",25.03370076338173,4.299999999999999,24.125725090511295,24.14713553966201,1.8107832187652235,0.4440732604456129,1.0,1.0,1.0,"[(4.0, 7.999999999999986)]",4.049999999999986,True,23.222917544616507,25.03370076338173,True
950,64.6,12.75,0.00019999999999999998,0.00019999999999999998,"[4.0, 8.0]",35.78691887001889,7.999999999999986,35.063593856440676,35.24517604898109,1.814202959006522,0.4908816031199513,1.0,1.0,1.0,"[(4.0, 7.999999999999986)]",4.049999999999986,True,33.972715911012365,35.78691887001889,True
900,61.2,12.75,0.000225,0.00013,"[4.0, 8.0]",29.255971466984647,7.999999999999986,28.326858563301823,28.316038355037318,1.8151328992927027,0.4030126533184106,1.0,1.0,1.0,"[(4.0, 7.999999999999986)]",4.049999999999986,True,27.440838567691944,29.255971466984647,True
900,61.2,12.8,0.00019999999999999998,0.00015,"[4.0, 8.0]",27.618838779936343,7.999999999999986,26.727115949381034,26.74749333509545,1.8178897049494758,0.4337867986546357,1.0,1.0,1.0,"[(4.0, 7.999999999999986)]",4.049999999999986,True,25.800949074986868,27.618838779936343,True
900,61.2,12.7,0.00019999999999999998,0.00011999999999999999,"[4.0, 8.0]",23.134681318273028,4.1,22.1932823098378,22.21512465318986,1.8219599955511576,0.45585375213393664,1.0,1.0,1.0,"[(4.0, 7.999999999999986)]",4.049999999999986,True,21.31272132272187,23.134681318273028,True
900,61.2,12.850000000000001,0.00019999999999999998,0.00016999999999999999,"[4.0, 8.0]",30.380456639317156,7.999999999999986,29.479983143913508,29.47507366685063,1.8241937408991262,0.39321032952198537,1.0,1.0,1.0,"[(4.0, 7.999999999999986)]",4.049999999999986,True,28.55626289841803,30.380456639317156,True
850,57.8,12.75,0.000225,0.00015,"[4.0, 8.0]",32.33536810658316,7.949999999999986,31.482644836222043,31.498114149888195,1.8252626310152493,0.39981233143648726,1.0,1.0,1.0,"[(4.0, 7.999999999999986)]",4.049999999999986,True,30.51010547556791,32.33536810658316,True
1000,68.0,12.7,0.00019999999999999998,0.00014,"[4.0, 8.0]",31.533496222459885,7.849999999999986,30.626502597492664,30.608657071556806,1.8291842738769546,0.38273783744406503,1.0,1.0,1.0,"[(4.0, 7.999999999999986)]",4.049999999999986,True,29.70431194858293,31.533496222459885,True
850,57.8,12.75,0.00017499999999999997,0.00019999999999999998,"[4.0, 8.0]",26.286162156102066,6.499999999999991,25.67751122454421,25.62634369412493,1.8293683513208165,0.38967891137366606,1.0,1.0,1.0,"[(4.0, 7.999999999999986)]",4.049999999999986,True,24.45679380478125,26.286162156102066,True
950,64.6,12.8,0.000225,0.00015,"[4.0, 8.0]",32.48844395961827,7.999999999999986,31.533888681217427,31.553878575281963,1.833763263433699,0.3840823356291571,1.0,1.0,1.0,"[(4.0, 7.999999999999986)]",4.049999999999986,True,30.654680696184574,32.48844395961827,True
900,61.2,12.649999999999999,0.00019999999999999998,9.999999999999999e-05,"[4.0, 8.0]",19.792390404422385,4.1,18.823069295374502,18.837073568805206,1.835724806002851,0.45938102044270257,1.0,1.0,0.0,"[(4.0, 7.999999999999986)]",4.049999999999986,True,17.956665598419534,19.792390404422385,True
900,61.2,12.75,0.000225,0.00014,"[4.0, 8.0]",31.4748523399239,7.999999999999986,30.534345494497302,30.47820632623887,1.837533676664357,0.4027341050354519,1.0,1.0,1.0,"[(4.0, 7.999999999999986)]",4.049999999999986,True,29.637318663259542,31.4748523399239,True
1000,68.0,12.7,0.00019999999999999998,0.00013,"[4.0, 8.0]",29.48178227132757,7.849999999999986,28.590731226710112,28.60917721118282,1.8389534275638617,0.39153132244072036,1.0,1.0,1.0,"[(4.0, 7.999999999999986)]",4.049999999999986,True,27.64282884376371,29.48178227132757,True
800,54.4,12.850000000000001,0.00019999999999999998,0.00015,"[4.0, 8.0]",23.91686119231352,4.1,22.825206236067444,22.863538938443124,1.8426857547450162,0.4567417386745004,1.0,1.0,1.0,"[(4.0, 7.999999999999986)]",4.049999999999986,True,22.074175437568503,23.91686119231352,True
850,57.8,12.900000000000002,0.000225,0.00015999999999999999,"[4.0, 8.0]",31.204355986091382,7.949999999999986,30.225423180135273,30.200453829976567,1.8462741347250855,0.41598175052664277,1.0,1.0,1.0,"[(4.0, 7.999999999999986)]",4.049999999999986,True,29.358081851366297,31.204355986091382,True
950,64.6,12.900000000000002,0.00019999999999999998,0.00019999999999999998,"[4.0, 8.0]",34.39473862567397,7.999999999999986,33.53830956871163,33.58217988822053,1.8614583377401672,0.36678516918213117,1.0,1.0,1.0,"[(4.0, 7.999999999999986)]",4.049999999999986,True,32.533280287933806,34.39473862567397,True
900,61.2,12.649999999999999,0.00019999999999999998,0.00015,"[4.0, 8.0]",29.56752906151152,7.549999999999987,28.904826594446295,28.903331186984943,1.864447101745693,0.40916014485982194,1.0,1.0,1.0,"[(4.0, 7.999999999999986)]",4.049999999999986,True,27.70308195976583,29.56752906151152,True
800,54.4,12.649999999999999,0.000225,0.00014,"[4.0, 8.0]",29.699993371854543,5.899999999999993,29.065755376465976,29.00838190969622,1.8734509676268516,0.4352920163389395,1.0,1.0,1.0,"[(4.0, 7.999999999999986)]",4.049999999999986,True,27.82654240422769,29.699993371854543,True
850,57.8,12.850000000000001,0.000225,0.00017999999999999998,"[4.0, 8.0]",34.05169783976987,7.949999999999986,33.03404502081343,33.05897405056391,1.8824487880226997,0.42680191035797305,1.0,1.0,1.0,"[(4.0, 7.999999999999986)]",4.049999999999986,True,32.16924905174717,34.05169783976987,True
850,57.8,12.7,0.00019999999999999998,0.00011999999999999999,"[4.0, 8.0]",21.126821582215474,4.0,20.077167558177276,20.07623751618027,1.883345453218638,0.45630895643127667,1.0,1.0,0.5679012345679012,"[(4.0, 7.999999999999986)]",4.049999999999986,True,19.243476128996836,21.126821582215474,True
950,64.6,12.75,0.000225,0.00015,"[4.0, 8.0]",33.934674837773485,7.999999999999986,32.96880139563625,33.0590411735167,1.8846808019130208,0.3974156230357124,1.0,1.0,1.0,"[(4.0, 7.999999999999986)]",4.049999999999986,True,32.049994035860465,33.934674837773485,True
950,64.6,12.75,0.00025,0.00011999999999999999,"[4.0, 8.0]",31.315260681515067,7.999999999999986,30.314795789454315,30.340971893678148,1.889312475140951,0.3963838472133141,1.0,1.0,1.0,"[(4.0, 7.999999999999986)]",4.049999999999986,True,29.425948206374116,31.315260681515067,True
800,54.4,12.75,0.00025,0.00014,"[4.0, 8.0]",32.99714544925951,7.949999999999986,32.06669451316162,32.05394721176032,1.8895255719588455,0.44854647987663904,1.0,1.0,1.0,"[(4.0, 7.999999999999986)]",4.049999999999986,True,31.107619877300667,32.99714544925951,True
1000,68.0,12.7,0.00019999999999999998,0.00015,"[4.0, 8.0]",33.31256865858757,7.849999999999986,32.35853556716496,32.385706787852186,1.8900393843304286,0.42725282386227686,1.0,1.0,1.0,"[(4.0, 7.999999999999986)]",4.049999999999986,True,31.422529274257144,33.31256865858757,True
900,61.2,12.850000000000001,0.00019999999999999998,0.00015999999999999999,"[4.0, 8.0]",28.750069318812525,7.999999999999986,27.825374058877816,27.85209533044764,1.8903224801682228,0.4446547257117533,1.0,1.0,1.0,"[(4.0, 7.999999999999986)]",4.049999999999986,True,26.859746838644302,28.750069318812525,True
800,54.4,12.75,0.00019999999999999998,0.00011999999999999999,"[4.0, 8.0]",20.42653640446399,4.1,19.29095354895964,19.312624423372917,1.8906127708126697,0.4756527487400762,1.0,1.0,0.07407407407407407,"[(4.0, 7.999999999999986)]",4.049999999999986,True,18.535923633651322,20.42653640446399,True
800,54.4,12.900000000000002,0.000225,0.00019999999999999998,"[4.0, 8.0]",34.44174082651394,7.949999999999986,33.48159494225243,33.439494550246195,1.9028206179496223,0.4362061252184443,1.0,1.0,1.0,"[(4.0, 7.999999999999986)]",4.049999999999986,True,32.53892020856432,34.44174082651394,True
950,64.6,12.7,0.00017499999999999997,0.00013,"[4.0, 8.0]",22.664789536924673,4.199999999999999,21.591360826871888,21.534188758887396,1.9046678439576255,0.4787596253966145,1.0,1.0,1.0,"[(4.0, 7.999999999999986)]",4.049999999999986,True,20.760121692967047,22.664789536924673,True
1000,68.0,12.649999999999999,0.000225,0.00011999999999999999,"[4.0, 8.0]",30.253296271769756,7.849999999999986,29.319842439423137,29.288820003286755,1.9066348264091033,0.3940288318129569,1.0,1.0,1.0,"[(4.0, 7.999999999999986)]",4.049999999999986,True,28.346661445360652,30.253296271769756,True
900,61.2,12.7,0.00025,0.00011999999999999999,"[4.0, 8.0]",31.34272021497351,7.999999999999986,30.339461847757825,30.29163905992593,1.9074391190156383,0.43175806447279697,1.0,1.0,1.0,"[(4.0, 7.999999999999986)]",4.049999999999986,True,29.435281095957873,31.34272021497351,True
850,57.8,12.900000000000002,0.000225,0.00017999999999999998,"[4.0, 8.0]",34.67958145594026,7.949999999999986,33.5962134819462,33.626069852598384,1.909170564855124,0.4359925616279726,1.0,1.0,1.0,"[(4.0, 7.999999999999986)]",4.049999999999986,True,32.770410891085135,34.67958145594026,True
900,61.2,12.649999999999999,0.00017499999999999997,0.00016999999999999999,"[4.0, 8.0]",26.72156295021288,7.349999999999988,26.11671790574583,26.141559742769193,1.9092048127334884,0.41369156048902034,1.0,1.0,1.0,"[(4.0, 7.999999999999986)]",4.049999999999986,True,24.812358137479393,26.72156295021288,True
900,61.2,12.7,0.00017499999999999997,0.00013,"[4.0, 8.0]",20.65805748685204,4.1,19.636886227815914,19.640533092434747,1.911870059317824,0.4776976874420827,1.0,1.0,0.2345679012345679,"[(4.0, 7.999999999999986)]",4.049999999999986,True,18.746187427534217,20.65805748685204,True
850,57.8,12.8,0.00019999999999999998,0.00019999999999999998,"[4.0, 8.0]",32.12259117820265,7.499999999999988,31.421616210940993,31.421501758688333,1.9125355189454254,0.4148470264793987,1.0,1.0,1.0,"[(4.0, 7.999999999999986)]",4.049999999999986,True,30.210055659257222,32.12259117820265,True
900,61.2,12.850000000000001,0.00019999999999999998,0.00019999999999999998,"[4.0, 8.0]",34.05932213318311,7.999999999999986,33.198895368960926,33.1950749148695,1.9156757496592292,0.443862644823453,1.0,1.0,1.0,"[(4.0, 7.999999999999986)]",4.049999999999986,True,32.14364638352388,34.05932213318311,True
800,54.4,12.850000000000001,0.000225,0.00017999999999999998,"[4.0, 8.0]",34.000016250137996,7.949999999999986,33.09955300669034,33.070166668689204,1.9165126923781841,0.4396356936453223,1.0,1.0,1.0,"[(4.0, 7.999999999999986)]",4.049999999999986,True,32.08350355775981,34.000016250137996,True
850,57.8,12.850000000000001,0.000225,0.00015,"[4.0, 8.0]",28.62445685447338,4.0,27.63022659679346,27.63958985071307,1.916767013703467,0.45523224575181587,1.0,1.0,1.0,"[(4.0, 7.999999999999986)]",4.049999999999986,True,26.707689840769913,28.62445685447338,True
950,64.6,12.850000000000001,0.000225,0.00015,"[4.0, 8.0]",32.04774546122501,7.999999999999986,31.053911198920446,31.008904874394766,1.9173616980054327,0.4443097968665146,1.0,1.0,1.0,"[(4.0, 7.999999999999986)]",4.049999999999986,True,30.13038376321958,32.04774546122501,True
900,61.2,12.75,0.000225,0.00011999999999999999,"[4.0, 8.0]",26.82351455794361,7.999999999999986,25.862529063075023,25.88994362094903,1.9189818895195287,0.4666489918691496,1.0,1.0,1.0,"[(4.0, 7.999999999999986)]",4.049999999999986,True,24.904532668424082,26.82351455794361,True
800,54.4,12.75,0.00025,9.999999999999999e-05,"[4.0, 8.0]",23.063833051752354,4.1,21.93997501935642,21.976787827720827,1.9211317982419267,0.4763863778338537,1.0,1.0,1.0,"[(4.0, 7.999999999999986)]",4.049999999999986,True,21.142701253510428,23.063833051752354,True
850,57.8,12.75,0.00019999999999999998,0.00017999999999999998,"[4.0, 8.0]",31.220131636507006,7.499999999999988,30.54550963242755,30.540781438429832,1.9236602674715364,0.4114487682054155,1.0,1.0,1.0,"[(4.0, 7.999999999999986)]",4.049999999999986,True,29.29647136903547,31.220131636507006,True
900,61.2,12.7,0.00025,9.999999999999999e-05,"[4.0, 8.0]",25.758041521353995,7.999999999999986,24.791741363042245,24.792117908640357,1.9261182661607812,0.45712069841417696,1.0,1.0,1.0,"[(4.0, 7.999999999999986)]",4.049999999999986,True,23.831923255193214,25.758041521353995,True
900,61.2,12.75,0.00019999999999999998,0.00017999999999999998,"[4.0, 8.0]",32.66877036380538,7.549999999999987,31.892576361471633,31.870577864509883,1.9278898046993227,0.4360485873337271,1.0,1.0,1.0,"[(4.0, 7.999999999999986)]",4.049999999999986,True,30.740880559106056,32.66877036380538,True
900,61.2,12.900000000000002,0.00019999999999999998,0.00017999999999999998,"[4.0, 8.0]",30.960542400560954,7.999999999999986,30.022164339837538,30.019666540244966,1.9298550240557226,0.4102433511518958,1.0,1.0,1.0,"[(4.0, 7.999999999999986)]",4.049999999999986,True,29.03068737650523,30.960542400560954,True
850,57.8,12.7,0.00025,9.999999999999999e-05,"[4.0, 8.0]",23.525882948507466,4.0,22.483807967285703,22.47284024289684,1.9299018712536373,0.4600353833366119,1.0,1.0,1.0,"[(4.0, 7.999999999999986)]",4.049999999999986,True,21.59598107725383,23.525882948507466,True
800,54.4,12.7,0.000225,0.00016999999999999999,"[4.0, 8.0]",31.9542410065542,7.7999999999999865,31.296523901545473,31.276719062442343,1.9348471454120642,0.46044914814756915,1.0,1.0,1.0,"[(4.0, 7.999999999999986)]",4.049999999999986,True,30.019393861142134,31.9542410065542,True
900,61.2,12.900000000000002,0.00019999999999999998,0.00019999999999999998,"[4.0, 8.0]",33.45960738109126,7.999999999999986,32.55282674645153,32.523597873064936,1.935967591756718,0.40221204736071997,1.0,1.0,1.0,"[(4.0, 7.999999999999986)]",4.049999999999986,True,31.523639789334542,33.45960738109126,True
800,54.4,12.649999999999999,0.00017499999999999997,0.00016999999999999999,"[4.0, 8.0]",23.790719315221423,6.499999999999991,23.139576554173374,23.12855168257306,1.9396666098964772,0.4311633193732251,1.0,1.0,1.0,"[(4.0, 7.999999999999986)]",4.049999999999986,True,21.851052705324946,23.790719315221423,True
900,61.2,12.7,0.00019999999999999998,0.00016999999999999999,"[4.0, 8.0]",31.72737109999323,7.549999999999987,30.992561803231116,30.98323604829872,1.9414702595802922,0.43085163858297787,1.0,1.0,1.0,"[(4.0, 7.999999999999986)]",4.049999999999986,True,29.78590084041294,31.72737109999323,True
950,64.6,12.900000000000002,0.00017499999999999997,0.00019999999999999998,"[4.0, 8.0]",27.017532703698286,4.199999999999999,25.907799989499505,25.86072075080548,1.9460796207837063,0.5025309278237212,1.0,1.0,1.0,"[(4.0, 7.999999999999986)]",4.049999999999986,True,25.07145308291458,27.017532703698286,True
1000,68.0,12.7,0.00019999999999999998,0.00011999999999999999,"[4.0, 8.0]",27.233645224594213,4.05,26.297678667298072,26.327546328646697,1.9508869647809277,0.46231438668110586,1.0,1.0,1.0,"[(4.0, 7.999999999999986)]",4.049999999999986,True,25.282758259813285,27.233645224594213,True
950,64.6,12.649999999999999,0.000225,0.00014,"[4.0, 8.0]",35.03835579491328,7.999999999999986,34.143731786685656,34.28352615475514,1.955356602784562,0.5394703405975009,1.0,1.0,1.0,"[(4.0, 7.999999999999986)]",4.049999999999986,True,33.08299919212872,35.03835579491328,True
800,54.4,12.8,0.00017499999999999997,0.00015999999999999999,"[4.0, 8.0]",19.51660105002816,4.1,18.32330549053222,18.329696544688034,1.9686716410616185,0.4894844106290532,1.0,1.0,0.0,"[(4.0, 7.999999999999986)]",4.049999999999986,True,17.547929408966542,19.51660105002816,True
900,61.2,12.75,0.00019999999999999998,0.00013,"[4.0, 8.0]",24.638863051578383,4.1,23.59802507522788,23.606218607309867,1.9798083590967614,0.48854230027706036,1.0,1.0,1.0,"[(4.0, 7.999999999999986)]",4.049999999999986,True,22.65905469248162,24.638863051578383,True
850,57.8,12.8,0.00017499999999999997,0.00015999999999999999,"[4.0, 8.0]",21.92076280106242,4.0,20.79898087000113,20.805503780395135,1.9832073535778996,0.47591847600638826,1.0,1.0,0.9506172839506173,"[(4.0, 7.999999999999986)]",4.049999999999986,True,19.93755544748452,21.92076280106242,True
900,61.2,12.75,0.000225,0.00015,"[4.0, 8.0]",33.42629808869713,7.999999999999986,32.425328024879555,32.37401877764163,1.9836548705522006,0.45843919394889704,1.0,1.0,1.0,"[(4.0, 7.999999999999986)]",4.049999999999986,True,31.44264321814493,33.42629808869713,True
950,64.6,12.75,0.000225,0.00011999999999999999,"[4.0, 8.0]",27.476396264865354,4.199999999999999,26.32832423374711,26.24781237822959,1.9858713378909663,0.521406938123092,1.0,1.0,1.0,"[(4.0, 7.999999999999986)]",4.049999999999986,True,25.490524926974388,27.476396264865354,True
1000,68.0,12.649999999999999,0.000225,9.999999999999999e-05,"[4.0, 8.0]",24.955874201849696,4.05,23.985611397969176,23.994594013496744,1.9947798361316025,0.4754869104648723,1.0,1.0,1.0,"[(4.0, 7.999999999999986)]",4.049999999999986,True,22.961094365718093,24.955874201849696,True
900,61.2,12.8,0.000225,0.00013,"[4.0, 8.0]",28.59903381532995,7.999999999999986,27.59159524427753,27.605700266780687,1.998798709606131,0.478631794451105,1.0,1.0,1.0,"[(4.0, 7.999999999999986)]",4.049999999999986,True,26.60023510572382,28.59903381532995,True
850,57.8,12.8,0.000225,0.00013,"[4.0, 8.0]",26.648697937893857,4.0,25.562485644572114,25.54316522771769,2.0014965632063095,0.47278847958879333,1.0,1.0,1.0,"[(4.0, 7.999999999999986)]",4.049999999999986,True,24.647201374687548,26.648697937893857,True
1000,68.0,12.75,0.00019999999999999998,0.00015999999999999999,"[4.0, 8.0]",31.921399873818853,7.849999999999986,30.94704302567218,30.93292686746766,2.0110213394081455,0.40911107345456604,1.0,1.0,1.0,"[(4.0, 7.999999999999986)]",4.049999999999986,True,29.910378534410707,31.921399873818853,True
900,61.2,12.8,0.00017499999999999997,0.00015999999999999999,"[4.0, 8.0]",23.583101446977487,4.1,22.520769900483128,22.512947080433285,2.013028525297006,0.49275657039033455,1.0,1.0,1.0,"[(4.0, 7.999999999999986)]",4.049999999999986,True,21.57007292168048,23.583101446977487,True
1000,68.0,12.75,0.00019999999999999998,0.00015,"[4.0, 8.0]",30.127012663285697,7.849999999999986,29.174709180036498,29.17143097929571,2.01551854743996,0.44232599185741733,1.0,1.0,1.0,"[(4.0, 7.999999999999986)]",4.049999999999986,True,28.111494115845737,30.127012663285697,True
800,54.4,12.8,0.000225,0.00013,"[4.0, 8.0]",23.62051520443083,4.1,22.417722125639884,22.429901359815354,2.021831744376339,0.4950850819286847,1.0,1.0,1.0,"[(4.0, 7.999999999999986)]",4.049999999999986,True,21.59868346005449,23.62051520443083,True
900,61.2,12.649999999999999,0.00025,0.00011999999999999999,"[4.0, 8.0]",32.0971990015252,7.999999999999986,31.174778074251297,31.1798901486834,2.028470712671762,0.4866472532862741,1.0,1.0,1.0,"[(4.0, 7.999999999999986)]",4.049999999999986,True,30.068728288853436,32.0971990015252,True
850,57.8,12.649999999999999,0.000225,0.00015,"[4.0, 8.0]",31.216265736815323,7.499999999999988,30.498012146805312,30.497028287027565,2.036621641056417,0.4358738329430884,1.0,1.0,1.0,"[(4.0, 7.999999999999986)]",4.049999999999986,True,29.179644095758906,31.216265736815323,True
900,61.2,12.75,0.00025,0.00011999999999999999,"[4.0, 8.0]",31.018349099161355,7.999999999999986,29.93849266685444,29.85355965329041,2.047717714759891,0.43467956505281874,1.0,1.0,1.0,"[(4.0, 7.999999999999986)]",4.049999999999986,True,28.970631384401464,31.018349099161355,True
950,64.6,12.75,0.00017499999999999997,0.00015,"[4.0, 8.0]",23.89667595818063,4.199999999999999,22.716599785030358,22.63956501220457,2.0534533950330527,0.5203059610687599,1.0,1.0,1.0,"[(4.0, 7.999999999999986)]",4.049999999999986,True,21.843222563147577,23.89667595818063,True
900,61.2,12.8,0.000225,0.00015,"[4.0, 8.0]",32.955012418802184,7.999999999999986,31.904776117017583,31.87949656777174,2.056998840446038,0.43174516614941905,1.0,1.0,1.0,"[(4.0, 7.999999999999986)]",4.049999999999986,True,30.898013578356146,32.955012418802184,True
1000,68.0,12.7,0.00017499999999999997,0.00013,"[4.0, 8.0]",24.448784270670586,4.05,23.35736320427214,23.329660351577395,2.0677507888442292,0.496230049549527,1.0,1.0,1.0,"[(4.0, 7.999999999999986)]",4.049999999999986,True,22.381033481826357,24.448784270670586,True
1000,68.0,12.75,0.00019999999999999998,0.00016999999999999999,"[4.0, 8.0]",33.54520003508605,7.849999999999986,32.517979505644284,32.503279400514906,2.068562726314653,0.4293381112144315,1.0,1.0,1.0,"[(4.0, 7.999999999999986)]",4.049999999999986,True,31.476637308771394,33.54520003508605,True
1000,68.0,12.8,0.00017499999999999997,0.00016999999999999999,"[4.0, 8.0]",27.720460762753163,4.05,26.67401194954103,26.675492291141172,2.06998417611587,0.48863397617770465,1.0,1.0,1.0,"[(4.0, 7.999999999999986)]",4.049999999999986,True,25.650476586637293,27.720460762753163,True
950,64.6,12.8,0.000225,0.00015999999999999999,"[4.0, 8.0]",34.39280940110603,7.999999999999986,33.324885131555384,33.40788539182486,2.0700330388504113,0.41107996107088596,1.0,1.0,1.0,"[(4.0, 7.999999999999986)]",4.049999999999986,True,32.32277636225562,34.39280940110603,True
850,57.8,12.8,0.000225,0.00016999999999999999,"[4.0, 8.0]",34.33999537134945,7.949999999999986,33.35191085102801,33.37260270906854,2.072945944318832,0.45752004864793894,1.0,1.0,1.0,"[(4.0, 7.999999999999986)]",4.049999999999986,True,32.26704942703062,34.33999537134945,True
800,54.4,12.75,0.000225,0.00016999999999999999,"[4.0, 8.0]",33.570642474507224,7.949999999999986,32.807024911796574,32.83227036204339,2.0806956938476517,0.487517170101953,1.0,1.0,1.0,"[(4.0, 7.999999999999986)]",4.049999999999986,True,31.489946780659572,33.570642474507224,True
1000,68.0,12.649999999999999,0.00025,9.999999999999999e-05,"[4.0, 8.0]",28.497901068709428,7.849999999999986,27.50489207410728,27.496914827771302,2.082117339455664,0.4227100018157246,1.0,1.0,1.0,"[(4.0, 7.999999999999986)]",4.049999999999986,True,26.415783729253764,28.497901068709428,True
900,61.2,12.7,0.000225,0.00015,"[4.0, 8.0]",33.67195545445738,7.999999999999986,32.744023737180974,32.76587868559665,2.0912379161933075,0.4961934239354011,1.0,1.0,1.0,"[(4.0, 7.999999999999986)]",4.049999999999986,True,31.580717538264075,33.67195545445738,True
950,64.6,12.850000000000001,0.000225,0.00015999999999999999,"[4.0, 8.0]",34.07813622197872,7.999999999999986,32.98806091240137,33.019632843834984,2.0916798328643296,0.40833838562693003,1.0,1.0,1.0,"[(4.0, 7.999999999999986)]",4.049999999999986,True,31.986456389114387,34.07813622197872,True
850,57.8,12.649999999999999,0.00019999999999999998,0.00016999999999999999,"[4.0, 8.0]",29.466436312397963,6.9499999999999895,28.802129076247578,28.788972282557452,2.093006220864467,0.439309835799844,1.0,1.0,1.0,"[(4.0, 7.999999999999986)]",4.049999999999986,True,27.373430091533496,29.466436312397963,True
800,54.4,12.850000000000001,0.00017499999999999997,0.00015999999999999999,"[4.0, 8.0]",20.18874003166619,4.1,18.905414281457684,18.913879222009676,2.0934896621976513,0.5162138926022863,1.0,1.0,0.037037037037037035,"[(4.0, 7.999999999999986)]",4.049999999999986,True,18.095250369468538,20.18874003166619,True
950,64.6,12.7,0.00025,0.00011999999999999999,"[4.0, 8.0]",33.43181007524892,7.999999999999986,32.34818395629531,32.373058478694794,2.0941277250166195,0.44973294122099283,1.0,1.0,1.0,"[(4.0, 7.999999999999986)]",4.049999999999986,True,31.3376823502323,33.43181007524892,True
800,54.4,12.850000000000001,0.000225,0.00013,"[4.0, 8.0]",24.967749304123096,4.1,23.71836895460442,23.72343398675623,2.0965732321642996,0.5101491326138907,1.0,1.0,1.0,"[(4.0, 7.999999999999986)]",4.049999999999986,True,22.871176071958796,24.967749304123096,True
1000,68.0,12.75,0.00017499999999999997,0.00015999999999999999,"[4.0, 8.0]",26.279415800534487,4.05,25.191195006606524,25.178303162036126,2.0968640857366374,0.49861582682667,1.0,1.0,1.0,"[(4.0, 7.999999999999986)]",4.049999999999986,True,24.18255171479785,26.279415800534487,True
1000,68.0,12.649999999999999,0.000225,0.00013,"[4.0, 8.0]",32.52830320692633,7.849999999999986,31.492694812785878,31.526813636829836,2.0982755426080786,0.46470615570485946,1.0,1.0,1.0,"[(4.0, 7.999999999999986)]",4.049999999999986,True,30.430027664318253,32.52830320692633,True
950,64.6,12.649999999999999,0.00019999999999999998,0.00016999999999999999,"[4.0, 8.0]",35.04503670342504,6.69999999999999,34.29952309417056,34.47005757011346,2.114087473160751,0.5328110755504688,1.0,1.0,1.0,"[(4.0, 7.999999999999986)]",4.049999999999986,True,32.93094923026429,35.04503670342504,True
950,64.6,12.8,0.00019999999999999998,0.00015,"[4.0, 8.0]",27.69925666962181,4.199999999999999,26.470526661037162,26.377515881917834,2.1141612093639033,0.546050451563904,1.0,1.0,1.0,"[(4.0, 7.999999999999986)]",4.049999999999986,True,25.585095460257907,27.69925666962181,True
900,61.2,12.850000000000001,0.000225,0.00015,"[4.0, 8.0]",32.57330585892174,7.999999999999986,31.4796459641828,31.41886502991412,2.1280630379649814,0.4400143485136308,1.0,1.0,1.0,"[(4.0, 7.999999999999986)]",4.049999999999986,True,30.44524282095676,32.57330585892174,True
900,61.2,12.649999999999999,0.000225,0.00014,"[4.0, 8.0]",32.534260933742,7.549999999999987,31.700723944665462,31.712933529299,2.129802726822728,0.4857813545237164,1.0,1.0,1.0,"[(4.0, 7.999999999999986)]",4.049999999999986,True,30.40445820691927,32.534260933742,True
850,57.8,12.75,0.000225,0.00015999999999999999,"[4.0, 8.0]",34.038434572780915,7.949999999999986,33.12736664616992,33.15650011659683,2.1366927760732466,0.4686317441523997,1.0,1.0,1.0,"[(4.0, 7.999999999999986)]",4.049999999999986,True,31.901741796707668,34.038434572780915,True
950,64.6,12.7,0.000225,9.999999999999999e-05,"[4.0, 8.0]",24.551585302208156,4.199999999999999,23.306399790948703,23.208914707177716,2.1418385893726786,0.5562843231179884,1.0,1.0,1.0,"[(4.0, 7.999999999999986)]",4.049999999999986,True,22.409746712835478,24.551585302208156,True
950,64.6,12.8,0.00017499999999999997,0.00016999999999999999,"[4.0, 8.0]",25.121911814735345,4.199999999999999,23.884085568749725,23.80103755663791,2.143272694300812,0.5432236411475199,1.0,1.0,1.0,"[(4.0, 7.999999999999986)]",4.049999999999986,True,22.978639120434533,25.121911814735345,True
950,64.6,12.850000000000001,0.00019999999999999998,0.00015999999999999999,"[4.0, 8.0]",28.909027791103835,4.199999999999999,27.64832695011034,27.550519945250183,2.146119112305378,0.5599915958325412,1.0,1.0,1.0,"[(4.0, 7.999999999999986)]",4.049999999999986,True,26.762908678798457,28.909027791103835,True
900,61.2,12.8,0.00019999999999999998,0.00019999999999999998,"[4.0, 8.0]",34.36498160957415,7.549999999999987,33.52737976376975,33.53157200702867,2.1472323973481906,0.48788263116267006,1.0,1.0,1.0,"[(4.0, 7.999999999999986)]",4.049999999999986,True,32.21774921222596,34.36498160957415,True
900,61.2,12.850000000000001,0.00017499999999999997,0.00016999999999999999,"[4.0, 8.0]",24.120861150117847,4.1,22.95890697697277,22.913733623622118,2.15753301967343,0.5244613090317114,1.0,1.0,1.0,"[(4.0, 7.999999999999986)]",4.049999999999986,True,21.963328130444417,24.120861150117847,True
950,64.6,12.900000000000002,0.000225,0.00015999999999999999,"[4.0, 8.0]",34.122614519443374,7.999999999999986,33.000839465794996,33.010416070348036,2.1687677711981017,0.42834610616919117,1.0,1.0,1.0,"[(4.0, 7.999999999999986)]",4.049999999999986,True,31.953846748245272,34.122614519443374,True
850,57.8,12.850000000000001,0.00017499999999999997,0.00017999999999999998,"[4.0, 8.0]",22.45547307983136,4.0,21.213364256529232,21.18596730226122,2.170707739773917,0.5096082528961559,1.0,1.0,1.0,"[(4.0, 7.999999999999986)]",4.049999999999986,True,20.284765340057444,22.45547307983136,True
1000,68.0,12.8,0.00019999999999999998,0.00015,"[4.0, 8.0]",30.631214765819628,7.849999999999986,29.631440149740005,29.66991345397001,2.1708825569940053,0.49606142716946505,1.0,1.0,1.0,"[(4.0, 7.999999999999986)]",4.049999999999986,True,28.460332208825623,30.631214765819628,True
1000,68.0,12.8,0.00019999999999999998,0.00015999999999999999,"[4.0, 8.0]",32.52890662805684,7.849999999999986,31.491493937177534,31.456983694433625,2.1744890273404387,0.4395795984556231,1.0,1.0,1.0,"[(4.0, 7.999999999999986)]",4.049999999999986,True,30.3544176007164,32.52890662805684,True
850,57.8,12.7,0.00025,0.00014,"[4.0, 8.0]",33.412158183644415,7.949999999999986,32.40089418494453,32.39297654495544,2.1762946548717466,0.48683689114062656,1.0,1.0,1.0,"[(4.0, 7.999999999999986)]",4.049999999999986,True,31.23586352877267,33.412158183644415,True
800,54.4,12.649999999999999,0.000225,0.00015,"[4.0, 8.0]",31.52101976980193,5.899999999999993,30.803265438758707,30.796305658761835,2.1866419649273254,0.498445029468339,1.0,1.0,1.0,"[(4.0, 7.999999999999986)]",4.049999999999986,True,29.334377804874606,31.52101976980193,True
1000,68.0,12.75,0.00019999999999999998,0.00017999999999999998,"[4.0, 8.0]",35.016336131249695,7.849999999999986,33.90993809857369,33.940794742137996,2.189878983679492,0.4912072443353587,1.0,1.0,1.0,"[(4.0, 7.999999999999986)]",4.049999999999986,True,32.8264571475702,35.016336131249695,True
850,57.8,12.850000000000001,0.00019999999999999998,0.00015999999999999999,"[4.0, 8.0]",25.49917919235751,4.0,24.24929124746621,24.222639055319355,2.1971478216186995,0.5122697298624714,1.0,1.0,1.0,"[(4.0, 7.999999999999986)]",4.049999999999986,True,23.30203137073881,25.49917919235751,True
950,64.6,12.75,0.00019999999999999998,0.00013,"[4.0, 8.0]",25.418023721616947,4.199999999999999,24.126024494602657,24.02327285272088,2.2013057718282063,0.5708164538278334,1.0,1.0,1.0,"[(4.0, 7.999999999999986)]",4.049999999999986,True,23.21671794978874,25.418023721616947,True
900,61.2,12.850000000000001,0.00019999999999999998,0.00015,"[4.0, 8.0]",27.186619863700283,4.1,26.012185813179315,25.98146546180731,2.207880797317305,0.5337814354562408,1.0,1.0,1.0,"[(4.0, 7.999999999999986)]",4.049999999999986,True,24.97873906638298,27.186619863700283,True
1000,68.0,12.7,0.000225,0.00011999999999999999,"[4.0, 8.0]",31.834645831765794,7.849999999999986,30.751046079125757,30.70236036162026,2.229181132014439,0.43838555077529734,1.0,1.0,1.0,"[(4.0, 7.999999999999986)]",4.049999999999986,True,29.605464699751355,31.834645831765794,True
850,57.8,12.75,0.00019999999999999998,0.00011999999999999999,"[4.0, 8.0]",21.979333751956705,4.0,20.677468201547153,20.666494492878268,2.2332665297241583,0.5285583710158911,1.0,1.0,0.8765432098765432,"[(4.0, 7.999999999999986)]",4.049999999999986,True,19.746067222232547,21.979333751956705,True
950,64.6,12.8,0.000225,0.00013,"[4.0, 8.0]",28.325386936654596,4.199999999999999,27.001760222561195,26.893950631517406,2.235648956230797,0.5944953693579008,1.0,1.0,1.0,"[(4.0, 7.999999999999986)]",4.049999999999986,True,26.0897379804238,28.325386936654596,True
850,57.8,12.75,0.00025,9.999999999999999e-05,"[4.0, 8.0]",24.679034543566395,4.0,23.420919830997924,23.434946519149868,2.243621482428342,0.5221505302607522,1.0,1.0,1.0,"[(4.0, 7.999999999999986)]",4.049999999999986,True,22.435413061138053,24.679034543566395,True
1000,68.0,12.8,0.00019999999999999998,0.00016999999999999999,"[4.0, 8.0]",34.20091031084431,7.849999999999986,33.098969644052495,33.06559816471043,2.249608715329739,0.4463924477686324,1.0,1.0,1.0,"[(4.0, 7.999999999999986)]",4.049999999999986,True,31.95130159551457,34.20091031084431,True
950,64.6,12.7,0.000225,0.00015,"[4.0, 8.0]",35.69604589685854,7.999999999999986,34.61564073041825,34.72509137110905,2.251229315466162,0.5528766070474352,1.0,1.0,1.0,"[(4.0, 7.999999999999986)]",4.049999999999986,True,33.44481658139238,35.69604589685854,True
1000,68.0,12.75,0.00019999999999999998,0.00014,"[4.0, 8.0]",28.278124196896112,4.05,27.14303779656304,27.152793960405926,2.258334005198332,0.5257047717843212,1.0,1.0,1.0,"[(4.0, 7.999999999999986)]",4.049999999999986,True,26.01979019169778,28.278124196896112,True
800,54.4,12.8,0.000225,0.00019999999999999998,"[4.0, 8.0]",35.19808346726738,7.949999999999986,34.30585189273521,34.344979452680946,2.269248356686809,0.5280868858683578,1.0,1.0,1.0,"[(4.0, 7.999999999999986)]",4.049999999999986,True,32.92883511058057,35.19808346726738,True
950,64.6,12.850000000000001,0.00017499999999999997,0.00017999999999999998,"[4.0, 8.0]",25.693295761356865,4.199999999999999,24.356630561287986,24.248881140994936,2.2698387257898354,0.583013043258037,1.0,1.0,1.0,"[(4.0, 7.999999999999986)]",4.049999999999986,True,23.42345703556703,25.693295761356865,True
900,61.2,12.8,0.000225,0.00015999999999999999,"[4.0, 8.0]",34.81525710467329,7.999999999999986,33.657799714572235,33.60887673733885,2.2855175840638466,0.5089459178645086,1.0,1.0,1.0,"[(4.0, 7.999999999999986)]",4.049999999999986,True,32.529739520609446,34.81525710467329,True
900,61.2,12.7,0.000225,9.999999999999999e-05,"[4.0, 8.0]",22.400689613486563,4.1,21.13660224480475,21.097005160763885,2.289416603011052,0.5561232570160842,1.0,1.0,1.0,"[(4.0, 7.999999999999986)]",4.049999999999986,True,20.11127301047551,22.400689613486563,True
1000,68.0,12.850000000000001,0.00019999999999999998,0.00015999999999999999,"[4.0, 8.0]",31.546899012074352,4.05,30.504425957259247,30.512953414317508,2.2908042603033962,0.5238270011005768,1.0,1.0,1.0,"[(4.0, 7.999999999999986)]",4.049999999999986,True,29.256094751770956,31.546899012074352,True
900,61.2,12.900000000000002,0.000225,0.00015999999999999999,"[4.0, 8.0]",33.81119868077861,7.999999999999986,32.629957572893574,32.55704022121718,2.298194365687472,0.46101696082081367,1.0,1.0,1.0,"[(4.0, 7.999999999999986)]",4.049999999999986,True,31.513004315091138,33.81119868077861,True
900,61.2,12.75,0.000225,0.00015999999999999999,"[4.0, 8.0]",35.14850325431607,7.999999999999986,34.02766349718117,34.0425657405967,2.298695686706452,0.556224050704398,1.0,1.0,1.0,"[(4.0, 7.999999999999986)]",4.049999999999986,True,32.849807567609616,35.14850325431607,True
800,54.4,12.75,0.000225,9.999999999999999e-05,"[4.0, 8.0]",19.82336100705159,4.1,18.399279666789607,18.385897436583857,2.3016880991358413,0.5748206848102659,1.0,1.0,0.0,"[(4.0, 7.999999999999986)]",4.049999999999986,True,17.52167290791575,19.82336100705159,True
950,64.6,12.75,0.000225,0.00015999999999999999,"[4.0, 8.0]",35.62340928773744,7.999999999999986,34.48085450663358,34.49388355270048,2.3041825382429835,0.518050346605446,1.0,1.0,1.0,"[(4.0, 7.999999999999986)]",4.049999999999986,True,33.319226749494455,35.62340928773744,True
900,61.2,12.850000000000001,0.000225,0.00015999999999999999,"[4.0, 8.0]",34.530692055964906,7.999999999999986,33.34315118334036,33.29064244340631,2.304918007009711,0.48251412983490594,1.0,1.0,1.0,"[(4.0, 7.999999999999986)]",4.049999999999986,True,32.225774048955195,34.530692055964906,True
850,57.8,12.649999999999999,0.00025,0.00014,"[4.0, 8.0]",33.34269381854642,7.849999999999986,32.4274471751877,32.45979363045401,2.305426017888557,0.5216099439656781,1.0,1.0,1.0,"[(4.0, 7.999999999999986)]",4.049999999999986,True,31.037267800657865,33.34269381854642,True
1000,68.0,12.850000000000001,0.00019999999999999998,0.00016999999999999999,"[4.0, 8.0]",33.28788253551871,7.849999999999986,32.198649838783744,32.18513544255518,2.3175005446159496,0.4658131503355649,1.0,1.0,1.0,"[(4.0, 7.999999999999986)]",4.049999999999986,True,30.970381990902762,33.28788253551871,True
800,54.4,12.649999999999999,0.00025,0.00014,"[4.0, 8.0]",33.86127944714922,7.7999999999999865,33.02891780105859,33.104540202969645,2.3194760919454396,0.5630638583386652,1.0,1.0,1.0,"[(4.0, 7.999999999999986)]",4.049999999999986,True,31.541803355203783,33.86127944714922,True
1000,68.0,12.75,0.000225,0.00013,"[4.0, 8.0]",30.705872142332602,7.849999999999986,29.609375857795946,29.61941753647677,2.3273250090782653,0.4910580704388641,1.0,1.0,1.0,"[(4.0, 7.999999999999986)]",4.049999999999986,True,28.378547133254337,30.705872142332602,True
850,57.8,12.7,0.000225,0.00016999999999999999,"[4.0, 8.0]",34.41137009150337,7.499999999999988,33.54099733143812,33.57007147935262,2.329014075319165,0.518487085133236,1.0,1.0,1.0,"[(4.0, 7.999999999999986)]",4.049999999999986,True,32.08235601618421,34.41137009150337,True
1000,68.0,12.649999999999999,0.00019999999999999998,0.00016999999999999999,"[4.0, 8.0]",34.94435961849029,7.599999999999987,33.973112434821935,34.04261230732323,2.330386351337374,0.5607001310326607,1.0,1.0,1.0,"[(4.0, 7.999999999999986)]",4.049999999999986,True,32.613973267152915,34.94435961849029,True
900,61.2,12.900000000000002,0.00019999999999999998,0.00015999999999999999,"[4.0, 8.0]",28.095429980747426,4.1,26.846362472434066,26.792716872682053,2.3316377688827714,0.5561026529254626,1.0,1.0,1.0,"[(4.0, 7.999999999999986)]",4.049999999999986,True,25.763792211864654,28.095429980747426,True
800,54.4,12.75,0.00019999999999999998,0.00019999999999999998,"[4.0, 8.0]",31.180741194546492,6.499999999999991,30.416272150794953,30.45181529674501,2.3352679360846267,0.5134869680648403,1.0,1.0,1.0,"[(4.0, 7.999999999999986)]",4.049999999999986,True,28.845473258461865,31.180741194546492,True
850,57.8,12.75,0.00017499999999999997,0.00013,"[4.0, 8.0]",19.47139994159909,4.0,18.078013455694823,18.052225256308617,2.3419985768353264,0.5573798194607674,1.0,1.0,0.0,"[(4.0, 7.999999999999986)]",4.049999999999986,True,17.129401364763762,19.47139994159909,True
850,57.8,12.7,0.000225,9.999999999999999e-05,"[4.0, 8.0]",20.407248200217943,4.0,19.040920382082216,19.010436670149147,2.3483806942435237,0.5537168585519713,1.0,1.0,0.037037037037037035,"[(4.0, 7.999999999999986)]",4.049999999999986,True,18.05886750597442,20.407248200217943,True
800,54.4,12.75,0.000225,0.00017999999999999998,"[4.0, 8.0]",34.99465263579734,7.949999999999986,34.1716427527603,34.22164271087716,2.352216982816117,0.5586250452542924,1.0,1.0,1.0,"[(4.0, 7.999999999999986)]",4.049999999999986,True,32.64243565298122,34.99465263579734,True
800,54.4,12.649999999999999,0.00019999999999999998,0.00016999999999999999,"[4.0, 8.0]",29.34351128533123,6.499999999999991,28.60104652669442,28.637781966952286,2.3554273815347067,0.5186793353148095,1.0,1.0,1.0,"[(4.0, 7.999999999999986)]",4.049999999999986,True,26.98808390379652,29.34351128533123,True
800,54.4,12.900000000000002,0.00017499999999999997,0.00017999999999999998,"[4.0, 8.0]",20.35684036802712,4.1,18.88653365769752,18.850971526705788,2.358580253606828,0.5748951609859836,1.0,1.0,0.037037037037037035,"[(4.0, 7.999999999999986)]",4.049999999999986,True,17.998260114420294,20.35684036802712,True
850,57.8,12.75,0.00025,0.00014,"[4.0, 8.0]",34.72209667183991,7.949999999999986,33.530298928679,33.49573816318117,2.3596348108084655,0.5430704752261142,1.0,1.0,1.0,"[(4.0, 7.999999999999986)]",4.049999999999986,True,32.36246186103144,34.72209667183991,True
1000,68.0,12.850000000000001,0.00017499999999999997,0.00017999999999999998,"[4.0, 8.0]",28.087182587743374,4.05,26.840280649153275,26.789102865010346,2.361162699346888,0.5505422958599272,1.0,1.0,1.0,"[(4.0, 7.999999999999986)]",4.049999999999986,True,25.726019888396486,28.087182587743374,True
950,64.6,12.649999999999999,0.00025,0.00011999999999999999,"[4.0, 8.0]",34.52186971485303,7.999999999999986,33.37027996003515,33.46504222910733,2.367733096442599,0.5787457559225502,1.0,1.0,1.0,"[(4.0, 7.999999999999986)]",4.049999999999986,True,32.15413661841043,34.52186971485303,True
850,57.8,12.900000000000002,0.00017499999999999997,0.00017999999999999998,"[4.0, 8.0]",22.525588697684157,4.0,21.07862013106428,21.070901215039445,2.3776869664879214,0.5703669423550927,1.0,1.0,1.0,"[(4.0, 7.999999999999986)]",4.049999999999986,True,20.147901731196235,22.525588697684157,True
850,57.8,12.75,0.00019999999999999998,0.00019999999999999998,"[4.0, 8.0]",33.25268355957811,7.399999999999988,32.50619973539314,32.527536338017484,2.3801159432035988,0.5172690930603975,1.0,1.0,1.0,"[(4.0, 7.999999999999986)]",4.049999999999986,True,30.87256761637451,33.25268355957811,True
900,61.2,12.649999999999999,0.00019999999999999998,0.00016999999999999999,"[4.0, 8.0]",32.48367343708746,7.349999999999988,31.725798552837734,31.773645194267623,2.380860194277716,0.5251758528585836,1.0,1.0,1.0,"[(4.0, 7.999999999999986)]",4.049999999999986,True,30.102813242809745,32.48367343708746,True
800,54.4,12.900000000000002,0.00019999999999999998,0.00015999999999999999,"[4.0, 8.0]",23.289011738737678,4.1,21.81649423118783,21.783331776830227,2.3815745774027626,0.5779007281639983,1.0,1.0,1.0,"[(4.0, 7.999999999999986)]",4.049999999999986,True,20.907437161334915,23.289011738737678,True
900,61.2,12.900000000000002,0.00017499999999999997,0.00017999999999999998,"[4.0, 8.0]",24.426211663366615,4.1,23.096663849687815,23.029711867501966,2.383866825057055,0.5742847184168586,1.0,1.0,1.0,"[(4.0, 7.999999999999986)]",4.049999999999986,True,22.04234483830956,24.426211663366615,True
900,61.2,12.8,0.00017499999999999997,0.00015,"[4.0, 8.0]",22.415363523847155,4.1,21.06709277246429,20.998060640300096,2.3864178606848476,0.5858799363490198,1.0,1.0,1.0,"[(4.0, 7.999999999999986)]",4.049999999999986,True,20.028945663162308,22.415363523847155,True
1000,68.0,12.8,0.00019999999999999998,0.00017999999999999998,"[4.0, 8.0]",35.59939031663041,7.849999999999986,34.41025699079244,34.42213076216622,2.389618070519205,0.5027873943090623,1.0,1.0,1.0,"[(4.0, 7.999999999999986)]",4.049999999999986,True,33.20977224611121,35.59939031663041,True
850,57.8,12.8,0.00017499999999999997,0.00015,"[4.0, 8.0]",20.82446942463267,4.0,19.399635855292505,19.382999059315342,2.3898268109948795,0.5649279215091666,1.0,1.0,0.16049382716049382,"[(4.0, 7.999999999999986)]",4.049999999999986,True,18.43464261363779,20.82446942463267,True
1000,68.0,12.7,0.00025,9.999999999999999e-05,"[4.0, 8.0]",30.072358513464653,7.849999999999986,28.937799363930953,28.927756247409732,2.390537114585893,0.4767071245987901,1.0,1.0,1.0,"[(4.0, 7.999999999999986)]",4.049999999999986,True,27.68182139887876,30.072358513464653,True
850,57.8,12.8,0.000225,0.00017999999999999998,"[4.0, 8.0]",35.83947420276709,7.949999999999986,34.75881721111653,34.74895335350403,2.3919394355282932,0.5405776636528289,1.0,1.0,1.0,"[(4.0, 7.999999999999986)]",4.049999999999986,True,33.4475347672388,35.83947420276709,True
850,57.8,12.900000000000002,0.00019999999999999998,0.00015999999999999999,"[4.0, 8.0]",25.904374864153237,4.0,24.46558008721642,24.44989388828331,2.394105569399514,0.5669057469427318,1.0,1.0,1.0,"[(4.0, 7.999999999999986)]",4.049999999999986,True,23.510269294753723,25.904374864153237,True
1000,68.0,12.900000000000002,0.00019999999999999998,0.00017999999999999998,"[4.0, 8.0]",32.49550011693468,7.849999999999986,31.419774376953434,31.438509547470105,2.3976468595972946,0.5395881409575474,1.0,1.0,1.0,"[(4.0, 7.999999999999986)]",4.049999999999986,True,30.097853257337384,32.49550011693468,True
1000,68.0,12.850000000000001,0.00019999999999999998,0.00017999999999999998,"[4.0, 8.0]",34.819227878353296,7.849999999999986,33.65064531496543,33.61329148234454,2.4116268368473754,0.46871356531876035,1.0,1.0,1.0,"[(4.0, 7.999999999999986)]",4.049999999999986,True,32.40760104150592,34.819227878353296,True
1000,68.0,12.649999999999999,0.00019999999999999998,9.999999999999999e-05,"[4.0, 8.0]",21.496710465766263,4.05,20.14975634679169,20.085527776318134,2.4291133423509805,0.5868873883178062,1.0,1.0,0.5925925925925926,"[(4.0, 7.999999999999986)]",4.049999999999986,True,19.067597123415283,21.496710465766263,True
900,61.2,12.75,0.00019999999999999998,0.00019999999999999998,"[4.0, 8.0]",34.81459099633822,7.549999999999987,33.9613598122499,34.02301950755744,2.4407455713983452,0.5524198589917203,1.0,1.0,1.0,"[(4.0, 7.999999999999986)]",4.049999999999986,True,32.37384542493987,34.81459099633822,True
900,61.2,12.75,0.00025,9.999999999999999e-05,"[4.0, 8.0]",25.384291415269683,4.1,24.069895535779118,24.034424511576557,2.4418352099467846,0.5827238133229845,1.0,1.0,1.0,"[(4.0, 7.999999999999986)]",4.049999999999986,True,22.942456205322898,25.384291415269683,True
950,64.6,12.850000000000001,0.000225,0.00016999999999999999,"[4.0, 8.0]",35.76567291746637,7.999999999999986,34.51549330053872,34.53702263589304,2.4483512225619606,0.4878857472813348,1.0,1.0,1.0,"[(4.0, 7.999999999999986)]",4.049999999999986,True,33.31732169490441,35.76567291746637,True
900,61.2,12.850000000000001,0.000225,0.00013,"[4.0, 8.0]",28.22857305812637,4.1,26.925789778156926,26.883500183968295,2.4496302195776813,0.5843726279470335,1.0,1.0,1.0,"[(4.0, 7.999999999999986)]",4.049999999999986,True,25.778942838548687,28.22857305812637,True
1000,68.0,12.7,0.000225,9.999999999999999e-05,"[4.0, 8.0]",26.46764506595106,4.05,25.1918586982073,25.149403019631904,2.4599526040335036,0.5704354949674123,1.0,1.0,1.0,"[(4.0, 7.999999999999986)]",4.049999999999986,True,24.007692461917557,26.46764506595106,True
900,61.2,12.75,0.00019999999999999998,0.00011999999999999999,"[4.0, 8.0]",22.7669311764196,4.1,21.377170676964187,21.288206446954394,2.460433667380805,0.5991129465408878,1.0,1.0,1.0,"[(4.0, 7.999999999999986)]",4.049999999999986,True,20.306497509038795,22.7669311764196,True
850,57.8,12.75,0.000225,0.00016999999999999999,"[4.0, 8.0]",35.60270157465312,7.849999999999986,34.59061257822456,34.61995477642935,2.46313357400048,0.5578883518625019,1.0,1.0,1.0,"[(4.0, 7.999999999999986)]",4.049999999999986,True,33.13956800065264,35.60270157465312,True
900,61.2,12.649999999999999,0.000225,0.00015,"[4.0, 8.0]",34.35720900705098,7.549999999999987,33.399335649518655,33.44505832646562,2.469908944029079,0.5776741106495452,1.0,1.0,1.0,"[(4.0, 7.999999999999986)]",4.049999999999986,True,31.887300063021904,34.35720900705098,True
1000,68.0,12.649999999999999,0.000225,0.00014,"[4.0, 8.0]",34.50755784473482,7.849999999999986,33.292889635459225,33.30789508050838,2.4707258144533384,0.5925513974116726,1.0,1.0,1.0,"[(4.0, 7.999999999999986)]",4.049999999999986,True,32.03683203028148,34.50755784473482,True
1000,68.0,12.75,0.000225,0.00014,"[4.0, 8.0]",33.00237683761081,7.849999999999986,31.80248608073233,31.746326290240383,2.482398611452229,0.4839398423973099,1.0,1.0,1.0,"[(4.0, 7.999999999999986)]",4.049999999999986,True,30.51997822615858,33.00237683761081,True
950,64.6,12.8,0.000225,0.00016999999999999999,"[4.0, 8.0]",36.02312839481173,7.999999999999986,34.77455322683635,34.76405907941769,2.4861674554727387,0.5293688865997609,1.0,1.0,1.0,"[(4.0, 7.999999999999986)]",4.049999999999986,True,33.53696093933899,36.02312839481173,True
800,54.4,12.850000000000001,0.000225,0.00019999999999999998,"[4.0, 8.0]",36.53462760268114,7.949999999999986,35.50349084180218,35.55216899701736,2.489639226447615,0.585570651625777,1.0,1.0,1.0,"[(4.0, 7.999999999999986)]",4.049999999999986,True,34.044988376233526,36.53462760268114,True
1000,68.0,12.7,0.00019999999999999998,0.00016999999999999999,"[4.0, 8.0]",36.262542146588444,7.849999999999986,35.112433833089504,35.1118219283604,2.4938287664454037,0.6067117328493414,1.0,1.0,1.0,"[(4.0, 7.999999999999986)]",4.049999999999986,True,33.76871338014304,36.262542146588444,True
1000,68.0,12.8,0.000225,0.00013,"[4.0, 8.0]",31.412348249769973,7.849999999999986,30.25473262685991,30.285579998111434,2.496319118002411,0.5381759801993931,1.0,1.0,1.0,"[(4.0, 7.999999999999986)]",4.049999999999986,True,28.916029131767562,31.412348249769973,True
950,64.6,12.75,0.00025,9.999999999999999e-05,"[4.0, 8.0]",25.85495795944077,4.199999999999999,24.351348011642866,24.239125060618505,2.496617570015996,0.6721811781478827,1.0,1.0,1.0,"[(4.0, 7.999999999999986)]",4.049999999999986,True,23.358340389424775,25.85495795944077,True
950,64.6,12.8,0.00017499999999999997,0.00015999999999999999,"[4.0, 8.0]",23.947524402848504,4.199999999999999,22.452942017837152,22.314709079131497,2.5065174182475225,0.6519683370884043,1.0,1.0,1.0,"[(4.0, 7.999999999999986)]",4.049999999999986,True,21.441006984600982,23.947524402848504,True
800,54.4,12.8,0.00019999999999999998,0.00013,"[4.0, 8.0]",19.729518775861557,4.1,18.155385195660944,18.100183069716227,2.5107933727973766,0.6248926384170999,1.0,1.0,0.0,"[(4.0, 7.999999999999986)]",4.049999999999986,True,17.21872540306418,19.729518775861557,True
1000,68.0,12.75,0.00017499999999999997,0.00015,"[4.0, 8.0]",24.964291498389677,4.05,23.556992519924684,23.4914919783385,2.518544104111154,0.5999871332175583,1.0,1.0,1.0,"[(4.0, 7.999999999999986)]",4.049999999999986,True,22.445747394278524,24.964291498389677,True
950,64.6,12.900000000000002,0.00019999999999999998,0.00015999999999999999,"[4.0, 8.0]",28.92371755289745,4.1499999999999995,27.395822020241397,27.294931931575928,2.5213303777817977,0.6703400558873787,1.0,1.0,1.0,"[(4.0, 7.999999999999986)]",4.049999999999986,True,26.402387175115653,28.92371755289745,True
1000,68.0,12.8,0.00017499999999999997,0.00015999999999999999,"[4.0, 8.0]",26.614722065905013,4.05,25.222741194718395,25.159075103631135,2.5246728834567307,0.5913753468514826,1.0,1.0,1.0,"[(4.0, 7.999999999999986)]",4.049999999999986,True,24.090049182448283,26.614722065905013,True
1000,68.0,12.7,0.000225,0.00013,"[4.0, 8.0]",34.12652386114547,7.849999999999986,32.88391363586437,32.91874884780991,2.5304244793470616,0.533634193896861,1.0,1.0,1.0,"[(4.0, 7.999999999999986)]",4.049999999999986,True,31.59609938179841,34.12652386114547,True
850,57.8,12.850000000000001,0.000225,0.00019999999999999998,"[4.0, 8.0]",36.747523744448415,7.949999999999986,35.53489825681109,35.5172163066647,2.5430426871140526,0.5836531533163322,1.0,1.0,1.0,"[(4.0, 7.999999999999986)]",4.049999999999986,True,34.20448105733436,36.747523744448415,True
1000,68.0,12.900000000000002,0.00019999999999999998,0.00019999999999999998,"[4.0, 8.0]",35.479795866436284,7.849999999999986,34.26491170413897,34.22577744430002,2.5443337957554846,0.4877578147077325,1.0,1.0,1.0,"[(4.0, 7.999999999999986)]",4.049999999999986,True,32.9354620706808,35.479795866436284,True
900,61.2,12.850000000000001,0.00017499999999999997,0.00015999999999999999,"[4.0, 8.0]",23.11186825770479,4.1,21.654607620642132,21.570011964514535,2.5484867794973702,0.6255797016598489,1.0,1.0,1.0,"[(4.0, 7.999999999999986)]",4.049999999999986,True,20.56338147820742,23.11186825770479,True
850,57.8,12.649999999999999,0.000225,0.00016999999999999999,"[4.0, 8.0]",34.447445582805244,7.399999999999988,33.57688965916571,33.62652159467781,2.55039793459245,0.5687404745797867,1.0,1.0,1.0,"[(4.0, 7.999999999999986)]",4.049999999999986,True,31.897047648212794,34.447445582805244,True
850,57.8,12.850000000000001,0.00017499999999999997,0.00016999999999999999,"[4.0, 8.0]",21.592320292236327,4.0,20.063673863052387,20.075994897464568,2.554019439192192,0.5953526227198678,1.0,1.0,0.5061728395061729,"[(4.0, 7.999999999999986)]",4.049999999999986,True,19.038300853044134,21.592320292236327,True
900,61.2,12.75,0.00017499999999999997,0.00013,"[4.0, 8.0]",20.236040367657758,4.1,18.7404128997759,18.646033033434236,2.5918106096018327,0.6365434201089566,1.0,1.0,0.037037037037037035,"[(4.0, 7.999999999999986)]",4.049999999999986,True,17.644229758055925,20.236040367657758,True
1000,68.0,12.75,0.000225,0.00011999999999999999,"[4.0, 8.0]",28.3482917825851,4.05,27.022325645153945,26.986783841964858,2.5944571346777607,0.5976650473134045,1.0,1.0,1.0,"[(4.0, 7.999999999999986)]",4.049999999999986,True,25.75383464790734,28.3482917825851,True
900,61.2,12.8,0.00019999999999999998,0.00013,"[4.0, 8.0]",24.133988644129264,4.1,22.632591629474234,22.55019117052708,2.6013983635746207,0.6383549116437515,1.0,1.0,1.0,"[(4.0, 7.999999999999986)]",4.049999999999986,True,21.532590280554643,24.133988644129264,True
1000,68.0,12.900000000000002,0.00017499999999999997,0.00019999999999999998,"[4.0, 8.0]",28.25136451998038,4.05,26.820292336656042,26.750373027831195,2.6230070317939074,0.6088521637792578,1.0,1.0,1.0,"[(4.0, 7.999999999999986)]",4.049999999999986,True,25.628357488186474,28.25136451998038,True
950,64.6,12.850000000000001,0.00019999999999999998,0.00015,"[4.0, 8.0]",27.275233690648687,4.199999999999999,25.675553806221558,25.531673790719132,2.626108712214336,0.6992456379307247,1.0,1.0,1.0,"[(4.0, 7.999999999999986)]",4.049999999999986,True,24.64912497843435,27.275233690648687,True
900,61.2,12.850000000000001,0.000225,0.00016999999999999999,"[4.0, 8.0]",36.15955622409625,7.999999999999986,34.8307509761865,34.810397983972535,2.6371961325253537,0.5837210828745039,1.0,1.0,1.0,"[(4.0, 7.999999999999986)]",4.049999999999986,True,33.522360091570896,36.15955622409625,True
850,57.8,12.850000000000001,0.00019999999999999998,0.00015,"[4.0, 8.0]",24.05014823966805,4.0,22.464773969969126,22.454247563787217,2.64493547013236,0.6143012347013047,1.0,1.0,1.0,"[(4.0, 7.999999999999986)]",4.049999999999986,True,21.40521276953569,24.05014823966805,True
850,57.8,12.8,0.00019999999999999998,0.00013,"[4.0, 8.0]",22.43935838370632,4.0,20.843336458865597,20.82323029394052,2.6454691217937523,0.6209045243154495,1.0,1.0,0.9382716049382716,"[(4.0, 7.999999999999986)]",4.049999999999986,True,19.793889261912568,22.43935838370632,True
850,57.8,12.900000000000002,0.000225,0.00019999999999999998,"[4.0, 8.0]",37.45748655593657,7.949999999999986,36.126550173059286,36.08583432595032,2.6640011682896656,0.6176399207858668,1.0,1.0,1.0,"[(4.0, 7.999999999999986)]",4.049999999999986,True,34.7934853876469,37.45748655593657,True
950,64.6,12.649999999999999,0.000225,0.00015,"[4.0, 8.0]",36.55860130181352,7.999999999999986,35.40268601163615,35.586353062737,2.664706288443675,0.6890025117914271,1.0,1.0,1.0,"[(4.0, 7.999999999999986)]",4.049999999999986,True,33.89389501336984,36.55860130181352,True
900,61.2,12.8,0.000225,0.00016999999999999999,"[4.0, 8.0]",36.41097756453632,7.999999999999986,35.09712503943921,35.087452405851025,2.6658700381751714,0.6258949426097795,1.0,1.0,1.0,"[(4.0, 7.999999999999986)]",4.049999999999986,True,33.745107526361146,36.41097756453632,True
950,64.6,12.850000000000001,0.00017499999999999997,0.00016999999999999999,"[4.0, 8.0]",24.610791855206568,4.199999999999999,22.99463147056418,22.850571891830597,2.66691111625461,0.7008529054683484,1.0,1.0,1.0,"[(4.0, 7.999999999999986)]",4.049999999999986,True,21.943880738951957,24.610791855206568,True
800,54.4,12.850000000000001,0.00019999999999999998,0.00013,"[4.0, 8.0]",20.715143601575875,4.1,19.02920381913738,18.962007067340323,2.672406979146995,0.664149228996671,1.0,1.0,0.08641975308641975,"[(4.0, 7.999999999999986)]",4.049999999999986,True,18.04273662242888,20.715143601575875,True
1000,68.0,12.75,0.00019999999999999998,0.00019999999999999998,"[4.0, 8.0]",37.291624808646546,7.849999999999986,35.98351023152585,35.96189553540802,2.673582748857669,0.6674195916588415,1.0,1.0,1.0,"[(4.0, 7.999999999999986)]",4.049999999999986,True,34.61804205978888,37.291624808646546,True
950,64.6,12.75,0.00019999999999999998,0.00011999999999999999,"[4.0, 8.0]",23.389229277698014,4.199999999999999,21.7641285274953,21.58437818932978,2.679562726481823,0.7151899157662773,1.0,1.0,1.0,"[(4.0, 7.999999999999986)]",4.049999999999986,True,20.70966655121619,23.389229277698014,True
950,64.6,12.7,0.00019999999999999998,9.999999999999999e-05,"[4.0, 8.0]",20.882021409619377,4.1499999999999995,19.269048714337483,19.092158883160128,2.680444319806959,0.711543327018166,1.0,1.0,0.16049382716049382,"[(4.0, 7.999999999999986)]",4.049999999999986,True,18.201577089812417,20.882021409619377,True
950,64.6,12.900000000000002,0.00017499999999999997,0.00017999999999999998,"[4.0, 8.0]",25.465843448137782,4.1499999999999995,23.811724835545853,23.660373321957668,2.71267907269619,0.7145999945698414,1.0,1.0,1.0,"[(4.0, 7.999999999999986)]",4.049999999999986,True,22.753164375441592,25.465843448137782,True
800,54.4,12.649999999999999,0.000225,0.00016999999999999999,"[4.0, 8.0]",34.56472656277676,5.899999999999993,33.68371717689718,33.78063210936571,2.7129514163807897,0.6184453431606382,1.0,1.0,1.0,"[(4.0, 7.999999999999986)]",4.049999999999986,True,31.851775146395973,34.56472656277676,True
900,61.2,12.75,0.00025,0.00014,"[4.0, 8.0]",35.469959898939905,7.999999999999986,34.01239229155067,33.95091464536033,2.7151859100476656,0.671033107037878,1.0,1.0,1.0,"[(4.0, 7.999999999999986)]",4.049999999999986,True,32.75477398889224,35.469959898939905,True
1000,68.0,12.75,0.00025,0.00011999999999999999,"[4.0, 8.0]",32.15876421179985,7.849999999999986,30.850452103977265,30.76422089170723,2.721269217865128,0.5272827167165645,1.0,1.0,1.0,"[(4.0, 7.999999999999986)]",4.049999999999986,True,29.43749499393472,32.15876421179985,True
900,61.2,12.75,0.000225,0.00016999999999999999,"[4.0, 8.0]",36.66850965433405,7.999999999999986,35.36791745542644,35.38767876326301,2.7296978483862517,0.6818997990754974,1.0,1.0,1.0,"[(4.0, 7.999999999999986)]",4.049999999999986,True,33.9388118059478,36.66850965433405,True
1000,68.0,12.850000000000001,0.00019999999999999998,0.00019999999999999998,"[4.0, 8.0]",37.328959166078434,7.849999999999986,35.970109289878586,35.95892691855188,2.7398831667464094,0.610637608837599,1.0,1.0,1.0,"[(4.0, 7.999999999999986)]",4.049999999999986,True,34.589075999332024,37.328959166078434,True
850,57.8,12.75,0.000225,9.999999999999999e-05,"[4.0, 8.0]",21.35276993256058,4.0,19.70071345533495,19.65578070823928,2.748917721844485,0.6453012558483243,1.0,1.0,0.30864197530864196,"[(4.0, 7.999999999999986)]",4.049999999999986,True,18.603852210716095,21.35276993256058,True
1000,68.0,12.75,0.00019999999999999998,0.00013,"[4.0, 8.0]",26.402746411650867,4.05,24.865850099433995,24.778571097159983,2.75817503674185,0.6507684182596166,1.0,1.0,1.0,"[(4.0, 7.999999999999986)]",4.049999999999986,True,23.644571374909017,26.402746411650867,True
950,64.6,12.850000000000001,0.000225,0.00013,"[4.0, 8.0]",27.961612460726208,4.1499999999999995,26.254599868765226,26.09764051165022,2.763049692220104,0.752725907078773,1.0,1.0,1.0,"[(4.0, 7.999999999999986)]",4.049999999999986,True,25.198562768506104,27.961612460726208,True
850,57.8,12.75,0.000225,0.00017999999999999998,"[4.0, 8.0]",36.95106932388323,7.949999999999986,35.809426794007756,35.883842677867136,2.7669103414227223,0.6530641453027176,1.0,1.0,1.0,"[(4.0, 7.999999999999986)]",4.049999999999986,True,34.18415898246051,36.95106932388323,True
900,61.2,12.7,0.00025,0.00014,"[4.0, 8.0]",35.61697637180653,7.999999999999986,34.18737890026649,34.18746552167461,2.7776836196626817,0.7098064105027042,1.0,1.0,1.0,"[(4.0, 7.999999999999986)]",4.049999999999986,True,32.83929275214385,35.61697637180653,True
1000,68.0,12.850000000000001,0.00019999999999999998,0.00015,"[4.0, 8.0]",29.98004418225481,4.05,28.4998560792997,28.434472870600644,2.793812029623883,0.6387639841666328,1.0,1.0,1.0,"[(4.0, 7.999999999999986)]",4.049999999999986,True,27.18623215263093,29.98004418225481,True
1000,68.0,12.850000000000001,0.00017499999999999997,0.00016999999999999999,"[4.0, 8.0]",27.08973006602088,4.05,25.513557736643943,25.432896869711264,2.795135472358556,0.6551203038048514,1.0,1.0,1.0,"[(4.0, 7.999999999999986)]",4.049999999999986,True,24.294594593662325,27.08973006602088,True
800,54.4,12.75,0.000225,0.00019999999999999998,"[4.0, 8.0]",37.21304878769293,7.7999999999999865,36.239905352526485,36.4042884578062,2.815562313770357,0.6947841784583014,1.0,1.0,1.0,"[(4.0, 7.999999999999986)]",4.049999999999986,True,34.39748647392257,37.21304878769293,True
1000,68.0,12.75,0.000225,0.00015,"[4.0, 8.0]",34.92858861753217,7.849999999999986,33.55146850279416,33.58987679603085,2.8179179752868677,0.5839388747831893,1.0,1.0,1.0,"[(4.0, 7.999999999999986)]",4.049999999999986,True,32.1106706422453,34.92858861753217,True
1000,68.0,12.649999999999999,0.00025,0.00011999999999999999,"[4.0, 8.0]",33.72754031194666,7.849999999999986,32.36496129785866,32.313541562016276,2.8211380325713264,0.625556349028062,1.0,1.0,1.0,"[(4.0, 7.999999999999986)]",4.049999999999986,True,30.906402279375335,33.72754031194666,True
900,61.2,12.7,0.000225,0.00016999999999999999,"[4.0, 8.0]",36.72741577879356,7.999999999999986,35.486601090730304,35.511849097339294,2.829933200917452,0.7170909887965652,1.0,1.0,1.0,"[(4.0, 7.999999999999986)]",4.049999999999986,True,33.897482577876104,36.72741577879356,True
950,64.6,12.75,0.00017499999999999997,0.00013,"[4.0, 8.0]",20.877604465646577,4.1499999999999995,19.129979186076426,18.931509629323713,2.8622358752955037,0.7683627410625519,1.0,1.0,0.14814814814814814,"[(4.0, 7.999999999999986)]",4.049999999999986,True,18.015368590351073,20.877604465646577,True
1000,68.0,12.8,0.00019999999999999998,0.00019999999999999998,"[4.0, 8.0]",37.90917699123638,7.849999999999986,36.49885291047401,36.46400532949805,2.864258956215899,0.6966695177538839,1.0,1.0,1.0,"[(4.0, 7.999999999999986)]",4.049999999999986,True,35.04491803502048,37.90917699123638,True
950,64.6,12.75,0.00025,0.00014,"[4.0, 8.0]",35.56407610815419,7.999999999999986,34.068347155791784,34.10707259960495,2.9026313476375165,0.6502077275029031,1.0,1.0,1.0,"[(4.0, 7.999999999999986)]",4.049999999999986,True,32.66144476051667,35.56407610815419,True
950,64.6,12.8,0.00017499999999999997,0.00015,"[4.0, 8.0]",22.58458196726921,4.1499999999999995,20.802393716691267,20.591919237248042,2.909592822617398,0.7780149009247164,1.0,1.0,0.8641975308641975,"[(4.0, 7.999999999999986)]",4.049999999999986,True,19.67498914465181,22.58458196726921,True
950,64.6,12.75,0.000225,0.00016999999999999999,"[4.0, 8.0]",37.03157428637388,7.999999999999986,35.63847961818998,35.76037304375796,2.9214995529625085,0.6829128901017788,1.0,1.0,1.0,"[(4.0, 7.999999999999986)]",4.049999999999986,True,34.11007473341137,37.03157428637388,True
850,57.8,12.850000000000001,0.000225,0.00013,"[4.0, 8.0]",24.808068145723873,4.0,23.021879424541783,22.940080149125052,2.9501357805277735,0.6838256766680446,1.0,1.0,1.0,"[(4.0, 7.999999999999986)]",4.049999999999986,True,21.8579323651961,24.808068145723873,True
900,61.2,12.900000000000002,0.000225,0.00017999999999999998,"[4.0, 8.0]",37.08696734142809,7.999999999999986,35.602658065539686,35.552460742125255,2.951550028159204,0.6508806321648618,1.0,1.0,1.0,"[(4.0, 7.999999999999986)]",4.049999999999986,True,34.13541731326889,37.08696734142809,True
1000,68.0,12.900000000000002,0.000225,0.00015999999999999999,"[4.0, 8.0]",34.57812539656049,7.849999999999986,33.178311474660845,33.11385499208879,2.955643595727622,0.5700262160756563,1.0,1.0,1.0,"[(4.0, 7.999999999999986)]",4.049999999999986,True,31.622481800832865,34.57812539656049,True
1000,68.0,12.850000000000001,0.000225,0.00013,"[4.0, 8.0]",30.628400528199702,4.05,29.116140093090284,29.06818680735586,2.957011219218625,0.6733701805521728,1.0,1.0,1.0,"[(4.0, 7.999999999999986)]",4.049999999999986,True,27.671389308981077,30.628400528199702,True
850,57.8,12.850000000000001,0.00017499999999999997,0.00015999999999999999,"[4.0, 8.0]",20.550674057024573,4.0,18.718906556397602,18.62403075433034,2.9619066609715112,0.6966321217961124,1.0,1.0,0.037037037037037035,"[(4.0, 7.999999999999986)]",4.049999999999986,True,17.58876739605306,20.550674057024573,True
1000,68.0,12.850000000000001,0.000225,0.00015,"[4.0, 8.0]",34.965874717613545,7.849999999999986,33.53099353035132,33.518323614360206,2.9725275904773696,0.5787311043266066,1.0,1.0,1.0,"[(4.0, 7.999999999999986)]",4.049999999999986,True,31.993347127136175,34.965874717613545,True
900,61.2,12.75,0.000225,9.999999999999999e-05,"[4.0, 8.0]",22.004803145333184,4.1,20.250178266829383,20.149535627357036,2.985363870281706,0.7304838753494852,1.0,1.0,0.5802469135802469,"[(4.0, 7.999999999999986)]",4.049999999999986,True,19.01943927505148,22.004803145333184,True
800,54.4,12.649999999999999,0.00019999999999999998,9.999999999999999e-05,"[4.0, 8.0]",17.863821782166664,4.249999999999999,17.0603587180044,17.104604871263767,1.3908393327618747,0.3769879085703836,1.0,0.5802469135802469,0.0,"[(4.0, 7.999999999999986)]",4.049999999999986,True,16.47298244940479,17.863821782166664,False
800,54.4,12.7,0.00017499999999999997,0.00013,"[4.0, 8.0]",17.130461333986183,4.1,16.10433224646956,16.156286657590226,1.7147585599278408,0.44441199786221874,1.0,0.037037037037037035,0.0,"[(4.0, 7.999999999999986)]",4.049999999999986,True,15.415702774058342,17.130461333986183,False
850,57.8,12.649999999999999,0.00019999999999999998,9.999999999999999e-05,"[4.0, 8.0]",17.50904960382971,4.0,16.4143064665008,16.41295938694883,1.9542625623856704,0.4742877987508631,1.0,0.12345679012345678,0.0,"[(4.0, 7.999999999999986)]",4.049999999999986,True,15.554787041444039,17.50904960382971,False
850,57.8,12.7,0.00017499999999999997,0.00013,"[4.0, 8.0]",18.864216523377127,4.0,17.751255203971034,17.74968635581294,1.9561873384659734,0.47438930936681284,1.0,0.9506172839506173,0.0,"[(4.0, 7.999999999999986)]",4.049999999999986,True,16.908029184911154,18.864216523377127,False
800,54.4,12.75,0.00017499999999999997,0.00013,"[4.0, 8.0]",18.031742934105637,4.1,16.834517707964086,16.827793067366702,1.967587796879421,0.49635597663354425,1.0,0.38271604938271603,0.0,"[(4.0, 7.999999999999986)]",4.049999999999986,True,16.064155137226216,18.031742934105637,False
800,54.4,12.7,0.000225,9.999999999999999e-05,"[4.0, 8.0]",18.50624124316982,4.1,17.260534179983384,17.253083579723075,2.040448398519768,0.5149174841625427,1.0,0.654320987654321,0.0,"[(4.0, 7.999999999999986)]",4.049999999999986,True,16.465792844650053,18.50624124316982,False
800,54.4,12.8,0.00017499999999999997,0.00015,"[4.0, 8.0]",18.433820904421918,4.1,17.007587874888955,16.985766584188646,2.2983591914858508,0.5710348432486065,1.0,0.4691358024691358,0.0,"[(4.0, 7.999999999999986)]",4.049999999999986,True,16.135461712936067,18.433820904421918,False
800,54.4,12.7,0.00019999999999999998,9.999999999999999e-05,"[4.0, 8.0]",15.55986672734785,4.1,14.078384210945183,14.031921004535764,2.3583415325060493,0.5979599787228203,0.07407407407407407,0.0,0.0,"[(4.0, 7.999999999999986)]",4.049999999999986,True,13.201525194841802,15.55986672734785,False
800,54.4,12.850000000000001,0.00017499999999999997,0.00015,"[4.0, 8.0]",19.106728252392465,4.1,17.57123754321618,17.506925737443424,2.4550858119715073,0.6073155786440877,1.0,0.7777777777777778,0.0,"[(4.0, 7.999999999999986)]",4.049999999999986,True,16.651642440420957,19.106728252392465,False
800,54.4,12.75,0.00019999999999999998,9.999999999999999e-05,"[4.0, 8.0]",16.57695684222279,4.1,14.861010701520216,14.767447623164696,2.6951083492989767,0.6833518396123327,0.4074074074074074,0.0,0.0,"[(4.0, 7.999999999999986)]",4.049999999999986,True,13.881848492923812,16.57695684222279,False
900,61.2,12.7,0.00019999999999999998,9.999999999999999e-05,"[4.0, 8.0]",18.987108873608307,4.1,17.370243008114453,17.28527744401054,2.7519029191932383,0.6781558883805077,1.0,0.6790123456790124,0.0,"[(4.0, 7.999999999999986)]",4.049999999999986,True,16.23520595441507,18.987108873608307,False
850,57.8,12.7,0.00019999999999999998,9.999999999999999e-05,"[4.0, 8.0]",17.2501084745461,4.0,15.575023157664374,15.510607907340408,2.7761750490035233,0.6585676252666853,0.7777777777777778,0.024691358024691357,0.0,"[(4.0, 7.999999999999986)]",4.049999999999986,True,14.473933425542576,17.2501084745461,False
950,64.6,12.850000000000001,0.000225,0.00017999999999999998,"[4.0, 8.0]",37.12484694806854,7.999999999999986,35.64302751235697,35.70378433097108,3.003376320667954,0.6441455719261222,1.0,1.0,1.0,"[(4.0, 6.199999999999992), (6.299999999999992, 7.999999999999986)]",3.999999999999986,True,34.12147062740058,37.12484694806854,False
1000,68.0,12.8,0.00017499999999999997,0.00015,"[4.0, 8.0]",25.354899182899317,4.05,23.600641619095146,23.501790958244122,3.004283608125718,0.7160442327423759,1.0,1.0,1.0,"[(4.0, 6.249999999999992), (6.349999999999992, 7.999999999999986)]",3.999999999999986,True,22.3506155747736,25.354899182899317,False
800,54.4,12.8,0.00017499999999999997,0.00013,"[4.0, 8.0]",15.890939338658242,4.1,13.958295610494163,13.836174922450382,3.004800805726905,0.7652385780285437,0.1111111111111111,0.0,0.0,"[(4.0, 6.249999999999992), (6.349999999999992, 7.999999999999986)]",3.999999999999986,True,12.886138532931337,15.890939338658242,False
900,61.2,12.850000000000001,0.00017499999999999997,0.00015,"[4.0, 8.0]",21.94515631984776,4.1,20.163402963658914,20.034981953336036,3.0135227906182216,0.7439078608628469,1.0,1.0,0.5308641975308642,"[(4.0, 6.349999999999992), (6.449999999999991, 7.999999999999986)]",3.999999999999986,True,18.93163352922954,21.94515631984776,False
1000,68.0,12.649999999999999,0.000225,0.00015,"[4.0, 8.0]",36.120373201030155,7.849999999999986,34.65236395632786,34.655887748690326,3.02819288096714,0.7554037019190795,1.0,1.0,1.0,"[(4.0, 6.249999999999992), (6.349999999999992, 7.999999999999986)]",3.999999999999986,True,33.092180320063015,36.120373201030155,False
900,61.2,12.649999999999999,0.00025,0.00014,"[4.0, 8.0]",36.06876012413347,7.999999999999986,34.6077362072155,34.63054695236223,3.0371229719196933,0.7962429538429199,1.0,1.0,1.0,"[(4.05, 6.149999999999992), (6.249999999999992, 7.999999999999986)]",3.949999999999986,True,33.031637152213776,36.06876012413347,False
1000,68.0,12.7,0.00019999999999999998,9.999999999999999e-05,"[4.0, 8.0]",22.738825547874846,4.05,20.96114605773639,20.860791145890513,3.048624508804746,0.7359898893937871,1.0,1.0,0.9259259259259259,"[(4.0, 6.249999999999992), (6.349999999999992, 7.999999999999986)]",3.999999999999986,True,19.6902010390701,22.738825547874846,False
1000,68.0,12.7,0.000225,0.00014,"[4.0, 8.0]",35.960721191139456,7.849999999999986,34.471774721697855,34.40493845173676,3.053338210265345,0.7038620224556148,1.0,1.0,1.0,"[(4.0, 6.249999999999992), (6.349999999999992, 7.999999999999986)]",3.999999999999986,True,32.90738298087411,35.960721191139456,False
850,57.8,12.8,0.000225,0.00019999999999999998,"[4.0, 8.0]",38.19010957611232,7.949999999999986,36.81492462541875,36.9261413700333,3.05608376573376,0.7430522168132685,1.0,1.0,1.0,"[(4.0, 4.0), (4.1, 7.999999999999986)]",3.999999999999986,True,35.13402581037856,38.19010957611232,False
950,64.6,12.900000000000002,0.000225,0.00017999999999999998,"[4.0, 8.0]",37.28876677533025,7.999999999999986,35.74968507286382,35.805594978286926,3.0726264027660406,0.6441837482455284,1.0,1.0,1.0,"[(4.0, 6.199999999999992), (6.299999999999992, 7.999999999999986)]",3.999999999999986,True,34.21614037256421,37.28876677533025,False
800,54.4,12.900000000000002,0.00017499999999999997,0.00015999999999999999,"[4.0, 8.0]",18.432507668234578,4.1,16.4638285883368,16.324134867669027,3.0738003708815427,0.769347703678559,1.0,0.24691358024691357,0.0,"[(4.0, 6.0999999999999925), (6.199999999999992, 6.249999999999992), (6.349999999999992, 6.349999999999992), (6.449999999999991, 7.999999999999986)]",3.899999999999986,True,15.358707297353035,18.432507668234578,False
900,61.2,12.649999999999999,0.000225,0.00016999999999999999,"[4.0, 8.0]",37.14120479352831,7.549999999999987,35.868965621580216,35.96263150120779,3.0858567959852152,0.7916547179591167,1.0,1.0,1.0,"[(4.05, 7.999999999999986)]",3.999999999999986,True,34.055347997543095,37.14120479352831,False
950,64.6,12.8,0.000225,0.00017999999999999998,"[4.0, 8.0]",37.304304355417166,7.999999999999986,35.81851069933667,35.93949885639216,3.087666632293832,0.6928395964027021,1.0,1.0,1.0,"[(4.0, 6.199999999999992), (6.299999999999992, 7.999999999999986)]",3.999999999999986,True,34.216637723123334,37.304304355417166,False
950,64.6,12.8,0.00019999999999999998,0.00013,"[4.0, 8.0]",23.97080658754475,4.1499999999999995,22.049542828755342,21.835079562064408,3.090590176580779,0.8383721360075594,1.0,1.0,1.0,"[(4.0, 5.849999999999993), (6.199999999999992, 7.999999999999986)]",3.7499999999999867,True,20.88021641096397,23.97080658754475,False
950,64.6,12.850000000000001,0.00017499999999999997,0.00015999999999999999,"[4.0, 8.0]",23.40783526264261,4.1499999999999995,21.487545710880372,21.2661132570638,3.092339945721779,0.8342659199528506,1.0,1.0,1.0,"[(4.0, 5.849999999999993), (6.199999999999992, 7.999999999999986)]",3.7499999999999867,True,20.31549531692083,23.40783526264261,False
1000,68.0,12.8,0.000225,0.00015,"[4.0, 8.0]",35.69579138262653,7.849999999999986,34.178875643608364,34.17530966933998,3.108710547875404,0.6423528248198732,1.0,1.0,1.0,"[(4.0, 6.249999999999992), (6.349999999999992, 7.999999999999986)]",3.999999999999986,True,32.58708083475113,35.69579138262653,False
900,61.2,12.850000000000001,0.000225,0.00017999999999999998,"[4.0, 8.0]",37.531781270336964,7.999999999999986,36.00399858918023,35.959666614547444,3.136217193527017,0.725524158444421,1.0,1.0,1.0,"[(4.0, 6.149999999999992), (6.249999999999992, 7.999999999999986)]",3.999999999999986,True,34.39556407680995,37.531781270336964,False
950,64.6,12.75,0.000225,9.999999999999999e-05,"[4.0, 8.0]",22.441980086113297,4.1499999999999995,20.4575491998587,20.259550154690874,3.188472439913962,0.8695008153523167,1.0,1.0,0.6296296296296297,"[(4.0, 5.799999999999994), (6.349999999999992, 7.999999999999986)]",3.5499999999999874,True,19.253507646199335,22.441980086113297,False
1000,68.0,12.8,0.00019999999999999998,0.00013,"[4.0, 8.0]",27.070553034798138,4.05,25.217834890141237,25.118270767922226,3.2039549012249253,0.7591642855092435,1.0,1.0,1.0,"[(4.0, 6.249999999999992), (6.3999999999999915, 6.549999999999991), (6.649999999999991, 7.999999999999986)]",3.899999999999986,True,23.866598133573213,27.070553034798138,False
900,61.2,12.8,0.000225,0.00017999999999999998,"[4.0, 8.0]",37.68782848558868,7.999999999999986,36.17476012161962,36.161533742574996,3.212412592964057,0.7637848474375378,1.0,1.0,1.0,"[(4.0, 6.149999999999992), (6.249999999999992, 7.999999999999986)]",3.999999999999986,True,34.475415892624625,37.68782848558868,False
1000,68.0,12.75,0.00025,9.999999999999999e-05,"[4.0, 8.0]",26.670898133147777,4.05,24.891490609796225,24.78478457713336,3.2182674869094505,0.7527674614474023,1.0,1.0,1.0,"[(4.0, 6.249999999999992), (6.3999999999999915, 7.999999999999986)]",3.949999999999986,True,23.452630646238326,26.670898133147777,False
900,61.2,12.900000000000002,0.00017499999999999997,0.00015999999999999999,"[4.0, 8.0]",22.36849292603705,4.1,20.420968717547844,20.273926992289493,3.24564727442149,0.8055755628154181,1.0,1.0,0.6419753086419753,"[(4.0, 5.949999999999993), (6.049999999999993, 6.149999999999992), (6.249999999999992, 6.349999999999992), (6.449999999999991, 6.549999999999991), (6.649999999999991, 6.74999999999999), (6.84999999999999, 7.999999999999986)]",3.7999999999999865,True,19.12284565161556,22.36849292603705,False
900,61.2,12.850000000000001,0.00019999999999999998,0.00013,"[4.0, 8.0]",23.709089690536835,4.1,21.77275990323549,21.62377307857743,3.2524494058685036,0.7997942235583662,1.0,1.0,1.0,"[(4.0, 5.949999999999993), (6.049999999999993, 6.149999999999992), (6.249999999999992, 6.349999999999992), (6.499999999999991, 6.549999999999991), (6.649999999999991, 7.999999999999986)]",3.7999999999999865,True,20.45664028466833,23.709089690536835,False
800,54.4,12.850000000000001,0.00017499999999999997,0.00013,"[4.0, 8.0]",16.541794085284508,4.1,14.428564922827842,14.260777714405439,3.2647218576200494,0.8353221345463957,0.24691358024691357,0.0,0.0,"[(4.0, 5.649999999999994), (5.749999999999994, 5.799999999999994), (5.899999999999993, 5.949999999999993), (6.049999999999993, 6.049999999999993), (6.199999999999992, 6.199999999999992), (6.349999999999992, 6.349999999999992), (6.499999999999991, 6.499999999999991), (6.649999999999991, 6.649999999999991), (6.79999999999999, 6.79999999999999), (6.89999999999999, 6.9499999999999895), (7.049999999999989, 7.999999999999986)]",3.2999999999999883,True,13.277072227664458,16.541794085284508,False
850,57.8,12.75,0.00019999999999999998,9.999999999999999e-05,"[4.0, 8.0]",17.953580822684167,4.0,15.925609690885688,15.744351049018215,3.2699582232283095,0.7798876595485458,0.8641975308641975,0.12345679012345678,0.0,"[(4.0, 5.849999999999993), (5.949999999999993, 5.949999999999993), (6.049999999999993, 6.049999999999993), (6.149999999999992, 6.199999999999992), (6.299999999999992, 6.299999999999992), (6.3999999999999915, 6.3999999999999915), (6.499999999999991, 6.499999999999991), (6.599999999999991, 6.84999999999999), (6.9499999999999895, 7.999999999999986)]",3.649999999999987,True,14.683622599455857,17.953580822684167,False
1000,68.0,12.850000000000001,0.00017499999999999997,0.00015999999999999999,"[4.0, 8.0]",25.886571049735558,4.05,23.932011319054965,23.812854655523957,3.296364892088423,0.787646323185254,1.0,1.0,1.0,"[(4.0, 5.949999999999993), (6.0999999999999925, 6.249999999999992), (6.3999999999999915, 6.549999999999991), (6.649999999999991, 7.999999999999986)]",3.7999999999999865,True,22.590206157647135,25.886571049735558,False
850,57.8,12.900000000000002,0.00017499999999999997,0.00015999999999999999,"[4.0, 8.0]",20.698624826471345,4.0,18.578488025594574,18.391235301022284,3.2988505799617904,0.7921646663458669,1.0,1.0,0.037037037037037035,"[(4.0, 5.749999999999994), (5.849999999999993, 5.849999999999993), (5.949999999999993, 5.949999999999993), (6.049999999999993, 6.049999999999993), (6.149999999999992, 6.199999999999992), (6.299999999999992, 6.299999999999992), (6.3999999999999915, 6.3999999999999915), (6.499999999999991, 6.499999999999991), (6.599999999999991, 6.599999999999991), (6.69999999999999, 6.74999999999999), (6.84999999999999, 6.84999999999999), (6.9499999999999895, 6.9499999999999895), (7.049999999999989, 7.999999999999986)]",3.4499999999999877,True,17.399774246509555,20.698624826471345,False
850,57.8,12.8,0.00017499999999999997,0.00013,"[4.0, 8.0]",18.22029051915016,4.0,16.136866422179605,15.953005018844104,3.314330133204038,0.7943244505264585,0.9629629629629629,0.18518518518518517,0.0,"[(4.0, 5.749999999999994), (5.849999999999993, 5.849999999999993), (5.949999999999993, 5.949999999999993), (6.049999999999993, 6.049999999999993), (6.149999999999992, 6.199999999999992), (6.299999999999992, 6.299999999999992), (6.3999999999999915, 6.3999999999999915), (6.499999999999991, 6.499999999999991), (6.599999999999991, 6.599999999999991), (6.69999999999999, 6.74999999999999), (6.84999999999999, 6.84999999999999), (6.9499999999999895, 6.9499999999999895), (7.049999999999989, 7.999999999999986)]",3.4499999999999877,True,14.905960385946123,18.22029051915016,False
900,61.2,12.8,0.00017499999999999997,0.00013,"[4.0, 8.0]",19.593711693815187,4.1,17.54983016934527,17.40075501550696,3.3299641219354754,0.8399531276765498,1.0,0.7037037037037037,0.0,"[(4.0, 5.749999999999994), (5.849999999999993, 5.949999999999993), (6.049999999999993, 6.149999999999992), (6.299999999999992, 6.349999999999992), (6.499999999999991, 6.549999999999991), (6.69999999999999, 6.74999999999999), (6.89999999999999, 7.999999999999986)]",3.5499999999999874,True,16.263747571879712,19.593711693815187,False
1000,68.0,12.75,0.00019999999999999998,0.00011999999999999999,"[4.0, 8.0]",24.347475829870973,4.05,22.373695788240145,22.270466493400818,3.33327205796337,0.8078084241939335,1.0,1.0,1.0,"[(4.0, 5.949999999999993), (6.0999999999999925, 6.249999999999992), (6.3999999999999915, 6.549999999999991), (6.69999999999999, 7.999999999999986)]",3.7499999999999867,True,21.014203771907603,24.347475829870973,False
900,61.2,12.75,0.000225,0.00017999999999999998,"[4.0, 8.0]",37.893517525460325,7.999999999999986,36.378074024433914,36.39872682227286,3.336671075064068,0.8180703075441301,1.0,1.0,1.0,"[(4.05, 6.149999999999992), (6.249999999999992, 7.999999999999986)]",3.949999999999986,True,34.55684645039626,37.893517525460325,False
1000,68.0,12.75,0.000225,0.00015999999999999999,"[4.0, 8.0]",36.49817922862383,7.849999999999986,34.863490110338304,34.77260277873842,3.3590523051694987,0.7601929685458743,1.0,1.0,1.0,"[(4.0, 6.199999999999992), (6.3999999999999915, 7.999999999999986)]",3.899999999999986,True,33.139126923454334,36.49817922862383,False
1000,68.0,12.900000000000002,0.00019999999999999998,0.00015999999999999999,"[4.0, 8.0]",29.712849778244433,4.05,27.783680577534547,27.68226306761786,3.384082238187503,0.7879280345844857,1.0,1.0,1.0,"[(4.0, 5.999999999999993), (6.0999999999999925, 6.199999999999992), (6.3999999999999915, 6.549999999999991), (6.649999999999991, 7.999999999999986)]",3.7999999999999865,True,26.32876754005693,29.712849778244433,False
850,57.8,12.75,0.000225,0.00019999999999999998,"[4.0, 8.0]",39.0021173242959,7.949999999999986,37.50248721904669,37.69356909497294,3.38926360964102,0.8608766541678089,1.0,1.0,1.0,"[(4.0, 4.0), (4.1, 4.1), (4.199999999999999, 6.149999999999992), (6.249999999999992, 7.999999999999986)]",3.899999999999986,True,35.61285371465488,39.0021173242959,False
850,57.8,12.850000000000001,0.00017499999999999997,0.00015,"[4.0, 8.0]",19.35193308399382,4.0,17.19132185563497,17.009506756673325,3.4151676887207163,0.8152122357033288,1.0,0.5061728395061729,0.0,"[(4.0, 5.749999999999994), (5.849999999999993, 5.849999999999993), (5.949999999999993, 5.949999999999993), (6.049999999999993, 6.049999999999993), (6.149999999999992, 6.149999999999992), (6.299999999999992, 6.299999999999992), (6.3999999999999915, 6.3999999999999915), (6.499999999999991, 6.499999999999991), (6.599999999999991, 6.599999999999991), (6.69999999999999, 6.74999999999999), (6.84999999999999, 6.84999999999999), (6.9499999999999895, 6.9499999999999895), (7.049999999999989, 7.999999999999986)]",3.399999999999988,True,15.936765395273104,19.35193308399382,False
1000,68.0,12.7,0.00025,0.00011999999999999999,"[4.0, 8.0]",35.15865165825831,7.849999999999986,33.47689927498149,33.394322177809386,3.4842661994596895,0.7764131708642332,1.0,1.0,1.0,"[(4.0, 6.199999999999992), (6.3999999999999915, 7.999999999999986)]",3.899999999999986,True,31.674385458798618,35.15865165825831,False
1000,68.0,12.850000000000001,0.000225,0.00015999999999999999,"[4.0, 8.0]",36.62030896085389,7.849999999999986,34.92340265600332,34.82003969007249,3.492024793717171,0.7435251292150789,1.0,1.0,1.0,"[(4.0, 6.199999999999992), (6.3999999999999915, 7.999999999999986)]",3.899999999999986,True,33.12828416713672,36.62030896085389,False
1000,68.0,12.75,0.00017499999999999997,0.00013,"[4.0, 8.0]",21.850544286712132,4.05,19.706598215608903,19.53857447931196,3.5264999398960484,0.8718627545882573,1.0,1.0,0.3333333333333333,"[(4.0, 5.649999999999994), (5.799999999999994, 5.949999999999993), (6.149999999999992, 6.199999999999992), (6.449999999999991, 6.499999999999991), (6.69999999999999, 6.79999999999999), (6.9499999999999895, 7.999999999999986)]",3.349999999999988,True,18.324044346816084,21.850544286712132,False
1000,68.0,12.900000000000002,0.00017499999999999997,0.00017999999999999998,"[4.0, 8.0]",26.50622972308071,4.05,24.3837680685096,24.212377040208214,3.5399574074969102,0.8460330343452888,1.0,1.0,1.0,"[(4.0, 5.649999999999994), (5.799999999999994, 5.949999999999993), (6.0999999999999925, 6.199999999999992), (6.449999999999991, 6.499999999999991), (6.69999999999999, 6.79999999999999), (6.9499999999999895, 7.999999999999986)]",3.399999999999988,True,22.9662723155838,26.50622972308071,False
900,61.2,12.75,0.00019999999999999998,9.999999999999999e-05,"[4.0, 8.0]",18.4964276210852,4.1,16.324616015772303,16.147796494067332,3.545801649427709,0.890987325194566,0.9753086419753086,0.24691358024691357,0.0,"[(4.0, 5.5499999999999945), (5.649999999999994, 5.749999999999994), (5.849999999999993, 5.949999999999993), (6.0999999999999925, 6.0999999999999925), (6.299999999999992, 6.299999999999992), (6.499999999999991, 6.549999999999991), (6.69999999999999, 6.74999999999999), (6.89999999999999, 6.9499999999999895), (7.099999999999989, 7.999999999999986)]",3.2499999999999885,True,14.950625971657491,18.4964276210852,False
950,64.6,12.850000000000001,0.00017499999999999997,0.00015,"[4.0, 8.0]",22.03925361734995,4.1499999999999995,19.781642961590926,19.507415782608266,3.5651694744098954,0.9834683439760243,1.0,1.0,0.4074074074074074,"[(4.0, 5.649999999999994), (6.499999999999991, 7.999999999999986)]",3.2499999999999885,True,18.474084142940054,22.03925361734995,False
950,64.6,12.900000000000002,0.00017499999999999997,0.00015999999999999999,"[4.0, 8.0]",23.117131781752498,4.1499999999999995,20.808399183925246,20.52860473625192,3.627068170544735,0.9984193889906819,1.0,1.0,0.8271604938271605,"[(4.0, 5.649999999999994), (6.449999999999991, 6.449999999999991), (6.549999999999991, 6.9499999999999895), (7.349999999999988, 7.999999999999986)]",2.8999999999999897,True,19.490063611207763,23.117131781752498,False
850,57.8,12.850000000000001,0.00019999999999999998,0.00013,"[4.0, 8.0]",20.675884199656732,4.0,18.327932852033257,18.10266473141366,3.698886538341018,0.8850947697018954,1.0,0.9876543209876543,0.037037037037037035,"[(4.0, 5.399999999999995), (5.499999999999995, 5.649999999999994), (5.749999999999994, 5.749999999999994), (5.849999999999993, 5.849999999999993), (5.949999999999993, 5.949999999999993), (6.049999999999993, 6.049999999999993), (6.3999999999999915, 6.3999999999999915), (6.499999999999991, 6.499999999999991), (6.599999999999991, 6.599999999999991), (6.84999999999999, 6.84999999999999), (6.9499999999999895, 6.9499999999999895), (7.049999999999989, 7.049999999999989), (7.149999999999989, 7.999999999999986)]",3.049999999999989,True,16.976997661315714,20.675884199656732,False
950,64.6,12.75,0.000225,0.00017999999999999998,"[4.0, 8.0]",38.091233274636394,7.999999999999986,36.40527905956532,36.614032462760086,3.7070596541527436,0.8638398577676687,1.0,1.0,1.0,"[(4.0, 6.149999999999992), (6.349999999999992, 7.999999999999986)]",3.899999999999986,True,34.38417362048365,38.091233274636394,False
1000,68.0,12.8,0.000225,0.00015999999999999999,"[4.0, 8.0]",37.16648382194509,7.849999999999986,35.35887857386609,35.25961922822481,3.7464411403430873,0.8483304157775199,1.0,1.0,1.0,"[(4.0, 4.1499999999999995), (4.299999999999999, 4.449999999999998), (4.549999999999998, 6.199999999999992), (6.3999999999999915, 7.999999999999986)]",3.7499999999999867,True,33.420042681602006,37.16648382194509,False
950,64.6,12.850000000000001,0.00019999999999999998,0.00013,"[4.0, 8.0]",23.468444424456948,4.1,21.06471912458136,20.778207427652905,3.7491377616794423,1.0470987236367892,1.0,1.0,0.8518518518518519,"[(4.0, 5.599999999999994), (7.399999999999988, 7.999999999999986)]",2.299999999999992,True,19.719306662777505,23.468444424456948,False
1000,68.0,12.7,0.000225,0.00015,"[4.0, 8.0]",37.35279696252133,7.849999999999986,35.531460331654955,35.515483344524135,3.805510824228193,0.9196135925541474,1.0,1.0,1.0,"[(4.0, 4.1), (4.299999999999999, 4.449999999999998), (4.599999999999998, 6.199999999999992), (6.3999999999999915, 7.999999999999986)]",3.649999999999987,True,33.54728613829314,37.35279696252133,False
950,64.6,12.7,0.000225,0.00016999999999999999,"[4.0, 8.0]",38.19983549261338,7.999999999999986,36.5006900819849,36.716862115309596,3.8456089879454254,0.9085946310447748,1.0,1.0,1.0,"[(4.0, 4.599999999999998), (4.799999999999997, 6.149999999999992), (6.349999999999992, 7.999999999999986)]",3.7499999999999867,True,34.354226504667956,38.19983549261338,False
950,64.6,12.75,0.00019999999999999998,9.999999999999999e-05,"[4.0, 8.0]",18.853386343126747,4.1,16.40773811249407,16.16820952865362,3.849933986912065,1.066480017382554,1.0,0.2222222222222222,0.0,"[(4.0, 5.599999999999994), (7.399999999999988, 7.999999999999986)]",2.299999999999992,True,15.003452356214682,18.853386343126747,False
1000,68.0,12.850000000000001,0.00017499999999999997,0.00015,"[4.0, 8.0]",24.537174208317325,4.05,22.16474122005238,21.989420564975973,3.8555676640729786,0.9459832222749193,1.0,1.0,1.0,"[(4.0, 5.399999999999995), (5.499999999999995, 5.649999999999994), (5.849999999999993, 5.899999999999993), (6.149999999999992, 6.149999999999992), (6.74999999999999, 6.74999999999999), (6.999999999999989, 7.099999999999989), (7.2499999999999885, 7.999999999999986)]",2.79999999999999,True,20.681606544244346,24.537174208317325,False
950,64.6,12.8,0.00017499999999999997,0.00013,"[4.0, 8.0]",19.42016233465541,4.1,16.91983995232098,16.647749966802746,3.9125815487485482,1.09074444278217,1.0,0.4444444444444444,0.0,"[(4.0, 5.5499999999999945), (7.449999999999988, 7.999999999999986)]",2.199999999999992,True,15.50758078590686,19.42016233465541,False
950,64.6,12.7,0.00025,0.00014,"[4.0, 8.0]",36.791712444259666,7.999999999999986,34.925040909672255,35.08587102921123,3.9260887037481993,0.9163140696710215,1.0,1.0,1.0,"[(4.05, 4.499999999999998), (4.899999999999997, 6.149999999999992), (6.3999999999999915, 7.999999999999986)]",3.4499999999999877,True,32.86562374051147,36.791712444259666,False
1000,68.0,12.75,0.000225,9.999999999999999e-05,"[4.0, 8.0]",23.314208425532996,4.05,20.91326947191566,20.719600952295004,3.9626472459784594,0.9740035426450566,1.0,1.0,0.8271604938271605,"[(4.0, 5.349999999999995), (5.499999999999995, 5.649999999999994), (5.849999999999993, 5.899999999999993), (6.74999999999999, 6.74999999999999), (6.999999999999989, 7.099999999999989), (7.2499999999999885, 7.999999999999986)]",2.6999999999999904,True,19.351561179554537,23.314208425532996,False
1000,68.0,12.900000000000002,0.000225,0.00017999999999999998,"[4.0, 8.0]",37.56068094771607,7.849999999999986,35.62187688815331,35.55181980977979,4.0018197014905255,0.9021936468037229,1.0,1.0,1.0,"[(4.0, 4.1), (4.299999999999999, 4.449999999999998), (4.599999999999998, 4.749999999999997), (4.899999999999997, 6.199999999999992), (6.3999999999999915, 7.999999999999986)]",3.5499999999999874,True,33.55886124622555,37.56068094771607,False
1000,68.0,12.850000000000001,0.00019999999999999998,0.00013,"[4.0, 8.0]",26.247805184565554,4.05,23.764667160730674,23.592355569257894,4.054084655405962,0.9946179729535712,1.0,1.0,1.0,"[(4.0, 5.349999999999995), (5.499999999999995, 5.599999999999994), (5.849999999999993, 5.899999999999993), (6.999999999999989, 7.049999999999989), (7.2499999999999885, 7.999999999999986)]",2.549999999999991,True,22.19372052915959,26.247805184565554,False
1000,68.0,12.75,0.00025,0.00014,"[4.0, 8.0]",36.004473626331695,7.849999999999986,34.055943105672746,33.946872819584364,4.061256118413759,0.9301499840862552,1.0,1.0,1.0,"[(4.0, 4.1), (4.299999999999999, 4.449999999999998), (4.599999999999998, 4.749999999999997), (4.899999999999997, 6.199999999999992), (6.449999999999991, 7.999999999999986)]",3.4999999999999876,True,31.943217507917936,36.004473626331695,False
1000,68.0,12.75,0.000225,0.00016999999999999999,"[4.0, 8.0]",37.669420692731265,7.849999999999986,35.723001410049505,35.695133930406335,4.082556473582471,0.9733869707761617,1.0,1.0,1.0,"[(4.0, 4.1), (4.299999999999999, 4.399999999999999), (4.599999999999998, 4.749999999999997), (4.899999999999997, 6.149999999999992), (6.3999999999999915, 7.999999999999986)]",3.4499999999999877,True,33.586864219148794,37.669420692731265,False
900,61.2,12.850000000000001,0.00017499999999999997,0.00013,"[4.0, 8.0]",19.030679555239235,4.1,16.468050588922278,16.203327758978407,4.115671665843486,1.0464462383117519,0.9629629629629629,0.2962962962962963,0.0,"[(4.0, 5.349999999999995), (5.449999999999995, 5.499999999999995), (5.699999999999994, 5.699999999999994), (7.149999999999989, 7.149999999999989), (7.299999999999988, 7.399999999999988), (7.499999999999988, 7.999999999999986)]",2.299999999999992,True,14.91500788939575,19.030679555239235,False
1000,68.0,12.8,0.00017499999999999997,0.00013,"[4.0, 8.0]",22.18413956202349,4.05,19.601124567986872,19.412344944407206,4.140419337512352,1.0365795728509166,1.0,1.0,0.30864197530864196,"[(4.0, 5.349999999999995), (5.5499999999999945, 5.599999999999994), (7.049999999999989, 7.049999999999989), (7.2499999999999885, 7.399999999999988), (7.499999999999988, 7.999999999999986)]",2.299999999999992,True,18.043720224511137,22.18413956202349,False
900,61.2,12.900000000000002,0.000225,0.00019999999999999998,"[4.0, 8.0]",39.23380392484609,7.999999999999986,37.29275186590772,37.28912727257269,4.21066671465757,0.9694797737777784,1.0,1.0,1.0,"[(4.1, 4.1499999999999995), (4.299999999999999, 4.349999999999999), (4.499999999999998, 4.549999999999998), (4.649999999999998, 4.749999999999997), (4.849999999999997, 6.149999999999992), (6.349999999999992, 6.349999999999992), (6.449999999999991, 7.999999999999986)]",3.4499999999999877,True,35.02313721018852,39.23380392484609,False
1000,68.0,12.850000000000001,0.000225,0.00016999999999999999,"[4.0, 8.0]",37.81064708552697,7.849999999999986,35.786982941375136,35.76376766753419,4.237995048510939,0.9838169894218649,1.0,1.0,1.0,"[(4.0, 4.1), (4.299999999999999, 4.399999999999999), (4.599999999999998, 4.749999999999997), (4.899999999999997, 6.199999999999992), (6.449999999999991, 7.999999999999986)]",3.4499999999999877,True,33.572652037016034,37.81064708552697,False
850,57.8,12.850000000000001,0.00017499999999999997,0.00013,"[4.0, 8.0]",16.571209811053873,4.0,13.678122641430283,13.34357055494621,4.466347349909116,1.0963590399094114,0.16049382716049382,0.0,0.0,"[(4.0, 5.099999999999996), (5.199999999999996, 5.199999999999996), (5.299999999999995, 5.299999999999995), (5.399999999999995, 5.399999999999995), (7.399999999999988, 7.399999999999988), (7.499999999999988, 7.499999999999988), (7.599999999999987, 7.999999999999986)]",1.8499999999999934,True,12.104862461144757,16.571209811053873,False
900,61.2,12.850000000000001,0.000225,0.00019999999999999998,"[4.0, 8.0]",39.49669401439432,7.999999999999986,37.47977093969399,37.475937802979416,4.539099601112007,1.0456503324456297,1.0,1.0,1.0,"[(4.1, 4.1), (4.299999999999999, 4.349999999999999), (4.499999999999998, 4.549999999999998), (4.6999999999999975, 4.749999999999997), (4.849999999999997, 4.949999999999997), (5.049999999999996, 6.149999999999992), (6.449999999999991, 7.999999999999986)]",3.2499999999999885,True,34.957594413282315,39.49669401439432,False
950,64.6,12.850000000000001,0.000225,0.00019999999999999998,"[4.0, 8.0]",38.94292291198837,7.999999999999986,36.87668973604502,37.108243739964365,4.588450309169566,1.0450717030074448,1.0,1.0,1.0,"[(4.1499999999999995, 4.349999999999999), (4.9999999999999964, 6.149999999999992), (6.449999999999991, 7.999999999999986)]",3.049999999999989,True,34.3544726028188,38.94292291198837,False
1000,68.0,12.8,0.000225,0.00016999999999999999,"[4.0, 8.0]",38.156402929306374,7.849999999999986,36.00806718326959,36.00123719451018,4.597179960438119,1.0915546287785174,1.0,1.0,1.0,"[(4.05, 4.05), (4.349999999999999, 4.399999999999999), (4.649999999999998, 4.6999999999999975), (4.949999999999997, 5.049999999999996), (5.199999999999996, 6.149999999999992), (6.449999999999991, 7.999999999999986)]",2.9999999999999893,True,33.559222968868255,38.156402929306374,False
1000,68.0,12.900000000000002,0.00017499999999999997,0.00015999999999999999,"[4.0, 8.0]",23.99894452042104,4.05,21.051654951309942,20.852701236636545,4.649475180170288,1.1672514720625269,1.0,1.0,0.8148148148148148,"[(4.0, 5.049999999999996), (5.199999999999996, 5.299999999999995), (7.549999999999987, 7.999999999999986)]",1.7499999999999938,True,19.349469340250753,23.99894452042104,False
950,64.6,12.649999999999999,0.000225,0.00016999999999999999,"[4.0, 8.0]",38.67875224953072,7.999999999999986,36.800396619400495,37.02939676609968,4.6551910290272644,1.0444334981939125,1.0,1.0,1.0,"[(4.1, 4.449999999999998), (4.949999999999997, 6.149999999999992), (6.349999999999992, 7.999999999999986)]",3.349999999999988,True,34.02356122050345,38.67875224953072,False
950,64.6,12.900000000000002,0.000225,0.00019999999999999998,"[4.0, 8.0]",39.04636669422834,7.999999999999986,36.92312266524418,37.17082808445949,4.697046960934742,1.0631932178026364,1.0,1.0,1.0,"[(4.199999999999999, 4.299999999999999), (5.049999999999996, 6.149999999999992), (6.449999999999991, 7.999999999999986)]",2.8999999999999897,True,34.3493197332936,39.04636669422834,False
900,61.2,12.8,0.000225,0.00019999999999999998,"[4.0, 8.0]",39.565809103932445,7.999999999999986,37.53125913214225,37.58107911758157,4.702116090681052,1.07596352075465,1.0,1.0,1.0,"[(4.1, 4.1), (4.299999999999999, 4.299999999999999), (4.499999999999998, 4.549999999999998), (4.6999999999999975, 4.749999999999997), (4.849999999999997, 4.949999999999997), (5.049999999999996, 6.149999999999992), (6.449999999999991, 7.999999999999986)]",3.1999999999999886,True,34.86369301325139,39.565809103932445,False
1000,68.0,12.75,0.00019999999999999998,9.999999999999999e-05,"[4.0, 8.0]",19.680363799992275,4.05,16.709841922683623,16.428112475598823,4.730314198535174,1.2000056007767688,0.9876543209876543,0.37037037037037035,0.0,"[(4.0, 5.049999999999996), (5.249999999999996, 5.299999999999995), (7.299999999999988, 7.299999999999988), (7.549999999999987, 7.999999999999986)]",1.7499999999999938,True,14.950049601457101,19.680363799992275,False
1000,68.0,12.649999999999999,0.00025,0.00014,"[4.0, 8.0]",36.68400638918041,7.849999999999986,34.48489648373938,34.450547438037866,4.75303639639759,1.1467876764068063,1.0,1.0,1.0,"[(4.649999999999998, 4.6999999999999975), (4.949999999999997, 5.049999999999996), (5.199999999999996, 6.149999999999992), (6.449999999999991, 7.999999999999986)]",2.84999999999999,True,31.93096999278282,36.68400638918041,False
950,64.6,12.850000000000001,0.00017499999999999997,0.00013,"[4.0, 8.0]",18.794738414720264,4.05,15.672163475462355,15.315012069582863,4.757302134697509,1.3503861832752588,0.5555555555555556,0.14814814814814814,0.0,"[(4.0, 5.349999999999995), (7.699999999999987, 7.999999999999986)]",1.7499999999999938,True,14.037436280022755,18.794738414720264,False
950,64.6,12.649999999999999,0.00025,0.00014,"[4.0, 8.0]",37.28630018848451,7.999999999999986,35.168388869340326,35.33628772158983,4.7738433951007835,1.0931157337589315,1.0,1.0,1.0,"[(4.199999999999999, 4.249999999999999), (5.049999999999996, 6.149999999999992), (6.3999999999999915, 7.999999999999986)]",2.8999999999999897,True,32.51245679338373,37.28630018848451,False
950,64.6,12.8,0.000225,0.00019999999999999998,"[4.0, 8.0]",39.00098829301005,7.999999999999986,36.898742457857935,37.12371917000555,4.777138869936962,1.0820381914230182,1.0,1.0,1.0,"[(4.199999999999999, 4.299999999999999), (5.049999999999996, 6.149999999999992), (6.3999999999999915, 7.999999999999986)]",2.9499999999999895,True,34.22384942307309,39.00098829301005,False
1000,68.0,12.649999999999999,0.000225,0.00016999999999999999,"[4.0, 8.0]",38.23020678452801,7.849999999999986,36.0891037887471,36.156033432926876,4.791999482545592,1.1472731482689138,1.0,1.0,1.0,"[(4.349999999999999, 4.349999999999999), (4.649999999999998, 4.6999999999999975), (4.949999999999997, 5.049999999999996), (5.199999999999996, 6.149999999999992), (6.3999999999999915, 7.999999999999986)]",2.9499999999999895,True,33.438207301982416,38.23020678452801,False
900,61.2,12.75,0.000225,0.00019999999999999998,"[4.0, 8.0]",39.63439505407513,7.999999999999986,37.582335373487304,37.675430204601525,4.943016670039185,1.1116211012877066,1.0,1.0,1.0,"[(4.299999999999999, 4.299999999999999), (4.499999999999998, 4.499999999999998), (4.6999999999999975, 4.749999999999997), (4.849999999999997, 4.949999999999997), (5.049999999999996, 6.149999999999992), (6.449999999999991, 7.999999999999986)]",3.099999999999989,True,34.69137838403594,39.63439505407513,False
1000,68.0,12.75,0.000225,0.00017999999999999998,"[4.0, 8.0]",38.43999092208337,7.849999999999986,36.158359221992626,36.16607407070381,5.001500048440782,1.200770631623609,1.0,1.0,1.0,"[(4.949999999999997, 4.9999999999999964), (5.199999999999996, 6.149999999999992), (6.449999999999991, 7.999999999999986)]",2.6999999999999904,True,33.438490873642586,38.43999092208337,False
1000,68.0,12.850000000000001,0.000225,0.00017999999999999998,"[4.0, 8.0]",38.554938451757344,7.849999999999986,36.18916494791183,36.22845178163765,5.15760118875852,1.251159736618295,1.0,1.0,1.0,"[(4.949999999999997, 4.9999999999999964), (5.249999999999996, 5.349999999999995), (5.449999999999995, 6.149999999999992), (6.449999999999991, 7.999999999999986)]",2.5999999999999908,True,33.397337262998825,38.554938451757344,False
1000,68.0,12.850000000000001,0.00017499999999999997,0.00013,"[4.0, 8.0]",21.254367900247573,4.05,17.920986026550658,17.63411172946737,5.193157407013203,1.3373150286959672,1.0,0.691358024691358,0.1111111111111111,"[(4.0, 5.049999999999996), (7.599999999999987, 7.599999999999987), (7.7999999999999865, 7.999999999999986)]",1.399999999999995,True,16.06121049323437,21.254367900247573,False
1000,68.0,12.8,0.000225,0.00017999999999999998,"[4.0, 8.0]",38.74651598539312,7.849999999999986,36.23382205569326,36.289840678968204,5.598752590460677,1.358398958705838,1.0,1.0,1.0,"[(5.249999999999996, 5.349999999999995), (5.499999999999995, 6.149999999999992), (6.499999999999991, 7.999999999999986)]",2.3999999999999915,True,33.14776339493244,38.74651598539312,False
950,64.6,12.75,0.000225,0.00019999999999999998,"[4.0, 8.0]",39.39525748492843,7.999999999999986,37.033411136881554,37.244811397782755,5.674923793393454,1.259529935241431,1.0,1.0,1.0,"[(5.149999999999996, 6.149999999999992), (6.449999999999991, 7.999999999999986)]",2.6499999999999906,True,33.720333691534975,39.39525748492843,False
1000,68.0,12.900000000000002,0.000225,0.00019999999999999998,"[4.0, 8.0]",38.813201742992256,7.849999999999986,36.23991809878628,36.27695776765253,5.807185711174128,1.4242797345891312,1.0,1.0,1.0,"[(5.249999999999996, 5.349999999999995), (5.499999999999995, 6.149999999999992), (6.649999999999991, 7.999999999999986)]",2.249999999999992,True,33.00601603181813,38.813201742992256,False
1000,68.0,12.7,0.00025,0.00014,"[4.0, 8.0]",37.1772867406405,7.849999999999986,34.49277546541091,34.73560906884834,6.038479469209648,1.4560236457129236,1.0,1.0,1.0,"[(5.299999999999995, 5.299999999999995), (5.5499999999999945, 6.149999999999992), (6.449999999999991, 7.999999999999986)]",2.299999999999992,True,31.13880727143085,37.1772867406405,False
1000,68.0,12.7,0.000225,0.00016999999999999999,"[4.0, 8.0]",38.87772568772809,7.849999999999986,36.29896907870148,36.56033793139828,6.122142112990375,1.4082386542437197,1.0,1.0,1.0,"[(5.249999999999996, 5.299999999999995), (5.499999999999995, 6.149999999999992), (6.449999999999991, 7.999999999999986)]",2.3999999999999915,True,32.75558357473771,38.87772568772809,False
1000,68.0,12.75,0.000225,0.00019999999999999998,"[4.0, 8.0]",39.11847537128788,7.849999999999986,36.14179361127647,36.4449257183811,7.50379033989153,1.7061998418896442,1.0,1.0,1.0,"[(5.5499999999999945, 6.149999999999992), (6.499999999999991, 7.999999999999986)]",2.199999999999992,True,31.61468503139635,39.11847537128788,False
1000,68.0,12.850000000000001,0.000225,0.00019999999999999998,"[4.0, 8.0]",39.048935509761364,7.849999999999986,35.97869590237285,36.24893808007387,7.636553395935582,1.8371569550096014,1.0,1.0,1.0,"[(5.5499999999999945, 6.149999999999992), (6.599999999999991, 7.999999999999986)]",2.0999999999999925,True,31.41238211382578,39.048935509761364,False
1000,68.0,12.8,0.000225,0.00019999999999999998,"[4.0, 8.0]",39.15814092880097,7.849999999999986,35.926026625144665,36.225492861919655,8.563701963497088,1.9429341827644808,1.0,1.0,1.0,"[(5.599999999999994, 5.649999999999994), (5.749999999999994, 6.149999999999992), (6.499999999999991, 7.999999999999986)]",2.0999999999999925,True,30.59443896530388,39.15814092880097,False
