pattern,supercell_repeats,device_length_mm,pump_GHz,Idc_A,Ip0_A,band_GHz,peak_gain_db,peak_frequency_GHz,mean_in_band_gain_db,median_in_band_gain_db,ripple_peak_to_peak_db,ripple_std_db,fraction_above_15db,fraction_above_17db,fraction_above_20db,bandwidth_regions_GHz,total_3db_bandwidth_GHz,finite,minimum_in_band_gain_db,maximum_in_band_gain_db,strict_pass
15-4-15,1600,108.8,11.0,0.00025,0.00021999999999999998,"[4.0, 8.0]",31.933264555666042,6.5,28.219586286526674,28.842973049645877,8.40610365582727,2.8413908318793615,1.0,1.0,1.0,"[(5.0, 5.0), (6.0, 7.0)]",2.0,True,23.527160899838773,31.933264555666042,False
15-4-15,2200,149.6,11.0,0.00045,0.00021999999999999998,"[4.0, 8.0]",39.68636857476329,6.5,35.64211443252442,36.90340779361798,8.917754591654237,3.1579560650581397,1.0,1.0,1.0,"[(4.5, 4.5), (5.5, 5.5), (6.5, 7.5)]",2.5,True,30.768613983109056,39.68636857476329,False
15-4-15,2200,149.6,11.2,0.00025,0.00029,"[4.0, 8.0]",40.58099996125836,7.5,35.4850424770305,35.90705943641244,10.023947549488703,2.675930399121309,1.0,1.0,1.0,"[(7.5, 7.5)]",0.5,True,30.557052411769654,40.58099996125836,False
15-4-15,1600,108.8,11.2,0.00025,0.00029,"[4.0, 8.0]",41.96451807035858,7.0,36.30480024876718,36.05460302462586,10.507435592619927,2.803707454668799,1.0,1.0,1.0,"[(7.0, 7.0)]",0.5,True,31.457082477738652,41.96451807035858,False
15-4-15,2200,149.6,11.2,0.00035,0.00029,"[4.0, 8.0]",41.18087666170632,8.0,36.25921410841781,38.97172964225796,10.79354235367104,4.369180668791708,1.0,1.0,1.0,"[(5.5, 5.5), (6.5, 8.0)]",2.5,True,30.387334308035282,41.18087666170632,False
15-4-15,2200,149.6,11.2,0.00035,0.00021999999999999998,"[4.0, 8.0]",37.07268096532671,8.0,29.465665044859968,28.349664892860098,12.985664377958255,3.89127553883647,1.0,1.0,1.0,"[(7.5, 8.0)]",1.0,True,24.087016587368456,37.07268096532671,False
15-4-15,1600,108.8,11.0,0.00045,0.00029,"[4.0, 8.0]",43.921696837105614,8.0,37.13799059902945,38.996972820750045,14.269102789003185,5.026208891453242,1.0,1.0,1.0,"[(6.5, 6.5), (8.0, 8.0)]",1.0,True,29.65259404810243,43.921696837105614,False
15-4-15,1200,81.6,11.0,0.00035,0.00021999999999999998,"[4.0, 8.0]",34.74658689127926,7.5,30.354200378364983,31.60428269103943,15.213281091341475,4.3544408525836396,1.0,1.0,0.8888888888888888,"[(6.0, 7.5)]",2.0,True,19.533305799937782,34.74658689127926,False
15-4-15,1600,108.8,11.2,0.00035,0.00021999999999999998,"[4.0, 8.0]",34.28804645227883,8.0,28.43284019774864,28.763575347331063,15.550195006194684,5.084637681706744,1.0,1.0,0.8888888888888888,"[(5.5, 6.0), (7.5, 8.0)]",2.0,True,18.737851446084143,34.28804645227883,False
15-4-15,2200,149.6,11.2,0.00045,0.00021999999999999998,"[4.0, 8.0]",38.67439803293678,7.0,32.019430536619005,34.87419366545247,15.845817592944886,5.418770159898256,1.0,1.0,1.0,"[(7.0, 7.5)]",1.0,True,22.828580439991892,38.67439803293678,False
15-4-15,1200,81.6,11.0,0.00025,0.00029,"[4.0, 8.0]",38.295661908030155,8.0,30.067903828620032,31.324414085443312,17.051549384034846,4.7721581292564474,1.0,1.0,1.0,"[(8.0, 8.0)]",0.5,True,21.24411252399531,38.295661908030155,False
15-4-15,900,61.2,11.0,0.00045,0.00029,"[4.0, 8.0]",42.427453206157544,7.5,33.01017063067101,31.203044989695474,18.516389195211012,5.139445489799141,1.0,1.0,1.0,"[(7.5, 7.5)]",0.5,True,23.911064010946532,42.427453206157544,False
15-4-15,1600,108.8,11.0,0.00025,0.00029,"[4.0, 8.0]",40.84233569046983,7.5,34.2183759340409,35.075109677398984,19.426374489828497,5.135326921264285,1.0,1.0,1.0,"[(7.5, 7.5)]",0.5,True,21.415961200641334,40.84233569046983,False
15-4-15,2200,149.6,11.0,0.00025,0.00029,"[4.0, 8.0]",41.82082383423612,5.5,36.715044752967145,37.59195423810602,22.52011509929208,6.486149767984918,1.0,1.0,0.8888888888888888,"[(5.5, 5.5), (6.5, 7.0), (8.0, 8.0)]",2.0,True,19.300708734944042,41.82082383423612,False
15-4-15,2200,149.6,11.0,0.00045,0.00029,"[4.0, 8.0]",101.47624918137582,7.5,46.95065618416319,41.48001254758091,78.54210393769036,22.612023490480933,1.0,1.0,1.0,"[(7.5, 7.5)]",0.5,True,22.934145243685467,101.47624918137582,False
15-4-15,900,61.2,11.2,0.00035,0.00029,"[4.0, 8.0]",36.84758836694458,7.0,30.56380001218108,33.4655764227066,26.835608300929746,8.055710425651515,0.8888888888888888,0.8888888888888888,0.8888888888888888,"[(6.0, 7.0)]",1.5,True,10.011980066014832,36.84758836694458,False
15-4-15,1200,81.6,11.2,0.00035,0.00029,"[4.0, 8.0]",30.37494050961335,5.5,24.69903888846612,25.853961912063173,20.47781684323835,5.50515087539239,0.8888888888888888,0.8888888888888888,0.8888888888888888,"[(4.0, 4.0), (5.5, 5.5)]",1.0,True,9.897123666374997,30.37494050961335,False
15-4-15,1600,108.8,11.2,0.00035,0.00029,"[4.0, 8.0]",38.46055743640855,7.0,31.62028957593661,35.92313708313922,33.69811874015411,10.116508662082579,0.8888888888888888,0.8888888888888888,0.8888888888888888,"[(4.0, 4.5), (5.5, 5.5), (7.0, 7.5)]",2.5,True,4.76243869625444,38.46055743640855,False
15-4-15,1600,108.8,11.0,0.00035,0.00021999999999999998,"[4.0, 8.0]",38.577845669949724,7.5,28.118112707258664,32.15039250478204,37.5262527708967,10.875738669538668,0.8888888888888888,0.8888888888888888,0.7777777777777778,"[(6.5, 6.5), (7.5, 7.5)]",1.0,True,1.0515928990530299,38.577845669949724,False
15-4-15,1600,108.8,11.2,0.00045,0.00021999999999999998,"[4.0, 8.0]",38.84785559761971,7.5,28.29885255216107,28.928193707912676,26.164478684982043,8.441361895456694,0.8888888888888888,0.7777777777777778,0.7777777777777778,"[(7.0, 7.5)]",1.0,True,12.683376912637671,38.84785559761971,False
15-4-15,900,61.2,11.2,0.00045,0.00021999999999999998,"[4.0, 8.0]",25.815670078429665,4.0,20.4199394964277,21.567922618954725,15.637898962685842,4.990121104677563,0.7777777777777778,0.7777777777777778,0.6666666666666666,"[(4.0, 4.5), (7.0, 7.5)]",2.0,True,10.177771115743823,25.815670078429665,False
15-4-15,2200,149.6,11.2,0.00045,0.00029,"[4.0, 8.0]",38.77609245730789,7.0,27.04166038018629,33.71245143923837,37.79293033794926,13.876545129407138,0.7777777777777778,0.7777777777777778,0.7777777777777778,"[(5.0, 5.0), (7.0, 7.0)]",1.0,True,0.9831621193586283,38.77609245730789,False
15-4-15,1200,81.6,12.399999999999995,0.00045,0.00029,"[4.0, 8.0]",35.862085619802656,7.5,23.733054833439397,26.46137805876897,36.061641006680496,10.935507688368231,0.7777777777777778,0.7777777777777778,0.6666666666666666,"[(6.5, 6.5), (7.5, 7.5)]",1.0,True,-0.19955538687783997,35.862085619802656,False
15-4-15,900,61.2,11.0,0.00025,0.00029,"[4.0, 8.0]",40.87513607866674,6.5,24.815634929705666,32.7831678393006,51.35207733717469,16.609106109732174,0.7777777777777778,0.7777777777777778,0.7777777777777778,"[(6.5, 6.5)]",0.5,True,-10.476941258507953,40.87513607866674,False
15-4-15,900,61.2,11.0,0.00025,0.00021999999999999998,"[4.0, 8.0]",25.87721841616499,7.5,19.770096297149685,19.6279983486637,13.302149128158145,4.448345163875621,0.7777777777777778,0.6666666666666666,0.4444444444444444,"[(4.0, 4.0), (7.0, 7.5)]",1.5,True,12.575069288006844,25.87721841616499,False
15-4-15,1600,108.8,11.0,0.00045,0.00015,"[4.0, 8.0]",28.076343753381874,8.0,19.79050882932307,21.133898720662316,18.12375542438994,4.7544897902425145,0.8888888888888888,0.6666666666666666,0.5555555555555556,"[(8.0, 8.0)]",0.5,True,9.952588328991931,28.076343753381874,False
15-4-15,2200,149.6,11.0,0.00035,0.00021999999999999998,"[4.0, 8.0]",31.63590582762044,5.5,17.7673296773357,18.708081589597608,30.344882626614528,10.403008889368765,0.6666666666666666,0.6666666666666666,0.4444444444444444,"[(5.5, 5.5), (8.0, 8.0)]",1.0,True,1.2910232010059115,31.63590582762044,False
15-4-15,1200,81.6,11.2,0.00045,0.00029,"[4.0, 8.0]",33.27396708767367,6.0,20.199512424660824,25.710920543639105,36.05671602335246,13.028150370841864,0.6666666666666666,0.6666666666666666,0.6666666666666666,"[(5.0, 5.0), (6.0, 6.0)]",1.0,True,-2.782748935678791,33.27396708767367,False
15-4-15,1200,81.6,11.2,0.00045,0.00021999999999999998,"[4.0, 8.0]",29.682211585313205,8.0,19.62505053430326,17.677004839703734,15.39799113152246,5.062943073763689,0.7777777777777778,0.5555555555555556,0.3333333333333333,"[(8.0, 8.0)]",0.5,True,14.284220453790745,29.682211585313205,False
15-4-15,1600,108.8,12.599999999999994,0.00045,0.00029,"[4.0, 8.0]",35.512715581614785,7.0,20.305940356938265,17.24497980497312,33.622087233675856,11.513135361253841,0.6666666666666666,0.5555555555555556,0.3333333333333333,"[(7.0, 8.0)]",1.5,True,1.8906283479389283,35.512715581614785,False
15-4-15,900,61.2,12.399999999999995,0.00045,0.00029,"[4.0, 8.0]",32.84607615703679,5.5,17.501532329993925,17.740343378706584,32.35513369122428,10.000412995448043,0.6666666666666666,0.5555555555555556,0.4444444444444444,"[(5.5, 5.5)]",0.5,True,0.4909424658125111,32.84607615703679,False
15-4-15,1200,81.6,12.399999999999995,0.00035,0.00029,"[4.0, 8.0]",33.13803830117039,8.0,16.803450576581813,19.09561981498861,40.16175350703829,12.505248356095839,0.6666666666666666,0.5555555555555556,0.4444444444444444,"[(7.0, 7.0), (8.0, 8.0)]",1.0,True,-7.0237152058679015,33.13803830117039,False
15-4-15,1200,81.6,12.399999999999995,0.00045,0.00021999999999999998,"[4.0, 8.0]",31.63347781476955,7.0,14.071788367478199,10.094797389254788,30.504566311286208,11.597805554365491,0.4444444444444444,0.4444444444444444,0.3333333333333333,"[(7.0, 7.0)]",0.5,True,1.1289115034833395,31.63347781476955,False
15-4-15,1600,108.8,12.999999999999993,0.00045,0.00029,"[4.0, 8.0]",26.348536750140497,7.0,13.044402381996726,13.284751739081774,26.560474157913973,9.960080110820618,0.4444444444444444,0.4444444444444444,0.2222222222222222,"[(7.0, 7.5)]",1.0,True,-0.21193740777347742,26.348536750140497,False
15-4-15,1200,81.6,11.0,0.00045,0.00021999999999999998,"[4.0, 8.0]",31.17781587811574,5.5,13.38871025672973,15.84967106087639,37.134085075265645,14.27048874153864,0.5555555555555556,0.4444444444444444,0.3333333333333333,"[(5.0, 6.0)]",1.5,True,-5.956269197149908,31.17781587811574,False
15-4-15,900,61.2,11.0,0.00035,0.00021999999999999998,"[4.0, 8.0]",25.05604273647591,5.5,10.133986754446015,13.24093646367361,34.67857874258728,12.222564440292,0.4444444444444444,0.4444444444444444,0.3333333333333333,"[(5.0, 6.0)]",1.5,True,-9.622536006111371,25.05604273647591,False
15-4-15,900,61.2,12.399999999999995,0.00035,0.00029,"[4.0, 8.0]",28.4719158687163,6.0,12.158178948092438,14.294145226327405,28.363693420207586,11.267621368636403,0.4444444444444444,0.3333333333333333,0.3333333333333333,"[(5.5, 6.0)]",1.0,True,0.1082224485087152,28.4719158687163,False
15-4-15,900,61.2,12.399999999999995,0.00045,0.00021999999999999998,"[4.0, 8.0]",26.46602645583745,6.0,9.123809545742596,3.6625121615625855,26.5809218590249,10.550562072881833,0.3333333333333333,0.3333333333333333,0.3333333333333333,"[(6.0, 6.5)]",1.0,True,-0.11489540318745023,26.46602645583745,False
15-4-15,900,61.2,12.999999999999993,0.00045,0.00029,"[4.0, 8.0]",25.16927468359487,5.0,7.290904529729019,1.9373637837491593,29.537137000331114,10.293494357732785,0.3333333333333333,0.3333333333333333,0.2222222222222222,"[(5.0, 5.0)]",0.5,True,-4.367862316736244,25.16927468359487,False
15-4-15,1600,108.8,12.599999999999994,0.00035,0.00029,"[4.0, 8.0]",30.87631102517808,7.5,10.951130857381077,7.205201816933356,36.87702262226527,12.67066780999092,0.3333333333333333,0.3333333333333333,0.2222222222222222,"[(7.5, 8.0)]",1.0,True,-6.000711597087193,30.87631102517808,False
15-4-15,1200,81.6,11.0,0.00035,0.00029,"[4.0, 8.0]",34.242544614265675,5.5,7.119572534855411,-0.12840905630631,47.62271864028308,16.903902148870152,0.3333333333333333,0.3333333333333333,0.3333333333333333,"[(5.5, 5.5)]",0.5,True,-13.38017402601741,34.242544614265675,False
15-4-15,900,61.2,11.0,0.00035,0.00029,"[4.0, 8.0]",37.094858395924824,8.0,11.39284718476068,3.8903846802227577,35.692689771705005,12.572644717388236,0.2222222222222222,0.2222222222222222,0.2222222222222222,"[(8.0, 8.0)]",0.5,True,1.4021686242198212,37.094858395924824,False
15-4-15,900,61.2,12.799999999999994,0.00045,0.00029,"[4.0, 8.0]",25.396716922724742,5.0,8.17696294810658,1.1413149199858628,25.12354473490403,9.10096212574342,0.2222222222222222,0.2222222222222222,0.1111111111111111,"[(5.0, 5.0)]",0.5,True,0.2731721878207134,25.396716922724742,False
15-4-15,1200,81.6,12.399999999999995,0.00025,0.00029,"[4.0, 8.0]",29.98937370194237,8.0,8.464321400436393,5.7334964791022625,29.739064366076573,9.879489749770919,0.2222222222222222,0.2222222222222222,0.2222222222222222,"[(8.0, 8.0)]",0.5,True,0.25030933586579557,29.98937370194237,False
15-4-15,900,61.2,13.399999999999991,0.00035,0.00029,"[4.0, 8.0]",20.173639742445882,8.0,5.249316238519069,1.4485695870598176,19.984973495094778,7.955068292024724,0.2222222222222222,0.2222222222222222,0.2222222222222222,"[(5.5, 5.5), (8.0, 8.0)]",1.0,True,0.18866624735110374,20.173639742445882,False
15-4-15,900,61.2,12.399999999999995,0.00025,0.00029,"[4.0, 8.0]",26.71595425105768,6.5,6.807702374440335,0.5556187910040353,26.73185528376233,9.775075546962313,0.2222222222222222,0.2222222222222222,0.2222222222222222,"[(6.5, 6.5)]",0.5,True,-0.015901032704647343,26.71595425105768,False
15-4-15,1200,81.6,13.399999999999991,0.00045,0.00029,"[4.0, 8.0]",24.264531646582626,6.0,6.072531492964199,2.1719431830247555,24.293287035544424,8.819394737128867,0.2222222222222222,0.2222222222222222,0.2222222222222222,"[(6.0, 6.0)]",0.5,True,-0.028755388961799636,24.264531646582626,False
15-4-15,1600,108.8,12.599999999999994,0.00045,0.00021999999999999998,"[4.0, 8.0]",26.850564304057336,7.5,9.181508456908169,8.07420359460674,26.951312834491752,8.891322344126545,0.3333333333333333,0.2222222222222222,0.1111111111111111,"[(7.5, 7.5)]",0.5,True,-0.10074853043441423,26.850564304057336,False
15-4-15,900,61.2,12.399999999999995,0.00035,0.00021999999999999998,"[4.0, 8.0]",25.328941355723185,6.5,6.534507255283348,0.5842944189705253,25.472392653454673,10.036492372762657,0.2222222222222222,0.2222222222222222,0.2222222222222222,"[(6.0, 6.5)]",1.0,True,-0.1434512977314882,25.328941355723185,False
15-4-15,900,61.2,12.399999999999995,0.00025,0.00021999999999999998,"[4.0, 8.0]",21.510432298502376,6.5,4.694861106182013,0.36450315734869,21.714271648638533,8.040201908581675,0.2222222222222222,0.2222222222222222,0.1111111111111111,"[(6.5, 6.5)]",0.5,True,-0.20383935013615848,21.510432298502376,False
15-4-15,1600,108.8,13.399999999999991,0.00045,0.00021999999999999998,"[4.0, 8.0]",20.11284349891463,7.0,4.512608784107517,0.4326675743904584,20.556586804947983,7.6307518063539534,0.2222222222222222,0.2222222222222222,0.1111111111111111,"[(7.0, 7.5)]",1.0,True,-0.4437433060333552,20.11284349891463,False
15-4-15,1200,81.6,12.399999999999995,0.00035,0.00021999999999999998,"[4.0, 8.0]",29.468605223316487,8.0,8.871944307195506,4.351466850308357,29.973657192706774,10.8509448283419,0.2222222222222222,0.2222222222222222,0.2222222222222222,"[(8.0, 8.0)]",0.5,True,-0.5050519693902878,29.468605223316487,False
15-4-15,900,61.2,12.599999999999994,0.00045,0.00029,"[4.0, 8.0]",23.861363511759663,6.0,6.9910006603198775,1.762991633676142,24.5344357359706,9.68255941903107,0.2222222222222222,0.2222222222222222,0.2222222222222222,"[(5.5, 6.0)]",1.0,True,-0.6730722242109375,23.861363511759663,False
15-4-15,1200,81.6,12.999999999999993,0.00045,0.00029,"[4.0, 8.0]",22.669153784467223,6.0,5.970923397284778,0.7550817535184685,23.351990478419495,8.649935742787527,0.2222222222222222,0.2222222222222222,0.2222222222222222,"[(6.0, 6.5)]",1.0,True,-0.6828366939522708,22.669153784467223,False
15-4-15,1600,108.8,13.399999999999991,0.00045,0.00029,"[4.0, 8.0]",23.50185211718355,7.0,7.137435620402826,2.579244799072983,24.2117888251693,8.60766563851224,0.2222222222222222,0.2222222222222222,0.1111111111111111,"[(7.0, 7.0)]",0.5,True,-0.7099367079857523,23.50185211718355,False
15-4-15,1600,108.8,13.199999999999992,0.00045,0.00029,"[4.0, 8.0]",26.947210353069856,7.5,7.158547013502546,0.9541869652143464,27.742869411473745,9.943661527564881,0.2222222222222222,0.2222222222222222,0.2222222222222222,"[(7.5, 7.5)]",0.5,True,-0.7956590584038874,26.947210353069856,False
15-4-15,2200,149.6,11.0,0.00035,0.00029,"[4.0, 8.0]",36.332188532961084,5.0,8.133080529884829,0.6130805562759263,37.33533416959798,14.063709369934786,0.2222222222222222,0.2222222222222222,0.2222222222222222,"[(5.0, 5.0)]",0.5,True,-1.0031456366368954,36.332188532961084,False
15-4-15,1600,108.8,12.799999999999994,0.00045,0.00029,"[4.0, 8.0]",29.59282111122599,8.0,7.912127523718938,1.5449422938262056,32.13604291615896,11.40393638113343,0.2222222222222222,0.2222222222222222,0.2222222222222222,"[(7.5, 8.0)]",1.0,True,-2.5432218049329687,29.59282111122599,False
15-4-15,1600,108.8,13.399999999999991,0.00035,0.00029,"[4.0, 8.0]",25.32957406531144,7.0,6.250664427157926,0.7026907804063881,27.942035581429906,9.541246453841225,0.2222222222222222,0.2222222222222222,0.1111111111111111,"[(7.0, 7.0)]",0.5,True,-2.6124615161184654,25.32957406531144,False
15-4-15,1600,108.8,13.199999999999992,0.00035,0.00029,"[4.0, 8.0]",23.315064474693994,7.0,6.256650235230477,0.40006601223119787,26.175120665904025,9.875247726564597,0.2222222222222222,0.2222222222222222,0.2222222222222222,"[(7.0, 7.5)]",1.0,True,-2.8600561912100324,23.315064474693994,False
15-4-15,1600,108.8,12.399999999999995,0.00045,0.00029,"[4.0, 8.0]",25.181461994664037,8.0,7.8994735520230535,1.949129343940614,28.27386624155359,10.02755588472902,0.2222222222222222,0.2222222222222222,0.2222222222222222,"[(7.5, 8.0)]",1.0,True,-3.0924042468895556,25.181461994664037,False
15-4-15,900,61.2,13.199999999999992,0.00045,0.00029,"[4.0, 8.0]",17.147350806458338,5.5,4.219178578173622,0.6357011306962256,17.203135161747642,6.63253821848084,0.2222222222222222,0.1111111111111111,0.0,"[(5.5, 5.5), (8.0, 8.0)]",1.0,True,-0.055784355289303776,17.147350806458338,False
15-4-15,900,61.2,12.399999999999995,0.00045,0.00015,"[4.0, 8.0]",19.861849310999148,6.5,4.949062808130008,1.4044145047349441,19.93231347674727,6.530044648801204,0.1111111111111111,0.1111111111111111,0.0,"[(6.5, 6.5)]",0.5,True,-0.07046416574812268,19.861849310999148,False
15-4-15,900,61.2,11.2,0.00025,0.00029,"[4.0, 8.0]",22.970644385688935,8.0,4.082614355738782,1.36073162920471,23.063781666747,6.83231582375314,0.1111111111111111,0.1111111111111111,0.1111111111111111,"[(8.0, 8.0)]",0.5,True,-0.09313728105806537,22.970644385688935,False
15-4-15,1200,81.6,12.399999999999995,0.00025,0.00021999999999999998,"[4.0, 8.0]",23.800844746881147,8.0,3.3145556034496804,0.6526186124585297,23.906245948855535,7.279199862934651,0.1111111111111111,0.1111111111111111,0.1111111111111111,"[(8.0, 8.0)]",0.5,True,-0.10540120197438846,23.800844746881147,False
15-4-15,1200,81.6,13.199999999999992,0.00045,0.00029,"[4.0, 8.0]",25.6388458748882,6.0,4.4990237855801665,0.8752295745809657,25.763325273280405,7.810077505451079,0.1111111111111111,0.1111111111111111,0.1111111111111111,"[(6.0, 6.0)]",0.5,True,-0.12447939839220451,25.6388458748882,False
15-4-15,900,61.2,12.399999999999995,0.00035,0.00015,"[4.0, 8.0]",18.802590449904976,7.0,3.8874894911907214,0.8297943989929559,18.933847295318554,6.308788825109236,0.1111111111111111,0.1111111111111111,0.0,"[(7.0, 7.0)]",0.5,True,-0.13125684541357946,18.802590449904976,False
15-4-15,900,61.2,12.999999999999993,0.00035,0.00021999999999999998,"[4.0, 8.0]",23.562683067581727,5.5,3.907939066042555,0.39062892855379955,23.736559215356458,7.629713867154679,0.1111111111111111,0.1111111111111111,0.1111111111111111,"[(5.5, 5.5)]",0.5,True,-0.17387614777472965,23.562683067581727,False
15-4-15,1600,108.8,12.799999999999994,0.00035,0.00029,"[4.0, 8.0]",24.802647562176773,8.0,3.3984170545169783,0.6598484305071968,24.98528043675867,7.615252455841565,0.1111111111111111,0.1111111111111111,0.1111111111111111,"[(8.0, 8.0)]",0.5,True,-0.18263287458189695,24.802647562176773,False
15-4-15,1200,81.6,12.799999999999994,0.00035,0.00021999999999999998,"[4.0, 8.0]",17.35243559086991,6.5,4.850360774984375,0.573734530960821,17.537392729461367,6.6058727659627285,0.1111111111111111,0.1111111111111111,0.0,"[(6.5, 6.5)]",0.5,True,-0.1849571385914579,17.35243559086991,False
15-4-15,900,61.2,12.599999999999994,0.00045,0.00021999999999999998,"[4.0, 8.0]",21.039600028279658,6.0,3.5273684940067227,0.13400223311023773,21.23058398696763,6.546036450296107,0.1111111111111111,0.1111111111111111,0.1111111111111111,"[(6.0, 6.0)]",0.5,True,-0.190983958687973,21.039600028279658,False
15-4-15,900,61.2,13.199999999999992,0.00035,0.00029,"[4.0, 8.0]",23.16809775695759,5.5,2.8005375313850394,0.2685909378429204,23.37246166643291,7.208704415782949,0.1111111111111111,0.1111111111111111,0.1111111111111111,"[(5.5, 5.5)]",0.5,True,-0.2043639094753175,23.16809775695759,False
15-4-15,1200,81.6,12.799999999999994,0.00045,0.00029,"[4.0, 8.0]",23.376609964751353,6.5,5.346195320420872,0.7148905180172543,23.618088358927395,7.804294750683665,0.1111111111111111,0.1111111111111111,0.1111111111111111,"[(6.5, 6.5)]",0.5,True,-0.24147839417604033,23.376609964751353,False
15-4-15,900,61.2,13.399999999999991,0.00035,0.00021999999999999998,"[4.0, 8.0]",21.003238117686376,5.5,2.591200320843173,0.529079608582532,21.257105490822564,6.518402144080343,0.1111111111111111,0.1111111111111111,0.1111111111111111,"[(5.5, 5.5)]",0.5,True,-0.2538673731361867,21.003238117686376,False
15-4-15,900,61.2,12.999999999999993,0.00025,0.00029,"[4.0, 8.0]",23.431361507158446,5.5,3.255447770002988,0.3840945721293556,23.69349253198985,7.288662227469281,0.1111111111111111,0.1111111111111111,0.1111111111111111,"[(5.5, 5.5)]",0.5,True,-0.2621310248314049,23.431361507158446,False
15-4-15,900,61.2,13.399999999999991,0.00025,0.00029,"[4.0, 8.0]",17.3898013146314,5.5,2.1770090358419187,0.34911606770210646,17.6558524391681,5.391078637526719,0.1111111111111111,0.1111111111111111,0.0,"[(5.5, 5.5)]",0.5,True,-0.2660511245367022,17.3898013146314,False
15-4-15,1600,108.8,12.799999999999994,0.00045,0.00021999999999999998,"[4.0, 8.0]",24.506075730357804,8.0,3.1904098620631682,0.4748884201091658,24.77221610973843,7.580959160618533,0.1111111111111111,0.1111111111111111,0.1111111111111111,"[(8.0, 8.0)]",0.5,True,-0.2661403793806277,24.506075730357804,False
15-4-15,900,61.2,12.599999999999994,0.00035,0.00021999999999999998,"[4.0, 8.0]",18.708046262775905,6.0,2.1707740606188337,0.0017397861113922634,18.996531462226372,5.853791386454524,0.1111111111111111,0.1111111111111111,0.0,"[(6.0, 6.0)]",0.5,True,-0.2884851994504662,18.708046262775905,False
15-4-15,900,61.2,13.399999999999991,0.00045,0.00029,"[4.0, 8.0]",21.979286303745596,5.5,6.643060099991918,1.4362198566500477,22.269869202131268,8.102734028276478,0.2222222222222222,0.1111111111111111,0.1111111111111111,"[(5.5, 5.5)]",0.5,True,-0.2905828983856723,21.979286303745596,False
15-4-15,1200,81.6,12.799999999999994,0.00025,0.00021999999999999998,"[4.0, 8.0]",18.21854729081695,7.0,2.192362313683689,0.3202535475825303,18.52640965694288,5.672783364157689,0.1111111111111111,0.1111111111111111,0.0,"[(7.0, 7.0)]",0.5,True,-0.307862366125931,18.21854729081695,False
15-4-15,2200,149.6,11.0,0.00045,0.00015,"[4.0, 8.0]",20.124708458387918,5.5,2.896173803373024,0.575870587090938,20.447027964302084,6.120478320372657,0.1111111111111111,0.1111111111111111,0.1111111111111111,"[(5.5, 5.5)]",0.5,True,-0.3223195059141662,20.124708458387918,False
15-4-15,900,61.2,12.799999999999994,0.00035,0.00021999999999999998,"[4.0, 8.0]",17.35781000171021,5.5,3.4376749223605714,0.35498132113962755,17.72483940114598,5.7053322782645255,0.1111111111111111,0.1111111111111111,0.0,"[(5.5, 5.5)]",0.5,True,-0.3670293994357713,17.35781000171021,False
15-4-15,1600,108.8,12.599999999999994,0.00025,0.00029,"[4.0, 8.0]",26.770927387279958,8.0,4.401828609858089,0.3412901020131035,27.156697410362575,8.397156772932469,0.1111111111111111,0.1111111111111111,0.1111111111111111,"[(8.0, 8.0)]",0.5,True,-0.3857700230826183,26.770927387279958,False
15-4-15,1600,108.8,12.599999999999994,0.00035,0.00021999999999999998,"[4.0, 8.0]",25.45630840415349,8.0,4.785455517291776,0.31377158338412875,25.89190844143123,8.19471662851037,0.1111111111111111,0.1111111111111111,0.1111111111111111,"[(8.0, 8.0)]",0.5,True,-0.43560003727774105,25.45630840415349,False
15-4-15,1600,108.8,12.999999999999993,0.00035,0.00029,"[4.0, 8.0]",25.536747576774804,7.5,6.557552356487159,2.8224681888758543,25.997101018432026,8.222671786243469,0.1111111111111111,0.1111111111111111,0.1111111111111111,"[(7.5, 7.5)]",0.5,True,-0.46035344165722303,25.536747576774804,False
15-4-15,1600,108.8,13.199999999999992,0.00045,0.00021999999999999998,"[4.0, 8.0]",23.809160761555187,7.5,6.732557452334754,0.22909917746522385,24.28176092855954,8.373027200817708,0.1111111111111111,0.1111111111111111,0.1111111111111111,"[(7.5, 7.5)]",0.5,True,-0.4726001670043507,23.809160761555187,False
15-4-15,1200,81.6,12.599999999999994,0.00045,0.00029,"[4.0, 8.0]",26.290456430090025,7.0,6.306915727910371,2.5560689640443406,26.77513020381202,8.318691608818693,0.1111111111111111,0.1111111111111111,0.1111111111111111,"[(7.0, 7.0)]",0.5,True,-0.484673773721993,26.290456430090025,False
15-4-15,1200,81.6,13.399999999999991,0.00025,0.00029,"[4.0, 8.0]",20.97003666244966,6.5,3.2863999931267283,0.001126469621233082,21.462600293961952,6.77913011094076,0.1111111111111111,0.1111111111111111,0.1111111111111111,"[(6.5, 6.5)]",0.5,True,-0.4925636315122897,20.97003666244966,False
15-4-15,1200,81.6,13.199999999999992,0.00035,0.00021999999999999998,"[4.0, 8.0]",19.841193427158426,6.5,2.1763210606655736,0.16240387504248294,20.362553312550368,6.254049918792322,0.1111111111111111,0.1111111111111111,0.0,"[(6.5, 6.5)]",0.5,True,-0.5213598853919419,19.841193427158426,False
15-4-15,1200,81.6,12.999999999999993,0.00035,0.00021999999999999998,"[4.0, 8.0]",18.30318169171623,6.5,1.994115387844679,0.15571756834199776,18.83364223460458,5.773356716505212,0.1111111111111111,0.1111111111111111,0.0,"[(6.5, 6.5)]",0.5,True,-0.5304605428883492,18.30318169171623,False
15-4-15,1200,81.6,12.599999999999994,0.00025,0.00029,"[4.0, 8.0]",17.584764012052048,7.5,1.8802570609815359,-0.10130167241127763,18.15522781066673,5.560782698639723,0.1111111111111111,0.1111111111111111,0.0,"[(7.5, 7.5)]",0.5,True,-0.5704637986146818,17.584764012052048,False
15-4-15,900,61.2,13.199999999999992,0.00045,0.00021999999999999998,"[4.0, 8.0]",20.202301115126573,5.5,2.473341963074999,0.26727861260789937,20.77519979051351,6.314597268728158,0.1111111111111111,0.1111111111111111,0.1111111111111111,"[(5.5, 5.5)]",0.5,True,-0.5728986753869377,20.202301115126573,False
15-4-15,1200,81.6,13.399999999999991,0.00035,0.00021999999999999998,"[4.0, 8.0]",18.692605450466203,6.5,3.4285050264162904,0.1616882788354511,19.282251744147786,6.280934375178566,0.1111111111111111,0.1111111111111111,0.0,"[(6.5, 6.5)]",0.5,True,-0.5896462936815814,18.692605450466203,False
15-4-15,900,61.2,12.999999999999993,0.00035,0.00029,"[4.0, 8.0]",18.078830372878024,7.5,4.374563450509373,0.6301900652149016,18.671520452733986,7.123359036023384,0.2222222222222222,0.1111111111111111,0.0,"[(5.5, 5.5), (7.5, 7.5)]",1.0,True,-0.5926900798559618,18.078830372878024,False
15-4-15,1200,81.6,12.999999999999993,0.00025,0.00029,"[4.0, 8.0]",23.226291110970976,6.5,2.5529190190773847,-0.034864537883879734,23.832219535200736,7.317825288795726,0.1111111111111111,0.1111111111111111,0.1111111111111111,"[(6.5, 6.5)]",0.5,True,-0.6059284242297579,23.226291110970976,False
15-4-15,1200,81.6,12.599999999999994,0.00035,0.00029,"[4.0, 8.0]",18.76356405910648,7.0,4.409838854295425,-0.009170566110771054,19.373069002827183,6.931336997357374,0.1111111111111111,0.1111111111111111,0.0,"[(7.0, 7.0)]",0.5,True,-0.6095049437207052,18.76356405910648,False
15-4-15,1200,81.6,12.599999999999994,0.00035,0.00021999999999999998,"[4.0, 8.0]",17.198254411850534,7.5,1.9439146036889754,-0.01469362010444797,17.81350665470357,5.415813265814194,0.1111111111111111,0.1111111111111111,0.0,"[(7.5, 7.5)]",0.5,True,-0.6152522428530365,17.198254411850534,False
15-4-15,1200,81.6,13.199999999999992,0.00025,0.00029,"[4.0, 8.0]",22.005654692584823,6.5,2.316882435124265,0.06143353461816933,22.712165417448595,6.970339094541998,0.1111111111111111,0.1111111111111111,0.1111111111111111,"[(6.5, 6.5)]",0.5,True,-0.706510724863771,22.005654692584823,False
15-4-15,1600,108.8,12.999999999999993,0.00035,0.00021999999999999998,"[4.0, 8.0]",26.46056276733304,7.5,5.021978569671152,0.5431113737995423,27.277607603383586,8.200992581366085,0.1111111111111111,0.1111111111111111,0.1111111111111111,"[(7.5, 7.5)]",0.5,True,-0.8170448360505467,26.46056276733304,False
15-4-15,2200,149.6,11.0,0.00025,0.00021999999999999998,"[4.0, 8.0]",27.765115104534665,5.5,4.466878031740706,1.2175904660010093,28.588076889999552,8.386600939113439,0.1111111111111111,0.1111111111111111,0.1111111111111111,"[(5.5, 5.5)]",0.5,True,-0.8229617854648876,27.765115104534665,False
15-4-15,1200,81.6,13.399999999999991,0.00025,0.00021999999999999998,"[4.0, 8.0]",18.487848915367465,6.5,2.1258702723477763,0.05388882071401501,19.34065441077325,5.807003920356418,0.1111111111111111,0.1111111111111111,0.0,"[(6.5, 6.5)]",0.5,True,-0.8528054954057845,18.487848915367465,False
15-4-15,1200,81.6,13.199999999999992,0.00035,0.00029,"[4.0, 8.0]",19.471260209885266,6.5,2.839518743264351,0.21099141728913867,20.342170626603533,6.046894549789611,0.1111111111111111,0.1111111111111111,0.0,"[(6.5, 6.5)]",0.5,True,-0.8709104167182675,19.471260209885266,False
15-4-15,1600,108.8,12.999999999999993,0.00035,0.00015,"[4.0, 8.0]",21.592975727574206,8.0,2.213022059562713,-0.0451301020305475,22.52502095286713,6.865399835122229,0.1111111111111111,0.1111111111111111,0.1111111111111111,"[(8.0, 8.0)]",0.5,True,-0.9320452252929255,21.592975727574206,False
15-4-15,900,61.2,11.0,0.00045,0.00015,"[4.0, 8.0]",17.255667611296314,4.5,12.435767749892575,15.757871997070927,18.379524596773212,6.689505312393636,0.6666666666666666,0.1111111111111111,0.0,"[(4.0, 6.5)]",3.0,True,-1.1238569854768992,17.255667611296314,False
15-4-15,1200,81.6,12.399999999999995,0.00035,0.00015,"[4.0, 8.0]",17.513547628619744,8.0,2.437629264118436,0.3730985119403202,18.67913901709527,5.454701451964438,0.1111111111111111,0.1111111111111111,0.0,"[(8.0, 8.0)]",0.5,True,-1.1655913884755267,17.513547628619744,False
15-4-15,900,61.2,12.799999999999994,0.00035,0.00029,"[4.0, 8.0]",17.432299572397987,5.5,3.884468413932067,0.2999247577810221,18.964453990682568,6.865031047717895,0.2222222222222222,0.1111111111111111,0.0,"[(5.5, 5.5), (7.5, 7.5)]",1.0,True,-1.5321544182845792,17.432299572397987,False
15-4-15,1600,108.8,13.399999999999991,0.00025,0.00021999999999999998,"[4.0, 8.0]",19.466753494561605,7.5,1.9445231177542806,-0.03408594005813927,21.071543487037182,6.225939583398632,0.1111111111111111,0.1111111111111111,0.0,"[(7.5, 7.5)]",0.5,True,-1.6047899924755769,19.466753494561605,False
15-4-15,1600,108.8,12.999999999999993,0.00025,0.00029,"[4.0, 8.0]",19.917339639961224,8.0,3.7188252030231936,0.3255961112069839,21.949204580665896,7.28440328903004,0.1111111111111111,0.1111111111111111,0.0,"[(8.0, 8.0)]",0.5,True,-2.031864940704671,19.917339639961224,False
15-4-15,900,61.2,12.599999999999994,0.00035,0.00029,"[4.0, 8.0]",24.336512798845114,6.0,3.210785618746367,0.28702818011783643,28.17615787478495,7.775373540874406,0.1111111111111111,0.1111111111111111,0.1111111111111111,"[(6.0, 6.0)]",0.5,True,-3.8396450759398357,24.336512798845114,False
15-4-15,1600,108.8,12.999999999999993,0.00025,0.00021999999999999998,"[4.0, 8.0]",24.84689860686395,8.0,2.0576991156375852,0.10011564808047928,31.245704960785464,8.308366613895723,0.1111111111111111,0.1111111111111111,0.1111111111111111,"[(8.0, 8.0)]",0.5,True,-6.398806353921515,24.84689860686395,False
15-4-15,1200,81.6,11.0,0.00025,0.00021999999999999998,"[4.0, 8.0]",2.090359519493626,4.5,1.4076885139724584,1.3368985996324145,1.046581155560215,0.3046189243951218,0.0,0.0,0.0,"[(4.0, 8.0)]",4.5,True,1.0437783639334113,2.090359519493626,False
15-4-15,2200,149.6,11.399999999999999,0.00045,0.00029,"[4.0, 8.0]",1.3626607486663453,4.5,0.8709878720800387,0.9232012874969022,1.3867003319708118,0.38036159372542855,0.0,0.0,0.0,"[(4.0, 8.0)]",4.5,True,-0.024039583304466386,1.3626607486663453,False
15-4-15,2200,149.6,12.599999999999994,0.00025,0.00015,"[4.0, 8.0]",0.8624627553366281,4.0,0.4007032006745128,0.3939460328192633,0.9226396619216939,0.2685100441018895,0.0,0.0,0.0,"[(4.0, 8.0)]",4.5,True,-0.060176906585065824,0.8624627553366281,False
15-4-15,1200,81.6,11.0,0.00045,0.00015,"[4.0, 8.0]",16.188712104753307,8.0,3.7612186403077654,2.3099153537623334,16.25859657395964,4.589381945613885,0.1111111111111111,0.0,0.0,"[(8.0, 8.0)]",0.5,True,-0.06988446920633262,16.188712104753307,False
15-4-15,900,61.2,12.399999999999995,0.00025,0.00015,"[4.0, 8.0]",13.155927714097416,7.0,1.8083700707596866,0.572715292720966,13.259385823873936,4.022490313394339,0.0,0.0,0.0,"[(7.0, 7.0)]",0.5,True,-0.10345810977652042,13.155927714097416,False
15-4-15,900,61.2,13.399999999999991,0.00025,0.00021999999999999998,"[4.0, 8.0]",0.7579539049436261,6.5,0.2709965037643818,0.30897379251753737,0.8629455238645054,0.23763689071000862,0.0,0.0,0.0,"[(4.0, 8.0)]",4.5,True,-0.1049916189208793,0.7579539049436261,False
15-4-15,900,61.2,13.399999999999991,0.00045,0.00015,"[4.0, 8.0]",5.761565055716441,5.5,1.0064673762799217,0.5781005180644373,5.893986131827919,1.7304650865445237,0.0,0.0,0.0,"[(5.5, 5.5)]",0.5,True,-0.132421076111478,5.761565055716441,False
15-4-15,1200,81.6,12.799999999999994,0.00035,0.00029,"[4.0, 8.0]",10.96890094051355,6.5,2.6098228393728857,0.4449317504394634,11.103289016174172,4.3026648841808095,0.0,0.0,0.0,"[(6.0, 6.5)]",1.0,True,-0.134388075660622,10.96890094051355,False
15-4-15,900,61.2,12.999999999999993,0.00025,0.00015,"[4.0, 8.0]",2.8724435650847773,6.0,0.3873561177751842,0.028795159081597556,3.0096863318775986,0.9009329548537038,0.0,0.0,0.0,"[(4.5, 8.0)]",4.0,True,-0.1372427667928215,2.8724435650847773,False
15-4-15,2200,149.6,11.399999999999999,0.00035,0.00029,"[4.0, 8.0]",0.9429185952001797,4.5,0.5228745169206327,0.5109494495043667,1.083827635828932,0.3053547360651039,0.0,0.0,0.0,"[(4.0, 8.0)]",4.5,True,-0.14090904062875242,0.9429185952001797,False
15-4-15,900,61.2,13.399999999999991,0.00045,0.00021999999999999998,"[4.0, 8.0]",16.15981779511794,5.5,3.702101790897894,1.6379715664052958,16.306195406004274,5.499374077558601,0.1111111111111111,0.0,0.0,"[(5.5, 5.5)]",0.5,True,-0.1463776108863324,16.15981779511794,False
15-4-15,1600,108.8,12.999999999999993,0.00045,0.00021999999999999998,"[4.0, 8.0]",14.102097164239918,7.5,3.9948766309744923,0.30208145524655305,14.260513151914857,5.078612999358153,0.0,0.0,0.0,"[(7.5, 7.5)]",0.5,True,-0.15841598767493917,14.102097164239918,False
15-4-15,900,61.2,12.999999999999993,0.00035,0.00015,"[4.0, 8.0]",0.5014309261502324,7.0,0.225057889581589,0.2874496195607878,0.7238106253284574,0.23148959558211044,0.0,0.0,0.0,"[(4.0, 8.0)]",4.5,True,-0.22237969917822498,0.5014309261502324,False
15-4-15,900,61.2,13.199999999999992,0.00035,0.00021999999999999998,"[4.0, 8.0]",1.3963706250980181,7.5,0.167170999112482,0.05246350266095541,1.6229330177382844,0.4589952682322178,0.0,0.0,0.0,"[(4.0, 8.0)]",4.5,True,-0.22656239264026615,1.3963706250980181,False
15-4-15,1200,81.6,11.999999999999996,0.00025,0.00029,"[4.0, 8.0]",0.3882085906277726,5.0,0.019636259040325996,-0.07479328668525549,0.6255646333330325,0.24388005257707268,0.0,0.0,0.0,"[(4.0, 8.0)]",4.5,True,-0.23735604270525984,0.3882085906277726,False
15-4-15,900,61.2,11.999999999999996,0.00025,0.00015,"[4.0, 8.0]",0.2688703738833204,4.0,-0.02697152629808359,-0.03439956910500658,0.5143227905253436,0.13727718719177795,0.0,0.0,0.0,"[(4.0, 8.0)]",4.5,True,-0.2454524166420231,0.2688703738833204,False
15-4-15,1200,81.6,11.999999999999996,0.00025,0.00015,"[4.0, 8.0]",0.4874937901256591,5.0,0.0720122235699001,-0.07518278269365193,0.7354489839257756,0.2666056806461335,0.0,0.0,0.0,"[(4.0, 8.0)]",4.5,True,-0.2479551938001166,0.4874937901256591,False
15-4-15,1200,81.6,11.999999999999996,0.00025,0.00021999999999999998,"[4.0, 8.0]",0.43727605944590764,5.0,0.040625098286566186,-0.10359388768288812,0.6916313778098538,0.2565397270592526,0.0,0.0,0.0,"[(4.0, 8.0)]",4.5,True,-0.2543553183639462,0.43727605944590764,False
15-4-15,1200,81.6,11.999999999999996,0.00035,0.00015,"[4.0, 8.0]",0.4415479412570866,5.0,0.03871384696401519,-0.11614950585898605,0.7055300480774733,0.25970322286396585,0.0,0.0,0.0,"[(4.0, 8.0)]",4.5,True,-0.2639821068203867,0.4415479412570866,False
15-4-15,1200,81.6,11.999999999999996,0.00035,0.00021999999999999998,"[4.0, 8.0]",0.3574829299646154,6.5,-0.012381702021106488,-0.1082418120052521,0.6265337782342211,0.24428912066494277,0.0,0.0,0.0,"[(4.0, 8.0)]",4.5,True,-0.2690508482696057,0.3574829299646154,False
15-4-15,900,61.2,13.199999999999992,0.00025,0.00029,"[4.0, 8.0]",0.5967319417467403,5.5,0.06383696502807143,0.08786327238291272,0.8674151680095896,0.2559253035611907,0.0,0.0,0.0,"[(4.0, 8.0)]",4.5,True,-0.27068322626284935,0.5967319417467403,False
15-4-15,2200,149.6,11.2,0.00035,0.00015,"[4.0, 8.0]",1.2257576612909111,7.0,0.3048952185880889,0.33041208826875457,1.4973111231570644,0.4581526541147779,0.0,0.0,0.0,"[(4.0, 8.0)]",4.5,True,-0.2715534618661532,1.2257576612909111,False
15-4-15,900,61.2,11.999999999999996,0.00025,0.00021999999999999998,"[4.0, 8.0]",0.22876776325482773,4.0,-0.03867995736684864,-0.03068894291333779,0.501081717002646,0.13295854551968353,0.0,0.0,0.0,"[(4.0, 8.0)]",4.5,True,-0.27231395374781836,0.22876776325482773,False
15-4-15,900,61.2,11.999999999999996,0.00035,0.00015,"[4.0, 8.0]",0.23252110826519462,4.0,-0.04403516244322469,-0.04032582745799624,0.5052431048704153,0.13406358010806416,0.0,0.0,0.0,"[(4.0, 8.0)]",4.5,True,-0.2727219966052207,0.23252110826519462,False
15-4-15,2200,149.6,11.399999999999999,0.00025,0.00029,"[4.0, 8.0]",0.5639068129765199,4.5,0.19020486165190587,0.19297852002936763,0.8401815741979742,0.2598095782435135,0.0,0.0,0.0,"[(4.0, 8.0)]",4.5,True,-0.27627476122145433,0.5639068129765199,False
15-4-15,1200,81.6,11.999999999999996,0.00045,0.00015,"[4.0, 8.0]",0.38987226399597624,5.0,0.003027020359886925,-0.12413770307966089,0.6674951326009908,0.2518210472620118,0.0,0.0,0.0,"[(4.0, 8.0)]",4.5,True,-0.2776228686050145,0.38987226399597624,False
15-4-15,900,61.2,12.599999999999994,0.00025,0.00029,"[4.0, 8.0]",16.14196987413736,6.0,1.9889879234304422,0.09704259983347746,16.42180522852828,5.026164294102355,0.1111111111111111,0.0,0.0,"[(6.0, 6.0)]",0.5,True,-0.2798353543909213,16.14196987413736,False
15-4-15,900,61.2,12.999999999999993,0.00025,0.00021999999999999998,"[4.0, 8.0]",0.8055971568279543,5.5,0.2322151719280091,0.12422942655131808,1.089790641927566,0.3471031079502271,0.0,0.0,0.0,"[(4.0, 8.0)]",4.5,True,-0.28419348509961173,0.8055971568279543,False
15-4-15,900,61.2,11.999999999999996,0.00025,0.00029,"[4.0, 8.0]",0.18908082410802463,4.0,-0.03369876809957613,-0.011111646441497473,0.47968926529801365,0.13115774916150058,0.0,0.0,0.0,"[(4.0, 8.0)]",4.5,True,-0.290608441189989,0.18908082410802463,False
15-4-15,1600,108.8,11.399999999999999,0.00025,0.00015,"[4.0, 8.0]",0.6666717515744398,5.0,-0.015560250877567417,-0.10040877841077225,0.9637027885806919,0.2809173074318928,0.0,0.0,0.0,"[(4.0, 8.0)]",4.5,True,-0.29703103700625216,0.6666717515744398,False
15-4-15,900,61.2,11.999999999999996,0.00045,0.00015,"[4.0, 8.0]",0.19186487739023517,4.0,-0.05889639377129921,-0.040555500055312374,0.49293598550255563,0.1315726437239787,0.0,0.0,0.0,"[(4.0, 8.0)]",4.5,True,-0.30107110811232046,0.19186487739023517,False
15-4-15,900,61.2,12.799999999999994,0.00025,0.00029,"[4.0, 8.0]",10.411170169498911,6.0,2.445729564478886,0.3790903843976093,10.71291228251047,3.6318462743712794,0.0,0.0,0.0,"[(5.5, 6.0)]",1.0,True,-0.3017421130115577,10.411170169498911,False
15-4-15,900,61.2,12.599999999999994,0.00035,0.00015,"[4.0, 8.0]",1.0931151471346838,6.5,0.21315688128962057,-0.016498643506398084,1.395141759349054,0.45780340728373653,0.0,0.0,0.0,"[(4.0, 8.0)]",4.5,True,-0.3020266122143703,1.0931151471346838,False
15-4-15,900,61.2,13.199999999999992,0.00025,0.00021999999999999998,"[4.0, 8.0]",0.22586578535699942,8.0,-0.05292077219115256,-0.07689483853912042,0.5309853140994502,0.16855646335681795,0.0,0.0,0.0,"[(4.0, 8.0)]",4.5,True,-0.30511952874245074,0.22586578535699942,False
15-4-15,900,61.2,11.999999999999996,0.00045,0.00029,"[4.0, 8.0]",0.3431062485812344,8.0,0.052130840502932714,0.03994664407353135,0.6485849985595216,0.18797271101349572,0.0,0.0,0.0,"[(4.0, 8.0)]",4.5,True,-0.3054787499782872,0.3431062485812344,False
15-4-15,900,61.2,11.999999999999996,0.00035,0.00021999999999999998,"[4.0, 8.0]",0.16561909860148033,4.0,-0.056180515695734755,-0.03562050088433358,0.4788436938233392,0.13112219571261266,0.0,0.0,0.0,"[(4.0, 8.0)]",4.5,True,-0.31322459522185886,0.16561909860148033,False
15-4-15,1200,81.6,11.999999999999996,0.00035,0.00029,"[4.0, 8.0]",0.3611160201580371,6.5,-0.033874810745831783,-0.04183869556455496,0.6769401491248243,0.2319524599676974,0.0,0.0,0.0,"[(4.0, 8.0)]",4.5,True,-0.31582412896678713,0.3611160201580371,False
15-4-15,1600,108.8,11.399999999999999,0.00035,0.00015,"[4.0, 8.0]",0.6684043114152702,5.0,-0.026375102569419495,-0.12470719127176662,0.9859025821791194,0.28460399992200447,0.0,0.0,0.0,"[(4.0, 8.0)]",4.5,True,-0.3174982707638492,0.6684043114152702,False
15-4-15,1200,81.6,11.999999999999996,0.00045,0.00021999999999999998,"[4.0, 8.0]",0.33515295467867073,6.5,-0.054502969916527644,-0.08640526168215644,0.6528794219012348,0.23414361202242323,0.0,0.0,0.0,"[(4.0, 8.0)]",4.5,True,-0.3177264672225641,0.33515295467867073,False
15-4-15,1600,108.8,11.399999999999999,0.00025,0.00021999999999999998,"[4.0, 8.0]",0.6715800417747735,5.0,-0.02651713140724689,-0.13094475442509193,0.9917254773119538,0.28553263920273947,0.0,0.0,0.0,"[(4.0, 8.0)]",4.5,True,-0.32014543553718033,0.6715800417747735,False
15-4-15,900,61.2,11.999999999999996,0.00035,0.00029,"[4.0, 8.0]",0.15820108546379777,8.0,-0.025527905923272077,-0.044623788095949815,0.48293708514124567,0.14355980024523174,0.0,0.0,0.0,"[(4.0, 8.0)]",4.5,True,-0.3247359996774479,0.15820108546379777,False
15-4-15,1200,81.6,11.2,0.00025,0.00029,"[4.0, 8.0]",9.405217917494413,8.0,2.872284409268023,2.8148162563279513,9.730002264985519,2.570173328123947,0.0,0.0,0.0,"[(8.0, 8.0)]",0.5,True,-0.3247843474911047,9.405217917494413,False
15-4-15,900,61.2,12.799999999999994,0.00045,0.00021999999999999998,"[4.0, 8.0]",14.763224383997553,5.5,3.3249262617115294,0.9453453228224116,15.09009015285191,4.7244548909423685,0.0,0.0,0.0,"[(5.5, 5.5)]",0.5,True,-0.326865768854357,14.763224383997553,False
15-4-15,900,61.2,12.199999999999996,0.00035,0.00021999999999999998,"[4.0, 8.0]",0.5574518423375023,6.0,0.08102060462302009,0.1802903327565158,0.8929138817287279,0.31608800772206536,0.0,0.0,0.0,"[(4.0, 8.0)]",4.5,True,-0.3354620393912256,0.5574518423375023,False
15-4-15,2200,149.6,12.599999999999994,0.00035,0.00015,"[4.0, 8.0]",0.8945366195246582,4.0,0.15951463524966727,0.1441414387388591,1.234348158542205,0.3284942082380631,0.0,0.0,0.0,"[(4.0, 8.0)]",4.5,True,-0.3398115390175467,0.8945366195246582,False
15-4-15,900,61.2,11.999999999999996,0.00045,0.00021999999999999998,"[4.0, 8.0]",0.11387057982389928,8.0,-0.05171636575599549,-0.07310071880002085,0.4546618354684536,0.13912643307444517,0.0,0.0,0.0,"[(4.0, 8.0)]",4.5,True,-0.34079125564455437,0.11387057982389928,False
15-4-15,1600,108.8,11.399999999999999,0.00045,0.00015,"[4.0, 8.0]",0.6713922534083959,5.0,-0.03924990649643018,-0.16652763192684839,1.014994073784586,0.2906337534652319,0.0,0.0,0.0,"[(4.0, 8.0)]",4.5,True,-0.3436018203761901,0.6713922534083959,False
15-4-15,1600,108.8,11.399999999999999,0.00025,0.00029,"[4.0, 8.0]",0.6840189759853252,5.0,-0.035739073905531965,-0.15608432913139522,1.0310188625431298,0.29388073405601867,0.0,0.0,0.0,"[(4.0, 8.0)]",4.5,True,-0.34699988655780456,0.6840189759853252,False
15-4-15,900,61.2,13.399999999999991,0.00035,0.00015,"[4.0, 8.0]",0.5609028048265484,6.5,0.09391416559451453,0.12125140189217745,0.9124984364398668,0.30301946192231083,0.0,0.0,0.0,"[(4.0, 8.0)]",4.5,True,-0.3515956316133184,0.5609028048265484,False
15-4-15,1200,81.6,12.999999999999993,0.00035,0.00029,"[4.0, 8.0]",16.988933450109208,6.5,2.638666492679778,0.08491911213546782,17.349311701466167,5.501347678119716,0.1111111111111111,0.0,0.0,"[(6.5, 6.5)]",0.5,True,-0.36037825135695783,16.988933450109208,False
15-4-15,1600,108.8,11.399999999999999,0.00035,0.00021999999999999998,"[4.0, 8.0]",0.6792722529146988,5.0,-0.04551343689782723,-0.16100820082168843,1.0412674097124865,0.29679758399144823,0.0,0.0,0.0,"[(4.0, 8.0)]",4.5,True,-0.3619951567977876,0.6792722529146988,False
15-4-15,900,61.2,12.199999999999996,0.00025,0.00029,"[4.0, 8.0]",0.553511122014747,6.0,0.0659813843243109,0.09758561748673203,0.9193175282997412,0.3218849127345063,0.0,0.0,0.0,"[(4.0, 8.0)]",4.5,True,-0.3658064062849942,0.553511122014747,False
15-4-15,1200,81.6,12.799999999999994,0.00025,0.00015,"[4.0, 8.0]",8.072162296420252,7.0,0.9090058577438422,-0.015562114377539007,8.43837877766853,2.5462303614238504,0.0,0.0,0.0,"[(7.0, 7.0)]",0.5,True,-0.3662164812482776,8.072162296420252,False
15-4-15,1200,81.6,12.799999999999994,0.00045,0.00015,"[4.0, 8.0]",16.013062512478538,7.0,2.3770606099760294,0.4151890532294996,16.383797873711018,4.910762884631013,0.1111111111111111,0.0,0.0,"[(7.0, 7.0)]",0.5,True,-0.37073536123247924,16.013062512478538,False
15-4-15,900,61.2,12.199999999999996,0.00045,0.00015,"[4.0, 8.0]",0.5523728200066241,6.0,0.04893642944654867,0.1795143591580004,0.9307058523725564,0.3120691717429821,0.0,0.0,0.0,"[(4.0, 8.0)]",4.5,True,-0.37833303236593235,0.5523728200066241,False
15-4-15,900,61.2,13.199999999999992,0.00035,0.00015,"[4.0, 8.0]",0.22611133575025716,4.0,-0.13041631104892973,-0.17864619772619433,0.6130687525690892,0.1920346921398012,0.0,0.0,0.0,"[(4.0, 8.0)]",4.5,True,-0.386957416818832,0.22611133575025716,False
15-4-15,900,61.2,12.799999999999994,0.00025,0.00015,"[4.0, 8.0]",4.962130325602038,6.0,0.61360447789284,0.12752218025714074,5.349935961132494,1.5639601613303722,0.0,0.0,0.0,"[(6.0, 6.0)]",0.5,True,-0.38780563553045566,4.962130325602038,False
15-4-15,900,61.2,12.599999999999994,0.00025,0.00015,"[4.0, 8.0]",1.5067521824021264,6.5,0.17058693096720556,-0.032807670311634174,1.8977156442407928,0.5468138552973489,0.0,0.0,0.0,"[(4.0, 8.0)]",4.5,True,-0.39096346183866637,1.5067521824021264,False
15-4-15,900,61.2,12.599999999999994,0.00025,0.00021999999999999998,"[4.0, 8.0]",0.8177556872031412,6.0,0.09605494225233284,0.004400236626701682,1.2095644955259173,0.3734750506954089,0.0,0.0,0.0,"[(4.0, 8.0)]",4.5,True,-0.39180880832277615,0.8177556872031412,False
15-4-15,900,61.2,13.199999999999992,0.00025,0.00015,"[4.0, 8.0]",0.09618275324094738,8.0,-0.1667038607820984,-0.22728407425237976,0.49975462458566744,0.18360282130043631,0.0,0.0,0.0,"[(4.0, 8.0)]",4.5,True,-0.40357187134472006,0.09618275324094738,False
15-4-15,1600,108.8,11.399999999999999,0.00035,0.00029,"[4.0, 8.0]",0.7064780281632254,5.0,-0.05683488081694262,-0.14452511381411992,1.1135482844874676,0.31798327968869095,0.0,0.0,0.0,"[(4.0, 8.0)]",4.5,True,-0.40707025632424226,0.7064780281632254,False
15-4-15,1600,108.8,13.199999999999992,0.00025,0.00021999999999999998,"[4.0, 8.0]",2.7771924553086085,5.5,0.6278723488369631,0.16174676505653762,3.1855740343637113,0.9658171612997041,0.0,0.0,0.0,"[(4.0, 4.5), (5.5, 8.0)]",4.0,True,-0.4083815790551027,2.7771924553086085,False
15-4-15,1600,108.8,11.399999999999999,0.00045,0.00021999999999999998,"[4.0, 8.0]",0.6917935486084739,5.0,-0.06435167123897802,-0.1534223623397948,1.1008510097946549,0.3142197308005626,0.0,0.0,0.0,"[(4.0, 8.0)]",4.5,True,-0.409057461186181,0.6917935486084739,False
15-4-15,1200,81.6,11.999999999999996,0.00045,0.00029,"[4.0, 8.0]",0.3938602262682766,6.5,-0.03816096211145925,-0.06203251883080904,0.8090825615088719,0.23897357452604187,0.0,0.0,0.0,"[(4.0, 8.0)]",4.5,True,-0.4152223352405954,0.3938602262682766,False
15-4-15,2200,149.6,11.399999999999999,0.00045,0.00021999999999999998,"[4.0, 8.0]",0.5237426279714251,4.5,0.15161451709631915,0.1470339958889945,0.9463102330269795,0.28362012385021423,0.0,0.0,0.0,"[(4.0, 8.0)]",4.5,True,-0.4225676050555544,0.5237426279714251,False
15-4-15,1600,108.8,13.199999999999992,0.00025,0.00029,"[4.0, 8.0]",10.435517355473227,7.5,2.4693190991945078,0.5213901747658405,10.860960095469846,4.188601401331222,0.0,0.0,0.0,"[(5.5, 5.5), (7.5, 7.5)]",1.0,True,-0.4254427399966188,10.435517355473227,False
15-4-15,900,61.2,12.199999999999996,0.00025,0.00021999999999999998,"[4.0, 8.0]",0.5462079979394293,6.0,0.024151538580822998,0.11329123259648644,0.9770443309050285,0.3140107883356042,0.0,0.0,0.0,"[(4.0, 8.0)]",4.5,True,-0.43083633296559926,0.5462079979394293,False
15-4-15,900,61.2,12.799999999999994,0.00025,0.00021999999999999998,"[4.0, 8.0]",14.448129831341598,6.0,1.704570031077684,0.27527885045603234,14.884380293823329,4.5133271175335725,0.0,0.0,0.0,"[(6.0, 6.0)]",0.5,True,-0.4362504624817312,14.448129831341598,False
15-4-15,1200,81.6,12.799999999999994,0.00025,0.00029,"[4.0, 8.0]",16.859041256959827,7.0,3.849253320252317,0.5314554102937314,17.29675974959854,6.1170955332704775,0.1111111111111111,0.0,0.0,"[(7.0, 7.0)]",0.5,True,-0.43771849263871093,16.859041256959827,False
15-4-15,1200,81.6,12.799999999999994,0.00035,0.00015,"[4.0, 8.0]",16.29019353166161,7.0,1.8426805493937668,0.12191743522511739,16.732238749389765,5.1186141932539035,0.1111111111111111,0.0,0.0,"[(7.0, 7.0)]",0.5,True,-0.44204521772815425,16.29019353166161,False
15-4-15,2200,149.6,11.399999999999999,0.00035,0.00021999999999999998,"[4.0, 8.0]",0.3163528057328313,4.5,-0.010934593430981972,-0.03820442197200355,0.7637609779084625,0.25413914657597436,0.0,0.0,0.0,"[(4.0, 8.0)]",4.5,True,-0.4474081721756312,0.3163528057328313,False
15-4-15,1600,108.8,13.199999999999992,0.00035,0.00015,"[4.0, 8.0]",1.7416597940326175,8.0,0.3422746174945997,0.049602862878161645,2.1892999830425337,0.6697139044226377,0.0,0.0,0.0,"[(4.0, 8.0)]",4.5,True,-0.4476401890099163,1.7416597940326175,False
15-4-15,900,61.2,12.199999999999996,0.00035,0.00015,"[4.0, 8.0]",0.5363760958279475,6.0,0.008908941888527082,0.057041134936821676,0.9948727023581854,0.31643695191887355,0.0,0.0,0.0,"[(4.0, 8.0)]",4.5,True,-0.4584966065302378,0.5363760958279475,False
15-4-15,1600,108.8,12.199999999999996,0.00035,0.00029,"[4.0, 8.0]",0.32905771742887235,6.0,-0.027603093779870816,0.02106761714597214,0.7946472589794249,0.27231924745689445,0.0,0.0,0.0,"[(4.0, 8.0)]",4.5,True,-0.46558954155055254,0.32905771742887235,False
15-4-15,2200,149.6,11.599999999999998,0.00045,0.00015,"[4.0, 8.0]",0.7432503951893381,4.0,-0.006882622847753182,0.09726766970698966,1.2104197576299442,0.4072789996174405,0.0,0.0,0.0,"[(4.0, 8.0)]",4.5,True,-0.46716936244060614,0.7432503951893381,False
15-4-15,2200,149.6,13.399999999999991,0.00025,0.00015,"[4.0, 8.0]",0.7328361802106599,5.0,0.11604376559196762,0.06217870517586431,1.207444626550453,0.3482298022788256,0.0,0.0,0.0,"[(4.0, 8.0)]",4.5,True,-0.4746084463397932,0.7328361802106599,False
15-4-15,1600,108.8,13.199999999999992,0.00045,0.00015,"[4.0, 8.0]",5.79539207359897,7.5,1.3283402166754934,0.5158636603932989,6.277930876381159,1.9375865527664116,0.0,0.0,0.0,"[(5.5, 5.5), (7.5, 7.5)]",1.0,True,-0.4825388027821894,5.79539207359897,False
15-4-15,2200,149.6,11.599999999999998,0.00025,0.00021999999999999998,"[4.0, 8.0]",0.709392986515639,4.0,0.0034609972020428112,0.08533030096818617,1.1922770427582186,0.37483079692743504,0.0,0.0,0.0,"[(4.0, 8.0)]",4.5,True,-0.4828840562425797,0.709392986515639,False
15-4-15,1600,108.8,11.399999999999999,0.00045,0.00029,"[4.0, 8.0]",0.7392693234904064,5.0,-0.07151523356687041,-0.1438435652273632,1.2312312575970958,0.35169862259312723,0.0,0.0,0.0,"[(4.0, 8.0)]",4.5,True,-0.4919619341066895,0.7392693234904064,False
15-4-15,900,61.2,12.199999999999996,0.00025,0.00015,"[4.0, 8.0]",0.5267661675145884,6.0,-0.00688934077711898,-0.02808433633748106,1.0194912191448733,0.3222641238221507,0.0,0.0,0.0,"[(4.0, 8.0)]",4.5,True,-0.49272505163028496,0.5267661675145884,False
15-4-15,1600,108.8,13.199999999999992,0.00025,0.00015,"[4.0, 8.0]",0.6160479657741098,4.5,0.07792279467008034,0.000128862821156495,1.1102331077997625,0.3832822065243229,0.0,0.0,0.0,"[(4.0, 8.0)]",4.5,True,-0.4941851420256526,0.6160479657741098,False
15-4-15,1600,108.8,12.199999999999996,0.00045,0.00021999999999999998,"[4.0, 8.0]",0.3767198688076972,6.0,-0.022251765717193492,-0.014639351565126706,0.8729826612365665,0.2818731604352442,0.0,0.0,0.0,"[(4.0, 8.0)]",4.5,True,-0.4962627924288694,0.3767198688076972,False
15-4-15,2200,149.6,12.399999999999995,0.00025,0.00015,"[4.0, 8.0]",0.03764574727072318,7.0,-0.15099504784945278,-0.09183031575782556,0.5371226557248935,0.18620225058492854,0.0,0.0,0.0,"[(4.0, 8.0)]",4.5,True,-0.49947690845417025,0.03764574727072318,False
15-4-15,900,61.2,12.599999999999994,0.00045,0.00015,"[4.0, 8.0]",4.33929984439459,6.0,0.5595371409025531,0.2121955784093818,4.840362393598453,1.3995366647819423,0.0,0.0,0.0,"[(6.0, 6.0)]",0.5,True,-0.501062549203863,4.33929984439459,False
15-4-15,2200,149.6,12.399999999999995,0.00035,0.00015,"[4.0, 8.0]",0.0254063141479796,7.0,-0.15318935486674531,-0.08061942970332477,0.5276800145271009,0.18186426247658594,0.0,0.0,0.0,"[(4.0, 8.0)]",4.5,True,-0.5022737003791213,0.0254063141479796,False
15-4-15,2200,149.6,13.399999999999991,0.00035,0.00015,"[4.0, 8.0]",4.414439362104759,4.0,0.5234029241100459,0.0709958349047821,4.9231877273643105,1.4064333794043393,0.0,0.0,0.0,"[(4.0, 4.0)]",0.5,True,-0.5087483652595512,4.414439362104759,False
15-4-15,1200,81.6,12.399999999999995,0.00025,0.00015,"[4.0, 8.0]",0.6217313760955874,5.5,0.17723559960366997,0.2918050886748638,1.1315375301781403,0.35998866176598665,0.0,0.0,0.0,"[(4.0, 8.0)]",4.5,True,-0.5098061540825529,0.6217313760955874,False
15-4-15,2200,149.6,11.599999999999998,0.00035,0.00015,"[4.0, 8.0]",0.6682250384119447,4.0,-0.007710641619269142,0.06327030483308221,1.178694175648885,0.35761630686134105,0.0,0.0,0.0,"[(4.0, 8.0)]",4.5,True,-0.5104691372369401,0.6682250384119447,False
15-4-15,1600,108.8,12.199999999999996,0.00045,0.00029,"[4.0, 8.0]",0.4962726228803501,6.0,0.016818937455541524,0.15740377509769557,1.008415497972198,0.3408010479077162,0.0,0.0,0.0,"[(4.0, 8.0)]",4.5,True,-0.5121428750918479,0.4962726228803501,False
15-4-15,900,61.2,12.799999999999994,0.00035,0.00015,"[4.0, 8.0]",13.338176958387232,6.0,1.5983906671567736,0.23079511481136641,13.85631381557164,4.1733863934085385,0.0,0.0,0.0,"[(6.0, 6.0)]",0.5,True,-0.5181368571844089,13.338176958387232,False
15-4-15,1200,81.6,12.199999999999996,0.00045,0.00029,"[4.0, 8.0]",0.9908001590808508,5.5,0.1865038267787964,0.1289354478720234,1.5180586936276768,0.5287347066795421,0.0,0.0,0.0,"[(4.0, 8.0)]",4.5,True,-0.5272585345468259,0.9908001590808508,False
15-4-15,2200,149.6,13.399999999999991,0.00025,0.00021999999999999998,"[4.0, 8.0]",5.594816139060972,4.0,0.6374306737900883,0.060533365312718,6.128511984367702,1.7779743873294322,0.0,0.0,0.0,"[(4.0, 4.0)]",0.5,True,-0.5336958453067296,5.594816139060972,False
15-4-15,2200,149.6,11.399999999999999,0.00045,0.00015,"[4.0, 8.0]",0.14211298374712342,6.0,-0.1748585798681997,-0.1975302773744061,0.6805012661958785,0.24785702468706514,0.0,0.0,0.0,"[(4.0, 8.0)]",4.5,True,-0.538388282448755,0.14211298374712342,False
15-4-15,2200,149.6,12.399999999999995,0.00025,0.00021999999999999998,"[4.0, 8.0]",0.02617409167814097,7.0,-0.17511367874936706,-0.12605430514095078,0.5664907642567302,0.18995983369920413,0.0,0.0,0.0,"[(4.0, 8.0)]",4.5,True,-0.5403166725785892,0.02617409167814097,False
15-4-15,1200,81.6,12.599999999999994,0.00025,0.00015,"[4.0, 8.0]",1.9856154084982895,7.5,0.13487714054476055,-0.14271048265753314,2.531887928029344,0.7237517092200891,0.0,0.0,0.0,"[(4.0, 8.0)]",4.5,True,-0.5462725195310543,1.9856154084982895,False
15-4-15,2200,149.6,11.599999999999998,0.00025,0.00015,"[4.0, 8.0]",0.6100529045536747,4.0,0.00013328072165146496,0.042260289167353596,1.157411099436926,0.32439221948144414,0.0,0.0,0.0,"[(4.0, 8.0)]",4.5,True,-0.5473581948832512,0.6100529045536747,False
15-4-15,1200,81.6,13.399999999999991,0.00045,0.00021999999999999998,"[4.0, 8.0]",11.533583931996871,7.0,2.8690901118406713,1.2097478994121675,12.082604637407487,3.936580929447388,0.0,0.0,0.0,"[(7.0, 7.0)]",0.5,True,-0.5490207054106153,11.533583931996871,False
15-4-15,2200,149.6,11.399999999999999,0.00025,0.00021999999999999998,"[4.0, 8.0]",0.1528648017166217,4.5,-0.1560415447231914,-0.1685637328820984,0.7023544439153084,0.2558908092631903,0.0,0.0,0.0,"[(4.0, 8.0)]",4.5,True,-0.5494896421986868,0.1528648017166217,False
15-4-15,1600,108.8,12.199999999999996,0.00025,0.00015,"[4.0, 8.0]",0.45244479181108266,6.0,0.021271596534563914,0.010497090231760214,1.0022672289913586,0.31362634857482735,0.0,0.0,0.0,"[(4.0, 8.0)]",4.5,True,-0.5498224371802758,0.45244479181108266,False
15-4-15,1200,81.6,13.199999999999992,0.00035,0.00015,"[4.0, 8.0]",2.913906247316186,6.5,0.26341781371208867,0.21936154035564617,3.4661835149870552,0.996407739129571,0.0,0.0,0.0,"[(4.0, 4.0), (5.0, 5.0), (6.0, 6.5), (7.5, 8.0)]",3.0,True,-0.5522772676708692,2.913906247316186,False
15-4-15,1600,108.8,12.199999999999996,0.00025,0.00021999999999999998,"[4.0, 8.0]",0.43354786277489515,8.0,0.0076780072682815685,0.007234067840145502,0.9893613810946169,0.31404297764848293,0.0,0.0,0.0,"[(4.0, 8.0)]",4.5,True,-0.5558135183197217,0.43354786277489515,False
15-4-15,1600,108.8,12.199999999999996,0.00035,0.00015,"[4.0, 8.0]",0.43506342472924925,6.0,0.006836606609925879,-0.006773357745687568,0.9923645743149743,0.3128739659446939,0.0,0.0,0.0,"[(4.0, 8.0)]",4.5,True,-0.5573011495857251,0.43506342472924925,False
15-4-15,1600,108.8,13.399999999999991,0.00025,0.00015,"[4.0, 8.0]",1.3988007077469877,7.5,0.05861714241760734,-0.0401407343531717,1.9581756825918792,0.5837913154596768,0.0,0.0,0.0,"[(4.0, 8.0)]",4.5,True,-0.5593749748448916,1.3988007077469877,False
15-4-15,1600,108.8,11.2,0.00035,0.00015,"[4.0, 8.0]",0.7736594791883867,6.0,0.11957847377564465,0.2364307592875437,1.3404848323618834,0.4015958084646988,0.0,0.0,0.0,"[(4.0, 8.0)]",4.5,True,-0.5668253531734966,0.7736594791883867,False
15-4-15,1600,108.8,13.199999999999992,0.00035,0.00021999999999999998,"[4.0, 8.0]",13.538293597677063,7.5,2.775066169090682,0.4114964024048805,14.105750235651405,4.659865342355424,0.0,0.0,0.0,"[(7.5, 7.5)]",0.5,True,-0.5674566379743424,13.538293597677063,False
15-4-15,2200,149.6,11.399999999999999,0.00035,0.00015,"[4.0, 8.0]",0.07579097395846551,6.0,-0.2267490450334697,-0.24513802257168604,0.6527874853374467,0.25218174297633766,0.0,0.0,0.0,"[(4.0, 8.0)]",4.5,True,-0.5769965113789811,0.07579097395846551,False
15-4-15,2200,149.6,13.399999999999991,0.00045,0.00029,"[4.0, 8.0]",12.12301027672774,4.0,2.247828332310518,0.25700891763520717,12.701704660207294,3.9359153968891873,0.0,0.0,0.0,"[(4.0, 4.0)]",0.5,True,-0.5786943834795538,12.12301027672774,False
15-4-15,2200,149.6,12.399999999999995,0.00045,0.00015,"[4.0, 8.0]",0.031081978555472935,4.5,-0.1839741171509286,-0.11227300915536456,0.6108286876520651,0.19645720454611815,0.0,0.0,0.0,"[(4.0, 8.0)]",4.5,True,-0.5797467090965922,0.031081978555472935,False
15-4-15,1200,81.6,12.799999999999994,0.00045,0.00021999999999999998,"[4.0, 8.0]",13.227843727778666,6.5,2.9550128768402164,0.33431963312897,13.808509043209105,4.986256261336528,0.0,0.0,0.0,"[(6.0, 6.5)]",1.0,True,-0.5806653154304392,13.227843727778666,False
15-4-15,1600,108.8,12.199999999999996,0.00045,0.00015,"[4.0, 8.0]",0.4545880591089223,8.0,-0.007204259043019184,-0.024064945514848356,1.0361372440130265,0.32371212317990294,0.0,0.0,0.0,"[(4.0, 8.0)]",4.5,True,-0.5815491849041042,0.4545880591089223,False
15-4-15,900,61.2,12.999999999999993,0.00045,0.00015,"[4.0, 8.0]",9.977962271541205,5.5,1.5745043609407205,0.5611704834115606,10.564217588280439,3.0545421525566483,0.0,0.0,0.0,"[(5.5, 5.5)]",0.5,True,-0.5862553167392343,9.977962271541205,False
15-4-15,1200,81.6,12.199999999999996,0.00045,0.00021999999999999998,"[4.0, 8.0]",0.605829446880645,5.5,-0.00777877203597071,-0.03081954288451086,1.1952430359246538,0.41382949266169394,0.0,0.0,0.0,"[(4.0, 8.0)]",4.5,True,-0.5894135890440088,0.605829446880645,False
15-4-15,1200,81.6,12.199999999999996,0.00035,0.00029,"[4.0, 8.0]",0.5539117571078601,5.5,-0.06567483699885913,0.012048025694816793,1.150790294086316,0.36059347278133785,0.0,0.0,0.0,"[(4.0, 8.0)]",4.5,True,-0.5968785369784558,0.5539117571078601,False
15-4-15,2200,149.6,11.599999999999998,0.00025,0.00029,"[4.0, 8.0]",0.8840459901846386,4.0,0.04272317342452789,0.1787050297385141,1.4819807644291276,0.4724117977990605,0.0,0.0,0.0,"[(4.0, 8.0)]",4.5,True,-0.5979347742444889,0.8840459901846386,False
15-4-15,1200,81.6,12.599999999999994,0.00025,0.00021999999999999998,"[4.0, 8.0]",10.669372814991924,7.5,1.1091232254630363,0.005319761994354226,11.269232337130775,3.3976552697266977,0.0,0.0,0.0,"[(7.5, 7.5)]",0.5,True,-0.5998595221388511,10.669372814991924,False
15-4-15,1200,81.6,12.999999999999993,0.00025,0.00021999999999999998,"[4.0, 8.0]",1.0623595717042933,6.5,0.06129167628735229,0.04792819237647672,1.675416693354008,0.4633862498699816,0.0,0.0,0.0,"[(4.0, 8.0)]",4.5,True,-0.6130571216497147,1.0623595717042933,False
15-4-15,2200,149.6,11.399999999999999,0.00025,0.00015,"[4.0, 8.0]",0.08078147207833015,7.5,-0.26212591439106814,-0.27165759213013524,0.6947081479528054,0.26226668031284184,0.0,0.0,0.0,"[(4.0, 8.0)]",4.5,True,-0.6139266758744752,0.08078147207833015,False
15-4-15,1600,108.8,12.199999999999996,0.00025,0.00029,"[4.0, 8.0]",0.4993616505893298,8.0,-0.007569908374330654,0.02285825551790266,1.1182704076456267,0.3499055913033598,0.0,0.0,0.0,"[(4.0, 8.0)]",4.5,True,-0.6189087570562969,0.4993616505893298,False
15-4-15,900,61.2,13.399999999999991,0.00025,0.00015,"[4.0, 8.0]",0.5425641383745613,6.5,0.026801792460534036,0.06488138516595499,1.1699296110784803,0.3598877401320041,0.0,0.0,0.0,"[(4.0, 8.0)]",4.5,True,-0.627365472703919,0.5425641383745613,False
15-4-15,2200,149.6,11.599999999999998,0.00035,0.00021999999999999998,"[4.0, 8.0]",0.8516743481324756,4.0,0.01691055078792769,0.1562228364086836,1.4846983441993826,0.4716867904091668,0.0,0.0,0.0,"[(4.0, 8.0)]",4.5,True,-0.6330239960669072,0.8516743481324756,False
15-4-15,1200,81.6,13.199999999999992,0.00045,0.00021999999999999998,"[4.0, 8.0]",15.936253760518206,6.5,2.046995032504595,0.4222301980547002,16.570070044939797,4.949797492355768,0.1111111111111111,0.0,0.0,"[(6.5, 6.5)]",0.5,True,-0.6338162844215927,15.936253760518206,False
15-4-15,1600,108.8,12.199999999999996,0.00035,0.00021999999999999998,"[4.0, 8.0]",0.5053158720245849,8.0,-0.015346402844500914,-0.009401357840217594,1.1396762873425845,0.35219654025740915,0.0,0.0,0.0,"[(4.0, 8.0)]",4.5,True,-0.6343604153179996,0.5053158720245849,False
15-4-15,1200,81.6,12.599999999999994,0.00035,0.00015,"[4.0, 8.0]",8.728736932022883,7.5,0.8919499537199572,0.023556075607286002,9.367779802265078,2.790727982660149,0.0,0.0,0.0,"[(7.5, 7.5)]",0.5,True,-0.6390428702421942,8.728736932022883,False
15-4-15,1200,81.6,12.199999999999996,0.00025,0.00029,"[4.0, 8.0]",0.5431462064509527,5.5,-0.0744056519481015,-0.03277782857329758,1.1824366990751884,0.3990078464324699,0.0,0.0,0.0,"[(4.0, 8.0)]",4.5,True,-0.6392904926242359,0.5431462064509527,False
15-4-15,1200,81.6,13.199999999999992,0.00045,0.00015,"[4.0, 8.0]",15.436037991449602,6.5,1.7130358212977004,0.24528834631281718,16.087656257255563,4.8679101666550055,0.1111111111111111,0.0,0.0,"[(6.5, 6.5)]",0.5,True,-0.65161826580596,15.436037991449602,False
15-4-15,1600,108.8,13.399999999999991,0.00025,0.00029,"[4.0, 8.0]",12.918436425320209,7.5,1.9755014176324122,0.2550714356615995,13.572988395181465,4.066748969559682,0.0,0.0,0.0,"[(7.5, 7.5)]",0.5,True,-0.6545519698612561,12.918436425320209,False
15-4-15,1200,81.6,12.199999999999996,0.00035,0.00021999999999999998,"[4.0, 8.0]",0.5423792982069388,5.5,-0.07516233362908693,-0.04114939088535592,1.2022223998171997,0.39728476121840295,0.0,0.0,0.0,"[(4.0, 8.0)]",4.5,True,-0.659843101610261,0.5423792982069388,False
15-4-15,2200,149.6,11.999999999999996,0.00025,0.00015,"[4.0, 8.0]",0.0751175614163799,8.0,-0.26867139234754794,-0.22251319321724514,0.7364420533032521,0.22653836171526937,0.0,0.0,0.0,"[(4.0, 8.0)]",4.5,True,-0.6613244918868721,0.0751175614163799,False
15-4-15,1200,81.6,12.599999999999994,0.00045,0.00015,"[4.0, 8.0]",14.013621982855655,7.5,1.5477565933001722,0.11158916138693194,14.675557149897413,4.428036754774703,0.0,0.0,0.0,"[(7.5, 7.5)]",0.5,True,-0.6619351670417586,14.013621982855655,False
15-4-15,900,61.2,12.999999999999993,0.00045,0.00021999999999999998,"[4.0, 8.0]",15.792057846901137,7.5,3.8564113555853368,0.7145582496701288,16.462595009710924,6.006834615647904,0.1111111111111111,0.0,0.0,"[(5.5, 5.5), (7.5, 7.5)]",1.0,True,-0.670537162809788,15.792057846901137,False
15-4-15,1200,81.6,13.399999999999991,0.00025,0.00015,"[4.0, 8.0]",6.614278412775229,6.5,0.6028548850462412,-0.1286697438683102,7.2851926505648725,2.1435655515477365,0.0,0.0,0.0,"[(6.5, 6.5)]",0.5,True,-0.670914237789644,6.614278412775229,False
15-4-15,900,61.2,11.799999999999997,0.00025,0.00015,"[4.0, 8.0]",0.3293045477059972,5.0,-0.04546119123285518,0.013873075633101455,1.000550473897047,0.3405518395627202,0.0,0.0,0.0,"[(4.0, 8.0)]",4.5,True,-0.6712459261910498,0.3293045477059972,False
15-4-15,1200,81.6,13.199999999999992,0.00025,0.00015,"[4.0, 8.0]",0.4687324837138459,4.0,-0.1044557266519698,0.0020331267100376312,1.1405107140411528,0.38453268126260187,0.0,0.0,0.0,"[(4.0, 8.0)]",4.5,True,-0.6717782303273069,0.4687324837138459,False
15-4-15,1200,81.6,12.199999999999996,0.00025,0.00015,"[4.0, 8.0]",0.47748857565022224,5.5,-0.11966093582589396,-0.017463097894711763,1.1503265673179355,0.37980328032806737,0.0,0.0,0.0,"[(4.0, 8.0)]",4.5,True,-0.6728379916677132,0.47748857565022224,False
15-4-15,1200,81.6,12.199999999999996,0.00025,0.00021999999999999998,"[4.0, 8.0]",0.4901411875101818,5.5,-0.12610858745227252,-0.025350232478746626,1.165564979028142,0.376634078383163,0.0,0.0,0.0,"[(4.0, 8.0)]",4.5,True,-0.6754237915179602,0.4901411875101818,False
15-4-15,1200,81.6,13.199999999999992,0.00025,0.00021999999999999998,"[4.0, 8.0]",6.978985485318876,6.5,0.6790461600043304,0.10961588598019292,7.657825771842898,2.2562467200686207,0.0,0.0,0.0,"[(6.5, 6.5)]",0.5,True,-0.6788402865240215,6.978985485318876,False
15-4-15,1200,81.6,12.199999999999996,0.00035,0.00015,"[4.0, 8.0]",0.47639201770913675,5.5,-0.12687715581320969,-0.030652957264549398,1.1603516167026582,0.3790593412845748,0.0,0.0,0.0,"[(4.0, 8.0)]",4.5,True,-0.6839595989935214,0.47639201770913675,False
15-4-15,900,61.2,12.199999999999996,0.00045,0.00021999999999999998,"[4.0, 8.0]",0.8775974051411649,8.0,0.2654690126650508,0.36824683469948505,1.5633660058677168,0.4904325370180529,0.0,0.0,0.0,"[(4.0, 8.0)]",4.5,True,-0.685768600726552,0.8775974051411649,False
15-4-15,1600,108.8,11.599999999999998,0.00025,0.00015,"[4.0, 8.0]",0.7082570253588573,4.5,-0.17227618987748414,-0.23367399524722282,1.3948576317596775,0.3806601880816687,0.0,0.0,0.0,"[(4.0, 8.0)]",4.5,True,-0.6866006064008201,0.7082570253588573,False
15-4-15,1200,81.6,12.599999999999994,0.00045,0.00021999999999999998,"[4.0, 8.0]",15.693070858463978,7.0,3.4026985500909834,0.05906728120096241,16.381128257797545,6.318924654337805,0.1111111111111111,0.0,0.0,"[(7.0, 7.5)]",1.0,True,-0.6880573993335671,15.693070858463978,False
15-4-15,1200,81.6,12.199999999999996,0.00045,0.00015,"[4.0, 8.0]",0.49164759533801317,5.5,-0.12247043077646219,-0.04067551211531212,1.179781059997211,0.37912743825520134,0.0,0.0,0.0,"[(4.0, 8.0)]",4.5,True,-0.6881334646591977,0.49164759533801317,False
15-4-15,1200,81.6,11.2,0.00025,0.00015,"[4.0, 8.0]",0.7686864156732991,6.5,-0.08639139776308373,0.04209766402566221,1.470358706317728,0.5329703440244369,0.0,0.0,0.0,"[(4.0, 8.0)]",4.5,True,-0.7016722906444289,0.7686864156732991,False
15-4-15,1200,81.6,12.999999999999993,0.00025,0.00015,"[4.0, 8.0]",0.2472919324235408,4.0,-0.08506202764332543,-0.042934386087066914,0.9527804321138842,0.3085864557806902,0.0,0.0,0.0,"[(4.0, 8.0)]",4.5,True,-0.7054884996903434,0.2472919324235408,False
15-4-15,2200,149.6,11.799999999999997,0.00025,0.00015,"[4.0, 8.0]",0.60237536006244,4.0,-0.1153191346491042,-0.1294471772525216,1.310739176473728,0.37525312910910136,0.0,0.0,0.0,"[(4.0, 8.0)]",4.5,True,-0.7083638164112881,0.60237536006244,False
15-4-15,1600,108.8,11.799999999999997,0.00025,0.00015,"[4.0, 8.0]",0.5324530600754713,6.0,-0.1352057112290938,-0.318882482137669,1.2420691492848235,0.38934642272227854,0.0,0.0,0.0,"[(4.0, 8.0)]",4.5,True,-0.7096160892093523,0.5324530600754713,False
15-4-15,1200,81.6,12.999999999999993,0.00045,0.00021999999999999998,"[4.0, 8.0]",14.48023248032376,6.5,1.6028561557520458,0.025618275092075628,15.20477687946725,4.574215473942502,0.0,0.0,0.0,"[(6.5, 6.5)]",0.5,True,-0.7245443991434902,14.48023248032376,False
15-4-15,1600,108.8,12.999999999999993,0.00045,0.00015,"[4.0, 8.0]",13.949938958639805,8.0,1.9575685410172103,0.27985869063338126,14.686754952894775,4.347051793608135,0.0,0.0,0.0,"[(8.0, 8.0)]",0.5,True,-0.7368159942549695,13.949938958639805,False
15-4-15,2200,149.6,12.799999999999994,0.00025,0.00021999999999999998,"[4.0, 8.0]",0.5107328402759669,8.0,0.02138697986504697,0.0039735260173058475,1.25503098975038,0.3418460039244049,0.0,0.0,0.0,"[(4.0, 8.0)]",4.5,True,-0.744298149474413,0.5107328402759669,False
15-4-15,1200,81.6,12.999999999999993,0.00045,0.00015,"[4.0, 8.0]",13.315190228799601,6.5,1.4267427524619405,0.08327027237892454,14.060371775602603,4.221116067507522,0.0,0.0,0.0,"[(6.5, 6.5)]",0.5,True,-0.7451815468030019,13.315190228799601,False
15-4-15,2200,149.6,11.999999999999996,0.00035,0.00015,"[4.0, 8.0]",0.03108547956153266,8.0,-0.34650701237761783,-0.28662169164508594,0.7775822183435726,0.23681022188757597,0.0,0.0,0.0,"[(4.0, 8.0)]",4.5,True,-0.7464967387820399,0.03108547956153266,False
15-4-15,900,61.2,11.799999999999997,0.00035,0.00015,"[4.0, 8.0]",0.2588555527569359,5.0,-0.10938909771735311,-0.03095823965406426,1.0142231961200325,0.34613619940643725,0.0,0.0,0.0,"[(4.0, 8.0)]",4.5,True,-0.7553676433630967,0.2588555527569359,False
15-4-15,900,61.2,11.799999999999997,0.00025,0.00021999999999999998,"[4.0, 8.0]",0.2525755809022118,5.0,-0.11259486069669634,-0.029072914273859173,1.0151107335580019,0.34718599730555244,0.0,0.0,0.0,"[(4.0, 8.0)]",4.5,True,-0.76253515265579,0.2525755809022118,False
15-4-15,2200,149.6,12.799999999999994,0.00025,0.00015,"[4.0, 8.0]",0.5430143303456574,8.0,-0.011176906871610374,-0.012081757393912557,1.3056325012908898,0.3842295676427826,0.0,0.0,0.0,"[(4.0, 8.0)]",4.5,True,-0.7626181709452323,0.5430143303456574,False
15-4-15,1200,81.6,13.399999999999991,0.00035,0.00029,"[4.0, 8.0]",12.108747063304065,7.0,3.6624129880490717,1.571042983320257,12.873672353438167,4.500123741033489,0.0,0.0,0.0,"[(6.0, 6.0), (7.0, 7.0)]",1.0,True,-0.7649252901341018,12.108747063304065,False
15-4-15,2200,149.6,11.999999999999996,0.00025,0.00021999999999999998,"[4.0, 8.0]",0.034942618300763825,8.0,-0.35799102457640486,-0.2907892176129984,0.8006567350951188,0.24259512428942967,0.0,0.0,0.0,"[(4.0, 8.0)]",4.5,True,-0.765714116794355,0.034942618300763825,False
15-4-15,1600,108.8,11.799999999999997,0.00035,0.00015,"[4.0, 8.0]",0.42512247089827476,6.0,-0.21704375694015066,-0.43499286706709045,1.198352748384327,0.3865285535980762,0.0,0.0,0.0,"[(4.0, 8.0)]",4.5,True,-0.7732302774860522,0.42512247089827476,False
15-4-15,2200,149.6,12.799999999999994,0.00045,0.00015,"[4.0, 8.0]",0.5217244541445908,5.5,0.02752451516981828,0.004812919291540227,1.2953133812733328,0.3562753974340568,0.0,0.0,0.0,"[(4.0, 8.0)]",4.5,True,-0.773588927128742,0.5217244541445908,False
15-4-15,1600,108.8,11.799999999999997,0.00025,0.00021999999999999998,"[4.0, 8.0]",0.41423128691159494,6.0,-0.2231197930563687,-0.4482652989801455,1.192275538630473,0.3865046744049059,0.0,0.0,0.0,"[(4.0, 8.0)]",4.5,True,-0.7780442517188781,0.41423128691159494,False
15-4-15,900,61.2,12.199999999999996,0.00035,0.00029,"[4.0, 8.0]",1.7464655893155403,8.0,0.39822120012655104,0.4920399198767873,2.5248682719002598,0.6443876366535026,0.0,0.0,0.0,"[(4.0, 8.0)]",4.5,True,-0.7784026825847196,1.7464655893155403,False
15-4-15,2200,149.6,11.799999999999997,0.00035,0.00015,"[4.0, 8.0]",0.5890313839328912,4.0,-0.21207837324612602,-0.23486701545611718,1.3697101200825939,0.38943648506000966,0.0,0.0,0.0,"[(4.0, 8.0)]",4.5,True,-0.7806787361497026,0.5890313839328912,False
15-4-15,2200,149.6,11.799999999999997,0.00025,0.00021999999999999998,"[4.0, 8.0]",0.5942576356126199,4.0,-0.22230404142294408,-0.25015750541420684,1.378946323670525,0.39313886655027996,0.0,0.0,0.0,"[(4.0, 8.0)]",4.5,True,-0.7846886880579053,0.5942576356126199,False
15-4-15,2200,149.6,12.799999999999994,0.00035,0.00015,"[4.0, 8.0]",0.5148837698846814,8.0,0.038909570606651706,0.002221054312438796,1.3053244966864668,0.3554332825952985,0.0,0.0,0.0,"[(4.0, 8.0)]",4.5,True,-0.7904407268017855,0.5148837698846814,False
15-4-15,2200,149.6,13.199999999999992,0.00045,0.00015,"[4.0, 8.0]",0.38683428794593466,5.5,-0.19050600985352098,-0.1276566004073109,1.1829014107270464,0.38557108018126784,0.0,0.0,0.0,"[(4.0, 8.0)]",4.5,True,-0.7960671227811118,0.38683428794593466,False
15-4-15,1200,81.6,12.999999999999993,0.00035,0.00015,"[4.0, 8.0]",1.2819524418193327,6.5,-0.0017641888177736612,-0.03304036745161163,2.0806088286663402,0.557844371352286,0.0,0.0,0.0,"[(4.0, 8.0)]",4.5,True,-0.7986563868470076,1.2819524418193327,False
15-4-15,1200,81.6,11.799999999999997,0.00025,0.00015,"[4.0, 8.0]",0.5613808649784374,4.5,-0.22607143902700827,-0.12637900483291215,1.3774033955572174,0.4763631596525703,0.0,0.0,0.0,"[(4.0, 8.0)]",4.5,True,-0.8160225305787799,0.5613808649784374,False
15-4-15,1200,81.6,11.599999999999998,0.00025,0.00015,"[4.0, 8.0]",0.5066733457009209,6.5,-0.12048039741733987,-0.06728156125118911,1.327260278627946,0.48578498726296954,0.0,0.0,0.0,"[(4.0, 8.0)]",4.5,True,-0.820586932927025,0.5066733457009209,False
15-4-15,1200,81.6,11.399999999999999,0.00025,0.00015,"[4.0, 8.0]",-0.1936113201619055,6.0,-0.43022850679001523,-0.4382183796592989,0.6308308490900942,0.18527500779366526,0.0,0.0,0.0,"[(4.0, 8.0)]",4.5,True,-0.8244421692519998,-0.1936113201619055,False
15-4-15,1600,108.8,11.2,0.00025,0.00015,"[4.0, 8.0]",0.4819326271927992,7.0,-0.16806693541472154,-0.297536636415805,1.3211729663266054,0.4958844462315955,0.0,0.0,0.0,"[(4.0, 8.0)]",4.5,True,-0.8392403391338061,0.4819326271927992,False
15-4-15,1600,108.8,12.799999999999994,0.00025,0.00015,"[4.0, 8.0]",0.598746495490281,6.0,-0.04532529749504653,0.05805143801790344,1.4425427587142867,0.46282779747694613,0.0,0.0,0.0,"[(4.0, 8.0)]",4.5,True,-0.8437962632240057,0.598746495490281,False
15-4-15,1600,108.8,11.799999999999997,0.00025,0.00029,"[4.0, 8.0]",0.2901660644730776,6.0,-0.30990392891862506,-0.5617563163109428,1.1342157435921219,0.3873377795363229,0.0,0.0,0.0,"[(4.0, 8.0)]",4.5,True,-0.8440496791190444,0.2901660644730776,False
15-4-15,1600,108.8,11.799999999999997,0.00045,0.00015,"[4.0, 8.0]",0.3034208045872289,6.0,-0.3086658906770777,-0.561287767563718,1.1477842306385257,0.38637646542727866,0.0,0.0,0.0,"[(4.0, 8.0)]",4.5,True,-0.8443634260512969,0.3034208045872289,False
15-4-15,2200,149.6,11.999999999999996,0.00045,0.00015,"[4.0, 8.0]",-0.01925371911112764,8.0,-0.437671305609877,-0.36143472709515967,0.8268022366720534,0.25044856406775684,0.0,0.0,0.0,"[(4.0, 8.0)]",4.5,True,-0.846055955783181,-0.01925371911112764,False
15-4-15,900,61.2,11.799999999999997,0.00045,0.00015,"[4.0, 8.0]",0.18087720769573895,5.0,-0.1786314616406468,-0.07642023494370054,1.0285622466453428,0.35331954062240334,0.0,0.0,0.0,"[(4.0, 8.0)]",4.5,True,-0.8476850389496038,0.18087720769573895,False
15-4-15,900,61.2,11.799999999999997,0.00025,0.00029,"[4.0, 8.0]",0.17766537908991553,7.0,-0.1743633653056841,-0.059852908053459705,1.0293050427821098,0.35582228838582003,0.0,0.0,0.0,"[(4.0, 8.0)]",4.5,True,-0.8516396636921942,0.17766537908991553,False
15-4-15,1200,81.6,11.399999999999999,0.00025,0.00029,"[4.0, 8.0]",-0.205246699539259,4.0,-0.4873650430820502,-0.48225487531327627,0.6475033056915933,0.20950443378819633,0.0,0.0,0.0,"[(4.0, 8.0)]",4.5,True,-0.8527500052308523,-0.205246699539259,False
15-4-15,1200,81.6,11.399999999999999,0.00025,0.00021999999999999998,"[4.0, 8.0]",-0.22194856360341544,6.0,-0.47994300953909835,-0.48949489062825147,0.6332777311707994,0.17266474976768922,0.0,0.0,0.0,"[(4.0, 8.0)]",4.5,True,-0.8552262947742149,-0.22194856360341544,False
15-4-15,2200,149.6,13.199999999999992,0.00025,0.00021999999999999998,"[4.0, 8.0]",0.44503268966048704,5.5,-0.2642651946033752,-0.13921555834430446,1.303194479598687,0.3886907387259639,0.0,0.0,0.0,"[(4.0, 8.0)]",4.5,True,-0.8581617899382,0.44503268966048704,False
15-4-15,2200,149.6,11.799999999999997,0.00025,0.00029,"[4.0, 8.0]",0.5981815786734246,4.0,-0.33558363417699866,-0.42260949933247227,1.4564508692626894,0.4276853082666424,0.0,0.0,0.0,"[(4.0, 8.0)]",4.5,True,-0.8582692905892648,0.5981815786734246,False
15-4-15,1600,108.8,11.2,0.00045,0.00015,"[4.0, 8.0]",2.945817168320351,4.0,1.0808842609881466,1.222088414793542,3.8054272077432176,1.0976232907787462,0.0,0.0,0.0,"[(4.0, 4.0), (5.0, 8.0)]",4.0,True,-0.8596100394228667,2.945817168320351,False
15-4-15,2200,149.6,13.199999999999992,0.00035,0.00021999999999999998,"[4.0, 8.0]",0.2799064822549995,5.5,-0.24269958272903555,-0.06329450666536485,1.13995848656546,0.40719897913703584,0.0,0.0,0.0,"[(4.0, 8.0)]",4.5,True,-0.8600520043104604,0.2799064822549995,False
15-4-15,2200,149.6,11.799999999999997,0.00045,0.00015,"[4.0, 8.0]",0.5756553021891931,4.0,-0.32284306025039056,-0.4150786438325135,1.4373604558540358,0.4147903174318129,0.0,0.0,0.0,"[(4.0, 8.0)]",4.5,True,-0.8617051536648428,0.5756553021891931,False
15-4-15,1200,81.6,11.399999999999999,0.00035,0.00015,"[4.0, 8.0]",-0.2241372488316804,6.0,-0.4847064426740486,-0.46909212208793605,0.6399331195655567,0.17333424693726004,0.0,0.0,0.0,"[(4.0, 8.0)]",4.5,True,-0.864070368397237,-0.2241372488316804,False
15-4-15,900,61.2,11.599999999999998,0.00025,0.00015,"[4.0, 8.0]",-0.07960034054125739,4.5,-0.5429037692659953,-0.6538316813140519,0.8033253094252155,0.2961900253215057,0.0,0.0,0.0,"[(4.0, 8.0)]",4.5,True,-0.8829256499664729,-0.07960034054125739,False
15-4-15,2200,149.6,11.599999999999998,0.00045,0.00021999999999999998,"[4.0, 8.0]",1.036542017316428,4.0,0.07564354689124923,0.2747180292069308,1.9289744084421117,0.5873389331674016,0.0,0.0,0.0,"[(4.0, 8.0)]",4.5,True,-0.8924323911256837,1.036542017316428,False
15-4-15,1600,108.8,11.799999999999997,0.00035,0.00021999999999999998,"[4.0, 8.0]",0.2166089366661026,6.0,-0.37123303663706264,-0.6046263583313014,1.1093280848456115,0.38869143306550796,0.0,0.0,0.0,"[(4.0, 8.0)]",4.5,True,-0.8927191481795089,0.2166089366661026,False
15-4-15,2200,149.6,11.999999999999996,0.00025,0.00029,"[4.0, 8.0]",0.007017061872406886,8.0,-0.4590789340199244,-0.3803919585010297,0.9019090201067899,0.2706373201988314,0.0,0.0,0.0,"[(4.0, 8.0)]",4.5,True,-0.894891958234383,0.007017061872406886,False
15-4-15,1600,108.8,12.399999999999995,0.00025,0.00015,"[4.0, 8.0]",0.5906590142452849,4.5,-0.2645962726249152,-0.26257916845783463,1.4881613742232378,0.41383934693623187,0.0,0.0,0.0,"[(4.0, 8.0)]",4.5,True,-0.8975023599779529,0.5906590142452849,False
15-4-15,2200,149.6,12.799999999999994,0.00035,0.00021999999999999998,"[4.0, 8.0]",0.5369068204536844,5.5,-0.10703106761097288,-0.05749292207623339,1.4387684474535924,0.4701726020620042,0.0,0.0,0.0,"[(4.0, 8.0)]",4.5,True,-0.901861626999908,0.5369068204536844,False
15-4-15,2200,149.6,13.199999999999992,0.00025,0.00015,"[4.0, 8.0]",0.4115489877962825,5.5,-0.23599461568356406,-0.2617239183557519,1.3150525191822016,0.37070426294742115,0.0,0.0,0.0,"[(4.0, 8.0)]",4.5,True,-0.9035035313859191,0.4115489877962825,False
15-4-15,2200,149.6,12.799999999999994,0.00025,0.00029,"[4.0, 8.0]",0.561443017450928,8.0,-0.1123374469731026,-0.038138550518362326,1.465879229034335,0.46950622939511766,0.0,0.0,0.0,"[(4.0, 8.0)]",4.5,True,-0.904436211583407,0.561443017450928,False
15-4-15,1600,108.8,11.999999999999996,0.00025,0.00015,"[4.0, 8.0]",0.42850468109542783,5.0,-0.2505643146451161,-0.2622767416892643,1.333174297069884,0.46046217071961576,0.0,0.0,0.0,"[(4.0, 8.0)]",4.5,True,-0.9046696159744563,0.42850468109542783,False
15-4-15,1200,81.6,11.399999999999999,0.00045,0.00015,"[4.0, 8.0]",-0.25298453269899596,6.0,-0.5329241591798153,-0.5210846733224159,0.6550916705087269,0.18576332914026614,0.0,0.0,0.0,"[(4.0, 8.0)]",4.5,True,-0.9080762032077229,-0.25298453269899596,False
15-4-15,1200,81.6,11.399999999999999,0.00035,0.00021999999999999998,"[4.0, 8.0]",-0.25195313290333776,6.0,-0.5387544832645,-0.544958962174341,0.6571213043642575,0.21189038687654785,0.0,0.0,0.0,"[(4.0, 8.0)]",4.5,True,-0.9090744372675953,-0.25195313290333776,False
15-4-15,900,61.2,11.799999999999997,0.00035,0.00021999999999999998,"[4.0, 8.0]",0.12678972119649207,5.0,-0.22366170808668404,-0.10272277945726695,1.0371729548727149,0.3593074477750459,0.0,0.0,0.0,"[(4.0, 8.0)]",4.5,True,-0.9103832336762228,0.12678972119649207,False
15-4-15,2200,149.6,11.799999999999997,0.00035,0.00021999999999999998,"[4.0, 8.0]",0.5747388727331975,4.0,-0.4039200581242518,-0.4678641441719486,1.490611215263003,0.4426225942766164,0.0,0.0,0.0,"[(4.0, 8.0)]",4.5,True,-0.9158723425298056,0.5747388727331975,False
15-4-15,1200,81.6,11.799999999999997,0.00035,0.00015,"[4.0, 8.0]",0.5134192884352439,4.5,-0.30041743610805777,-0.22646372538233572,1.4294534114307242,0.4935749913700264,0.0,0.0,0.0,"[(4.0, 8.0)]",4.5,True,-0.9160341229954804,0.5134192884352439,False
15-4-15,1200,81.6,11.799999999999997,0.00025,0.00021999999999999998,"[4.0, 8.0]",0.511487850476403,4.5,-0.3055327544585966,-0.23621765106557585,1.4359408636916993,0.49644970160350577,0.0,0.0,0.0,"[(4.0, 8.0)]",4.5,True,-0.9244530132152963,0.511487850476403,False
15-4-15,2200,149.6,11.999999999999996,0.00035,0.00021999999999999998,"[4.0, 8.0]",-0.04325830144934823,8.0,-0.5076494843041203,-0.42334492319923733,0.8951071249656537,0.2683646894902446,0.0,0.0,0.0,"[(4.0, 8.0)]",4.5,True,-0.938365426415002,-0.04325830144934823,False
15-4-15,1200,81.6,11.399999999999999,0.00045,0.00021999999999999998,"[4.0, 8.0]",-0.1664861672268828,4.0,-0.5668468543341523,-0.5189877441743336,0.7806306334357688,0.27653813530240734,0.0,0.0,0.0,"[(4.0, 8.0)]",4.5,True,-0.9471168006626516,-0.1664861672268828,False
15-4-15,2200,149.6,13.199999999999992,0.00035,0.00015,"[4.0, 8.0]",0.4087616547468067,5.5,-0.18563417880616678,-0.055760358691392085,1.3593815379674046,0.4023772641881926,0.0,0.0,0.0,"[(4.0, 8.0)]",4.5,True,-0.9506198832205979,0.4087616547468067,False
15-4-15,1600,108.8,11.999999999999996,0.00035,0.00015,"[4.0, 8.0]",0.3664129587869014,5.0,-0.2965670859170623,-0.3013913269243757,1.325968491757114,0.4568136825430863,0.0,0.0,0.0,"[(4.0, 8.0)]",4.5,True,-0.9595555329702126,0.3664129587869014,False
15-4-15,2200,149.6,11.2,0.00025,0.00015,"[4.0, 8.0]",1.0334792634190757,5.0,0.14582521813262647,0.2591856554535319,1.997243045129813,0.5453307161209473,0.0,0.0,0.0,"[(4.0, 8.0)]",4.5,True,-0.9637637817107374,1.0334792634190757,False
15-4-15,2200,149.6,12.999999999999993,0.00035,0.00015,"[4.0, 8.0]",0.5394880826672034,5.5,-0.09185067080904835,-0.05692416263092871,1.5063240321974138,0.453881145655796,0.0,0.0,0.0,"[(4.0, 8.0)]",4.5,True,-0.9668359495302103,0.5394880826672034,False
15-4-15,1200,81.6,11.399999999999999,0.00035,0.00029,"[4.0, 8.0]",-0.043010205002180356,4.0,-0.5106971574445814,-0.43781184127542333,0.9252591773110357,0.3130393284698643,0.0,0.0,0.0,"[(4.0, 8.0)]",4.5,True,-0.968269382313216,-0.043010205002180356,False
15-4-15,1600,108.8,11.999999999999996,0.00025,0.00021999999999999998,"[4.0, 8.0]",0.358118264015979,5.0,-0.2980410096535176,-0.3006656517965242,1.3273300378855684,0.4547855145261762,0.0,0.0,0.0,"[(4.0, 8.0)]",4.5,True,-0.9692117738695893,0.358118264015979,False
15-4-15,1600,108.8,11.0,0.00035,0.00015,"[4.0, 8.0]",5.592876896553274,4.0,1.37980124865513,0.48449644501051037,6.56609657442602,2.0005748400839796,0.0,0.0,0.0,"[(4.0, 4.0), (7.0, 7.0)]",1.0,True,-0.9732196778727462,5.592876896553274,False
15-4-15,2200,149.6,11.599999999999998,0.00035,0.00029,"[4.0, 8.0]",1.1601839194963457,4.0,0.1297702387120174,0.35379803525459946,2.1410481639531582,0.647453193756021,0.0,0.0,0.0,"[(4.0, 8.0)]",4.5,True,-0.9808642444568123,1.1601839194963457,False
15-4-15,2200,149.6,12.999999999999993,0.00025,0.00015,"[4.0, 8.0]",0.5769884125390528,5.0,-0.00108662539233762,0.002407481460531716,1.5603499251366486,0.42243859281199797,0.0,0.0,0.0,"[(4.0, 8.0)]",4.5,True,-0.9833615125975957,0.5769884125390528,False
15-4-15,1600,108.8,11.799999999999997,0.00035,0.00029,"[4.0, 8.0]",0.015508813383501414,6.0,-0.5101293308599185,-0.6570948593357884,1.012482058448675,0.4015281077730985,0.0,0.0,0.0,"[(4.0, 8.0)]",4.5,True,-0.9969732450651735,0.015508813383501414,False
15-4-15,1600,108.8,11.599999999999998,0.00035,0.00015,"[4.0, 8.0]",0.7255836287327722,4.5,-0.2549441577930269,-0.31194727271701633,1.7253915065827035,0.44797242654187025,0.0,0.0,0.0,"[(4.0, 8.0)]",4.5,True,-0.9998078778499314,0.7255836287327722,False
15-4-15,1200,81.6,11.599999999999998,0.00035,0.00015,"[4.0, 8.0]",0.4779109893429937,5.0,-0.2348374847585864,-0.3347097517720139,1.4799334863115776,0.5436612117463729,0.0,0.0,0.0,"[(4.0, 8.0)]",4.5,True,-1.002022496968584,0.4779109893429937,False
15-4-15,1600,108.8,11.799999999999997,0.00045,0.00021999999999999998,"[4.0, 8.0]",0.018286273849736943,6.0,-0.5150505941665016,-0.6714137047176244,1.021514012199756,0.3999744393880053,0.0,0.0,0.0,"[(4.0, 8.0)]",4.5,True,-1.003227738350019,0.018286273849736943,False
15-4-15,2200,149.6,12.199999999999996,0.00025,0.00015,"[4.0, 8.0]",0.22740158601844612,6.5,-0.1915767854360257,-0.044639698244657265,1.2395808784742197,0.35724802952632984,0.0,0.0,0.0,"[(4.0, 8.0)]",4.5,True,-1.0121792924557735,0.22740158601844612,False
15-4-15,1200,81.6,11.799999999999997,0.00045,0.00015,"[4.0, 8.0]",0.46025516728565374,4.5,-0.38251462543303366,-0.3387538578256202,1.48758705135395,0.5135873221754725,0.0,0.0,0.0,"[(4.0, 8.0)]",4.5,True,-1.0273318840682963,0.46025516728565374,False
15-4-15,1200,81.6,11.799999999999997,0.00025,0.00029,"[4.0, 8.0]",0.46588716551474363,4.5,-0.382335889510731,-0.3491719379786581,1.4992790582193838,0.5195284755282412,0.0,0.0,0.0,"[(4.0, 8.0)]",4.5,True,-1.0333918927046402,0.46588716551474363,False
15-4-15,1600,108.8,11.999999999999996,0.00045,0.00015,"[4.0, 8.0]",0.2945937249790421,5.0,-0.34861654334373365,-0.34503868631541657,1.3306309524484594,0.4530255269030735,0.0,0.0,0.0,"[(4.0, 8.0)]",4.5,True,-1.0360372274694172,0.2945937249790421,False
15-4-15,900,61.2,11.799999999999997,0.00035,0.00029,"[4.0, 8.0]",0.03981282145923872,7.0,-0.3148982027559769,-0.1458031144761492,1.0818962394590912,0.3751248579556975,0.0,0.0,0.0,"[(4.0, 8.0)]",4.5,True,-1.0420834179998524,0.03981282145923872,False
15-4-15,900,61.2,11.799999999999997,0.00045,0.00021999999999999998,"[4.0, 8.0]",0.029593165158255885,7.0,-0.32115867811685317,-0.15484046351174524,1.0745070131865253,0.3737666990236227,0.0,0.0,0.0,"[(4.0, 8.0)]",4.5,True,-1.0449138480282694,0.029593165158255885,False
15-4-15,1200,81.6,11.599999999999998,0.00025,0.00021999999999999998,"[4.0, 8.0]",0.4861449745206846,5.0,-0.2578431336561811,-0.3760909914749639,1.5348344178558202,0.5662532926947607,0.0,0.0,0.0,"[(4.0, 8.0)]",4.5,True,-1.0486894433351355,0.4861449745206846,False
15-4-15,2200,149.6,12.999999999999993,0.00025,0.00029,"[4.0, 8.0]",0.6501772403880833,5.5,-0.006019975533753921,0.011374047257237676,1.7045804979391623,0.4581931920031591,0.0,0.0,0.0,"[(4.0, 8.0)]",4.5,True,-1.0544032575510789,0.6501772403880833,False
15-4-15,1600,108.8,11.999999999999996,0.00025,0.00029,"[4.0, 8.0]",0.28103865702356046,5.0,-0.3418249664207267,-0.33109608871239216,1.3357721285493454,0.4484195217434024,0.0,0.0,0.0,"[(4.0, 8.0)]",4.5,True,-1.0547334715257848,0.28103865702356046,False
15-4-15,2200,149.6,12.199999999999996,0.00035,0.00015,"[4.0, 8.0]",0.198038014502083,6.5,-0.2255778601464062,-0.08929178260895493,1.2568448447855975,0.3583839043492299,0.0,0.0,0.0,"[(4.0, 8.0)]",4.5,True,-1.0588068302835145,0.198038014502083,False
15-4-15,2200,149.6,12.199999999999996,0.00025,0.00021999999999999998,"[4.0, 8.0]",0.176840935567491,6.5,-0.23510258316212682,-0.10636531728436162,1.2456813921900436,0.35542061806796815,0.0,0.0,0.0,"[(4.0, 8.0)]",4.5,True,-1.0688404566225527,0.176840935567491,False
15-4-15,900,61.2,11.599999999999998,0.00035,0.00015,"[4.0, 8.0]",-0.09406194679876376,4.0,-0.6942474140387168,-0.7762484105621186,0.9832500285129542,0.36474828225500183,0.0,0.0,0.0,"[(4.0, 8.0)]",4.5,True,-1.077311975311718,-0.09406194679876376,False
15-4-15,1600,108.8,11.599999999999998,0.00025,0.00021999999999999998,"[4.0, 8.0]",0.7478375207527188,4.5,-0.2696102740741642,-0.30687142077146873,1.8393359822361508,0.47535392470788324,0.0,0.0,0.0,"[(4.0, 8.0)]",4.5,True,-1.091498461483432,0.7478375207527188,False
15-4-15,1600,108.8,11.999999999999996,0.00035,0.00021999999999999998,"[4.0, 8.0]",0.24211788366482268,5.0,-0.3798636436553636,-0.36803963864420197,1.335816155266556,0.44911620084644077,0.0,0.0,0.0,"[(4.0, 8.0)]",4.5,True,-1.0936982716017332,0.24211788366482268,False
15-4-15,2200,149.6,12.399999999999995,0.00035,0.00029,"[4.0, 8.0]",0.03264664935894884,6.0,-0.29989977946036617,-0.146233971509912,1.133963574611634,0.3508166595677016,0.0,0.0,0.0,"[(4.0, 8.0)]",4.5,True,-1.1013169252526853,0.03264664935894884,False
15-4-15,1200,81.6,11.799999999999997,0.00035,0.00021999999999999998,"[4.0, 8.0]",0.4262640382636257,4.5,-0.437785405077562,-0.41766503159592216,1.5306286307754102,0.5295565422370886,0.0,0.0,0.0,"[(4.0, 8.0)]",4.5,True,-1.1043645925117844,0.4262640382636257,False
15-4-15,2200,149.6,12.199999999999996,0.00045,0.00015,"[4.0, 8.0]",0.14762366353081252,6.5,-0.2623688522655774,-0.13041072396285763,1.2550195833099298,0.35937064420437126,0.0,0.0,0.0,"[(4.0, 8.0)]",4.5,True,-1.1073959197791172,0.14762366353081252,False
15-4-15,1200,81.6,11.399999999999999,0.00045,0.00029,"[4.0, 8.0]",0.15914637999001,4.0,-0.47417277417077386,-0.32581258739492214,1.2674754144701725,0.41446949923336057,0.0,0.0,0.0,"[(4.0, 8.0)]",4.5,True,-1.1083290344801626,0.15914637999001,False
15-4-15,900,61.2,11.599999999999998,0.00025,0.00021999999999999998,"[4.0, 8.0]",-0.08341588521663669,4.0,-0.7270224548513804,-0.8416361937223875,1.0555155112031847,0.3913550413535522,0.0,0.0,0.0,"[(4.0, 8.0)]",4.5,True,-1.1389313964198213,-0.08341588521663669,False
15-4-15,1600,108.8,11.799999999999997,0.00045,0.00029,"[4.0, 8.0]",-0.03073440852306178,4.0,-0.6580071780976637,-0.7123234927083868,1.1134111585053774,0.42734988054670614,0.0,0.0,0.0,"[(4.0, 8.0)]",4.5,True,-1.1441455670284393,-0.03073440852306178,False
15-4-15,2200,149.6,11.999999999999996,0.00045,0.00021999999999999998,"[4.0, 8.0]",-0.12114755546250633,8.0,-0.6711091742290353,-0.6306034560134974,1.025620893592099,0.3030085546898188,0.0,0.0,0.0,"[(4.0, 8.0)]",4.5,True,-1.1467684490546053,-0.12114755546250633,False
15-4-15,900,61.2,11.799999999999997,0.00045,0.00029,"[4.0, 8.0]",-0.013840316052290105,7.0,-0.3887497098268745,-0.15720286674710623,1.1411131076319578,0.3944798550722944,0.0,0.0,0.0,"[(4.0, 8.0)]",4.5,True,-1.154953423684248,-0.013840316052290105,False
15-4-15,2200,149.6,12.199999999999996,0.00025,0.00029,"[4.0, 8.0]",0.17227892639502035,6.5,-0.2896625839652916,-0.17688544505357548,1.3314663537909734,0.3641172505863769,0.0,0.0,0.0,"[(4.0, 8.0)]",4.5,True,-1.159187427395953,0.17227892639502035,False
15-4-15,2200,149.6,12.199999999999996,0.00035,0.00021999999999999998,"[4.0, 8.0]",0.15958638778079803,6.5,-0.29336633796402883,-0.17208933760939893,1.3201676163728573,0.36940813340371154,0.0,0.0,0.0,"[(4.0, 8.0)]",4.5,True,-1.1605812285920594,0.15958638778079803,False
15-4-15,2200,149.6,12.599999999999994,0.00045,0.00015,"[4.0, 8.0]",0.6656730389590815,4.0,-0.008432578679159686,0.0006715341550226218,1.8282603107672595,0.506445019627197,0.0,0.0,0.0,"[(4.0, 8.0)]",4.5,True,-1.162587271808178,0.6656730389590815,False
15-4-15,2200,149.6,11.599999999999998,0.00045,0.00029,"[4.0, 8.0]",1.5135911888119111,4.0,0.3400516132344486,0.6407558106764654,2.678620842255975,0.8027019516477348,0.0,0.0,0.0,"[(4.0, 8.0)]",4.5,True,-1.165029653444064,1.5135911888119111,False
15-4-15,2200,149.6,11.999999999999996,0.00035,0.00029,"[4.0, 8.0]",-0.09214470536120205,8.0,-0.6801770995348506,-0.6635713821002913,1.0798149029178246,0.3217224859381062,0.0,0.0,0.0,"[(4.0, 8.0)]",4.5,True,-1.1719596082790267,-0.09214470536120205,False
15-4-15,2200,149.6,12.999999999999993,0.00035,0.00021999999999999998,"[4.0, 8.0]",0.8241648031982441,5.0,-0.036052339291361826,0.022415554921509664,2.0418486820356265,0.5462478962719076,0.0,0.0,0.0,"[(4.0, 8.0)]",4.5,True,-1.2176838788373825,0.8241648031982441,False
15-4-15,2200,149.6,11.799999999999997,0.00045,0.00021999999999999998,"[4.0, 8.0]",0.5635275591855111,4.0,-0.591236466871409,-0.6434405138194127,1.7824038399511948,0.5184164701128849,0.0,0.0,0.0,"[(4.0, 8.0)]",4.5,True,-1.2188762807656837,0.5635275591855111,False
15-4-15,1600,108.8,11.999999999999996,0.00045,0.00021999999999999998,"[4.0, 8.0]",0.11951993059365504,5.0,-0.4602661347217221,-0.43050460444355465,1.3470233897934023,0.4456821448501961,0.0,0.0,0.0,"[(4.0, 8.0)]",4.5,True,-1.2275034591997473,0.11951993059365504,False
15-4-15,2200,149.6,12.199999999999996,0.00045,0.00021999999999999998,"[4.0, 8.0]",0.056680144317805575,6.5,-0.3622680420923782,-0.26221393527213305,1.2874945218985006,0.37317692171388395,0.0,0.0,0.0,"[(4.0, 8.0)]",4.5,True,-1.230814377580695,0.056680144317805575,False
15-4-15,1600,108.8,11.999999999999996,0.00035,0.00029,"[4.0, 8.0]",0.11721585484446573,5.0,-0.44750759822946573,-0.41174070526669987,1.3519386702257372,0.4447835424865329,0.0,0.0,0.0,"[(4.0, 8.0)]",4.5,True,-1.2347228153812715,0.11721585484446573,False
15-4-15,2200,149.6,12.199999999999996,0.00035,0.00029,"[4.0, 8.0]",0.05164852831411715,6.5,-0.4045469948875093,-0.33209549209183586,1.2868615682644124,0.356173864044577,0.0,0.0,0.0,"[(4.0, 8.0)]",4.5,True,-1.2352130399502952,0.05164852831411715,False
15-4-15,2200,149.6,11.799999999999997,0.00035,0.00029,"[4.0, 8.0]",0.5832682507445285,4.0,-0.5950548752803666,-0.6501662101730975,1.8323972956837347,0.5317432942903799,0.0,0.0,0.0,"[(4.0, 8.0)]",4.5,True,-1.2491290449392063,0.5832682507445285,False
15-4-15,2200,149.6,13.199999999999992,0.00045,0.00021999999999999998,"[4.0, 8.0]",2.903517242981948,4.0,0.07506048663190808,-0.14002513666891686,4.162859426764927,1.0908973858003768,0.0,0.0,0.0,"[(4.0, 4.0), (5.5, 5.5), (7.0, 7.0)]",1.5,True,-1.2593421837829784,2.903517242981948,False
15-4-15,1200,81.6,11.599999999999998,0.00045,0.00015,"[4.0, 8.0]",0.4660755494421764,5.0,-0.3645391186321022,-0.4402690587822136,1.7329436634397575,0.6369431691880847,0.0,0.0,0.0,"[(4.0, 8.0)]",4.5,True,-1.266868113997581,0.4660755494421764,False
15-4-15,900,61.2,11.0,0.00035,0.00015,"[4.0, 8.0]",9.448584639919375,8.0,2.006140341166302,1.642391708553986,10.721380913133828,3.0693492525774118,0.0,0.0,0.0,"[(8.0, 8.0)]",0.5,True,-1.2727962732144533,9.448584639919375,False
15-4-15,1200,81.6,11.799999999999997,0.00035,0.00029,"[4.0, 8.0]",0.35491275230297525,4.5,-0.5565423225002786,-0.5954513623106571,1.6289119585748413,0.5672386085818795,0.0,0.0,0.0,"[(4.0, 8.0)]",4.5,True,-1.2739992062718661,0.35491275230297525,False
15-4-15,1200,81.6,11.799999999999997,0.00045,0.00021999999999999998,"[4.0, 8.0]",0.34636797097448335,4.5,-0.5610942169080563,-0.594132719834514,1.6220751409718894,0.5638895639141831,0.0,0.0,0.0,"[(4.0, 8.0)]",4.5,True,-1.275707169997406,0.34636797097448335,False
15-4-15,1600,108.8,12.599999999999994,0.00025,0.00015,"[4.0, 8.0]",0.03279641912500922,8.0,-0.37685446297103814,-0.2669061586519922,1.313909808606372,0.3660364651513986,0.0,0.0,0.0,"[(4.0, 8.0)]",4.5,True,-1.2811133894813629,0.03279641912500922,False
15-4-15,2200,149.6,12.199999999999996,0.00045,0.00029,"[4.0, 8.0]",0.10027558320212601,7.5,-0.44526170370862533,-0.42513039438313643,1.4074779780455877,0.37658165918756137,0.0,0.0,0.0,"[(4.0, 8.0)]",4.5,True,-1.3072023948434617,0.10027558320212601,False
15-4-15,1200,81.6,13.399999999999991,0.00035,0.00015,"[4.0, 8.0]",16.14808176519853,6.5,1.5850410868640432,-0.11029527686393248,17.457225801309164,5.168572757512948,0.1111111111111111,0.0,0.0,"[(6.5, 6.5)]",0.5,True,-1.3091440361106335,16.14808176519853,False
15-4-15,1600,108.8,12.799999999999994,0.00035,0.00021999999999999998,"[4.0, 8.0]",3.3816051703275125,8.0,0.21835806504783511,0.02379531331509574,4.6953167920903285,1.2654064048413471,0.0,0.0,0.0,"[(5.0, 5.0), (6.0, 6.0), (8.0, 8.0)]",1.5,True,-1.3137116217628162,3.3816051703275125,False
15-4-15,1600,108.8,12.999999999999993,0.00025,0.00015,"[4.0, 8.0]",12.179644863554238,8.0,1.0549880689327833,-0.14400307134227974,13.503272911250315,3.9644710373275376,0.0,0.0,0.0,"[(8.0, 8.0)]",0.5,True,-1.3236280476960776,12.179644863554238,False
15-4-15,2200,149.6,12.999999999999993,0.00025,0.00021999999999999998,"[4.0, 8.0]",0.5461715642341499,5.0,-0.18073037367430655,-0.08383461722309168,1.8840098845907902,0.6033693688419715,0.0,0.0,0.0,"[(4.0, 8.0)]",4.5,True,-1.3378383203566404,0.5461715642341499,False
15-4-15,900,61.2,11.599999999999998,0.00045,0.00015,"[4.0, 8.0]",-0.09677851496439349,4.0,-0.8702225074457205,-1.0797886657932818,1.2663485738582305,0.4792078109572283,0.0,0.0,0.0,"[(4.0, 8.0)]",4.5,True,-1.363127088822624,-0.09677851496439349,False
15-4-15,1600,108.8,11.599999999999998,0.00045,0.00015,"[4.0, 8.0]",0.7533487152737023,4.5,-0.34456483566437845,-0.3104151733742497,2.119602065647764,0.5463135298246932,0.0,0.0,0.0,"[(4.0, 8.0)]",4.5,True,-1.3662533503740617,0.7533487152737023,False
15-4-15,2200,149.6,12.799999999999994,0.00035,0.00029,"[4.0, 8.0]",0.4340889625722393,8.0,-0.24049454930538477,-0.12256922129051954,1.8021210913807426,0.5478711948694271,0.0,0.0,0.0,"[(4.0, 8.0)]",4.5,True,-1.3680321288085033,0.4340889625722393,False
15-4-15,1600,108.8,11.2,0.00025,0.00021999999999999998,"[4.0, 8.0]",2.7484630753260566,4.0,1.121993909754217,1.5175580603304748,4.117484176282316,1.1084937007086817,0.0,0.0,0.0,"[(4.0, 4.0), (5.0, 8.0)]",4.0,True,-1.3690211009562598,2.7484630753260566,False
15-4-15,1600,108.8,11.999999999999996,0.00045,0.00029,"[4.0, 8.0]",-0.009193360808525205,7.0,-0.5228935911570475,-0.45447037696242554,1.3967089499357428,0.45215156042874843,0.0,0.0,0.0,"[(4.0, 8.0)]",4.5,True,-1.405902310744268,-0.009193360808525205,False
15-4-15,2200,149.6,13.199999999999992,0.00025,0.00029,"[4.0, 8.0]",0.43717140133668964,5.5,-0.3524210808771074,-0.27214579227692404,1.861920146537125,0.5650965568629343,0.0,0.0,0.0,"[(4.0, 8.0)]",4.5,True,-1.4247487452004353,0.43717140133668964,False
15-4-15,1600,108.8,12.799999999999994,0.00025,0.00029,"[4.0, 8.0]",3.8247396962088236,8.0,0.26357346412524607,0.01761129687843431,5.253827132128032,1.4256387220157367,0.0,0.0,0.0,"[(8.0, 8.0)]",0.5,True,-1.4290874359192083,3.8247396962088236,False
15-4-15,1200,81.6,11.799999999999997,0.00045,0.00029,"[4.0, 8.0]",0.2826762175776697,4.5,-0.6706046071416477,-0.776809585189657,1.7241268036263824,0.6071337143649667,0.0,0.0,0.0,"[(4.0, 8.0)]",4.5,True,-1.4414505860487126,0.2826762175776697,False
15-4-15,2200,149.6,11.999999999999996,0.00045,0.00029,"[4.0, 8.0]",-0.1621031601286379,8.0,-0.8967893244733153,-0.868368483898148,1.3018568345517325,0.3900754968781592,0.0,0.0,0.0,"[(4.0, 8.0)]",4.5,True,-1.4639599946803705,-0.1621031601286379,False
15-4-15,1600,108.8,12.599999999999994,0.00045,0.00015,"[4.0, 8.0]",6.572184974442397,4.0,0.34633170315640727,-0.2981941249894341,8.04265123069438,2.248042400972508,0.0,0.0,0.0,"[(4.0, 4.0)]",0.5,True,-1.4704662562519828,6.572184974442397,False
15-4-15,1600,108.8,12.399999999999995,0.00035,0.00015,"[4.0, 8.0]",0.5381914250085538,4.5,-0.3624403702972633,-0.26181229731777955,2.0127746236992152,0.5246148279894431,0.0,0.0,0.0,"[(4.0, 8.0)]",4.5,True,-1.4745831986906617,0.5381914250085538,False
15-4-15,1200,81.6,11.2,0.00035,0.00021999999999999998,"[4.0, 8.0]",2.2083672280129623,7.5,0.48732523152367613,0.500853048489801,3.732592662700049,1.2867197589657677,0.0,0.0,0.0,"[(4.0, 6.5), (7.5, 7.5)]",3.5,True,-1.5242254346870865,2.2083672280129623,False
15-4-15,1200,81.6,11.599999999999998,0.00025,0.00029,"[4.0, 8.0]",0.5026457420654603,5.0,-0.4198776235346893,-0.4610956027217051,2.036272720424204,0.7214708650968582,0.0,0.0,0.0,"[(4.0, 8.0)]",4.5,True,-1.5336269783587437,0.5026457420654603,False
15-4-15,1200,81.6,11.0,0.00035,0.00015,"[4.0, 8.0]",1.4972914995079218,7.5,0.10185671020931106,0.10856837055339409,3.042064763940499,0.9147901592248313,0.0,0.0,0.0,"[(4.0, 7.5)]",4.0,True,-1.5447732644325776,1.4972914995079218,False
15-4-15,1200,81.6,11.0,0.00025,0.00015,"[4.0, 8.0]",0.1949759912101594,4.0,-0.480410738006232,-0.16752554161545663,1.7426740134552265,0.6416805424544112,0.0,0.0,0.0,"[(4.0, 8.0)]",4.5,True,-1.5476980222450671,0.1949759912101594,False
15-4-15,900,61.2,11.599999999999998,0.00025,0.00029,"[4.0, 8.0]",-0.05477276756135737,4.0,-0.9528984056176331,-1.1356620659218404,1.5318953424997583,0.5700685162425619,0.0,0.0,0.0,"[(4.0, 8.0)]",4.5,True,-1.5866681100611157,-0.05477276756135737,False
15-4-15,1600,108.8,12.599999999999994,0.00025,0.00021999999999999998,"[4.0, 8.0]",0.5895619392960706,4.0,-0.2793847899218129,-0.21130272200959171,2.1861430248442852,0.5534524261863902,0.0,0.0,0.0,"[(4.0, 8.0)]",4.5,True,-1.5965810855482148,0.5895619392960706,False
15-4-15,1600,108.8,11.599999999999998,0.00025,0.00029,"[4.0, 8.0]",0.8353273682600488,4.5,-0.3737617050236017,-0.3707578520464432,2.4618476836841428,0.64288519352613,0.0,0.0,0.0,"[(4.0, 8.0)]",4.5,True,-1.6265203154240937,0.8353273682600488,False
15-4-15,1600,108.8,12.399999999999995,0.00035,0.00021999999999999998,"[4.0, 8.0]",0.4509714947655163,4.5,-0.5049938007479278,-0.35074725269491464,2.0888825916058393,0.6477820936090221,0.0,0.0,0.0,"[(4.0, 8.0)]",4.5,True,-1.6379110968403232,0.4509714947655163,False
15-4-15,1200,81.6,11.599999999999998,0.00035,0.00021999999999999998,"[4.0, 8.0]",0.47233760884066506,5.0,-0.47415085519603944,-0.49800129780682667,2.134496149656036,0.7459465513004955,0.0,0.0,0.0,"[(4.0, 8.0)]",4.5,True,-1.6621585408153707,0.47233760884066506,False
15-4-15,2200,149.6,13.399999999999991,0.00045,0.00021999999999999998,"[4.0, 8.0]",9.749287197332213,4.0,1.8140725037701,0.1434977850684707,11.421491734850933,3.8113956636590407,0.0,0.0,0.0,"[(4.0, 4.5)]",1.0,True,-1.6722045375187196,9.749287197332213,False
15-4-15,2200,149.6,11.799999999999997,0.00045,0.00029,"[4.0, 8.0]",0.598008615585267,4.0,-0.818859303062498,-0.882043603272767,2.279040554850082,0.6635138216550602,0.0,0.0,0.0,"[(4.0, 8.0)]",4.5,True,-1.6810319392648152,0.598008615585267,False
15-4-15,900,61.2,11.599999999999998,0.00035,0.00021999999999999998,"[4.0, 8.0]",-0.08335778806457433,4.0,-1.0232392402239439,-1.1878648197909565,1.6299971040335883,0.6045725203371185,0.0,0.0,0.0,"[(4.0, 8.0)]",4.5,True,-1.7133548920981627,-0.08335778806457433,False
15-4-15,1600,108.8,11.599999999999998,0.00035,0.00021999999999999998,"[4.0, 8.0]",0.8057991356877097,4.5,-0.41504840709957264,-0.41279595374815714,2.5244585480678534,0.6593811917616637,0.0,0.0,0.0,"[(4.0, 8.0)]",4.5,True,-1.7186594123801437,0.8057991356877097,False
15-4-15,1200,81.6,12.399999999999995,0.00045,0.00015,"[4.0, 8.0]",10.399896359004694,8.0,2.5208257387731114,0.9729932907228847,12.141463929209511,4.037104447985836,0.0,0.0,0.0,"[(7.5, 8.0)]",1.0,True,-1.7415675702048157,10.399896359004694,False
15-4-15,2200,149.6,11.2,0.00045,0.00015,"[4.0, 8.0]",2.70799480533759,7.0,1.244944165846781,1.4748847761215824,4.456898939124459,1.3248359563577958,0.0,0.0,0.0,"[(4.0, 7.0), (8.0, 8.0)]",4.0,True,-1.7489041337868687,2.70799480533759,False
15-4-15,900,61.2,13.199999999999992,0.00045,0.00015,"[4.0, 8.0]",0.5619003440997526,6.0,-0.19540226745016812,0.06231766483983689,2.3188391843513174,0.636076189616688,0.0,0.0,0.0,"[(4.0, 8.0)]",4.5,True,-1.7569388402515649,0.5619003440997526,False
15-4-15,900,61.2,11.2,0.00035,0.00021999999999999998,"[4.0, 8.0]",8.908193338448745,8.0,1.554786013718597,1.5998457994693385,10.69877290651342,2.9601596051162895,0.0,0.0,0.0,"[(8.0, 8.0)]",0.5,True,-1.790579568064676,8.908193338448745,False
15-4-15,2200,149.6,13.399999999999991,0.00035,0.00029,"[4.0, 8.0]",13.077976529282331,4.5,2.4129682163433834,0.21879616906106095,14.919785585723224,4.8423514774320005,0.0,0.0,0.0,"[(4.5, 4.5)]",0.5,True,-1.841809056440893,13.077976529282331,False
15-4-15,2200,149.6,12.599999999999994,0.00035,0.00021999999999999998,"[4.0, 8.0]",0.8816882074219714,4.0,-0.13065776124092573,-0.08389962476952985,2.7262993844720356,0.7005706079654681,0.0,0.0,0.0,"[(4.0, 8.0)]",4.5,True,-1.8446111770500644,0.8816882074219714,False
15-4-15,900,61.2,11.399999999999999,0.00045,0.00021999999999999998,"[4.0, 8.0]",2.4115333394670406,4.5,0.9276317072312644,1.1182527759677767,4.331464577381246,1.3048319430058324,0.0,0.0,0.0,"[(4.0, 7.5)]",4.0,True,-1.9199312379142055,2.4115333394670406,False
15-4-15,1200,81.6,11.2,0.00035,0.00015,"[4.0, 8.0]",1.0053735569621236,6.5,-0.2493963721271829,-0.11204592050106477,2.934555293488972,0.8492271202466254,0.0,0.0,0.0,"[(4.0, 8.0)]",4.5,True,-1.9291817365268482,1.0053735569621236,False
15-4-15,2200,149.6,12.999999999999993,0.00045,0.00015,"[4.0, 8.0]",0.6951368941541811,5.5,-0.19338681651299583,-0.0004165832416736752,2.6469613143666324,0.746809484543861,0.0,0.0,0.0,"[(4.0, 8.0)]",4.5,True,-1.9518244202124515,0.6951368941541811,False
15-4-15,1600,108.8,13.399999999999991,0.00045,0.00015,"[4.0, 8.0]",7.238474398384046,7.5,0.6124714576760774,0.1345874779679235,9.319772791838023,2.4828041674742596,0.0,0.0,0.0,"[(7.5, 7.5)]",0.5,True,-2.081298393453977,7.238474398384046,False
15-4-15,900,61.2,12.799999999999994,0.00045,0.00015,"[4.0, 8.0]",14.538214432226004,6.0,1.8820082727393808,0.3397566672793466,16.703244468271567,4.614248591512161,0.0,0.0,0.0,"[(6.0, 6.0)]",0.5,True,-2.1650300360455614,14.538214432226004,False
15-4-15,1600,108.8,12.399999999999995,0.00045,0.00015,"[4.0, 8.0]",0.4852029829621348,4.5,-0.48641755183118424,-0.3634297279782188,2.697818623530592,0.7183714770493789,0.0,0.0,0.0,"[(4.0, 8.0)]",4.5,True,-2.212615640568457,0.4852029829621348,False
15-4-15,1600,108.8,12.799999999999994,0.00035,0.00015,"[4.0, 8.0]",0.5813123697738816,6.0,-0.21340104710207253,-0.004015224144278115,2.966550515195453,0.8646301038332884,0.0,0.0,0.0,"[(4.0, 8.0)]",4.5,True,-2.385238145421572,0.5813123697738816,False
15-4-15,1600,108.8,11.599999999999998,0.00045,0.00021999999999999998,"[4.0, 8.0]",0.9015658149671248,4.5,-0.5419117526305322,-0.5671990989150113,3.3016422142958533,0.8895877692421003,0.0,0.0,0.0,"[(4.0, 7.5)]",4.0,True,-2.4000763993287286,0.9015658149671248,False
15-4-15,900,61.2,11.599999999999998,0.00045,0.00021999999999999998,"[4.0, 8.0]",-0.06130053116847906,4.0,-1.3432853264004845,-1.4038767620217676,2.3942813414762756,0.8867572773716709,0.0,0.0,0.0,"[(4.0, 8.0)]",4.5,True,-2.4555818726447547,-0.06130053116847906,False
15-4-15,1200,81.6,11.599999999999998,0.00045,0.00021999999999999998,"[4.0, 8.0]",0.4838616293033209,5.0,-0.6927357735207383,-0.6037035450110961,2.9664641667898213,0.9930250483427389,0.0,0.0,0.0,"[(4.0, 8.0)]",4.5,True,-2.4826025374865006,0.4838616293033209,False
15-4-15,900,61.2,11.399999999999999,0.00025,0.00015,"[4.0, 8.0]",0.4304139439253297,4.5,-0.666491818217433,-0.576894363688105,2.953810071458038,1.0555545804214355,0.0,0.0,0.0,"[(4.0, 8.0)]",4.5,True,-2.5233961275327084,0.4304139439253297,False
15-4-15,900,61.2,11.0,0.00025,0.00015,"[4.0, 8.0]",0.3674038963361477,4.0,-0.7362318643425362,-0.6447421515450917,2.8977673178667285,0.8783473457962352,0.0,0.0,0.0,"[(4.0, 8.0)]",4.5,True,-2.5303634215305806,0.3674038963361477,False
15-4-15,2200,149.6,12.999999999999993,0.00045,0.00021999999999999998,"[4.0, 8.0]",1.6600480922855128,5.0,-0.16220679456295561,-0.06648996080878448,4.200650700991691,1.209374857163313,0.0,0.0,0.0,"[(4.5, 7.0), (8.0, 8.0)]",3.5,True,-2.5406026087061777,1.6600480922855128,False
15-4-15,1200,81.6,11.2,0.00025,0.00021999999999999998,"[4.0, 8.0]",0.9616456259919444,6.5,-0.31249813471475935,0.0009409228798179201,3.5411501259594127,1.1428206806970522,0.0,0.0,0.0,"[(4.0, 7.0)]",3.5,True,-2.5795044999674683,0.9616456259919444,False
15-4-15,1600,108.8,11.599999999999998,0.00035,0.00029,"[4.0, 8.0]",0.9772135514955385,4.5,-0.5571315703777837,-0.5835016469510083,3.5907190316010436,0.9797752584136254,0.0,0.0,0.0,"[(4.0, 7.5)]",4.0,True,-2.613505480105505,0.9772135514955385,False
15-4-15,900,61.2,11.599999999999998,0.00035,0.00029,"[4.0, 8.0]",-0.02606017178611099,4.0,-1.4093768631778534,-1.4490709075854178,2.6148540500839297,0.9672382214818175,0.0,0.0,0.0,"[(4.0, 8.0)]",4.5,True,-2.6409142218700405,-0.02606017178611099,False
15-4-15,2200,149.6,13.399999999999991,0.00025,0.00029,"[4.0, 8.0]",9.877374891690824,4.0,0.8558970295556392,0.14531793692557474,12.525702174961431,3.3231128718463903,0.0,0.0,0.0,"[(4.0, 4.0)]",0.5,True,-2.648327283270607,9.877374891690824,False
15-4-15,2200,149.6,12.399999999999995,0.00035,0.00021999999999999998,"[4.0, 8.0]",0.008103403797455354,4.5,-0.45668733681948037,-0.08130490940787813,2.661173660064867,0.8009916815134293,0.0,0.0,0.0,"[(4.0, 8.0)]",4.5,True,-2.6530702562674118,0.008103403797455354,False
15-4-15,900,61.2,11.399999999999999,0.00035,0.00029,"[4.0, 8.0]",3.7417059599832045,4.5,1.4538330393523045,1.7807229258994008,6.406005676865767,2.021344212492363,0.0,0.0,0.0,"[(4.0, 6.5)]",3.0,True,-2.6642997168825633,3.7417059599832045,False
15-4-15,1200,81.6,11.2,0.00045,0.00015,"[4.0, 8.0]",0.22712275803313237,4.0,-0.9750963629732633,-0.7405456634730744,2.9171028956489407,0.8715165629572481,0.0,0.0,0.0,"[(4.0, 8.0)]",4.5,True,-2.6899801376158083,0.22712275803313237,False
15-4-15,2200,149.6,13.199999999999992,0.00035,0.00029,"[4.0, 8.0]",6.212055878499024,4.0,0.22985082537520526,-0.24479092363631005,8.916056252692243,2.296262010614493,0.0,0.0,0.0,"[(4.0, 4.0)]",0.5,True,-2.7040003741932184,6.212055878499024,False
15-4-15,1200,81.6,11.599999999999998,0.00035,0.00029,"[4.0, 8.0]",0.5182166723582683,5.0,-0.7348165418387027,-0.6151682781106809,3.2238195867337556,1.0781861107880908,0.0,0.0,0.0,"[(4.0, 7.5)]",4.0,True,-2.705602914375487,0.5182166723582683,False
15-4-15,900,61.2,11.399999999999999,0.00025,0.00029,"[4.0, 8.0]",6.0299673562977585,4.5,2.9662070583340494,3.882373890940828,8.796000465006006,3.01586476759563,0.0,0.0,0.0,"[(4.0, 6.5)]",3.0,True,-2.766033108708248,6.0299673562977585,False
15-4-15,900,61.2,11.399999999999999,0.00045,0.00029,"[4.0, 8.0]",0.00508131994115771,4.5,-1.569485604292163,-1.903059752662828,2.8298056283390203,0.9461120008435127,0.0,0.0,0.0,"[(4.0, 8.0)]",4.5,True,-2.8247243083978626,0.00508131994115771,False
15-4-15,2200,149.6,12.799999999999994,0.00045,0.00029,"[4.0, 8.0]",0.529836491331075,8.0,-0.3207416816871739,0.11072957198911307,3.3837252662055,0.9972850371068455,0.0,0.0,0.0,"[(4.0, 7.0), (8.0, 8.0)]",4.0,True,-2.853888774874425,0.529836491331075,False
15-4-15,1600,108.8,12.399999999999995,0.00025,0.00021999999999999998,"[4.0, 8.0]",0.6671070875592098,4.5,-0.46200402229805676,-0.20084200365456362,3.7067821089904154,0.9782633988596872,0.0,0.0,0.0,"[(4.0, 7.0), (8.0, 8.0)]",4.0,True,-3.0396750214312056,0.6671070875592098,False
15-4-15,1600,108.8,11.0,0.00025,0.00015,"[4.0, 8.0]",1.6137699396048046,7.5,-0.2134956253035664,0.028379995651216048,4.741747003780256,1.2560322614030677,0.0,0.0,0.0,"[(4.0, 7.5)]",4.0,True,-3.127977064175451,1.6137699396048046,False
15-4-15,1600,108.8,12.399999999999995,0.00025,0.00029,"[4.0, 8.0]",0.5487551542824829,4.5,-0.6992741992326028,-0.23807933047635277,3.867694197217798,1.1254316793222792,0.0,0.0,0.0,"[(4.0, 7.5)]",4.0,True,-3.318939042935315,0.5487551542824829,False
15-4-15,2200,149.6,11.2,0.00025,0.00021999999999999998,"[4.0, 8.0]",2.793721549225406,7.5,0.46459528960636504,0.7732252337981059,6.18543863187864,1.5655198911151134,0.0,0.0,0.0,"[(4.0, 6.5), (7.5, 8.0)]",4.0,True,-3.3917170826532335,2.793721549225406,False
15-4-15,900,61.2,11.399999999999999,0.00035,0.00021999999999999998,"[4.0, 8.0]",2.617598922727044,4.5,0.6411150573541471,1.2003332270159295,6.037595243780254,1.9032745134770224,0.0,0.0,0.0,"[(4.0, 7.0)]",3.5,True,-3.41999632105321,2.617598922727044,False
15-4-15,1600,108.8,11.599999999999998,0.00045,0.00029,"[4.0, 8.0]",1.2069326778156784,4.5,-0.6434639319585318,-0.60497094404439,4.758461057201799,1.3390823027861667,0.0,0.0,0.0,"[(4.0, 7.0)]",3.5,True,-3.551528379386121,1.2069326778156784,False
15-4-15,2200,149.6,12.599999999999994,0.00025,0.00021999999999999998,"[4.0, 8.0]",0.8460816028721686,4.0,-0.3037807254949094,-0.08589491622431791,4.554919237295119,1.241656892190291,0.0,0.0,0.0,"[(4.0, 6.0), (7.0, 8.0)]",4.0,True,-3.70883763442295,0.8460816028721686,False
15-4-15,2200,149.6,12.999999999999993,0.00045,0.00029,"[4.0, 8.0]",13.742943141854418,4.0,2.536617022723785,0.5235495558346447,17.469018989468033,5.277972855212693,0.0,0.0,0.0,"[(4.0, 4.0)]",0.5,True,-3.7260758476136164,13.742943141854418,False
15-4-15,1600,108.8,12.399999999999995,0.00035,0.00029,"[4.0, 8.0]",0.7987898673171744,4.5,-0.6966103383759896,-0.14482677712520953,4.613042284766707,1.3510846953971816,0.0,0.0,0.0,"[(4.0, 7.5)]",4.0,True,-3.8142524174495325,0.7987898673171744,False
15-4-15,900,61.2,11.399999999999999,0.00025,0.00021999999999999998,"[4.0, 8.0]",2.267171752790016,4.5,0.19311424619116963,0.7635422629956478,6.121735119985104,2.0383313165827235,0.0,0.0,0.0,"[(4.0, 7.0)]",3.5,True,-3.8545633671950883,2.267171752790016,False
15-4-15,900,61.2,11.399999999999999,0.00045,0.00015,"[4.0, 8.0]",1.1744980237796327,4.5,-0.4525608722053087,-0.24871417204043694,5.040650569242139,1.5551895827279887,0.0,0.0,0.0,"[(4.0, 7.0)]",3.5,True,-3.8661525454625068,1.1744980237796327,False
15-4-15,2200,149.6,13.199999999999992,0.00045,0.00029,"[4.0, 8.0]",9.856658040766128,4.5,1.3235732803272822,0.11036932545656858,13.742426151747475,3.8059485913394955,0.0,0.0,0.0,"[(4.5, 4.5)]",0.5,True,-3.8857681109813473,9.856658040766128,False
15-4-15,1200,81.6,11.599999999999998,0.00045,0.00029,"[4.0, 8.0]",0.6103809791333481,4.5,-0.9962212570139075,-0.6902319943191304,4.570436859536388,1.5061762516985076,0.0,0.0,0.0,"[(4.0, 7.0)]",3.5,True,-3.96005588040304,0.6103809791333481,False
15-4-15,900,61.2,11.399999999999999,0.00035,0.00015,"[4.0, 8.0]",0.7484984017464975,4.5,-0.7923004398581631,-0.60804818984912,4.7258725295656046,1.5188950109787462,0.0,0.0,0.0,"[(4.0, 7.0)]",3.5,True,-3.9773741278191066,0.7484984017464975,False
15-4-15,900,61.2,11.599999999999998,0.00045,0.00029,"[4.0, 8.0]",0.06409784226814846,4.0,-1.8553036872016055,-1.7145614233535924,4.041848093851839,1.4429211805780833,0.0,0.0,0.0,"[(4.0, 6.5)]",3.0,True,-3.97775025158369,0.06409784226814846,False
15-4-15,1600,108.8,12.599999999999994,0.00035,0.00015,"[4.0, 8.0]",0.37421059376683136,4.0,-0.5385751071698403,-0.08282098352232607,4.385915702760308,1.2473335694032637,0.0,0.0,0.0,"[(4.0, 7.0), (8.0, 8.0)]",4.0,True,-4.011705108993477,0.37421059376683136,False
15-4-15,900,61.2,12.199999999999996,0.00045,0.00029,"[4.0, 8.0]",6.209622830247117,4.5,0.7885341798731246,0.9669913965935567,10.260449415627384,3.116382938816724,0.0,0.0,0.0,"[(4.5, 5.0)]",1.0,True,-4.0508265853802685,6.209622830247117,False
15-4-15,2200,149.6,11.0,0.00025,0.00015,"[4.0, 8.0]",1.4164750460554412,6.5,0.21746073865262863,0.737059741123337,5.494788411974374,1.5983498910822855,0.0,0.0,0.0,"[(4.0, 5.0), (6.0, 8.0)]",4.0,True,-4.078313365918933,1.4164750460554412,False
15-4-15,2200,149.6,12.399999999999995,0.00045,0.00021999999999999998,"[4.0, 8.0]",0.9166786353396514,4.0,-0.24886071271900592,0.029392284767699627,5.211880350077786,1.4776840840773262,0.0,0.0,0.0,"[(4.0, 6.0), (7.0, 8.0)]",4.0,True,-4.295201714738135,0.9166786353396514,False
15-4-15,2200,149.6,12.599999999999994,0.00035,0.00029,"[4.0, 8.0]",1.0061178857830575,4.0,-0.768910956399846,-0.023917809374749598,5.421792668447152,1.7577212410338057,0.0,0.0,0.0,"[(4.0, 6.5), (8.0, 8.0)]",3.5,True,-4.4156747826640945,1.0061178857830575,False
15-4-15,2200,149.6,12.999999999999993,0.00035,0.00029,"[4.0, 8.0]",0.54275786748768,5.0,-0.635946074110652,-0.0330202713971959,5.000323029854391,1.5440440893470249,0.0,0.0,0.0,"[(4.0, 7.0), (8.0, 8.0)]",4.0,True,-4.457565162366711,0.54275786748768,False
15-4-15,1600,108.8,11.2,0.00045,0.00029,"[4.0, 8.0]",1.1341220115937531,4.0,-1.0047687801496248,-0.6156739884345078,5.734830284680883,1.8404312465878165,0.0,0.0,0.0,"[(4.0, 6.0), (7.0, 7.5)]",3.5,True,-4.60070827308713,1.1341220115937531,False
15-4-15,1200,81.6,13.399999999999991,0.00045,0.00015,"[4.0, 8.0]",16.787797366093077,6.5,1.3982532945355453,0.08863289854173172,21.706296768227645,5.683447909240629,0.1111111111111111,0.0,0.0,"[(6.5, 6.5)]",0.5,True,-4.91849940213457,16.787797366093077,False
15-4-15,1600,108.8,12.399999999999995,0.00045,0.00021999999999999998,"[4.0, 8.0]",1.1416596621855988,4.5,-0.6122204344846476,-0.2324908656275843,6.099260511508021,1.6233194352610398,0.0,0.0,0.0,"[(4.0, 7.5)]",4.0,True,-4.957600849322422,1.1416596621855988,False
15-4-15,2200,149.6,12.799999999999994,0.00045,0.00021999999999999998,"[4.0, 8.0]",0.47510268058044586,5.5,-0.5795246153528806,0.029787809736829995,5.52512244033854,1.6174720948303092,0.0,0.0,0.0,"[(4.0, 6.5), (7.5, 8.0)]",4.0,True,-5.0500197597580945,0.47510268058044586,False
15-4-15,1600,108.8,13.399999999999991,0.00035,0.00015,"[4.0, 8.0]",16.06989349270623,7.5,1.0735037830990661,0.05836976887955976,21.45376403707128,5.573246321547468,0.1111111111111111,0.0,0.0,"[(7.5, 7.5)]",0.5,True,-5.383870544365053,16.06989349270623,False
15-4-15,1600,108.8,11.0,0.00045,0.00021999999999999998,"[4.0, 8.0]",1.6640650710546547,4.0,-0.42200182011684856,0.7179824497492553,7.289606756908535,2.324913741439281,0.0,0.0,0.0,"[(4.0, 5.5), (6.5, 6.5), (8.0, 8.0)]",3.0,True,-5.6255416858538805,1.6640650710546547,False
15-4-15,1600,108.8,13.399999999999991,0.00035,0.00021999999999999998,"[4.0, 8.0]",11.159196221109298,7.5,0.7756353591028433,0.2761516177165151,16.799818523743568,4.118090148052716,0.0,0.0,0.0,"[(7.5, 7.5)]",0.5,True,-5.640622302634268,11.159196221109298,False
15-4-15,2200,149.6,12.399999999999995,0.00025,0.00029,"[4.0, 8.0]",0.1324525330549361,6.0,-0.7786116708595863,-0.07447595140869222,6.252115055196885,1.8981827561662379,0.0,0.0,0.0,"[(4.0, 6.0), (7.0, 8.0)]",4.0,True,-6.119662522141949,0.1324525330549361,False
15-4-15,2200,149.6,13.399999999999991,0.00035,0.00021999999999999998,"[4.0, 8.0]",0.8494627654100005,5.0,-0.8064171866229262,-0.015256193639395222,7.0827135815706175,2.029662704605149,0.0,0.0,0.0,"[(4.0, 7.0), (8.0, 8.0)]",4.0,True,-6.233250816160617,0.8494627654100005,False
15-4-15,900,61.2,11.2,0.00025,0.00015,"[4.0, 8.0]",0.5878005623359347,5.0,-1.1394211387964397,-0.41869649507063816,7.129290968869376,2.00280888506321,0.0,0.0,0.0,"[(4.0, 7.5)]",4.0,True,-6.541490406533441,0.5878005623359347,False
15-4-15,2200,149.6,12.599999999999994,0.00045,0.00021999999999999998,"[4.0, 8.0]",0.9849945778766106,4.0,-0.7670476449467718,-0.19107868810367387,7.9008190593342995,2.2214057214479657,0.0,0.0,0.0,"[(4.0, 6.5), (7.5, 8.0)]",4.0,True,-6.915824481457689,0.9849945778766106,False
15-4-15,1600,108.8,12.799999999999994,0.00025,0.00021999999999999998,"[4.0, 8.0]",0.6360791656772674,6.0,-0.6896857017755387,0.08207525239416645,7.783861625306735,2.316488148315044,0.0,0.0,0.0,"[(4.0, 7.0), (8.0, 8.0)]",4.0,True,-7.147782459629468,0.6360791656772674,False
15-4-15,1600,108.8,11.0,0.00035,0.00029,"[4.0, 8.0]",0.003907275561219917,4.0,-1.9142035921408254,-0.555453611766084,7.9683628315270205,2.48258523584378,0.0,0.0,0.0,"[(4.0, 6.0), (7.0, 7.0), (8.0, 8.0)]",3.5,True,-7.964455555965801,0.003907275561219917,False
15-4-15,1600,108.8,12.799999999999994,0.00045,0.00015,"[4.0, 8.0]",1.3935012355582124,8.0,-0.9403226598765385,-0.09004353776867828,9.607468057821409,2.7290663638384736,0.0,0.0,0.0,"[(4.0, 4.0), (5.0, 7.0), (8.0, 8.0)]",3.5,True,-8.213966822263197,1.3935012355582124,False
15-4-15,1200,81.6,11.0,0.00045,0.00029,"[4.0, 8.0]",4.488499360451974,8.0,0.4042085530446461,1.9290360463504945,13.529968414398343,4.011533872432101,0.0,0.0,0.0,"[(4.0, 4.5), (5.5, 6.0), (8.0, 8.0)]",2.5,True,-9.041469053946368,4.488499360451974,False
15-4-15,900,61.2,11.0,0.00045,0.00021999999999999998,"[4.0, 8.0]",1.13741382443241,4.0,-2.6852558688553883,-1.8982401812837657,10.929187106179992,3.306118753643848,0.0,0.0,0.0,"[(4.0, 4.5), (7.5, 8.0)]",2.0,True,-9.791773281747583,1.13741382443241,False
15-4-15,2200,149.6,12.599999999999994,0.00025,0.00029,"[4.0, 8.0]",0.6605059934303581,4.0,-1.0501440135348088,0.04254664397506967,10.493487594617623,3.1319853903802852,0.0,0.0,0.0,"[(4.0, 6.5), (7.5, 8.0)]",4.0,True,-9.832981601187265,0.6605059934303581,False
15-4-15,900,61.2,11.2,0.00035,0.00015,"[4.0, 8.0]",0.5358918305805496,5.0,-1.786588669858666,-0.44500426037579316,10.986508746397755,3.2866491429377023,0.0,0.0,0.0,"[(4.0, 7.0)]",3.5,True,-10.450616915817205,0.5358918305805496,False
15-4-15,900,61.2,11.2,0.00025,0.00021999999999999998,"[4.0, 8.0]",0.9167699476347229,5.0,-1.764339035067461,-0.5321584532206948,12.261069477513075,3.488160742990865,0.0,0.0,0.0,"[(4.0, 7.0)]",3.5,True,-11.344299529878352,0.9167699476347229,False
15-4-15,2200,149.6,12.599999999999994,0.00045,0.00029,"[4.0, 8.0]",1.4136988704621696,4.0,-1.151310636599354,-0.05613458369419566,12.880409675124437,3.746118632916379,0.0,0.0,0.0,"[(4.0, 7.0)]",3.5,True,-11.466710804662267,1.4136988704621696,False
15-4-15,2200,149.6,13.399999999999991,0.00045,0.00015,"[4.0, 8.0]",0.6840410134669959,5.0,-1.394224068706327,0.0055961338351084786,13.78594574110602,4.149604671753868,0.0,0.0,0.0,"[(4.5, 8.0)]",4.0,True,-13.101904727639024,0.6840410134669959,False
15-4-15,900,61.2,11.2,0.00045,0.00015,"[4.0, 8.0]",0.7524108018511051,4.5,-2.62926306757251,-0.6609549405232306,13.904019186515876,4.550276422369063,0.0,0.0,0.0,"[(4.0, 7.0)]",3.5,True,-13.15160838466477,0.7524108018511051,False
15-4-15,2200,149.6,12.399999999999995,0.00045,0.00029,"[4.0, 8.0]",0.05743780660172429,4.5,-1.8857616204737186,-0.3668540708512307,13.98879591354948,4.267218702044874,0.0,0.0,0.0,"[(4.0, 6.5), (7.5, 8.0)]",4.0,True,-13.931358106947755,0.05743780660172429,False
15-4-15,900,61.2,11.2,0.00045,0.00029,"[4.0, 8.0]",5.353548019273707,5.5,-0.876863567151315,0.5703692006834925,25.130457835519156,6.964076993690218,0.0,0.0,0.0,"[(5.5, 6.0)]",1.0,True,-19.77690981624545,5.353548019273707,False
15-4-15,2200,149.6,11.0,0.00035,0.00015,"[4.0, 8.0]",1.9180281668464203,8.0,-1.280982995607343,1.0539300748237148,21.725702641782565,6.58356925333008,0.0,0.0,0.0,"[(4.0, 5.0), (6.0, 8.0)]",4.0,True,-19.807674474936146,1.9180281668464203,False
