pump_GHz,Idc_A,Ip0_A,finite,mean_in_band_gain_db,median_in_band_gain_db,ripple_peak_to_peak_db,ripple_std_db,fraction_above_15db,fraction_above_17db,fraction_above_20db,peak_gain_db,peak_frequency_GHz
11.05,0.00025,0.0003,True,4.467888453779979,4.291855019643406,3.8658327574473015,1.3402547218431196,0.0,0.0,0.0,6.67268597209117,7.649999999999987
11.06,0.00025,0.0003,True,1.6107699518960734,0.6843876191638636,6.336703926359217,1.974797858853629,0.0,0.0,0.0,6.3378336622838685,7.999999999999986
11.07,0.00025,0.0003,True,1.555584595039422,1.6650313544241222,4.358162878710966,1.0172662906690717,0.0,0.0,0.0,4.3606154949755975,7.999999999999986
11.08,0.00025,0.0003,True,3.5005815178076705,4.170821906045982,4.802760196870415,1.520603757487193,0.0,0.0,0.0,4.802837695456202,5.5499999999999945
11.09,0.00025,0.0003,True,4.460778926784878,4.791649069893905,3.882139919116929,0.8627752936553807,0.0,0.0,0.0,4.917357504104182,6.599999999999991
11.1,0.00025,0.0003,True,3.831232109205276,3.8017540234533165,1.6136937526513884,0.5527800702415564,0.0,0.0,0.0,4.6921617720151865,7.399999999999988
11.11,0.00025,0.0003,True,1.9045110588704934,1.4768015011874827,3.924108643314132,1.2944953815014277,0.0,0.0,0.0,4.465633039214422,7.899999999999986
11.12,0.00025,0.0003,True,0.676264201897997,0.4770591936854799,3.5006546957743145,0.8080827256762534,0.0,0.0,0.0,3.500678725211326,7.999999999999986
11.129999999999999,0.00025,0.0003,True,1.89644195779983,2.200843902597929,2.973969584368873,0.9888784953313092,0.0,0.0,0.0,2.9741226620189942,5.5499999999999945
11.139999999999999,0.00025,0.0003,True,3.003664742115635,3.4703470322664915,3.635183828932248,0.9840185784889498,0.0,0.0,0.0,3.6787729359393966,5.5499999999999945
11.149999999999999,0.00025,0.0003,True,3.107607845919814,3.1551292065551486,1.8340491388048528,0.35531255608884627,0.0,0.0,0.0,3.489502881647388,7.049999999999989
11.159999999999998,0.00025,0.0003,True,1.5963560074126562,1.3581047271100368,2.6553231274661977,0.894827186398684,0.0,0.0,0.0,3.2590906700183635,7.7999999999999865
11.169999999999998,0.00025,0.0003,True,0.45720768505420234,0.1993917200792855,2.7424636911132927,0.6913384648339616,0.0,0.0,0.0,2.7424637073068716,7.999999999999986
11.179999999999998,0.00025,0.0003,True,1.0381055149237113,1.1276200594245558,1.7945466988819798,0.6049974880188619,0.0,0.0,0.0,1.795186490854771,5.599999999999994
11.189999999999998,0.00025,0.0003,True,2.250200641320024,2.6182163294474385,2.753861806614985,0.7557121984364844,0.0,0.0,0.0,2.7844883655967863,5.599999999999994
11.199999999999998,0.00025,0.0003,True,2.1927092332785536,2.1789406138392655,1.1417079890038577,0.2862938852364867,0.0,0.0,0.0,2.599874267683121,7.2499999999999885
11.209999999999997,0.00025,0.0003,True,1.0906912593836433,0.8615571270608925,2.1150432442651104,0.706530064802813,0.0,0.0,0.0,2.4451561411344,7.849999999999986
11.219999999999997,0.00025,0.0003,True,0.3907688990890203,0.3556955792161013,1.6845241320226028,0.36025725137768333,0.0,0.0,0.0,1.684644565216646,7.999999999999986
11.229999999999997,0.00025,0.0003,True,1.3350909301454381,1.577569051558342,1.9842599761251023,0.6509538646966923,0.0,0.0,0.0,1.984608725958593,5.599999999999994
11.239999999999997,0.00025,0.0003,True,1.8723456466958568,1.9992893203412818,1.6778251760186844,0.37222302752340397,0.0,0.0,0.0,2.097374863451914,4.499999999999998
11.249999999999996,0.00025,0.0003,True,0.8812989974792534,0.7295267882820899,1.6280392422189143,0.5488117883257602,0.0,0.0,0.0,1.906375414477769,7.7999999999999865
11.259999999999996,0.00025,0.0003,True,0.2622223799610453,0.16244103358095466,1.5158027479324867,0.34504813796443456,0.0,0.0,0.0,1.5158093416825822,7.999999999999986
11.269999999999996,0.00025,0.0003,True,1.1968620755267938,1.4172500908002328,1.6807853100537673,0.5295162926840372,0.0,0.0,0.0,1.6809049577086217,5.649999999999994
11.279999999999996,0.00025,0.0003,True,1.4177024311501172,1.4453591441440667,1.0285332350972458,0.2055785290130004,0.0,0.0,0.0,1.6349362180815694,4.199999999999999
11.289999999999996,0.00025,0.0003,True,0.29776656469786655,0.07124519139466759,1.4430863249643664,0.4181769143844492,0.0,0.0,0.0,1.4431233242557229,7.999999999999986
11.299999999999995,0.00025,0.0003,True,0.5298432492980208,0.5714736758990895,0.9478164540191245,0.32600893076408677,0.0,0.0,0.0,0.9479900527492024,5.649999999999994
11.309999999999995,0.00025,0.0003,True,1.149976943522151,1.1759510445128243,0.8863699262692072,0.17762272333215748,0.0,0.0,0.0,1.3318705500897625,7.049999999999989
11.319999999999995,0.00025,0.0003,True,0.29447174889657696,0.11617389947137921,1.1969411591357053,0.3636094256363866,0.0,0.0,0.0,1.197601419188792,7.999999999999986
11.329999999999995,0.00025,0.0003,True,0.6292364828554953,0.7310824744266904,1.0124005559930604,0.3439075703274694,0.0,0.0,0.0,1.0124548941079818,5.649999999999994
11.339999999999995,0.00025,0.0003,True,0.66372414508876,0.6409369040062717,0.7033974993637035,0.24463079750295288,0.0,0.0,0.0,1.051079879358286,7.549999999999987
11.349999999999994,0.00025,0.0003,True,0.3373330223035549,0.36175009895019916,0.6241231033795025,0.21672576453364328,0.0,0.0,0.0,0.6241230781641223,5.649999999999994
11.05,0.00025,0.00031,True,3.6997570705297953,4.237881164614714,7.014146802401997,1.821501596064219,0.0,0.0,0.0,7.0157020007396,7.999999999999986
11.06,0.00025,0.00031,True,6.094337493083166,7.078221557285912,7.450339029490163,2.1079391446164846,0.0,0.0,0.0,7.474172245267802,5.5499999999999945
11.07,0.00025,0.00031,True,6.484678002764951,6.5411676544721296,2.928145913508671,0.5570401537661632,0.0,0.0,0.0,7.159205109318252,7.149999999999989
11.08,0.00025,0.00031,True,3.327757278475595,2.8508346461277805,5.46388665931552,1.8178482092244168,0.0,0.0,0.0,6.773076353509062,7.899999999999986
11.09,0.00025,0.00031,True,1.103419775870414,0.7984606997740475,5.363524792456253,1.2681762675069754,0.0,0.0,0.0,5.3635248203142725,7.999999999999986
11.1,0.00025,0.00031,True,2.7997636745203747,3.2876770317542463,4.266361154186977,1.39196518986322,0.0,0.0,0.0,4.268672582625026,5.5499999999999945
11.11,0.00025,0.00031,True,4.462937191170936,5.066535761410901,4.981457594922077,1.253934601248407,0.0,0.0,0.0,5.240486514386532,5.5499999999999945
11.12,0.00025,0.00031,True,4.244879333873328,4.228207880964939,1.4351126949721444,0.4475045914678689,0.0,0.0,0.0,4.924510321784794,7.299999999999988
11.129999999999999,0.00025,0.00031,True,1.8456900362644124,1.4046959672668893,4.151977583545013,1.3344758636382998,0.0,0.0,0.0,4.62695216844497,7.999999999999986
11.139999999999999,0.00025,0.00031,True,0.6611638809963625,0.4408711843802446,3.566670455372387,0.8257294656920354,0.0,0.0,0.0,3.5666976243701494,7.999999999999986
11.149999999999999,0.00025,0.00031,True,1.9294288420272943,2.219202082392951,3.034741169002898,1.0110883398649038,0.0,0.0,0.0,3.036701978251469,5.5499999999999945
11.159999999999998,0.00025,0.00031,True,3.3609747012484283,3.7597948582831404,3.275779692105174,0.7920535435502627,0.0,0.0,0.0,3.801973242962184,6.249999999999992
11.169999999999998,0.00025,0.00031,True,2.8827590678601647,2.8635671594491914,1.2891105930654545,0.44255217987255846,0.0,0.0,0.0,3.5639153915376207,7.399999999999988
11.179999999999998,0.00025,0.00031,True,1.2408380144776994,0.8834875805379837,3.0992045291956183,0.9870157867030525,0.0,0.0,0.0,3.3559747990832327,7.999999999999986
11.189999999999998,0.00025,0.00031,True,0.6101383456522123,0.6117598810804281,2.033781718145345,0.45839664636602373,0.0,0.0,0.0,2.034530421720332,7.999999999999986
11.199999999999998,0.00025,0.00031,True,1.9887128563139884,2.3607903299651003,2.774385618913841,0.8676087896925936,0.0,0.0,0.0,2.7747735342990025,5.599999999999994
11.209999999999997,0.00025,0.00031,True,2.570460528273721,2.7221697708396597,2.0630449670863946,0.447193702690546,0.0,0.0,0.0,2.833051508696614,4.499999999999998
11.219999999999997,0.00025,0.00031,True,1.4133066528984766,1.2460500699579622,1.9573605957448814,0.6661408226536442,0.0,0.0,0.0,2.598807583109438,7.749999999999987
11.229999999999997,0.00025,0.00031,True,0.3367687408411171,0.18412529751227244,2.0309923980182947,0.4758715935799179,0.0,0.0,0.0,2.0310009979327606,7.999999999999986
11.239999999999997,0.00025,0.00031,True,1.1352039554027658,1.305071824057901,1.8297184216107714,0.6179951573350386,0.0,0.0,0.0,1.8301643142037367,5.599999999999994
11.249999999999996,0.00025,0.00031,True,1.9773260366332408,2.0673401931772712,1.5412407067311618,0.319626099176432,0.0,0.0,0.0,2.1959021350146584,6.84999999999999
11.259999999999996,0.00025,0.00031,True,1.161149669663805,1.0574941805358122,1.48423414754372,0.5097666714787398,0.0,0.0,0.0,2.0366393119645516,7.699999999999987
11.269999999999996,0.00025,0.00031,True,0.3459442908972395,0.3394212178924534,1.231535374797308,0.2738950957670714,0.0,0.0,0.0,1.2315440371088249,7.999999999999986
11.279999999999996,0.00025,0.00031,True,1.2570685917236428,1.4870234245180463,1.7645433416874863,0.5518226530013278,0.0,0.0,0.0,1.7648641281651287,5.649999999999994
11.289999999999996,0.00025,0.00031,True,1.2194527069810273,1.20784400011831,0.8466017014449231,0.2928600516326201,0.0,0.0,0.0,1.667727975049273,7.449999999999988
11.299999999999995,0.00025,0.00031,True,0.25688846687382755,0.037103873820185644,1.4565417062176733,0.3941936997092132,0.0,0.0,0.0,1.4565427362337116,7.999999999999986
11.309999999999995,0.00025,0.00031,True,1.0528667495842803,1.2495955717925353,1.4593865044059868,0.4518586165884577,0.0,0.0,0.0,1.4603231462632513,5.649999999999994
11.319999999999995,0.00025,0.00031,True,1.016768116257339,1.0010397321866404,0.665796971819925,0.23136762617022025,0.0,0.0,0.0,1.364454200280674,7.399999999999988
11.329999999999995,0.00025,0.00031,True,0.19152007952950229,0.15320644705803207,0.9502250515359768,0.20113599686052866,0.0,0.0,0.0,0.9502669491328742,7.999999999999986
11.339999999999995,0.00025,0.00031,True,1.052302407635872,1.1326992213959612,1.0087352213235432,0.22864532394095607,0.0,0.0,0.0,1.1955662307242736,4.599999999999998
11.349999999999994,0.00025,0.00031,True,0.16360503977780172,0.04687284563830712,0.9718939012191977,0.25144093579154764,0.0,0.0,0.0,0.9719693368045891,7.999999999999986
11.05,0.00025,0.00031999999999999997,True,9.864544928158235,11.175329386944838,14.303202155258584,3.000764139956916,0.0,0.0,0.0,14.360406404994334,7.999999999999986
11.06,0.00025,0.00031999999999999997,True,9.913677081790599,9.908226833943004,4.65520192813002,0.9674776200585812,0.0,0.0,0.0,11.336670895995454,7.299999999999988
11.07,0.00025,0.00031999999999999997,True,3.0195061116512227,1.5846939806202016,10.698305741283614,3.4181836865293955,0.0,0.0,0.0,10.69960091420808,7.999999999999986
11.08,0.00025,0.00031999999999999997,True,4.624458592621224,5.3555842763787345,6.637359778913683,2.0486813483728734,0.0,0.0,0.0,6.63983203750244,5.5499999999999945
11.09,0.00025,0.00031999999999999997,True,7.007020910781227,7.470426312712307,5.544946455523247,1.1819319398868577,0.0,0.0,0.0,7.5919328320481725,6.499999999999991
11.1,0.00025,0.00031999999999999997,True,5.665303405257183,5.562637221691018,2.7955332445016206,0.968833823780259,0.0,0.0,0.0,7.203569311945339,7.549999999999987
11.11,0.00025,0.00031999999999999997,True,1.6809659384407283,0.7492991115300206,6.572790035989227,1.9834227986407922,0.0,0.0,0.0,6.589274453032235,7.999999999999986
11.12,0.00025,0.00031999999999999997,True,2.292396495185485,2.5629066340734488,3.7067257731641883,1.2144423051174653,0.0,0.0,0.0,3.706763225967023,5.5499999999999945
11.129999999999999,0.00025,0.00031999999999999997,True,4.654914070314741,5.237016857153288,5.0395703481470475,1.2486071417589868,0.0,0.0,0.0,5.453538083621803,5.5499999999999945
11.139999999999999,0.00025,0.00031999999999999997,True,4.629633827335441,4.63825534192069,1.5896205097099965,0.37280916663662,0.0,0.0,0.0,5.15571509609634,7.2499999999999885
11.149999999999999,0.00025,0.00031999999999999997,True,2.2886271483220475,1.9433401067104925,3.944471894023636,1.2807033806935477,0.0,0.0,0.0,4.843353510210815,7.949999999999986
11.159999999999998,0.00025,0.00031999999999999997,True,0.7890756242127568,0.7809072136161971,3.0296482361184283,0.6559303019779692,0.0,0.0,0.0,3.0297918688638665,7.999999999999986
11.169999999999998,0.00025,0.00031999999999999997,True,2.6166900845113816,3.0813621916902374,3.6787373357377984,1.1587232303831339,0.0,0.0,0.0,3.6801245246471677,5.599999999999994
11.179999999999998,0.00025,0.00031999999999999997,True,3.6004173404201323,3.850878530449914,2.792128206374514,0.6232496591074981,0.0,0.0,0.0,3.9319910516130947,6.549999999999991
11.189999999999998,0.00025,0.00031999999999999997,True,2.3625393288054513,2.214289852098416,2.1814141676965977,0.7499234072138002,0.0,0.0,0.0,3.626545056254136,7.699999999999987
11.199999999999998,0.00025,0.00031999999999999997,True,0.47268102043903126,0.1564099514561334,2.9115176256731954,0.744692388149802,0.0,0.0,0.0,2.911565381916905,7.999999999999986
11.209999999999997,0.00025,0.00031999999999999997,True,1.235043610977949,1.3880913336982692,2.0842373283919575,0.7045869332424972,0.0,0.0,0.0,2.084395635349688,5.599999999999994
11.219999999999997,0.00025,0.00031999999999999997,True,2.6858302428066403,2.995953352796538,2.5047237519221266,0.6006462357663342,0.0,0.0,0.0,3.0224455205458876,6.349999999999992
11.229999999999997,0.00025,0.00031999999999999997,True,1.9824165283388642,1.9300147974347326,1.4579906545654193,0.5048432374804543,0.0,0.0,0.0,2.7846782040686295,7.599999999999987
11.239999999999997,0.00025,0.00031999999999999997,True,0.4552345236305634,0.09290983725357539,2.423735667633492,0.6729436869584636,0.0,0.0,0.0,2.423736642616487,7.999999999999986
11.249999999999996,0.00025,0.00031999999999999997,True,1.2574655493381761,1.4531265680447059,1.9741747568885275,0.6614833083677332,0.0,0.0,0.0,1.9759900547239153,5.599999999999994
11.259999999999996,0.00025,0.00031999999999999997,True,2.101265429711298,2.3028852798090877,1.9153458094020341,0.4496197988996951,0.0,0.0,0.0,2.3523914480630177,4.749999999999997
11.269999999999996,0.00025,0.00031999999999999997,True,0.9252471139337314,0.7393476727941156,1.8146805170647953,0.5978008594887516,0.0,0.0,0.0,2.0994485330161967,7.849999999999986
11.279999999999996,0.00025,0.00031999999999999997,True,0.3228711127217852,0.2958344043384139,1.318924692700307,0.2810970763971045,0.0,0.0,0.0,1.319146457339775,7.999999999999986
11.289999999999996,0.00025,0.00031999999999999997,True,1.6025368215144564,1.843519887718119,1.814476883362208,0.475579323861726,0.0,0.0,0.0,1.9175301207615192,5.899999999999993
11.299999999999995,0.00025,0.00031999999999999997,True,1.2191441125215288,1.1828237250993605,0.973923152681881,0.33779747883163563,0.0,0.0,0.0,1.7465087399838162,7.549999999999987
11.309999999999995,0.00025,0.00031999999999999997,True,0.3291046973299566,0.33980077368627293,0.9040888095267272,0.23421760533653185,0.0,0.0,0.0,0.9042338253986484,7.999999999999986
11.319999999999995,0.00025,0.00031999999999999997,True,1.308542182105744,1.509697858315503,1.481143620155778,0.38876119157347094,0.0,0.0,0.0,1.5618645877226296,6.0999999999999925
11.329999999999995,0.00025,0.00031999999999999997,True,0.5746852830382768,0.4416235624794784,1.2292234222472491,0.4070482518784476,0.0,0.0,0.0,1.372131247862666,7.849999999999986
11.339999999999995,0.00025,0.00031999999999999997,True,0.7491500691750689,0.8738018142257596,1.162285995281913,0.3879216469389652,0.0,0.0,0.0,1.1629560927895959,5.649999999999994
11.349999999999994,0.00025,0.00031999999999999997,True,0.6681133200676835,0.6163924701720607,0.8597027931829135,0.29790496274504513,0.0,0.0,0.0,1.1643904313941449,7.649999999999987
11.05,0.00025,0.00033,True,28.48400643976149,28.214577096476603,5.609166123552733,1.646154055360442,1.0,1.0,1.0,31.62505653264092,7.999999999999986
11.06,0.00025,0.00033,True,25.764449309843915,24.654290106513383,7.609389765530413,2.320146752238415,1.0,1.0,1.0,31.149147386844035,7.999999999999986
11.07,0.00025,0.00033,True,11.667024759633609,10.573544748975785,22.772746524722347,6.900142672367006,0.2962962962962963,0.2345679012345679,0.16049382716049382,26.33846839723176,7.999999999999986
11.08,0.00025,0.00033,True,10.234735216684985,11.673507592765311,12.016765197808159,3.0494040676959155,0.0,0.0,0.0,12.059091328506348,5.499999999999995
11.09,0.00025,0.00033,True,8.475110477731318,8.248378634258044,5.101466697303088,1.7608956974599468,0.0,0.0,0.0,11.38570352354321,7.699999999999987
11.1,0.00025,0.00033,True,2.114944504982,1.5997335285593894,9.324793449161303,2.3165695911716093,0.0,0.0,0.0,9.325007988019216,7.999999999999986
11.11,0.00025,0.00033,True,5.994895469104989,7.029652875287626,7.6862989031763265,2.259393686531456,0.0,0.0,0.0,7.705638454530521,5.5499999999999945
11.12,0.00025,0.00033,True,6.893436284400981,6.8856825932952015,1.7116563938240956,0.46007387445562653,0.0,0.0,0.0,7.579670404235656,7.299999999999988
11.129999999999999,0.00025,0.00033,True,2.271001295670722,1.5405676332183518,6.559002926181643,1.9953822748641228,0.0,0.0,0.0,6.898695419466473,7.999999999999986
11.139999999999999,0.00025,0.00033,True,1.7226502348849242,1.9140910643971123,3.5567157646746064,1.013589496255478,0.0,0.0,0.0,3.559125309546545,7.999999999999986
11.149999999999999,0.00025,0.00033,True,4.52854439933714,5.150729276063042,5.462170155035259,1.431345860994337,0.0,0.0,0.0,5.583335845745767,5.5499999999999945
11.159999999999998,0.00025,0.00033,True,4.6625333605042405,4.6333064905363415,1.2221704702838698,0.42259198954102756,0.0,0.0,0.0,5.304639267341305,7.349999999999988
11.169999999999998,0.00025,0.00033,True,1.6160216538968444,1.112659088700009,4.553674202453991,1.3743867820202769,0.0,0.0,0.0,4.845489665844777,7.999999999999986
11.179999999999998,0.00025,0.00033,True,0.9104712862819387,0.9718221211077799,2.632460458768224,0.6281996089693175,0.0,0.0,0.0,2.632480643070502,7.999999999999986
11.189999999999998,0.00025,0.00033,True,3.297331925697779,3.7812846306810446,4.040331941062271,1.0832443969056684,0.0,0.0,0.0,4.134873245092688,5.599999999999994
11.199999999999998,0.00025,0.00033,True,3.47858559228803,3.476606295727358,1.091805998567204,0.3107273395031371,0.0,0.0,0.0,3.9320159351658583,7.299999999999988
11.209999999999997,0.00025,0.00033,True,1.4973273923112183,1.154710320529301,3.198831583361231,1.0017863596499335,0.0,0.0,0.0,3.659500126960285,7.999999999999986
11.219999999999997,0.00025,0.00033,True,0.8208943152221382,0.8902959013774328,1.5331027711383514,0.5162008556235665,0.0,0.0,0.0,1.534754513056896,7.999999999999986
11.229999999999997,0.00025,0.00033,True,2.5659379125012007,2.9353785037177555,3.0858951395420644,0.8234268700542252,0.0,0.0,0.0,3.1950828923000136,5.599999999999994
11.239999999999997,0.00025,0.00033,True,2.5945792350035086,2.5749941228152395,0.9261263988398367,0.27627587006282167,0.0,0.0,0.0,2.9966561559005136,7.299999999999988
11.249999999999996,0.00025,0.00033,True,0.46509684704313137,0.10498307966300591,2.484999210535222,0.6840481130063333,0.0,0.0,0.0,2.4850047005251987,7.999999999999986
11.259999999999996,0.00025,0.00033,True,0.9262992948796027,1.004118275006948,1.6101661508499805,0.5497354389015094,0.0,0.0,0.0,1.6107012217559877,5.649999999999994
11.269999999999996,0.00025,0.00033,True,2.2263083246304696,2.327793456078813,1.5892004812131262,0.3326385184555198,0.0,0.0,0.0,2.4343071483776897,6.79999999999999
11.279999999999996,0.00025,0.00033,True,1.1348615113406628,0.973824341118926,1.7454476371036252,0.5837438106545295,0.0,0.0,0.0,2.2212838975588127,7.849999999999986
11.289999999999996,0.00025,0.00033,True,0.6116452405694323,0.6355307620109439,1.1190712583578737,0.38491812850101487,0.0,0.0,0.0,1.1194014386885556,5.649999999999994
11.299999999999995,0.00025,0.00033,True,1.7155118260936257,1.9546421823494113,1.8298341371231421,0.4662016856386463,0.0,0.0,0.0,2.0129073943874536,6.049999999999993
11.309999999999995,0.00025,0.00033,True,0.6138438647098426,0.41361155996633747,1.6393155863775055,0.5161216730644652,0.0,0.0,0.0,1.7449970105343051,7.949999999999986
11.319999999999995,0.00025,0.00033,True,0.591123312226105,0.6366236220427701,1.0571944783111826,0.365004603614433,0.0,0.0,0.0,1.0583658063608494,5.649999999999994
11.329999999999995,0.00025,0.00033,True,1.3926135235800299,1.4185634648442302,0.9169259284307953,0.18012925992776088,0.0,0.0,0.0,1.5715852712116407,7.049999999999989
11.339999999999995,0.00025,0.00033,True,0.1976313583966966,0.16017378572102556,0.9969797326196812,0.2086661270538619,0.0,0.0,0.0,0.9970780220412245,7.999999999999986
11.349999999999994,0.00025,0.00033,True,1.1868923069633313,1.2514142705280373,1.0121858781585626,0.2182635691675822,0.0,0.0,0.0,1.3290512553942238,6.79999999999999
11.05,0.00025,0.00033999999999999997,True,20.455005690217444,20.43146021481734,6.94723405275974,1.979738927474084,1.0,1.0,0.5679012345679012,24.062737841372382,7.999999999999986
11.06,0.00025,0.00033999999999999997,True,23.39380442371995,23.469626264213076,6.5187625210195,1.8570851202357042,1.0,1.0,1.0,26.586384988538345,7.999999999999986
11.07,0.00025,0.00033999999999999997,True,26.438764424942583,26.556716099973823,6.046385710545305,1.7260594697361762,1.0,1.0,1.0,29.276505386472756,7.999999999999986
11.08,0.00025,0.00033999999999999997,True,28.214056027002552,28.001528158769503,5.675584926991117,1.6496920659072047,1.0,1.0,1.0,31.33117623021004,7.999999999999986
11.09,0.00025,0.00033999999999999997,True,24.150992148034877,23.090772009007054,8.50010321005896,2.5337031740065985,1.0,1.0,1.0,30.18358370053189,7.999999999999986
11.1,0.00025,0.00033999999999999997,True,6.394406036161283,2.826021544851038,23.256817644682204,6.868529715654781,0.1728395061728395,0.13580246913580246,0.07407407407407407,23.26805880127288,7.999999999999986
11.11,0.00025,0.00033999999999999997,True,11.091130944448892,12.059445469023554,12.153582138611352,2.4996415311621725,0.0,0.0,0.0,12.187942333741407,6.449999999999991
11.12,0.00025,0.00033999999999999997,True,4.566036772220559,3.6512339273266075,9.961232148403623,3.1122072612679377,0.0,0.0,0.0,11.183875631212722,7.999999999999986
11.129999999999999,0.00025,0.00033999999999999997,True,5.177295493502692,6.118217160901399,7.180978822440452,2.2345993251824674,0.0,0.0,0.0,7.190840928382216,5.5499999999999945
11.139999999999999,0.00025,0.00033999999999999997,True,7.613583939234701,7.791311896547295,3.184510672519533,0.6165409071965764,0.0,0.0,0.0,7.983544967123112,6.84999999999999
11.149999999999999,0.00025,0.00033999999999999997,True,4.1691055012392155,3.7978066221273203,5.069466967573556,1.619014406023841,0.0,0.0,0.0,7.412365966464488,7.999999999999986
11.159999999999998,0.00025,0.00033999999999999997,True,1.8194331216154112,2.0228535577816293,3.0824469851080223,1.040936717296291,0.0,0.0,0.0,3.082488906760083,7.999999999999986
11.169999999999998,0.00025,0.00033999999999999997,True,5.058668562610113,5.587411686511542,4.918628662815926,1.1838071568170936,0.0,0.0,0.0,5.855138469774296,5.599999999999994
11.179999999999998,0.00025,0.00033999999999999997,True,4.846582947660578,4.830184385888879,1.2193358990563716,0.4201497932219209,0.0,0.0,0.0,5.485360338706813,7.399999999999988
11.189999999999998,0.00025,0.00033999999999999997,True,0.9808720114877237,0.35400731082113884,4.514581348349699,1.275607478126093,0.0,0.0,0.0,4.516341086304706,7.999999999999986
11.199999999999998,0.00025,0.00033999999999999997,True,2.071489504724846,2.4332022564645426,3.235494931430652,1.075926071597138,0.0,0.0,0.0,3.235611913947876,5.599999999999994
11.209999999999997,0.00025,0.00033999999999999997,True,3.8908119954037033,4.258691140297801,3.2247729898191033,0.7600719056157358,0.0,0.0,0.0,4.3378180209238115,5.799999999999994
11.219999999999997,0.00025,0.00033999999999999997,True,2.529790632113528,2.3610345095981704,2.3173739674429847,0.7833007225324415,0.0,0.0,0.0,3.911417658776814,7.7999999999999865
11.229999999999997,0.00025,0.00033999999999999997,True,0.431941293026716,0.26550574578627856,2.582447997253732,0.575860262179168,0.0,0.0,0.0,2.5826406666652,7.999999999999986
11.239999999999997,0.00025,0.00033999999999999997,True,2.046317963622791,2.386231814400844,2.939982739998679,0.9232918642353468,0.0,0.0,0.0,2.9401759996135963,5.599999999999994
11.249999999999996,0.00025,0.00033999999999999997,True,2.793163091576161,2.791056906768779,0.9564027666794761,0.24795031182425573,0.0,0.0,0.0,3.1419440681604467,7.2499999999999885
11.259999999999996,0.00025,0.00033999999999999997,True,0.9640807929472883,0.671588997590984,2.6711579958065554,0.8036956752951484,0.0,0.0,0.0,2.857763117215619,7.999999999999986
11.269999999999996,0.00025,0.00033999999999999997,True,1.171760108098392,1.341477951604786,1.9165819184747142,0.6495493799837451,0.0,0.0,0.0,1.918535646288657,5.649999999999994
11.279999999999996,0.00025,0.00033999999999999997,True,2.3499835693597815,2.535815146331501,1.8712051337378395,0.42669004131752397,0.0,0.0,0.0,2.584728774998029,6.549999999999991
11.289999999999996,0.00025,0.00033999999999999997,True,0.7034869556997244,0.441480228147207,2.1472677804305302,0.6441170042507256,0.0,0.0,0.0,2.2450645452468314,7.999999999999986
11.299999999999995,0.00025,0.00033999999999999997,True,0.6319710984055711,0.6591855476365839,1.156419014188362,0.39796027930633227,0.0,0.0,0.0,1.156526355746461,5.649999999999994
11.309999999999995,0.00025,0.00033999999999999997,True,1.8123730228354167,1.839196122065165,1.0146473558719273,0.1977253463630769,0.0,0.0,0.0,2.0149817859736276,4.249999999999999
11.319999999999995,0.00025,0.00033999999999999997,True,0.36120439746724287,0.11922450658648671,1.7123328493162473,0.48144215694353687,0.0,0.0,0.0,1.7123331115152498,7.999999999999986
11.329999999999995,0.00025,0.00033999999999999997,True,1.137478797171004,1.3321048660890318,1.6284976047862627,0.5090702312356111,0.0,0.0,0.0,1.6301930623362504,5.649999999999994
11.339999999999995,0.00025,0.00033999999999999997,True,0.7207512566936767,0.6013117297496637,1.2740638542075489,0.42405802674590903,0.0,0.0,0.0,1.5257756523645365,7.849999999999986
11.349999999999994,0.00025,0.00033999999999999997,True,0.8236571073771021,0.9546708046273453,1.2696288996699623,0.4197617392741616,0.0,0.0,0.0,1.2701056337978027,5.649999999999994
11.05,0.00025,0.00035,True,9.224952506364298,8.74032953461785,8.832983552897616,2.601192888108152,0.0,0.0,0.0,14.673369524801785,7.999999999999986
11.06,0.00025,0.00035,True,12.117950456990782,11.752316440669674,8.306761335420905,2.4206598768441805,0.16049382716049382,0.012345679012345678,0.0,17.07100593038945,7.999999999999986
11.07,0.00025,0.00035,True,15.476503617774881,15.232994888699778,7.7464097441245965,2.237517074974825,0.5308641975308642,0.2839506172839506,0.0,19.904537448099074,7.999999999999986
11.08,0.00025,0.00035,True,19.369850088302993,19.26272342569243,7.176416686803417,2.060127496979162,1.0,0.8395061728395061,0.3950617283950617,23.242662704095647,7.999999999999986
11.09,0.00025,0.00035,True,23.159223864474672,23.175387612049295,6.646865775814113,1.9040380170411477,1.0,1.0,0.9753086419753086,26.518474038852396,7.999999999999986
11.1,0.00025,0.00035,True,26.313120191310585,26.377867012436255,6.149871865183556,1.762315020486947,1.0,1.0,1.0,29.297788833765388,7.999999999999986
11.11,0.00025,0.00035,True,27.907177151425653,27.665491879015924,5.736469526628934,1.6671063295438324,1.0,1.0,1.0,31.13096258379215,7.999999999999986
11.12,0.00025,0.00035,True,20.54022392426233,19.543286261818515,10.791990043659837,3.147942198202461,1.0,1.0,0.43209876543209874,28.142480331972322,7.999999999999986
11.129999999999999,0.00025,0.00035,True,9.931089999155493,11.348407624656762,12.235035910042932,3.205134731919266,0.0,0.0,0.0,12.251152437259103,5.499999999999995
11.139999999999999,0.00025,0.00035,True,9.554353714408773,9.313143253902709,3.978903817915838,1.3622951262021856,0.0,0.0,0.0,11.874395930313309,7.749999999999987
11.149999999999999,0.00025,0.00035,True,2.7157583964205174,3.0163663165571646,6.674328484863919,1.6214141460547864,0.0,0.0,0.0,6.676979840019505,7.999999999999986
11.159999999999998,0.00025,0.00035,True,7.920751353708687,8.142582001609762,3.1632771126117456,0.642112869487798,0.0,0.0,0.0,8.252593703251158,6.69999999999999
11.169999999999998,0.00025,0.00035,True,3.853429263212876,3.4249254195053034,5.440016888355113,1.6718905182285877,0.0,0.0,0.0,7.462581010531336,7.999999999999986
11.179999999999998,0.00025,0.00035,True,1.5666983161108283,1.7406452407424247,3.1950582859496452,0.9433326621052269,0.0,0.0,0.0,3.195086587400407,7.999999999999986
11.189999999999998,0.00025,0.00035,True,5.519985178094823,5.9276239177190995,3.8197775976368495,0.8731865757135445,0.0,0.0,0.0,6.039074449891377,5.599999999999994
11.199999999999998,0.00025,0.00035,True,3.729998391310242,3.511161041476968,2.850260118524569,0.9467958610558017,0.0,0.0,0.0,5.460246763471746,7.899999999999986
11.209999999999997,0.00025,0.00035,True,0.5722136597581058,0.27179428548433127,3.634113892538279,0.8613287718467472,0.0,0.0,0.0,3.634496601465163,7.999999999999986
11.219999999999997,0.00025,0.00035,True,3.4448052961590094,3.914874810842681,4.183266360610125,1.1113260112638386,0.0,0.0,0.0,4.352913177848659,5.599999999999994
11.229999999999997,0.00025,0.00035,True,3.774055700665078,3.760898109329168,0.8862568618152884,0.3079491135343517,0.0,0.0,0.0,4.2321598945883965,7.399999999999988
11.239999999999997,0.00025,0.00035,True,0.9697173594489726,0.5550454516831311,3.518657587415479,1.0036881610715538,0.0,0.0,0.0,3.6058388474066794,7.999999999999986
11.249999999999996,0.00025,0.00035,True,1.9146236839214679,2.219767934413277,2.8452341607183547,0.9145484409188503,0.0,0.0,0.0,2.845234738661244,5.599999999999994
11.259999999999996,0.00025,0.00035,True,3.175906144917934,3.3112357747451364,1.859155699114295,0.39314799026176517,0.0,0.0,0.0,3.3953571871651738,6.69999999999999
11.269999999999996,0.00025,0.00035,True,0.8381399874727556,0.5157458044709311,2.7661635790177317,0.8020318826704999,0.0,0.0,0.0,2.872342293147241,7.999999999999986
11.279999999999996,0.00025,0.00035,True,0.8855139379706273,0.9574330652576736,1.5669823445076383,0.5372511242248863,0.0,0.0,0.0,1.5684805561613926,5.649999999999994
11.289999999999996,0.00025,0.00035,True,2.4356103333631163,2.4843828415082028,1.237522949051494,0.23730856160398534,0.0,0.0,0.0,2.6363691041458144,6.999999999999989
11.299999999999995,0.00025,0.00035,True,0.806969335249097,0.5498581249406886,2.1866593726886046,0.6577052720423119,0.0,0.0,0.0,2.3517151443902353,7.999999999999986
11.309999999999995,0.00025,0.00035,True,1.3367370500289795,1.5685488347757113,1.9620326113535633,0.6217974315330128,0.0,0.0,0.0,1.962041025930958,5.649999999999994
11.319999999999995,0.00025,0.00035,True,1.7299197314238697,1.7257224397477602,0.6496135182087213,0.2275351422000489,0.0,0.0,0.0,2.0616513429520626,7.349999999999988
11.329999999999995,0.00025,0.00035,True,0.23466766936951783,0.185175543897636,1.2229679665475612,0.25340664999558826,0.0,0.0,0.0,1.2230061729695867,7.999999999999986
11.339999999999995,0.00025,0.00035,True,1.6025781055927255,1.6642243420623744,1.1065702041556158,0.22568541998967648,0.0,0.0,0.0,1.7579224292458426,4.449999999999998
11.349999999999994,0.00025,0.00035,True,0.18809212300920933,0.1320719668626472,1.11023105439473,0.23807754969473297,0.0,0.0,0.0,1.1104119723431536,7.999999999999986
11.05,0.00025,0.00035999999999999997,True,1.1803336276732481,0.7840888434998171,5.591657890944132,1.3773346206492023,0.0,0.0,0.0,5.592111014165742,7.999999999999986
11.06,0.00025,0.00035999999999999997,True,1.8170545047763031,0.5971374346675772,7.724067363781499,2.297955499925262,0.0,0.0,0.0,7.724127705317889,7.999999999999986
11.07,0.00025,0.00035999999999999997,True,3.962130759659335,3.0808050865855643,9.337883364844009,2.8286484217703527,0.0,0.0,0.0,10.294504622759442,7.999999999999986
11.08,0.00025,0.00035999999999999997,True,7.500109830909626,6.8948127943995665,9.234386188247088,2.760942451084395,0.0,0.0,0.0,13.363859527710293,7.999999999999986
11.09,0.00025,0.00035999999999999997,True,11.261268734508185,10.81675198810505,8.561281916613373,2.5213772058363135,0.1111111111111111,0.0,0.0,16.482419778866518,7.999999999999986
11.1,0.00025,0.00035999999999999997,True,14.807193461800951,14.488265178159267,7.946344012069067,2.316166769277509,0.43209876543209874,0.2222222222222222,0.0,19.468246537747365,7.999999999999986
11.11,0.00025,0.00035999999999999997,True,18.695919548268254,18.50865052487436,7.367824076465091,2.1316986651720438,1.0,0.7283950617283951,0.2962962962962963,22.804169398153576,7.999999999999986
11.12,0.00025,0.00035999999999999997,True,23.35419147852255,23.313177994082043,6.729332624880595,1.9390927541972915,1.0,1.0,1.0,26.849285338151972,7.999999999999986
11.129999999999999,0.00025,0.00035999999999999997,True,27.14462272414544,27.11297690180477,6.048750682449949,1.739267356255841,1.0,1.0,1.0,30.233193970123473,7.999999999999986
11.139999999999999,0.00025,0.00035999999999999997,True,26.233483105189087,25.48163270322492,5.8445285626368815,1.8148993911854052,1.0,1.0,1.0,30.37815196300523,7.999999999999986
11.149999999999999,0.00025,0.00035999999999999997,True,5.590230572244502,1.7568516063186033,21.364573674374213,6.483620679136348,0.13580246913580246,0.09876543209876543,0.037037037037037035,21.3651960779129,7.999999999999986
11.159999999999998,0.00025,0.00035999999999999997,True,11.10221688518495,11.045312299789941,2.0512192106805767,0.7063529602400497,0.0,0.0,0.0,12.243586159529228,7.549999999999987
11.169999999999998,0.00025,0.00035999999999999997,True,2.4847004526948915,2.8030953599474717,6.121582088223806,1.5023229845256307,0.0,0.0,0.0,6.126477330106614,7.999999999999986
11.179999999999998,0.00025,0.00035999999999999997,True,8.117107593660565,8.525109901772304,4.063277223683795,0.8913482740505734,0.0,0.0,0.0,8.613722367570363,5.599999999999994
11.189999999999998,0.00025,0.00035999999999999997,True,3.402385098259059,2.895668174642039,5.7334964365245495,1.7042221401479896,0.0,0.0,0.0,7.331792947637616,7.999999999999986
11.199999999999998,0.00025,0.00035999999999999997,True,3.2304502963184145,3.8033957603109885,4.718190968990557,1.5091905068260467,0.0,0.0,0.0,4.720108651526735,5.599999999999994
11.209999999999997,0.00025,0.00035999999999999997,True,5.868197589342669,6.056789927421686,2.319822600411139,0.4891669611678015,0.0,0.0,0.0,6.118938133843521,6.599999999999991
11.219999999999997,0.00025,0.00035999999999999997,True,1.9193563418521726,1.463407867873808,4.487542238871215,1.308182270593985,0.0,0.0,0.0,5.101883594911528,7.999999999999986
11.229999999999997,0.00025,0.00035999999999999997,True,1.9222178477256415,2.217318096472156,3.0690939253924774,1.0266380190645765,0.0,0.0,0.0,3.069333599107523,5.599999999999994
11.239999999999997,0.00025,0.00035999999999999997,True,4.341902749104028,4.606492308121213,2.4225489571616605,0.5399421512013376,0.0,0.0,0.0,4.628806009551018,6.349999999999992
11.249999999999996,0.00025,0.00035999999999999997,True,1.494289243738733,1.1651916351658407,3.4335126050316043,1.0105897540889748,0.0,0.0,0.0,3.913067695455706,7.999999999999986
11.259999999999996,0.00025,0.00035999999999999997,True,0.9316637679251906,1.0008511822753667,1.683580854614749,0.5754991044002824,0.0,0.0,0.0,1.6835993250327834,5.649999999999994
11.269999999999996,0.00025,0.00035999999999999997,True,3.324837399254615,3.435943469513228,1.6599857292910605,0.34128917623,0.0,0.0,0.0,3.522689885628758,4.499999999999998
11.279999999999996,0.00025,0.00035999999999999997,True,1.458259952069106,1.2180492964015546,2.5308398451649357,0.7815139897963708,0.0,0.0,0.0,3.1519235704791804,7.999999999999986
11.289999999999996,0.00025,0.00035999999999999997,True,1.3475562328252422,1.5692090618416015,2.124980810718007,0.7071567315374607,0.0,0.0,0.0,2.1271562897917793,5.649999999999994
11.299999999999995,0.00025,0.00035999999999999997,True,2.5961373247406874,2.676854277121041,1.384844052251782,0.27760779388971624,0.0,0.0,0.0,2.7768757159584463,6.84999999999999
11.309999999999995,0.00025,0.00035999999999999997,True,0.2900141800875695,0.07059686329911394,1.8951591543775588,0.46916398183214586,0.0,0.0,0.0,1.8953094739404266,7.999999999999986
11.319999999999995,0.00025,0.00035999999999999997,True,1.683343062112418,1.940879206307663,2.211507972902932,0.6236197429643974,0.0,0.0,0.0,2.2377286239465346,5.649999999999994
11.329999999999995,0.00025,0.00035999999999999997,True,1.2403857094245616,1.1376605280157839,1.3816115113353171,0.46784799818536554,0.0,0.0,0.0,2.064738265803399,7.7999999999999865
11.339999999999995,0.00025,0.00035999999999999997,True,1.0085760700098445,1.1659688281546647,1.564898059972531,0.5159551439898672,0.0,0.0,0.0,1.5662924273750742,5.649999999999994
11.349999999999994,0.00025,0.00035999999999999997,True,0.9880224257244279,0.9057462469954598,1.187632174864548,0.4040499927482779,0.0,0.0,0.0,1.6954706489532887,7.7999999999999865
11.05,0.00025,0.00037,True,6.128078571286029,7.352493434958452,9.062082332911539,3.03346119192768,0.0,0.0,0.0,9.06831394389229,4.6999999999999975
11.06,0.00025,0.00037,True,4.5861640915423445,5.548841153892878,7.3081265913312885,2.6557512934989242,0.0,0.0,0.0,7.309895222634932,4.649999999999998
11.07,0.00025,0.00037,True,2.963233325522066,3.388486392894089,5.184183233197227,1.943376233258493,0.0,0.0,0.0,5.184982453681112,4.599999999999998
11.08,0.00025,0.00037,True,1.5833127387728512,1.7371262610702711,3.848175876908971,1.028240575110109,0.0,0.0,0.0,3.8494755786139443,7.999999999999986
11.09,0.00025,0.00037,True,1.338446167417727,0.44819509973218047,6.589793786743897,1.7934716939219715,0.0,0.0,0.0,6.58980031658904,7.999999999999986
11.1,0.00025,0.00037,True,2.8385256921832394,1.7312709192592914,9.089623993685668,2.7620519318765995,0.0,0.0,0.0,9.31028265870245,7.999999999999986
11.11,0.00025,0.00037,True,6.130842339027,5.389806409417072,9.577599421460786,2.905601859174886,0.0,0.0,0.0,12.38904318553751,7.999999999999986
11.12,0.00025,0.00037,True,10.821192835162735,10.3006839478677,8.77463305489318,2.6108988342723554,0.08641975308641975,0.0,0.0,16.281292609501076,7.999999999999986
11.129999999999999,0.00025,0.00037,True,15.66623651160562,15.306690286004958,7.946176058703262,2.331175259636277,0.5432098765432098,0.30864197530864196,0.037037037037037035,20.38855901796896,7.999999999999986
11.139999999999999,0.00025,0.00037,True,20.00881899818467,19.789462712113625,7.325125837818799,2.132241143889121,1.0,0.9506172839506173,0.4691358024691358,24.137956444095053,7.999999999999986
11.149999999999999,0.00025,0.00037,True,24.610784211000585,24.52970390578362,6.659688791714338,1.9293234840501048,1.0,1.0,1.0,28.128252261927567,7.999999999999986
11.159999999999998,0.00025,0.00037,True,27.141239256953273,26.82634174945763,5.7613156306589985,1.6743012896309544,1.0,1.0,1.0,30.569326044244356,7.999999999999986
11.169999999999998,0.00025,0.00037,True,10.31674786344655,9.0347111115074,17.520458835902637,5.129744756567772,0.20987654320987653,0.14814814814814814,0.07407407407407407,22.182419349665963,7.999999999999986
11.179999999999998,0.00025,0.00037,True,12.48836108272592,12.623218635087575,2.773587147262937,0.5074617579789098,0.0,0.0,0.0,12.798666501796633,6.89999999999999
11.189999999999998,0.00025,0.00037,True,2.295978897775352,2.546702460268074,5.30464716626496,1.3661375244570255,0.0,0.0,0.0,5.310698448011824,7.999999999999986
11.199999999999998,0.00025,0.00037,True,8.354941123546123,8.398292737159304,1.3559323483661734,0.24650908048289447,0.0,0.0,0.0,8.572227619823902,6.999999999999989
11.209999999999997,0.00025,0.00037,True,2.3815599857746634,1.747920196704921,6.051510037988217,1.7268373814451201,0.0,0.0,0.0,6.747485874930899,7.999999999999986
11.219999999999997,0.00025,0.00037,True,5.050059122777099,5.5832586879348245,5.194452702136592,1.2924206852755027,0.0,0.0,0.0,6.085161761134286,5.599999999999994
11.229999999999997,0.00025,0.00037,True,5.0101456841597125,4.929572388672808,1.594300336524415,0.5479786586518975,0.0,0.0,0.0,5.913400849618343,7.699999999999987
11.239999999999997,0.00025,0.00037,True,0.4993515330942716,0.22899733916555584,3.3513826268077787,0.7769054386899111,0.0,0.0,0.0,3.3513928061995344,7.999999999999986
11.249999999999996,0.00025,0.00037,True,4.325693397381584,4.6562869471706705,3.2345531652367203,0.7652432994003373,0.0,0.0,0.0,4.864777850295815,5.599999999999994
11.259999999999996,0.00025,0.00037,True,3.3595060451477203,3.263337744903388,1.771987261961486,0.6003393737703632,0.0,0.0,0.0,4.391440476211525,7.7999999999999865
11.269999999999996,0.00025,0.00037,True,0.9077805959021723,0.9729558478113055,1.646150294343068,0.5636666028633371,0.0,0.0,0.0,1.646565042468926,5.649999999999994
11.279999999999996,0.00025,0.00037,True,3.3802796261788743,3.660367317261354,2.557072304838104,0.603732313011917,0.0,0.0,0.0,3.77751283225301,5.649999999999994
11.289999999999996,0.00025,0.00037,True,1.0403680521165506,0.7332886692431123,2.808080317739486,0.809849687934588,0.0,0.0,0.0,3.065512802577966,7.999999999999986
11.299999999999995,0.00025,0.00037,True,1.1207336744544363,1.28782283243275,1.8741991447597222,0.6376813505357839,0.0,0.0,0.0,1.8752918294697254,5.649999999999994
11.309999999999995,0.00025,0.00037,True,2.3535103728755917,2.3537759270260104,0.8000753683668158,0.27739648232314373,0.0,0.0,0.0,2.7651439602370784,7.449999999999988
11.319999999999995,0.00025,0.00037,True,0.25429747328561497,0.16605803359982657,1.5701566279516033,0.33364092690354613,0.0,0.0,0.0,1.5701567815097148,7.999999999999986
11.329999999999995,0.00025,0.00037,True,2.1409980135887645,2.358333035145591,1.84280662438258,0.4436635124034855,0.0,0.0,0.0,2.418628858930068,5.999999999999993
11.339999999999995,0.00025,0.00037,True,0.2624029002126432,0.03793839413861774,1.6500242732696053,0.41787177917783974,0.0,0.0,0.0,1.6500391788613151,7.999999999999986
11.349999999999994,0.00025,0.00037,True,1.7771955514121105,1.9468985042608002,1.4416646336211598,0.3366319491703939,0.0,0.0,0.0,1.9696915061961906,6.449999999999991
11.05,0.00025,0.00037999999999999997,True,13.67683962775857,15.311402359972599,12.12347203059875,3.5726457989290266,0.5308641975308642,0.0,0.0,16.892844046422248,4.799999999999997
11.06,0.00025,0.00037999999999999997,True,12.180774959245461,13.763595382841977,11.822186110556277,3.5028950743018386,0.2839506172839506,0.0,0.0,15.344759677359948,4.749999999999997
11.07,0.00025,0.00037999999999999997,True,10.40951073229639,11.92764254673821,11.41907178064011,3.4229496448403776,0.0,0.0,0.0,13.523930357316786,4.749999999999997
11.08,0.00025,0.00037999999999999997,True,8.30749917459881,9.738682129427897,10.68527596240548,3.303156572831658,0.0,0.0,0.0,11.365031041021334,4.749999999999997
11.09,0.00025,0.00037999999999999997,True,6.20362475506305,7.466936681004719,9.143615630698152,3.0606994514140857,0.0,0.0,0.0,9.146899321227735,4.6999999999999975
11.1,0.00025,0.00037999999999999997,True,4.300065229588275,5.2192706970958325,6.966566850008165,2.5693285591493207,0.0,0.0,0.0,6.966566316091533,4.649999999999998
11.11,0.00025,0.00037999999999999997,True,2.4912032637141768,2.6289826695485665,4.414992919875552,1.620620256846747,0.0,0.0,0.0,4.416662718164018,4.599999999999998
11.12,0.00025,0.00037999999999999997,True,1.3231379405757993,1.061784361973562,5.7723703516431515,1.3722411992201895,0.0,0.0,0.0,5.772886541033984,7.999999999999986
11.129999999999999,0.00025,0.00037999999999999997,True,2.851345812834666,1.6563124986065922,9.365647865466558,2.859437276235823,0.0,0.0,0.0,9.56201792819397,7.999999999999986
11.139999999999999,0.00025,0.00037999999999999997,True,6.672194890633818,5.889651766345133,9.738222757528469,2.9734145118081634,0.0,0.0,0.0,13.074707692880498,7.999999999999986
11.149999999999999,0.00025,0.00037999999999999997,True,11.570777575208584,11.000097564814874,8.795845618895159,2.6357483830931305,0.14814814814814814,0.012345679012345678,0.0,17.11988387094458,7.999999999999986
11.159999999999998,0.00025,0.00037999999999999997,True,17.690469920442656,17.31059001108686,7.807965300865424,2.3020612908004736,0.8765432098765432,0.5432098765432098,0.20987654320987653,22.361514315265076,7.999999999999986
11.169999999999998,0.00025,0.00037999999999999997,True,23.19051927829382,22.984496095751126,7.038206749259526,2.057309102965392,1.0,1.0,1.0,27.127717582210693,7.999999999999986
11.179999999999998,0.00025,0.00037999999999999997,True,26.921551026688704,26.784959800652025,6.119235530898539,1.7716685023494412,1.0,1.0,1.0,30.25240309749629,7.999999999999986
11.189999999999998,0.00025,0.00037999999999999997,True,14.709316693470976,13.674777769272254,11.289553809045252,3.215319667001555,0.3333333333333333,0.2345679012345679,0.1111111111111111,22.757867534304395,7.999999999999986
11.199999999999998,0.00025,0.00037999999999999997,True,11.984908901296471,11.931063979793123,1.1958540008891667,0.4108122893535311,0.0,0.0,0.0,12.669082747856486,7.649999999999987
11.209999999999997,0.00025,0.00037999999999999997,True,2.742517660667595,3.0849350938938844,4.4296373564594065,1.4514947940426208,0.0,0.0,0.0,4.431268429413281,5.599999999999994
11.219999999999997,0.00025,0.00037999999999999997,True,7.680929939976452,7.597482385370008,1.3309460085697706,0.4561470865663219,0.0,0.0,0.0,8.448750562259054,7.749999999999987
11.229999999999997,0.00025,0.00037999999999999997,True,1.1561458551573223,1.2417701995042465,2.391136352660624,0.7264777386310165,0.0,0.0,0.0,2.393964817414104,7.999999999999986
11.239999999999997,0.00025,0.00037999999999999997,True,6.2619122301046835,6.517171216762446,2.5285559970448386,0.5684544504586971,0.0,0.0,0.0,6.616108532656418,5.599999999999994
11.249999999999996,0.00025,0.00037999999999999997,True,1.2632336741123211,0.7989284858674759,4.338918785298429,1.1893751998408515,0.0,0.0,0.0,4.543785370899872,7.999999999999986
11.259999999999996,0.00025,0.00037999999999999997,True,2.8437854108772034,3.2485325963177534,3.9309311024291578,1.1429635198613899,0.0,0.0,0.0,3.9361894772159745,5.649999999999994
11.269999999999996,0.00025,0.00037999999999999997,True,3.734151184353653,3.6597471336814276,1.4493607392881795,0.4949539292605465,0.0,0.0,0.0,4.561773989307656,7.749999999999987
11.279999999999996,0.00025,0.00037999999999999997,True,0.35399219488915395,0.22221832632518299,2.241315595326891,0.4751216832579992,0.0,0.0,0.0,2.2413558153993702,7.999999999999986
11.289999999999996,0.00025,0.00037999999999999997,True,3.6223660045469734,3.8411901829062867,1.966255235251039,0.44365768596100286,0.0,0.0,0.0,3.86954454018825,6.249999999999992
11.299999999999995,0.00025,0.00037999999999999997,True,1.6162299152814192,1.3719680855944083,2.545275311089883,0.7646941724938389,0.0,0.0,0.0,3.340355482568223,7.999999999999986
11.309999999999995,0.00025,0.00037999999999999997,True,2.0220601006452146,2.3230110117594758,2.726041660585365,0.7765156243640989,0.0,0.0,0.0,2.7550816746210893,5.649999999999994
11.319999999999995,0.00025,0.00037999999999999997,True,2.2527545404765483,2.211347706073747,1.0678788689491903,0.3705772712382757,0.0,0.0,0.0,2.8330462555714533,7.649999999999987
11.329999999999995,0.00025,0.00037999999999999997,True,0.547615331476738,0.5788222556936906,1.0325003628915657,0.3577841780049723,0.0,0.0,0.0,1.0332647986490575,5.649999999999994
11.339999999999995,0.00025,0.00037999999999999997,True,1.945210268770279,1.9555254051638777,0.740363905358566,0.2572708803973615,0.0,0.0,0.0,2.3266998272521353,7.499999999999988
11.349999999999994,0.00025,0.00037999999999999997,True,0.6932021891656523,0.7539484550447939,1.220632720013832,0.4218236875847096,0.0,0.0,0.0,1.2213785458206545,5.649999999999994
11.05,0.00025,0.00039,True,21.02346796234961,22.897176118871418,13.133317545046316,3.8254371629538646,0.8888888888888888,0.8148148148148148,0.691358024691358,24.411449772647963,4.899999999999997
11.06,0.00025,0.00039,True,19.66466493809293,21.488759722389187,12.883367009345537,3.7566983710255815,0.8395061728395061,0.7654320987654321,0.6049382716049383,22.999447957493008,4.849999999999997
11.07,0.00025,0.00039,True,18.061091593556988,19.83003817340862,12.604145115101641,3.681915915731407,0.7777777777777778,0.691358024691358,0.48148148148148145,21.340363089293945,4.849999999999997
11.08,0.00025,0.00039,True,16.161028600028217,17.869456764028648,12.313961875946777,3.604934815832513,0.691358024691358,0.5679012345679012,0.0,19.380135276730968,4.799999999999997
11.09,0.00025,0.00039,True,14.240337549433812,15.892344842877723,12.029601276505666,3.5342400759974684,0.5802469135802469,0.30864197530864196,0.0,17.404443047091352,4.849999999999997
11.1,0.00025,0.00039,True,12.403213507326765,13.995095925338054,11.760825909226705,3.4710996235632727,0.345679012345679,0.0,0.0,15.526083146542682,4.799999999999997
11.11,0.00025,0.00039,True,10.327551609777727,11.862164200937709,11.386690227598246,3.405133940222654,0.0,0.0,0.0,13.411748799374099,4.799999999999997
11.12,0.00025,0.00039,True,7.687234979740081,9.117041710101365,10.397861969488236,3.270240075245963,0.0,0.0,0.0,10.71672455833394,4.6999999999999975
11.129999999999999,0.00025,0.00039,True,4.974847741259794,6.08580519114133,7.780066726433652,2.809981658480745,0.0,0.0,0.0,7.780691352963443,4.6999999999999975
11.139999999999999,0.00025,0.00039,True,2.814790063996416,3.1225116660614303,4.903190279133519,1.808429533342336,0.0,0.0,0.0,4.904855897043397,4.649999999999998
11.149999999999999,0.00025,0.00039,True,1.4310275571094884,1.2590274228599962,5.881799400269211,1.3661127755631504,0.0,0.0,0.0,5.88183751734375,7.999999999999986
11.159999999999998,0.00025,0.00039,True,3.748027749639985,2.5944609818713933,10.106321430353356,3.113017057437445,0.0,0.0,0.0,10.803436231632833,7.999999999999986
11.169999999999998,0.00025,0.00039,True,9.282327649413755,8.532815019790341,9.483570992972318,2.8951225352176895,0.037037037037037035,0.0,0.0,15.498171089180383,7.999999999999986
11.179999999999998,0.00025,0.00039,True,14.717686107010906,14.150934128983971,8.431682422494223,2.5292250508472307,0.4074074074074074,0.2222222222222222,0.012345679012345678,20.051257379461084,7.999999999999986
11.189999999999998,0.00025,0.00039,True,21.731495189243873,21.38027460247396,7.425660143718552,2.1953854211596644,1.0,1.0,0.7160493827160493,26.12674131311655,7.999999999999986
11.199999999999998,0.00025,0.00039,True,26.751855620847504,26.585351307463853,6.067411474219185,1.763223166854909,1.0,1.0,1.0,30.121725846323354,7.999999999999986
11.209999999999997,0.00025,0.00039,True,15.902058813137618,14.911958031793793,8.467250203415098,2.3919050548887424,0.4691358024691358,0.2839506172839506,0.09876543209876543,22.100612039610112,7.999999999999986
11.219999999999997,0.00025,0.00039,True,10.172955792562691,9.940742168078701,2.9331370399254393,0.8541170427372826,0.0,0.0,0.0,12.210179161260015,7.999999999999986
11.229999999999997,0.00025,0.00039,True,7.869179108016137,8.338247796464946,4.912427229697649,1.1568187189060153,0.0,0.0,0.0,8.781306012094962,5.599999999999994
11.239999999999997,0.00025,0.00039,True,5.422068928959526,5.1395026424230394,3.496202350181952,1.0115874947969368,0.0,0.0,0.0,7.829382871064374,7.999999999999986
11.249999999999996,0.00025,0.00039,True,5.56927650806986,5.969001863045681,4.26241945137879,1.032960153690626,0.0,0.0,0.0,6.413797808417336,5.599999999999994
11.259999999999996,0.00025,0.00039,True,5.111141479391546,5.006821001350393,1.6982660554654103,0.5508380381805348,0.0,0.0,0.0,6.156643279644475,7.949999999999986
11.269999999999996,0.00025,0.00039,True,2.3543954476340265,2.706404578574413,3.4396566710130467,1.063526342968625,0.0,0.0,0.0,3.4400975866511696,5.649999999999994
11.279999999999996,0.00025,0.00039,True,4.807267842359268,4.833007077846898,0.8678705478484945,0.16036156313019495,0.0,0.0,0.0,4.959518079066424,7.049999999999989
11.289999999999996,0.00025,0.00039,True,0.3860534684368981,0.35516721057982154,1.7251894914803074,0.3503947804110726,0.0,0.0,0.0,1.72527868176461,7.999999999999986
11.299999999999995,0.00025,0.00039,True,3.562393564827437,3.844907563429583,2.680332914734671,0.6429778972263049,0.0,0.0,0.0,4.047277417752017,5.649999999999994
11.309999999999995,0.00025,0.00039,True,0.6921611269025754,0.3669660078723063,2.744912604331327,0.7402534253664923,0.0,0.0,0.0,2.8089922858300547,7.999999999999986
11.319999999999995,0.00025,0.00039,True,2.2981146914110604,2.593229079672998,2.793916780606951,0.7516813692946089,0.0,0.0,0.0,2.9766732217092255,5.649999999999994
11.329999999999995,0.00025,0.00039,True,1.6249719426988103,1.4721999087637685,1.8703429324577663,0.5892605666985082,0.0,0.0,0.0,2.8276523116820544,7.999999999999986
11.339999999999995,0.00025,0.00039,True,1.8550404411244175,2.1012455397897605,2.3533619697554924,0.6467016667060234,0.0,0.0,0.0,2.446652647343472,5.649999999999994
11.349999999999994,0.00025,0.00039,True,0.7067317288940276,0.5029996244286488,1.976936893981021,0.5673060612485038,0.0,0.0,0.0,2.1382670505566344,7.999999999999986
11.05,0.00025,0.00039999999999999996,True,28.101038265297262,30.198065013172894,13.958836090711188,4.025859075998348,1.0,1.0,0.9382716049382716,31.61526473365235,4.949999999999997
11.06,0.00025,0.00039999999999999996,True,26.876266994608642,28.927709574326386,13.734267603918198,3.971132251249115,1.0,0.9876543209876543,0.9012345679012346,30.353252048806034,4.949999999999997
11.07,0.00025,0.00039999999999999996,True,25.42329045286414,27.430547895121293,13.502526787344438,3.9083713714594346,1.0,0.9506172839506173,0.8641975308641975,28.853641495044343,4.949999999999997
11.08,0.00025,0.00039999999999999996,True,23.69525424731834,25.636064787152613,13.229289056123115,3.838148266465368,0.9629629629629629,0.9012345679012346,0.8024691358024691,27.077913715586817,4.949999999999997
11.09,0.00025,0.00039999999999999996,True,21.951175171280063,23.833078159547526,12.950589473131448,3.764912812709562,0.9135802469135802,0.8518518518518519,0.7283950617283951,25.278877716476234,4.899999999999997
11.1,0.00025,0.00039999999999999996,True,20.29126039195309,22.119417313015735,12.687260040683231,3.6954442351600783,0.8641975308641975,0.7901234567901234,0.654320987654321,23.56075414518628,4.949999999999997
11.11,0.00025,0.00039999999999999996,True,18.42838953273473,20.19796868372016,12.418441329593682,3.6234315293334656,0.8024691358024691,0.7037037037037037,0.5185185185185185,21.64390552123836,4.899999999999997
11.12,0.00025,0.00039999999999999996,True,16.07204981491798,17.769849005095036,12.130471493526535,3.547185481608799,0.691358024691358,0.5679012345679012,0.0,19.22895749711974,4.899999999999997
11.129999999999999,0.00025,0.00039999999999999996,True,13.577610210371514,15.222846744157938,11.86580108208322,3.4835903811426054,0.5185185185185185,0.0,0.0,16.68745776965423,4.849999999999997
11.139999999999999,0.00025,0.00039999999999999996,True,11.25511476941966,12.849861306792121,11.60491503667941,3.435798308752084,0.0,0.0,0.0,14.336273208337001,4.849999999999997
11.149999999999999,0.00025,0.00039999999999999996,True,8.53400206004294,10.0560049546688,10.937920183540896,3.360237396502116,0.0,0.0,0.0,11.592314560513334,4.799999999999997
11.159999999999998,0.00025,0.00039999999999999996,True,5.040411094609901,6.209409338125096,7.873772020528025,2.853983099451684,0.0,0.0,0.0,7.874479034435798,4.749999999999997
11.169999999999998,0.00025,0.00039999999999999996,True,2.3336843486694767,2.6945636877382046,3.9710584134184,1.4274397942985058,0.0,0.0,0.0,3.971077625525805,4.649999999999998
11.179999999999998,0.00025,0.00039999999999999996,True,1.6550123642916212,0.3813938685467644,7.9745460667008405,2.2587281924033062,0.0,0.0,0.0,7.974615007904714,7.999999999999986
11.189999999999998,0.00025,0.00039999999999999996,True,6.917224824773859,5.9421114413768965,10.33080103378738,3.192032566670761,0.0,0.0,0.0,13.890049913472499,7.999999999999986
11.199999999999998,0.00025,0.00039999999999999996,True,14.294970636656481,13.601697711547253,8.725949227229027,2.652490685718378,0.35802469135802467,0.20987654320987653,0.012345679012345678,20.005003123551404,7.999999999999986
11.209999999999997,0.00025,0.00039999999999999996,True,20.57951140498641,20.080956393377566,7.778808505137434,2.3299845883006545,1.0,1.0,0.5061728395061729,25.41920454432171,7.999999999999986
11.219999999999997,0.00025,0.00039999999999999996,True,26.48867547054138,26.33111366986835,5.8510082668687495,1.704732692264405,1.0,1.0,1.0,29.741066104324577,7.999999999999986
11.229999999999997,0.00025,0.00039999999999999996,True,6.262238246021873,7.328400309314331,8.399316800995027,2.535478320710314,0.0,0.0,0.0,8.415399636723633,5.249999999999996
11.239999999999997,0.00025,0.00039999999999999996,True,5.247096916159632,4.785609806743405,5.306459275930558,1.4403564901575894,0.0,0.0,0.0,9.153702544042984,7.999999999999986
11.249999999999996,0.00025,0.00039999999999999996,True,8.685597331165798,8.671463754774782,0.40456459200567707,0.1394695366959391,0.0,0.0,0.0,8.909873706793102,7.599999999999987
11.259999999999996,0.00025,0.00039999999999999996,True,0.659716136903947,0.673859681370045,1.9591314338471781,0.462973833504235,0.0,0.0,0.0,1.9592115224972635,7.999999999999986
11.269999999999996,0.00025,0.00039999999999999996,True,6.087930628861478,6.064820489544045,0.6949524853778879,0.23985422929698194,0.0,0.0,0.0,6.472002360183573,7.649999999999987
11.279999999999996,0.00025,0.00039999999999999996,True,0.3863696134538261,0.32809815061801273,1.9915008114288897,0.3940418489560808,0.0,0.0,0.0,1.9915734316494593,7.999999999999986
11.289999999999996,0.00025,0.00039999999999999996,True,4.939071803586591,4.946977095227129,0.6311097237918473,0.12279872374889794,0.0,0.0,0.0,5.0805435779475525,7.149999999999989
11.299999999999995,0.00025,0.00039999999999999996,True,0.5012453170372388,0.14097108149022505,2.839859820872518,0.7216608652536333,0.0,0.0,0.0,2.839903529656849,7.999999999999986
11.309999999999995,0.00025,0.00039999999999999996,True,3.950280841621815,4.105567999194008,1.4654435571427817,0.32076244010560695,0.0,0.0,0.0,4.12065591108279,6.3999999999999915
11.319999999999995,0.00025,0.00039999999999999996,True,0.6080508392207638,0.2980133888560502,2.6365777474541936,0.6956398765149655,0.0,0.0,0.0,2.6767969139831105,7.999999999999986
11.329999999999995,0.00025,0.00039999999999999996,True,2.903450264568179,3.147817388118332,2.359332312245001,0.57395017834219,0.0,0.0,0.0,3.3484397814062303,5.649999999999994
11.339999999999995,0.00025,0.00039999999999999996,True,0.2805846534726539,0.033639304534041715,1.8733835947856026,0.4593002817794669,0.0,0.0,0.0,1.8734246963488843,7.999999999999986
11.349999999999994,0.00025,0.00039999999999999996,True,2.5155873406724805,2.584172266396116,1.0842336694348536,0.2188459470090509,0.0,0.0,0.0,2.648172648829547,6.79999999999999
11.05,0.00027499999999999996,0.0003,True,10.660454130967187,10.742015368355656,4.896490461732583,0.8418932739855758,0.0,0.0,0.0,11.610798810373238,7.149999999999989
11.06,0.00027499999999999996,0.0003,True,4.975534507285082,4.236640898331415,9.393951710583954,3.0233598043163465,0.0,0.0,0.0,11.051355158031203,7.999999999999986
11.07,0.00027499999999999996,0.0003,True,3.374584390241633,3.8520695534250544,6.4916624985626505,1.7277179751460303,0.0,0.0,0.0,6.493053623467192,7.999999999999986
11.08,0.00027499999999999996,0.0003,True,7.016059160108308,7.735082036835722,6.795695317311088,1.5642694902551049,0.0,0.0,0.0,7.90936504595717,5.5499999999999945
11.09,0.00027499999999999996,0.0003,True,6.33168361603577,6.310255487594389,2.02688033411461,0.6987037363230851,0.0,0.0,0.0,7.429177488714087,7.499999999999988
11.1,0.00027499999999999996,0.0003,True,2.469613136532795,1.7706165731662034,6.366384981260828,1.9528984517615828,0.0,0.0,0.0,6.896615550808216,7.999999999999986
11.11,0.00027499999999999996,0.0003,True,1.4335846410685285,1.5557132560937006,3.9946653514657164,0.9433603993519898,0.0,0.0,0.0,3.9952768189557335,7.999999999999986
11.12,0.00027499999999999996,0.0003,True,4.3256257701382435,4.982557490099365,5.445155452196217,1.4886664309796,0.0,0.0,0.0,5.469459975563749,5.5499999999999945
11.129999999999999,0.00027499999999999996,0.0003,True,5.003725348552368,5.051837369030877,1.8988120573545846,0.3561288682338496,0.0,0.0,0.0,5.369967222624178,7.049999999999989
11.139999999999999,0.00027499999999999996,0.0003,True,3.1114032286754543,2.881880224364095,3.1784691965376695,1.0666239059728209,0.0,0.0,0.0,5.0493348547493895,7.849999999999986
11.149999999999999,0.00027499999999999996,0.0003,True,0.6680495498906021,0.16679150431661827,4.0155439410066,1.056865528105523,0.0,0.0,0.0,4.015544106135733,7.999999999999986
11.159999999999998,0.00027499999999999996,0.0003,True,2.1382650871327797,2.4902958415150613,3.2776804361787346,1.0860767181041238,0.0,0.0,0.0,3.2781659759778945,5.599999999999994
11.169999999999998,0.00027499999999999996,0.0003,True,3.6839769801418307,4.062547945389182,3.261702188622488,0.7785017861248206,0.0,0.0,0.0,4.1311921734270705,6.049999999999993
11.179999999999998,0.00027499999999999996,0.0003,True,3.280380506536159,3.2674175343225373,1.1167774836762572,0.3841697139962033,0.0,0.0,0.0,3.8665589755236973,7.399999999999988
11.189999999999998,0.00027499999999999996,0.0003,True,0.9152611759604378,0.4754107036414513,3.3920004230853538,0.9938454015823651,0.0,0.0,0.0,3.447987121954261,7.999999999999986
11.199999999999998,0.00027499999999999996,0.0003,True,0.9125291361285409,0.9869160482326677,1.6281745157832983,0.5553223971000024,0.0,0.0,0.0,1.6293530942167065,5.599999999999994
11.209999999999997,0.00027499999999999996,0.0003,True,2.3648463633235606,2.749579935698815,3.090748765248967,0.8793262915565361,0.0,0.0,0.0,3.0997250678527815,5.599999999999994
11.219999999999997,0.00027499999999999996,0.0003,True,2.6025637181102117,2.602198602739476,0.9834394497768191,0.26299614489612116,0.0,0.0,0.0,2.979673341241704,7.2499999999999885
11.229999999999997,0.00027499999999999996,0.0003,True,0.8953993975029498,0.5935801466188086,2.5820021369069166,0.7861648583582427,0.0,0.0,0.0,2.728561362223361,7.999999999999986
11.239999999999997,0.00027499999999999996,0.0003,True,0.5047691582573346,0.5335336368882939,1.4026105742618422,0.3525162014982568,0.0,0.0,0.0,1.4026703602022115,7.999999999999986
11.249999999999996,0.00027499999999999996,0.0003,True,2.0529161349387817,2.34143047349698,2.3805225738468616,0.627556570707827,0.0,0.0,0.0,2.507102633791882,5.649999999999994
11.259999999999996,0.00027499999999999996,0.0003,True,1.9455276970692432,1.937749285843592,0.7471150039345289,0.2559923429210048,0.0,0.0,0.0,2.32300629387314,7.349999999999988
11.269999999999996,0.00027499999999999996,0.0003,True,0.30151065321521736,0.0637761597523282,1.8509900305219094,0.4791747451889577,0.0,0.0,0.0,1.8510006171359492,7.999999999999986
11.279999999999996,0.00027499999999999996,0.0003,True,0.9189115136953471,1.0543225623403119,1.5178514793184568,0.5163561398743238,0.0,0.0,0.0,1.5181756386504852,5.649999999999994
11.289999999999996,0.00027499999999999996,0.0003,True,1.6782019738268656,1.7018592365941143,0.9703242855343146,0.1947002318892253,0.0,0.0,0.0,1.8980247386852862,7.099999999999989
11.299999999999995,0.00027499999999999996,0.0003,True,0.5473124330555447,0.3328831970962085,1.6584250559755576,0.5114759373574072,0.0,0.0,0.0,1.7238236974104824,7.999999999999986
11.309999999999995,0.00027499999999999996,0.0003,True,0.8826383211351784,1.035539116052195,1.390135978436242,0.46560184055511755,0.0,0.0,0.0,1.3903186897874558,5.649999999999994
11.319999999999995,0.00027499999999999996,0.0003,True,1.3432269057550215,1.3552607025167682,0.8000411273876078,0.16835509703437546,0.0,0.0,0.0,1.547554300107753,7.149999999999989
11.329999999999995,0.00027499999999999996,0.0003,True,0.19653317022107952,0.06092757481139914,1.224514900796631,0.3074341017130906,0.0,0.0,0.0,1.2245391653111881,7.999999999999986
11.339999999999995,0.00027499999999999996,0.0003,True,1.147166609604407,1.3178731112249353,1.2622275649749806,0.32636086545933335,0.0,0.0,0.0,1.354517120302297,5.099999999999996
11.349999999999994,0.00027499999999999996,0.0003,True,0.24709778993803963,0.08415866643273562,1.1378407029092628,0.32832016381417783,0.0,0.0,0.0,1.1378543102080823,7.999999999999986
11.05,0.00027499999999999996,0.00031,True,26.59353803599573,25.876973107442268,5.984657949641765,1.8681663729903952,1.0,1.0,1.0,30.681194363420868,7.999999999999986
11.06,0.00027499999999999996,0.00031,True,19.564019562281516,18.4222817234765,11.83447158892741,3.4920122489481074,1.0,0.691358024691358,0.3333333333333333,27.806562148542287,7.999999999999986
11.07,0.00027499999999999996,0.00031,True,8.08382771672495,8.889944696848502,17.440664836727073,3.565489808924393,0.037037037037037035,0.012345679012345678,0.0,17.440771300505755,7.999999999999986
11.08,0.00027499999999999996,0.00031,True,10.956755270874526,10.953129308322552,2.9081207648941394,0.6129357933663643,0.0,0.0,0.0,11.849508600434955,7.2499999999999885
11.09,0.00027499999999999996,0.00031,True,2.6375526895707733,1.2072524335655124,10.365839552657487,3.1486493038070287,0.0,0.0,0.0,10.366512331240816,7.999999999999986
11.1,0.00027499999999999996,0.00031,True,4.805541748732994,5.672129017698644,6.830904772711838,2.1489123294305643,0.0,0.0,0.0,6.834467392993179,5.5499999999999945
11.11,0.00027499999999999996,0.00031,True,7.620625814889637,7.944516771641386,3.9670915039054817,0.8338164700359517,0.0,0.0,0.0,8.0345524962198,6.549999999999991
11.12,0.00027499999999999996,0.00031,True,4.727747318702372,4.392059018563221,4.315431318062024,1.412932350171571,0.0,0.0,0.0,7.421413245384763,7.949999999999986
11.129999999999999,0.00027499999999999996,0.00031,True,1.03269486749332,0.9014111397191903,4.604370042910491,1.003166882949036,0.0,0.0,0.0,4.604657222542646,7.999999999999986
11.139999999999999,0.00027499999999999996,0.00031,True,3.8478775545077673,4.487030475406375,5.22133015741093,1.5795811214522264,0.0,0.0,0.0,5.226148605047812,5.5499999999999945
11.149999999999999,0.00027499999999999996,0.00031,True,5.395026913081797,5.580107420997349,2.636677590947389,0.5468380203829298,0.0,0.0,0.0,5.690306836348612,6.69999999999999
11.159999999999998,0.00027499999999999996,0.00031,True,3.0385507144020214,2.7796078799666835,3.432550889456575,1.1163966732799606,0.0,0.0,0.0,5.2073594907485035,7.949999999999986
11.169999999999998,0.00027499999999999996,0.00031,True,0.5931795634864802,0.3647510128571312,3.4165576799822985,0.7693993953947048,0.0,0.0,0.0,3.416601913263099,7.999999999999986
11.179999999999998,0.00027499999999999996,0.00031,True,2.3675595157351257,2.781017865704323,3.5134775302377506,1.1412817732409473,0.0,0.0,0.0,3.513498197163049,5.599999999999994
11.189999999999998,0.00027499999999999996,0.00031,True,3.9708329649152403,4.143135387921925,2.2805221914228153,0.4841735065434773,0.0,0.0,0.0,4.233281532421336,6.649999999999991
11.199999999999998,0.00027499999999999996,0.00031,True,2.354697949657929,2.1438990151351796,2.4786438030550055,0.8269903189181533,0.0,0.0,0.0,3.8723605317346337,7.849999999999986
11.209999999999997,0.00027499999999999996,0.00031,True,0.4567931203151828,0.13073715041507972,2.9173203352714876,0.7354597144480846,0.0,0.0,0.0,2.9175257350245714,7.999999999999986
11.219999999999997,0.00027499999999999996,0.00031,True,1.9846245342992712,2.3284568519928865,2.876884215174564,0.9142151437468108,0.0,0.0,0.0,2.880146454541779,5.599999999999994
11.229999999999997,0.00027499999999999996,0.00031,True,3.0050964198231895,3.115071854354052,1.7595773534052854,0.3600510417636109,0.0,0.0,0.0,3.2278393352291217,6.79999999999999
11.239999999999997,0.00027499999999999996,0.00031,True,1.6884579013421093,1.5270885383507216,2.0647364664872607,0.6894866733158571,0.0,0.0,0.0,2.9582302871665256,7.849999999999986
11.249999999999996,0.00027499999999999996,0.00031,True,0.4882902573594348,0.5127829872546418,1.4070737419163217,0.3464472348054586,0.0,0.0,0.0,1.407073868311505,7.999999999999986
11.259999999999996,0.00027499999999999996,0.00031,True,1.8666787313023467,2.1615498396868773,2.5155295270060134,0.7329321815388447,0.0,0.0,0.0,2.517178544886716,5.649999999999994
11.269999999999996,0.00027499999999999996,0.00031,True,1.8849530890919,1.8818217173504754,0.9926146333920987,0.3433374601301681,0.0,0.0,0.0,2.409655341056138,7.499999999999988
11.279999999999996,0.00027499999999999996,0.00031,True,0.3807341702001021,0.08690518341056178,2.027063877630944,0.5544830346435646,0.0,0.0,0.0,2.0270735887840674,7.999999999999986
11.289999999999996,0.00027499999999999996,0.00031,True,1.3767495013532183,1.6176460244420583,1.9597647412365642,0.6087978296450678,0.0,0.0,0.0,1.9610103515952275,5.649999999999994
11.299999999999995,0.00027499999999999996,0.00031,True,1.7735934858345286,1.7848183265885977,0.9056349309876315,0.18715123320439872,0.0,0.0,0.0,1.9983464537431956,7.149999999999989
11.309999999999995,0.00027499999999999996,0.00031,True,0.22000766855230564,0.10687964172483216,1.4130689681262525,0.3287769679622072,0.0,0.0,0.0,1.41326520217347,7.999999999999986
11.319999999999995,0.00027499999999999996,0.00031,True,1.2250710655779276,1.4341249508901242,1.6819241438838541,0.5028633902953058,0.0,0.0,0.0,1.6821631474407528,5.649999999999994
11.329999999999995,0.00027499999999999996,0.00031,True,1.0020069084463379,0.94845732981669,0.9886076740243328,0.3427136280048987,0.0,0.0,0.0,1.5591654956516123,7.649999999999987
11.339999999999995,0.00027499999999999996,0.00031,True,0.5728127067662789,0.629523100998179,1.0011380738399467,0.3457078009131932,0.0,0.0,0.0,1.0011461393137557,5.649999999999994
11.349999999999994,0.00027499999999999996,0.00031,True,0.9770771823364385,0.971256973695213,0.6541462089938348,0.22768356854431243,0.0,0.0,0.0,1.3201400061641118,7.499999999999988
11.05,0.00027499999999999996,0.00031999999999999997,True,20.237888042088994,20.10628373120559,7.258831574258597,2.0847858781893325,1.0,0.9876543209876543,0.5185185185185185,24.199329728878432,7.999999999999986
11.06,0.00027499999999999996,0.00031999999999999997,True,23.281079333043966,23.247974784104887,6.7908611960465635,1.9461252768178945,1.0,1.0,1.0,26.808451658582,7.999999999999986
11.07,0.00027499999999999996,0.00031999999999999997,True,26.203967408193016,26.19359859984401,6.25931486865581,1.7939573737841117,1.0,1.0,1.0,29.381669882079386,7.999999999999986
11.08,0.00027499999999999996,0.00031999999999999997,True,26.68666634672455,26.191379643785105,5.9188110309005175,1.769779749036122,1.0,1.0,1.0,30.434500933083743,7.999999999999986
11.09,0.00027499999999999996,0.00031999999999999997,True,17.467189681796608,16.36627236173579,12.563980007669164,3.678814243818692,0.654320987654321,0.43209876543209874,0.24691358024691357,26.214228420385925,7.999999999999986
11.1,0.00027499999999999996,0.00031999999999999997,True,9.181142938861544,10.512772369828095,11.699164911648813,3.120827011856591,0.0,0.0,0.0,11.724095967876824,7.999999999999986
11.11,0.00027499999999999996,0.00031999999999999997,True,10.693345300905117,10.645220542747257,2.3156767606630613,0.7978948902940186,0.0,0.0,0.0,11.986800977398959,7.549999999999987
11.12,0.00027499999999999996,0.00031999999999999997,True,1.9350618690941126,1.7694693036338394,7.63531527555641,1.716266767065734,0.0,0.0,0.0,7.635317286624473,7.999999999999986
11.129999999999999,0.00027499999999999996,0.00031999999999999997,True,7.578270867113046,8.171739638325583,5.8971249670460395,1.3407229605598743,0.0,0.0,0.0,8.428938217402198,5.5499999999999945
11.139999999999999,0.00027499999999999996,0.00031999999999999997,True,6.73120905215468,6.65053186451834,1.9991911749456168,0.6930544959497897,0.0,0.0,0.0,7.852737081640089,7.649999999999987
11.149999999999999,0.00027499999999999996,0.00031999999999999997,True,1.229992977031794,0.3754826880552298,6.067917261590913,1.70202504027965,0.0,0.0,0.0,6.067923331429536,7.999999999999986
11.159999999999998,0.00027499999999999996,0.00031999999999999997,True,3.9568527230545536,4.568213382347027,5.311145923450256,1.5590044840657165,0.0,0.0,0.0,5.31658848567563,5.599999999999994
11.169999999999998,0.00027499999999999996,0.00031999999999999997,True,5.605196378112397,5.702431516764057,1.871878006549649,0.3596255766321519,0.0,0.0,0.0,5.851604806667746,6.89999999999999
11.179999999999998,0.00027499999999999996,0.00031999999999999997,True,3.3207636639187967,3.063647619527041,3.2725053853646635,1.051698785720455,0.0,0.0,0.0,5.398160807731719,7.999999999999986
11.189999999999998,0.00027499999999999996,0.00031999999999999997,True,0.750425042524159,0.7582650585575887,2.5501864149166247,0.5651951211094808,0.0,0.0,0.0,2.550328397357303,7.999999999999986
11.199999999999998,0.00027499999999999996,0.00031999999999999997,True,3.5621097587268293,4.024663918808648,4.097231534603263,1.0645341975943863,0.0,0.0,0.0,4.407041651949121,5.599999999999994
11.209999999999997,0.00027499999999999996,0.00031999999999999997,True,4.009187145185732,4.018574753913148,1.1666254474119562,0.23590656332322685,0.0,0.0,0.0,4.298462088749377,7.149999999999989
11.219999999999997,0.00027499999999999996,0.00031999999999999997,True,1.0588840096418484,0.6487244754000826,3.4940605751232705,1.0052208121510964,0.0,0.0,0.0,3.6412301531050484,7.999999999999986
11.229999999999997,0.00027499999999999996,0.00031999999999999997,True,1.1432557090908886,1.2500482966248923,1.9776548191352759,0.6728127013602881,0.0,0.0,0.0,1.9781835025508605,5.599999999999994
11.239999999999997,0.00027499999999999996,0.00031999999999999997,True,3.0204433256148517,3.3411739857613707,2.864779743620546,0.7034584798994173,0.0,0.0,0.0,3.503283028091557,5.599999999999994
11.249999999999996,0.00027499999999999996,0.00031999999999999997,True,1.9651312503639677,1.8383078025416766,1.9049253615302242,0.6412081118353151,0.0,0.0,0.0,3.1101063484286575,7.7999999999999865
11.259999999999996,0.00027499999999999996,0.00031999999999999997,True,0.32297338633045813,0.1525830484964882,2.1291644456148977,0.4957717493635412,0.0,0.0,0.0,2.1291644309760356,7.999999999999986
11.269999999999996,0.00027499999999999996,0.00031999999999999997,True,2.1139425050401446,2.4161349056956043,2.622955069449393,0.7132949497201172,0.0,0.0,0.0,2.707186660352727,5.649999999999994
11.279999999999996,0.00027499999999999996,0.00031999999999999997,True,2.2134198241751375,2.20592303689758,0.6898397480775793,0.24168968099541044,0.0,0.0,0.0,2.568018019629448,7.349999999999988
11.289999999999996,0.00027499999999999996,0.00031999999999999997,True,0.26024596666565397,0.151024318339265,1.6607658443592501,0.37157234455872873,0.0,0.0,0.0,1.6607733199678818,7.999999999999986
11.299999999999995,0.00027499999999999996,0.00031999999999999997,True,1.4296081988055367,1.677610253676052,2.033934754205083,0.6254674296304635,0.0,0.0,0.0,2.0339403193339183,5.649999999999994
11.309999999999995,0.00027499999999999996,0.00031999999999999997,True,1.347036863233378,1.2758161476031313,1.1596007394889796,0.4011128408831649,0.0,0.0,0.0,2.001443893531868,7.649999999999987
11.319999999999995,0.00027499999999999996,0.00031999999999999997,True,0.2741071404296479,0.2551594800642681,1.0617750374401778,0.22823872603740436,0.0,0.0,0.0,1.0618323503577212,7.999999999999986
11.329999999999995,0.00027499999999999996,0.00031999999999999997,True,1.5987103070233661,1.786528701251753,1.4710662881300633,0.35417390074841665,0.0,0.0,0.0,1.8057107433636779,4.949999999999997
11.339999999999995,0.00027499999999999996,0.00031999999999999997,True,0.23737790022356833,0.03381959771977286,1.380419477757886,0.36447739504968585,0.0,0.0,0.0,1.3804217911563923,7.999999999999986
11.349999999999994,0.00027499999999999996,0.00031999999999999997,True,1.2863416292237628,1.4621571410398448,1.3824996315139437,0.3549493646673005,0.0,0.0,0.0,1.5217960563022668,5.999999999999993
11.05,0.00027499999999999996,0.00033,True,7.920071492306525,7.270276650818213,9.521356937686997,2.8539878698380985,0.0,0.0,0.0,14.017035986203854,7.999999999999986
11.06,0.00027499999999999996,0.00033,True,11.047531553255228,10.532990609585784,8.907370616050205,2.6361847453673635,0.1111111111111111,0.0,0.0,16.581049536938842,7.999999999999986
11.07,0.00027499999999999996,0.00033,True,14.652109279192024,14.264176073137694,8.24648942136302,2.413589551327907,0.4074074074074074,0.20987654320987653,0.0,19.600126044388016,7.999999999999986
11.08,0.00027499999999999996,0.00033,True,18.784694470902725,18.5352262530841,7.602284694240694,2.2061619448214205,1.0,0.7283950617283951,0.30864197530864196,23.13438754241236,7.999999999999986
11.09,0.00027499999999999996,0.00033,True,22.7402956004166,22.61913634042206,7.01212240555941,2.0251949458712186,1.0,1.0,0.9135802469135802,26.536428846863952,7.999999999999986
11.1,0.00027499999999999996,0.00033,True,25.83815944072108,25.77241561313276,6.423997414861553,1.8510046315564082,1.0,1.0,1.0,29.206571691971366,7.999999999999986
11.11,0.00027499999999999996,0.00033,True,26.423363030070124,26.01108121732804,5.908797915265001,1.7392998849383645,1.0,1.0,1.0,30.075464818308344,7.999999999999986
11.12,0.00027499999999999996,0.00033,True,11.68918221196917,10.474279709493779,16.56863942937184,4.868394838017673,0.24691358024691357,0.18518518518518517,0.09876543209876543,22.930094805047354,7.999999999999986
11.129999999999999,0.00027499999999999996,0.00033,True,12.24177387651059,12.605631301916038,4.815973303655987,0.9596172040996516,0.0,0.0,0.0,12.68770167428517,6.499999999999991
11.139999999999999,0.00027499999999999996,0.00033,True,5.129345258149832,4.388129739554012,8.466748144941311,2.5247850711797906,0.0,0.0,0.0,10.921301892441988,7.999999999999986
11.149999999999999,0.00027499999999999996,0.00033,True,5.677204887368966,6.5612238633163775,7.463436341100521,2.160196030063029,0.0,0.0,0.0,7.466629333149973,5.5499999999999945
11.159999999999998,0.00027499999999999996,0.00033,True,7.457075906682811,7.443616473422797,1.2655864051388264,0.4385815058825579,0.0,0.0,0.0,8.1467842384,7.549999999999987
11.169999999999998,0.00027499999999999996,0.00033,True,1.1298998667404985,0.3359946066286243,5.7804394525586495,1.586954396352447,0.0,0.0,0.0,5.780452810371553,7.999999999999986
11.179999999999998,0.00027499999999999996,0.00033,True,3.6298895617609874,4.215984275580146,5.033722720513336,1.5270919685723865,0.0,0.0,0.0,5.037917494894715,5.599999999999994
11.189999999999998,0.00027499999999999996,0.00033,True,5.745249089672436,5.77128945077108,1.188676729988778,0.2248157342536144,0.0,0.0,0.0,5.991884144540881,7.099999999999989
11.199999999999998,0.00027499999999999996,0.00033,True,1.768089423336265,1.291678516721435,4.455820688460143,1.2852945534502038,0.0,0.0,0.0,4.974570020083574,7.999999999999986
11.209999999999997,0.00027499999999999996,0.00033,True,1.306261666553769,1.413337865915574,2.2751623925875557,0.7704762871522033,0.0,0.0,0.0,2.27585588733185,5.599999999999994
11.219999999999997,0.00027499999999999996,0.00033,True,4.344337956972226,4.6266367983712,2.5759142361459535,0.587286698943926,0.0,0.0,0.0,4.674878675947682,6.0999999999999925
11.229999999999997,0.00027499999999999996,0.00033,True,2.734855631435416,2.558725229795127,2.3486059464271154,0.7685469656040028,0.0,0.0,0.0,4.189490455274719,7.899999999999986
11.239999999999997,0.00027499999999999996,0.00033,True,0.3976907065453485,0.2813745873482399,2.3200861411414158,0.4927155568437842,0.0,0.0,0.0,2.3201321047854155,7.999999999999986
11.249999999999996,0.00027499999999999996,0.00033,True,3.0151481587392577,3.347599452098839,3.1164645021181103,0.7867884302985199,0.0,0.0,0.0,3.6211382258787896,5.599999999999994
11.259999999999996,0.00027499999999999996,0.00033,True,2.9177804327166346,2.9061967615891855,0.8827526096088332,0.3049623092067787,0.0,0.0,0.0,3.375716152865068,7.449999999999988
11.269999999999996,0.00027499999999999996,0.00033,True,0.30874554823155603,0.18030652949972292,1.9726298347541145,0.433157407365685,0.0,0.0,0.0,1.9726777992149938,7.999999999999986
11.279999999999996,0.00027499999999999996,0.00033,True,1.890301331902006,2.1866978748791115,2.609453769180202,0.7670393816167862,0.0,0.0,0.0,2.611086271406352,5.649999999999994
11.289999999999996,0.00027499999999999996,0.00033,True,1.987603990125999,1.935642897935816,1.158525294625864,0.4017613416587176,0.0,0.0,0.0,2.6223368470957356,7.649999999999987
11.299999999999995,0.00027499999999999996,0.00033,True,0.2631334088394272,0.11008174234623855,1.7727774768752844,0.4164149846816535,0.0,0.0,0.0,1.7729612044441683,7.999999999999986
11.309999999999995,0.00027499999999999996,0.00033,True,2.007387153233014,2.244414033606807,1.9773575816668878,0.492565488630531,0.0,0.0,0.0,2.345070565272423,5.649999999999994
11.319999999999995,0.00027499999999999996,0.00033,True,1.0808700851595774,0.9404240302712669,1.5464201783104297,0.5087578366362854,0.0,0.0,0.0,2.052589373365064,7.899999999999986
11.329999999999995,0.00027499999999999996,0.00033,True,0.696108133323971,0.7697434935588146,1.21595790404541,0.4190948529757735,0.0,0.0,0.0,1.2162003567767923,5.649999999999994
11.339999999999995,0.00027499999999999996,0.00033,True,1.3286345071886174,1.319745749978586,0.8017553045790299,0.2790186425921022,0.0,0.0,0.0,1.7536486417724113,7.549999999999987
11.349999999999994,0.00027499999999999996,0.00033,True,0.5281879546207597,0.5574701019477223,0.9553648640997596,0.3311775864408962,0.0,0.0,0.0,0.9553657278174603,5.649999999999994
11.05,0.00027499999999999996,0.00033999999999999997,True,1.7783579315377296,2.0245693662781155,4.060916103675292,1.1310035412913415,0.0,0.0,0.0,4.061318819013167,7.999999999999986
11.06,0.00027499999999999996,0.00033999999999999997,True,1.3542200405625469,0.8699566195006381,6.3278895025249575,1.5817969284913052,0.0,0.0,0.0,6.3283414933547,7.999999999999986
11.07,0.00027499999999999996,0.00033999999999999997,True,2.3933769063113233,1.0896021687125503,9.072261694701433,2.74831104162985,0.0,0.0,0.0,9.096848521231939,7.999999999999986
11.08,0.00027499999999999996,0.00033999999999999997,True,5.7021250725430725,4.845631152496509,10.05557677426801,3.0691298869812313,0.0,0.0,0.0,12.397340636824142,7.999999999999986
11.09,0.00027499999999999996,0.00033999999999999997,True,9.754009306931266,9.115498058787455,9.345145887519902,2.808467225812196,0.04938271604938271,0.0,0.0,15.73191319160177,7.999999999999986
11.1,0.00027499999999999996,0.00033999999999999997,True,13.58144248433325,13.079362162967868,8.59152937549785,2.54762050234579,0.2962962962962963,0.13580246913580246,0.0,18.910191564544917,7.999999999999986
11.11,0.00027499999999999996,0.00033999999999999997,True,17.72575969042013,17.358937336454712,7.912364352237331,2.3224041772028485,0.8765432098765432,0.5432098765432098,0.20987654320987653,22.441731277631867,7.999999999999986
11.12,0.00027499999999999996,0.00033999999999999997,True,22.61324769282107,22.405002734053213,7.182191930042453,2.0923705137797097,1.0,1.0,0.8888888888888888,26.646465194748874,7.999999999999986
11.129999999999999,0.00027499999999999996,0.00033999999999999997,True,26.28936020258569,26.14600862255525,6.300462580211661,1.82369464990626,1.0,1.0,1.0,29.730667199073395,7.999999999999986
11.139999999999999,0.00027499999999999996,0.00033999999999999997,True,23.67334386622212,22.879491078663673,6.080364857052704,1.8447023983491155,1.0,1.0,1.0,28.03936452636815,7.999999999999986
11.149999999999999,0.00027499999999999996,0.00033999999999999997,True,7.266865419319621,8.314875080828527,10.84420877921709,2.8200849454851884,0.0,0.0,0.0,10.85614771383594,7.999999999999986
11.159999999999998,0.00027499999999999996,0.00033999999999999997,True,8.666609623503447,8.276242789965218,4.7006726088413595,1.4153514981654451,0.0,0.0,0.0,11.839503496488648,7.999999999999986
11.169999999999998,0.00027499999999999996,0.00033999999999999997,True,5.272468212163773,6.068947355129203,7.039340464932525,2.0536524495370094,0.0,0.0,0.0,7.039951841721233,5.5499999999999945
11.179999999999998,0.00027499999999999996,0.00033999999999999997,True,8.337527462548922,8.355137928614836,0.9487046313663452,0.18148141267903514,0.0,0.0,0.0,8.551463023295367,7.149999999999989
11.189999999999998,0.00027499999999999996,0.00033999999999999997,True,0.9857161039809096,0.25530029282329825,5.347412277732616,1.4306436276615664,0.0,0.0,0.0,5.347421434651349,7.999999999999986
11.199999999999998,0.00027499999999999996,0.00033999999999999997,True,5.1294151654479085,5.635928913405991,4.944622809327563,1.2241663954801654,0.0,0.0,0.0,6.109429761347779,5.599999999999994
11.209999999999997,0.00027499999999999996,0.00033999999999999997,True,5.6954563284115425,5.676992154608199,0.7313946403409597,0.2530929703110123,0.0,0.0,0.0,6.078129654072448,7.449999999999988
11.219999999999997,0.00027499999999999996,0.00033999999999999997,True,0.5430924566415779,0.09119249677717678,3.581126605969699,0.8974734853977194,0.0,0.0,0.0,3.581146685112885,7.999999999999986
11.229999999999997,0.00027499999999999996,0.00033999999999999997,True,3.4696552562307086,3.903578024865028,4.146393022309162,1.1002450260841614,0.0,0.0,0.0,4.422147006847617,5.599999999999994
11.239999999999997,0.00027499999999999996,0.00033999999999999997,True,4.335474667322066,4.3316204172790576,0.7315117115803766,0.1948769907297998,0.0,0.0,0.0,4.611388692463313,7.299999999999988
11.249999999999996,0.00027499999999999996,0.00033999999999999997,True,0.4421402863700072,0.05562010598322878,2.8691625835651697,0.722957663927248,0.0,0.0,0.0,2.8692867514488016,7.999999999999986
11.259999999999996,0.00027499999999999996,0.00033999999999999997,True,2.1462262641607297,2.4683462036583834,3.055977001870191,0.9279542169491869,0.0,0.0,0.0,3.05883869318125,5.649999999999994
11.269999999999996,0.00027499999999999996,0.00033999999999999997,True,3.062512297040875,3.0687521323238114,0.8615868321114104,0.29807752695446266,0.0,0.0,0.0,3.5113493160106017,7.499999999999988
11.279999999999996,0.00027499999999999996,0.00033999999999999997,True,0.4829812537044766,0.1410698154196206,2.5766199981480815,0.6830914090756086,0.0,0.0,0.0,2.5766214141767985,7.999999999999986
11.289999999999996,0.00027499999999999996,0.00033999999999999997,True,2.3295458255524473,2.6314776868233003,2.712379663971852,0.715882597004854,0.0,0.0,0.0,2.9329929937125794,5.649999999999994
11.299999999999995,0.00027499999999999996,0.00033999999999999997,True,2.290611636517918,2.270227424014419,0.9119845253231698,0.31642074003767917,0.0,0.0,0.0,2.7710268018065136,7.549999999999987
11.309999999999995,0.00027499999999999996,0.00033999999999999997,True,0.48201204576750745,0.4956704110455983,0.9140351445095133,0.31954142047589296,0.0,0.0,0.0,0.9141318129668679,5.649999999999994
11.319999999999995,0.00027499999999999996,0.00033999999999999997,True,2.2079949238374823,2.3968588119133076,1.6155032188084084,0.37249892919764016,0.0,0.0,0.0,2.416939016264619,6.3999999999999915
11.329999999999995,0.00027499999999999996,0.00033999999999999997,True,0.49966100614894576,0.2677906562859808,1.9120853600017185,0.537495254114501,0.0,0.0,0.0,1.9475878132605209,7.999999999999986
11.339999999999995,0.00027499999999999996,0.00033999999999999997,True,1.65981701493213,1.8710259872313357,1.8309416556466473,0.47420368277868374,0.0,0.0,0.0,2.025840639385161,5.649999999999994
11.349999999999994,0.00027499999999999996,0.00033999999999999997,True,0.37690881305562346,0.17897298561961666,1.5946863860141223,0.4454709051972762,0.0,0.0,0.0,1.6050551029234572,7.999999999999986
11.05,0.00027499999999999996,0.00035,True,8.957743493126811,10.482065201169132,11.299141784571978,3.4595572254352147,0.0,0.0,0.0,12.134437488903407,4.749999999999997
11.06,0.00027499999999999996,0.00035,True,7.221445234905242,8.638392595670055,10.235415890317038,3.304108113016134,0.0,0.0,0.0,10.32391185577874,4.749999999999997
11.07,0.00027499999999999996,0.00035,True,5.239103624975331,6.395696887263455,8.150974564788108,2.9239330504855827,0.0,0.0,0.0,8.151667167895727,4.6999999999999975
11.08,0.00027499999999999996,0.00035,True,3.1628335638975185,3.6235282628081174,5.464807297799949,2.0292511839728347,0.0,0.0,0.0,5.465431493303172,4.649999999999998
11.09,0.00027499999999999996,0.00035,True,1.7182880204513769,1.9301808571144974,4.858354545132429,1.1482348409334897,0.0,0.0,0.0,4.8589224152982275,7.999999999999986
11.1,0.00027499999999999996,0.00035,True,1.618256457896437,0.34654656589446337,7.780978122683496,2.2054574656262944,0.0,0.0,0.0,7.781115780900535,7.999999999999986
11.11,0.00027499999999999996,0.00035,True,3.928710576787114,2.789725929103794,10.3127899877806,3.1724249103742155,0.0,0.0,0.0,11.100086877940518,7.999999999999986
11.12,0.00027499999999999996,0.00035,True,8.856783091482106,8.090324880809108,9.764866283354024,2.976247608308153,0.024691358024691357,0.0,0.0,15.26551870385067,7.999999999999986
11.129999999999999,0.00027499999999999996,0.00035,True,14.107949881773383,13.525010405868805,8.70018786129483,2.605682390428716,0.345679012345679,0.18518518518518517,0.0,19.629551650977202,7.999999999999986
11.139999999999999,0.00027499999999999996,0.00035,True,18.734943524464157,18.298722950258007,7.955654895393566,2.356208380230899,1.0,0.691358024691358,0.30864197530864196,23.585253474220348,7.999999999999986
11.149999999999999,0.00027499999999999996,0.00035,True,23.5699916054641,23.303238382223345,7.1624094907121965,2.103640049002536,1.0,1.0,1.0,27.68597870009878,7.999999999999986
11.159999999999998,0.00027499999999999996,0.00035,True,25.722683710549422,25.456992350196025,5.76151651108551,1.6643947368700391,1.0,1.0,1.0,29.12406140496347,7.999999999999986
11.169999999999998,0.00027499999999999996,0.00035,True,3.0594346050751473,1.9045941836350715,14.509774593162895,3.7575532885990794,0.0,0.0,0.0,14.511678050559848,7.999999999999986
11.179999999999998,0.00027499999999999996,0.00035,True,12.074810088533686,12.016667821842999,0.9899861923478674,0.33676707534138645,0.0,0.0,0.0,12.661096664618292,7.699999999999987
11.189999999999998,0.00027499999999999996,0.00035,True,4.780389265118471,5.485093701223845,6.439091635614367,1.8762103010461044,0.0,0.0,0.0,6.443789362506532,5.5499999999999945
11.199999999999998,0.00027499999999999996,0.00035,True,7.906454840613893,7.8504409491329135,1.0220674452860639,0.35156768818820744,0.0,0.0,0.0,8.498091739699907,7.699999999999987
11.209999999999997,0.00027499999999999996,0.00035,True,0.6369536925920508,0.1156979331340368,4.335397489607874,1.070847217214677,0.0,0.0,0.0,4.335401617369766,7.999999999999986
11.219999999999997,0.00027499999999999996,0.00035,True,6.198081443284112,6.490294817218336,2.935746898589464,0.6807291049447316,0.0,0.0,0.0,6.686493219293075,5.599999999999994
11.229999999999997,0.00027499999999999996,0.00035,True,3.741960564089987,3.5022039663852955,2.9859261580977465,0.8922627926197693,0.0,0.0,0.0,5.746399198222881,7.999999999999986
11.239999999999997,0.00027499999999999996,0.00035,True,1.0330405440818906,1.1063742552170128,1.8498374920754999,0.6313845423946374,0.0,0.0,0.0,1.851539109517115,5.599999999999994
11.249999999999996,0.00027499999999999996,0.00035,True,4.781723006929498,4.882148342765505,1.3979903592831748,0.2882786638997472,0.0,0.0,0.0,4.936245021435185,6.69999999999999
11.259999999999996,0.00027499999999999996,0.00035,True,2.1231230434923987,1.8699266810889688,3.028629182394158,0.8889038606063878,0.0,0.0,0.0,4.208363147596973,7.999999999999986
11.269999999999996,0.00027499999999999996,0.00035,True,2.0942149068370646,2.4066892398379935,3.0018809503498147,0.9091236402473958,0.0,0.0,0.0,3.003061276599079,5.649999999999994
11.279999999999996,0.00027499999999999996,0.00035,True,3.638062517576576,3.6798137799674957,1.0564489033228157,0.19877253903447614,0.0,0.0,0.0,3.7951483794519443,6.9499999999999895
11.289999999999996,0.00027499999999999996,0.00035,True,0.3126842765385719,0.07443005045152665,2.1676487586703144,0.5222258388082593,0.0,0.0,0.0,2.167672304794499,7.999999999999986
11.299999999999995,0.00027499999999999996,0.00035,True,2.154834388569768,2.4596360154736545,2.7624026213753172,0.7627001115703714,0.0,0.0,0.0,2.8548720839540986,5.649999999999994
11.309999999999995,0.00027499999999999996,0.00035,True,1.6021440180389133,1.44281584879334,1.8191624013240044,0.5814111884489963,0.0,0.0,0.0,2.7603128374768966,7.949999999999986
11.319999999999995,0.00027499999999999996,0.00035,True,0.7001452631064619,0.7546049808100728,1.263430145307953,0.43608619971784934,0.0,0.0,0.0,1.2634944607785887,5.649999999999994
11.329999999999995,0.00027499999999999996,0.00035,True,2.248403866652908,2.2578602935881893,0.7829851374868715,0.1560307906634892,0.0,0.0,0.0,2.4276347957416045,7.149999999999989
11.339999999999995,0.00027499999999999996,0.00035,True,0.36013578875860214,0.38608617460548145,0.7753892681580609,0.24776387139493214,0.0,0.0,0.0,0.7755390773896611,7.999999999999986
11.349999999999994,0.00027499999999999996,0.00035,True,1.7490329071551194,1.7385208746286787,0.5492365538454471,0.16235041393861924,0.0,0.0,0.0,1.9767510927319976,7.299999999999988
11.05,0.00027499999999999996,0.00035999999999999997,True,17.163757015157564,18.95050387387836,12.794303005137774,3.7406023551442216,0.7407407407407407,0.6419753086419753,0.30864197530864196,20.49076496758247,4.849999999999997
11.06,0.00027499999999999996,0.00035999999999999997,True,15.601005321219898,17.33935200884809,12.565516294722727,3.678631988222199,0.6666666666666666,0.5308641975308642,0.0,18.88267588725703,4.799999999999997
11.07,0.00027499999999999996,0.00035999999999999997,True,13.753860632681551,15.444441204686495,12.322958587689161,3.6181979408497646,0.5432098765432098,0.0,0.0,16.990447127440422,4.799999999999997
11.08,0.00027499999999999996,0.00035999999999999997,True,11.553678920308194,13.191595691109184,12.02677389633241,3.5614123950182464,0.0,0.0,0.0,14.753875710064786,4.799999999999997
11.09,0.00027499999999999996,0.00035999999999999997,True,9.307676313688527,10.885014556840547,11.504623930354242,3.4925642105591597,0.0,0.0,0.0,12.479758038348265,4.799999999999997
11.1,0.00027499999999999996,0.00035999999999999997,True,7.1603767009246155,8.62475489163852,10.235605192196294,3.330870472769875,0.0,0.0,0.0,10.270473758396687,4.749999999999997
11.11,0.00027499999999999996,0.00035999999999999997,True,4.850848477101806,5.965208067200197,7.703061165092484,2.8219664681413934,0.0,0.0,0.0,7.703063824972496,4.6999999999999975
11.12,0.00027499999999999996,0.00035999999999999997,True,2.473762772901644,2.7820711967316276,4.2298943347862945,1.5192810019083018,0.0,0.0,0.0,4.232728550951986,4.6999999999999975
11.129999999999999,0.00027499999999999996,0.00035999999999999997,True,1.6145756749905535,0.6152002516673204,7.758102627666369,2.1068373616157663,0.0,0.0,0.0,7.758925155803321,7.999999999999986
11.139999999999999,0.00027499999999999996,0.00035999999999999997,True,4.026063837373658,2.7737626137067544,10.743424415500638,3.320870395097239,0.0,0.0,0.0,11.5506565151614,7.999999999999986
11.149999999999999,0.00027499999999999996,0.00035999999999999997,True,9.207444319870152,8.343521410279346,9.991429059275916,3.0668070950145756,0.04938271604938271,0.0,0.0,15.874149897207818,7.999999999999986
11.159999999999998,0.00027499999999999996,0.00035999999999999997,True,15.848324996138494,15.204264849573626,8.629079241224625,2.605051532769379,0.5185185185185185,0.32098765432098764,0.09876543209876543,21.428808667614042,7.999999999999986
11.169999999999998,0.00027499999999999996,0.00035999999999999997,True,21.705468748145176,21.25855427578199,7.6982421242515855,2.295030363330397,1.0,1.0,0.691358024691358,26.420333006359673,7.999999999999986
11.179999999999998,0.00027499999999999996,0.00035999999999999997,True,25.698765114658283,25.482297079024047,6.42192546933283,1.8878584304092303,1.0,1.0,1.0,29.337031390718863,7.999999999999986
11.189999999999998,0.00027499999999999996,0.00035999999999999997,True,10.282034805119851,8.889742722098147,9.574813861640148,2.720608829452909,0.09876543209876543,0.012345679012345678,0.0,17.23559397805363,7.999999999999986
11.199999999999998,0.00027499999999999996,0.00035999999999999997,True,11.23055722606397,11.095162459107808,1.6119336208543231,0.46335749087024125,0.0,0.0,0.0,12.369677754455386,7.999999999999986
11.209999999999997,0.00027499999999999996,0.00035999999999999997,True,4.926730786949692,5.53286628926302,6.067638639093201,1.6086313238032186,0.0,0.0,0.0,6.315800546056682,5.499999999999995
11.219999999999997,0.00027499999999999996,0.00035999999999999997,True,6.79833034816978,6.6205327805428755,2.0898723505503174,0.6154400058571451,0.0,0.0,0.0,8.229122580647534,7.999999999999986
11.229999999999997,0.00027499999999999996,0.00035999999999999997,True,2.6327652086861226,3.0446330325962565,3.8331462004614782,1.1932446598770068,0.0,0.0,0.0,3.8373153699582163,5.599999999999994
11.239999999999997,0.00027499999999999996,0.00035999999999999997,True,6.555762703769393,6.606665769213777,0.8834669657227545,0.17149060250018294,0.0,0.0,0.0,6.660403663155141,6.84999999999999
11.249999999999996,0.00027499999999999996,0.00035999999999999997,True,0.3688749142018413,0.13110820733963105,2.737720703919304,0.6276530804838927,0.0,0.0,0.0,2.7378976860927566,7.999999999999986
11.259999999999996,0.00027499999999999996,0.00035999999999999997,True,4.15380967011816,4.494633144257105,3.5842605395611713,0.890799540764449,0.0,0.0,0.0,4.903968020541589,5.649999999999994
11.269999999999996,0.00027499999999999996,0.00035999999999999997,True,2.7167652233352335,2.513423468166949,2.5582964889569064,0.7587809600834375,0.0,0.0,0.0,4.443064614951419,7.999999999999986
11.279999999999996,0.00027499999999999996,0.00035999999999999997,True,0.8931875048763646,0.9616357219975371,1.5974958195159523,0.5483377688943012,0.0,0.0,0.0,1.5975143129316303,5.649999999999994
11.289999999999996,0.00027499999999999996,0.00035999999999999997,True,3.7113351039835867,3.7184776706551785,0.6745641943495415,0.1407647628284974,0.0,0.0,0.0,3.8865755547701846,7.199999999999989
11.299999999999995,0.00027499999999999996,0.00035999999999999997,True,0.6202028340893625,0.3006652425316937,2.651428740690919,0.7046146148835584,0.0,0.0,0.0,2.6944981745168333,7.999999999999986
11.309999999999995,0.00027499999999999996,0.00035999999999999997,True,2.855387717375061,3.1053690801548033,2.3357146387791974,0.5679679713382835,0.0,0.0,0.0,3.28653796627324,5.649999999999994
11.319999999999995,0.00027499999999999996,0.00035999999999999997,True,1.434540819768007,1.2499448956122652,2.048768817745237,0.6193420155841406,0.0,0.0,0.0,2.810436046675819,7.999999999999986
11.329999999999995,0.00027499999999999996,0.00035999999999999997,True,1.3750833540082565,1.5826015818293413,2.0460202014685036,0.6398589646973065,0.0,0.0,0.0,2.0461244909272027,5.649999999999994
11.339999999999995,0.00027499999999999996,0.00035999999999999997,True,1.282843075140111,1.149664603981648,1.6254802125245482,0.5145314353003135,0.0,0.0,0.0,2.3300788560064567,7.999999999999986
11.349999999999994,0.00027499999999999996,0.00035999999999999997,True,1.461269890501042,1.664192439675112,1.978607152769001,0.5664237428942953,0.0,0.0,0.0,2.002879885029724,5.649999999999994
11.05,0.00027499999999999996,0.00037,True,25.02219870914393,27.05521744090699,13.715741570085422,3.973343806221313,0.9876543209876543,0.9382716049382716,0.8395061728395061,28.51151625999304,4.949999999999997
11.06,0.00027499999999999996,0.00037,True,23.610618702440934,25.59326125708616,13.491551303943359,3.914048062433601,0.9506172839506173,0.9012345679012346,0.8024691358024691,27.055404605016776,4.949999999999997
11.07,0.00027499999999999996,0.00037,True,21.942694051898332,23.8739820452765,13.23080693818265,3.8466080878668247,0.9135802469135802,0.8518518518518519,0.7283950617283951,25.337075392957537,4.949999999999997
11.08,0.00027499999999999996,0.00037,True,19.96613503555011,21.838794542710463,12.968933978762971,3.7759242400327375,0.8518518518518519,0.7777777777777778,0.6296296296296297,23.304681192634156,4.899999999999997
11.09,0.00027499999999999996,0.00037,True,17.971023890897005,19.783992683943698,12.715249680378674,3.706859921659098,0.7777777777777778,0.691358024691358,0.48148148148148145,21.25713132524739,4.899999999999997
11.1,0.00027499999999999996,0.00037,True,16.067345437880906,17.83214878939059,12.495387196596237,3.6480214776666537,0.691358024691358,0.5679012345679012,0.0,19.30711178577442,4.899999999999997
11.11,0.00027499999999999996,0.00037,True,13.922158748851857,15.640956126620578,12.29952914241087,3.5990809221498026,0.5555555555555556,0.14814814814814814,0.0,17.12554455521717,4.849999999999997
11.12,0.00027499999999999996,0.00037,True,11.180759132166886,12.85366878434176,12.049191434184783,3.5644735806371237,0.0,0.0,0.0,14.364422412270613,4.849999999999997
11.129999999999999,0.00027499999999999996,0.00037,True,8.240241153592624,9.84330359779987,11.148004037628482,3.482739068482036,0.0,0.0,0.0,11.410157381788624,4.799999999999997
11.139999999999999,0.00027499999999999996,0.00037,True,5.5733262411290045,6.902207792781962,8.565149118866572,3.073629845321834,0.0,0.0,0.0,8.569091193770857,4.799999999999997
11.149999999999999,0.00027499999999999996,0.00037,True,2.957283651592809,3.3399924840414457,5.012803823221651,1.8041348982891257,0.0,0.0,0.0,5.014625097683593,4.749999999999997
11.159999999999998,0.00027499999999999996,0.00037,True,1.8357006954329624,0.3963678725744512,8.77221610246855,2.50706939323062,0.0,0.0,0.0,8.772488454488206,7.999999999999986
11.169999999999998,0.00027499999999999996,0.00037,True,6.172155208408006,5.001194383417248,11.136578058516372,3.4570042012132296,0.0,0.0,0.0,13.82883537607177,7.999999999999986
11.179999999999998,0.00027499999999999996,0.00037,True,12.157007764751173,11.266529423959819,9.650518319638126,2.961584340927291,0.20987654320987653,0.09876543209876543,0.0,18.669697742662805,7.999999999999986
11.189999999999998,0.00027499999999999996,0.00037,True,19.72316565292013,19.074188121693,8.25139010261033,2.503593112446831,1.0,0.8765432098765432,0.3950617283950617,25.086778593899844,7.999999999999986
11.199999999999998,0.00027499999999999996,0.00037,True,25.40313374609435,25.156181471358195,6.406170014600534,1.9082117404343744,1.0,1.0,1.0,29.067889528060743,7.999999999999986
11.209999999999997,0.00027499999999999996,0.00037,True,14.663875930661542,14.607102299145474,5.628838659737774,1.4252691586669695,0.4074074074074074,0.07407407407407407,0.0,17.864049220669774,7.999999999999986
11.219999999999997,0.00027499999999999996,0.00037,True,9.547038058879272,9.36569089578448,1.84143052314721,0.4754945025707316,0.0,0.0,0.0,10.958059932092489,7.999999999999986
11.229999999999997,0.00027499999999999996,0.00037,True,8.837230284466413,9.06696984026892,2.4384402574308464,0.5830381889075359,0.0,0.0,0.0,9.316992591201611,5.5499999999999945
11.239999999999997,0.00027499999999999996,0.00037,True,4.22446998154531,3.923705006595892,3.294003510379638,0.8978439910399086,0.0,0.0,0.0,6.630495883911355,7.999999999999986
11.249999999999996,0.00027499999999999996,0.00037,True,6.501246144767947,6.7297832253327154,2.4867428609437345,0.5913197751461927,0.0,0.0,0.0,6.979974611692431,5.599999999999994
11.259999999999996,0.00027499999999999996,0.00037,True,4.253554337050772,4.077777737851228,2.325816982651714,0.6681130903316257,0.0,0.0,0.0,5.862410580246371,7.999999999999986
11.269999999999996,0.00027499999999999996,0.00037,True,3.663069229247463,4.008659703688975,3.6570320697720424,0.9397659585232372,0.0,0.0,0.0,4.505932973492069,5.649999999999994
11.279999999999996,0.00027499999999999996,0.00037,True,4.578930558369189,4.5515035036900455,0.7170158544814367,0.2476047768579259,0.0,0.0,0.0,4.972980678449504,7.649999999999987
11.289999999999996,0.00027499999999999996,0.00037,True,1.0652640402266662,1.2042907203179973,1.8081592875639156,0.615319943940746,0.0,0.0,0.0,1.8082995398963686,5.649999999999994
11.299999999999995,0.00027499999999999996,0.00037,True,4.03391458034589,4.179216861443075,1.3402942017386392,0.2937355066425148,0.0,0.0,0.0,4.190280661721315,6.349999999999992
11.309999999999995,0.00027499999999999996,0.00037,True,0.23488353618328087,0.12897930497817378,1.6734336989539,0.3575323339020838,0.0,0.0,0.0,1.6734439401641132,7.999999999999986
11.319999999999995,0.00027499999999999996,0.00037,True,3.0547759511403174,3.2749362428597735,2.1082561322374245,0.502699124411062,0.0,0.0,0.0,3.4274956242219483,5.649999999999994
11.329999999999995,0.00027499999999999996,0.00037,True,0.7486184950182098,0.502680532958564,2.310972792235278,0.6330616075662974,0.0,0.0,0.0,2.4770943312602505,7.999999999999986
11.339999999999995,0.00027499999999999996,0.00037,True,2.502520248156905,2.6962106633265237,1.8039708082076578,0.4285870871694001,0.0,0.0,0.0,2.800327804159297,5.649999999999994
11.349999999999994,0.00027499999999999996,0.00037,True,0.21223995063590906,0.05517332210175678,1.499316065682122,0.35350619868378386,0.0,0.0,0.0,1.4994783048393046,7.999999999999986
11.05,0.00027499999999999996,0.00037999999999999997,True,32.41107926843941,34.439302947403185,14.16480478824025,4.044734533286292,1.0,1.0,1.0,35.86158534326772,5.049999999999996
11.06,0.00027499999999999996,0.00037999999999999997,True,31.19292796466882,33.25363233973274,14.0794971478783,4.032820787330561,1.0,1.0,1.0,34.658147229986504,5.099999999999996
11.07,0.00027499999999999996,0.00037999999999999997,True,29.7286968617314,31.74516619297025,13.94565126375079,4.007795435097257,1.0,1.0,0.9753086419753086,33.19767678239338,4.9999999999999964
11.08,0.00027499999999999996,0.00037999999999999997,True,27.96941542099522,29.949480195991484,13.777602862327804,3.9695341863021802,1.0,1.0,0.9382716049382716,31.428262886644113,4.9999999999999964
11.09,0.00027499999999999996,0.00037999999999999997,True,26.179073238027954,28.185450264025555,13.565007552825918,3.918656656822462,1.0,0.9753086419753086,0.8888888888888888,29.605930892454566,4.9999999999999964
11.1,0.00027499999999999996,0.00037999999999999997,True,24.467391611737682,26.475316094540187,13.351787329909413,3.862733234602074,0.9753086419753086,0.9259259259259259,0.8271604938271605,27.860115560098127,4.949999999999997
11.11,0.00027499999999999996,0.00037999999999999997,True,22.543146885610394,24.494227114977754,13.109712099908242,3.7998826121599167,0.9382716049382716,0.8641975308641975,0.7530864197530864,25.88581809792168,4.9999999999999964
11.12,0.00027499999999999996,0.00037999999999999997,True,20.10660618988,21.99734732260074,12.842437026649174,3.7289534649027702,0.8641975308641975,0.7777777777777778,0.6419753086419753,23.398247618800106,4.949999999999997
11.129999999999999,0.00027499999999999996,0.00037999999999999997,True,17.533963144242367,19.36261665159992,12.594763241137887,3.6640106704637074,0.7654320987654321,0.6666666666666666,0.38271604938271603,20.77390955890118,4.899999999999997
11.139999999999999,0.00027499999999999996,0.00037999999999999997,True,15.15098238997838,16.93243443450343,12.426492404493263,3.6178889191815724,0.6419753086419753,0.49382716049382713,0.0,18.352366364652237,4.899999999999997
11.149999999999999,0.00027499999999999996,0.00037999999999999997,True,12.364881783666867,14.11002700636317,12.307962148979104,3.6013869023016842,0.3333333333333333,0.0,0.0,15.554035304248279,4.899999999999997
11.159999999999998,0.00027499999999999996,0.00037999999999999997,True,8.636512601073642,10.338245289312429,11.547276316484268,3.572293198051273,0.0,0.0,0.0,11.845165916243385,4.849999999999997
11.169999999999998,0.00027499999999999996,0.00037999999999999997,True,5.135956330536298,6.41975754571223,8.078968018112182,2.95335265636202,0.0,0.0,0.0,8.079114845536607,4.799999999999997
11.179999999999998,0.00027499999999999996,0.00037999999999999997,True,2.488360211649725,3.0141666849174493,5.312755353911594,1.4596748028881985,0.0,0.0,0.0,5.314972618170667,7.999999999999986
11.189999999999998,0.00027499999999999996,0.00037999999999999997,True,3.3542046212769323,1.6509506316392144,11.524888176023348,3.5686866340016463,0.0,0.0,0.0,11.750542625717257,7.999999999999986
11.199999999999998,0.00027499999999999996,0.00037999999999999997,True,11.14778814826583,10.067233842843992,10.342160044117346,3.1916020019703213,0.1728395061728395,0.06172839506172839,0.0,18.275967390332962,7.999999999999986
11.209999999999997,0.00027499999999999996,0.00037999999999999997,True,18.00946141314029,17.1564078495493,8.8569324063565,2.715899808133394,1.0,0.5185185185185185,0.25925925925925924,24.014513109078266,7.999999999999986
11.219999999999997,0.00027499999999999996,0.00037999999999999997,True,25.124910882050653,24.87677754219377,6.2238591814441335,1.8879134528327168,1.0,1.0,1.0,28.651911846543356,7.999999999999986
11.229999999999997,0.00027499999999999996,0.00037999999999999997,True,5.402760673576192,5.028248856139118,3.863563662318917,0.8607437313161742,0.0,0.0,0.0,7.624673962933423,4.0
11.239999999999997,0.00027499999999999996,0.00037999999999999997,True,5.234564574735298,5.040084253935669,1.918301529259809,0.4396316356423853,0.0,0.0,0.0,6.792527288289588,7.999999999999986
11.249999999999996,0.00027499999999999996,0.00037999999999999997,True,8.753918209951301,8.733268077989775,0.18731464758580785,0.05707289437956577,0.0,0.0,0.0,8.882643833664762,7.949999999999986
11.259999999999996,0.00027499999999999996,0.00037999999999999997,True,1.1780111379108267,1.3419583058216862,1.8627740401162296,0.6149049426597033,0.0,0.0,0.0,1.8629578461615413,5.649999999999994
11.269999999999996,0.00027499999999999996,0.00037999999999999997,True,5.820008263913307,5.750800903913554,0.9461808005199046,0.2856341124736888,0.0,0.0,0.0,6.4497533287274225,7.999999999999986
11.279999999999996,0.00027499999999999996,0.00037999999999999997,True,0.8483389038941471,0.9338768134856655,1.47668187819656,0.5051661963083635,0.0,0.0,0.0,1.4770285620306756,5.649999999999994
11.289999999999996,0.00027499999999999996,0.00037999999999999997,True,4.776063783335689,4.7462975425288425,0.5957740484563088,0.20454755903609995,0.0,0.0,0.0,5.109049523506066,7.699999999999987
11.299999999999995,0.00027499999999999996,0.00037999999999999997,True,0.2413044165462466,0.19739953111263722,1.38357447025963,0.269382862919356,0.0,0.0,0.0,1.3835956039228037,7.999999999999986
11.309999999999995,0.00027499999999999996,0.00037999999999999997,True,4.039947363124649,4.045018078598711,0.47717816623450116,0.09996744570873271,0.0,0.0,0.0,4.164705147480431,7.199999999999989
11.319999999999995,0.00027499999999999996,0.00037999999999999997,True,0.20975089928633703,0.11476808780315689,1.5159038960430338,0.31770672972365344,0.0,0.0,0.0,1.5159039329883648,7.999999999999986
11.329999999999995,0.00027499999999999996,0.00037999999999999997,True,3.3439339416114864,3.479298481511224,1.2372570970122383,0.27210311639469176,0.0,0.0,0.0,3.490675555008849,6.349999999999992
11.339999999999995,0.00027499999999999996,0.00037999999999999997,True,0.32347759881021754,0.33413047769425397,0.7996408520856729,0.22784304157680432,0.0,0.0,0.0,0.7996420676685544,7.999999999999986
11.349999999999994,0.00027499999999999996,0.00037999999999999997,True,2.3727453509204506,2.381575006323465,0.5800110711460995,0.2015734090467845,0.0,0.0,0.0,2.6706008299808657,7.499999999999988
11.05,0.00027499999999999996,0.00039,True,38.466934213389806,40.14269383774486,12.712252502604684,3.4654807519816693,1.0,1.0,1.0,41.13940293897865,5.449999999999995
11.06,0.00027499999999999996,0.00039,True,37.64353394448826,39.39202885864983,13.07825864421542,3.6070893626760725,1.0,1.0,1.0,40.494660952393964,5.299999999999995
11.07,0.00027499999999999996,0.00039,True,36.57994335076739,38.39616056973276,13.392766747051652,3.737177170573235,1.0,1.0,1.0,39.60650057167473,5.249999999999996
11.08,0.00027499999999999996,0.00039,True,35.21786078204224,37.11353223309167,13.645854841288013,3.843518835041601,1.0,1.0,1.0,38.402360812512704,5.149999999999996
11.09,0.00027499999999999996,0.00039,True,33.760643360878035,35.69766829842668,13.766460395803168,3.9033012450844318,1.0,1.0,1.0,37.05284946303087,5.099999999999996
11.1,0.00027499999999999996,0.00039,True,32.32071016067217,34.26491790444474,13.774763960651441,3.9247885551122974,1.0,1.0,1.0,35.673918161216676,5.099999999999996
11.11,0.00027499999999999996,0.00039,True,30.65870347750531,32.572760220552716,13.714079945898835,3.9233776578876722,1.0,1.0,1.0,34.04153920398393,5.049999999999996
11.12,0.00027499999999999996,0.00039,True,28.50783200873986,30.47542297360943,13.580314154254165,3.9017006235239773,1.0,1.0,0.9506172839506173,31.89891167287684,5.049999999999996
11.129999999999999,0.00027499999999999996,0.00039,True,26.21171512104994,28.135210114481183,13.38266569566155,3.857123959616761,1.0,0.9753086419753086,0.8888888888888888,29.58775364870923,5.049999999999996
11.139999999999999,0.00027499999999999996,0.00039,True,24.083291436644725,25.968325496351238,13.158203135909883,3.802171012796229,0.9753086419753086,0.9135802469135802,0.8148148148148148,27.420701527796083,4.9999999999999964
11.149999999999999,0.00027499999999999996,0.00039,True,21.616473831274828,23.53100985903349,12.913248108923641,3.739944404533159,0.9135802469135802,0.8395061728395061,0.7160493827160493,24.908159580204995,4.9999999999999964
11.159999999999998,0.00027499999999999996,0.00039,True,18.38546777801879,20.273916769689357,12.673451907404532,3.6743419590816653,0.8024691358024691,0.7160493827160493,0.5185185185185185,21.623381318624194,4.949999999999997
11.169999999999998,0.00027499999999999996,0.00039,True,15.262177972458746,17.099221784214627,12.547642310893147,3.63980295252897,0.654320987654321,0.5061728395061729,0.0,18.46887480955238,4.949999999999997
11.179999999999998,0.00027499999999999996,0.00039,True,12.1538985506648,13.974929330890795,12.538554560649619,3.6553768256714636,0.2716049382716049,0.0,0.0,15.368822619934136,4.899999999999997
11.189999999999998,0.00027499999999999996,0.00039,True,7.710200114096523,9.471541490157875,10.96317099712158,3.590401477928184,0.0,0.0,0.0,10.965124274352105,4.899999999999997
11.199999999999998,0.00027499999999999996,0.00039,True,3.5342240109579315,4.11911914249101,5.79886563531101,2.055229372394175,0.0,0.0,0.0,5.800248289033139,4.849999999999997
11.209999999999997,0.00027499999999999996,0.00039,True,2.080014716140903,0.5221958158080033,9.92535192076892,2.8317196939844433,0.0,0.0,0.0,9.925694876827903,7.999999999999986
11.219999999999997,0.00027499999999999996,0.00039,True,10.250040057547558,8.95980838169082,11.127777129414124,3.4403698175917317,0.14814814814814814,0.04938271604938271,0.0,18.03064614288033,7.999999999999986
11.229999999999997,0.00027499999999999996,0.00039,True,19.196516741252985,18.231357505684354,8.99948936742896,2.774683298745254,1.0,0.6666666666666666,0.345679012345679,25.409525141772832,7.999999999999986
11.239999999999997,0.00027499999999999996,0.00039,True,24.80850518157963,24.702242107420936,5.484230466801844,1.7132739293949923,1.0,1.0,1.0,27.606357000220065,7.999999999999986
11.249999999999996,0.00027499999999999996,0.00039,True,14.005361444254287,14.095891485008568,1.0236444984332067,0.28596363051991586,0.0,0.0,0.0,14.302882474041777,5.649999999999994
11.259999999999996,0.00027499999999999996,0.00039,True,6.227076586672164,6.374039368636203,1.4603262169384417,0.3243361597668437,0.0,0.0,0.0,6.459237538097965,4.749999999999997
11.269999999999996,0.00027499999999999996,0.00039,True,0.9023250840202693,0.6994485090168951,2.0384904185732835,0.48612843771518693,0.0,0.0,0.0,2.561298541436869,7.999999999999986
11.279999999999996,0.00027499999999999996,0.00039,True,7.230079251725957,7.338285898442304,1.2102033820587907,0.28970508481207563,0.0,0.0,0.0,7.478440445648528,5.649999999999994
11.289999999999996,0.00027499999999999996,0.00039,True,0.5037495883267378,0.5363487059597762,0.9109217637215683,0.3121884717868942,0.0,0.0,0.0,0.911045165534641,5.649999999999994
11.299999999999995,0.00027499999999999996,0.00039,True,5.573815086533414,5.664334761830425,0.9139397910311589,0.2044413951667278,0.0,0.0,0.0,5.7105741872023685,5.699999999999994
11.309999999999995,0.00027499999999999996,0.00039,True,0.6902266797313702,0.765910359356048,1.2212871157905798,0.4193048784671665,0.0,0.0,0.0,1.2213725808723803,5.649999999999994
11.319999999999995,0.00027499999999999996,0.00039,True,4.254537719247602,4.267960679385121,0.485730851818861,0.08866013932635353,0.0,0.0,0.0,4.337498032541168,7.049999999999989
11.329999999999995,0.00027499999999999996,0.00039,True,0.3876578903573722,0.4112653950888867,0.7465813158727748,0.259699018327906,0.0,0.0,0.0,0.746581872032507,5.649999999999994
11.339999999999995,0.00027499999999999996,0.00039,True,2.7562916618618734,2.7050921660839213,0.9224366680590719,0.310709431892228,0.0,0.0,0.0,3.291543934157806,7.7999999999999865
11.349999999999994,0.00027499999999999996,0.00039,True,1.7730835985430877,1.9853130486184871,2.288909731092788,0.6370284737763793,0.0,0.0,0.0,2.400634868013376,5.649999999999994
11.05,0.00027499999999999996,0.00039999999999999996,True,41.252011292451336,41.42314043498237,8.33137085313033,1.811589348243585,1.0,1.0,1.0,43.20217523297622,6.499999999999991
11.06,0.00027499999999999996,0.00039999999999999996,True,41.084330121678924,41.51975473398789,8.968297575855686,2.029324109388364,1.0,1.0,1.0,42.95978476624414,6.349999999999992
11.07,0.00027499999999999996,0.00039999999999999996,True,40.76285133196912,41.52111197035836,9.719062790177851,2.3278323219198054,1.0,1.0,1.0,42.64882483986262,6.199999999999992
11.08,0.00027499999999999996,0.00039999999999999996,True,40.20962724701225,41.328318147464685,10.601359755554611,2.685790399427256,1.0,1.0,1.0,42.2297668136435,5.899999999999993
11.09,0.00027499999999999996,0.00039999999999999996,True,39.47550309012561,40.86962743888737,11.416897309384979,3.007491738342882,1.0,1.0,1.0,41.72551377410323,5.649999999999994
11.1,0.00027499999999999996,0.00039999999999999996,True,38.63112591133762,40.18511272093309,12.0707366501378,3.257579658144233,1.0,1.0,1.0,41.131162929476695,5.499999999999995
11.11,0.00027499999999999996,0.00039999999999999996,True,37.53396973627349,39.23784077649294,12.659375929164277,3.4784126181283677,1.0,1.0,1.0,40.28665315100892,5.399999999999995
11.12,0.00027499999999999996,0.00039999999999999996,True,35.95998539100353,37.737176630353744,13.159979744659829,3.6771438891755492,1.0,1.0,1.0,38.9695918778599,5.249999999999996
11.129999999999999,0.00027499999999999996,0.00039999999999999996,True,34.1410792189331,35.998544467613776,13.456667182886616,3.798406276295607,1.0,1.0,1.0,37.33459151076564,5.149999999999996
11.139999999999999,0.00027499999999999996,0.00039999999999999996,True,32.368905219071934,34.22694626107273,13.544168000611158,3.848529180430813,1.0,1.0,1.0,35.65371818530214,5.099999999999996
11.149999999999999,0.00027499999999999996,0.00039999999999999996,True,30.24328592800301,32.14087631748406,13.515059929563328,3.8625509924692114,1.0,1.0,1.0,33.58026150896629,5.099999999999996
11.159999999999998,0.00027499999999999996,0.00039999999999999996,True,27.390734535924118,29.245687483357806,13.386179690520123,3.8428529761381767,1.0,1.0,0.9259259259259259,30.742184001666914,5.099999999999996
11.169999999999998,0.00027499999999999996,0.00039999999999999996,True,24.618694492023785,26.512627965985267,13.174034845042907,3.7955633838823633,0.9876543209876543,0.9382716049382716,0.8395061728395061,27.947083511041914,5.049999999999996
11.179999999999998,0.00027499999999999996,0.00039999999999999996,True,21.89794388807164,23.763511669092857,12.95107301435594,3.739141524309968,0.9135802469135802,0.8518518518518519,0.7407407407407407,25.184080400769172,5.049999999999996
11.189999999999998,0.00027499999999999996,0.00039999999999999996,True,18.103627336437565,19.954541122654184,12.760955608788407,3.6853987544587805,0.7901234567901234,0.7037037037037037,0.49382716049382713,21.342767597093403,4.9999999999999964
11.199999999999998,0.00027499999999999996,0.00039999999999999996,True,14.05318151470876,15.96319054222175,12.805289111115563,3.6952305899506377,0.5802469135802469,0.2345679012345679,0.0,17.29159484979803,4.9999999999999964
11.209999999999997,0.00027499999999999996,0.00039999999999999996,True,10.200439351982165,12.131117871624209,12.717455128207735,3.778875339350097,0.0,0.0,0.0,13.51071576127627,4.949999999999997
11.219999999999997,0.00027499999999999996,0.00039999999999999996,True,4.716956086756156,5.907438786419451,7.533849898179197,2.7131861198536176,0.0,0.0,0.0,7.537645673571354,4.899999999999997
11.229999999999997,0.00027499999999999996,0.00039999999999999996,True,2.255376519591613,0.5379277243464543,10.739794960514969,3.0915711474553973,0.0,0.0,0.0,10.739819034295895,7.999999999999986
11.239999999999997,0.00027499999999999996,0.00039999999999999996,True,9.922455318305069,8.420862417197807,11.86851269071477,3.659185364965161,0.14814814814814814,0.06172839506172839,0.0,18.294487619238446,7.999999999999986
11.249999999999996,0.00027499999999999996,0.00039999999999999996,True,21.782833677757313,20.832448844179826,8.482890043217012,2.660588932079065,1.0,1.0,0.6049382716049383,27.61054691892489,7.999999999999986
11.259999999999996,0.00027499999999999996,0.00039999999999999996,True,20.133424520177922,20.519081705018458,5.472883677581422,1.5274714805987524,1.0,0.9629629629629629,0.6049382716049383,21.792809747356774,6.299999999999992
11.269999999999996,0.00027499999999999996,0.00039999999999999996,True,1.5355223407122855,1.6184340880634998,2.4136258854063612,0.8211502218319832,0.0,0.0,0.0,2.637793662468532,5.699999999999994
11.279999999999996,0.00027499999999999996,0.00039999999999999996,True,9.101811366132855,9.142999587678773,0.5858736617377218,0.18259595755176056,0.0,0.0,0.0,9.319185565612724,5.649999999999994
11.289999999999996,0.00027499999999999996,0.00039999999999999996,True,7.172010630725899,7.2814914354917715,1.234304035427483,0.3012260848751239,0.0,0.0,0.0,7.44030148035138,5.649999999999994
11.299999999999995,0.00027499999999999996,0.00039999999999999996,True,1.7988261227300189,1.610682596970141,1.9921471287686048,0.5018621943314314,0.0,0.0,0.0,3.3358633758232443,7.999999999999986
11.309999999999995,0.00027499999999999996,0.00039999999999999996,True,5.623834735812673,5.651794120103917,0.3453520174368929,0.0697139873035728,0.0,0.0,0.0,5.661126694039695,6.79999999999999
11.319999999999995,0.00027499999999999996,0.00039999999999999996,True,0.3604247948723057,0.3725281304510718,0.6796004842494813,0.23415981763250082,0.0,0.0,0.0,0.6798998088872455,5.649999999999994
11.329999999999995,0.00027499999999999996,0.00039999999999999996,True,4.1501776777601815,4.14493120652149,0.33121912469958126,0.11436379157775915,0.0,0.0,0.0,4.324465635849383,7.549999999999987
11.339999999999995,0.00027499999999999996,0.00039999999999999996,True,2.2312843033165093,2.460373480143278,2.503683137454733,0.6685427685497608,0.0,0.0,0.0,2.878047598920359,5.649999999999994
11.349999999999994,0.00027499999999999996,0.00039999999999999996,True,0.960675985701084,0.7659790004973922,2.114548200714986,0.5698026206800146,0.0,0.0,0.0,2.524300461338715,7.999999999999986
11.05,0.0003,0.0003,True,22.585803156325156,22.452638087637624,7.112168682899497,2.0499576460650784,1.0,1.0,0.8765432098765432,26.46203539769747,7.999999999999986
11.06,0.0003,0.0003,True,25.223462247385207,25.13730150921631,6.5748338314833354,1.8925235069149557,1.0,1.0,1.0,28.715229961888497,7.999999999999986
11.07,0.0003,0.0003,True,25.962904996006426,25.59749236655223,6.08584049510748,1.7848663553306965,1.0,1.0,1.0,29.63107369229824,7.999999999999986
11.08,0.0003,0.0003,True,17.03697065628389,15.843446790370908,11.351312662363366,3.3155468194318147,0.6172839506172839,0.35802469135802467,0.20987654320987653,25.01038837454603,7.999999999999986
11.09,0.0003,0.0003,True,9.944244926065767,11.459483331342524,12.209359273129845,3.347388335042048,0.0,0.0,0.0,12.24310941447772,5.399999999999995
11.1,0.0003,0.0003,True,10.613461127245614,10.491890150167634,2.426666121612101,0.8373682780430242,0.0,0.0,0.0,12.028950913426877,7.699999999999987
11.11,0.0003,0.0003,True,1.4689677944586093,0.7932069863319969,8.067140291015296,2.0294699602133766,0.0,0.0,0.0,8.067265700885688,7.999999999999986
11.12,0.0003,0.0003,True,7.49891089742137,8.113451293486625,6.090082645777578,1.4177676494069649,0.0,0.0,0.0,8.479310725193887,5.5499999999999945
11.129999999999999,0.0003,0.0003,True,6.757501294222167,6.6395040690319975,2.0025676283987437,0.6897507077519227,0.0,0.0,0.0,7.91993845220163,7.749999999999987
11.139999999999999,0.0003,0.0003,True,1.3775869448389846,0.607047828941037,6.01383447994111,1.686469122538568,0.0,0.0,0.0,6.044087241054731,7.999999999999986
11.149999999999999,0.0003,0.0003,True,3.07456863877068,3.584116480231621,4.521802534806286,1.460684421853099,0.0,0.0,0.0,4.521838750102855,5.5499999999999945
11.159999999999998,0.0003,0.0003,True,5.796504947546053,5.961702698460845,2.1595958644103437,0.45451100069244393,0.0,0.0,0.0,6.03160090731127,6.599999999999991
11.169999999999998,0.0003,0.0003,True,3.567811126807889,3.3428526261396785,3.0236394466452796,0.9670975801421285,0.0,0.0,0.0,5.493941927755062,7.999999999999986
11.179999999999998,0.0003,0.0003,True,0.5312207773382006,0.2050162445654642,3.5161492994730295,0.8488296620705057,0.0,0.0,0.0,3.5162586522731045,7.999999999999986
11.189999999999998,0.0003,0.0003,True,3.080615411927162,3.5468256818727073,4.089244741470321,1.1603314836101444,0.0,0.0,0.0,4.111537445410814,5.599999999999994
11.199999999999998,0.0003,0.0003,True,4.210984902903655,4.259653330818358,1.3205168674713073,0.2472969201854514,0.0,0.0,0.0,4.432910375482137,6.999999999999989
11.209999999999997,0.0003,0.0003,True,2.2661761799150373,2.0176944219145203,2.7707215957782987,0.8745890784361945,0.0,0.0,0.0,4.066278604929275,7.999999999999986
11.219999999999997,0.0003,0.0003,True,0.6382739859261524,0.6822975630879291,1.5704733559132773,0.4269236513395474,0.0,0.0,0.0,1.570475589843916,7.999999999999986
11.229999999999997,0.0003,0.0003,True,2.8239906357093143,3.180392612836909,3.228127997958806,0.8435460019092288,0.0,0.0,0.0,3.5039895713737357,5.599999999999994
11.239999999999997,0.0003,0.0003,True,3.0167357348416153,3.0118248498759175,0.7541149834742922,0.22967124264117816,0.0,0.0,0.0,3.35070539013626,7.299999999999988
11.249999999999996,0.0003,0.0003,True,0.4591961967251477,0.11419304687384584,2.5319500886926156,0.6774318961664004,0.0,0.0,0.0,2.5319851849423443,7.999999999999986
11.259999999999996,0.0003,0.0003,True,1.1138124995611838,1.256819034151993,1.8525565234785613,0.6296534729619719,0.0,0.0,0.0,1.8531670583064002,5.649999999999994
11.269999999999996,0.0003,0.0003,True,2.5362705061974085,2.597096858351731,1.2489315434410262,0.24227611236018484,0.0,0.0,0.0,2.7206764494764935,6.9499999999999895
11.279999999999996,0.0003,0.0003,True,1.0662319184367457,0.8577110410186366,2.0638236906567093,0.6428337258758937,0.0,0.0,0.0,2.454114395363299,7.999999999999986
11.289999999999996,0.0003,0.0003,True,0.90826543725325,1.0360156283359685,1.5298026782808347,0.5221541104024392,0.0,0.0,0.0,1.529990273889374,5.649999999999994
11.299999999999995,0.0003,0.0003,True,2.0521490388023227,2.204333608554168,1.55041326364932,0.35191422775590314,0.0,0.0,0.0,2.2466688512449915,6.549999999999991
11.309999999999995,0.0003,0.0003,True,0.41146727378151976,0.16845473500186617,1.8148233963178657,0.5079291859182498,0.0,0.0,0.0,1.8207247278996017,7.999999999999986
11.319999999999995,0.0003,0.0003,True,0.9863689313494686,1.1488182852683013,1.5358404694190562,0.507569095398851,0.0,0.0,0.0,1.5361968310430576,5.649999999999994
11.329999999999995,0.0003,0.0003,True,1.4138136077363181,1.4077191251450545,0.6311663851326534,0.21952009704790937,0.0,0.0,0.0,1.7376910580103182,7.399999999999988
11.339999999999995,0.0003,0.0003,True,0.386565279180836,0.39979073885436633,0.7345909728344738,0.2557037099826943,0.0,0.0,0.0,0.7346023129376954,5.649999999999994
11.349999999999994,0.0003,0.0003,True,1.2503998925013298,1.2458548604163153,0.5607793617289545,0.15611205106926607,0.0,0.0,0.0,1.4679588584559335,7.299999999999988
11.05,0.0003,0.00031,True,9.50658755566901,8.837666881012066,9.614529205756908,2.8900236923279867,0.04938271604938271,0.0,0.0,15.68620597030761,7.999999999999986
11.06,0.0003,0.00031,True,12.86070558153258,12.318420904789747,8.912333159692217,2.645999364599244,0.24691358024691357,0.09876543209876543,0.0,18.440898068089695,7.999999999999986
11.07,0.0003,0.00031,True,16.67158712773349,16.25616436296221,8.231226759311028,2.4187490181707982,0.6666666666666666,0.4074074074074074,0.13580246913580246,21.65344795189049,7.999999999999986
11.08,0.0003,0.00031,True,20.934583423190784,20.661631961675297,7.554304496456545,2.2028442481751678,1.0,1.0,0.5925925925925926,25.29238705050529,7.999999999999986
11.09,0.0003,0.00031,True,24.57142175659299,24.410662005559782,6.841173771968272,1.985391153125573,1.0,1.0,1.0,28.340012823215652,7.999999999999986
11.1,0.0003,0.00031,True,25.714625477055748,25.436053686283707,6.110493226789188,1.7752201451062273,1.0,1.0,1.0,29.287011779895195,7.999999999999986
11.11,0.0003,0.00031,True,17.86148927188013,16.71704380153258,9.133669534250036,2.6555948516973746,1.0,0.4444444444444444,0.2222222222222222,24.399229710111776,7.999999999999986
11.12,0.0003,0.00031,True,11.890219899192715,12.631801376277645,8.163645892406475,1.752445931312562,0.0,0.0,0.0,12.972456527052467,5.449999999999995
11.129999999999999,0.0003,0.00031,True,6.4380467727068105,5.907491009701565,6.586684730653113,1.9413589966180844,0.0,0.0,0.0,10.982561138937267,7.999999999999986
11.139999999999999,0.0003,0.00031,True,4.655401014679428,5.460792897181733,6.490524566878328,2.0201752633934267,0.0,0.0,0.0,6.491862109973825,5.499999999999995
11.149999999999999,0.0003,0.00031,True,8.403890366757029,8.490259946045185,1.5094432242637321,0.29385165353545817,0.0,0.0,0.0,8.581305711382832,6.79999999999999
11.159999999999998,0.0003,0.00031,True,2.4174269688504397,1.8769406069596974,5.711793801705852,1.6287887926916085,0.0,0.0,0.0,6.552792054313791,7.999999999999986
11.169999999999998,0.0003,0.00031,True,3.116038913005075,3.6159381147212573,4.502356616636637,1.4236621788622064,0.0,0.0,0.0,4.505757947234287,5.5499999999999945
11.179999999999998,0.0003,0.00031,True,6.031915762358068,6.300998559860055,2.577503675208887,0.5804781760784369,0.0,0.0,0.0,6.370643970777442,5.599999999999994
11.189999999999998,0.0003,0.00031,True,3.4124248354975193,3.1427569519580545,3.250315541656352,0.9916499984431969,0.0,0.0,0.0,5.571285520146464,7.999999999999986
11.199999999999998,0.0003,0.00031,True,0.8348314165300359,0.8887461300834077,1.774562031297793,0.5343378503474484,0.0,0.0,0.0,1.7745698992795778,7.999999999999986
11.209999999999997,0.0003,0.00031,True,3.787945173976851,4.210775903221809,3.9731432972442384,1.0113949134849152,0.0,0.0,0.0,4.611740979345262,5.599999999999994
11.219999999999997,0.0003,0.00031,True,3.791545942249297,3.749964883329209,1.168916102840742,0.40508700724878954,0.0,0.0,0.0,4.429397748229692,7.599999999999987
11.229999999999997,0.0003,0.00031,True,0.553817292662206,0.1377133711300967,3.0991704510021822,0.8177969055820025,0.0,0.0,0.0,3.0991732517610893,7.999999999999986
11.239999999999997,0.0003,0.00031,True,1.818276496913982,2.1015602585164928,2.740596369618092,0.8835936810487827,0.0,0.0,0.0,2.7408853259867314,5.599999999999994
11.249999999999996,0.0003,0.00031,True,3.3581529449462515,3.378686349321385,0.9980824939113515,0.1910800997619595,0.0,0.0,0.0,3.563503893832607,7.099999999999989
11.259999999999996,0.0003,0.00031,True,1.3342576612417447,1.0870511419523852,2.636272342597114,0.7855689174998839,0.0,0.0,0.0,3.162024710789251,7.999999999999986
11.269999999999996,0.0003,0.00031,True,1.2388021932536222,1.4205231930673279,1.9985434471820445,0.6709526670070498,0.0,0.0,0.0,1.998681088010118,5.649999999999994
11.279999999999996,0.0003,0.00031,True,2.7163054998454235,2.9011554028179454,1.7447542542932877,0.39369848476365793,0.0,0.0,0.0,2.9294990413897986,6.449999999999991
11.289999999999996,0.0003,0.00031,True,0.7025172667526661,0.4335346651550286,2.2879255734355586,0.65292121062166,0.0,0.0,0.0,2.3942054051821287,7.999999999999986
11.299999999999995,0.0003,0.00031,True,0.8252118631764056,0.9304576525563529,1.4299023757772669,0.49105933611314995,0.0,0.0,0.0,1.4306706140402512,5.649999999999994
11.309999999999995,0.0003,0.00031,True,2.009715481645356,2.0121326816246294,0.6552189335655176,0.17771803105278897,0.0,0.0,0.0,2.2576730129288554,7.299999999999988
11.319999999999995,0.0003,0.00031,True,0.2569254022746096,0.03822173012592423,1.6299865776038627,0.4123897968889155,0.0,0.0,0.0,1.6300216535363121,7.999999999999986
11.329999999999995,0.0003,0.00031,True,1.5428812726778147,1.7606866313435865,1.8824459412521728,0.509101059345092,0.0,0.0,0.0,1.9687862577892838,5.649999999999994
11.339999999999995,0.0003,0.00031,True,0.5144149711618276,0.33237994692987927,1.5928483670470541,0.4686404893797513,0.0,0.0,0.0,1.668397656054602,7.999999999999986
11.349999999999994,0.0003,0.00031,True,1.238560893119993,1.4216607595264394,1.6059072077938423,0.4507630153259279,0.0,0.0,0.0,1.6329790012328487,5.649999999999994
11.05,0.0003,0.00031999999999999997,True,1.913367957763896,2.2011154337001373,4.72400847239954,1.2141393374408411,0.0,0.0,0.0,4.725302705555281,7.999999999999986
11.06,0.0003,0.00031999999999999997,True,1.5305493623554498,0.7860643302330681,7.247223777092203,1.88972137098204,0.0,0.0,0.0,7.2480303728713675,7.999999999999986
11.07,0.0003,0.00031999999999999997,True,2.9476643238374214,1.5900741228134367,10.123023262195884,3.0987415950070374,0.0,0.0,0.0,10.269299792034603,7.999999999999986
11.08,0.0003,0.00031999999999999997,True,6.850922444365229,5.953369823317768,10.45522622120004,3.2063320459489333,0.0,0.0,0.0,13.829591280831849,7.999999999999986
11.09,0.0003,0.00031999999999999997,True,11.254478831784143,10.55470523608276,9.470757765652687,2.8635575003275986,0.14814814814814814,0.024691358024691357,0.0,17.406088492956748,7.999999999999986
11.1,0.0003,0.00031999999999999997,True,15.309751153500759,14.74525413086549,8.674408375180501,2.588963006858095,0.4691358024691358,0.2839506172839506,0.06172839506172839,20.788247546915116,7.999999999999986
11.11,0.0003,0.00031999999999999997,True,19.616105867103723,19.19454817520413,7.961907613930627,2.3534629578023223,1.0,0.8518518518518519,0.4074074074074074,24.448341885198094,7.999999999999986
11.12,0.0003,0.00031999999999999997,True,24.20422140446059,23.95746701426131,7.036592995665462,2.0630041375957413,1.0,1.0,1.0,28.224325351233226,7.999999999999986
11.129999999999999,0.0003,0.00031999999999999997,True,24.45487145627508,24.122757871456532,5.820179703513354,1.6888915656860575,1.0,1.0,1.0,28.00192893916548,7.999999999999986
11.139999999999999,0.0003,0.00031999999999999997,True,4.008919147052598,1.8084138459563701,16.045328710373788,4.791734946647064,0.037037037037037035,0.0,0.0,16.053771378685347,7.999999999999986
11.149999999999999,0.0003,0.00031999999999999997,True,12.61502546060496,12.613695550344833,0.606990597620678,0.12860470668431062,0.0,0.0,0.0,12.79896986895312,7.2499999999999885
11.159999999999998,0.0003,0.00031999999999999997,True,1.9434396899075408,2.1595097710382656,3.224930114011633,1.0818321725035878,0.0,0.0,0.0,3.2249299352884275,5.449999999999995
11.169999999999998,0.0003,0.00031999999999999997,True,8.768960307090214,8.949525264957648,1.7851481043820634,0.392984643760761,0.0,0.0,0.0,8.992065790780948,5.599999999999994
11.179999999999998,0.0003,0.00031999999999999997,True,4.723321346101092,4.411289257486576,3.9390524197428887,1.144483397939501,0.0,0.0,0.0,7.459964272327029,7.999999999999986
11.189999999999998,0.0003,0.00031999999999999997,True,3.172603639864621,3.6648714380080536,4.4724004354360645,1.3552024207139672,0.0,0.0,0.0,4.473248020038287,5.5499999999999945
11.199999999999998,0.0003,0.00031999999999999997,True,6.264583798470538,6.3215482484385035,1.0869084893073744,0.20856819586808262,0.0,0.0,0.0,6.401843996853832,6.84999999999999
11.209999999999997,0.0003,0.00031999999999999997,True,2.9261100070891386,2.6011778912772177,3.564934292490202,1.0376872182340355,0.0,0.0,0.0,5.398193086923958,7.999999999999986
11.219999999999997,0.0003,0.00031999999999999997,True,2.0283284603288148,2.3553578514196922,3.09513790079922,1.0071231275376658,0.0,0.0,0.0,3.0965237672834958,5.599999999999994
11.229999999999997,0.0003,0.00031999999999999997,True,4.742729486092468,4.92028829312786,1.721476581480185,0.377102277299502,0.0,0.0,0.0,4.938791239710641,6.3999999999999915
11.239999999999997,0.0003,0.00031999999999999997,True,2.539655547753962,2.3262008502992946,2.6688597463016737,0.8077031160309195,0.0,0.0,0.0,4.321076280761439,7.999999999999986
11.249999999999996,0.0003,0.00031999999999999997,True,1.2576494789325277,1.4093289882925522,2.096246743623263,0.7121473485336145,0.0,0.0,0.0,2.0981009295482558,5.599999999999994
11.259999999999996,0.0003,0.00031999999999999997,True,3.5494370534741213,3.7995560858162176,2.379877034374183,0.5596187820464501,0.0,0.0,0.0,3.9269910041593796,5.649999999999994
11.269999999999996,0.0003,0.00031999999999999997,True,1.4612671377407285,1.220994949227254,2.597656371167395,0.7661492718922861,0.0,0.0,0.0,3.2625854396054423,7.999999999999986
11.279999999999996,0.0003,0.00031999999999999997,True,0.6833073444491414,0.720015918750405,1.2592715370620027,0.4328922216184758,0.0,0.0,0.0,1.259608460143364,5.649999999999994
11.289999999999996,0.0003,0.00031999999999999997,True,2.8614540347447575,2.932264647413807,1.205080851352481,0.24000941106784318,0.0,0.0,0.0,3.01375378430641,6.84999999999999
11.299999999999995,0.0003,0.00031999999999999997,True,0.9978667894970872,0.7571616833134682,2.2531760294126464,0.6600271659007245,0.0,0.0,0.0,2.5880553914099016,7.999999999999986
11.309999999999995,0.0003,0.00031999999999999997,True,1.5841925679160624,1.8313967039400527,2.2145543977025297,0.6527359561801541,0.0,0.0,0.0,2.2181409536740446,5.649999999999994
11.319999999999995,0.0003,0.00031999999999999997,True,1.9433181666451471,1.9429018498858153,0.7407339745124961,0.2570248838871358,0.0,0.0,0.0,2.3279600880494313,7.499999999999988
11.329999999999995,0.0003,0.00031999999999999997,True,0.2802350307543172,0.2761326468047713,0.9598684726935742,0.21730344711034227,0.0,0.0,0.0,0.9599188457971068,7.999999999999986
11.339999999999995,0.0003,0.00031999999999999997,True,1.8168674508044322,1.8308289661273318,0.7579782955987073,0.1496123501310519,0.0,0.0,0.0,1.982971315748213,4.199999999999999
11.349999999999994,0.0003,0.00031999999999999997,True,0.2599996529295918,0.2669567194002306,0.7919935137540541,0.19341444493451243,0.0,0.0,0.0,0.7921128816279827,7.999999999999986
11.05,0.0003,0.00033,True,9.798914441660452,11.42750955679065,11.941374223603157,3.606849391742579,0.0,0.0,0.0,13.0659321184223,4.799999999999997
11.06,0.0003,0.00033,True,7.9368858258632455,9.488322209163046,11.005741981639927,3.4911258599015587,0.0,0.0,0.0,11.15933865121278,4.749999999999997
11.07,0.0003,0.00033,True,5.79481385559464,7.115672080097522,8.856118953929212,3.1450537515201407,0.0,0.0,0.0,8.861167332788831,4.749999999999997
11.08,0.0003,0.00033,True,3.5348306946190577,4.130265568386113,5.993190794083605,2.214359227048519,0.0,0.0,0.0,5.995768119359637,4.6999999999999975
11.09,0.0003,0.00033,True,1.9407781358854634,2.2194119640193137,5.499762665434823,1.2819243601306307,0.0,0.0,0.0,5.500291054779779,7.999999999999986
11.1,0.0003,0.00033,True,1.8414288174840758,0.32294213107050007,8.707543381924488,2.5122649008783378,0.0,0.0,0.0,8.707728438044093,7.999999999999986
11.11,0.0003,0.00033,True,4.578384519783092,3.3518705991826643,11.112285972879208,3.439433136061544,0.0,0.0,0.0,12.292365029845227,7.999999999999986
11.12,0.0003,0.00033,True,10.02290891467003,9.156241243882182,10.074549964682314,3.0881088247796864,0.09876543209876543,0.0,0.0,16.7525049939819,7.999999999999986
11.129999999999999,0.0003,0.00033,True,15.58604711120303,14.904364563925254,8.882292997069065,2.6864643512380777,0.49382716049382713,0.2962962962962963,0.08641975308641975,21.375498553210107,7.999999999999986
11.139999999999999,0.0003,0.00033,True,20.350435728187968,19.83342560825784,8.064060665839783,2.412583721013498,1.0,1.0,0.48148148148148145,25.393384779825038,7.999999999999986
11.149999999999999,0.0003,0.00033,True,24.58616780615602,24.302257393088137,6.888956695229048,2.0387298839760284,1.0,1.0,1.0,28.584608743567888,7.999999999999986
11.159999999999998,0.0003,0.00033,True,18.482340473625197,18.040002660322006,5.7154806315485125,1.6198485129630278,1.0,0.7407407407407407,0.19753086419753085,22.245265219715392,7.999999999999986
11.169999999999998,0.0003,0.00033,True,13.269648534487322,13.447808343469266,1.9210626479062274,0.4425251189782741,0.0,0.0,0.0,13.598294236704254,5.5499999999999945
11.179999999999998,0.0003,0.00033,True,3.2449890041804714,2.661712911933898,6.0170066639953586,1.631965895001145,0.0,0.0,0.0,7.747670036334673,7.999999999999986
11.189999999999998,0.0003,0.00033,True,8.995996088189857,9.18477325782328,1.991328135598451,0.4611044378290168,0.0,0.0,0.0,9.338709573349881,5.599999999999994
11.199999999999998,0.0003,0.00033,True,3.2468689898149523,2.8598305671861732,4.288355546480605,1.1887067806158842,0.0,0.0,0.0,6.362881881559529,7.999999999999986
11.209999999999997,0.0003,0.00033,True,3.595983788822835,4.07292789820562,4.567832478400932,1.2524718483743926,0.0,0.0,0.0,4.745241407974482,5.599999999999994
11.219999999999997,0.0003,0.00033,True,6.037956319156139,6.021559455567063,0.5881082862738634,0.20386001272682527,0.0,0.0,0.0,6.357395125997199,7.549999999999987
11.229999999999997,0.0003,0.00033,True,0.5113282041326376,0.09908872967260422,3.2137173381311825,0.8078453252148513,0.0,0.0,0.0,3.2137463053620126,7.999999999999986
11.239999999999997,0.0003,0.00033,True,3.729485736033981,4.099707624349894,3.8100360039037886,0.9784372324177102,0.0,0.0,0.0,4.583264730071704,5.599999999999994
11.249999999999996,0.0003,0.00033,True,3.7809347470995918,3.690716524493896,1.4627193073742704,0.4822398357677835,0.0,0.0,0.0,4.668095296268773,7.899999999999986
11.259999999999996,0.0003,0.00033,True,0.3079037152738836,0.11132888233303571,2.2606571025690636,0.5168891038886118,0.0,0.0,0.0,2.260671788233231,7.999999999999986
11.269999999999996,0.0003,0.00033,True,3.6466131280103267,3.8986853856539487,2.4753942310080994,0.590508987692453,0.0,0.0,0.0,4.085062082717766,5.649999999999994
11.279999999999996,0.0003,0.00033,True,2.634636120044023,2.518664376987736,1.604056255865065,0.5243916695959014,0.0,0.0,0.0,3.61758452150284,7.899999999999986
11.289999999999996,0.0003,0.00033,True,0.9732231441188366,1.099287498384586,1.6610929481932082,0.5676393625902273,0.0,0.0,0.0,1.6620327590856574,5.649999999999994
11.299999999999995,0.0003,0.00033,True,3.0239702901791077,3.2053650281057062,1.6039289340899947,0.36205854499219464,0.0,0.0,0.0,3.224825701241489,6.299999999999992
11.309999999999995,0.0003,0.00033,True,0.3654071074084016,0.09488779400076985,2.0570403401268056,0.5320128110377511,0.0,0.0,0.0,2.057045592586126,7.999999999999986
11.319999999999995,0.0003,0.00033,True,1.8838345989580796,2.135031748350553,2.344476572934831,0.6395375165812685,0.0,0.0,0.0,2.465470905514509,5.649999999999994
11.329999999999995,0.0003,0.00033,True,1.4552043270603847,1.3447016687733668,1.4327510105278658,0.4701764103504274,0.0,0.0,0.0,2.338549929174753,7.899999999999986
11.339999999999995,0.0003,0.00033,True,1.2675119140779776,1.4557607532005237,1.8383062173251612,0.5615829909807084,0.0,0.0,0.0,1.8389277949960061,5.649999999999994
11.349999999999994,0.0003,0.00033,True,0.9772259265749065,0.8562222908612492,1.4400097109072754,0.4580412076842706,0.0,0.0,0.0,1.9098837205090178,7.949999999999986
11.05,0.0003,0.00033999999999999997,True,18.630367776727425,20.504098953571635,13.153571534039699,3.834207591903057,0.8024691358024691,0.7160493827160493,0.5432098765432098,22.02482157263436,4.899999999999997
11.06,0.0003,0.00033999999999999997,True,16.983372672948992,18.811144870679616,12.93963998443087,3.7763800708558874,0.7283950617283951,0.6296296296296297,0.25925925925925924,20.332484473017058,4.899999999999997
11.07,0.0003,0.00033999999999999997,True,15.036694088271245,16.820692017340352,12.741959028823134,3.723909415298377,0.6296296296296297,0.48148148148148145,0.0,18.344466532496234,4.849999999999997
11.08,0.0003,0.00033999999999999997,True,12.717796624291259,14.457537814315762,12.550895520872206,3.6843162883093012,0.4444444444444444,0.0,0.0,15.997259134054062,4.799999999999997
11.09,0.0003,0.00033999999999999997,True,10.341437505141428,12.046262595857492,12.228227173465887,3.6535271960431985,0.0,0.0,0.0,13.612487180308474,4.799999999999997
11.1,0.0003,0.00033999999999999997,True,8.049244771887354,9.68170174388234,11.195950071992693,3.5541327143830355,0.0,0.0,0.0,11.296938934551415,4.799999999999997
11.11,0.0003,0.00033999999999999997,True,5.551665927865188,6.8875229930071455,8.601880982079697,3.1080034550639817,0.0,0.0,0.0,8.603619610670037,4.749999999999997
11.12,0.0003,0.00033999999999999997,True,2.923710995960953,3.318153686595282,4.911341755825359,1.7522831098435845,0.0,0.0,0.0,4.913952977229933,4.6999999999999975
11.129999999999999,0.0003,0.00033999999999999997,True,1.807486288697902,0.7788169013083592,8.512012697922826,2.2894897570532837,0.0,0.0,0.0,8.512253999115181,7.999999999999986
11.139999999999999,0.0003,0.00033999999999999997,True,4.40199056697952,2.9852492570695723,11.643759920177885,3.615981285386094,0.0,0.0,0.0,12.596740640444208,7.999999999999986
11.149999999999999,0.0003,0.00033999999999999997,True,10.076948583690575,9.066933718906412,10.482800626225265,3.2325478177771263,0.1111111111111111,0.012345679012345678,0.0,17.212274559180006,7.999999999999986
11.159999999999998,0.0003,0.00033999999999999997,True,17.08435102862595,16.308076598968256,8.923567166498067,2.722452907218965,0.6666666666666666,0.43209876543209874,0.19753086419753085,23.03582799528725,7.999999999999986
11.169999999999998,0.0003,0.00033999999999999997,True,22.847216678403623,22.340457516086914,7.66034571645573,2.315560286398505,1.0,1.0,0.9753086419753086,27.629515008697606,7.999999999999986
11.179999999999998,0.0003,0.00033999999999999997,True,24.03954860204857,24.029522203627018,5.307087898495553,1.5450689977301668,1.0,1.0,1.0,26.739963597857,7.999999999999986
11.189999999999998,0.0003,0.00033999999999999997,True,12.321551364954052,12.563300252658776,2.456581996178489,0.5896122065578558,0.0,0.0,0.0,12.792889613603155,5.149999999999996
11.199999999999998,0.0003,0.00033999999999999997,True,1.5347413165159367,1.1144591732199405,4.212781900255411,1.056595663150207,0.0,0.0,0.0,4.894311507534667,7.999999999999986
11.209999999999997,0.0003,0.00033999999999999997,True,9.19630991820062,9.357083891833845,1.7359313717286788,0.41453594688895284,0.0,0.0,0.0,9.535739142045225,5.599999999999994
11.219999999999997,0.0003,0.00033999999999999997,True,1.4138270509109658,1.0145048430501638,3.856432356120401,1.0031568691159085,0.0,0.0,0.0,4.4022665279295055,7.999999999999986
11.229999999999997,0.0003,0.00033999999999999997,True,6.167209968440146,6.437826595003401,2.864643323758424,0.6927244991339221,0.0,0.0,0.0,6.74250342449763,5.599999999999994
11.239999999999997,0.0003,0.00033999999999999997,True,5.004718527926136,4.8731035149050435,1.6612203217878996,0.49274120683784073,0.0,0.0,0.0,6.1272944172871515,7.999999999999986
11.249999999999996,0.0003,0.00033999999999999997,True,2.1789853472810257,2.475183977604429,3.113325382835515,0.9266764899351042,0.0,0.0,0.0,3.1172971085135193,5.599999999999994
11.259999999999996,0.0003,0.00033999999999999997,True,5.175667350952469,5.29881437248353,1.1741165125617332,0.2567629934082645,0.0,0.0,0.0,5.311890629430249,6.299999999999992
11.269999999999996,0.0003,0.00033999999999999997,True,0.4769391228557381,0.15970607357036232,2.656083509998625,0.6707598004273888,0.0,0.0,0.0,2.6592517298342515,7.999999999999986
11.279999999999996,0.0003,0.00033999999999999997,True,2.8947225595735566,3.2070383565229035,3.164255137815613,0.8300379602742056,0.0,0.0,0.0,3.6481444539248846,5.649999999999994
11.289999999999996,0.0003,0.00033999999999999997,True,2.5364120174686464,2.3917829447824843,1.793450622882745,0.5538532560680034,0.0,0.0,0.0,3.698183281017587,7.999999999999986
11.299999999999995,0.0003,0.00033999999999999997,True,0.4732564600300759,0.48711820429442354,0.9001707125918686,0.3134553874038564,0.0,0.0,0.0,0.9009681938031746,5.649999999999994
11.309999999999995,0.0003,0.00033999999999999997,True,3.0795466891714267,3.088867282535419,0.6602532771724063,0.12930839992441978,0.0,0.0,0.0,3.226956632557373,7.149999999999989
11.319999999999995,0.0003,0.00033999999999999997,True,0.2792961696649967,0.034300546994131924,1.8436780395135874,0.4546763616639338,0.0,0.0,0.0,1.8436900123303483,7.999999999999986
11.329999999999995,0.0003,0.00033999999999999997,True,2.418071795395066,2.6301030071498595,1.9977347534979983,0.48741609091013816,0.0,0.0,0.0,2.788019915584491,5.649999999999994
11.339999999999995,0.0003,0.00033999999999999997,True,0.2949765343853738,0.07301382968232886,1.7216245572427227,0.4398593424951597,0.0,0.0,0.0,1.721636798349719,7.999999999999986
11.349999999999994,0.0003,0.00033999999999999997,True,2.103187634344982,2.258351529570563,1.3448742513995966,0.30817310067562875,0.0,0.0,0.0,2.278780229637845,6.299999999999992
11.05,0.0003,0.00035,True,27.00762805174643,29.08595411028193,14.005253364434449,4.04403518182621,1.0,0.9876543209876543,0.9012345679012346,30.53124876678972,4.9999999999999964
11.06,0.0003,0.00035,True,25.53590599510276,27.61424005864874,13.828245775177427,3.9975953419835735,1.0,0.9506172839506173,0.8641975308641975,29.03244741821934,4.9999999999999964
11.07,0.0003,0.00035,True,23.793188451117558,25.824904122421415,13.606402487844404,3.9410581702120644,0.9629629629629629,0.9012345679012346,0.8024691358024691,27.254135728730713,4.9999999999999964
11.08,0.0003,0.00035,True,21.724434486494197,23.699945190690656,13.365705335429418,3.8782262025296763,0.9012345679012346,0.8395061728395061,0.7160493827160493,25.141091988929084,4.949999999999997
11.09,0.0003,0.00035,True,19.633220863463407,21.553562389484174,13.129522780213613,3.8153107104404778,0.8395061728395061,0.7654320987654321,0.6172839506172839,23.000933850572885,4.949999999999997
11.1,0.0003,0.00035,True,17.63678982204422,19.51181225222847,12.938571295068877,3.761090834526878,0.7654320987654321,0.6666666666666666,0.43209876543209874,20.960915404503893,4.949999999999997
11.11,0.0003,0.00035,True,15.38748400561262,17.220480082575044,12.781227803181523,3.7187529898776033,0.654320987654321,0.5185185185185185,0.0,18.67592992638138,4.899999999999997
11.12,0.0003,0.00035,True,12.513588742332562,14.31210586530428,12.680645802536173,3.707371421729114,0.4074074074074074,0.0,0.0,15.793156816644826,4.899999999999997
11.129999999999999,0.0003,0.00035,True,9.41062534296051,11.1817602408447,12.173469222336575,3.6995226003457753,0.0,0.0,0.0,12.711855391123727,4.849999999999997
11.139999999999999,0.0003,0.00035,True,6.546183997978652,8.135936974643037,9.757435075851392,3.410028822881393,0.0,0.0,0.0,9.759629083994593,4.849999999999997
11.149999999999999,0.0003,0.00035,True,3.6486727655960665,4.232737580813874,6.047642787251837,2.171697770147919,0.0,0.0,0.0,6.049375057479476,4.799999999999997
11.159999999999998,0.0003,0.00035,True,1.9886501753432568,0.7143764519208262,9.395824176520511,2.597413617565743,0.0,0.0,0.0,9.396579813246083,7.999999999999986
11.169999999999998,0.0003,0.00035,True,6.406774759326968,5.016291250834045,12.077678112385412,3.756478678762887,0.0,0.0,0.0,14.813890887126684,7.999999999999986
11.179999999999998,0.0003,0.00035,True,12.850375796215628,11.770423499303007,10.256590566787166,3.159736090379118,0.25925925925925924,0.14814814814814814,0.0,19.94137965919844,7.999999999999986
11.189999999999998,0.0003,0.00035,True,20.656264816436007,19.878633043477848,8.483302404139124,2.611333179090736,1.0,1.0,0.48148148148148145,26.32978939232228,7.999999999999986
11.199999999999998,0.0003,0.00035,True,23.801532334680594,23.92184877483261,4.9261832818432225,1.49552289565695,1.0,1.0,1.0,25.979287989600188,7.999999999999986
11.209999999999997,0.0003,0.00035,True,9.751902477036513,9.633046018449914,1.6534595164715533,0.42429909162414264,0.0,0.0,0.0,10.907263338656588,4.0
11.219999999999997,0.0003,0.00035,True,0.08231362604221373,0.004782622634156085,0.9705823770838835,0.19249170859882167,0.0,0.0,0.0,0.9705859500492753,7.999999999999986
11.229999999999997,0.0003,0.00035,True,9.279293624921007,9.30582794302338,0.32951825434102666,0.07851237009290235,0.0,0.0,0.0,9.360126871939924,5.649999999999994
11.239999999999997,0.0003,0.00035,True,0.20371804083675593,0.18659230267780008,1.0895379372826672,0.20061973879621312,0.0,0.0,0.0,1.089620625822096,7.999999999999986
11.249999999999996,0.0003,0.00035,True,6.873410637836198,6.889611724658574,0.3365617598828887,0.06205169597662182,0.0,0.0,0.0,6.918706217769222,6.89999999999999
11.259999999999996,0.0003,0.00035,True,0.88451590871531,0.596307611672444,2.8973396914190817,0.7385653147719023,0.0,0.0,0.0,3.1575154432906287,7.999999999999986
11.269999999999996,0.0003,0.00035,True,5.286023249254638,5.45077612558488,1.7401115079187441,0.4082735514299935,0.0,0.0,0.0,5.60333318771005,5.649999999999994
11.279999999999996,0.0003,0.00035,True,2.6628513468234516,2.464942017473812,2.340112224955254,0.6588129456410831,0.0,0.0,0.0,4.311515470211954,7.999999999999986
11.289999999999996,0.0003,0.00035,True,3.0992417778327166,3.389173170599844,2.971523718094741,0.7633265276335854,0.0,0.0,0.0,3.7894193656454283,5.649999999999994
11.299999999999995,0.0003,0.00035,True,3.5538244217939,3.5082252595150134,0.7799245555254584,0.26714259085574454,0.0,0.0,0.0,3.992953448157175,7.749999999999987
11.309999999999995,0.0003,0.00035,True,1.1753684656921153,1.3514677370624215,1.864022224727874,0.6099325178196578,0.0,0.0,0.0,1.864164904232872,5.649999999999994
11.319999999999995,0.0003,0.00035,True,3.201946761509345,3.2038251130864537,0.507671646937919,0.11089951147148187,0.0,0.0,0.0,3.3438549487935565,7.199999999999989
11.329999999999995,0.0003,0.00035,True,0.22957000116082849,0.21028303928643788,1.0361210400991032,0.2083089267575637,0.0,0.0,0.0,1.0361226961434047,7.999999999999986
11.339999999999995,0.0003,0.00035,True,2.5297383389357004,2.5221359267369503,0.4399360459530235,0.13151639186039496,0.0,0.0,0.0,2.714189218685927,7.299999999999988
11.349999999999994,0.0003,0.00035,True,0.6095660415316057,0.6544728066346993,1.0920112941803888,0.3780753348466393,0.0,0.0,0.0,1.092830274622753,5.649999999999994
11.05,0.0003,0.00035999999999999997,True,34.59609508856852,36.51463640898343,13.900520929317999,3.9197558466221887,1.0,1.0,1.0,37.83824066658004,5.199999999999996
11.06,0.0003,0.00035999999999999997,True,33.41226512135228,35.40797548723911,13.998307577324933,3.9696760449916995,1.0,1.0,1.0,36.74751095690715,5.149999999999996
11.07,0.0003,0.00035999999999999997,True,31.95786500906148,33.93550302009214,14.032903993148796,4.000770282149253,1.0,1.0,1.0,35.36488471087118,5.099999999999996
11.08,0.0003,0.00035999999999999997,True,30.179627500785994,32.16910231686136,13.99611927032106,4.008530887125569,1.0,1.0,0.9876543209876543,33.628943817103995,5.049999999999996
11.09,0.0003,0.00035999999999999997,True,28.345815874943003,30.371952858868205,13.887512213271048,3.989725172506538,1.0,1.0,0.9382716049382716,31.808330720560797,5.049999999999996
11.1,0.0003,0.00035999999999999997,True,26.57822131672073,28.559305106699,13.725522545878121,3.954664203579731,1.0,0.9753086419753086,0.8888888888888888,30.026704311770654,5.049999999999996
11.11,0.0003,0.00035999999999999997,True,24.57992928991417,26.51526313671689,13.531411950706367,3.9066317506483226,0.9753086419753086,0.9259259259259259,0.8271604938271605,28.00144711308149,4.9999999999999964
11.12,0.0003,0.00035999999999999997,True,22.04204452699736,24.009466745831254,13.29457215219532,3.847626366318245,0.9135802469135802,0.8518518518518519,0.7407407407407407,25.42253443736851,4.949999999999997
11.129999999999999,0.0003,0.00035999999999999997,True,19.35791255975779,21.31366345573874,13.082787327883052,3.789964084650184,0.8271604938271605,0.7530864197530864,0.5925925925925926,22.693522213468526,4.9999999999999964
11.139999999999999,0.0003,0.00035999999999999997,True,16.87102322113367,18.781534188277593,12.942686562276869,3.7487184790070556,0.7283950617283951,0.6296296296296297,0.1728395061728395,20.17190184393439,4.949999999999997
11.149999999999999,0.0003,0.00035999999999999997,True,13.966039400683401,15.850353022823224,12.917943645666394,3.7436387139532954,0.5679012345679012,0.2222222222222222,0.0,17.25457405110982,4.899999999999997
11.159999999999998,0.0003,0.00035999999999999997,True,10.065123128445551,11.952125131556013,12.69754199883584,3.799620245687409,0.0,0.0,0.0,13.4131145939815,4.899999999999997
11.169999999999998,0.0003,0.00035999999999999997,True,6.303352396313348,7.9431167045395314,9.534111488429321,3.396210782830347,0.0,0.0,0.0,9.536622317484884,4.899999999999997
11.179999999999998,0.0003,0.00035999999999999997,True,3.273557364319062,4.017657856637672,5.377381979687096,1.8428523015115192,0.0,0.0,0.0,5.381877815574737,7.999999999999986
11.189999999999998,0.0003,0.00035999999999999997,True,3.1112071187706407,1.0025722102059889,12.32534547422037,3.813551631738688,0.0,0.0,0.0,12.343212448903913,7.999999999999986
11.199999999999998,0.0003,0.00035999999999999997,True,11.354280331394069,10.024824699381899,11.278397880468066,3.4787401998426892,0.19753086419753085,0.09876543209876543,0.0,19.268196324419737,7.999999999999986
11.209999999999997,0.0003,0.00035999999999999997,True,18.558196196645437,17.510334148281498,9.400973271967038,2.9037898176554138,1.0,0.5555555555555556,0.2962962962962963,25.09728635196798,7.999999999999986
11.219999999999997,0.0003,0.00035999999999999997,True,23.41802682776019,23.683823120152177,4.519190584365791,1.4297938829698598,1.0,1.0,1.0,25.05581521979641,7.549999999999987
11.229999999999997,0.0003,0.00035999999999999997,True,13.977762209693694,14.005733270276012,0.5951879235767965,0.13345972608701287,0.0,0.0,0.0,14.114301945086735,4.649999999999998
11.239999999999997,0.0003,0.00035999999999999997,True,2.448395904895102,2.418898020938604,0.915532851694862,0.2033542767976161,0.0,0.0,0.0,2.9908045890930706,4.0
11.249999999999996,0.0003,0.00035999999999999997,True,5.6035098226659255,5.531183880107401,0.7496603942904221,0.16572954757620342,0.0,0.0,0.0,6.2284577926783165,7.999999999999986
11.259999999999996,0.0003,0.00035999999999999997,True,5.2509000168191164,5.460166449465561,2.28426049202886,0.5604510865193095,0.0,0.0,0.0,5.733979257564496,5.649999999999994
11.269999999999996,0.0003,0.00035999999999999997,True,3.102775765216853,2.929365830384323,2.022169110110882,0.5327018512204217,0.0,0.0,0.0,4.615402970846938,7.999999999999986
11.279999999999996,0.0003,0.00035999999999999997,True,3.6049298948309465,3.866076426274559,2.8582454658177348,0.7255553186764485,0.0,0.0,0.0,4.26686688439495,5.649999999999994
11.289999999999996,0.0003,0.00035999999999999997,True,3.012211426591238,2.845969120482529,1.9244400909963142,0.5337066741334388,0.0,0.0,0.0,4.380410026383294,7.999999999999986
11.299999999999995,0.0003,0.00035999999999999997,True,1.7586371112196162,1.9972028697094755,2.4334235573145,0.7018916614162735,0.0,0.0,0.0,2.48095181497362,5.649999999999994
11.309999999999995,0.0003,0.00035999999999999997,True,3.0056881659938255,2.8899256303252834,1.4018482144712139,0.42068173896874306,0.0,0.0,0.0,3.9320738030037496,7.999999999999986
11.319999999999995,0.0003,0.00035999999999999997,True,1.1531577120847567,1.3176794009347483,1.802360402899635,0.5794140708579958,0.0,0.0,0.0,1.8024684845828933,5.649999999999994
11.329999999999995,0.0003,0.00035999999999999997,True,2.9972637936620123,2.972587949291775,0.646925479388901,0.22355438001942077,0.0,0.0,0.0,3.350182499266772,7.649999999999987
11.339999999999995,0.0003,0.00035999999999999997,True,1.459580190224581,1.6522118282600333,2.0814106083231283,0.6129235651896865,0.0,0.0,0.0,2.096270670940034,5.649999999999994
11.349999999999994,0.0003,0.00035999999999999997,True,1.3578678409800642,1.22023070576547,1.706424906863869,0.5023511495557439,0.0,0.0,0.0,2.5200049597865304,7.999999999999986
11.05,0.0003,0.00037,True,39.69533287673075,40.7624164311614,10.586112031655375,2.6519273974908852,1.0,1.0,1.0,41.70787800707056,5.999999999999993
11.06,0.0003,0.00037,True,39.149052058184026,40.446319675356655,11.268638106510934,2.926918428560272,1.0,1.0,1.0,41.32461142754347,5.799999999999994
11.07,0.0003,0.00037,True,38.358281290806026,39.85993945256724,12.005143578807385,3.2117479203635293,1.0,1.0,1.0,40.785538160594385,5.5499999999999945
11.08,0.0003,0.00037,True,37.242054962047895,38.92347257689286,12.729622496593798,3.483927480927942,1.0,1.0,1.0,39.96848759125648,5.399999999999995
11.09,0.0003,0.00037,True,35.95531273988601,37.7769010204192,13.237191196283842,3.681107676477232,1.0,1.0,1.0,38.92821062939261,5.249999999999996
11.1,0.0003,0.00037,True,34.61677497393573,36.478423290923786,13.537966197374011,3.803138815251771,1.0,1.0,1.0,37.76277056223734,5.249999999999996
11.11,0.0003,0.00037,True,33.01200823695678,34.88630699176987,13.732200724121782,3.887230097750308,1.0,1.0,1.0,36.29079610535439,5.199999999999996
11.12,0.0003,0.00037,True,30.874694265170984,32.8305659534052,13.807713215946045,3.9376062343724527,1.0,1.0,1.0,34.25040856589224,5.099999999999996
11.129999999999999,0.0003,0.00037,True,28.543727403570244,30.45344832000481,13.764048687406287,3.9418378329165273,1.0,1.0,0.9506172839506173,31.96138627617318,5.049999999999996
11.139999999999999,0.0003,0.00037,True,26.357123024721947,28.270221356760807,13.620367384527569,3.91352984655728,1.0,0.9753086419753086,0.8888888888888888,29.77313757822823,5.049999999999996
11.149999999999999,0.0003,0.00037,True,23.80525580162252,25.752293126698653,13.424685432467067,3.869174223935452,0.9629629629629629,0.9012345679012346,0.8024691358024691,27.196816236460776,5.049999999999996
11.159999999999998,0.0003,0.00037,True,20.451184235339586,22.343477318941247,13.223641758512585,3.8153526032470113,0.8641975308641975,0.7901234567901234,0.6666666666666666,23.80411465703424,4.9999999999999964
11.169999999999998,0.0003,0.00037,True,17.20774009969478,19.11226169162687,13.120431315041944,3.783940765566346,0.7530864197530864,0.654320987654321,0.30864197530864196,20.529393038535954,4.9999999999999964
11.179999999999998,0.0003,0.00037,True,13.986642603621814,15.959738783629946,13.23123551222845,3.8097868513926576,0.5802469135802469,0.2345679012345679,0.0,17.31606894385726,4.949999999999997
11.189999999999998,0.0003,0.00037,True,9.347466529837629,11.358125754800493,12.679158791175253,3.907187256939542,0.0,0.0,0.0,12.78580373094277,4.949999999999997
11.199999999999998,0.0003,0.00037,True,4.7436572520659865,5.89176218538514,7.560986814436253,2.689700579891192,0.0,0.0,0.0,7.567362788964943,4.899999999999997
11.209999999999997,0.0003,0.00037,True,2.3250289713450734,1.4771091283260365,10.092195010861705,2.5684806622449594,0.0,0.0,0.0,10.094174504626338,7.999999999999986
11.219999999999997,0.0003,0.00037,True,9.89970757566061,8.284296097769253,12.492077564076544,3.843522919487165,0.14814814814814814,0.07407407407407407,0.0,18.72091333640901,7.999999999999986
11.229999999999997,0.0003,0.00037,True,19.333622413613323,18.153683588235374,9.594144696886627,2.983246908298472,1.0,0.6419753086419753,0.345679012345679,26.08310835625689,7.999999999999986
11.239999999999997,0.0003,0.00037,True,22.519359671666294,22.845030898715187,4.68967190411259,1.3028710066627496,1.0,1.0,0.9382716049382716,24.031616064474743,6.9499999999999895
11.249999999999996,0.0003,0.00037,True,11.417309054573135,11.740203396679053,3.685467358647731,1.0378742919608597,0.0,0.0,0.0,12.52097369260415,5.649999999999994
11.259999999999996,0.0003,0.00037,True,9.590513937065724,9.631603551800488,0.47043795858209947,0.10297357273425911,0.0,0.0,0.0,9.669458747178037,4.749999999999997
11.269999999999996,0.0003,0.00037,True,1.6224158863435743,1.7292942129875033,1.0194573565852525,0.23540630941642346,0.0,0.0,0.0,1.7877493389802126,4.849999999999997
11.279999999999996,0.0003,0.00037,True,7.148134760817165,7.168858474005989,0.2908187981407382,0.07664502370732146,0.0,0.0,0.0,7.231697612843295,5.649999999999994
11.289999999999996,0.0003,0.00037,True,3.096736097055639,3.313428964525959,2.3570603218961876,0.5981697914043133,0.0,0.0,0.0,3.646506267003125,5.649999999999994
11.299999999999995,0.0003,0.00037,True,5.100162254873519,5.072733010360332,0.3338751011130574,0.10817761725665113,0.0,0.0,0.0,5.308023114874323,7.899999999999986
11.309999999999995,0.0003,0.00037,True,2.688799458055826,2.932411897354921,2.5465886161519244,0.662418416030982,0.0,0.0,0.0,3.316691061396792,5.649999999999994
11.319999999999995,0.0003,0.00037,True,3.4098626426251966,3.3269627261951356,1.0349478079662786,0.31070202507775707,0.0,0.0,0.0,4.092184348795637,7.999999999999986
11.329999999999995,0.0003,0.00037,True,1.8413853642224587,2.0562592676294873,2.3231836802367707,0.6436783180885769,0.0,0.0,0.0,2.4881978411214787,5.649999999999994
11.339999999999995,0.0003,0.00037,True,1.4195553538042114,1.250105752970943,1.9570185370125932,0.5428387071440205,0.0,0.0,0.0,2.8178975153197854,7.999999999999986
11.349999999999994,0.0003,0.00037,True,2.8183217606685886,2.9844278715426316,1.7184134413077425,0.41244145863767806,0.0,0.0,0.0,3.147242432832365,5.699999999999994
11.05,0.0003,0.00037999999999999997,True,40.14322580589202,39.83581300494158,5.328433255970367,1.9090900797884836,1.0,1.0,1.0,43.13308822608603,7.049999999999989
11.06,0.0003,0.00037999999999999997,True,40.34133451680925,40.02876303345729,6.006138499815329,1.6681551630847242,1.0,1.0,1.0,42.928842540934,6.89999999999999
11.07,0.0003,0.00037999999999999997,True,40.45925230418158,40.30831155481185,6.851217148961275,1.5589256608137192,1.0,1.0,1.0,42.679836556332106,6.79999999999999
11.08,0.0003,0.00037999999999999997,True,40.42285811815964,40.53597589283722,7.866658450419486,1.6964815867618916,1.0,1.0,1.0,42.36702526504817,6.549999999999991
11.09,0.0003,0.00037999999999999997,True,40.18352257617377,40.668357844482124,8.885758738904407,2.021622659851066,1.0,1.0,1.0,42.02357216848182,6.349999999999992
11.1,0.0003,0.00037999999999999997,True,39.765223982763416,40.6107328652,9.820834720703829,2.3867677408253147,1.0,1.0,1.0,41.65063653616785,6.0999999999999925
11.11,0.0003,0.00037999999999999997,True,39.08229013927869,40.280742477326655,10.821563922671505,2.781554662862824,1.0,1.0,1.0,41.1642101135389,5.849999999999993
11.12,0.0003,0.00037999999999999997,True,37.91985542864203,39.4232530285515,11.935329634552453,3.2055615117373497,1.0,1.0,1.0,40.37330538119007,5.5499999999999945
11.129999999999999,0.0003,0.00037999999999999997,True,36.396300357239994,38.10643590258928,12.807908005012727,3.5280174326890634,1.0,1.0,1.0,39.21507051597142,5.349999999999995
11.139999999999999,0.0003,0.00037999999999999997,True,34.789406963409576,36.601380930377914,13.308143005167139,3.7180607334797435,1.0,1.0,1.0,37.85764762590886,5.249999999999996
11.149999999999999,0.0003,0.00037999999999999997,True,32.75791195834109,34.61996512932316,13.616878787985012,3.8458501237990825,1.0,1.0,1.0,36.010696802934675,5.149999999999996
11.159999999999998,0.0003,0.00037999999999999997,True,29.92560291843021,31.769798615591988,13.746143280670516,3.916526822860434,1.0,1.0,0.9876543209876543,33.305129374213315,5.149999999999996
11.169999999999998,0.0003,0.00037999999999999997,True,27.107010348580086,29.02023305164753,13.678564199995193,3.9163554537427885,1.0,0.9876543209876543,0.9135802469135802,30.518545899339138,5.099999999999996
11.179999999999998,0.0003,0.00037999999999999997,True,24.309412690572206,26.185102642138407,13.528795298434009,3.8840034986705563,0.9753086419753086,0.9135802469135802,0.8271604938271605,27.711440081608423,5.099999999999996
11.189999999999998,0.0003,0.00037999999999999997,True,20.388354728699095,22.2450451897899,13.375122890131529,3.8426338792299783,0.8641975308641975,0.7901234567901234,0.6666666666666666,23.760376668994382,5.049999999999996
11.199999999999998,0.0003,0.00037999999999999997,True,16.207587414846643,18.142092474362407,13.457233583071265,3.8512309989263374,0.7037037037037037,0.5925925925925926,0.0,19.575282830802728,5.049999999999996
11.209999999999997,0.0003,0.00037999999999999997,True,12.24283575190669,14.220141152581409,13.822138509016531,3.9769137437847943,0.345679012345679,0.0,0.0,15.686650442745112,5.049999999999996
11.219999999999997,0.0003,0.00037999999999999997,True,6.357432043306541,8.165839440865383,9.683912206488706,3.437603367546907,0.0,0.0,0.0,9.68409103088706,4.9999999999999964
11.229999999999997,0.0003,0.00037999999999999997,True,2.592050984804748,1.86791956235892,10.635463608296082,2.6195513444931446,0.0,0.0,0.0,10.638012751565025,7.999999999999986
11.239999999999997,0.0003,0.00037999999999999997,True,8.982807304572033,7.0625936325118275,13.686712448883833,4.193412099916001,0.13580246913580246,0.06172839506172839,0.0,18.677244755295654,7.999999999999986
11.249999999999996,0.0003,0.00037999999999999997,True,21.39930399111791,20.31209374501565,8.510075469412051,2.764917285387031,1.0,1.0,0.5308641975308642,27.23670032189206,7.999999999999986
11.259999999999996,0.0003,0.00037999999999999997,True,11.335772426896867,13.403464566605114,16.683766545775963,5.334031350061527,0.37037037037037035,0.0,0.0,16.710259204448757,5.899999999999993
11.269999999999996,0.0003,0.00037999999999999997,True,3.4249881513831597,3.163632911410695,4.547347125836844,1.4217947554095107,0.0,0.0,0.0,6.228241728969042,7.999999999999986
11.279999999999996,0.0003,0.00037999999999999997,True,6.917665570622434,7.047388887419547,1.8057695363294481,0.5452537186572812,0.0,0.0,0.0,7.538848557861401,5.649999999999994
11.289999999999996,0.0003,0.00037999999999999997,True,7.692883135818045,7.748910289371823,0.649886510879937,0.1731755644999341,0.0,0.0,0.0,7.869882537913425,5.649999999999994
11.299999999999995,0.0003,0.00037999999999999997,True,0.030281484624014497,0.026914802279016593,0.23118213973270524,0.03838758138165164,0.0,0.0,0.0,0.2312063439171869,7.999999999999986
11.309999999999995,0.0003,0.00037999999999999997,True,4.81141708944872,4.768407591997962,0.4394920123162951,0.11832470702388297,0.0,0.0,0.0,5.1349716137118815,7.999999999999986
11.319999999999995,0.0003,0.00037999999999999997,True,2.1377276268588603,2.3367141149617283,2.129395651013178,0.5604858597030714,0.0,0.0,0.0,2.6815319180348265,5.649999999999994
11.329999999999995,0.0003,0.00037999999999999997,True,3.0405025637688157,2.9378772586818878,1.2213382990153172,0.34080111548958203,0.0,0.0,0.0,3.8983427229533123,7.999999999999986
11.339999999999995,0.0003,0.00037999999999999997,True,3.5101486094007734,3.669050379628551,1.7329548303052502,0.4205648413876066,0.0,0.0,0.0,3.8723800007160984,5.649999999999994
11.349999999999994,0.0003,0.00037999999999999997,True,0.1264925215429115,0.05933164146841443,1.0085694964058118,0.20940675778212595,0.0,0.0,0.0,1.0086265970303279,7.999999999999986
11.05,0.0003,0.00039,True,36.69487311458206,35.07569297312837,12.066886851328519,4.4794716015342955,1.0,1.0,1.0,44.06988321237364,7.699999999999987
11.06,0.0003,0.00039,True,37.286567548090915,35.885069227338185,11.048917025805352,4.135550557676807,1.0,1.0,1.0,43.91955788444088,7.599999999999987
11.07,0.0003,0.00039,True,37.93860535135468,36.8188285091376,9.866097481244893,3.710865906640982,1.0,1.0,1.0,43.73323105208084,7.549999999999987
11.08,0.0003,0.00039,True,38.63187096084228,37.87106900039345,8.502178742588256,3.189427508369408,1.0,1.0,1.0,43.51577501805815,7.399999999999988
11.09,0.0003,0.00039,True,39.22381306216926,38.837912326513276,7.187010674203123,2.664123639875856,1.0,1.0,1.0,43.287544321358205,7.299999999999988
11.1,0.0003,0.00039,True,39.67483656457457,39.31330041601357,6.005649162319955,2.1949627801063847,1.0,1.0,1.0,43.06328341310077,7.149999999999989
11.11,0.0003,0.00039,True,40.04177103486369,39.70242645464019,5.233115204063829,1.7597048484145208,1.0,1.0,1.0,42.804546655685925,6.999999999999989
11.12,0.0003,0.00039,True,40.271552465186915,40.04699349562024,6.501374688724873,1.5052992158557355,1.0,1.0,1.0,42.45948484815557,6.79999999999999
11.129999999999999,0.0003,0.00039,True,40.200812589800776,40.392133358826136,7.863523526375587,1.7036235708748602,1.0,1.0,1.0,42.05972764769909,6.549999999999991
11.139999999999999,0.0003,0.00039,True,39.84070790835822,40.45623634751831,9.075566574233697,2.12117322391377,1.0,1.0,1.0,41.64549889701075,6.249999999999992
11.149999999999999,0.0003,0.00039,True,39.074344073208934,40.172432507499295,10.431404947383673,2.6460204220284065,1.0,1.0,1.0,41.07325419311712,5.899999999999993
11.159999999999998,0.0003,0.00039,True,37.557667990421486,39.04832806236762,11.963453485225365,3.215757413073979,1.0,1.0,1.0,40.04051991929266,5.499999999999995
11.169999999999998,0.0003,0.00039,True,35.66881530944692,37.37719013753636,12.949132625795638,3.57711430286978,1.0,1.0,1.0,38.57011914771356,5.349999999999995
11.179999999999998,0.0003,0.00039,True,33.53965744513713,35.355416236478966,13.48300028088175,3.7794452105483156,1.0,1.0,1.0,36.71242499563378,5.249999999999996
11.189999999999998,0.0003,0.00039,True,30.29489158518977,32.14764519405629,13.783491053422246,3.9085982469915033,1.0,1.0,0.9876543209876543,33.66232364663759,5.199999999999996
11.199999999999998,0.0003,0.00039,True,26.69845604964337,28.530450918193125,13.776208023034123,3.931330585682695,1.0,0.9753086419753086,0.9012345679012346,30.1296468322175,5.099999999999996
11.209999999999997,0.0003,0.00039,True,23.329297033985505,25.166118901759283,13.659329234157273,3.9064394106274873,0.9506172839506173,0.8888888888888888,0.7901234567901234,26.756643948122587,5.099999999999996
11.219999999999997,0.0003,0.00039,True,18.32640394592052,20.21808761109769,13.684977716813687,3.902509282901954,0.7901234567901234,0.7160493827160493,0.5308641975308642,21.743915420731685,5.099999999999996
11.229999999999997,0.0003,0.00039,True,13.252010596882887,15.201037327416332,14.323009121150424,4.067890627741255,0.5432098765432098,0.0,0.0,16.763461912579643,5.049999999999996
11.239999999999997,0.0003,0.00039,True,7.761092412308384,9.793536379151949,11.35376857764377,3.9126774187167492,0.0,0.0,0.0,11.355328199422383,5.049999999999996
11.249999999999996,0.0003,0.00039,True,2.774864501126756,1.0904329513642115,12.798588393080463,3.576816092574368,0.0,0.0,0.0,12.801302002438375,7.999999999999986
11.259999999999996,0.0003,0.00039,True,11.587023721967224,9.54386403923729,13.64960206010095,4.1360740901396715,0.2345679012345679,0.16049382716049382,0.04938271604938271,21.330530450577925,7.999999999999986
11.269999999999996,0.0003,0.00039,True,22.32952191126179,22.34342703777768,5.102849107940987,1.4846844654803073,1.0,1.0,0.9382716049382716,24.397019255207635,7.099999999999989
11.279999999999996,0.0003,0.00039,True,14.268926391987964,14.771148911085923,4.4513802287509385,1.1135981692577248,0.3333333333333333,0.0,0.0,15.107751480889522,5.5499999999999945
11.289999999999996,0.0003,0.00039,True,9.437376996182081,9.647389015897245,2.3685763992560727,0.6525689097127658,0.0,0.0,0.0,10.096961534321746,5.649999999999994
11.299999999999995,0.0003,0.00039,True,6.015398212984429,6.024684870476314,0.38726409337981504,0.12082698065749949,0.0,0.0,0.0,6.226892737575623,4.0
11.309999999999995,0.0003,0.00039,True,0.15241214018632449,0.1618565390472334,0.1657188110565381,0.035426447601233896,0.0,0.0,0.0,0.18415347489619513,4.749999999999997
11.319999999999995,0.0003,0.00039,True,5.6897156305545495,5.701554459208512,0.20301082131251746,0.058472086507046835,0.0,0.0,0.0,5.75725338539346,5.699999999999994
11.329999999999995,0.0003,0.00039,True,2.6680747913924523,2.8344399221102257,1.812903025713847,0.45744318908064546,0.0,0.0,0.0,3.0954518591488203,5.649999999999994
11.339999999999995,0.0003,0.00039,True,0.7615142563403814,0.6135997030784894,1.5772970679384721,0.3947346447408906,0.0,0.0,0.0,1.9839649861383482,7.999999999999986
11.349999999999994,0.0003,0.00039,True,3.854772704696273,3.8679666743461674,0.3062661892254117,0.05625340970373497,0.0,0.0,0.0,3.8956573914751798,6.9499999999999895
11.05,0.0003,0.00039999999999999996,True,31.223591524407748,28.485625216808028,19.238340410684494,6.22615901542158,1.0,1.0,1.0,44.58824535991162,7.999999999999986
11.06,0.0003,0.00039999999999999996,True,31.941987374910887,29.301882114528745,18.39976059606999,6.04432346650486,1.0,1.0,1.0,44.596564531197636,7.999999999999986
11.07,0.0003,0.00039999999999999996,True,32.78352432973311,30.272084885850276,17.333200729060714,5.815354457431761,1.0,1.0,1.0,44.534081939316266,7.999999999999986
11.08,0.0003,0.00039999999999999996,True,33.75828116202278,31.42797555483805,15.989519491938978,5.519373659365312,1.0,1.0,1.0,44.36670158542796,7.949999999999986
11.09,0.0003,0.00039999999999999996,True,34.695184053324255,32.559528982089375,14.632077053951114,5.188011589908028,1.0,1.0,1.0,44.18299226506267,7.899999999999986
11.1,0.0003,0.00039999999999999996,True,35.53508727673378,33.606441911309,13.37589815603721,4.844247923538673,1.0,1.0,1.0,44.01305897125824,7.7999999999999865
11.11,0.0003,0.00039999999999999996,True,36.42236383067743,34.75418902661082,11.971670942035779,4.4240159044199725,1.0,1.0,1.0,43.815045640608695,7.699999999999987
11.12,0.0003,0.00039999999999999996,True,37.450238478497276,36.16151830387457,10.239856876675695,3.8425490571438234,1.0,1.0,1.0,43.56329960203978,7.599999999999987
11.129999999999999,0.0003,0.00039999999999999996,True,38.38311133605078,37.53820558742187,8.48408794668753,3.188852209942046,1.0,1.0,1.0,43.289101284723365,7.449999999999988
11.139999999999999,0.0003,0.00039999999999999996,True,39.0822761907097,38.67675621605022,6.958195857759506,2.5813246823965104,1.0,1.0,1.0,43.02714359056975,7.299999999999988
11.149999999999999,0.0003,0.00039999999999999996,True,39.68139086490922,39.330914752405974,5.324185532798175,1.941095298714012,1.0,1.0,1.0,42.71454093120706,7.099999999999989
11.159999999999998,0.0003,0.00039999999999999996,True,40.07786614076505,39.85234549070297,6.229473792343711,1.4793560191620687,1.0,1.0,1.0,42.2784522037869,6.84999999999999
11.169999999999998,0.0003,0.00039999999999999996,True,39.99278882679823,40.182311254773175,7.881362247143457,1.7136130538270717,1.0,1.0,1.0,41.81118418787244,6.499999999999991
11.179999999999998,0.0003,0.00039999999999999996,True,39.44930309439417,40.227494923123345,9.452195230767678,2.2721820229920815,1.0,1.0,1.0,41.27846729719924,6.149999999999992
11.189999999999998,0.0003,0.00039999999999999996,True,37.97031164909837,39.35012891384448,11.448763953553971,3.025151221306889,1.0,1.0,1.0,40.27408787196705,5.649999999999994
11.199999999999998,0.0003,0.00039999999999999996,True,35.67613731762735,37.324327048581,12.918153509487485,3.551365031300816,1.0,1.0,1.0,38.55606397203933,5.349999999999995
11.209999999999997,0.0003,0.00039999999999999996,True,33.126671577121684,34.862129449249984,13.599681444971974,3.8065927061659868,1.0,1.0,1.0,36.33785742666386,5.249999999999996
11.219999999999997,0.0003,0.00039999999999999996,True,28.969649697548977,30.756778645414084,13.95695096859557,3.9539839722029075,1.0,1.0,0.9506172839506173,32.40164615025432,5.199999999999996
11.229999999999997,0.0003,0.00039999999999999996,True,24.676934791073222,26.532298381968545,13.945508475812613,3.96842552641618,0.9753086419753086,0.9259259259259259,0.8395061728395061,28.15867116380849,5.149999999999996
11.239999999999997,0.0003,0.00039999999999999996,True,20.126456391187457,21.976291923322194,13.963317716676325,3.966738387097182,0.8518518518518519,0.7777777777777778,0.654320987654321,23.60718199757362,5.149999999999996
11.249999999999996,0.0003,0.00039999999999999996,True,13.243883671801813,15.252163055011046,15.002604668878146,4.2305164599981175,0.5432098765432098,0.0,0.0,16.87815212695144,5.149999999999996
11.259999999999996,0.0003,0.00039999999999999996,True,7.403525570996475,9.286969080302423,11.0092781917441,3.8041884703633455,0.0,0.0,0.0,11.015330492213348,5.099999999999996
11.269999999999996,0.0003,0.00039999999999999996,True,4.46116978253884,1.7592012706861595,16.58897642790421,5.118967385638174,0.04938271604938271,0.0,0.0,16.704619824483306,7.999999999999986
11.279999999999996,0.0003,0.00039999999999999996,True,17.275156661542148,15.463241940909588,12.045089660240304,3.6955927750323245,0.5802469135802469,0.3950617283950617,0.24691358024691357,25.87354152489736,7.999999999999986
11.289999999999996,0.0003,0.00039999999999999996,True,11.479872079409983,12.154213155789433,7.8884268877843615,2.7956428848787818,0.0,0.0,0.0,14.804768420162635,4.0
11.299999999999995,0.0003,0.00039999999999999996,True,8.2544894695865,8.214495558116491,3.2521383215909676,1.0942840640279887,0.0,0.0,0.0,10.012122317854832,7.999999999999986
11.309999999999995,0.0003,0.00039999999999999996,True,6.162028181839142,6.131924968867276,0.9576004355471959,0.32659308334720666,0.0,0.0,0.0,6.6902078446779125,7.849999999999986
11.319999999999995,0.0003,0.00039999999999999996,True,0.9482980956809484,0.9772413813900591,0.7600572587009069,0.2583761538789843,0.0,0.0,0.0,1.2807689100012993,5.699999999999994
11.329999999999995,0.0003,0.00039999999999999996,True,5.793213607501493,5.819300065105926,0.4061110017306522,0.12226622323530827,0.0,0.0,0.0,5.933713993289272,5.699999999999994
11.339999999999995,0.0003,0.00039999999999999996,True,4.67741161983979,4.772117538965675,1.0804161480193568,0.2646313623257698,0.0,0.0,0.0,4.91928097335416,5.649999999999994
11.349999999999994,0.0003,0.00039999999999999996,True,0.3825890543294979,0.42875515375275597,0.6209841468619433,0.20259212033484322,0.0,0.0,0.0,0.6213128620357957,5.649999999999994
11.05,0.000325,0.0003,True,1.6837957734684854,0.717208507510978,7.990630296978609,2.150584152540724,0.0,0.0,0.0,7.99069885119049,7.999999999999986
11.06,0.000325,0.0003,True,3.0794409432391827,1.6273849613945943,10.63936301545957,3.268759909122317,0.0,0.0,0.0,10.78352745229333,7.999999999999986
11.07,0.000325,0.0003,True,6.6819367265810214,5.689639739326981,10.926126195858293,3.3667610450100978,0.0,0.0,0.0,14.045936029190305,7.999999999999986
11.08,0.000325,0.0003,True,11.418715537237874,10.646048858440139,9.785307152877383,2.9754292385352654,0.1728395061728395,0.04938271604938271,0.0,17.861159053698547,7.999999999999986
11.09,0.000325,0.0003,True,15.971269284277898,15.350113375687968,8.852953225846342,2.6565505065202055,0.5432098765432098,0.3333333333333333,0.1111111111111111,21.645225125446142,7.999999999999986
11.1,0.000325,0.0003,True,20.02077219566593,19.54399716991158,8.121641547844447,2.4152222519290656,1.0,0.9506172839506173,0.4444444444444444,25.03341523780862,7.999999999999986
11.11,0.000325,0.0003,True,23.677528286931395,23.377910306128076,7.189809393071634,2.121357264798405,1.0,1.0,1.0,27.86972149742371,7.999999999999986
11.12,0.000325,0.0003,True,22.667054544120802,22.36823343240308,5.779931134100536,1.6677588064383282,1.0,1.0,1.0,26.14513915457776,7.999999999999986
11.129999999999999,0.000325,0.0003,True,7.631037555145239,8.855574149741146,9.867069502333191,2.8630806863129243,0.0,0.0,0.0,9.871101376329978,5.199999999999996
11.139999999999999,0.000325,0.0003,True,11.586912874868277,11.486443860183863,1.2271530909437196,0.3810178342840715,0.0,0.0,0.0,12.397185590625197,7.999999999999986
11.149999999999999,0.000325,0.0003,True,1.6642598047003725,1.8417966877420258,2.774622282431043,0.928722002688478,0.0,0.0,0.0,2.778894904088788,5.399999999999995
11.159999999999998,0.000325,0.0003,True,8.837156148862784,8.934848034971289,1.06899219247153,0.22647475169810213,0.0,0.0,0.0,8.95243542553075,6.449999999999991
11.169999999999998,0.000325,0.0003,True,3.2861380586238216,2.901153581130187,4.499864164599182,1.2658962578288995,0.0,0.0,0.0,6.531290910350402,7.999999999999986
11.179999999999998,0.000325,0.0003,True,2.5950493057890682,2.995809932412698,3.8184629597342563,1.2145033780600154,0.0,0.0,0.0,3.8203927199185754,5.5499999999999945
11.189999999999998,0.000325,0.0003,True,6.404057641389146,6.504709091383239,1.2339677560884104,0.2600283049347319,0.0,0.0,0.0,6.536181601244008,6.599999999999991
11.199999999999998,0.000325,0.0003,True,2.532432772433187,2.1907856003085753,3.653321868855349,1.0412732962931084,0.0,0.0,0.0,5.126494807065965,7.999999999999986
11.209999999999997,0.000325,0.0003,True,1.0834356267461258,1.1827667168397835,1.8990826844686495,0.647986958501994,0.0,0.0,0.0,1.9006513988077347,5.599999999999994
11.219999999999997,0.000325,0.0003,True,4.774066799516585,4.9957700984011755,2.127743750396349,0.4872017541044574,0.0,0.0,0.0,5.085508953847421,5.599999999999994
11.229999999999997,0.000325,0.0003,True,2.922913870531253,2.740618461769293,2.296406758073452,0.7064911135294182,0.0,0.0,0.0,4.42887044005021,7.999999999999986
11.239999999999997,0.000325,0.0003,True,0.37207937135746705,0.3387307758389218,1.6973144794873751,0.3437750568514309,0.0,0.0,0.0,1.697361214396647,7.999999999999986
11.249999999999996,0.000325,0.0003,True,3.514518046426856,3.7783250514519477,2.5944362065513373,0.6235714458679643,0.0,0.0,0.0,3.9747336988724786,5.649999999999994
11.259999999999996,0.000325,0.0003,True,2.948167984385334,2.8989247743731523,1.150493175460142,0.39586896211806816,0.0,0.0,0.0,3.5952154243924324,7.699999999999987
11.269999999999996,0.000325,0.0003,True,0.3736359372266558,0.3755385957349571,1.2526171952261043,0.28309503491488086,0.0,0.0,0.0,1.2526911740709519,7.999999999999986
11.279999999999996,0.000325,0.0003,True,2.49762222439973,2.7811122843894514,2.6671653476952986,0.6880642487988683,0.0,0.0,0.0,3.073259897671152,5.649999999999994
11.289999999999996,0.000325,0.0003,True,1.6889493496136434,1.5425037040522906,1.72285353127845,0.5545440907217725,0.0,0.0,0.0,2.7767373175411847,7.949999999999986
11.299999999999995,0.000325,0.0003,True,0.32212915756829535,0.3321232527870963,1.0751582357075755,0.24536499659128605,0.0,0.0,0.0,1.075579167400012,7.999999999999986
11.309999999999995,0.000325,0.0003,True,2.3593179740177135,2.457263267500498,1.265937460517462,0.26917658595987337,0.0,0.0,0.0,2.5095345945075342,6.69999999999999
11.319999999999995,0.000325,0.0003,True,0.6132595613699301,0.39097942260170027,1.949281978275078,0.5524470258039171,0.0,0.0,0.0,2.053926888939481,7.999999999999986
11.329999999999995,0.000325,0.0003,True,1.3073839873685975,1.5074455686594457,1.86154176705369,0.5594245080375128,0.0,0.0,0.0,1.8616502775531578,5.649999999999994
11.339999999999995,0.000325,0.0003,True,0.9211577852976918,0.7935032819421318,1.4332062909117904,0.4574909462885268,0.0,0.0,0.0,1.8509658129305753,7.949999999999986
11.349999999999994,0.000325,0.0003,True,1.099989403991594,1.264851017072159,1.5822795854543117,0.4831863917585972,0.0,0.0,0.0,1.5829895806947465,5.649999999999994
11.05,0.000325,0.00031,True,8.456932797866909,10.10028505675724,11.57602654230483,3.63238571287435,0.0,0.0,0.0,11.77484030854108,4.799999999999997
11.06,0.000325,0.00031,True,6.4810663848045635,7.954473711653582,9.688934299297715,3.370337210281332,0.0,0.0,0.0,9.694758257113973,4.749999999999997
11.07,0.000325,0.00031,True,4.3361775962902245,5.270823958383177,7.12852249666936,2.636810737026131,0.0,0.0,0.0,7.12853130786559,4.6999999999999975
11.08,0.000325,0.00031,True,2.3947917696935948,2.7922526841544593,5.233867671408205,1.4386100847379462,0.0,0.0,0.0,5.233867496544118,7.999999999999986
11.09,0.000325,0.00031,True,1.87926438056625,0.5847082428138594,8.904055029964416,2.487808870716787,0.0,0.0,0.0,8.904133702796177,7.999999999999986
11.1,0.000325,0.00031,True,4.16587047180509,2.7472385494968075,11.640837801978327,3.6102683219082303,0.0,0.0,0.0,12.37289971681358,7.999999999999986
11.11,0.000325,0.00031,True,8.824070050299099,7.803673013106102,10.87232868677437,3.356485590895951,0.06172839506172839,0.0,0.0,16.19679004271938,7.999999999999986
11.12,0.000325,0.00031,True,14.609896177883718,13.799660366175992,9.436525891540814,2.878857555735287,0.38271604938271603,0.2345679012345679,0.06172839506172839,20.909027620562924,7.999999999999986
11.129999999999999,0.000325,0.00031,True,20.11424037388999,19.507146647437413,8.35006308269265,2.522140424333535,1.0,1.0,0.4444444444444444,25.46638777150703,7.999999999999986
11.139999999999999,0.000325,0.00031,True,23.808105146756535,23.48158356441202,7.021871357086457,2.09870183684312,1.0,1.0,1.0,27.937866777076273,7.999999999999986
11.149999999999999,0.000325,0.00031,True,19.83442221732267,19.826699796137763,5.171088706614409,1.42524192112802,1.0,1.0,0.4691358024691358,22.516872807272424,7.999999999999986
11.159999999999998,0.000325,0.00031,True,13.439358858285672,13.562846059149836,1.3712172831058709,0.3307006876450558,0.0,0.0,0.0,13.712009228704286,5.5499999999999945
11.169999999999998,0.000325,0.00031,True,1.4598611222695912,0.9502955264307257,4.835997889115266,1.2401802258890209,0.0,0.0,0.0,5.295403412073945,7.999999999999986
11.179999999999998,0.000325,0.00031,True,8.688898065357956,8.920336354606915,2.5252110861795583,0.6082297895561873,0.0,0.0,0.0,9.181033754583895,5.499999999999995
11.189999999999998,0.000325,0.00031,True,4.799257491977667,4.551874049620363,2.9991903705008442,0.8332956240584631,0.0,0.0,0.0,6.973354519062074,7.999999999999986
11.199999999999998,0.000325,0.00031,True,3.7555890211555756,4.181534380870531,4.29229766202466,1.1405975035095632,0.0,0.0,0.0,4.782859944342915,5.5499999999999945
11.209999999999997,0.000325,0.00031,True,6.666752028214174,6.75928760645744,0.9406369734704452,0.20175746466134933,0.0,0.0,0.0,6.768994631033825,6.3999999999999915
11.219999999999997,0.000325,0.00031,True,1.2627658523828753,0.8816591539771917,3.610855966729481,0.9652050932922642,0.0,0.0,0.0,4.010737442936741,7.999999999999986
11.229999999999997,0.000325,0.00031,True,3.2325776840630325,3.60123831885103,3.7281786186318575,0.9936565322583709,0.0,0.0,0.0,4.139507613432992,5.599999999999994
11.239999999999997,0.000325,0.00031,True,4.9327046847089955,4.950340018267012,0.669624165408262,0.12330517327985392,0.0,0.0,0.0,5.049474435166495,7.049999999999989
11.249999999999996,0.000325,0.00031,True,0.4734363965737416,0.14537057060845557,2.7050417147637478,0.6870058639749534,0.0,0.0,0.0,2.7055201717690998,7.999999999999986
11.259999999999996,0.000325,0.00031,True,2.3540872695581885,2.655927045161139,3.105540372477299,0.8730745919928409,0.0,0.0,0.0,3.1924765125726084,5.649999999999994
11.269999999999996,0.000325,0.00031,True,3.3261233141415456,3.2992206401719626,0.8414397228423405,0.29132913649084846,0.0,0.0,0.0,3.7852123190248417,7.649999999999987
11.279999999999996,0.000325,0.00031,True,0.3549610948434729,0.06589223197075834,2.226910543915605,0.5592065192634815,0.0,0.0,0.0,2.2269112103937623,7.999999999999986
11.289999999999996,0.000325,0.00031,True,2.8161206543720647,3.070477574032877,2.4206331131247385,0.5980914939949334,0.0,0.0,0.0,3.2919846557746486,5.649999999999994
11.299999999999995,0.000325,0.00031,True,2.2484160778807336,2.1608666385276267,1.2283268025673606,0.41465016615119654,0.0,0.0,0.0,2.9671819070129466,7.7999999999999865
11.309999999999995,0.000325,0.00031,True,0.8478477372610319,0.9600973822681186,1.4479212260658285,0.49506415969293993,0.0,0.0,0.0,1.4483338291803651,5.649999999999994
11.319999999999995,0.000325,0.00031,True,2.4765563420317807,2.525448831681793,0.9477473560682941,0.18350732797655733,0.0,0.0,0.0,2.6062665852594358,6.89999999999999
11.329999999999995,0.000325,0.00031,True,0.23740390153161406,0.03285289148649288,1.5878660073715958,0.39009880269311453,0.0,0.0,0.0,1.5878701478444965,7.999999999999986
11.339999999999995,0.000325,0.00031,True,2.0467832998731463,2.1869055686757144,1.2960444159497992,0.29288064883761494,0.0,0.0,0.0,2.208726643046416,6.449999999999991
11.349999999999994,0.000325,0.00031,True,0.17389325168636596,0.08218106570066314,1.2103904276783009,0.2704151179484417,0.0,0.0,0.0,1.2104147405901153,7.999999999999986
11.05,0.000325,0.00031999999999999997,True,18.01510978661783,19.91650436815732,13.291622025461697,3.869686080688686,0.7777777777777778,0.691358024691358,0.49382716049382713,21.43633478532873,4.849999999999997
11.06,0.000325,0.00031999999999999997,True,16.25581952717389,18.117095114286105,13.122843187380216,3.8218345126235063,0.7037037037037037,0.5802469135802469,0.0,19.640557375966193,4.899999999999997
11.07,0.000325,0.00031999999999999997,True,14.171976575632412,15.997236855951396,12.97830164308436,3.7868954689286536,0.5802469135802469,0.3333333333333333,0.0,17.52570989830203,4.899999999999997
11.08,0.000325,0.00031999999999999997,True,11.67559164855049,13.472927699275266,12.823541519704523,3.775001736334692,0.06172839506172839,0.0,0.0,15.024958590179134,4.849999999999997
11.09,0.000325,0.00031999999999999997,True,9.107266493904332,10.865254593133148,12.138190248449622,3.7373366587488466,0.0,0.0,0.0,12.465654012998815,4.799999999999997
11.1,0.000325,0.00031999999999999997,True,6.674317619398155,8.261410373679855,9.941802851580293,3.4637158622502704,0.0,0.0,0.0,9.94193084262614,4.799999999999997
11.11,0.000325,0.00031999999999999997,True,4.209145520296652,5.085611299953551,6.920682261177559,2.5285346761057124,0.0,0.0,0.0,6.92068265721133,4.799999999999997
11.12,0.000325,0.00031999999999999997,True,2.1353917547878734,2.192904924284901,7.3080753115736945,1.6369001054018237,0.0,0.0,0.0,7.308186551391054,7.999999999999986
11.129999999999999,0.000325,0.00031999999999999997,True,3.393508340658117,1.6097471776049113,11.979985928305721,3.7127004370669203,0.0,0.0,0.0,12.135399481283017,7.999999999999986
11.139999999999999,0.000325,0.00031999999999999997,True,8.49649938711677,7.279827815698088,11.554955144134338,3.5826856969209735,0.07407407407407407,0.0,0.0,16.461189354657865,7.999999999999986
11.149999999999999,0.000325,0.00031999999999999997,True,14.517863933221175,13.536871121792299,9.89738322124377,3.0412580054992646,0.37037037037037035,0.2345679012345679,0.07407407407407407,21.296795171380076,7.999999999999986
11.159999999999998,0.000325,0.00031999999999999997,True,21.246686354863712,20.57103834780111,8.25324253366356,2.53368455752938,1.0,1.0,0.5679012345679012,26.634930253345793,7.999999999999986
11.169999999999998,0.000325,0.00031999999999999997,True,23.16945990160772,23.24084590581141,5.248131066226048,1.5767468586171165,1.0,1.0,1.0,25.616082331404595,7.999999999999986
11.179999999999998,0.000325,0.00031999999999999997,True,5.231581826859104,4.826825096469138,3.712427272607131,0.9268545380794179,0.0,0.0,0.0,7.653974924442877,4.0
11.189999999999998,0.000325,0.00031999999999999997,True,7.021026107376994,6.974472419532185,1.3231228775545798,0.27857313823080754,0.0,0.0,0.0,7.9966612836021955,7.999999999999986
11.199999999999998,0.000325,0.00031999999999999997,True,9.159161382584475,9.298773374820028,1.577854405272757,0.38595142312715947,0.0,0.0,0.0,9.484955444509408,5.499999999999995
11.209999999999997,0.000325,0.00031999999999999997,True,5.805251522176062,5.6505697384826625,1.7427437468320592,0.4642717012626231,0.0,0.0,0.0,7.113894091196321,7.999999999999986
11.219999999999997,0.000325,0.00031999999999999997,True,5.012954904493255,5.333154952909465,3.3173897326329276,0.827676843068191,0.0,0.0,0.0,5.729212156380874,5.599999999999994
11.229999999999997,0.000325,0.00031999999999999997,True,6.0613541147334615,6.0102329515072235,0.6221870211072096,0.20429648295283895,0.0,0.0,0.0,6.449969693431826,7.899999999999986
11.239999999999997,0.000325,0.00031999999999999997,True,0.2376489085842501,0.07879475270888127,1.9352628723796728,0.4271103364131166,0.0,0.0,0.0,1.9353161266173577,7.999999999999986
11.249999999999996,0.000325,0.00031999999999999997,True,5.1989141366699005,5.367644873590071,1.7776491652838322,0.4156362621130991,0.0,0.0,0.0,5.51269908867185,5.599999999999994
11.259999999999996,0.000325,0.00031999999999999997,True,3.2569203998304364,3.109077227120198,1.9610299704031142,0.5730792660486059,0.0,0.0,0.0,4.594890587583231,7.999999999999986
11.269999999999996,0.000325,0.00031999999999999997,True,1.8882886573566233,2.1444415313953034,2.6841989189047846,0.7923950203535738,0.0,0.0,0.0,2.696567335114379,5.649999999999994
11.279999999999996,0.000325,0.00031999999999999997,True,4.095865054864534,4.162269978432711,0.9263027217631024,0.18992643301322037,0.0,0.0,0.0,4.198167002157907,6.74999999999999
11.289999999999996,0.000325,0.00031999999999999997,True,0.27171336125615697,0.028543429161076293,1.9255984912263036,0.46226518555532187,0.0,0.0,0.0,1.9255998187723147,7.999999999999986
11.299999999999995,0.000325,0.00031999999999999997,True,2.498437949498086,2.773971471129756,2.6755285675468676,0.6990192835893064,0.0,0.0,0.0,3.1285079765382067,5.649999999999994
11.309999999999995,0.000325,0.00031999999999999997,True,1.571758026162416,1.3934256850011806,1.9623077655469041,0.5802424823777335,0.0,0.0,0.0,2.907388613550345,7.999999999999986
11.319999999999995,0.000325,0.00031999999999999997,True,1.0191222027017255,1.166382635942369,1.6443736039603631,0.5462532195137482,0.0,0.0,0.0,1.6449844695929539,5.649999999999994
11.329999999999995,0.000325,0.00031999999999999997,True,2.3630417670879575,2.363379063593411,0.5196454431674025,0.180241360848357,0.0,0.0,0.0,2.6276761243147364,7.449999999999988
11.339999999999995,0.000325,0.00031999999999999997,True,0.6760936136579571,0.7432604745033206,1.1839487675731637,0.407722462013345,0.0,0.0,0.0,1.1841622174116926,5.649999999999994
11.349999999999994,0.000325,0.00031999999999999997,True,1.6603682283968737,1.6296769540647185,0.8439739848762613,0.292167292184465,0.0,0.0,0.0,2.1262441639199263,7.699999999999987
11.05,0.000325,0.00033,True,26.98253550378074,29.026986906971178,14.120216181220677,4.071268335442903,1.0,0.9753086419753086,0.9012345679012346,30.522970432038854,5.049999999999996
11.06,0.000325,0.00033,True,25.42568804056392,27.487452701198304,13.95366249306471,4.030759747768503,0.9876543209876543,0.9382716049382716,0.8518518518518519,28.946673974059415,4.9999999999999964
11.07,0.000325,0.00033,True,23.57985484848483,25.645949348827415,13.753503533900336,3.9811485019661865,0.9506172839506173,0.8888888888888888,0.7901234567901234,27.06847081562571,4.9999999999999964
11.08,0.000325,0.00033,True,21.38806897474681,23.403279044473905,13.537777384267084,3.924128951048198,0.8888888888888888,0.8271604938271605,0.7037037037037037,24.83747995179927,4.9999999999999964
11.09,0.000325,0.00033,True,19.16843261994489,21.135000599136355,13.337178125851317,3.869867859302074,0.8148148148148148,0.7407407407407407,0.5802469135802469,22.57583558408761,4.949999999999997
11.1,0.000325,0.00033,True,17.04364218356565,18.969906757545328,13.19672036497938,3.8279158132627606,0.7407407407407407,0.6419753086419753,0.2839506172839506,20.417402118549262,4.949999999999997
11.11,0.000325,0.00033,True,14.64166892024044,16.53781907452214,13.133059519196973,3.8093005970894396,0.6172839506172839,0.43209876543209874,0.0,17.994607418715823,4.899999999999997
11.12,0.000325,0.00033,True,11.550740211315356,13.43927729783635,13.096849627705708,3.840030594063161,0.0,0.0,0.0,14.929636026998235,4.899999999999997
11.129999999999999,0.000325,0.00033,True,8.21219904348756,10.050870317119063,11.61717459530435,3.7738188842515057,0.0,0.0,0.0,11.617907277776435,4.849999999999997
11.139999999999999,0.000325,0.00033,True,5.292581323740971,6.640407047741609,8.357325613216934,3.041286971118377,0.0,0.0,0.0,8.357389905249487,4.849999999999997
11.149999999999999,0.000325,0.00033,True,2.74412758173885,3.2450663405870377,6.786319596461553,1.6284833294608492,0.0,0.0,0.0,6.786320414875791,7.999999999999986
11.159999999999998,0.000325,0.00033,True,3.6270522433925163,1.643528814156787,12.825179052925698,3.9844803300615586,0.0,0.0,0.0,13.003274829660958,7.999999999999986
11.169999999999998,0.000325,0.00033,True,10.592834394217004,9.265448261016969,11.595358240736976,3.5828196455053756,0.1728395061728395,0.07407407407407407,0.0,18.690274021026042,7.999999999999986
11.179999999999998,0.000325,0.00033,True,17.058656162396286,15.98646923765738,9.798999017182451,3.0224371754880104,0.6049382716049383,0.4074074074074074,0.20987654320987653,23.869612141160104,7.999999999999986
11.189999999999998,0.000325,0.00033,True,23.196684589406335,22.85414380114576,6.543776901851572,2.063063936016203,1.0,1.0,1.0,26.946590346602463,7.999999999999986
11.199999999999998,0.000325,0.00033,True,2.5263867002605713,1.7360202568170364,7.065470322830955,2.3583975234929997,0.0,0.0,0.0,7.07005399653019,4.0
11.209999999999997,0.000325,0.00033,True,10.502584749035657,10.626375797583432,1.575190174354427,0.4951408608625083,0.0,0.0,0.0,11.11077167657761,5.649999999999994
11.219999999999997,0.000325,0.00033,True,9.602215706584625,9.688082773890086,0.9595051202652733,0.23992969154086438,0.0,0.0,0.0,9.81308268572771,5.499999999999995
11.229999999999997,0.000325,0.00033,True,2.160190356343428,1.9825372916755726,1.8326834460589594,0.44742681753373154,0.0,0.0,0.0,3.6309381897139787,7.999999999999986
11.239999999999997,0.000325,0.00033,True,6.3720909171653926,6.554036507071089,1.9630355162965785,0.48103265530438893,0.0,0.0,0.0,6.78703784801069,5.599999999999994
11.249999999999996,0.000325,0.00033,True,2.8793475823061674,2.6802447193224808,2.210397480963692,0.5872368851221244,0.0,0.0,0.0,4.52745031510619,7.999999999999986
11.259999999999996,0.000325,0.00033,True,2.761249553230781,3.0244233563628016,2.9409072464727646,0.7792794750797969,0.0,0.0,0.0,3.4955032178275927,5.649999999999994
11.269999999999996,0.000325,0.00033,True,4.3928033795436345,4.324579292226419,0.9397736117942204,0.28909427610490357,0.0,0.0,0.0,5.0056393353433695,7.999999999999986
11.279999999999996,0.000325,0.00033,True,0.24144232294407905,0.23755087861232754,0.9321376362339551,0.1937249044430745,0.0,0.0,0.0,0.9321803311787378,7.999999999999986
11.289999999999996,0.000325,0.00033,True,4.290923716902771,4.3586884247794915,0.7960231738098646,0.16754714364172227,0.0,0.0,0.0,4.376249723470515,6.649999999999991
11.299999999999995,0.000325,0.00033,True,1.014235689032228,0.7661077491256938,2.423231307137585,0.648475454147498,0.0,0.0,0.0,2.8279542754292244,7.999999999999986
11.309999999999995,0.000325,0.00033,True,3.1521034364467777,3.3659953984924798,2.129686693248654,0.5183902436951807,0.0,0.0,0.0,3.5769661006451905,5.649999999999994
11.319999999999995,0.000325,0.00033,True,1.6201358539080486,1.4506458778286337,1.924035296996149,0.5568501416312095,0.0,0.0,0.0,2.9486605465462,7.999999999999986
11.329999999999995,0.000325,0.00033,True,1.6806563779126278,1.897852604064416,2.2372325320906574,0.6324020303172256,0.0,0.0,0.0,2.309307649653505,5.649999999999994
11.339999999999995,0.000325,0.00033,True,1.187747370203696,1.030863701606061,1.798371575879901,0.5227839578522597,0.0,0.0,0.0,2.433960452746668,7.999999999999986
11.349999999999994,0.000325,0.00033,True,1.922486798902329,2.120047312434341,1.995177341135774,0.5158484618410226,0.0,0.0,0.0,2.3743905155279688,5.649999999999994
11.05,0.000325,0.00033999999999999997,True,34.923698912278844,36.81391147966412,13.691084482803099,3.8307233859059298,1.0,1.0,1.0,38.03839075641625,5.249999999999996
11.06,0.000325,0.00033999999999999997,True,33.7272387345871,35.65761785929831,13.904521106532542,3.9214935268269318,1.0,1.0,1.0,36.98041208833233,5.199999999999996
11.07,0.000325,0.00033999999999999997,True,32.23538830952672,34.2252085220677,14.04680098069083,3.988369303394653,1.0,1.0,1.0,35.60124294498115,5.149999999999996
11.08,0.000325,0.00033999999999999997,True,30.39167831397027,32.37064423530389,14.095461666190868,4.0251279208481145,1.0,1.0,0.9876543209876543,33.83736908918056,5.099999999999996
11.09,0.000325,0.00033999999999999997,True,28.47447143603283,30.460636271980157,14.033945889314985,4.025479023034734,1.0,1.0,0.9382716049382716,31.955381003144364,5.049999999999996
11.1,0.000325,0.00033999999999999997,True,26.616148898344655,28.63468176483341,13.91565513920624,4.0022789800983105,1.0,0.9753086419753086,0.8888888888888888,30.100466379502233,5.049999999999996
11.11,0.000325,0.00033999999999999997,True,24.509951422306255,26.494317145551392,13.746966709966628,3.963526217047737,0.9753086419753086,0.9259259259259259,0.8271604938271605,27.975200098686727,5.049999999999996
11.12,0.000325,0.00033999999999999997,True,21.830886692369177,23.76037641873815,13.552871858795598,3.914291563829133,0.9012345679012346,0.8395061728395061,0.7283950617283951,25.266200148505863,4.9999999999999964
11.129999999999999,0.000325,0.00033999999999999997,True,18.99013216803786,20.962887906261937,13.394178361157698,3.869744001749513,0.8148148148148148,0.7407407407407407,0.5802469135802469,22.38991906863816,4.9999999999999964
11.139999999999999,0.000325,0.00033999999999999997,True,16.347939216359833,18.338208095332725,13.348467098656036,3.850405217387582,0.7037037037037037,0.6049382716049383,0.0,19.72488438678258,4.9999999999999964
11.149999999999999,0.000325,0.00033999999999999997,True,13.241247699439613,15.231372968404974,13.482194131025668,3.891456416139418,0.5185185185185185,0.0,0.0,16.640075596899496,4.949999999999997
11.159999999999998,0.000325,0.00033999999999999997,True,9.044660068241496,11.049651270061203,12.522210336709657,3.944815187330594,0.0,0.0,0.0,12.536348245140488,4.949999999999997
11.169999999999998,0.000325,0.00033999999999999997,True,5.237607532970623,6.584926593742368,8.272830354313598,2.9692611032208376,0.0,0.0,0.0,8.27447384631231,4.899999999999997
11.179999999999998,0.000325,0.00033999999999999997,True,2.659075926094514,2.72878709445113,8.674732161665267,1.9289107446283202,0.0,0.0,0.0,8.674891614765592,7.999999999999986
11.189999999999998,0.000325,0.00033999999999999997,True,6.199811577932299,4.344984104259123,13.85013575147024,4.296873321605201,0.037037037037037035,0.0,0.0,15.974479325677377,7.999999999999986
11.199999999999998,0.000325,0.00033999999999999997,True,15.340874888055062,13.985451069493847,10.895910330953093,3.351593804111046,0.41975308641975306,0.2962962962962963,0.14814814814814814,23.053449727685393,7.999999999999986
11.209999999999997,0.000325,0.00033999999999999997,True,21.77781003036617,20.983464644476697,7.877184235233315,2.544061573446354,1.0,1.0,0.6296296296296297,26.96951020388854,7.999999999999986
11.219999999999997,0.000325,0.00033999999999999997,True,3.2647538260701494,3.0421000470434434,9.380036668255519,2.549836708380269,0.0,0.0,0.0,9.388424779987668,7.999999999999986
11.229999999999997,0.000325,0.00033999999999999997,True,5.748144475218849,6.14407501115167,4.708746226313817,1.3999551552747331,0.0,0.0,0.0,7.34670392244702,5.649999999999994
11.239999999999997,0.000325,0.00033999999999999997,True,10.000965791868106,10.070930715788244,0.7633601937725505,0.2014981943356012,0.0,0.0,0.0,10.193213266787527,5.599999999999994
11.249999999999996,0.000325,0.00033999999999999997,True,1.8429709598079345,1.9679582799945508,1.215330254084557,0.28981094329024687,0.0,0.0,0.0,2.05834225564674,5.199999999999996
11.259999999999996,0.000325,0.00033999999999999997,True,7.360234422982218,7.405693036572023,0.543702378245932,0.13646831296297698,0.0,0.0,0.0,7.49313333643954,5.599999999999994
11.269999999999996,0.000325,0.00033999999999999997,True,0.8463750436870684,0.9548799187359119,1.2595710119728045,0.388658988229489,0.0,0.0,0.0,1.2599380145467054,5.649999999999994
11.279999999999996,0.000325,0.00033999999999999997,True,5.728236764681265,5.809553046289495,0.8789885250914811,0.20552488021076368,0.0,0.0,0.0,5.8937447755285675,5.649999999999994
11.289999999999996,0.000325,0.00033999999999999997,True,0.1318576834685245,0.08990081221898072,0.9215321452602739,0.17649711019204528,0.0,0.0,0.0,0.9215320561358986,7.999999999999986
11.299999999999995,0.000325,0.00033999999999999997,True,4.270522445043314,4.438670527195005,1.745480754608824,0.4195422085586339,0.0,0.0,0.0,4.621982071195367,5.649999999999994
11.309999999999995,0.000325,0.00033999999999999997,True,0.40244210851449963,0.18809111742437576,1.9190726524313284,0.4756623501509152,0.0,0.0,0.0,1.9556906973630244,7.999999999999986
11.319999999999995,0.000325,0.00033999999999999997,True,3.243304900489698,3.440763038668961,2.0448114593654196,0.5003306452846591,0.0,0.0,0.0,3.6689720344488426,5.649999999999994
11.329999999999995,0.000325,0.00033999999999999997,True,1.0449117055045778,0.8488913135424349,2.0712559076549586,0.56217612619604,0.0,0.0,0.0,2.5663932511448344,7.999999999999986
11.339999999999995,0.000325,0.00033999999999999997,True,2.8419140236626936,3.0001985557038786,1.5825255046576867,0.3741109388322442,0.0,0.0,0.0,3.1236395376035695,5.649999999999994
11.349999999999994,0.000325,0.00033999999999999997,True,0.15623400911487367,0.060960157701178935,1.1943179116153781,0.26208693120496385,0.0,0.0,0.0,1.1943251400720152,7.999999999999986
11.05,0.000325,0.00035,True,39.529915394115605,40.103536749762,9.41543163435977,2.1864110773665866,1.0,1.0,1.0,41.42182174313794,6.299999999999992
11.06,0.000325,0.00035,True,39.13719026934353,40.04987446819516,10.204385182536932,2.5067738221679554,1.0,1.0,1.0,41.08754525618842,6.0999999999999925
11.07,0.000325,0.00035,True,38.49812222442378,39.765779019747725,11.124641129091732,2.870671695085461,1.0,1.0,1.0,40.637363414118155,5.799999999999994
11.08,0.000325,0.00035,True,37.51424017031836,39.03483414302011,12.08552813503167,3.240790878653326,1.0,1.0,1.0,39.972507042658194,5.5499999999999945
11.09,0.000325,0.00035,True,36.308464141431394,38.009023056700656,12.852072325766066,3.5269963735954164,1.0,1.0,1.0,39.0827427009602,5.399999999999995
11.1,0.000325,0.00035,True,35.002030924467306,36.82593457346644,13.351392054041533,3.7174750740508533,1.0,1.0,1.0,38.01790848050175,5.299999999999995
11.11,0.000325,0.00035,True,33.393038079642146,35.268645452224426,13.71444617803829,3.8592189193709965,1.0,1.0,1.0,36.608268564587064,5.199999999999996
11.12,0.000325,0.00035,True,31.20693204438979,33.09192683246267,13.934328157100932,3.9579792072082682,1.0,1.0,1.0,34.57803761854927,5.149999999999996
11.129999999999999,0.000325,0.00035,True,28.788458459278278,30.751520170900726,13.971735263379507,3.992130219840445,1.0,1.0,0.9506172839506173,32.236085016295824,5.099999999999996
11.139999999999999,0.000325,0.00035,True,26.500779212816347,28.433019732096824,13.88417758269895,3.981483342634956,1.0,0.9753086419753086,0.8888888888888888,29.965515766371542,5.099999999999996
11.149999999999999,0.000325,0.00035,True,23.820135840232144,25.71463317111137,13.747297141683289,3.950072403566235,0.9506172839506173,0.9012345679012346,0.8024691358024691,27.277239698385515,5.049999999999996
11.159999999999998,0.000325,0.00035,True,20.28658429247567,22.23425859218981,13.608492929008467,3.9126829684164965,0.8518518518518519,0.7901234567901234,0.654320987654321,23.71795483070653,5.049999999999996
11.169999999999998,0.000325,0.00035,True,16.853868766160748,18.80534753429872,13.63616777521242,3.9095834958983224,0.7283950617283951,0.6296296296296297,0.2222222222222222,20.271502028220723,5.049999999999996
11.179999999999998,0.000325,0.00035,True,13.416352142143714,15.403598841742701,13.943137996864138,3.9928467039866895,0.5432098765432098,0.0,0.0,16.87990613019039,4.9999999999999964
11.189999999999998,0.000325,0.00035,True,8.465035514394078,10.594163915133418,12.047245375115898,4.012026795338911,0.0,0.0,0.0,12.05094396276704,4.9999999999999964
11.199999999999998,0.000325,0.00035,True,4.023430749271933,4.859358767918979,6.803876001090102,2.140905179563233,0.0,0.0,0.0,6.805982260196952,7.999999999999986
11.209999999999997,0.000325,0.00035,True,3.023240873212155,0.2841637023747838,13.478739319968156,4.136198498367987,0.0,0.0,0.0,13.479246207696704,7.999999999999986
11.219999999999997,0.000325,0.00035,True,13.622847828160317,11.951665594984267,12.21329411424761,3.7321062795422133,0.30864197530864196,0.2222222222222222,0.09876543209876543,22.32559260900452,7.999999999999986
11.229999999999997,0.000325,0.00035,True,21.845603929177333,21.116420551907716,6.934079839653087,2.4038916246735273,1.0,1.0,0.6419753086419753,26.202016270326038,7.999999999999986
11.239999999999997,0.000325,0.00035,True,4.5737207011435626,3.0098983598543914,12.533150834391696,3.950511719585596,0.0,0.0,0.0,12.540421683113628,7.999999999999986
11.249999999999996,0.000325,0.00035,True,3.759943569619983,3.535082591793292,4.271008396964364,1.3330956267684781,0.0,0.0,0.0,6.369549781072369,7.999999999999986
11.259999999999996,0.000325,0.00035,True,8.338735945784528,8.470970073914067,1.6574432034856628,0.4839361564486974,0.0,0.0,0.0,8.874487395659028,5.649999999999994
11.269999999999996,0.000325,0.00035,True,7.279261386202098,7.351640751612136,0.7622632992687715,0.18614398799670231,0.0,0.0,0.0,7.435780513810054,5.5499999999999945
11.279999999999996,0.000325,0.00035,True,3.075789722014625,3.001311245940374,0.6791032902962408,0.14932824375576595,0.0,0.0,0.0,3.6502339536155484,7.999999999999986
11.289999999999996,0.000325,0.00035,True,5.863141251770563,5.952688632552467,0.9983716420323585,0.24381629816027095,0.0,0.0,0.0,6.081518079286161,5.649999999999994
11.299999999999995,0.000325,0.00035,True,1.741377901349298,1.58395212135015,1.6700891993984592,0.42757697543421763,0.0,0.0,0.0,3.0122590738350175,7.999999999999986
11.309999999999995,0.000325,0.00035,True,4.6438571054535815,4.751190447220498,1.1357875429241013,0.26909013024887757,0.0,0.0,0.0,4.866549672034043,5.649999999999994
11.319999999999995,0.000325,0.00035,True,0.6939438560935927,0.5056971822349872,1.8789546951466078,0.47660115623076654,0.0,0.0,0.0,2.1517741265524046,7.999999999999986
11.329999999999995,0.000325,0.00035,True,3.6393185446279595,3.7803632971840786,1.4897222590183996,0.3548013567046343,0.0,0.0,0.0,3.929809365882675,5.649999999999994
11.339999999999995,0.000325,0.00035,True,0.14109742123217148,0.11523271043802767,0.8004279911382515,0.15298771373968464,0.0,0.0,0.0,0.800432551288921,7.999999999999986
11.349999999999994,0.000325,0.00035,True,2.808154529342922,2.80130378019178,0.34526568898179155,0.11963285951051099,0.0,0.0,0.0,2.9844974937784863,7.499999999999988
11.05,0.000325,0.00035999999999999997,True,38.71512073712658,38.41205386653245,7.150079022131138,2.6402792073282413,1.0,1.0,1.0,42.74842787651998,7.2499999999999885
11.06,0.000325,0.00035999999999999997,True,39.09940308426903,38.76399674916307,6.1176892140049475,2.232690721935479,1.0,1.0,1.0,42.55141673084868,7.149999999999989
11.07,0.000325,0.00035999999999999997,True,39.44141907736778,39.07976048840536,5.38971997233422,1.8290298495307649,1.0,1.0,1.0,42.311526197229654,6.999999999999989
11.08,0.000325,0.00035999999999999997,True,39.672179720931,39.40849800682712,6.460949297948062,1.5655599909473727,1.0,1.0,1.0,42.01579499184625,6.84999999999999
11.09,0.000325,0.00035999999999999997,True,39.69546380212048,39.723379471246155,7.566581351467498,1.627953640849455,1.0,1.0,1.0,41.69536736041097,6.649999999999991
11.1,0.000325,0.00035999999999999997,True,39.512023433483215,39.86474872940153,8.604526696898787,1.9196240448615458,1.0,1.0,1.0,41.36310736507157,6.3999999999999915
11.11,0.000325,0.00035999999999999997,True,39.06368205602443,39.88540402867292,9.74331300461052,2.3512946619948885,1.0,1.0,1.0,40.944134869166945,6.149999999999992
11.12,0.000325,0.00035999999999999997,True,38.13846655884119,39.40678525032949,11.122529986440185,2.8873580259695393,1.0,1.0,1.0,40.298896852803885,5.749999999999994
11.129999999999999,0.000325,0.00035999999999999997,True,36.78029721689533,38.36566550611269,12.335015240178386,3.3362145570794572,1.0,1.0,1.0,39.365044364980506,5.499999999999995
11.139999999999999,0.000325,0.00035999999999999997,True,35.25057951997192,37.00806973362637,13.102515701867848,3.622038945857452,1.0,1.0,1.0,38.17187789901924,5.349999999999995
11.149999999999999,0.000325,0.00035999999999999997,True,33.23732613430276,35.070709991349716,13.652261835813729,3.8299284630857753,1.0,1.0,1.0,36.434008255186995,5.249999999999996
11.159999999999998,0.000325,0.00035999999999999997,True,30.349309683770617,32.26343788321895,13.981500724122256,3.963969049712489,1.0,1.0,0.9876543209876543,33.747093440310465,5.149999999999996
11.169999999999998,0.000325,0.00035999999999999997,True,27.426663525873934,29.29236355980577,14.007622295704802,3.9968649616369496,1.0,0.9876543209876543,0.9135802469135802,30.897326510565865,5.149999999999996
11.179999999999998,0.000325,0.00035999999999999997,True,24.50119716015287,26.395031349555225,13.925875892107754,3.9830088222793134,0.9753086419753086,0.9135802469135802,0.8271604938271605,27.98499751976495,5.099999999999996
11.189999999999998,0.000325,0.00035999999999999997,True,20.384101517113926,22.306198584376045,13.863025773242871,3.964115919483796,0.8518518518518519,0.7901234567901234,0.6666666666666666,23.859618784492163,5.099999999999996
11.199999999999998,0.000325,0.00035999999999999997,True,15.965648536065638,17.886576780443292,14.158422615326954,4.0209703800677055,0.691358024691358,0.5925925925925926,0.0,19.46459797825431,5.049999999999996
11.209999999999997,0.000325,0.00035999999999999997,True,11.728087528296307,13.8346632627872,14.610100759049397,4.229356536777563,0.24691358024691357,0.0,0.0,15.367111555254844,5.049999999999996
11.219999999999997,0.000325,0.00035999999999999997,True,5.746010123559124,7.122334565146302,8.886534215169647,3.0668976500571072,0.0,0.0,0.0,8.888969263713562,5.049999999999996
11.229999999999997,0.000325,0.00035999999999999997,True,2.989672691046728,0.6017924767392155,13.854374438189808,4.111979968837509,0.0,0.0,0.0,13.854429876651757,7.999999999999986
11.239999999999997,0.000325,0.00035999999999999997,True,12.378597046139529,10.371929347474927,13.567674910702051,4.120668728950821,0.25925925925925924,0.18518518518518517,0.07407407407407407,22.058225334642543,7.999999999999986
11.249999999999996,0.000325,0.00035999999999999997,True,21.538840943186916,21.58438980113028,5.288142839128824,1.5597142083383295,1.0,1.0,0.8024691358024691,23.716782580759457,7.099999999999989
11.259999999999996,0.000325,0.00035999999999999997,True,14.381833751554238,14.471825742383293,2.0668422903774903,0.4301011274168962,0.0,0.0,0.0,14.857090395529777,4.399999999999999
11.269999999999996,0.000325,0.00035999999999999997,True,10.390375430133874,10.483873864819165,0.806485856353282,0.1918441025474924,0.0,0.0,0.0,10.516357538253668,4.849999999999997
11.279999999999996,0.000325,0.00035999999999999997,True,0.387616564259985,0.24500560827467568,1.2338427964629444,0.3796806233588898,0.0,0.0,0.0,1.2599934838158968,7.999999999999986
11.289999999999996,0.000325,0.00035999999999999997,True,5.091028225849412,5.127614884879739,0.6444839982510615,0.21654946679425485,0.0,0.0,0.0,5.359738295873036,5.699999999999994
11.299999999999995,0.000325,0.00035999999999999997,True,4.128741172553022,4.2315592950106256,1.0805452533108428,0.2562412082067354,0.0,0.0,0.0,4.334943854195587,5.649999999999994
11.309999999999995,0.000325,0.00035999999999999997,True,1.205543671554466,1.09269626789594,1.154847480455904,0.28006270815707407,0.0,0.0,0.0,2.1222445341703096,7.999999999999986
11.319999999999995,0.000325,0.00035999999999999997,True,4.619940836833928,4.733854245170639,1.2505911384674393,0.30496600526231954,0.0,0.0,0.0,4.892520080681634,5.649999999999994
11.329999999999995,0.000325,0.00035999999999999997,True,0.35861922527762025,0.22037082423618787,1.373422306360876,0.33082808960748006,0.0,0.0,0.0,1.4671401019039862,7.999999999999986
11.339999999999995,0.000325,0.00035999999999999997,True,3.73701894870646,3.733080268942544,0.18445784157466205,0.043147350124227636,0.0,0.0,0.0,3.7935080304516324,7.2499999999999885
11.349999999999994,0.000325,0.00035999999999999997,True,1.4173974128527198,1.5742668091436136,1.8387655289522398,0.5165268569320216,0.0,0.0,0.0,1.9515187934595415,5.649999999999994
11.05,0.000325,0.00037,True,34.093092406606786,31.942517693940346,14.848689178002623,5.289194493117921,1.0,1.0,1.0,43.679190499746774,7.849999999999986
11.06,0.000325,0.00037,True,34.82213368117534,32.85695667449231,13.747115038152621,4.983970628070212,1.0,1.0,1.0,43.52893626862473,7.7999999999999865
11.07,0.000325,0.00037,True,35.64319900865354,33.91290644720763,12.451283319335822,4.595521179237388,1.0,1.0,1.0,43.34412817414835,7.699999999999987
11.08,0.000325,0.00037,True,36.54474977299169,35.13177984604245,10.953494547655986,4.099341906646122,1.0,1.0,1.0,43.12847098915217,7.599999999999987
11.09,0.000325,0.00037,True,37.3566184610649,36.29943488248704,9.486052870565963,3.5667791712873314,1.0,1.0,1.0,42.905429938738166,7.499999999999988
11.1,0.000325,0.00037,True,38.02514223008019,37.32683780522531,8.133283381575211,3.045195212824207,1.0,1.0,1.0,42.6849686204579,7.399999999999988
11.11,0.000325,0.00037,True,38.64684147387355,38.376708034661625,6.697582681906503,2.4682609695780386,1.0,1.0,1.0,42.432417955151635,7.2499999999999885
11.12,0.000325,0.00037,True,39.21197835726133,38.88912516899712,5.050215288127838,1.8365785063776165,1.0,1.0,1.0,42.10245983936966,7.049999999999989
11.129999999999999,0.000325,0.00037,True,39.50057585678219,39.31147271720703,6.472668257882738,1.5130474643303176,1.0,1.0,1.0,41.73045905823535,6.79999999999999
11.139999999999999,0.000325,0.00037,True,39.460626664660275,39.55334295309252,7.784024696725666,1.6770707938783767,1.0,1.0,1.0,41.35436291589566,6.549999999999991
11.149999999999999,0.000325,0.00037,True,39.03146658571085,39.68046738731648,9.309133047256516,2.18971286193127,1.0,1.0,1.0,40.864762898602265,6.249999999999992
11.159999999999998,0.000325,0.00037,True,37.86114655226874,39.12884430043692,11.171308578070622,2.904966704425528,1.0,1.0,1.0,40.04568917003448,5.749999999999994
11.169999999999998,0.000325,0.00037,True,36.17581634639719,37.76184227303035,12.588770556029658,3.419947645729687,1.0,1.0,1.0,38.867219231513964,5.449999999999995
11.179999999999998,0.000325,0.00037,True,34.13110427486023,35.90312168894192,13.456096550314857,3.7363627719526633,1.0,1.0,1.0,37.20900034403468,5.299999999999995
11.189999999999998,0.000325,0.00037,True,30.872072220000142,32.72012734124899,14.048298424774181,3.9611836754702336,1.0,1.0,1.0,34.260541904145754,5.199999999999996
11.199999999999998,0.000325,0.00037,True,27.16515137582766,29.03872215064332,14.19612424143454,4.0328088907678445,1.0,0.9876543209876543,0.9012345679012346,30.676677127822707,5.199999999999996
11.209999999999997,0.000325,0.00037,True,23.652454846296383,25.55374531890388,14.159719872137561,4.032602364251214,0.9506172839506173,0.8888888888888888,0.8024691358024691,27.186483216718855,5.149999999999996
11.219999999999997,0.000325,0.00037,True,18.40420670143126,20.27883772315954,14.366452548747842,4.0681587523713985,0.7901234567901234,0.7160493827160493,0.5432098765432098,21.958491321916767,5.099999999999996
11.229999999999997,0.000325,0.00037,True,13.022303358405354,15.112824993086925,15.337705194383485,4.336925291757691,0.5185185185185185,0.0,0.0,16.73886862440169,5.099999999999996
11.239999999999997,0.000325,0.00037,True,7.362970235678338,9.21304005616494,10.982815989896825,3.7901101588323427,0.0,0.0,0.0,10.99215733427137,5.099999999999996
11.249999999999996,0.000325,0.00037,True,3.5984029733897716,0.4583551672496336,15.85679710766089,4.894118493756773,0.024691358024691357,0.0,0.0,15.856812927439197,7.999999999999986
11.259999999999996,0.000325,0.00037,True,14.52992280652807,12.556769443544315,13.546136396506988,4.11124666102548,0.35802469135802467,0.2716049382716049,0.16049382716049382,24.208315132107387,7.999999999999986
11.269999999999996,0.000325,0.00037,True,11.817437890270762,13.472310783593429,17.51071588039868,5.535697675560627,0.4074074074074074,0.20987654320987653,0.0,17.60231983395534,5.949999999999993
11.279999999999996,0.000325,0.00037,True,4.907249172462112,5.2106789086848835,8.659205521249921,2.988228663418029,0.0,0.0,0.0,8.667734269715549,5.649999999999994
11.289999999999996,0.000325,0.00037,True,2.697099126377064,2.9994403533150322,4.325944977801206,1.3971091864173335,0.0,0.0,0.0,4.347742995340978,5.649999999999994
11.299999999999995,0.000325,0.00037,True,8.067843001616222,8.153431151512736,0.8511220283224086,0.22595225042563477,0.0,0.0,0.0,8.279155604584695,5.649999999999994
11.309999999999995,0.000325,0.00037,True,4.489135608131983,4.517225350931934,0.4517013126192886,0.0901073476171521,0.0,0.0,0.0,4.554792324043894,4.749999999999997
11.319999999999995,0.000325,0.00037,True,2.8646372072854414,2.851863782529809,0.31842968354224643,0.05790786138811909,0.0,0.0,0.0,3.1231118853191804,7.999999999999986
11.329999999999995,0.000325,0.00037,True,4.8829646900187145,4.965848039781984,0.9391483328157237,0.2306592681877173,0.0,0.0,0.0,5.0944504826502515,5.649999999999994
11.339999999999995,0.000325,0.00037,True,0.6182794198762612,0.6964316094917935,0.913599660450165,0.2729975814563801,0.0,0.0,0.0,0.9177490251323963,5.649999999999994
11.349999999999994,0.000325,0.00037,True,2.475733289971724,2.391280568349697,1.0434624742641088,0.28510245499398856,0.0,0.0,0.0,3.2202305796265525,7.999999999999986
11.05,0.000325,0.00037999999999999997,True,27.742723517461933,24.71861054373218,21.487879932926806,6.66159465869385,1.0,1.0,1.0,43.09230773791876,7.999999999999986
11.06,0.000325,0.00037999999999999997,True,28.55186320673093,25.606372078693788,20.82538171485769,6.51928955132116,1.0,1.0,1.0,43.34153576134398,7.999999999999986
11.07,0.000325,0.00037999999999999997,True,29.505475575089758,26.666085031475625,19.98415427742724,6.342088937109596,1.0,1.0,1.0,43.57500013240389,7.999999999999986
11.08,0.000325,0.00037999999999999997,True,30.619566343016434,27.90416993251435,18.87654146915762,6.112741725991603,1.0,1.0,1.0,43.73938673824683,7.999999999999986
11.09,0.000325,0.00037999999999999997,True,31.70437309122169,29.13907140302639,17.632901162419664,5.851625275787458,1.0,1.0,1.0,43.75342150647113,7.999999999999986
11.1,0.000325,0.00037999999999999997,True,32.69051277438513,30.29213777741742,16.31947250780226,5.571485206474317,1.0,1.0,1.0,43.623461990983714,7.999999999999986
11.11,0.000325,0.00037999999999999997,True,33.752031793722665,31.558027962754565,14.82040249340178,5.219709395957015,1.0,1.0,1.0,43.429750890915656,7.899999999999986
11.12,0.000325,0.00037999999999999997,True,35.01550313103648,33.131617211112044,12.942054331037632,4.714865866707377,1.0,1.0,1.0,43.17687901575758,7.7999999999999865
11.129999999999999,0.000325,0.00037999999999999997,True,36.215401898289294,34.71337139684969,11.020689884362906,4.110906585449456,1.0,1.0,1.0,42.91058354885565,7.649999999999987
11.139999999999999,0.000325,0.00037999999999999997,True,37.17540953348615,36.076727553084936,9.316947725100704,3.503993865279767,1.0,1.0,1.0,42.65341646897258,7.499999999999988
11.149999999999999,0.000325,0.00037999999999999997,True,38.09793863855559,37.51975311450184,7.437887255101323,2.77214403838229,1.0,1.0,1.0,42.349897065872135,7.349999999999988
11.159999999999998,0.000325,0.00037999999999999997,True,38.94756606516238,38.62648762752484,5.202180827768267,1.8950921668466965,1.0,1.0,1.0,41.93552392752197,7.099999999999989
11.169999999999998,0.000325,0.00037999999999999997,True,39.31302973959372,39.127793914131594,6.461911663159057,1.490730358085396,1.0,1.0,1.0,41.50620571145769,6.79999999999999
11.179999999999998,0.000325,0.00037999999999999997,True,39.19701499526131,39.456707865977,8.163004705120095,1.783748942018642,1.0,1.0,1.0,41.03576142180618,6.499999999999991
11.189999999999998,0.000325,0.00037999999999999997,True,38.22342645895874,39.27930192122281,10.493178708083533,2.6364507834045092,1.0,1.0,1.0,40.229890127938944,5.999999999999993
11.199999999999998,0.000325,0.00037999999999999997,True,36.270961094933774,37.80309308920501,12.512758335154516,3.3733231603912475,1.0,1.0,1.0,38.91173544341258,5.499999999999995
11.209999999999997,0.000325,0.00037999999999999997,True,33.85621900545912,35.56971839065866,13.636760514816764,3.775803921920117,1.0,1.0,1.0,36.98326110416111,5.349999999999995
11.219999999999997,0.000325,0.00037999999999999997,True,29.685649271398812,31.52689606678612,14.357156169503536,4.0418222837648665,1.0,1.0,0.9629629629629629,33.17533551288656,5.199999999999996
11.229999999999997,0.000325,0.00037999999999999997,True,25.25601534773188,27.11343661974212,14.502558432230373,4.106109669115657,0.9753086419753086,0.9259259259259259,0.8518518518518519,28.85560305506346,5.199999999999996
11.239999999999997,0.000325,0.00037999999999999997,True,20.50865666424461,22.361263054057492,14.66277042550498,4.137523658566786,0.8518518518518519,0.7901234567901234,0.6790123456790124,24.138601388632853,5.149999999999996
11.249999999999996,0.000325,0.00037999999999999997,True,13.253990661068995,15.409677280722956,16.123656562873602,4.528441413712116,0.5555555555555556,0.13580246913580246,0.0,17.117580437721884,5.149999999999996
11.259999999999996,0.000325,0.00037999999999999997,True,7.306959085596887,8.956567714333815,10.923199033511843,3.681003985291639,0.0,0.0,0.0,10.928916744070929,5.149999999999996
11.269999999999996,0.000325,0.00037999999999999997,True,6.458507737257392,4.012495152866433,18.403283805281305,5.602609230376198,0.12345679012345678,0.07407407407407407,0.0,19.56992516042568,7.999999999999986
11.279999999999996,0.000325,0.00037999999999999997,True,19.13737150093498,17.4918489267465,9.09396461923728,3.2081624247821137,1.0,0.5925925925925926,0.345679012345679,25.0974966689232,7.849999999999986
11.289999999999996,0.000325,0.00037999999999999997,True,12.910521628622432,14.287548248440975,13.486631375520458,3.2802405454560843,0.345679012345679,0.0,0.0,15.415032953090433,5.649999999999994
11.299999999999995,0.000325,0.00037999999999999997,True,10.602051984558786,10.94155135185317,2.8960244341093144,0.7183591960186381,0.0,0.0,0.0,11.114331020306224,5.5499999999999945
11.309999999999995,0.000325,0.00037999999999999997,True,8.2581353258703,8.36561328215069,0.9255294016683138,0.23500885064699303,0.0,0.0,0.0,8.440156771717897,5.649999999999994
11.319999999999995,0.000325,0.00037999999999999997,True,2.1773307727453766,2.1250031712163056,1.019748927483193,0.3409794847581322,0.0,0.0,0.0,2.7753384502066796,7.899999999999986
11.329999999999995,0.000325,0.00037999999999999997,True,3.0560459441164673,3.079723637605838,0.5211494558059342,0.18018143059841252,0.0,0.0,0.0,3.283532761740971,5.699999999999994
11.339999999999995,0.000325,0.00037999999999999997,True,5.073675496448832,5.101739808151394,0.39330209616581957,0.10574112600901596,0.0,0.0,0.0,5.185113098282797,5.649999999999994
11.349999999999994,0.000325,0.00037999999999999997,True,2.8085977537356075,2.930979202820549,1.4043408269547228,0.3493512523853669,0.0,0.0,0.0,3.1332021064469897,5.649999999999994
11.05,0.000325,0.00039,True,20.854422563994717,17.456701752743683,24.281915857238317,7.206084724195766,0.7407407407407407,0.5185185185185185,0.4074074074074074,38.66251860139481,7.999999999999986
11.06,0.000325,0.00039,True,21.631225869867194,18.271230677831337,23.9533529770521,7.123449989477151,1.0,0.5679012345679012,0.43209876543209874,39.17443000716889,7.999999999999986
11.07,0.000325,0.00039,True,22.560942722885457,19.25292888358356,23.567799842033452,7.030923115704277,1.0,0.7160493827160493,0.4691358024691358,39.78701640132961,7.999999999999986
11.08,0.000325,0.00039,True,23.670850898474814,20.42594361830365,23.088301053607452,6.92302180768783,1.0,1.0,0.5185185185185185,40.50513490709147,7.999999999999986
11.09,0.000325,0.00039,True,24.772751332020746,21.59482245473923,22.564096746765994,6.806359069441881,1.0,1.0,0.6172839506172839,41.1661273232684,7.999999999999986
11.1,0.000325,0.00039,True,25.8009315732993,22.683842525847496,22.01153854442513,6.684959957605887,1.0,1.0,0.8148148148148148,41.73104667884486,7.999999999999986
11.11,0.000325,0.00039,True,26.944097764546758,23.91237371045178,21.33796761697711,6.541385253220026,1.0,1.0,1.0,42.29629022055963,7.999999999999986
11.12,0.000325,0.00039,True,28.380897949167068,25.459009619606363,20.34858099531348,6.340437551773111,1.0,1.0,1.0,42.88349734972612,7.999999999999986
11.129999999999999,0.000325,0.00039,True,29.848281242388893,27.065064800648756,19.13335149640592,6.093040738653191,1.0,1.0,1.0,43.29950181815502,7.999999999999986
11.139999999999999,0.000325,0.00039,True,31.13727190111206,28.50906198181107,17.81325834352846,5.821873334148825,1.0,1.0,1.0,43.45089504154942,7.999999999999986
11.149999999999999,0.000325,0.00039,True,32.56447173467601,30.155578327431613,16.040392363142747,5.453065572041189,1.0,1.0,1.0,43.3564971252826,7.999999999999986
11.159999999999998,0.000325,0.00039,True,34.304878655336026,32.24747240063375,13.580286586138516,4.866771937347019,1.0,1.0,1.0,43.04153439031208,7.849999999999986
11.169999999999998,0.000325,0.00039,True,35.78278084944743,34.156831861085735,11.295106039727386,4.190498032027786,1.0,1.0,1.0,42.7306786787318,7.699999999999987
11.179999999999998,0.000325,0.00039,True,37.012401663843825,35.88303625557956,9.161160617686576,3.4423674620860423,1.0,1.0,1.0,42.419122669550305,7.499999999999988
11.189999999999998,0.000325,0.00039,True,38.31510864627242,37.99380667195596,6.399129730651019,2.3521187685643903,1.0,1.0,1.0,41.96842846416425,7.2499999999999885
11.199999999999998,0.000325,0.00039,True,39.050587918272086,38.7351503730947,5.899128137742956,1.5362029425522814,1.0,1.0,1.0,41.45893098871678,6.89999999999999
11.209999999999997,0.000325,0.00039,True,39.055092719589496,39.213744697027835,7.978152364417859,1.7176024414517457,1.0,1.0,1.0,40.92832439147571,6.549999999999991
11.219999999999997,0.000325,0.00039,True,37.81407911996119,38.97289788812331,10.959197726852274,2.7881011426582356,1.0,1.0,1.0,39.92320641299471,5.899999999999993
11.229999999999997,0.000325,0.00039,True,35.31662623528231,36.97597052685119,13.186356031384221,3.583932655830744,1.0,1.0,1.0,38.191130268646525,5.449999999999995
11.239999999999997,0.000325,0.00039,True,31.83131802884023,33.61494261594427,14.345922622407851,3.994948996798114,1.0,1.0,1.0,35.23119668905118,5.299999999999995
11.249999999999996,0.000325,0.00039,True,25.98931176429216,27.808321769017482,14.882965550648215,4.189205640325589,0.9876543209876543,0.9382716049382716,0.8641975308641975,29.66721689421888,5.249999999999996
11.259999999999996,0.000325,0.00039,True,20.932002810750554,22.838441132758767,15.166160936191766,4.250693810871225,0.8641975308641975,0.8024691358024691,0.7037037037037037,24.667275388060016,5.199999999999996
11.269999999999996,0.000325,0.00039,True,12.296362769667795,14.517879168064221,16.40378288234657,4.823196770063869,0.43209876543209874,0.0,0.0,16.405142561473056,5.199999999999996
11.279999999999996,0.000325,0.00039,True,5.796630219552589,6.69098910115304,10.441473455669394,2.7754813663186226,0.0,0.0,0.0,10.444333614381113,7.999999999999986
11.289999999999996,0.000325,0.00039,True,14.457692771916129,12.516013231100342,15.05477893469038,4.6101987942095715,0.345679012345679,0.2716049382716049,0.1728395061728395,25.045281024988174,7.999999999999986
11.299999999999995,0.000325,0.00039,True,12.86995376669811,14.657044990057596,18.438911271525555,5.459236785555552,0.4567901234567901,0.30864197530864196,0.0,18.48931337847402,5.999999999999993
11.309999999999995,0.000325,0.00039,True,10.800936273088915,10.969631915042434,2.564008576994304,0.5485129548847888,0.0,0.0,0.0,11.17963166764406,4.599999999999998
11.319999999999995,0.000325,0.00039,True,7.226412204404906,7.22175254147013,1.4734408291852308,0.5150246780089156,0.0,0.0,0.0,7.990282726901637,7.7999999999999865
11.329999999999995,0.000325,0.00039,True,1.52482643152097,1.3691013168595227,2.1651369533400064,0.6570210036512201,0.0,0.0,0.0,2.9521154049594758,7.999999999999986
11.339999999999995,0.000325,0.00039,True,0.3716160807871733,0.3821063417413203,0.4446232802601293,0.1520770458883938,0.0,0.0,0.0,0.5715654693011452,5.649999999999994
11.349999999999994,0.000325,0.00039,True,3.869044835360974,3.8770088101660956,0.25070956046121173,0.08867159479861705,0.0,0.0,0.0,3.982216331888726,5.749999999999994
11.05,0.000325,0.00039999999999999996,True,13.96846846495685,10.325791408924221,25.41301266237254,7.440391848264832,0.345679012345679,0.2839506172839506,0.2222222222222222,32.81005926114645,7.999999999999986
11.06,0.000325,0.00039999999999999996,True,14.667315601164836,11.057704827819887,25.19478249160892,7.384173643837094,0.35802469135802467,0.30864197530864196,0.2345679012345679,33.32369088665071,7.999999999999986
11.07,0.000325,0.00039999999999999996,True,15.515971156640582,11.950176652403714,24.983891090283123,7.323222728279218,0.38271604938271603,0.3333333333333333,0.25925925925925924,33.99788782647824,7.999999999999986
11.08,0.000325,0.00039999999999999996,True,16.540756260885505,13.012665833934724,24.699269277390233,7.255244372282073,0.41975308641975306,0.35802469135802467,0.2716049382716049,34.788169445409764,7.999999999999986
11.09,0.000325,0.00039999999999999996,True,17.569158316192954,14.089228529063506,24.416959068146948,7.182702997205749,0.4567901234567901,0.38271604938271603,0.30864197530864196,35.582874204442014,7.999999999999986
11.1,0.000325,0.00039999999999999996,True,18.535389490183306,15.093682782764969,24.129929955316463,7.109226202966177,0.5061728395061729,0.41975308641975306,0.3333333333333333,36.3201379378751,7.999999999999986
11.11,0.000325,0.00039999999999999996,True,19.623578847257555,16.228200694191578,23.804436525948827,7.028085466583535,0.5925925925925926,0.4691358024691358,0.35802469135802467,37.14525043070615,7.999999999999986
11.12,0.000325,0.00039999999999999996,True,21.014237314802646,17.67680698121135,23.392134874567148,6.931067390019557,0.8518518518518519,0.5308641975308642,0.4074074074074074,38.195937280697464,7.999999999999986
11.129999999999999,0.000325,0.00039999999999999996,True,22.463981325857695,19.19232484143623,22.915922976554544,6.822878440101461,1.0,0.7283950617283951,0.4691358024691358,39.24811937825566,7.999999999999986
11.139999999999999,0.000325,0.00039999999999999996,True,23.76663786151752,20.55442349985948,22.411535823097292,6.709991035320792,1.0,1.0,0.5308641975308642,40.12546086011949,7.999999999999986
11.149999999999999,0.000325,0.00039999999999999996,True,25.259283195273266,22.13251807971046,21.7647748315641,6.571842240831469,1.0,1.0,0.7283950617283951,41.06875952961316,7.999999999999986
11.159999999999998,0.000325,0.00039999999999999996,True,27.186167490994308,24.17136357881379,20.736832676058828,6.3652149054976865,1.0,1.0,1.0,42.108727072881194,7.999999999999986
11.169999999999998,0.000325,0.00039999999999999996,True,28.96202531756739,26.092838266151496,19.49564028826602,6.116906211258841,1.0,1.0,1.0,42.80911397007513,7.999999999999986
11.179999999999998,0.000325,0.00039999999999999996,True,30.615990144201874,27.915009640964694,17.989388506287444,5.814305537122284,1.0,1.0,1.0,43.15413113161658,7.999999999999986
11.189999999999998,0.000325,0.00039999999999999996,True,32.785667023875234,30.406333147406087,15.352525280568749,5.273833400410137,1.0,1.0,1.0,43.04777952987802,7.949999999999986
11.199999999999998,0.000325,0.00039999999999999996,True,34.82184235519214,32.90899776032914,12.418864311839783,4.524827734847623,1.0,1.0,1.0,42.67074113705483,7.7999999999999865
11.209999999999997,0.000325,0.00039999999999999996,True,36.40218232075982,35.037702550436826,9.84552460260852,3.686395283433682,1.0,1.0,1.0,42.318220662413566,7.599999999999987
11.219999999999997,0.000325,0.00039999999999999996,True,38.119349504097066,37.752060287718564,6.36046038027628,2.3322980601305106,1.0,1.0,1.0,41.77318437431984,7.2499999999999885
11.229999999999997,0.000325,0.00039999999999999996,True,38.90847903326102,38.59886124727909,6.392671423969311,1.4970034007154154,1.0,1.0,1.0,41.18746676639417,6.84999999999999
11.239999999999997,0.000325,0.00039999999999999996,True,38.60240606225029,39.11846280431504,9.210802319622282,2.105838869995927,1.0,1.0,1.0,40.46151172988186,6.349999999999992
11.249999999999996,0.000325,0.00039999999999999996,True,36.049781610732644,37.569431655919566,12.864942923441575,3.4381863006050453,1.0,1.0,1.0,38.743934565691646,5.5499999999999945
11.259999999999996,0.000325,0.00039999999999999996,True,32.56764815098506,34.361128530165885,14.48680940786322,4.001489055430306,1.0,1.0,1.0,35.94839639137528,5.349999999999995
11.269999999999996,0.000325,0.00039999999999999996,True,25.787813832748068,27.686452443505082,15.35615906298633,4.298155376216637,0.9753086419753086,0.9382716049382716,0.8518518518518519,29.573441706592384,5.249999999999996
11.279999999999996,0.000325,0.00039999999999999996,True,19.638332626238792,21.575254608514346,16.069538544017732,4.442618181945706,0.8271604938271605,0.7654320987654321,0.6419753086419753,23.53686704894622,5.249999999999996
11.289999999999996,0.000325,0.00039999999999999996,True,9.336975365798809,11.284004535484058,13.48197867878299,4.4181176598524745,0.0,0.0,0.0,13.483413963357027,5.249999999999996
11.299999999999995,0.000325,0.00039999999999999996,True,4.17404111755956,1.2476495574885031,18.665255150394046,5.514901515266198,0.08641975308641975,0.037037037037037035,0.0,18.666465207928013,7.999999999999986
11.309999999999995,0.000325,0.00039999999999999996,True,15.97181410691922,18.20018095167486,20.69298080255681,5.217722374618448,0.6790123456790124,0.5925925925925926,0.2222222222222222,20.708888991533936,6.449999999999991
11.319999999999995,0.000325,0.00039999999999999996,True,5.134702367041159,5.160767259954681,10.824449933692083,3.9426912709515474,0.0,0.0,0.0,10.87876857139215,7.849999999999986
11.329999999999995,0.000325,0.00039999999999999996,True,5.963225533352751,5.887379967002885,3.745673008807553,1.246351572333077,0.0,0.0,0.0,8.055570445563085,7.999999999999986
11.339999999999995,0.000325,0.00039999999999999996,True,4.712347462397142,4.64431092327705,1.6499076839286557,0.5310761140226155,0.0,0.0,0.0,5.694992453987372,7.999999999999986
11.349999999999994,0.000325,0.00039999999999999996,True,1.00251767443175,0.9411466090868982,0.8960211187301074,0.28991271405807534,0.0,0.0,0.0,1.5612302435635166,7.999999999999986
11.05,0.00035,0.0003,True,15.222273748345138,17.1012037580084,13.301145168414036,3.8724210039411053,0.6419753086419753,0.5061728395061729,0.0,18.64808785190774,4.899999999999997
11.06,0.00035,0.0003,True,13.298179579520548,15.150561446580152,13.208862214265181,3.8547545909649075,0.5185185185185185,0.0,0.0,16.708851737489415,4.849999999999997
11.07,0.00035,0.0003,True,10.997960289889214,12.833956981681478,13.007877320719713,3.8548799656704356,0.0,0.0,0.0,14.415129933670677,4.849999999999997
11.08,0.00035,0.0003,True,8.243156742670077,10.015951867126562,11.659337281797393,3.764834996341577,0.0,0.0,0.0,11.663336170688547,4.799999999999997
11.09,0.00035,0.0003,True,5.57863265566215,6.965702304359253,8.73590203301025,3.1806121846250837,0.0,0.0,0.0,8.740189548209084,4.799999999999997
11.1,0.00035,0.0003,True,3.4473837168507835,4.032834867163172,5.674387935249508,2.005264551375752,0.0,0.0,0.0,5.674673133279343,4.749999999999997
11.11,0.00035,0.0003,True,2.10639683343108,1.5934458687394115,8.700119918315629,2.1174564271066467,0.0,0.0,0.0,8.700902652024812,7.999999999999986
11.12,0.00035,0.0003,True,4.566168132810377,2.9107066478401618,12.809257709328959,3.989652347572586,0.0,0.0,0.0,13.637378043116776,7.999999999999986
11.129999999999999,0.00035,0.0003,True,10.893506680793845,9.714587070103228,11.235898034323656,3.472729552294464,0.1728395061728395,0.07407407407407407,0.0,18.654328315903925,7.999999999999986
11.139999999999999,0.00035,0.0003,True,16.33956577798234,15.368418996779042,9.754508858713477,3.001231537904231,0.5308641975308642,0.35802469135802467,0.1728395061728395,23.018868091465347,7.999999999999986
11.149999999999999,0.00035,0.0003,True,21.47824264199258,20.844794415070798,8.08460589989221,2.496293923992164,1.0,1.0,0.6049382716049383,26.672461538978517,7.999999999999986
11.159999999999998,0.00035,0.0003,True,18.954459935876308,19.593991923879134,4.555411165247538,1.286047538832548,1.0,0.8765432098765432,0.19753086419753085,20.185341630133312,6.89999999999999
11.169999999999998,0.00035,0.0003,True,13.669853598661271,13.75420734119983,0.8515460982763656,0.2157877284997696,0.0,0.0,0.0,13.86050427064141,5.149999999999996
11.179999999999998,0.00035,0.0003,True,3.7839657006351426,3.794173321526197,1.5061447829624965,0.28125799297237264,0.0,0.0,0.0,4.773044436270518,7.999999999999986
11.189999999999998,0.00035,0.0003,True,9.498568216393794,9.591188521177221,1.0490092843648569,0.25958550767866306,0.0,0.0,0.0,9.728486532572639,5.599999999999994
11.199999999999998,0.00035,0.0003,True,2.5442184464864606,2.2994288253862165,2.610221630395657,0.6743889260202407,0.0,0.0,0.0,4.5576523750625695,7.999999999999986
11.209999999999997,0.00035,0.0003,True,4.751580536915407,5.049041945092264,3.1564193801447553,0.7919108888973613,0.0,0.0,0.0,5.437219370823043,5.5499999999999945
11.219999999999997,0.00035,0.0003,True,5.8615376752807995,5.796524164045048,0.7550166437845025,0.2321477937354346,0.0,0.0,0.0,6.364882708963169,7.999999999999986
11.229999999999997,0.00035,0.0003,True,0.24057400462134246,0.2142952422383768,1.2249859679959958,0.2352895179013088,0.0,0.0,0.0,1.225052168057374,7.999999999999986
11.239999999999997,0.00035,0.0003,True,4.7773246979289326,5.012547560981462,2.5190587431905405,0.61439626931387,0.0,0.0,0.0,5.292897409932637,5.599999999999994
11.249999999999996,0.00035,0.0003,True,2.982272645726094,2.81524626078203,2.093286866040776,0.5998485053974629,0.0,0.0,0.0,4.4396643290752955,7.999999999999986
11.259999999999996,0.00035,0.0003,True,0.5330173633018208,0.5636191801446432,0.9900648425485832,0.3403470111531922,0.0,0.0,0.0,0.990225154788129,5.649999999999994
11.269999999999996,0.00035,0.0003,True,4.1447680360050105,4.2611745722121395,1.0882971764845477,0.23779826065696855,0.0,0.0,0.0,4.269614857701365,6.349999999999992
11.279999999999996,0.00035,0.0003,True,1.6638239285328447,1.4509919522294479,2.359871560466656,0.6670069689565388,0.0,0.0,0.0,3.337499003053528,7.999999999999986
11.289999999999996,0.00035,0.0003,True,2.0920606559120443,2.357617449647235,2.630690952206333,0.7249154371889339,0.0,0.0,0.0,2.7878219403549513,5.649999999999994
11.299999999999995,0.00035,0.0003,True,3.108371925404619,3.10911811970964,0.44384831757648735,0.12107455708377361,0.0,0.0,0.0,3.2777895080296586,7.299999999999988
11.309999999999995,0.00035,0.0003,True,0.2910036850890088,0.295057824484446,0.8549557360531977,0.2117688919632866,0.0,0.0,0.0,0.8551635055921811,7.999999999999986
11.319999999999995,0.00035,0.0003,True,2.614298382405658,2.7907057325591706,1.6315291200363622,0.38270780312290087,0.0,0.0,0.0,2.8722557491219236,5.649999999999994
11.329999999999995,0.00035,0.0003,True,0.5969586096121344,0.38544909901097224,1.9503398523697568,0.531775271556511,0.0,0.0,0.0,2.067074893180465,7.999999999999986
11.339999999999995,0.00035,0.0003,True,2.0575431917934135,2.244516939653197,1.7579592368999912,0.4319531099197116,0.0,0.0,0.0,2.3867181133117494,5.649999999999994
11.349999999999994,0.00035,0.0003,True,0.2869955807643188,0.09554433098286184,1.5436201312133708,0.39967935906089114,0.0,0.0,0.0,1.5437329502069954,7.999999999999986
11.05,0.00035,0.00031,True,24.915609629019077,26.999324043385492,14.087405923352923,4.070097016142257,0.9753086419753086,0.9259259259259259,0.8395061728395061,28.469478363929316,4.9999999999999964
11.06,0.00035,0.00031,True,23.2331008827071,25.328144340073557,13.913119925333106,4.025056465744207,0.9382716049382716,0.8765432098765432,0.7777777777777778,26.75790912574257,4.9999999999999964
11.07,0.00035,0.00031,True,21.242173098268044,23.28984803969039,13.725844166483714,3.9758357824012265,0.8888888888888888,0.8148148148148148,0.7037037037037037,24.732223812599386,4.949999999999997
11.08,0.00035,0.00031,True,18.878559023603522,20.87884413936807,13.555077250147553,3.927747280316477,0.8024691358024691,0.7283950617283951,0.5679012345679012,22.33423586570998,4.949999999999997
11.09,0.00035,0.00031,True,16.476283993789938,18.440572207832883,13.458012366095408,3.897081268259654,0.7160493827160493,0.6049382716049383,0.0,19.902992464425186,4.949999999999997
11.1,0.00035,0.00031,True,14.15771740436727,16.101617370041545,13.459697159184643,3.8967765708181155,0.5802469135802469,0.3333333333333333,0.0,17.57869830681936,4.899999999999997
11.11,0.00035,0.00031,True,11.502540283751546,13.452828821093263,13.433591867663788,3.938592285751536,0.0,0.0,0.0,14.956408839547965,4.899999999999997
11.12,0.00035,0.00031,True,8.090408348570014,9.981469649253217,11.566413176077496,3.8462338134099796,0.0,0.0,0.0,11.571652858207141,4.899999999999997
11.129999999999999,0.00035,0.00031,True,4.8037656235362975,5.912453952847604,7.709387765117153,2.7708796158864617,0.0,0.0,0.0,7.709461198963453,4.849999999999997
11.139999999999999,0.00035,0.00031,True,2.667522577613986,2.8990410840187506,8.060381623891779,1.7948373130837252,0.0,0.0,0.0,8.060523927753321,7.999999999999986
11.149999999999999,0.00035,0.00031,True,3.4720608554924204,1.2956700668786028,13.168493714490612,4.095107886333107,0.0,0.0,0.0,13.219008298308886,7.999999999999986
11.159999999999998,0.00035,0.00031,True,11.272455897374481,9.884067221379219,11.86979939435998,3.6629926912595203,0.20987654320987653,0.1111111111111111,0.0,19.58252749828644,7.999999999999986
11.169999999999998,0.00035,0.00031,True,18.193111201899303,17.123698544911786,9.713300211498167,3.0155381135923185,1.0,0.5061728395061729,0.2839506172839506,24.923600802149547,7.999999999999986
11.179999999999998,0.00035,0.00031,True,22.32202735641092,22.026744368036493,6.396112932281849,2.0581658563972827,1.0,1.0,0.8395061728395061,25.831390357947047,7.999999999999986
11.189999999999998,0.00035,0.00031,True,7.5968288781646365,7.352049828256252,5.867984451628535,1.9264557507430216,0.0,0.0,0.0,10.796346933666268,7.999999999999986
11.199999999999998,0.00035,0.00031,True,5.7819219050412585,5.976404660837393,2.7373007305289185,0.8613219662809335,0.0,0.0,0.0,6.84622310170089,5.649999999999994
11.209999999999997,0.00035,0.00031,True,9.307190375561554,9.385155713756557,0.8259482969341043,0.20035013806107152,0.0,0.0,0.0,9.468960366679525,5.249999999999996
11.219999999999997,0.00035,0.00031,True,2.1098034245152824,1.9820203921887165,1.2812999792855182,0.2966685904882578,0.0,0.0,0.0,3.1701050171460605,7.999999999999986
11.229999999999997,0.00035,0.00031,True,6.586928514773859,6.7424531449160146,1.636958661481236,0.40237082236192623,0.0,0.0,0.0,6.933622302902539,5.5499999999999945
11.239999999999997,0.00035,0.00031,True,5.129155761759289,5.033296967995973,0.9886587565767746,0.2661781931368333,0.0,0.0,0.0,5.8645113359447745,7.999999999999986
11.249999999999996,0.00035,0.00031,True,2.92341656467979,3.1769602197223454,2.774477620598476,0.7237899666756308,0.0,0.0,0.0,3.593716693856929,5.599999999999994
11.259999999999996,0.00035,0.00031,True,5.479504469225733,5.527653154997103,0.4989230696186695,0.10559275922605177,0.0,0.0,0.0,5.531819576436092,6.349999999999992
11.269999999999996,0.00035,0.00031,True,0.16000722284328897,0.07252728524831314,1.3036853828795332,0.2734118633938467,0.0,0.0,0.0,1.3036886113702297,7.999999999999986
11.279999999999996,0.00035,0.00031,True,3.771545525760076,3.9935896800017643,2.3550960946007997,0.5807867930127901,0.0,0.0,0.0,4.2730211482312495,5.649999999999994
11.289999999999996,0.00035,0.00031,True,1.810535630695421,1.6157474739608855,2.1515610766156827,0.5988928254608155,0.0,0.0,0.0,3.346743686247505,7.999999999999986
11.299999999999995,0.00035,0.00031,True,1.2090030280139685,1.3894107426720832,1.856795979760112,0.5885726987486101,0.0,0.0,0.0,1.8571718196619682,5.649999999999994
11.309999999999995,0.00035,0.00031,True,2.85961501040798,2.8134506009606812,0.7638175457342689,0.2607418975425585,0.0,0.0,0.0,3.2934108858318285,7.749999999999987
11.319999999999995,0.00035,0.00031,True,0.28131409990570483,0.28463529542277777,0.7052820409457873,0.19779694349943144,0.0,0.0,0.0,0.7054150345730049,7.999999999999986
11.329999999999995,0.00035,0.00031,True,2.8203006257084176,2.890628862475104,0.9159154982772701,0.1911182278639215,0.0,0.0,0.0,2.9235249807245856,6.69999999999999
11.339999999999995,0.00035,0.00031,True,0.24372528647377834,0.24204346982375108,0.717359679595997,0.17892998004548222,0.0,0.0,0.0,0.7173689310224306,7.999999999999986
11.349999999999994,0.00035,0.00031,True,2.1599202458414624,2.1629465225723825,0.3932277860726652,0.12307840426115241,0.0,0.0,0.0,2.3334050971741083,7.349999999999988
11.05,0.00035,0.00031999999999999997,True,33.59720192109739,35.56064497922571,13.915295985861253,3.913258929079437,1.0,1.0,1.0,36.816698159490755,5.199999999999996
11.06,0.00035,0.00031999999999999997,True,32.272979673697876,34.23052625814205,14.091164372218788,3.9908458927615924,1.0,1.0,1.0,35.61742581702607,5.149999999999996
11.07,0.00035,0.00031999999999999997,True,30.635440000397214,32.655666400732244,14.1861449071957,4.042824698800389,1.0,1.0,0.9876543209876543,34.076731217960464,5.099999999999996
11.08,0.00035,0.00031999999999999997,True,28.62523443030372,30.60000259843397,14.188526201975801,4.0645409894330475,1.0,1.0,0.9382716049382716,32.12459858084744,5.099999999999996
11.09,0.00035,0.00031999999999999997,True,26.54668850240413,28.566327041940323,14.10863211505038,4.053912663184853,1.0,0.9629629629629629,0.8888888888888888,30.068991108670108,5.049999999999996
11.1,0.00035,0.00031999999999999997,True,24.539361337821806,26.568317049044097,13.971051219686426,4.023563689706379,0.9753086419753086,0.9135802469135802,0.8271604938271605,28.049829268062368,4.9999999999999964
11.11,0.00035,0.00031999999999999997,True,22.269748493327665,24.251742554487407,13.81322874474412,3.984068036918855,0.9135802469135802,0.8518518518518519,0.7407407407407407,25.75831389229418,4.9999999999999964
11.12,0.00035,0.00031999999999999997,True,19.38594706591273,21.352267195190006,13.685181642842814,3.946633130592626,0.8271604938271605,0.7530864197530864,0.6049382716049383,22.847721799108488,4.9999999999999964
11.129999999999999,0.00035,0.00031999999999999997,True,16.312779324265954,18.346485018167364,13.700923748378179,3.941590158941197,0.7037037037037037,0.6049382716049383,0.0,19.760065743344406,4.9999999999999964
11.139999999999999,0.00035,0.00031999999999999997,True,13.415085712400304,15.47706353909868,13.89618281133999,3.9972087445928683,0.5432098765432098,0.0,0.0,16.893957008540376,4.9999999999999964
11.149999999999999,0.00035,0.00031999999999999997,True,9.954909260810975,12.057093862828676,13.398032245234184,4.087197958488962,0.0,0.0,0.0,13.530942236022351,4.949999999999997
11.159999999999998,0.00035,0.00031999999999999997,True,5.658124416136239,7.154017110454842,8.835269390381173,3.1539842502075492,0.0,0.0,0.0,8.83971394358312,4.899999999999997
11.169999999999998,0.00035,0.00031999999999999997,True,2.824749015162335,2.7856432865312475,9.489124747757536,2.1324433406801906,0.0,0.0,0.0,9.492212390574045,7.999999999999986
11.179999999999998,0.00035,0.00031999999999999997,True,4.665511393170563,2.434270264773312,14.651523692527892,4.560334055766785,0.012345679012345678,0.0,0.0,15.212551523430113,7.999999999999986
11.189999999999998,0.00035,0.00031999999999999997,True,14.17171916689574,12.664772891511904,11.727787734399106,3.6035185880894534,0.345679012345679,0.24691358024691357,0.1111111111111111,22.479322880224075,7.999999999999986
11.199999999999998,0.00035,0.00031999999999999997,True,21.386264350081504,20.716921997942187,7.236854351665109,2.430021801389416,1.0,1.0,0.5802469135802469,25.894342866077146,7.999999999999986
11.209999999999997,0.00035,0.00031999999999999997,True,9.495838931215552,11.39255240793505,14.416074795557062,4.78678947881674,0.0,0.0,0.0,14.432981789094148,5.849999999999993
11.219999999999997,0.00035,0.00031999999999999997,True,7.313366654653703,7.833090567104577,6.196091453329769,1.7548644069293944,0.0,0.0,0.0,9.19544696333007,5.649999999999994
11.229999999999997,0.00035,0.00031999999999999997,True,10.055168295326888,10.132323413896083,0.7488631033114501,0.19604080853299174,0.0,0.0,0.0,10.229818025519162,5.5499999999999945
11.239999999999997,0.00035,0.00031999999999999997,True,0.8761181925056515,0.877162407191161,0.44625907889373106,0.12401324593015366,0.0,0.0,0.0,1.0663780083323346,5.649999999999994
11.249999999999996,0.00035,0.00031999999999999997,True,7.461700873257227,7.511652763366836,0.6170777755220405,0.15982977436429172,0.0,0.0,0.0,7.621576099995875,5.649999999999994
11.259999999999996,0.00035,0.00031999999999999997,True,1.316812402339883,1.1758670610554598,1.4295597132348572,0.3486397173341681,0.0,0.0,0.0,2.4616246715832113,7.999999999999986
11.269999999999996,0.00035,0.00031999999999999997,True,5.695750339601572,5.798970421198878,1.1648270589323504,0.2821696571752503,0.0,0.0,0.0,5.940720754169645,5.649999999999994
11.279999999999996,0.00035,0.00031999999999999997,True,2.6266530734392797,2.4806653301770702,1.6724339867159062,0.4449001401516349,0.0,0.0,0.0,3.863646857516574,7.999999999999986
11.289999999999996,0.00035,0.00031999999999999997,True,3.7407585795287956,3.9436604969996267,2.1735513678211866,0.5401350038092214,0.0,0.0,0.0,4.222676419454328,5.649999999999994
11.299999999999995,0.00035,0.00031999999999999997,True,3.445376263048826,3.3660174994759267,0.9532578555569398,0.2860152249862194,0.0,0.0,0.0,4.076686853907696,7.999999999999986
11.309999999999995,0.00035,0.00031999999999999997,True,1.9426367199046308,2.167107338702218,2.3192460048139565,0.6329492551241528,0.0,0.0,0.0,2.5670421155672014,5.649999999999994
11.319999999999995,0.00035,0.00031999999999999997,True,3.1252367334041993,3.0941208419895654,0.5710908654831055,0.19549511351569604,0.0,0.0,0.0,3.446485945237984,7.749999999999987
11.329999999999995,0.00035,0.00031999999999999997,True,0.6203723419908198,0.686142294041181,1.0831440550740976,0.37106973688490585,0.0,0.0,0.0,1.083144200489004,5.649999999999994
11.339999999999995,0.00035,0.00031999999999999997,True,2.259634689231136,2.2048385903397993,0.887937747757515,0.2946998588236497,0.0,0.0,0.0,2.78792011925084,7.849999999999986
11.349999999999994,0.00035,0.00031999999999999997,True,1.3901322578257578,1.561703432850895,1.8976517045754657,0.5440515605909932,0.0,0.0,0.0,1.9451757568413284,5.649999999999994
11.05,0.00035,0.00033,True,38.81050276750537,39.48609957139545,9.608728540457868,2.2561029778450474,1.0,1.0,1.0,40.71557392161212,6.249999999999992
11.06,0.00035,0.00033,True,38.358030188258226,39.3558315328558,10.467869300470909,2.6025924984508277,1.0,1.0,1.0,40.3507786060866,6.049999999999993
11.07,0.00035,0.00033,True,37.62735089227053,38.98216383345483,11.434568077554061,2.9851045407653225,1.0,1.0,1.0,39.851560364568485,5.749999999999994
11.08,0.00035,0.00033,True,36.51382741170166,38.12291435369597,12.43766173439316,3.3618338097484926,1.0,1.0,1.0,39.09209990115875,5.499999999999995
11.09,0.00035,0.00033,True,35.16203131662927,36.9377496890634,13.189399641573598,3.6413946986365713,1.0,1.0,1.0,38.06498079679544,5.349999999999995
11.1,0.00035,0.00033,True,33.7088640581375,35.562274419828896,13.662035230675635,3.8208960260212392,1.0,1.0,1.0,36.84629006142656,5.249999999999996
11.11,0.00035,0.00033,True,31.936135324757803,33.87820437120835,13.966832280038265,3.9458806486074915,1.0,1.0,1.0,35.253056340219686,5.199999999999996
11.12,0.00035,0.00033,True,29.551204140356003,31.470056247214405,14.1378379351199,4.025192968249427,1.0,1.0,0.9629629629629629,33.00272874694235,5.149999999999996
11.129999999999999,0.00035,0.00033,True,26.932616993238547,28.924945391497836,14.135995998058021,4.044730672460734,1.0,0.9753086419753086,0.9012345679012346,30.442089733207037,5.099999999999996
11.139999999999999,0.00035,0.00033,True,24.466492791091774,26.413493315491227,14.043181110625127,4.0275966880473995,0.9629629629629629,0.9135802469135802,0.8271604938271605,27.981647953715388,5.099999999999996
11.149999999999999,0.00035,0.00033,True,21.58425658606741,23.500246848693124,13.935397857672381,3.99980030235948,0.8888888888888888,0.8271604938271605,0.7160493827160493,25.08604328024429,5.099999999999996
11.159999999999998,0.00035,0.00033,True,17.7772007688934,19.767428660904734,13.983646161993006,4.00047370836667,0.7654320987654321,0.6790123456790124,0.4567901234567901,21.272940124534667,5.049999999999996
11.169999999999998,0.00035,0.00033,True,14.025242423565244,16.075248250585414,14.401272811650962,4.1014908373846675,0.5925925925925926,0.30864197530864196,0.0,17.57583361960493,5.049999999999996
11.179999999999998,0.00035,0.00033,True,10.1950252640539,12.347052873324344,13.858841939264309,4.249401125222861,0.0,0.0,0.0,13.884529979157929,4.9999999999999964
11.189999999999998,0.00035,0.00033,True,5.32374504045353,6.610226886185688,8.295751129989178,2.859424488838909,0.0,0.0,0.0,8.301888917044149,4.9999999999999964
11.199999999999998,0.00035,0.00033,True,2.9023414308271014,0.7428325506130767,13.371332308027764,3.906852949092739,0.0,0.0,0.0,13.371338344567995,7.999999999999986
11.209999999999997,0.00035,0.00033,True,9.887252289985758,7.86937766177968,14.309625816271968,4.380523532925669,0.18518518518518517,0.1111111111111111,0.012345679012345678,20.010176776344387,7.999999999999986
11.219999999999997,0.00035,0.00033,True,20.10902601148064,19.028781492117012,8.43734333929753,2.8417955071965455,1.0,1.0,0.41975308641975306,25.753367554790927,7.999999999999986
11.229999999999997,0.00035,0.00033,True,6.628368362041501,7.481970791543578,12.085024114193496,3.6140246792725192,0.0,0.0,0.0,12.08529128562632,7.999999999999986
11.239999999999997,0.00035,0.00033,True,7.153739917369694,8.05684460777867,9.593502258743367,2.763606456397542,0.0,0.0,0.0,9.9705166353775,5.649999999999994
11.249999999999996,0.00035,0.00033,True,9.110277088284324,9.297851482774744,2.060129142045314,0.5753632408502175,0.0,0.0,0.0,9.710129005893165,5.649999999999994
11.259999999999996,0.00035,0.00033,True,2.8428542959224297,2.8208060977628553,0.7635263906458589,0.2582964879186303,0.0,0.0,0.0,3.250466719737299,4.0
11.269999999999996,0.00035,0.00033,True,4.984102811243119,4.9887905574880635,0.3434987139295753,0.11023741981981905,0.0,0.0,0.0,5.138083215882878,5.649999999999994
11.279999999999996,0.00035,0.00033,True,3.051030732408039,3.1804788592926423,1.3948117042449382,0.33948683322366174,0.0,0.0,0.0,3.3339225327343653,5.5499999999999945
11.289999999999996,0.00035,0.00033,True,3.6581591375855234,3.582728716499208,0.8133462290883635,0.2073045701418978,0.0,0.0,0.0,4.284459001773342,7.999999999999986
11.299999999999995,0.00035,0.00033,True,1.8528070955947176,2.029584213132034,1.8730677241353204,0.4956215146292529,0.0,0.0,0.0,2.3326970059373506,5.649999999999994
11.309999999999995,0.00035,0.00033,True,3.092490260764244,2.993363342608787,1.0871665538610995,0.30081431433187267,0.0,0.0,0.0,3.8652906142804055,7.999999999999986
11.319999999999995,0.00035,0.00033,True,1.6254871474650059,1.8094026240142536,1.9809150496278662,0.5458217608811918,0.0,0.0,0.0,2.1771376434917102,5.649999999999994
11.329999999999995,0.00035,0.00033,True,2.924562385149658,2.8613898577759205,0.8346534959648118,0.25627415032126627,0.0,0.0,0.0,3.46321605341822,7.999999999999986
11.339999999999995,0.00035,0.00033,True,2.1736339662219057,2.3660933374916087,2.110386781185761,0.5502381189925376,0.0,0.0,0.0,2.694322690623083,5.649999999999994
11.349999999999994,0.00035,0.00033,True,0.8147950926130111,0.6520179214316991,1.7670069772904773,0.4730237832330586,0.0,0.0,0.0,2.1274418078253814,7.999999999999986
11.05,0.00035,0.00033999999999999997,True,37.94569707172985,37.556811476704944,7.416452217680742,2.7476128435426204,1.0,1.0,1.0,42.13912266851168,7.299999999999988
11.06,0.00035,0.00033999999999999997,True,38.37466059914906,38.05959792711873,6.300399994453997,2.3043537421207816,1.0,1.0,1.0,41.929250570168975,7.149999999999989
11.07,0.00035,0.00033999999999999997,True,38.754708575079725,38.360486525450256,5.33720647238011,1.8616653428051981,1.0,1.0,1.0,41.678305885206875,7.049999999999989
11.08,0.00035,0.00033999999999999997,True,39.00844886184782,38.73269010984783,6.498689129929282,1.5730860033535552,1.0,1.0,1.0,41.3683980917401,6.84999999999999
11.09,0.00035,0.00033999999999999997,True,39.02753018387886,39.07456080210561,7.690429440020978,1.6526588248682383,1.0,1.0,1.0,41.02786764507596,6.649999999999991
11.1,0.00035,0.00033999999999999997,True,38.813617207982496,39.236886192542435,8.815054766940186,1.981987542495758,1.0,1.0,1.0,40.67635443587534,6.3999999999999915
11.11,0.00035,0.00033999999999999997,True,38.299842790112535,39.19954973140969,10.040000984357803,2.4521013319015585,1.0,1.0,1.0,40.22304798391347,6.0999999999999925
11.12,0.00035,0.00033999999999999997,True,37.252822572702335,38.62386928547322,11.500666048048156,3.0144760637491035,1.0,1.0,1.0,39.51422715030548,5.699999999999994
11.129999999999999,0.00035,0.00033999999999999997,True,35.73114629028275,37.37368042124767,12.736471880385778,3.4679067201159883,1.0,1.0,1.0,38.44879518538021,5.449999999999995
11.139999999999999,0.00035,0.00033999999999999997,True,34.034449766165324,35.80503386959696,13.490338192754383,3.744227470568333,1.0,1.0,1.0,37.08927264224104,5.299999999999995
11.149999999999999,0.00035,0.00033999999999999997,True,31.82454993113156,33.6784039372001,13.985726411062569,3.934212892690942,1.0,1.0,1.0,35.13866300006357,5.249999999999996
11.159999999999998,0.00035,0.00033999999999999997,True,28.689978387762523,30.636777733297606,14.251136661126022,4.047661802884283,1.0,1.0,0.9382716049382716,32.17924025536425,5.149999999999996
11.169999999999998,0.00035,0.00033999999999999997,True,25.54103391313236,27.440885660899053,14.268552028839336,4.068874240927487,0.9876543209876543,0.9382716049382716,0.8518518518518519,29.088796556106868,5.149999999999996
11.179999999999998,0.00035,0.00033999999999999997,True,22.398960909206643,24.30575391758344,14.218326185773284,4.05902494819897,0.9135802469135802,0.8518518518518519,0.7530864197530864,25.95190793107518,5.099999999999996
11.189999999999998,0.00035,0.00033999999999999997,True,17.96776102544431,19.963607439143818,14.414157413433118,4.091491471616923,0.7777777777777778,0.691358024691358,0.48148148148148145,21.536354798277685,5.099999999999996
11.199999999999998,0.00035,0.00033999999999999997,True,13.113825642349768,15.202592704481965,15.247355783087427,4.3232533663177914,0.5308641975308642,0.0,0.0,16.82193381778894,5.099999999999996
11.209999999999997,0.00035,0.00033999999999999997,True,8.514416800605792,10.626557127268859,12.307481855296054,4.188822178558708,0.0,0.0,0.0,12.30772788840192,5.049999999999996
11.219999999999997,0.00035,0.00033999999999999997,True,3.5406613037649692,3.4292606355794035,11.519462279228991,2.586514346518842,0.0,0.0,0.0,11.522496821597768,7.999999999999986
11.229999999999997,0.00035,0.00033999999999999997,True,9.068204495612767,6.834984806768073,15.8702206716861,4.835806677485648,0.1728395061728395,0.1111111111111111,0.012345679012345678,20.28909139019431,7.999999999999986
11.239999999999997,0.00035,0.00033999999999999997,True,18.97420355088088,17.546662707923677,9.479717364208962,3.1771651251624267,1.0,0.5555555555555556,0.3333333333333333,25.4037556509555,7.999999999999986
11.249999999999996,0.00035,0.00033999999999999997,True,12.259978790676731,12.691332834464866,5.64716951816904,1.9758486663884325,0.0,0.0,0.0,14.707640659515855,4.0
11.259999999999996,0.00035,0.00033999999999999997,True,2.0774410907379046,0.8913642129121961,7.5620685870668884,2.380120732326296,0.0,0.0,0.0,7.562101418807275,7.999999999999986
11.269999999999996,0.00035,0.00033999999999999997,True,2.4097603408092465,2.667497833338817,3.7311335413175932,1.1850329120854575,0.0,0.0,0.0,3.8269258841581584,5.649999999999994
11.279999999999996,0.00035,0.00033999999999999997,True,7.9193444971740705,7.978705982307888,0.5731280599698918,0.14507954970173426,0.0,0.0,0.0,8.037156717211072,5.5499999999999945
11.289999999999996,0.00035,0.00033999999999999997,True,1.317557369390998,1.3320090719011877,0.3585080031946408,0.06492000716360144,0.0,0.0,0.0,1.4362746788761893,4.0
11.299999999999995,0.00035,0.00033999999999999997,True,6.009951018084874,6.044772548837364,0.46182041913335237,0.12713079093833776,0.0,0.0,0.0,6.146840360599804,5.649999999999994
11.309999999999995,0.00035,0.00033999999999999997,True,2.373671085496774,2.5175762552919045,1.4995571435146169,0.3759410024759736,0.0,0.0,0.0,2.7158210463441774,5.649999999999994
11.319999999999995,0.00035,0.00033999999999999997,True,3.9241155192476898,3.8825023032438026,0.4187430475256484,0.11429166963359069,0.0,0.0,0.0,4.227365243753432,7.999999999999986
11.329999999999995,0.00035,0.00033999999999999997,True,2.0792223114877437,2.248231866801059,1.8655545955778818,0.48609820614161975,0.0,0.0,0.0,2.549131639556917,5.649999999999994
11.339999999999995,0.00035,0.00033999999999999997,True,1.276999227831032,1.1369908711023995,1.5801232896158899,0.4165052502630919,0.0,0.0,0.0,2.448322488550155,7.999999999999986
11.349999999999994,0.00035,0.00033999999999999997,True,3.246281886245739,3.35034642127755,1.1123540401607728,0.2607955314523277,0.0,0.0,0.0,3.4515362382407906,5.649999999999994
11.05,0.00035,0.00035,True,32.849411093104706,30.556930280850736,15.67739451417998,5.497838429990535,1.0,1.0,1.0,43.12287816652833,7.899999999999986
11.06,0.00035,0.00035,True,33.65396991772979,31.546121305413166,14.497582159389708,5.191465033271926,1.0,1.0,1.0,42.96569509386713,7.849999999999986
11.07,0.00035,0.00035,True,34.55937964400636,32.687803239988824,13.11373899453448,4.798289305999263,1.0,1.0,1.0,42.77475422312044,7.749999999999987
11.08,0.00035,0.00035,True,35.55476074657179,34.00945475481232,11.509644802337665,4.288488480226005,1.0,1.0,1.0,42.54927890419037,7.649999999999987
11.09,0.00035,0.00035,True,36.45195165247542,35.273027728608966,9.93074368462156,3.734061053244384,1.0,1.0,1.0,42.31391878950204,7.549999999999987
11.1,0.00035,0.00035,True,37.19211350282868,36.38861676785374,8.48717497559528,3.183690819793289,1.0,1.0,1.0,42.083598967192486,7.399999999999988
11.11,0.00035,0.00035,True,37.88080704807709,37.528212918161145,6.943744079348853,2.5666455439567244,1.0,1.0,1.0,41.818341007871844,7.2499999999999885
11.12,0.00035,0.00035,True,38.508061950679505,38.1254288055019,5.1547124104721505,1.8815519999173214,1.0,1.0,1.0,41.474549835015026,7.049999999999989
11.129999999999999,0.00035,0.00035,True,38.827330674128675,38.624096667403485,6.556969497707769,1.5284096181681979,1.0,1.0,1.0,41.08500084074075,6.79999999999999
11.139999999999999,0.00035,0.00035,True,38.78039342606161,38.90970568094716,7.97360432256788,1.718773175536923,1.0,1.0,1.0,40.69119660234094,6.549999999999991
11.149999999999999,0.00035,0.00035,True,38.297501572747244,39.03439466881517,9.60497249699998,2.2820117534852025,1.0,1.0,1.0,40.16980940479581,6.199999999999992
11.159999999999998,0.00035,0.00035,True,36.99040457693039,38.37756201735535,11.58953625162681,3.0370660080173386,1.0,1.0,1.0,39.27958419773776,5.699999999999994
11.169999999999998,0.00035,0.00035,True,35.12409312321344,36.78016197853553,13.034698173329282,3.5582111186516765,1.0,1.0,1.0,37.952508966654875,5.449999999999995
11.179999999999998,0.00035,0.00035,True,32.881005405142794,34.687658340576355,13.875903140024512,3.864189937652976,1.0,1.0,1.0,36.094489468288764,5.299999999999995
11.189999999999998,0.00035,0.00035,True,29.34748415055458,31.2404842806556,14.41923793472547,4.068778723739514,1.0,1.0,0.9629629629629629,32.848676500457756,5.249999999999996
11.199999999999998,0.00035,0.00035,True,25.36286416882333,27.243430222636732,14.556530738295798,4.1306197218142255,0.9753086419753086,0.9382716049382716,0.8518518518518519,28.969824724369033,5.149999999999996
11.209999999999997,0.00035,0.00035,True,21.596993103464456,23.538165918981512,14.622036054643742,4.144869196366024,0.8888888888888888,0.8271604938271605,0.7283950617283951,25.227624506039923,5.149999999999996
11.219999999999997,0.00035,0.00035,True,15.919119742445,17.93577549676133,15.454840229000425,4.315908141558284,0.691358024691358,0.5925925925925926,0.0,19.647030320197935,5.149999999999996
11.229999999999997,0.00035,0.00035,True,10.002486775086076,12.200217835376307,13.992154242602862,4.554980651968503,0.0,0.0,0.0,13.992154058094805,5.099999999999996
11.239999999999997,0.00035,0.00035,True,4.9414968666597066,5.70018668915829,10.080324078614337,2.4916660202164884,0.0,0.0,0.0,10.08721520014584,7.999999999999986
11.249999999999996,0.00035,0.00035,True,10.353959685398454,8.142407012615541,16.497384138906256,4.991458504234255,0.20987654320987653,0.14814814814814814,0.06172839506172839,22.015648492130428,7.999999999999986
11.259999999999996,0.00035,0.00035,True,19.626560682118015,18.751240028766645,6.494553155095307,2.449860968762872,1.0,1.0,0.4074074074074074,23.62050541386441,7.549999999999987
11.269999999999996,0.00035,0.00035,True,12.610591664720207,13.927411678216517,13.007453542820999,3.194625751125165,0.19753086419753085,0.0,0.0,15.147374630658462,5.649999999999994
11.279999999999996,0.00035,0.00035,True,10.619339935747888,10.72902941864368,1.5274483093971583,0.33469650187956707,0.0,0.0,0.0,10.846983374054705,4.649999999999998
11.289999999999996,0.00035,0.00035,True,6.985102935467665,6.975002674827204,0.8726565390899301,0.3034696924220189,0.0,0.0,0.0,7.442778748947285,7.7999999999999865
11.299999999999995,0.00035,0.00035,True,2.976469323885686,3.1255839438602906,2.170642795545211,0.6548321316104797,0.0,0.0,0.0,3.727296319284102,5.699999999999994
11.309999999999995,0.00035,0.00035,True,6.188225220452287,6.24036164050374,0.6602137716773182,0.18624259250856953,0.0,0.0,0.0,6.388340272495352,5.649999999999994
11.319999999999995,0.00035,0.00035,True,0.9994473557138237,1.06321423744688,0.5811028235431355,0.13635432627891386,0.0,0.0,0.0,1.0958884021597495,5.599999999999994
11.329999999999995,0.00035,0.00035,True,3.973148079613406,3.952637141239708,0.19240550909227316,0.04243718918599497,0.0,0.0,0.0,4.131021524215457,7.999999999999986
11.339999999999995,0.00035,0.00035,True,3.7330106782326786,3.8439709835606313,1.2626782318912801,0.3104829628535416,0.0,0.0,0.0,4.016042720961765,5.649999999999994
11.349999999999994,0.00035,0.00035,True,0.061042855227581856,0.02680812711820788,0.5446463513303795,0.10863498824596537,0.0,0.0,0.0,0.5446473333240175,7.999999999999986
11.05,0.00035,0.00035999999999999997,True,25.94704495761157,22.830379360963192,22.19757347228667,6.802893427196356,1.0,1.0,0.8271604938271605,41.9159491312358,7.999999999999986
11.06,0.00035,0.00035999999999999997,True,26.829197725806747,23.783475033775588,21.583602162449022,6.6706838396450046,1.0,1.0,1.0,42.278525955471636,7.999999999999986
11.07,0.00035,0.00035999999999999997,True,27.8650844376189,24.912204215524664,20.794762984663723,6.504786626752455,1.0,1.0,1.0,42.64089233965017,7.999999999999986
11.08,0.00035,0.00035999999999999997,True,29.07617443781749,26.24094641649628,19.74024768614876,6.289804653925038,1.0,1.0,1.0,42.9463753442739,7.999999999999986
11.09,0.00035,0.00035999999999999997,True,30.25679814606759,27.564375353087552,18.533646251254915,6.040968492562788,1.0,1.0,1.0,43.08608027741295,7.999999999999986
11.1,0.00035,0.00035999999999999997,True,31.332993455377483,28.791774722641893,17.245984188747055,5.770864548144278,1.0,1.0,1.0,43.05764788390852,7.999999999999986
11.11,0.00035,0.00035999999999999997,True,32.49199303986428,30.14946395256282,15.662737460747202,5.426896356060135,1.0,1.0,1.0,42.87095728246002,7.949999999999986
11.12,0.00035,0.00035999999999999997,True,33.87307450688298,31.836933679747975,13.659349586301005,4.924186711190373,1.0,1.0,1.0,42.604019640366175,7.7999999999999865
11.129999999999999,0.00035,0.00035999999999999997,True,35.18861804839423,33.539907292136355,11.620298405770185,4.310362849223686,1.0,1.0,1.0,42.32930211791617,7.699999999999987
11.139999999999999,0.00035,0.00035999999999999997,True,36.24615035073715,35.008418981558805,9.80246989522768,3.681382595959278,1.0,1.0,1.0,42.066455385695804,7.549999999999987
11.149999999999999,0.00035,0.00035999999999999997,True,37.266022698902844,36.5755931858179,7.792260307922824,2.910147150354612,1.0,1.0,1.0,41.7462801856978,7.349999999999988
11.159999999999998,0.00035,0.00035999999999999997,True,38.211783817051845,37.80556096832483,5.40347093791577,1.9650267065802762,1.0,1.0,1.0,41.318314780335385,7.099999999999989
11.169999999999998,0.00035,0.00035999999999999997,True,38.626776193013846,38.40206962677582,6.564615139660958,1.514568455155778,1.0,1.0,1.0,40.87083904086698,6.79999999999999
11.179999999999998,0.00035,0.00035999999999999997,True,38.509431910892076,38.7714682675665,8.394465949471375,1.8363774691109038,1.0,1.0,1.0,40.381127006130946,6.499999999999991
11.189999999999998,0.00035,0.00035999999999999997,True,37.44662446310576,38.59284413368772,10.880959732496514,2.7519411216313006,1.0,1.0,1.0,39.52868066903031,5.949999999999993
11.199999999999998,0.00035,0.00035999999999999997,True,35.30871848240899,36.92630253615385,12.99275600531427,3.516333791261096,1.0,1.0,1.0,38.082559584408386,5.499999999999995
11.209999999999997,0.00035,0.00035999999999999997,True,32.681225835766966,34.44325348417295,14.119008304021982,3.915555327151666,1.0,1.0,1.0,35.94750015803085,5.349999999999995
11.219999999999997,0.00035,0.00035999999999999997,True,28.188777911471373,30.041116139911935,14.80611705155545,4.166348979809982,1.0,0.9876543209876543,0.9259259259259259,31.805054749691482,5.249999999999996
11.229999999999997,0.00035,0.00035999999999999997,True,23.44747526512541,25.386556542811334,15.023161241531175,4.236638345827671,0.9259259259259259,0.8765432098765432,0.7901234567901234,27.164687505331155,5.199999999999996
11.239999999999997,0.00035,0.00035999999999999997,True,18.34635666092957,20.301157245522205,15.626143791882328,4.352317488493816,0.7901234567901234,0.7160493827160493,0.5432098765432098,22.138175504424566,5.199999999999996
11.249999999999996,0.00035,0.00035999999999999997,True,10.436755837907468,12.673296151132602,14.576893848617553,4.733224214521824,0.0,0.0,0.0,14.588245604191135,5.149999999999996
11.259999999999996,0.00035,0.00035999999999999997,True,5.18567639577837,5.815833696920986,11.799517920700062,2.679731822234287,0.0,0.0,0.0,11.802503666851425,7.999999999999986
11.269999999999996,0.00035,0.00035999999999999997,True,13.773471568988034,11.763326183534454,15.235649552010791,4.6862321308088255,0.32098765432098764,0.25925925925925924,0.16049382716049382,24.462975624499343,7.999999999999986
11.279999999999996,0.00035,0.00035999999999999997,True,14.544727670768346,16.756911825822872,19.258089585409987,5.387165796516545,0.6049382716049383,0.48148148148148145,0.0,19.525333069448216,6.299999999999992
11.289999999999996,0.00035,0.00035999999999999997,True,7.0648382779738315,7.129950215734954,6.875486868533844,2.3785318301968688,0.0,0.0,0.0,10.535766892988727,7.849999999999986
11.299999999999995,0.00035,0.00035999999999999997,True,1.811406453841901,1.7754055039522256,3.640641148298469,1.2707302858645944,0.0,0.0,0.0,3.6406471766341113,5.649999999999994
11.309999999999995,0.00035,0.00035999999999999997,True,3.798603284894157,4.081663163942068,3.601258852204603,1.0447937428852425,0.0,0.0,0.0,4.934835751941608,5.649999999999994
11.319999999999995,0.00035,0.00035999999999999997,True,6.568572861748161,6.625572482662026,0.514362575894241,0.1295118187224723,0.0,0.0,0.0,6.674232542437668,5.599999999999994
11.329999999999995,0.00035,0.00035999999999999997,True,0.8540251581545842,0.8600452272858954,0.2165192659556584,0.06746034588754238,0.0,0.0,0.0,0.9775303115362108,4.0
11.339999999999995,0.00035,0.00035999999999999997,True,2.062718781095278,2.0459882040981494,0.3179814596122812,0.06146007301967368,0.0,0.0,0.0,2.333764888349574,7.999999999999986
11.349999999999994,0.00035,0.00035999999999999997,True,4.339231881430847,4.378838841533656,0.4928580645739875,0.12150648422168792,0.0,0.0,0.0,4.453307984604847,5.699999999999994
11.05,0.00035,0.00037,True,18.554790447400073,15.075527787601807,24.679798700020704,7.29432372734405,0.5061728395061729,0.41975308641975306,0.3333333333333333,36.70753190252698,7.999999999999986
11.06,0.00035,0.00037,True,19.39426937615202,15.959934258859796,24.380530403771793,7.218240086116561,0.5432098765432098,0.4567901234567901,0.35802469135802467,37.30696669697672,7.999999999999986
11.07,0.00035,0.00037,True,20.395499682518068,17.003721713322477,24.032818449147975,7.132421209926959,0.6790123456790124,0.5061728395061729,0.38271604938271603,38.027343731741745,7.999999999999986
11.08,0.00035,0.00037,True,21.587090224375757,18.25412447630482,23.608917828081623,7.032758651971059,1.0,0.5802469135802469,0.43209876543209874,38.86489055201835,7.999999999999986
11.09,0.00035,0.00037,True,22.774616645694696,19.502957227895838,23.132918654753077,6.92608377607413,1.0,0.7777777777777778,0.48148148148148145,39.653339474190965,7.999999999999986
11.1,0.00035,0.00037,True,23.880990552877158,20.65991402727719,22.629235999007804,6.815042495024924,1.0,1.0,0.5308641975308642,40.34196538647339,7.999999999999986
11.11,0.00035,0.00037,True,25.113005027925034,21.972258722269693,22.0084905431357,6.682404588830753,1.0,1.0,0.6790123456790124,41.04342328830468,7.999999999999986
11.12,0.00035,0.00037,True,26.65804510799838,23.618743872512873,21.121721110720713,6.5003406542009845,1.0,1.0,1.0,41.829344464673056,7.999999999999986
11.129999999999999,0.00035,0.00037,True,28.239507527871243,25.33424170065173,19.974592299046265,6.271345459975496,1.0,1.0,1.0,42.416916635784425,7.999999999999986
11.139999999999999,0.00035,0.00037,True,29.633748272140043,26.865237317797487,18.716437206089005,6.016460726604153,1.0,1.0,1.0,42.7230983877487,7.999999999999986
11.149999999999999,0.00035,0.00037,True,31.18022772148555,28.61717095638827,16.991018028260903,5.664143608244257,1.0,1.0,1.0,42.77870262659153,7.999999999999986
11.159999999999998,0.00035,0.00037,True,33.071808803141415,30.856316385594557,14.408650065719428,5.091729368153865,1.0,1.0,1.0,42.47692344925677,7.899999999999986
11.169999999999998,0.00035,0.00037,True,34.68730977607542,32.88867529646741,11.984000785461284,4.412839349377633,1.0,1.0,1.0,42.15312657244105,7.699999999999987
11.179999999999998,0.00035,0.00037,True,36.04105060843574,34.74923525752615,9.71734923715944,3.643178977062506,1.0,1.0,1.0,41.83702743997632,7.549999999999987
11.189999999999998,0.00035,0.00037,True,37.48877796169148,37.03750992962504,6.761400316150102,2.491271183863392,1.0,1.0,1.0,41.36650549772304,7.299999999999988
11.199999999999998,0.00035,0.00037,True,38.33004368547195,37.92147385900626,5.955677323262904,1.5842627768916386,1.0,1.0,1.0,40.84525936084226,6.9499999999999895
11.209999999999997,0.00035,0.00037,True,38.372339793991706,38.50396243909094,8.171329932921736,1.7534900639033264,1.0,1.0,1.0,40.29597158461957,6.549999999999991
11.219999999999997,0.00035,0.00037,True,37.06211461064334,38.28645884782328,11.36845523260849,2.9003320961536305,1.0,1.0,1.0,39.25082517872313,5.899999999999993
11.229999999999997,0.00035,0.00037,True,34.37139228455912,36.09055942621245,13.706166577997816,3.7313418019228126,1.0,1.0,1.0,37.38532762796303,5.449999999999995
11.239999999999997,0.00035,0.00037,True,30.62368080385624,32.424829163845445,14.882904802409822,4.1434234123035,1.0,1.0,0.9753086419753086,34.171008063260075,5.299999999999995
11.249999999999996,0.00035,0.00037,True,24.384185803273134,26.28202676441149,15.50622921006467,4.344819401017894,0.9506172839506173,0.9012345679012346,0.8148148148148148,28.206362917795907,5.249999999999996
11.259999999999996,0.00035,0.00037,True,18.96222442672883,20.89910636793344,16.293620009092425,4.498746142952311,0.8024691358024691,0.7407407407407407,0.6172839506172839,22.889269900370994,5.249999999999996
11.269999999999996,0.00035,0.00037,True,9.78365250738909,11.93245555617308,14.002154557010652,4.598846706330335,0.0,0.0,0.0,14.005174685453635,5.199999999999996
11.279999999999996,0.00035,0.00037,True,4.350317015755023,3.2844201114504616,16.61521134996949,4.202004789165246,0.037037037037037035,0.0,0.0,16.615913536462546,7.999999999999986
11.289999999999996,0.00035,0.00037,True,18.058451227304364,17.087685025391785,10.348158463257736,2.4209646604060993,0.9753086419753086,0.5061728395061729,0.2716049382716049,22.281895174613556,7.299999999999988
11.299999999999995,0.00035,0.00037,True,13.288904328468957,15.325908716008762,15.932924155638226,4.195372743647756,0.5679012345679012,0.0,0.0,15.941131025522239,5.199999999999996
11.309999999999995,0.00035,0.00037,True,4.205977753038387,4.7521307594875895,7.179996263957899,2.4928025899613777,0.0,0.0,0.0,7.1818870423308265,5.649999999999994
11.319999999999995,0.00035,0.00037,True,7.395090311143993,7.743184685885845,3.7316583028526225,0.9866045575649198,0.0,0.0,0.0,8.323462190730105,5.649999999999994
11.329999999999995,0.00035,0.00037,True,6.583929134362971,6.599209083839015,0.2887607073082554,0.05940055022020691,0.0,0.0,0.0,6.640961411197894,4.249999999999999
11.339999999999995,0.00035,0.00037,True,3.305056829174516,3.303328805311032,0.35862361358241124,0.12552953263873615,0.0,0.0,0.0,3.492993575607741,4.0
11.349999999999994,0.00035,0.00037,True,0.11474170627007155,0.10952277691534135,0.08312871796125794,0.01796262067409618,0.0,0.0,0.0,0.16770531061976834,7.999999999999986
11.05,0.00035,0.00037999999999999997,True,11.281343693784532,7.559996367019552,25.523683997897745,7.454147327599446,0.2716049382716049,0.2222222222222222,0.1728395061728395,30.289977245262936,7.999999999999986
11.06,0.00035,0.00037999999999999997,True,12.01616662198147,8.327369040037738,25.38448852426444,7.41703546142914,0.2839506172839506,0.24691358024691357,0.18518518518518517,30.890832161019315,7.999999999999986
11.07,0.00035,0.00037999999999999997,True,12.910729328238656,9.261678114910056,25.20921469375826,7.374205057581932,0.30864197530864196,0.25925925925925924,0.19753086419753085,31.623230716059236,7.999999999999986
11.08,0.00035,0.00037999999999999997,True,13.994453833061872,10.393406637260545,24.99197020529781,7.320824334467126,0.345679012345679,0.2839506172839506,0.2222222222222222,32.51251948937066,7.999999999999986
11.09,0.00035,0.00037999999999999997,True,15.087467116822232,11.519112608809415,24.760443900210376,7.261065508283041,0.37037037037037035,0.32098765432098764,0.24691358024691357,33.405804529675166,7.999999999999986
11.1,0.00035,0.00037999999999999997,True,16.115874770934813,12.589685250130994,24.507173363301945,7.197048479086532,0.4074074074074074,0.345679012345679,0.2716049382716049,34.22292607239598,7.999999999999986
11.11,0.00035,0.00037999999999999997,True,17.27634544847506,13.792485928721621,24.221153375121517,7.125394306399838,0.4444444444444444,0.38271604938271603,0.2962962962962963,35.15091008225733,7.999999999999986
11.12,0.00035,0.00037999999999999997,True,18.75813701178679,15.33007376805669,23.860813053154303,7.038450829393695,0.5185185185185185,0.43209876543209874,0.3333333333333333,36.33298271442114,7.999999999999986
11.129999999999999,0.00035,0.00037999999999999997,True,20.30356102486107,16.94019162620592,23.441746808117024,6.940433921309536,0.691358024691358,0.49382716049382713,0.38271604938271603,37.527728806354645,7.999999999999986
11.139999999999999,0.00035,0.00037999999999999997,True,21.69559611387544,18.376266108912557,22.98228657865513,6.837815554980675,1.0,0.6172839506172839,0.43209876543209874,38.538739445140024,7.999999999999986
11.149999999999999,0.00035,0.00037999999999999997,True,23.290204589983038,20.04800950623126,22.396972193317136,6.712269567787884,1.0,1.0,0.5061728395061729,39.63952915055679,7.999999999999986
11.159999999999998,0.00035,0.00037999999999999997,True,25.34983105788613,22.211265942911602,21.490242374900923,6.527436824051713,1.0,1.0,0.7530864197530864,40.914070429005385,7.999999999999986
11.169999999999998,0.00035,0.00037999999999999997,True,27.252809295681992,24.23701732753333,20.35155593151418,6.301652625846515,1.0,1.0,1.0,41.83058617428187,7.999999999999986
11.179999999999998,0.00035,0.00037999999999999997,True,29.03114771367556,26.175459404951333,18.935283943074808,6.021907165757906,1.0,1.0,1.0,42.37880880310584,7.999999999999986
11.189999999999998,0.00035,0.00037999999999999997,True,31.373531201061102,28.819659131513067,16.380703751618256,5.5116611528083155,1.0,1.0,1.0,42.496773676671296,7.999999999999986
11.199999999999998,0.00035,0.00037999999999999997,True,33.58777497366117,31.480157618180154,13.278748792477977,4.778167424737564,1.0,1.0,1.0,42.10964509072173,7.7999999999999865
11.209999999999997,0.00035,0.00037999999999999997,True,35.32332681618324,33.758191361910846,10.550128810696716,3.9303776553474945,1.0,1.0,1.0,41.74454221557393,7.599999999999987
11.219999999999997,0.00035,0.00037999999999999997,True,37.24159401781895,36.709456673161334,6.8295883702122495,2.5087336538107627,1.0,1.0,1.0,41.18468206841584,7.299999999999988
11.229999999999997,0.00035,0.00037999999999999997,True,38.176420099392175,37.79442797142788,6.426732756603769,1.5456617100558563,1.0,1.0,1.0,40.58805245816064,6.89999999999999
11.239999999999997,0.00035,0.00037999999999999997,True,37.93267573318044,38.45788262330687,9.447226430230426,2.1479059878697386,1.0,1.0,1.0,39.84660373252425,6.3999999999999915
11.249999999999996,0.00035,0.00037999999999999997,True,35.2656428058173,36.85004165481875,13.373359408840471,3.5742841787390427,1.0,1.0,1.0,38.07133743714508,5.599999999999994
11.259999999999996,0.00035,0.00037999999999999997,True,31.556530241431716,33.36840468609972,15.087552059864763,4.163807903102353,1.0,1.0,1.0,35.0918483135714,5.349999999999995
11.269999999999996,0.00035,0.00037999999999999997,True,24.343071477757416,26.231944637393624,16.11721744782629,4.484284480522466,0.9382716049382716,0.8888888888888888,0.8148148148148148,28.300621285155433,5.299999999999995
11.279999999999996,0.00035,0.00037999999999999997,True,17.73645959062447,19.836178666075558,17.790680976810446,4.809742993641414,0.7654320987654321,0.691358024691358,0.48148148148148145,21.901046427882104,5.249999999999996
11.289999999999996,0.00035,0.00037999999999999997,True,7.538013838277273,8.819234030682917,11.312492761085466,3.3908178042106094,0.0,0.0,0.0,11.330788245400484,7.999999999999986
11.299999999999995,0.00035,0.00037999999999999997,True,8.86179150716039,6.442634771545682,21.141056024112896,6.437001829989096,0.20987654320987653,0.16049382716049382,0.09876543209876543,23.433361579898097,7.999999999999986
11.309999999999995,0.00035,0.00037999999999999997,True,13.189849735172983,13.917062758565304,13.369539119672794,2.7562219375491823,0.345679012345679,0.0,0.0,16.0125037106898,4.399999999999999
11.319999999999995,0.00035,0.00037999999999999997,True,10.17566610866709,11.16568650909312,8.986019185625487,2.1785995821026467,0.0,0.0,0.0,11.70994387977424,5.649999999999994
11.329999999999995,0.00035,0.00037999999999999997,True,8.323806430748649,8.696648221973188,3.5081535332115577,0.8777382748702258,0.0,0.0,0.0,9.017120411742225,5.649999999999994
11.339999999999995,0.00035,0.00037999999999999997,True,6.87923024261612,7.0183078256220615,1.3575902462232987,0.34925773719676834,0.0,0.0,0.0,7.176394236132656,5.649999999999994
11.349999999999994,0.00035,0.00037999999999999997,True,5.145041581713944,5.151954139394994,0.14808145297345376,0.0479248904394036,0.0,0.0,0.0,5.218685993858905,4.05
11.05,0.00035,0.00039,True,5.247216621738225,1.3467847134805782,23.553434100813135,6.7653347650237095,0.13580246913580246,0.09876543209876543,0.06172839506172839,23.67640961359222,7.999999999999986
11.06,0.00035,0.00039,True,5.680978405518661,1.7913555670236072,23.908615109665995,6.884233352258286,0.14814814814814814,0.1111111111111111,0.06172839506172839,24.216676499063613,7.999999999999986
11.07,0.00035,0.00039,True,6.262349465447543,2.399235549286235,24.255296472544643,7.0027748474613825,0.16049382716049382,0.12345679012345678,0.07407407407407407,24.885685526402,7.999999999999986
11.08,0.00035,0.00039,True,7.033582433945146,3.199520506462366,24.561798264077847,7.109802567705617,0.1728395061728395,0.13580246913580246,0.08641975308641975,25.722482432408924,7.999999999999986
11.09,0.00035,0.00039,True,7.867765861216243,4.0689566807784185,24.74635430227181,7.1774404855305995,0.18518518518518517,0.14814814814814814,0.09876543209876543,26.560230718191495,7.999999999999986
11.1,0.00035,0.00039,True,8.69225587136311,4.929558256097492,24.8037315615139,7.206617279401846,0.20987654320987653,0.1728395061728395,0.1111111111111111,27.335324784085714,7.999999999999986
11.11,0.00035,0.00039,True,9.663200283465342,5.937984515445459,24.811686505806875,7.218398431409526,0.2345679012345679,0.18518518518518517,0.13580246913580246,28.23464844153972,7.999999999999986
11.12,0.00035,0.00039,True,10.955537318531315,7.275111933864883,24.75629197506268,7.212672802658874,0.25925925925925924,0.20987654320987653,0.16049382716049382,29.411642457174068,7.999999999999986
11.129999999999999,0.00035,0.00039,True,12.341417569276134,8.70857096936704,24.6138812343106,7.1819130489417455,0.2962962962962963,0.24691358024691357,0.18518518518518517,30.640285467262448,7.999999999999986
11.139999999999999,0.00035,0.00039,True,13.612159828468874,10.015628624361623,24.414820605853983,7.134792606144861,0.32098765432098764,0.2716049382716049,0.20987654320987653,31.722672159122546,7.999999999999986
11.149999999999999,0.00035,0.00039,True,15.095138501597278,11.540690630325534,24.175713019510574,7.0734349723795145,0.37037037037037035,0.30864197530864196,0.2345679012345679,32.9956903965837,7.999999999999986
11.159999999999998,0.00035,0.00039,True,17.051135368759006,13.552930600282298,23.824831319828725,6.992282963042576,0.4444444444444444,0.37037037037037035,0.2839506172839506,34.65716378492691,7.999999999999986
11.169999999999998,0.00035,0.00039,True,18.893998859343455,15.45523838526684,23.424310139657056,6.899527112550831,0.5185185185185185,0.43209876543209874,0.3333333333333333,36.16422634847327,7.999999999999986
11.179999999999998,0.00035,0.00039,True,20.658368555680255,17.27884634596577,22.966992880028915,6.796295873900579,0.7901234567901234,0.5185185185185185,0.3950617283950617,37.548096578302534,7.999999999999986
11.189999999999998,0.00035,0.00039,True,23.090564532865766,19.801842324198443,22.219064471812462,6.640324048136306,1.0,1.0,0.49382716049382713,39.33929405741135,7.999999999999986
11.199999999999998,0.00035,0.00039,True,25.56649103021761,22.406321438349373,21.131895919457033,6.426862242017324,1.0,1.0,0.8271604938271605,40.87455519047465,7.999999999999986
11.209999999999997,0.00035,0.00039,True,27.732901169727757,24.7197839105377,19.754941906450874,6.159272606841993,1.0,1.0,1.0,41.83719020989274,7.999999999999986
11.219999999999997,0.00035,0.00039,True,30.731363628565536,28.04460509501974,16.877427680945367,5.5984974500321645,1.0,1.0,1.0,42.314441320126804,7.999999999999986
11.229999999999997,0.00035,0.00039,True,33.33556331894594,31.149747808136357,13.303419598003671,4.775522547037534,1.0,1.0,1.0,41.90126165169161,7.7999999999999865
11.239999999999997,0.00035,0.00039,True,35.56713201151747,34.12541204325134,9.748796184751043,3.634387761251511,1.0,1.0,1.0,41.43521781349905,7.549999999999987
11.249999999999996,0.00035,0.00039,True,37.65257073249031,37.053355707937314,5.265472440097788,1.859304876453554,1.0,1.0,1.0,40.70113836046227,7.099999999999989
11.259999999999996,0.00035,0.00039,True,37.98670534468417,38.08447828962628,8.494284571668562,1.801892406006656,1.0,1.0,1.0,40.00468867758813,6.599999999999991
11.269999999999996,0.00035,0.00039,True,35.496394757310085,37.0592285613089,13.4150417988766,3.5467181380643646,1.0,1.0,1.0,38.247282391503376,5.649999999999994
11.279999999999996,0.00035,0.00039,True,31.112652252981952,32.972849266778,15.674744724917549,4.310351152204779,1.0,1.0,0.9753086419753086,34.79817648168691,5.349999999999995
11.289999999999996,0.00035,0.00039,True,22.411891359955018,24.429119555523823,17.196417124810836,4.720082498294245,0.8888888888888888,0.8395061728395061,0.7530864197530864,26.584733825887508,5.299999999999995
11.299999999999995,0.00035,0.00039,True,14.20681561395085,16.572092523946687,18.87030169365372,5.49268252177383,0.6419753086419753,0.4567901234567901,0.0,18.870729483974497,5.299999999999995
11.309999999999995,0.00035,0.00039,True,5.120699028843015,1.481725855657353,21.64217861617072,6.524962585959377,0.13580246913580246,0.09876543209876543,0.037037037037037035,21.6432994557023,7.999999999999986
11.319999999999995,0.00035,0.00039,True,13.908098435407322,15.647981514605247,18.547012281340127,5.006799451617065,0.5925925925925926,0.345679012345679,0.0,18.71816905220031,6.349999999999992
11.329999999999995,0.00035,0.00039,True,10.713831375797202,10.967007656632838,5.813339731240799,1.1631297955022057,0.0,0.0,0.0,11.728112303039984,4.449999999999998
11.339999999999995,0.00035,0.00039,True,7.150525441675499,7.815585623402321,6.79072648582642,1.7690767000400638,0.0,0.0,0.0,8.719385569785974,5.649999999999994
11.349999999999994,0.00035,0.00039,True,6.082056743633298,6.370311017069793,3.1689002290249784,0.8443997934237224,0.0,0.0,0.0,6.890039907049646,5.699999999999994
11.05,0.00035,0.00039999999999999996,True,3.3545193861725378,2.0533254056851415,17.071739068780474,4.046958337755437,0.037037037037037035,0.012345679012345678,0.0,17.073592475435312,7.999999999999986
11.06,0.00035,0.00039999999999999996,True,3.305906973788065,1.7208891934787893,17.53822943624474,4.292888168087215,0.037037037037037035,0.012345679012345678,0.0,17.53883209859656,7.999999999999986
11.07,0.00035,0.00039999999999999996,True,3.2977154931165167,1.3566836029700369,18.155124820066135,4.605576905418389,0.04938271604938271,0.024691358024691357,0.0,18.155633332519923,7.999999999999986
11.08,0.00035,0.00039999999999999996,True,3.3615171814097504,0.9277976783166797,18.901180610458514,4.988520610872521,0.06172839506172839,0.037037037037037035,0.0,18.90283956619266,7.999999999999986
11.09,0.00035,0.00039999999999999996,True,3.5075229392491307,0.5667486389758795,19.672786360173284,5.360182667537058,0.07407407407407407,0.037037037037037035,0.0,19.672786926189662,7.999999999999986
11.1,0.00035,0.00039999999999999996,True,3.720177518471065,0.2837138445324783,20.37346390626361,5.682046117810514,0.08641975308641975,0.04938271604938271,0.012345679012345678,20.37364908849908,7.999999999999986
11.11,0.00035,0.00039999999999999996,True,4.060104396131373,0.31953482376735654,21.19185871959126,6.013249940875434,0.09876543209876543,0.06172839506172839,0.024691358024691357,21.19186683992516,7.999999999999986
11.12,0.00035,0.00039999999999999996,True,4.6541346706158215,0.8457291770781654,22.270857661393617,6.3785270580519144,0.1111111111111111,0.08641975308641975,0.037037037037037035,22.284341642060404,7.999999999999986
11.129999999999999,0.00035,0.00039999999999999996,True,5.448523850243463,1.6172053092483791,23.181299474923048,6.671620100764688,0.13580246913580246,0.09876543209876543,0.04938271604938271,23.440681901683366,7.999999999999986
11.139999999999999,0.00035,0.00039999999999999996,True,6.292264091508222,2.479593804651863,23.72985256304283,6.850539902860856,0.14814814814814814,0.12345679012345678,0.07407407407407407,24.463790138186894,7.999999999999986
11.149999999999999,0.00035,0.00039999999999999996,True,7.398318981175743,3.614749131380826,24.117224538422974,6.984797140381652,0.1728395061728395,0.13580246913580246,0.08641975308641975,25.656905409766615,7.999999999999986
11.159999999999998,0.00035,0.00039999999999999996,True,9.002528703293702,5.268112013889498,24.378374190037302,7.074032980836971,0.20987654320987653,0.1728395061728395,0.12345679012345678,27.285619976389857,7.999999999999986
11.169999999999998,0.00035,0.00039999999999999996,True,10.609250130103343,6.913273299114438,24.37275886469064,7.0874504192273395,0.24691358024691357,0.20987654320987653,0.14814814814814814,28.788208643324367,7.999999999999986
11.179999999999998,0.00035,0.00039999999999999996,True,12.200780030274029,8.554101753339275,24.244196922960352,7.059468358056647,0.2839506172839506,0.2345679012345679,0.1728395061728395,30.2279059318196,7.999999999999986
11.189999999999998,0.00035,0.00039999999999999996,True,14.462602100385984,10.86447560572314,23.99598046383489,7.003401373074888,0.345679012345679,0.2962962962962963,0.2222222222222222,32.26160897913028,7.999999999999986
11.199999999999998,0.00035,0.00039999999999999996,True,16.823640909930166,13.285610516994682,23.632011364092296,6.9203364484142,0.43209876543209874,0.35802469135802467,0.2839506172839506,34.312566520845465,7.999999999999986
11.209999999999997,0.00035,0.00039999999999999996,True,18.939743549843385,15.46233103842056,23.21253601886871,6.8234624094406895,0.5308641975308642,0.43209876543209874,0.3333333333333333,36.07308743341941,7.999999999999986
11.219999999999997,0.00035,0.00039999999999999996,True,22.010484723431098,18.62288273864496,22.44459296723001,6.6653030556265485,1.0,0.691358024691358,0.4444444444444444,38.49010822823062,7.999999999999986
11.229999999999997,0.00035,0.00039999999999999996,True,24.907483009475044,21.648007750111326,21.334908046182257,6.448376437094242,1.0,1.0,0.691358024691358,40.421629493643884,7.999999999999986
11.239999999999997,0.00035,0.00039999999999999996,True,27.77008108784625,24.698782675682555,19.566610646046833,6.113373017266705,1.0,1.0,1.0,41.73288822138228,7.999999999999986
11.249999999999996,0.00035,0.00039999999999999996,True,31.597075309668508,28.997519321462725,15.447120316749444,5.303743254588157,1.0,1.0,1.0,41.95644614433475,7.949999999999986
11.259999999999996,0.00035,0.00039999999999999996,True,34.238395079394564,32.2904313772194,11.605758514692674,4.26260661738716,1.0,1.0,1.0,41.48430163580484,7.699999999999987
11.269999999999996,0.00035,0.00039999999999999996,True,37.150841236043846,36.51710336597564,6.001083284360234,2.1574189345505013,1.0,1.0,1.0,40.678787719411076,7.199999999999989
11.279999999999996,0.00035,0.00039999999999999996,True,37.79824907083164,37.79535600314756,8.65258847586545,1.8180521321145888,1.0,1.0,1.0,39.893962169477454,6.649999999999991
11.289999999999996,0.00035,0.00039999999999999996,True,34.64993228316263,36.36110562410346,14.472316405153098,3.85692121538184,1.0,1.0,1.0,37.71222983807028,5.599999999999994
11.299999999999995,0.00035,0.00039999999999999996,True,29.054608173984327,31.025134528670506,16.72976657729236,4.597493075982414,1.0,0.9876543209876543,0.9259259259259259,33.07098545649511,5.399999999999995
11.309999999999995,0.00035,0.00039999999999999996,True,17.693022042967897,19.898719409742515,20.59983555260318,5.411655472931803,0.7654320987654321,0.7037037037037037,0.49382716049382713,22.337152538073045,5.349999999999995
11.319999999999995,0.00035,0.00039999999999999996,True,7.8881876049887945,8.846447540494042,15.693587967078438,3.576522534158706,0.012345679012345678,0.0,0.0,15.707882749789574,7.999999999999986
11.329999999999995,0.00035,0.00039999999999999996,True,15.093905422594888,14.529378486256263,18.84003079642636,3.611040690098763,0.43209876543209874,0.2839506172839506,0.07407407407407407,20.32938335708435,7.049999999999989
11.339999999999995,0.00035,0.00039999999999999996,True,10.481399095495018,11.770798210015876,11.48168723503553,2.701948647857819,0.0,0.0,0.0,12.063152263797761,4.899999999999997
11.349999999999994,0.00035,0.00039999999999999996,True,4.930300180580849,5.737638747955145,7.471090743195181,2.4454179827977502,0.0,0.0,0.0,7.47577589187515,5.699999999999994
11.05,0.000375,0.0003,True,30.399380648860284,32.43814999848118,14.31771219368304,4.078981279698436,1.0,1.0,0.9876543209876543,33.86003151306351,5.099999999999996
11.06,0.000375,0.0003,True,28.847529327333845,30.84786501482975,14.324251237454288,4.098418918549325,1.0,1.0,0.9506172839506173,32.36233409562561,5.099999999999996
11.07,0.000375,0.0003,True,26.973009793777102,29.02301652193846,14.271982974677758,4.098300968687831,1.0,0.9753086419753086,0.9012345679012346,30.519099959215833,5.099999999999996
11.08,0.000375,0.0003,True,24.716288840318832,26.77047346687774,14.160515955496097,4.077835610162227,0.9753086419753086,0.9259259259259259,0.8271604938271605,28.26890874865702,5.049999999999996
11.09,0.000375,0.0003,True,22.411560332486893,24.420117203948237,14.02389407392764,4.043371504427076,0.9135802469135802,0.8518518518518519,0.7530864197530864,25.948672937121135,5.049999999999996
11.1,0.000375,0.0003,True,20.19833875169359,22.197115576596403,13.900840322092918,4.008728042515099,0.8518518518518519,0.7777777777777778,0.654320987654321,23.71105841058132,4.9999999999999964
11.11,0.000375,0.0003,True,17.698170518021463,19.74131502575301,13.856687508337387,3.9894998990556765,0.7654320987654321,0.6790123456790124,0.4567901234567901,21.189740210058016,4.9999999999999964
11.12,0.000375,0.0003,True,14.492648771003001,16.572883160720792,14.049267158866419,4.032951204737963,0.6049382716049383,0.41975308641975306,0.0,18.00548210072568,4.949999999999997
11.129999999999999,0.000375,0.0003,True,10.99319979517798,13.123521043588422,14.041185379508494,4.155049878679331,0.0,0.0,0.0,14.6036267317747,4.949999999999997
11.139999999999999,0.000375,0.0003,True,7.738761689211868,9.752854554109943,11.328513129886248,3.919880125451228,0.0,0.0,0.0,11.333166203925378,4.899999999999997
11.149999999999999,0.000375,0.0003,True,4.524098837758391,5.460481647458643,7.144568246000489,2.4624381641447965,0.0,0.0,0.0,7.144688704851019,4.899999999999997
11.159999999999998,0.000375,0.0003,True,2.785618982761477,0.5905311754368162,12.754039038489585,3.7599323050268447,0.0,0.0,0.0,12.75412631863497,7.999999999999986
11.169999999999998,0.000375,0.0003,True,9.12518620526255,7.329370675314793,13.888802418219225,4.286288793384095,0.14814814814814814,0.07407407407407407,0.0,18.880423129255764,7.999999999999986
11.179999999999998,0.000375,0.0003,True,16.228476163389864,14.83612633413004,11.069263362166023,3.434800659016379,0.48148148148148145,0.345679012345679,0.19753086419753085,24.021955853816173,7.999999999999986
11.189999999999998,0.000375,0.0003,True,20.610441433618643,20.94218860617756,5.351022622262047,1.6414562532119987,1.0,1.0,0.6296296296296297,22.61441325460432,7.199999999999989
11.199999999999998,0.000375,0.0003,True,13.666884459993556,13.722730090594284,1.1812310750230015,0.3704091629366125,0.0,0.0,0.0,14.244146637210875,4.0
11.209999999999997,0.000375,0.0003,True,2.131299172031774,2.264241780387758,4.060172819300459,1.4357289285878911,0.0,0.0,0.0,4.0613889419200815,5.649999999999994
11.219999999999997,0.000375,0.0003,True,9.474793190546947,9.575282748288123,1.1668919583051327,0.32977255935039523,0.0,0.0,0.0,9.829555248047608,5.599999999999994
11.229999999999997,0.000375,0.0003,True,1.06332995732439,1.0738138420952228,0.5174577194122179,0.08929589703039077,0.0,0.0,0.0,1.231340714835834,4.0
11.239999999999997,0.000375,0.0003,True,7.499858969905065,7.556134637673408,0.6907389129047381,0.1780834686437792,0.0,0.0,0.0,7.674085884367398,5.599999999999994
11.249999999999996,0.000375,0.0003,True,0.054218209506518227,0.00962181250900913,0.5734111294935527,0.11676458706969428,0.0,0.0,0.0,0.573411984412173,7.999999999999986
11.259999999999996,0.000375,0.0003,True,5.253605065518986,5.391326029104702,1.5712681039905325,0.3861813583768988,0.0,0.0,0.0,5.593136988648649,5.649999999999994
11.269999999999996,0.000375,0.0003,True,2.011667072264695,1.8531833283323933,1.816091220086071,0.47683985036648496,0.0,0.0,0.0,3.374013584012489,7.999999999999986
11.279999999999996,0.000375,0.0003,True,2.2571476433272286,2.4726643311642436,2.352486362925073,0.6252434675934988,0.0,0.0,0.0,2.857434434561248,5.649999999999994
11.289999999999996,0.000375,0.0003,True,3.508928625494072,3.4389270813833734,0.8753584791762492,0.2648890228306281,0.0,0.0,0.0,4.085698702307335,7.999999999999986
11.299999999999995,0.000375,0.0003,True,0.2270076454664432,0.2323817443481087,0.5650059926569854,0.15757265495961198,0.0,0.0,0.0,0.5650835386399965,7.999999999999986
11.309999999999995,0.000375,0.0003,True,3.559903836949422,3.5750152660755448,0.43713487472319734,0.07988811259857696,0.0,0.0,0.0,3.6302386666218562,6.999999999999989
11.319999999999995,0.000375,0.0003,True,0.20411391777778878,0.02894469089138109,1.4393846013484306,0.34153802470169997,0.0,0.0,0.0,1.4393939020910584,7.999999999999986
11.329999999999995,0.000375,0.0003,True,2.891836607573736,3.0432403657615885,1.5102913610847801,0.35678271214275864,0.0,0.0,0.0,3.161896297181354,5.649999999999994
11.339999999999995,0.000375,0.0003,True,0.15250062893508504,0.048435418248934096,1.181890325863807,0.2633288252935067,0.0,0.0,0.0,1.1818903398768659,7.999999999999986
11.349999999999994,0.000375,0.0003,True,2.438071526119957,2.472524925007172,0.6849240160129122,0.13278534248277074,0.0,0.0,0.0,2.5257021701433633,6.89999999999999
11.05,0.000375,0.00031,True,37.39055226927967,38.62632100491669,11.158239150412697,2.8636835539486363,1.0,1.0,1.0,39.52597554904003,5.849999999999993
11.06,0.000375,0.00031,True,36.62283209327019,38.10472259535643,11.996247022249506,3.1858853776792975,1.0,1.0,1.0,39.01355108635507,5.649999999999994
11.07,0.000375,0.00031,True,35.52262264053564,37.23349159585797,12.825579633985619,3.496475619596619,1.0,1.0,1.0,38.23636730588623,5.449999999999995
11.08,0.000375,0.00031,True,33.99607606345757,35.831735898599874,13.542265660358048,3.764797793576851,1.0,1.0,1.0,37.03344502412789,5.299999999999995
11.09,0.000375,0.00031,True,32.2693015176397,34.18178516404937,13.987484601134387,3.936283599675276,1.0,1.0,1.0,35.54076282684502,5.199999999999996
11.1,0.000375,0.00031,True,30.502507562701126,32.443044579682685,14.193678704677396,4.0260754442648485,1.0,1.0,0.9876543209876543,33.91230828436288,5.149999999999996
11.11,0.000375,0.00031,True,28.42656607108704,30.400876104968056,14.277881178789283,4.072347884238639,1.0,1.0,0.9382716049382716,31.9269975312937,5.099999999999996
11.12,0.000375,0.00031,True,25.718518015658933,27.717111618426316,14.265080776152733,4.0855411003366395,1.0,0.9506172839506173,0.8641975308641975,29.268751434940437,5.099999999999996
11.129999999999999,0.000375,0.00031,True,22.805111509922586,24.752324602409676,14.184916185642312,4.06947102836386,0.9259259259259259,0.8641975308641975,0.7654320987654321,26.359920528866468,5.049999999999996
11.139999999999999,0.000375,0.00031,True,20.084081063015613,22.05857931251165,14.132131197751484,4.051254810739064,0.8395061728395061,0.7777777777777778,0.6419753086419753,23.62604001473528,5.049999999999996
11.149999999999999,0.000375,0.00031,True,16.898723463266872,18.945252767407293,14.284900019782,4.074948370007616,0.7283950617283951,0.6419753086419753,0.2839506172839506,20.448110778556725,5.049999999999996
11.159999999999998,0.000375,0.00031,True,12.599475176087616,14.726526401901074,14.860209259521348,4.261953814956881,0.4567901234567901,0.0,0.0,16.265890501744696,4.9999999999999964
11.169999999999998,0.000375,0.00031,True,8.354630474858824,10.519748363404444,12.082575612654656,4.12926566623376,0.0,0.0,0.0,12.090838973766385,4.9999999999999964
11.179999999999998,0.000375,0.00031,True,4.850777306509868,5.859459811841638,7.476152918415704,2.529928350089932,0.0,0.0,0.0,7.483149540710611,4.949999999999997
11.189999999999998,0.000375,0.00031,True,3.5630749587195636,0.5430089802514084,15.119103691615056,4.710166795835451,0.012345679012345678,0.0,0.0,15.119243070246522,7.999999999999986
11.199999999999998,0.000375,0.00031,True,13.138836708949835,11.276547062604624,13.261094438209271,4.066054202173275,0.2962962962962963,0.20987654320987653,0.09876543209876543,22.545742004410002,7.999999999999986
11.209999999999997,0.000375,0.00031,True,19.79587252559179,18.91427740700327,7.446501810702209,2.668458170978848,1.0,1.0,0.4074074074074074,24.484842381275335,7.949999999999986
11.219999999999997,0.000375,0.00031,True,10.729153856134687,10.902064379728014,7.220058233263783,2.5074336160981403,0.0,0.0,0.0,14.121603213705887,7.7999999999999865
11.229999999999997,0.000375,0.00031,True,1.3042755264025356,1.1728211901486219,4.518356578877691,1.111039413035436,0.0,0.0,0.0,4.519099587980287,7.999999999999986
11.239999999999997,0.000375,0.00031,True,9.703333400328347,9.88374393770658,1.9263124738683235,0.5254646099993489,0.0,0.0,0.0,10.226637246096663,5.649999999999994
11.249999999999996,0.000375,0.00031,True,5.3141537663825,5.318520708101168,0.4038886541506308,0.11774794422066831,0.0,0.0,0.0,5.539318728434716,4.0
11.259999999999996,0.000375,0.00031,True,6.651141814535308,6.696023199801148,0.6324764011180477,0.19350454407932124,0.0,0.0,0.0,6.878676144893231,5.599999999999994
11.269999999999996,0.000375,0.00031,True,3.5525684280450673,3.6748771451030833,1.2835850309132244,0.31039681126365887,0.0,0.0,0.0,3.806665594007886,5.449999999999995
11.279999999999996,0.000375,0.00031,True,5.474530092052303,5.481359980873469,0.10318111032569277,0.028106205280598023,0.0,0.0,0.0,5.509447487119539,5.699999999999994
11.289999999999996,0.000375,0.00031,True,1.5839981088756838,1.7399270568916996,1.6901925676461849,0.4520810081153399,0.0,0.0,0.0,2.0238598293840044,5.649999999999994
11.299999999999995,0.000375,0.00031,True,4.699987794506647,4.738680345029536,0.41503570158600844,0.09144836852865615,0.0,0.0,0.0,4.760919732431573,5.699999999999994
11.309999999999995,0.000375,0.00031,True,0.4832829153899046,0.5455222458475253,0.8250255475358471,0.2794498837498762,0.0,0.0,0.0,0.8250275905208571,5.649999999999994
11.319999999999995,0.000375,0.00031,True,3.8257326182031677,3.885631195213647,0.5855060154507599,0.12693319762759647,0.0,0.0,0.0,3.895099225215017,6.149999999999992
11.329999999999995,0.000375,0.00031,True,0.11204495688666323,0.06730825284599304,0.8324911432626124,0.16466750687440518,0.0,0.0,0.0,0.8325320939006624,7.999999999999986
11.339999999999995,0.000375,0.00031,True,2.949971935038696,2.945697340094047,0.23577070739775863,0.07827553845103213,0.0,0.0,0.0,3.0614760569784254,7.349999999999988
11.349999999999994,0.000375,0.00031,True,0.8134047553834572,0.91298466969653,1.2953890971494793,0.4197547802396624,0.0,0.0,0.0,1.2953992977464002,5.649999999999994
11.05,0.000375,0.00031999999999999997,True,37.940444813837274,37.55640755192847,5.927364605945819,2.1593799810840455,1.0,1.0,1.0,41.29718078696126,7.099999999999989
11.06,0.000375,0.00031999999999999997,True,38.248411957732735,37.91917211014048,5.653245798151936,1.7910650362346414,1.0,1.0,1.0,41.064844564157845,6.999999999999989
11.07,0.000375,0.00031999999999999997,True,38.44598954007437,38.24920062965012,6.718500152169142,1.5792778627551416,1.0,1.0,1.0,40.7763419159418,6.79999999999999
11.08,0.000375,0.00031999999999999997,True,38.42805094958117,38.551135321175735,8.003509914814927,1.7232194477186797,1.0,1.0,1.0,40.40977039075733,6.599999999999991
11.09,0.000375,0.00031999999999999997,True,38.11786465460314,38.68065822139892,9.292820129375997,2.143938185515664,1.0,1.0,1.0,39.999511602146214,6.299999999999992
11.1,0.000375,0.00031999999999999997,True,37.550219903123256,38.55184273239012,10.45926642951348,2.6023447014166194,1.0,1.0,1.0,39.54305726022235,6.049999999999993
11.11,0.000375,0.00031999999999999997,True,36.61324074500655,37.99541217744791,11.681006431604597,3.071338579472372,1.0,1.0,1.0,38.91784382875477,5.699999999999994
11.12,0.000375,0.00031999999999999997,True,35.03375377393407,36.72974202401268,12.940004984403899,3.531442488314197,1.0,1.0,1.0,37.807255336636835,5.449999999999995
11.129999999999999,0.000375,0.00031999999999999997,True,33.00096536997398,34.81218123466772,13.790137583248889,3.8431485001897356,1.0,1.0,1.0,36.159185400357586,5.299999999999995
11.139999999999999,0.000375,0.00031999999999999997,True,30.89812062028252,32.76768381459322,14.200424101810594,4.0020639771129325,1.0,1.0,1.0,34.278376716593485,5.199999999999996
11.149999999999999,0.000375,0.00031999999999999997,True,28.298551448461655,30.263666128580923,14.405640722541303,4.088858416375878,1.0,1.0,0.9382716049382716,31.819323350155404,5.149999999999996
11.159999999999998,0.000375,0.00031999999999999997,True,24.75361674252839,26.672823874352396,14.462738280353893,4.124138011405515,0.9629629629629629,0.9135802469135802,0.8271604938271605,28.348080092505032,5.149999999999996
11.169999999999998,0.000375,0.00031999999999999997,True,21.26484142774823,23.215812274508032,14.484030593739702,4.127194411878136,0.8765432098765432,0.8148148148148148,0.7037037037037037,24.873853845312293,5.099999999999996
11.179999999999998,0.000375,0.00031999999999999997,True,17.790711197727646,19.816000498993656,14.724440091628692,4.1690496770738585,0.7654320987654321,0.691358024691358,0.4567901234567901,21.417650308347365,5.099999999999996
11.189999999999998,0.000375,0.00031999999999999997,True,12.770877176160097,14.931954544254074,15.631564963724662,4.453998530665992,0.49382716049382713,0.0,0.0,16.575837018442407,5.049999999999996
11.199999999999998,0.000375,0.00031999999999999997,True,7.4960950318593955,9.41158814685838,11.175330765868138,3.8585488923569184,0.0,0.0,0.0,11.18539484348863,5.049999999999996
11.209999999999997,0.000375,0.00031999999999999997,True,3.9438337358385644,4.129634051183984,11.376821714171134,2.5039859809826224,0.0,0.0,0.0,11.379021640218747,7.999999999999986
11.219999999999997,0.000375,0.00031999999999999997,True,9.604034643613442,7.359641469506679,16.110946214139737,4.916628562149554,0.19753086419753085,0.12345679012345678,0.037037037037037035,20.971043543736492,7.999999999999986
11.229999999999997,0.000375,0.00031999999999999997,True,19.084111808085865,18.054270295851243,7.408883327765867,2.7594065605513487,1.0,0.6049382716049383,0.35802469135802467,23.717112283815016,7.749999999999987
11.239999999999997,0.000375,0.00031999999999999997,True,6.57929325147148,6.189468682364863,14.400338866856442,5.389259015978512,0.0,0.0,0.0,14.401501503724447,7.849999999999986
11.249999999999996,0.000375,0.00031999999999999997,True,6.043663591548394,5.857208671793039,5.864770611296452,1.883314598199457,0.0,0.0,0.0,9.401690474155728,7.999999999999986
11.259999999999996,0.000375,0.00031999999999999997,True,7.157988492639769,7.5965298223573114,4.734238499077102,1.3032826212472626,0.0,0.0,0.0,8.482649353611805,5.649999999999994
11.269999999999996,0.000375,0.00031999999999999997,True,7.964297709301307,8.030336353285477,0.631426446757227,0.16126998131089973,0.0,0.0,0.0,8.09609766079039,5.5499999999999945
11.279999999999996,0.000375,0.00031999999999999997,True,1.0458449938130066,1.0738876846140317,0.7411537074079071,0.250299267131277,0.0,0.0,0.0,1.3722583239686692,5.649999999999994
11.289999999999996,0.000375,0.00031999999999999997,True,6.166268238061187,6.213942362434758,0.5656362797240098,0.15255192963388572,0.0,0.0,0.0,6.325018752222476,5.649999999999994
11.299999999999995,0.000375,0.00031999999999999997,True,0.19687409857066449,0.14899612954458988,0.513575342720161,0.1131022526970068,0.0,0.0,0.0,0.6337959775198507,7.999999999999986
11.309999999999995,0.000375,0.00031999999999999997,True,4.826586777558598,4.850704641072802,0.3049598046603341,0.07234633564132995,0.0,0.0,0.0,4.891546254491774,5.649999999999994
11.319999999999995,0.000375,0.00031999999999999997,True,0.09278688030428656,0.0955871745096469,0.2752813568778783,0.06555572941142485,0.0,0.0,0.0,0.27537150567894,7.999999999999986
11.329999999999995,0.000375,0.00031999999999999997,True,3.9556528431390277,3.9893770878630637,0.34470630183250206,0.07300263642784195,0.0,0.0,0.0,3.994578091784509,6.149999999999992
11.339999999999995,0.000375,0.00031999999999999997,True,1.0612980287408509,1.1877820880275811,1.4826579852650317,0.4302287335900465,0.0,0.0,0.0,1.5210578685107687,5.649999999999994
11.349999999999994,0.000375,0.00031999999999999997,True,1.9152413811641849,1.8213226203179902,1.2125121120940425,0.344678071035892,0.0,0.0,0.0,2.7543898847555557,7.999999999999986
11.05,0.000375,0.00033,True,33.10995730987999,31.003930521225076,14.499504120298518,5.205193378042655,1.0,1.0,1.0,42.40097906375936,7.849999999999986
11.06,0.000375,0.00033,True,33.93145125752897,32.04425208037484,13.239733984261719,4.844375620363108,1.0,1.0,1.0,42.22787897787533,7.749999999999987
11.07,0.000375,0.00033,True,34.839076756593606,33.24043282189645,11.779270195071092,4.3827937362787,1.0,1.0,1.0,42.020823416193885,7.649999999999987
11.08,0.000375,0.00033,True,35.80974229116869,34.59955563048651,10.08953668590225,3.792104269834488,1.0,1.0,1.0,41.77327780271631,7.549999999999987
11.09,0.000375,0.00033,True,36.64988994272954,35.868546825623284,8.45340438624406,3.1657674283776194,1.0,1.0,1.0,41.514279199996516,7.399999999999988
11.1,0.000375,0.00033,True,37.303748743094495,36.958425080952786,6.969671114444552,2.5728293498972397,1.0,1.0,1.0,41.25819926255801,7.2499999999999885
11.11,0.000375,0.00033,True,37.8506513605806,37.52204000180277,5.433196520962646,1.9783025042187898,1.0,1.0,1.0,40.96453574458234,7.099999999999989
11.12,0.000375,0.00033,True,38.223630474926736,37.917260022884065,6.480045792720183,1.5562776607738438,1.0,1.0,1.0,40.57261869143204,6.84999999999999
11.129999999999999,0.000375,0.00033,True,38.18510762454799,38.35637377580409,8.170034267536892,1.7648514585159358,1.0,1.0,1.0,40.114951516034914,6.549999999999991
11.139999999999999,0.000375,0.00033,True,37.73594234575289,38.452797805575536,9.688904472865172,2.295855104291745,1.0,1.0,1.0,39.62951723415566,6.249999999999992
11.149999999999999,0.000375,0.00033,True,36.730613036984344,38.01820937428211,11.35643566944368,2.9339001745456077,1.0,1.0,1.0,38.93049550460961,5.799999999999994
11.159999999999998,0.000375,0.00033,True,34.731722972086686,36.37057997254391,13.103653086030555,3.5677342002523575,1.0,1.0,1.0,37.550785937653224,5.449999999999995
11.169999999999998,0.000375,0.00033,True,32.274952597314375,34.110451831569534,14.0910466829006,3.923873938934484,1.0,1.0,1.0,35.537723738190785,5.299999999999995
11.179999999999998,0.000375,0.00033,True,29.558035933053738,31.482846484319474,14.546648367596937,4.095783242215673,1.0,1.0,0.9629629629629629,33.062976684534945,5.249999999999996
11.189999999999998,0.000375,0.00033,True,25.514858432179828,27.39975605430881,14.786568281422069,4.189556559973794,0.9753086419753086,0.9382716049382716,0.8518518518518519,29.165919754883053,5.199999999999996
11.199999999999998,0.000375,0.00033,True,21.09155301138084,23.062551998165755,14.970910183360528,4.2323879783133505,0.8641975308641975,0.8024691358024691,0.7037037037037037,24.792098370908924,5.149999999999996
11.209999999999997,0.000375,0.00033,True,16.905871758760288,18.958445129058028,15.619735424182343,4.35919176089609,0.7283950617283951,0.654320987654321,0.30864197530864196,20.678165917517752,5.149999999999996
11.219999999999997,0.000375,0.00033,True,10.430761155595476,12.662942476147546,14.507654007959038,4.685446484066267,0.0,0.0,0.0,14.509147574308873,5.099999999999996
11.229999999999997,0.000375,0.00033,True,5.204276327162433,6.040955786763666,10.655154152841881,2.601125903551134,0.0,0.0,0.0,10.660463119835583,7.999999999999986
11.239999999999997,0.000375,0.00033,True,6.29249498838312,3.5610995963143397,18.885346293663126,5.803467324974423,0.12345679012345678,0.07407407407407407,0.0,19.74184978679942,7.999999999999986
11.249999999999996,0.000375,0.00033,True,18.700907872066576,18.149481674304266,6.354294853091648,2.106886367670927,1.0,0.654320987654321,0.32098765432098764,22.137140422900693,7.299999999999988
11.259999999999996,0.000375,0.00033,True,13.668370176735491,13.920896051319323,3.749526062229945,1.2353530223184361,0.20987654320987653,0.0,0.0,15.24417442704089,4.199999999999999
11.269999999999996,0.000375,0.00033,True,10.593774244936393,10.681671879252244,1.5807823791278999,0.33002252531118276,0.0,0.0,0.0,10.853001378302626,4.499999999999998
11.279999999999996,0.000375,0.00033,True,1.0281819053007022,0.4660515637352072,4.141414510457387,1.2218960850940261,0.0,0.0,0.0,4.141429806289835,7.999999999999986
11.289999999999996,0.000375,0.00033,True,4.418439633532747,4.635065073856357,2.6939952849306206,0.7798661894516717,0.0,0.0,0.0,5.269678812138117,5.649999999999994
11.299999999999995,0.000375,0.00033,True,5.238342331771927,5.248094336201122,0.20252378073830268,0.057293299507495475,0.0,0.0,0.0,5.344207375029528,4.0
11.309999999999995,0.000375,0.00033,True,0.20520366165756326,0.19914578029525853,0.12473413888148965,0.02798601325609155,0.0,0.0,0.0,0.2777859978371891,7.999999999999986
11.319999999999995,0.000375,0.00033,True,5.1761026021271075,5.229132208325483,0.619200162105078,0.15714516953267213,0.0,0.0,0.0,5.328201253694687,5.649999999999994
11.329999999999995,0.000375,0.00033,True,0.09342470160078095,0.10338381358029089,0.1636199812312867,0.05524471973035609,0.0,0.0,0.0,0.16369439828997814,5.649999999999994
11.339999999999995,0.000375,0.00033,True,3.2277888251123596,3.186240553375799,0.46497178675996853,0.12773559782954277,0.0,0.0,0.0,3.5598067302178893,7.999999999999986
11.349999999999994,0.000375,0.00033,True,2.710961685768118,2.8487990056237273,1.5887334627930205,0.39830297418020555,0.0,0.0,0.0,3.0809028369051816,5.649999999999994
11.05,0.000375,0.00033999999999999997,True,25.92218869892418,22.83620656279229,21.9102041258296,6.7544047238062825,1.0,1.0,0.8271604938271605,41.62959503598364,7.999999999999986
11.06,0.000375,0.00033999999999999997,True,26.865399867508973,23.855343218225407,21.20518177312588,6.606198509480411,1.0,1.0,1.0,41.97512837468969,7.999999999999986
11.07,0.000375,0.00033999999999999997,True,27.96743155683626,25.062929503051613,20.292778655679562,6.41852034781066,1.0,1.0,1.0,42.291794330703325,7.999999999999986
11.08,0.000375,0.00033999999999999997,True,29.246117883564953,26.48028240524614,19.065952858368004,6.168230621379425,1.0,1.0,1.0,42.51016532290592,7.999999999999986
11.09,0.000375,0.00033999999999999997,True,30.484298143897345,27.885321740970888,17.641542642963792,5.87520499857148,1.0,1.0,1.0,42.52460599176685,7.999999999999986
11.1,0.000375,0.00033999999999999997,True,31.6035871627094,29.190597961579556,16.138571925891977,5.554027125364627,1.0,1.0,1.0,42.35826833499486,7.949999999999986
11.11,0.000375,0.00033999999999999997,True,32.793746945265845,30.624584703001002,14.440315349480986,5.142929281818751,1.0,1.0,1.0,42.13786995115251,7.849999999999986
11.12,0.000375,0.00033999999999999997,True,34.18320292144282,32.38413697955715,12.332028825412454,4.542990030399389,1.0,1.0,1.0,41.852820802484146,7.749999999999987
11.129999999999999,0.000375,0.00033999999999999997,True,35.46669807975356,34.138653965193974,10.189603748167556,3.8227647784353698,1.0,1.0,1.0,41.55031546576741,7.549999999999987
11.139999999999999,0.000375,0.00033999999999999997,True,36.45267939873146,35.61883450156612,8.304226573749752,3.108526814893189,1.0,1.0,1.0,41.25977306901743,7.399999999999988
11.149999999999999,0.000375,0.00033999999999999997,True,37.32887493739662,36.942926931369826,6.275339523727574,2.2940707255771318,1.0,1.0,1.0,40.91032679123309,7.199999999999989
11.159999999999998,0.000375,0.00033999999999999997,True,37.97246744402067,37.63359977520415,6.204546892640309,1.5750081255733865,1.0,1.0,1.0,40.42802801006506,6.89999999999999
11.169999999999998,0.000375,0.00033999999999999997,True,37.971772229932746,38.140229735321675,8.244946636185222,1.7774869197905017,1.0,1.0,1.0,39.905713455693984,6.549999999999991
11.179999999999998,0.000375,0.00033999999999999997,True,37.342560885058276,38.20008553108551,10.199014920853358,2.4710049088167794,1.0,1.0,1.0,39.29804023975788,6.149999999999992
11.189999999999998,0.000375,0.00033999999999999997,True,35.48623718950815,37.00421997554314,12.62169011450353,3.366546050450679,1.0,1.0,1.0,38.07829574835862,5.599999999999994
11.199999999999998,0.000375,0.00033999999999999997,True,32.5752347709575,34.36297880357883,14.225643930661295,3.93204156808677,1.0,1.0,1.0,35.8308184278157,5.349999999999995
11.209999999999997,0.000375,0.00033999999999999997,True,29.379734959835158,31.258758761653638,14.890494612797553,4.171862473624781,1.0,1.0,0.9506172839506173,32.96136599045091,5.299999999999995
11.219999999999997,0.000375,0.00033999999999999997,True,24.271812177691565,26.216404838380157,15.298096444111238,4.3075257145414465,0.9382716049382716,0.9012345679012346,0.8148148148148148,28.04363340642155,5.249999999999996
11.229999999999997,0.000375,0.00033999999999999997,True,19.01391300553236,21.028013128981605,15.951653480494494,4.436899318477948,0.8024691358024691,0.7407407407407407,0.6049382716049383,22.879958250503343,5.199999999999996
11.239999999999997,0.000375,0.00033999999999999997,True,13.19794241809348,15.435550137820444,17.2476159674266,4.922671109023555,0.5555555555555556,0.2222222222222222,0.0,17.364033612119247,5.199999999999996
11.249999999999996,0.000375,0.00033999999999999997,True,5.836833094311647,6.7332038984524605,11.70370391724971,2.829663393760988,0.0,0.0,0.0,11.705956184391319,7.999999999999986
11.259999999999996,0.000375,0.00033999999999999997,True,6.929296438342708,4.309778223023125,20.18421252346457,6.176918578086769,0.16049382716049382,0.1111111111111111,0.037037037037037035,21.186114871760946,7.999999999999986
11.269999999999996,0.000375,0.00033999999999999997,True,14.873382855139576,16.76977982912703,18.869299759322082,4.807480719532105,0.6419753086419753,0.4691358024691358,0.0,19.375501818499966,6.549999999999991
11.279999999999996,0.000375,0.00033999999999999997,True,9.658921803296096,11.355565833552422,14.14336888898931,4.483226160019583,0.0,0.0,0.0,14.151019567531801,5.649999999999994
11.289999999999996,0.000375,0.00033999999999999997,True,4.701350709279197,5.4642354075194755,7.439879363123279,2.4937468333590194,0.0,0.0,0.0,7.442877421300116,5.649999999999994
11.299999999999995,0.000375,0.00033999999999999997,True,8.375561595866888,8.528767243099532,1.2059320575076153,0.29385700817713023,0.0,0.0,0.0,8.561737619088376,5.049999999999996
11.309999999999995,0.000375,0.00033999999999999997,True,4.962256022739825,4.936960034592216,0.843676475417209,0.2857037396529338,0.0,0.0,0.0,5.433838265769153,7.849999999999986
11.319999999999995,0.000375,0.00033999999999999997,True,2.394760310452054,2.4711559255513738,1.2718722507912041,0.3949421379999915,0.0,0.0,0.0,2.8586979481520074,5.649999999999994
11.329999999999995,0.000375,0.00033999999999999997,True,5.349340255337078,5.398851630691031,0.5623822524188018,0.1448372343695421,0.0,0.0,0.0,5.489387431114299,5.649999999999994
11.339999999999995,0.000375,0.00033999999999999997,True,1.6096080848117449,1.6930260230829866,0.8440113756854581,0.2043268222790199,0.0,0.0,0.0,1.7845960740402536,5.699999999999994
11.349999999999994,0.000375,0.00033999999999999997,True,1.565297759112589,1.491307374472926,0.7967595532086538,0.19595863932437965,0.0,0.0,0.0,2.1853902966997794,7.999999999999986
11.05,0.000375,0.00035,True,18.084735104823164,14.600468804794906,24.707058308936503,7.303154075720743,0.48148148148148145,0.4074074074074074,0.32098765432098764,36.25770250560797,7.999999999999986
11.06,0.000375,0.00035,True,18.990407148971713,15.545214875562392,24.3929462015354,7.225955287413871,0.5308641975308642,0.4444444444444444,0.345679012345679,36.90411318177029,7.999999999999986
11.07,0.000375,0.00035,True,20.06760225386068,16.674280622947432,24.022156340649957,7.13873855985467,0.6296296296296297,0.48148148148148145,0.37037037037037035,37.678271595509536,7.999999999999986
11.08,0.000375,0.00035,True,21.345162136393053,18.010133812537223,23.575967453992725,7.034713654204918,1.0,0.5555555555555556,0.41975308641975306,38.58385488358282,7.999999999999986
11.09,0.000375,0.00035,True,22.614967239496885,19.336515734833934,23.05645047027569,6.920897489643831,1.0,0.7407407407407407,0.4691358024691358,39.41806591469029,7.999999999999986
11.1,0.000375,0.00035,True,23.798190023521535,20.59202509913664,22.50817891810279,6.801432113337241,1.0,1.0,0.5308641975308642,40.13885954197622,7.999999999999986
11.11,0.000375,0.00035,True,25.109945546749916,21.97887295752419,21.801153527056133,6.655025725868511,1.0,1.0,0.6790123456790124,40.847350709900894,7.999999999999986
11.12,0.000375,0.00035,True,26.746396193577176,23.727210364796942,20.758067447378632,6.446783328008515,1.0,1.0,1.0,41.58440640370931,7.999999999999986
11.129999999999999,0.000375,0.00035,True,28.41113212412847,25.545160491126012,19.41570296638493,6.179720101128118,1.0,1.0,1.0,42.08116138989379,7.999999999999986
11.139999999999999,0.000375,0.00035,True,29.869716094304355,27.172041406451072,17.920302768297663,5.876939856511833,1.0,1.0,1.0,42.24347339761424,7.999999999999986
11.149999999999999,0.000375,0.00035,True,31.468162496227464,29.024993366700468,15.874936789478575,5.4524838303457015,1.0,1.0,1.0,42.07991367870725,7.949999999999986
11.159999999999998,0.000375,0.00035,True,33.38435570446726,31.362409604056577,13.131154660388333,4.761451605740892,1.0,1.0,1.0,41.731504086539246,7.7999999999999865
11.169999999999998,0.000375,0.00035,True,34.97112223376029,33.46921006333576,10.5924558253772,3.9552839468643284,1.0,1.0,1.0,41.38469552366967,7.599999999999987
11.179999999999998,0.000375,0.00035,True,36.23551572717405,35.339465540093535,8.239650859464035,3.0760040366049006,1.0,1.0,1.0,41.03135655670599,7.399999999999988
11.189999999999998,0.000375,0.00035,True,37.43441359851806,37.0253387564851,5.285587465179688,1.9194959660193938,1.0,1.0,1.0,40.51887551848013,7.099999999999989
11.199999999999998,0.000375,0.00035,True,37.83434589435706,37.7508262084582,7.620564155404978,1.6181955072085266,1.0,1.0,1.0,39.9197862356096,6.69999999999999
11.209999999999997,0.000375,0.00035,True,37.31296721872683,38.04629459659979,10.01862399259555,2.3672022312621994,1.0,1.0,1.0,39.260112539281494,6.249999999999992
11.219999999999997,0.000375,0.00035,True,35.03494507977106,36.60085973677255,13.138826864949166,3.510836034134312,1.0,1.0,1.0,37.765944235005925,5.599999999999994
11.229999999999997,0.000375,0.00035,True,31.490707059428406,33.361493712690674,14.882340388146638,4.115396260087157,1.0,1.0,1.0,34.95534521730568,5.349999999999995
11.239999999999997,0.000375,0.00035,True,27.084856183116038,29.01415365072562,15.6058822477396,4.362180295646336,1.0,0.9629629629629629,0.8888888888888888,30.889562689063798,5.299999999999995
11.249999999999996,0.000375,0.00035,True,20.1238103059559,22.109434649308927,16.566074563134293,4.575387077449741,0.8271604938271605,0.7777777777777778,0.6666666666666666,24.12605454176145,5.249999999999996
11.259999999999996,0.000375,0.00035,True,13.950241978613914,16.21184927639265,18.23564152709041,5.146677925149248,0.6172839506172839,0.3950617283950617,0.0,18.298043953020457,5.249999999999996
11.269999999999996,0.000375,0.00035,True,5.699689750269235,6.054834768277101,14.65822225640341,3.195301600408613,0.0,0.0,0.0,14.674560840177628,7.999999999999986
11.279999999999996,0.000375,0.00035,True,11.660731887662545,9.456913299100423,17.583110387553724,5.527505224673529,0.2716049382716049,0.20987654320987653,0.13580246913580246,23.62752873359899,7.999999999999986
11.289999999999996,0.000375,0.00035,True,13.185586233718624,13.735507499565824,9.972999614774011,2.3113284962361553,0.32098765432098764,0.0,0.0,15.830467118119739,4.349999999999999
11.299999999999995,0.000375,0.00035,True,10.292962333212508,10.368903300921756,2.292134520798683,0.748047215947665,0.0,0.0,0.0,11.254934724002466,4.1499999999999995
11.309999999999995,0.000375,0.00035,True,8.31678328401903,8.344500497368678,0.8248129600876872,0.2094497520502094,0.0,0.0,0.0,8.58479683829434,4.199999999999999
11.319999999999995,0.000375,0.00035,True,1.4491354858170655,1.1487236827589173,3.4603072883828734,1.0261771754820646,0.0,0.0,0.0,3.827198045474151,7.999999999999986
11.329999999999995,0.000375,0.00035,True,3.44008776085752,3.6144146366536702,2.396509758929445,0.6964857920592915,0.0,0.0,0.0,4.2042199749262545,5.699999999999994
11.339999999999995,0.000375,0.00035,True,5.288179865771228,5.345734385360269,0.7506255138758524,0.21170666155670503,0.0,0.0,0.0,5.51290708477238,5.649999999999994
11.349999999999994,0.000375,0.00035,True,3.5377195707245415,3.594934842112298,0.5744431295948087,0.13353906062290483,0.0,0.0,0.0,3.64328153216512,5.649999999999994
11.05,0.000375,0.00035999999999999997,True,10.38417504053497,6.631534934127515,25.539979438072027,7.451301221585383,0.24691358024691357,0.20987654320987653,0.14814814814814814,29.441243761940022,7.999999999999986
11.06,0.000375,0.00035999999999999997,True,11.16928797265138,7.453442574113794,25.425642169728253,7.425022238843156,0.2716049382716049,0.2222222222222222,0.16049382716049382,30.097068772681006,7.999999999999986
11.07,0.000375,0.00035999999999999997,True,12.124886374240711,8.449990454196792,25.281466766760595,7.3898886996430715,0.2962962962962963,0.24691358024691357,0.18518518518518517,30.903479911279362,7.999999999999986
11.08,0.000375,0.00035999999999999997,True,13.284857065141015,9.652048069880552,25.08012167329285,7.344019467682741,0.32098765432098764,0.2716049382716049,0.20987654320987653,31.874665724150248,7.999999999999986
11.09,0.000375,0.00035999999999999997,True,14.455126140073578,10.862009875298064,24.847354395312298,7.288225869092065,0.35802469135802467,0.2962962962962963,0.2345679012345679,32.84345062783701,7.999999999999986
11.1,0.000375,0.00035999999999999997,True,15.558973408458003,12.003739498661908,24.600214523607672,7.225248206594639,0.38271604938271603,0.3333333333333333,0.25925925925925924,33.73682551295021,7.999999999999986
11.11,0.000375,0.00035999999999999997,True,16.801455635809138,13.291524388059656,24.31207855154339,7.153183190230721,0.43209876543209874,0.35802469135802467,0.2839506172839506,34.738519140745666,7.999999999999986
11.12,0.000375,0.00035999999999999997,True,18.383587083714694,14.924251823949078,23.92965813428646,7.065236122975842,0.49382716049382713,0.41975308641975306,0.32098765432098764,36.00586649569368,7.999999999999986
11.129999999999999,0.000375,0.00035999999999999997,True,20.031481774624783,16.630283477290785,23.487929881321016,6.9631478371530715,0.6419753086419753,0.48148148148148145,0.37037037037037035,37.281679536850056,7.999999999999986
11.139999999999999,0.000375,0.00035999999999999997,True,21.514782159695585,18.17812256686135,23.000137498335533,6.853895341043692,1.0,0.5925925925925926,0.41975308641975306,38.35216019974702,7.999999999999986
11.149999999999999,0.000375,0.00035999999999999997,True,23.208604575310357,19.949317642958093,22.35579544416319,6.717834517423488,1.0,1.0,0.49382716049382713,39.50019195773431,7.999999999999986
11.159999999999998,0.000375,0.00035999999999999997,True,25.38504129558332,22.24503986683719,21.29104999580248,6.508186438748942,1.0,1.0,0.7654320987654321,40.75602240874811,7.999999999999986
11.169999999999998,0.000375,0.00035999999999999997,True,27.38624950681239,24.39198051467743,19.948500176019273,6.245836266744691,1.0,1.0,1.0,41.584053293485155,7.999999999999986
11.179999999999998,0.000375,0.00035999999999999997,True,29.24277633092341,26.435642463743307,18.245314817440885,5.910741851246947,1.0,1.0,1.0,41.96198721263757,7.999999999999986
11.189999999999998,0.000375,0.00035999999999999997,True,31.651435579142536,29.21211231704341,15.239358081612593,5.290314228278641,1.0,1.0,1.0,41.76823934160163,7.949999999999986
11.199999999999998,0.000375,0.00035999999999999997,True,33.869568106668765,31.982559039795298,11.984074553845396,4.406253446279581,1.0,1.0,1.0,41.35534592465117,7.699999999999987
11.209999999999997,0.000375,0.00035999999999999997,True,35.533768254946544,34.31013395057529,9.148386064121013,3.4176299912834356,1.0,1.0,1.0,40.96040764217892,7.499999999999988
11.219999999999997,0.000375,0.00035999999999999997,True,37.1754437587118,36.66265639963043,5.398653179188727,1.9527381114878632,1.0,1.0,1.0,40.34615536549297,7.099999999999989
11.229999999999997,0.000375,0.00035999999999999997,True,37.60196785718041,37.60762531541741,8.170107883224809,1.723440638855343,1.0,1.0,1.0,39.665467825559666,6.649999999999991
11.239999999999997,0.000375,0.00035999999999999997,True,36.593065677092895,37.71534138007253,11.386986688126303,2.8351615922503997,1.0,1.0,1.0,38.754634567155136,6.049999999999993
11.249999999999996,0.000375,0.00035999999999999997,True,32.72091679124519,34.53965641503585,14.864159260749123,4.057327126969024,1.0,1.0,1.0,36.06890587260983,5.449999999999995
11.259999999999996,0.000375,0.00035999999999999997,True,28.253889556329913,30.207383999246336,16.02563417267791,4.446173058001711,1.0,0.9753086419753086,0.9135802469135802,32.120669760957256,5.349999999999995
11.269999999999996,0.000375,0.00035999999999999997,True,20.168036341990035,22.173064061713227,17.55076142067076,4.785905229716192,0.8271604938271605,0.7777777777777778,0.6790123456790124,24.35551250247359,5.299999999999995
11.279999999999996,0.000375,0.00035999999999999997,True,12.703158731424326,15.114194994409758,17.325940914549058,5.37001059561849,0.5061728395061729,0.19753086419753085,0.0,17.34112556396657,5.249999999999996
11.289999999999996,0.000375,0.00035999999999999997,True,4.877761810780591,1.977194829298422,20.635496190876648,6.043265228818865,0.1111111111111111,0.07407407407407407,0.024691358024691357,20.635647617734165,7.999999999999986
11.299999999999995,0.000375,0.00035999999999999997,True,15.247350371607446,14.812989436202331,19.714023017902203,3.758155495594131,0.48148148148148145,0.30864197530864196,0.07407407407407407,20.26816548285617,7.099999999999989
11.309999999999995,0.000375,0.00035999999999999997,True,6.440793266175005,7.149385776034183,10.612491257132412,3.867781117734514,0.0,0.0,0.0,11.275932962249424,7.549999999999987
11.319999999999995,0.000375,0.00035999999999999997,True,3.826923233168745,3.5209781374591467,7.493960093460101,2.49315963981765,0.0,0.0,0.0,8.220676134617337,7.999999999999986
11.329999999999995,0.000375,0.00035999999999999997,True,0.6774330340102571,0.4928986720037448,3.2070464476609626,0.766748406322317,0.0,0.0,0.0,3.207273677903241,7.999999999999986
11.339999999999995,0.000375,0.00035999999999999997,True,1.2696914408580822,1.368449105113522,2.1667931833447565,0.7211443798282434,0.0,0.0,0.0,2.168326399734531,5.649999999999994
11.349999999999994,0.000375,0.00035999999999999997,True,4.275441460624294,4.381862781965697,1.3981557593517149,0.40327128471906304,0.0,0.0,0.0,4.712557991902392,5.699999999999994
11.05,0.000375,0.00037,True,4.464711714314048,0.5731312790764855,22.384661026121247,6.396313961687548,0.1111111111111111,0.08641975308641975,0.037037037037037035,22.38466246557126,7.999999999999986
11.06,0.000375,0.00037,True,4.835315595538694,0.931974961164017,22.966872236670326,6.5894423270635185,0.12345679012345678,0.08641975308641975,0.04938271604938271,22.982790185750343,7.999999999999986
11.07,0.000375,0.00037,True,5.361146006474087,1.4673312519438646,23.566012556497558,6.78740636564393,0.13580246913580246,0.09876543209876543,0.06172839506172839,23.72298581312995,7.999999999999986
11.08,0.000375,0.00037,True,6.093616375863626,2.211215697181213,24.1345490013713,6.974307868539775,0.14814814814814814,0.12345679012345678,0.07407407407407407,24.646872559293882,7.999999999999986
11.09,0.000375,0.00037,True,6.918029835277187,3.0774440179384004,24.520551186930003,7.101476930080319,0.1728395061728395,0.13580246913580246,0.08641975308641975,25.57452624088143,7.999999999999986
11.1,0.000375,0.00037,True,7.757184100117108,3.9490267696307786,24.714089061601424,7.172405845514548,0.18518518518518517,0.14814814814814814,0.09876543209876543,26.420175145038208,7.999999999999986
11.11,0.000375,0.00037,True,8.763930212336525,4.993504418081484,24.82676549513861,7.217002917411161,0.20987654320987653,0.1728395061728395,0.12345679012345678,27.399084685888454,7.999999999999986
11.12,0.000375,0.00037,True,10.117744839222212,6.387597088839614,24.85152671546933,7.236885977747913,0.2345679012345679,0.19753086419753085,0.14814814814814814,28.67166191262621,7.999999999999986
11.129999999999999,0.000375,0.00037,True,11.584786437955614,7.9063711414461935,24.751043960087724,7.220613912711604,0.2716049382716049,0.2345679012345679,0.1728395061728395,29.99819415284163,7.999999999999986
11.139999999999999,0.000375,0.00037,True,12.937034123973625,9.299463246746381,24.57832199987452,7.179226257078172,0.30864197530864196,0.25925925925925924,0.19753086419753085,31.17869518651681,7.999999999999986
11.149999999999999,0.000375,0.00037,True,14.514130415179208,10.919476772943666,24.335429373661498,7.120553838817466,0.35802469135802467,0.2962962962962963,0.2222222222222222,32.541645093817856,7.999999999999986
11.159999999999998,0.000375,0.00037,True,16.592380151278423,13.049184990190604,23.9796165064306,7.038484163954457,0.41975308641975306,0.35802469135802467,0.2716049382716049,34.31723516574504,7.999999999999986
11.169999999999998,0.000375,0.00037,True,18.55064759517608,15.074353587039402,23.57610428678823,6.943379696254189,0.5061728395061729,0.41975308641975306,0.32098765432098764,35.932094564665704,7.999999999999986
11.179999999999998,0.000375,0.00037,True,20.42230701003252,17.00411119273529,23.06847895644138,6.8339998387576095,0.7407407407407407,0.5061728395061729,0.38271604938271603,37.37894767716418,7.999999999999986
11.189999999999998,0.000375,0.00037,True,22.992894480535444,19.674356061490787,22.224259849492167,6.663246653382568,1.0,1.0,0.48148148148148145,39.22428723859889,7.999999999999986
11.199999999999998,0.000375,0.00037,True,25.59941518060893,22.41528384265368,20.958946170525795,6.418389785739887,1.0,1.0,0.8395061728395061,40.724506303369104,7.999999999999986
11.209999999999997,0.000375,0.00037,True,27.866173013341268,24.859809493104883,19.31095524398627,6.1008784664920315,1.0,1.0,1.0,41.54808869322242,7.999999999999986
11.219999999999997,0.000375,0.00037,True,30.95794743321022,28.35248427849819,15.849446506707746,5.419115949846742,1.0,1.0,1.0,41.61809424493399,7.949999999999986
11.229999999999997,0.000375,0.00037,True,33.572304854321224,31.577881502754053,12.079604840620451,4.426896276054738,1.0,1.0,1.0,41.151760341888206,7.699999999999987
11.239999999999997,0.000375,0.00037,True,35.69651043941227,34.613959118448925,8.398791819709658,3.1114019116789193,1.0,1.0,1.0,40.643122876141724,7.399999999999988
11.249999999999996,0.000375,0.00037,True,37.332677879268324,36.89758739316082,6.890235643497803,1.60188107151627,1.0,1.0,1.0,39.84374739129138,6.89999999999999
11.259999999999996,0.000375,0.00037,True,36.99430020004072,37.694698439536054,10.412071656731992,2.4140883664971264,1.0,1.0,1.0,39.03007298502148,6.349999999999992
11.269999999999996,0.000375,0.00037,True,33.14743853572664,34.979999156658806,15.088792720627964,4.080373050675264,1.0,1.0,1.0,36.476207884327785,5.499999999999995
11.279999999999996,0.000375,0.00037,True,27.866700907508957,29.762556396207557,16.740746879985288,4.61621445950589,1.0,0.9629629629629629,0.9012345679012346,31.90510801697231,5.349999999999995
11.289999999999996,0.000375,0.00037,True,18.089352645150633,20.354083992318543,19.966542064296775,5.2763743296870205,0.7777777777777778,0.7160493827160493,0.5308641975308642,22.627897565240623,5.299999999999995
11.299999999999995,0.000375,0.00037,True,9.855351031248624,11.414605313889023,14.046235824838433,4.285555518360865,0.0,0.0,0.0,14.067760184308076,5.299999999999995
11.309999999999995,0.000375,0.00037,True,13.514671802761102,12.155865481386702,13.750983797922451,4.038279028876429,0.32098765432098764,0.24691358024691357,0.1111111111111111,21.06735003813704,7.499999999999988
11.319999999999995,0.000375,0.00037,True,11.729757773051908,13.833468775003483,16.3948981537461,5.027737425352262,0.4074074074074074,0.0,0.0,16.44262675747862,5.699999999999994
11.329999999999995,0.000375,0.00037,True,2.9449026163064698,3.120312547158405,7.7547406282505325,2.0846408967645873,0.0,0.0,0.0,7.756365040935784,7.999999999999986
11.339999999999995,0.000375,0.00037,True,1.9015047558335387,1.3847300543146743,5.540893330130861,1.7087035137993738,0.0,0.0,0.0,5.672989207878121,7.999999999999986
11.349999999999994,0.000375,0.00037,True,0.3150253948251856,0.15812782841928677,1.7715267054289652,0.43500205504675915,0.0,0.0,0.0,1.7717192028077522,7.999999999999986
11.05,0.000375,0.00037999999999999997,True,3.72867841925218,3.3311706678109694,15.364483582296506,3.3020777775672623,0.012345679012345678,0.0,0.0,15.36448657015977,7.999999999999986
11.06,0.000375,0.00037999999999999997,True,3.5780619679841545,2.8376661782597603,15.893077606876082,3.5178179967359373,0.012345679012345678,0.0,0.0,15.89516853180193,7.999999999999986
11.07,0.000375,0.00037999999999999997,True,3.443831137676243,2.4432694668158152,16.566606195208728,3.820897250250525,0.024691358024691357,0.0,0.0,16.566742306497197,7.999999999999986
11.08,0.000375,0.00037999999999999997,True,3.3534072021891728,1.8645374958409806,17.399153801940127,4.228273276978977,0.037037037037037035,0.012345679012345678,0.0,17.40093498577536,7.999999999999986
11.09,0.000375,0.00037999999999999997,True,3.3434445976245395,1.3681376709741686,18.244282825468687,4.6538705758366525,0.04938271604938271,0.024691358024691357,0.0,18.24443872612718,7.999999999999986
11.1,0.000375,0.00037999999999999997,True,3.41161992624222,0.9123736710622874,19.01022920608783,5.047227323544423,0.06172839506172839,0.037037037037037035,0.0,19.012055551736992,7.999999999999986
11.11,0.000375,0.00037999999999999997,True,3.594986210690495,0.507416950715852,19.912891408272703,5.476862458505828,0.07407407407407407,0.04938271604938271,0.0,19.91289215204231,7.999999999999986
11.12,0.000375,0.00037999999999999997,True,4.010110831494448,0.23645432211220152,21.09553973062051,5.980469387368321,0.09876543209876543,0.06172839506172839,0.024691358024691357,21.09554168006134,7.999999999999986
11.129999999999999,0.000375,0.00037999999999999997,True,4.657271286985761,0.7987393739244913,22.345634302153986,6.410763886462195,0.1111111111111111,0.08641975308641975,0.037037037037037035,22.351583644553543,7.999999999999986
11.139999999999999,0.000375,0.00037999999999999997,True,5.417971964509931,1.5490838242402032,23.242941457403354,6.698809853806859,0.13580246913580246,0.09876543209876543,0.04938271604938271,23.457958122139253,7.999999999999986
11.149999999999999,0.000375,0.00037999999999999997,True,6.480265477267762,2.629202722180513,23.945606436700878,6.925125335272932,0.16049382716049382,0.12345679012345678,0.07407407407407407,24.758502781148515,7.999999999999986
11.159999999999998,0.000375,0.00037999999999999997,True,8.100144345048811,4.2954443648745455,24.43843592365146,7.0868817958910535,0.19753086419753085,0.16049382716049382,0.09876543209876543,26.49868000694609,7.999999999999986
11.169999999999998,0.000375,0.00037999999999999997,True,9.771244427166824,6.012618674837032,24.557049531021825,7.135076235227759,0.2345679012345679,0.18518518518518517,0.13580246913580246,28.12321077343657,7.999999999999986
11.179999999999998,0.000375,0.00037999999999999997,True,11.448013896453986,7.732444737101073,24.471282224928856,7.122177571242689,0.2716049382716049,0.2222222222222222,0.16049382716049382,29.665598058420866,7.999999999999986
11.189999999999998,0.000375,0.00037999999999999997,True,13.840637858856214,10.174028755805205,24.24028400663211,7.071213831844572,0.3333333333333333,0.2839506172839506,0.20987654320987653,31.823347441649368,7.999999999999986
11.199999999999998,0.000375,0.00037999999999999997,True,16.341304290033673,12.742063601397064,23.87334145548082,6.986973411578488,0.4074074074074074,0.345679012345679,0.2716049382716049,34.00625644860015,7.999999999999986
11.209999999999997,0.000375,0.00037999999999999997,True,18.581294889351106,15.039465188583666,23.423735357570806,6.8851871352388105,0.5061728395061729,0.41975308641975306,0.32098765432098764,35.874292294475524,7.999999999999986
11.219999999999997,0.000375,0.00037999999999999997,True,21.821305387549938,18.379095981308502,22.57215792821408,6.714239927120312,1.0,0.654320987654321,0.43209876543209874,38.37871870728924,7.999999999999986
11.229999999999997,0.000375,0.00037999999999999997,True,24.866464379857806,21.563695783151434,21.273124302041108,6.466217734306176,1.0,1.0,0.6790123456790124,40.28756935808782,7.999999999999986
11.239999999999997,0.000375,0.00037999999999999997,True,27.85409441138159,24.7732353197061,19.152977628975357,6.067720795511908,1.0,1.0,1.0,41.407752060330274,7.999999999999986
11.249999999999996,0.000375,0.00037999999999999997,True,31.77410965669697,29.27811969446425,14.418917740905332,5.0848119082955705,1.0,1.0,1.0,41.22824139245485,7.849999999999986
11.259999999999996,0.000375,0.00037999999999999997,True,34.38133574050902,32.68168424597852,10.408747073427449,3.8539927637157483,1.0,1.0,1.0,40.72292758661165,7.599999999999987
11.269999999999996,0.000375,0.00037999999999999997,True,36.92240246649279,36.33644538813834,6.263714096559745,1.760555387109916,1.0,1.0,1.0,39.85548678499889,6.999999999999989
11.279999999999996,0.000375,0.00037999999999999997,True,36.86585517835565,37.491970113457434,10.570066595713428,2.4097062252647397,1.0,1.0,1.0,38.95843900793459,6.3999999999999915
11.289999999999996,0.000375,0.00037999999999999997,True,32.21325657200993,34.116681995539466,16.097846790822672,4.359025560437336,1.0,1.0,0.9876543209876543,35.83959412870348,5.449999999999995
11.299999999999995,0.000375,0.00037999999999999997,True,25.67891028875172,27.738034627207377,17.970229884424796,4.911742539269332,0.9382716049382716,0.9012345679012346,0.8395061728395061,30.024891169620037,5.349999999999995
11.309999999999995,0.000375,0.00037999999999999997,True,13.177767371058243,15.490633658044842,18.147450476366362,5.568064022618582,0.5432098765432098,0.3333333333333333,0.0,18.17118983646364,5.349999999999995
11.319999999999995,0.000375,0.00037999999999999997,True,5.852409337060601,2.260363900770939,22.417965156603675,6.964536739498971,0.16049382716049382,0.13580246913580246,0.07407407407407407,22.423952285566372,7.999999999999986
11.329999999999995,0.000375,0.00037999999999999997,True,11.958559380692547,13.204829150830024,16.63936093354515,4.276489994918018,0.345679012345679,0.0,0.0,16.639562234859756,4.449999999999998
11.339999999999995,0.000375,0.00037999999999999997,True,3.0236283679669835,1.7852717511266256,8.795973023701832,2.852511099547583,0.0,0.0,0.0,8.796502172768523,7.999999999999986
11.349999999999994,0.000375,0.00037999999999999997,True,4.271688524195866,4.125780061298118,4.669422967858646,1.5579471554824016,0.0,0.0,0.0,6.923862758875995,7.999999999999986
11.05,0.000375,0.00039,True,6.975281971339215,8.443890604101021,11.350934070932048,3.9213160947495074,0.0,0.0,0.0,11.351847004101197,4.9999999999999964
11.06,0.000375,0.00039,True,6.620382340702932,7.934473395696713,10.741980963727057,3.696466824584842,0.0,0.0,0.0,10.74933750250586,5.049999999999996
11.07,0.000375,0.00039,True,6.207581509568165,7.476911650278132,10.01389158186664,3.4400562846678566,0.0,0.0,0.0,10.023127729755338,5.049999999999996
11.08,0.000375,0.00039,True,5.736254941317513,6.6828671799505575,10.286884543853885,3.162356927039247,0.0,0.0,0.0,10.289960086924822,7.999999999999986
11.09,0.000375,0.00039,True,5.298274082657019,6.122124802711935,11.036521948951531,2.9412819920254965,0.0,0.0,0.0,11.036523439568722,7.999999999999986
11.1,0.000375,0.00039,True,4.91786503294801,5.604851971980667,11.71744922485443,2.7996075476664317,0.0,0.0,0.0,11.719127035164378,7.999999999999986
11.11,0.000375,0.00039,True,4.527034990903648,4.989628961551638,12.509985350287147,2.738030152723671,0.0,0.0,0.0,12.51194572560732,7.999999999999986
11.12,0.000375,0.00039,True,4.09505158521201,4.1793636119211905,13.590472996846579,2.836629080176454,0.0,0.0,0.0,13.591301129574276,7.999999999999986
11.129999999999999,0.000375,0.00039,True,3.7308163920552073,3.427078914499726,14.729996867929048,3.133956854894057,0.0,0.0,0.0,14.731109770675515,7.999999999999986
11.139999999999999,0.000375,0.00039,True,3.487591524793011,2.6966931919723836,15.737313735055716,3.528403757423438,0.012345679012345678,0.0,0.0,15.740775489168204,7.999999999999986
11.149999999999999,0.000375,0.00039,True,3.3278827471354573,1.949210110922186,16.936200143576343,4.083098468551514,0.037037037037037035,0.0,0.0,16.93866697574466,7.999999999999986
11.159999999999998,0.000375,0.00039,True,3.3584758930081917,1.0596472736774365,18.5608427529782,4.880401613300882,0.04938271604938271,0.024691358024691357,0.0,18.562510039049712,7.999999999999986
11.169999999999998,0.000375,0.00039,True,3.6722074431658633,0.39442057809998876,20.065647853690177,5.589714591595942,0.07407407407407407,0.04938271604938271,0.012345679012345678,20.065763243758653,7.999999999999986
11.179999999999998,0.000375,0.00039,True,4.269167723529901,0.547451579133288,21.517193165935648,6.162658227854378,0.09876543209876543,0.07407407407407407,0.024691358024691357,21.517197690154262,7.999999999999986
11.189999999999998,0.000375,0.00039,True,5.590059825639444,1.8789704609915314,23.297427608241,6.721687149271875,0.13580246913580246,0.09876543209876543,0.06172839506172839,23.589401286710494,7.999999999999986
11.199999999999998,0.000375,0.00039,True,7.426736355403047,3.7906187047610453,24.210800213141056,7.0097354102828024,0.18518518518518517,0.14814814814814814,0.08641975308641975,25.725103153313643,7.999999999999986
11.209999999999997,0.000375,0.00039,True,9.316954322659624,5.753928243261721,24.469530729465088,7.091686549768713,0.2222222222222222,0.18518518518518517,0.12345679012345678,27.626696200600513,7.999999999999986
11.219999999999997,0.000375,0.00039,True,12.271615384517293,8.759790983344546,24.392667568772794,7.085979438338747,0.2839506172839506,0.24691358024691357,0.18518518518518517,30.41157538474518,7.999999999999986
11.229999999999997,0.000375,0.00039,True,15.173808301570551,11.695739138168065,24.052302262454557,7.010286633479691,0.37037037037037035,0.30864197530864196,0.2345679012345679,33.01022875287903,7.999999999999986
11.239999999999997,0.000375,0.00039,True,18.133257650594476,14.693383855228426,23.549123535016534,6.897590064216675,0.48148148148148145,0.3950617283950617,0.30864197530864196,35.54277464115901,7.999999999999986
11.249999999999996,0.000375,0.00039,True,22.34177634977816,18.97220913032545,22.433530975077016,6.681913851996656,1.0,0.7530864197530864,0.4444444444444444,38.7809980594494,7.999999999999986
11.259999999999996,0.000375,0.00039,True,25.600887040586052,22.353925574359405,20.805741041650094,6.379862044776285,1.0,1.0,0.8641975308641975,40.61007317580958,7.999999999999986
11.269999999999996,0.000375,0.00039,True,30.38820115560406,27.561729173687173,16.043244194366594,5.475106534607244,1.0,1.0,1.0,41.20266873054865,7.949999999999986
11.279999999999996,0.000375,0.00039,True,33.6886513603991,31.713118134001036,11.221428592090202,4.123376158529023,1.0,1.0,1.0,40.625086955627,7.599999999999987
11.289999999999996,0.000375,0.00039,True,36.75345184588609,36.12275089278149,6.909846271778278,1.7383602174474289,1.0,1.0,1.0,39.644521397590424,6.999999999999989
11.299999999999995,0.000375,0.00039,True,36.28923124993632,37.339197278441446,12.108426876017468,2.9095614578077993,1.0,1.0,1.0,38.56718870780086,6.249999999999992
11.309999999999995,0.000375,0.00039,True,29.206388067730032,31.234992209770688,17.93611786415601,4.878301313919175,1.0,0.9629629629629629,0.9135802469135802,33.4484228981566,5.449999999999995
11.319999999999995,0.000375,0.00039,True,19.345141117691853,21.676592922343346,22.54873284575008,5.805791688234109,0.8024691358024691,0.7530864197530864,0.6296296296296297,24.344374944856003,5.349999999999995
11.329999999999995,0.000375,0.00039,True,7.9792374046625705,8.388101683277974,20.129822759627213,4.451538222704875,0.08641975308641975,0.04938271604938271,0.012345679012345678,20.131337877708336,7.999999999999986
11.339999999999995,0.000375,0.00039,True,12.707637587248605,13.563757065717262,16.892543696548554,4.000124085597496,0.37037037037037035,0.0,0.0,16.92747193813211,4.599999999999998
11.349999999999994,0.000375,0.00039,True,4.267955417842092,4.136739765763075,9.197349390870436,3.4550649550354335,0.0,0.0,0.0,9.202464544256113,7.699999999999987
11.05,0.000375,0.00039999999999999996,True,12.307283174206267,15.608919214290484,18.877191272440108,6.690661543514746,0.5308641975308642,0.38271604938271603,0.0,18.882040897403375,5.049999999999996
11.06,0.000375,0.00039999999999999996,True,11.877584446864988,15.086142225817166,18.328143483210894,6.506264923163151,0.5061728395061729,0.30864197530864196,0.0,18.33366173123298,4.9999999999999964
11.07,0.000375,0.00039999999999999996,True,11.356548209575163,14.419025829938874,17.643692340402897,6.273816286005292,0.4567901234567901,0.2222222222222222,0.0,17.648913891031405,5.049999999999996
11.08,0.000375,0.00039999999999999996,True,10.737899624804426,13.618729942914001,16.81099157396721,5.987142802018253,0.38271604938271603,0.0,0.0,16.811238595351686,5.049999999999996
11.09,0.000375,0.00039999999999999996,True,10.131787189194412,12.800833620445522,16.000070528513387,5.692707494867682,0.2839506172839506,0.0,0.0,16.000945130191585,5.049999999999996
11.1,0.000375,0.00039999999999999996,True,9.583954827726059,12.054605665480127,15.211377675991411,5.410604168692769,0.13580246913580246,0.0,0.0,15.218848177556586,5.099999999999996
11.11,0.000375,0.00039999999999999996,True,8.979072054937962,11.202281924848629,14.351033174439738,5.082870429303516,0.0,0.0,0.0,14.360550038842545,5.099999999999996
11.12,0.000375,0.00039999999999999996,True,8.227520740179775,10.14443741802177,13.2729358331676,4.650171514179595,0.0,0.0,0.0,13.274116063580337,5.049999999999996
11.129999999999999,0.000375,0.00039999999999999996,True,7.482296333138834,9.026659175632908,12.10067965815628,4.195905228052979,0.0,0.0,0.0,12.103686391673993,4.9999999999999964
11.139999999999999,0.000375,0.00039999999999999996,True,6.850262868385386,8.171303179723306,11.082322501150447,3.8006617617857765,0.0,0.0,0.0,11.090085710242333,5.099999999999996
11.149999999999999,0.000375,0.00039999999999999996,True,6.164614774363233,7.340323679049986,9.917065046643962,3.3724766746672206,0.0,0.0,0.0,9.918551677098442,5.099999999999996
11.159999999999998,0.000375,0.00039999999999999996,True,5.348203646564904,6.276613801233141,10.751152763035217,2.925305600397245,0.0,0.0,0.0,10.756940689119432,7.999999999999986
11.169999999999998,0.000375,0.00039999999999999996,True,4.683465615134453,5.250214251722313,12.127660893375948,2.7263406163237827,0.0,0.0,0.0,12.127703535537382,7.999999999999986
11.179999999999998,0.000375,0.00039999999999999996,True,4.147588311083778,4.2933080282458285,13.455185586518388,2.812850477067987,0.0,0.0,0.0,13.461398885624291,7.999999999999986
11.189999999999998,0.000375,0.00039999999999999996,True,3.6041036558698147,3.010945680204187,15.366364775967558,3.37811263897875,0.012345679012345678,0.0,0.0,15.370589132951931,7.999999999999986
11.199999999999998,0.000375,0.00039999999999999996,True,3.3502205032217454,1.7843482944890319,17.357756463048858,4.284125563703983,0.037037037037037035,0.012345679012345678,0.0,17.359502312680203,7.999999999999986
11.209999999999997,0.000375,0.00039999999999999996,True,3.459458718146666,0.8456402774395123,19.133082014146463,5.156708847249276,0.06172839506172839,0.037037037037037035,0.0,19.133628562116694,7.999999999999986
11.219999999999997,0.000375,0.00039999999999999996,True,4.371988999309547,0.6292715023841005,21.78444801109548,6.249884230665069,0.1111111111111111,0.07407407407407407,0.024691358024691357,21.784547221853504,7.999999999999986
11.229999999999997,0.000375,0.00039999999999999996,True,6.098238109444569,2.4107542076119595,23.77108931037407,6.859188291349176,0.14814814814814814,0.1111111111111111,0.07407407407407407,24.30561073803141,7.999999999999986
11.239999999999997,0.000375,0.00039999999999999996,True,8.455690981068757,4.853919612745063,24.509390480768115,7.086738841789242,0.19753086419753085,0.16049382716049382,0.1111111111111111,26.855019287737086,7.999999999999986
11.249999999999996,0.000375,0.00039999999999999996,True,12.295170526079646,8.7549081905881,24.521747793590734,7.1054455652572,0.2839506172839506,0.24691358024691357,0.18518518518518517,30.53293141436873,7.999999999999986
11.259999999999996,0.000375,0.00039999999999999996,True,15.439175965270495,11.947155435354787,24.13819946280524,7.017777751550934,0.37037037037037035,0.32098765432098764,0.24691358024691357,33.34448420509905,7.999999999999986
11.269999999999996,0.000375,0.00039999999999999996,True,20.39125674865831,16.960596913266606,23.182932859866156,6.82610314902245,0.7407407407407407,0.49382716049382713,0.37037037037037035,37.474001695783585,7.999999999999986
11.279999999999996,0.000375,0.00039999999999999996,True,24.341269891612207,21.06442038442029,21.608537769519227,6.536250118490138,1.0,1.0,0.6172839506172839,40.039032732046635,7.999999999999986
11.289999999999996,0.000375,0.00039999999999999996,True,30.032709960946423,27.307184100660677,16.273419747026093,5.542120181618317,1.0,1.0,1.0,41.01108457850227,7.949999999999986
11.299999999999995,0.000375,0.00039999999999999996,True,33.84219570382147,32.02847358776413,10.653775188338603,3.9006101306842274,1.0,1.0,1.0,40.35991518347595,7.549999999999987
11.309999999999995,0.000375,0.00039999999999999996,True,36.725528479749556,36.506662893657676,9.35278100489792,1.918281893648563,1.0,1.0,1.0,39.14145200913835,6.74999999999999
11.319999999999995,0.000375,0.00039999999999999996,True,33.73589243839268,35.60258523282946,16.168195378588475,4.266179766228549,1.0,1.0,1.0,37.104877678653104,5.649999999999994
11.329999999999995,0.000375,0.00039999999999999996,True,23.77986642054479,26.014142454425087,20.96736545307048,5.545764775759457,0.8888888888888888,0.8518518518518519,0.7901234567901234,28.696773079472877,5.399999999999995
11.339999999999995,0.000375,0.00039999999999999996,True,8.993848680383435,9.769841870798535,20.44918080094982,4.4863449525442185,0.08641975308641975,0.06172839506172839,0.012345679012345678,20.496085433169306,7.999999999999986
11.349999999999994,0.000375,0.00039999999999999996,True,13.217073390627931,14.47581799625585,17.096582490638877,4.1770305620808985,0.43209876543209874,0.12345679012345678,0.0,17.201491175638196,4.749999999999997
