unloaded_cells_each_side,loaded_cells,period_cells,supercells,total_cells,length_mm,pump_GHz,Idc_A,Ip0_A,band_GHz,peak_gain_db,peak_frequency_GHz,mean_in_band_gain_db,median_in_band_gain_db,ripple_peak_to_peak_db,ripple_std_db,fraction_above_15db,fraction_above_17db,fraction_above_20db,bandwidth_regions_GHz,total_3db_bandwidth_GHz,finite
13,3,29,1407,40803,81.60600000000001,12.955172413793104,0.0003,0.00036,"[4.0, 8.0]",35.18121637090297,7.999999999999986,29.166715729037747,28.237347587453048,8.100732832373566,2.280019271735692,1.0,1.0,1.0,"[(7.449999999999988, 7.999999999999986)]",0.5999999999999979,True
13,3,29,1407,40803,81.60600000000001,12.966896551724139,0.0003,0.00036,"[4.0, 8.0]",36.3970641240399,7.999999999999986,30.57102962391076,29.617104242289525,7.862435197785086,2.2343566526679535,1.0,1.0,1.0,"[(7.399999999999988, 7.999999999999986)]",0.6499999999999977,True
13,3,29,1407,40803,81.60600000000001,12.978620689655173,0.0003,0.00036,"[4.0, 8.0]",37.6022459692133,7.999999999999986,32.03806476011217,31.10415028440855,7.552852089490635,2.1714523625456823,1.0,1.0,1.0,"[(7.399999999999988, 7.999999999999986)]",0.6499999999999977,True
13,3,29,1407,40803,81.60600000000001,12.990344827586208,0.0003,0.00036,"[4.0, 8.0]",38.85010880622286,7.999999999999986,33.68473128100327,32.75014313283146,7.078198312045153,2.072467153214264,1.0,1.0,1.0,"[(7.299999999999988, 7.999999999999986)]",0.7499999999999973,True
13,3,29,1407,40803,81.60600000000001,13.002068965517243,0.0003,0.00036,"[4.0, 8.0]",39.743797508210676,7.999999999999986,35.05223790215818,34.146639442660074,6.495467124720108,1.9462305236945687,1.0,1.0,1.0,"[(7.149999999999989, 7.999999999999986)]",0.8999999999999968,True
13,3,29,1407,40803,81.60600000000001,13.013793103448277,0.0003,0.00036,"[4.0, 8.0]",40.501033977836045,7.999999999999986,36.65880825755494,35.821462416603644,5.468347746748009,1.7117921215625087,1.0,1.0,1.0,"[(6.84999999999999, 7.999999999999986)]",1.1999999999999957,True
13,3,29,1407,40803,81.60600000000001,13.025517241379312,0.0003,0.00036,"[4.0, 8.0]",40.63306912234995,7.999999999999986,37.72372169835828,37.133967051099674,4.327013864112303,1.4427220506426415,1.0,1.0,1.0,"[(6.349999999999992, 7.999999999999986)]",1.699999999999994,True
13,3,29,1407,40803,81.60600000000001,13.037241379310347,0.0003,0.00036,"[4.0, 8.0]",40.095162658985146,7.7999999999999865,38.52435399456504,38.32323614389152,2.8443607689051404,1.0250826760837464,1.0,1.0,1.0,"[(4.0, 7.999999999999986)]",4.049999999999986,True
13,3,29,1407,40803,81.60600000000001,13.048965517241381,0.0003,0.00036,"[4.0, 8.0]",39.335161391195804,7.2499999999999885,38.508438089667585,38.67242713799717,2.175682230393406,0.6773380217788286,1.0,1.0,1.0,"[(4.0, 7.999999999999986)]",4.049999999999986,True
13,3,29,1407,40803,81.60600000000001,13.060689655172416,0.0003,0.00036,"[4.0, 8.0]",38.04606757736805,6.349999999999992,37.42586990857391,37.582842655677204,1.9398986361881185,0.558470778472786,1.0,1.0,1.0,"[(4.0, 7.999999999999986)]",4.049999999999986,True
13,3,29,1407,40803,81.60600000000001,13.07241379310345,0.0003,0.00036,"[4.0, 8.0]",36.15792865141192,5.849999999999993,35.41164477491924,35.639234719550444,2.729440158008579,0.719198115754948,1.0,1.0,1.0,"[(4.0, 7.999999999999986)]",4.049999999999986,True
13,3,29,1407,40803,81.60600000000001,13.084137931034485,0.0003,0.00036,"[4.0, 8.0]",32.89931895402833,5.649999999999994,31.996475535284517,32.28275021279424,3.4616850936768486,0.9023621085273672,1.0,1.0,1.0,"[(4.0, 7.849999999999986)]",3.899999999999986,True
13,3,29,1407,40803,81.60600000000001,13.09586206896552,0.0003,0.00036,"[4.0, 8.0]",29.297714435644316,5.5499999999999945,28.31938651433619,28.66496584565038,3.7574311146978623,0.9946200183872255,1.0,1.0,1.0,"[(4.0, 7.749999999999987)]",3.7999999999999865,True
13,3,29,1407,40803,81.60600000000001,13.107586206896555,0.0003,0.00036,"[4.0, 8.0]",24.050045950698703,5.199999999999996,23.060369705507007,23.468505424012392,3.874467849303663,1.0672235374851198,1.0,1.0,1.0,"[(4.0, 7.649999999999987)]",3.699999999999987,True
13,3,29,1407,40803,81.60600000000001,13.11931034482759,0.0003,0.00036,"[4.0, 8.0]",19.16768944753573,5.099999999999996,18.116161541072533,18.621731570267116,4.028794305037906,1.14234615207743,1.0,0.8024691358024691,0.0,"[(4.0, 7.599999999999987)]",3.649999999999987,True
13,3,29,1407,40803,81.60600000000001,13.131034482758624,0.0003,0.00036,"[4.0, 8.0]",12.206332231668355,4.899999999999997,10.825047555753068,11.422053560320634,4.999767333385527,1.4690156599466662,0.0,0.0,0.0,"[(4.0, 7.2499999999999885)]",3.2999999999999883,True
13,3,29,1407,40803,81.60600000000001,13.142758620689658,0.0003,0.00036,"[4.0, 8.0]",3.6955588331119547,4.1499999999999995,1.6808586587207364,1.3849596459047335,3.6955327289709463,1.3222365863419898,0.0,0.0,0.0,"[(4.0, 6.349999999999992), (7.7999999999999865, 7.999999999999986)]",2.6499999999999906,True
13,3,29,1407,40803,81.60600000000001,13.154482758620693,0.0003,0.00036,"[4.0, 8.0]",16.841064321853143,7.999999999999986,13.05341229294341,13.25961014330712,8.131109468645151,2.426008431883254,0.2839506172839506,0.0,0.0,"[(6.299999999999992, 7.999999999999986)]",1.7499999999999938,True
13,3,29,1407,40803,81.60600000000001,13.166206896551728,0.0003,0.00036,"[4.0, 8.0]",13.822576747452814,6.449999999999991,10.524672735640982,12.184599854487104,13.814240673850465,3.9432774985333743,0.0,0.0,0.0,"[(5.149999999999996, 7.699999999999987)]",2.5999999999999908,True
13,3,29,1407,40803,81.60600000000001,13.177931034482762,0.0003,0.00036,"[4.0, 8.0]",8.419885853716547,6.549999999999991,5.773338629226267,6.875458006656307,8.403887946681222,2.673963744234103,0.0,0.0,0.0,"[(5.249999999999996, 7.849999999999986)]",2.6499999999999906,True
13,3,29,1407,40803,81.60600000000001,13.189655172413797,0.0003,0.00036,"[4.0, 8.0]",5.696159546658084,4.0,1.3711282958558735,1.18675322516803,5.6952859565595935,1.2868466042412834,0.0,0.0,0.0,"[(4.0, 4.449999999999998)]",0.4999999999999982,True
13,3,29,1407,40803,81.60600000000001,13.201379310344832,0.0003,0.00036,"[4.0, 8.0]",7.953888676648381,4.0,5.589031274220489,5.252173035006727,3.7054589283562605,1.1762979169819896,0.0,0.0,0.0,"[(4.0, 5.749999999999994), (7.449999999999988, 7.999999999999986)]",2.3999999999999915,True
13,3,29,1407,40803,81.60600000000001,13.213103448275866,0.0003,0.00036,"[4.0, 8.0]",6.776166803706491,6.599999999999991,5.92102846752637,6.459396418851082,4.707543371506215,1.190537959280835,0.0,0.0,0.0,"[(4.349999999999999, 7.999999999999986)]",3.699999999999987,True
13,3,29,1407,40803,81.60600000000001,13.224827586206901,0.0003,0.00036,"[4.0, 8.0]",4.542614077491906,4.0,0.8227608774442886,0.10923411288151072,4.5425584338453255,1.2865463742584593,0.0,0.0,0.0,"[(4.0, 4.799999999999997)]",0.849999999999997,True
13,3,29,1407,40803,81.60600000000001,13.236551724137936,0.0003,0.00036,"[4.0, 8.0]",5.339666640936995,4.949999999999997,5.030995788622845,5.039977799110421,1.1299751921264987,0.22632658144330337,0.0,0.0,0.0,"[(4.0, 7.999999999999986)]",4.049999999999986,True
13,3,29,1407,40803,81.60600000000001,13.24827586206897,0.0003,0.00036,"[4.0, 8.0]",3.2234234921306832,6.599999999999991,2.0958885767038233,2.4950206093339746,3.2233457737203457,1.0959246143807295,0.0,0.0,0.0,"[(4.0, 4.05), (4.549999999999998, 7.999999999999986)]",3.599999999999987,True
13,3,29,1407,40803,81.60600000000001,13.260000000000005,0.0003,0.00036,"[4.0, 8.0]",4.023570503232634,4.0,1.7351783787617339,1.351084531191641,3.3458438957709227,1.0600851611855042,0.0,0.0,0.0,"[(4.0, 5.849999999999993), (7.399999999999988, 7.999999999999986)]",2.549999999999991,True
13,3,29,1407,40803,81.60600000000001,13.27172413793104,0.0003,0.00036,"[4.0, 8.0]",3.7761102975266687,7.2499999999999885,3.4058987161553764,3.7465440298816666,2.6691362054848273,0.6643474954085131,0.0,0.0,0.0,"[(4.0, 7.999999999999986)]",4.049999999999986,True
13,3,29,1407,40803,81.60600000000001,13.283448275862074,0.0003,0.00036,"[4.0, 8.0]",1.4598822032374352,4.0,0.7572701703121087,0.8260819532445671,1.459647591935019,0.4349496047593376,0.0,0.0,0.0,"[(4.0, 7.999999999999986)]",4.049999999999986,True
13,3,29,1407,40803,81.60600000000001,13.295172413793109,0.0003,0.00036,"[4.0, 8.0]",2.8580421313227338,4.1,1.2988830581616644,0.9938234992254493,2.3613369621123494,0.7945395315170164,0.0,0.0,0.0,"[(4.0, 7.999999999999986)]",4.049999999999986,True
13,3,29,1407,40803,81.60600000000001,13.306896551724144,0.0003,0.00036,"[4.0, 8.0]",2.5956404292583675,4.949999999999997,2.254131395406508,2.2475854270407964,1.1148387743865906,0.23296334988166612,0.0,0.0,0.0,"[(4.0, 7.999999999999986)]",4.049999999999986,True
13,4,30,1360,40800,81.60000000000001,12.523333333333333,0.0003,0.00036,"[4.0, 8.0]",4.283435802097065,7.999999999999986,1.6599325103655522,1.4720925752759402,4.283277259969719,1.3289486786728888,0.0,0.0,0.0,"[(4.0, 4.399999999999999), (6.349999999999992, 7.999999999999986)]",2.1499999999999924,True
13,4,30,1360,40800,81.60000000000001,12.534666666666666,0.0003,0.00036,"[4.0, 8.0]",12.085446372418332,7.999999999999986,8.706336431285477,9.662410439714414,10.200550111276547,3.1029059446617477,0.0,0.0,0.0,"[(5.799999999999994, 7.999999999999986)]",2.249999999999992,True
13,4,30,1360,40800,81.60000000000001,12.546,0.0003,0.00036,"[4.0, 8.0]",20.123480985960658,7.699999999999987,17.485426016210038,18.256814789058108,8.488976593837949,2.5079789499213847,0.8024691358024691,0.6419753086419753,0.1728395061728395,"[(5.499999999999995, 7.999999999999986)]",2.549999999999991,True
13,4,30,1360,40800,81.60000000000001,12.557333333333332,0.0003,0.00036,"[4.0, 8.0]",23.2192661146741,7.999999999999986,18.065921925080186,17.477520133155885,7.292589057411963,2.01386949429718,1.0,0.6666666666666666,0.18518518518518517,"[(7.349999999999988, 7.999999999999986)]",0.6999999999999975,True
13,4,30,1360,40800,81.60000000000001,12.568666666666665,0.0003,0.00036,"[4.0, 8.0]",15.145219710563573,4.949999999999997,14.231684824785445,14.617919461379822,8.548931169009112,1.4472575684361833,0.2222222222222222,0.0,0.0,"[(4.299999999999999, 7.999999999999986)]",3.7499999999999867,True
13,4,30,1360,40800,81.60000000000001,12.579999999999998,0.0003,0.00036,"[4.0, 8.0]",11.111886403557056,4.0,4.496603398559,5.049835867631521,11.107370235615637,2.743487475109417,0.0,0.0,0.0,"[(4.0, 4.199999999999999)]",0.2499999999999991,True
13,4,30,1360,40800,81.60000000000001,12.591333333333331,0.0003,0.00036,"[4.0, 8.0]",10.562734897073696,4.499999999999998,9.444671213311983,9.460755381887822,2.3103402133821067,0.7999363685395032,0.0,0.0,0.0,"[(4.0, 7.999999999999986)]",4.049999999999986,True
13,4,30,1360,40800,81.60000000000001,12.602666666666664,0.0003,0.00036,"[4.0, 8.0]",6.237561653366831,4.0,2.4975385745939698,2.7080947558811017,6.234867701946852,1.6421532570227064,0.0,0.0,0.0,"[(4.0, 4.249999999999999), (5.649999999999994, 6.9499999999999895)]",1.6499999999999941,True
13,4,30,1360,40800,81.60000000000001,12.613999999999997,0.0003,0.00036,"[4.0, 8.0]",8.154461049194364,5.149999999999996,7.784240606645077,7.979265200853872,3.2581021932803793,0.6364154615713035,0.0,0.0,0.0,"[(4.05, 7.999999999999986)]",3.999999999999986,True
13,4,30,1360,40800,81.60000000000001,12.62533333333333,0.0003,0.00036,"[4.0, 8.0]",7.074507324283563,4.0,2.027412669426352,1.2166133658072196,7.009186435424555,2.0799861717901824,0.0,0.0,0.0,"[(4.0, 4.649999999999998), (7.949999999999986, 7.999999999999986)]",0.7999999999999972,True
13,4,30,1360,40800,81.60000000000001,12.636666666666663,0.0003,0.00036,"[4.0, 8.0]",5.972583975632615,6.299999999999992,4.419088245333408,5.112747266694927,5.972545580767711,1.7422425916078832,0.0,0.0,0.0,"[(4.6999999999999975, 7.949999999999986)]",3.2999999999999883,True
13,4,30,1360,40800,81.60000000000001,12.647999999999996,0.0003,0.00036,"[4.0, 8.0]",6.194578580399156,4.449999999999998,5.261007381844497,5.276528091231707,1.8479411880113634,0.6400104597523188,0.0,0.0,0.0,"[(4.0, 7.999999999999986)]",4.049999999999986,True
13,4,30,1360,40800,81.60000000000001,12.659333333333329,0.0003,0.00036,"[4.0, 8.0]",4.190388268723612,4.0,0.7927835814259654,0.5528024779088502,4.189180791518319,0.9354093184634917,0.0,0.0,0.0,"[(4.0, 4.549999999999998)]",0.5999999999999979,True
13,4,30,1360,40800,81.60000000000001,12.670666666666662,0.0003,0.00036,"[4.0, 8.0]",5.2023845389457755,6.349999999999992,4.329749626565916,4.85171925122523,4.730212249667679,1.17606848956637,0.0,0.0,0.0,"[(4.349999999999999, 7.999999999999986)]",3.699999999999987,True
13,4,30,1360,40800,81.60000000000001,12.681999999999995,0.0003,0.00036,"[4.0, 8.0]",4.852842013115846,4.1499999999999995,3.115288654860163,2.929095404134279,2.989893434995806,1.0075237028376014,0.0,0.0,0.0,"[(4.0, 7.999999999999986)]",4.049999999999986,True
13,4,30,1360,40800,81.60000000000001,12.693333333333328,0.0003,0.00036,"[4.0, 8.0]",2.6064037454480764,4.0,0.8566725000635556,0.8948149374631691,2.6062300150327373,0.6254704525386844,0.0,0.0,0.0,"[(4.0, 7.999999999999986)]",4.049999999999986,True
13,4,30,1360,40800,81.60000000000001,12.704666666666661,0.0003,0.00036,"[4.0, 8.0]",4.216689756992298,5.449999999999995,3.8715418923653138,4.1467399177080875,2.853817670677044,0.6357349040283978,0.0,0.0,0.0,"[(4.0, 7.999999999999986)]",4.049999999999986,True
13,4,30,1360,40800,81.60000000000001,12.715999999999994,0.0003,0.00036,"[4.0, 8.0]",3.9046566700440852,4.05,1.875395231308361,1.5946697370182128,3.1900267011405377,1.035882525494427,0.0,0.0,0.0,"[(4.0, 5.849999999999993), (6.84999999999999, 7.999999999999986)]",3.099999999999989,True
13,4,30,1360,40800,81.60000000000001,12.727333333333327,0.0003,0.00036,"[4.0, 8.0]",2.5230676694436758,6.349999999999992,1.507535809124757,1.70068815152038,2.52298710458658,0.8530159119817846,0.0,0.0,0.0,"[(4.0, 7.999999999999986)]",4.049999999999986,True
13,4,30,1360,40800,81.60000000000001,12.73866666666666,0.0003,0.00036,"[4.0, 8.0]",3.3979766978562163,4.799999999999997,3.012118730468388,3.020060721031244,1.3042683474457637,0.29391211001081896,0.0,0.0,0.0,"[(4.0, 7.999999999999986)]",4.049999999999986,True
13,4,30,1360,40800,81.60000000000001,12.749999999999993,0.0003,0.00036,"[4.0, 8.0]",2.896434151344833,4.0,0.5292189838996454,0.07746640248905642,2.8963273247600587,0.7954275069600484,0.0,0.0,0.0,"[(4.0, 7.999999999999986)]",4.049999999999986,True
13,4,30,1360,40800,81.60000000000001,12.761333333333326,0.0003,0.00036,"[4.0, 8.0]",2.9548843610992455,6.3999999999999915,2.278642566066709,2.6509810259173023,2.9497520266366273,0.8398610163419108,0.0,0.0,0.0,"[(4.0, 7.999999999999986)]",4.049999999999986,True
13,4,30,1360,40800,81.60000000000001,12.772666666666659,0.0003,0.00036,"[4.0, 8.0]",2.7107615187207945,4.1499999999999995,1.2228223602054007,0.9886391476770322,2.334470927052365,0.7756933002698395,0.0,0.0,0.0,"[(4.0, 7.999999999999986)]",4.049999999999986,True
13,4,30,1360,40800,81.60000000000001,12.783999999999992,0.0003,0.00036,"[4.0, 8.0]",2.1316910739424615,6.3999999999999915,1.3589314614629582,1.6000387050847782,2.1316063383289907,0.7152184005706019,0.0,0.0,0.0,"[(4.0, 7.999999999999986)]",4.049999999999986,True
13,4,30,1360,40800,81.60000000000001,12.795333333333325,0.0003,0.00036,"[4.0, 8.0]",2.3787497656339767,4.549999999999998,1.7843354997214667,1.783559979838776,1.1254001404753746,0.3858950102064785,0.0,0.0,0.0,"[(4.0, 7.999999999999986)]",4.049999999999986,True
13,4,30,1360,40800,81.60000000000001,12.806666666666658,0.0003,0.00036,"[4.0, 8.0]",1.2410318167906325,4.0,0.5995200361945968,0.6385741023882295,1.2402351829603653,0.3827450241751123,0.0,0.0,0.0,"[(4.0, 7.999999999999986)]",4.049999999999986,True
13,4,30,1360,40800,81.60000000000001,12.81799999999999,0.0003,0.00036,"[4.0, 8.0]",2.07960370353729,4.849999999999997,1.7538067976842178,1.765744098247772,1.1766159997188679,0.2530699459684219,0.0,0.0,0.0,"[(4.0, 7.999999999999986)]",4.049999999999986,True
13,4,30,1360,40800,81.60000000000001,12.829333333333324,0.0003,0.00036,"[4.0, 8.0]",1.052176592734405,4.0,0.5752633837975477,0.6158692306654976,1.0521761089601829,0.35805644017408184,0.0,0.0,0.0,"[(4.0, 7.999999999999986)]",4.049999999999986,True
13,4,30,1360,40800,81.60000000000001,12.840666666666657,0.0003,0.00036,"[4.0, 8.0]",1.7554110321232141,4.549999999999998,1.1607286007792748,1.143674641095773,1.0846743248276163,0.3704027748178722,0.0,0.0,0.0,"[(4.0, 7.999999999999986)]",4.049999999999986,True
13,4,30,1360,40800,81.60000000000001,12.85199999999999,0.0003,0.00036,"[4.0, 8.0]",1.5592248276911211,6.449999999999991,1.0496987760851622,1.244849802620265,1.5591689623758707,0.5184321670419718,0.0,0.0,0.0,"[(4.0, 7.999999999999986)]",4.049999999999986,True
13,4,30,1360,40800,81.60000000000001,12.863333333333323,0.0003,0.00036,"[4.0, 8.0]",1.3954334549266936,4.0,0.24638941226352107,0.10794516666258747,1.3954331204569947,0.3665971001433883,0.0,0.0,0.0,"[(4.0, 7.999999999999986)]",4.049999999999986,True
13,5,31,1316,40796,81.592,12.119354838709677,0.0003,0.00036,"[4.0, 8.0]",3.382676784918515,4.0,1.0623765932290037,1.0652145725161852,3.3823673178910134,0.7815675256510672,0.0,0.0,0.0,"[(4.0, 4.499999999999998), (5.099999999999996, 7.049999999999989), (7.599999999999987, 7.999999999999986)]",2.9999999999999893,True
13,5,31,1316,40796,81.592,12.130322580645162,0.0003,0.00036,"[4.0, 8.0]",4.835503138014083,6.049999999999993,3.616453686507102,4.240424246962421,4.719922735478906,1.3765451890205027,0.0,0.0,0.0,"[(4.399999999999999, 7.749999999999987)]",3.399999999999988,True
13,5,31,1316,40796,81.592,12.141290322580646,0.0003,0.00036,"[4.0, 8.0]",4.756858853880701,4.6999999999999975,4.33780453402897,4.350150561634345,1.5153791293676262,0.3283728643639233,0.0,0.0,0.0,"[(4.0, 7.999999999999986)]",4.049999999999986,True
13,5,31,1316,40796,81.592,12.15225806451613,0.0003,0.00036,"[4.0, 8.0]",4.522371437853455,4.0,2.010652201590441,1.691035102842521,4.088274141580614,1.3721749261158829,0.0,0.0,0.0,"[(4.0, 5.099999999999996), (7.049999999999989, 7.999999999999986)]",2.1499999999999924,True
13,5,31,1316,40796,81.592,12.163225806451615,0.0003,0.00036,"[4.0, 8.0]",2.2497819170742965,4.0,0.9344816177337452,0.9502007047678118,2.2497715982536812,0.6440275755726353,0.0,0.0,0.0,"[(4.0, 7.999999999999986)]",4.049999999999986,True
13,5,31,1316,40796,81.592,12.1741935483871,0.0003,0.00036,"[4.0, 8.0]",3.891196652917634,6.0999999999999925,2.78626244800481,3.2972482563821264,3.8833470310416947,1.1869876377090878,0.0,0.0,0.0,"[(4.349999999999999, 7.849999999999986)]",3.5499999999999874,True
13,5,31,1316,40796,81.592,12.185161290322585,0.0003,0.00036,"[4.0, 8.0]",3.835702329780104,4.599999999999998,3.34439373204833,3.394197484982154,1.047929376212362,0.3707645354019514,0.0,0.0,0.0,"[(4.0, 7.999999999999986)]",4.049999999999986,True
13,5,31,1316,40796,81.592,12.196129032258069,0.0003,0.00036,"[4.0, 8.0]",3.6562449698578305,4.0,1.4551782386830623,1.0779641054827183,3.44639355335508,1.1421337477755347,0.0,0.0,0.0,"[(4.0, 5.299999999999995), (6.89999999999999, 7.999999999999986)]",2.499999999999991,True
13,5,31,1316,40796,81.592,12.207096774193554,0.0003,0.00036,"[4.0, 8.0]",1.870291666911925,6.0999999999999925,0.9492088131507288,0.9708151962219342,1.8683130309019857,0.6653072324743223,0.0,0.0,0.0,"[(4.0, 7.999999999999986)]",4.049999999999986,True
13,5,31,1316,40796,81.592,12.218064516129038,0.0003,0.00036,"[4.0, 8.0]",3.3043853077991354,6.0999999999999925,2.548461073448596,2.9888808580230073,3.203641048771405,0.9056616611181262,0.0,0.0,0.0,"[(4.1, 7.999999999999986)]",3.949999999999986,True
13,5,31,1316,40796,81.592,12.229032258064523,0.0003,0.00036,"[4.0, 8.0]",3.130030074753529,7.7999999999999865,2.434383874833161,2.4899051924088615,1.462914467104976,0.5302504189518306,0.0,0.0,0.0,"[(4.0, 7.999999999999986)]",4.049999999999986,True
13,5,31,1316,40796,81.592,12.240000000000007,0.0003,0.00036,"[4.0, 8.0]",2.8249721036668602,4.0,0.6791467606811857,0.2186901077249745,2.8249265507028354,0.8480156878025857,0.0,0.0,0.0,"[(4.0, 7.999999999999986)]",4.049999999999986,True
13,5,31,1316,40796,81.592,12.250967741935492,0.0003,0.00036,"[4.0, 8.0]",2.2738704105061096,6.0999999999999925,1.304415566711909,1.486101372261162,2.271849377283507,0.8221799448331815,0.0,0.0,0.0,"[(4.0, 7.999999999999986)]",4.049999999999986,True
13,5,31,1316,40796,81.592,12.261935483870976,0.0003,0.00036,"[4.0, 8.0]",2.721218035088419,7.099999999999989,2.4058924361240535,2.5950762150679862,2.0820413994458002,0.4648430071678847,0.0,0.0,0.0,"[(4.0, 7.999999999999986)]",4.049999999999986,True
13,5,31,1316,40796,81.592,12.272903225806461,0.0003,0.00036,"[4.0, 8.0]",2.5439309789965847,4.1,1.1331463310966803,0.9144768991944285,2.3177626262683813,0.8029035854407165,0.0,0.0,0.0,"[(4.0, 7.999999999999986)]",4.049999999999986,True
13,5,31,1316,40796,81.592,12.283870967741946,0.0003,0.00036,"[4.0, 8.0]",1.5756356643598495,4.0,0.49331384269632383,0.49399038413356083,1.5752751519855022,0.36681193744432483,0.0,0.0,0.0,"[(4.0, 7.999999999999986)]",4.049999999999986,True
13,5,31,1316,40796,81.592,12.29483870967743,0.0003,0.00036,"[4.0, 8.0]",2.3388958837393092,6.69999999999999,1.917997981734232,2.25284753621919,2.224808914468044,0.5943434143254134,0.0,0.0,0.0,"[(4.0, 7.999999999999986)]",4.049999999999986,True
13,5,31,1316,40796,81.592,12.305806451612915,0.0003,0.00036,"[4.0, 8.0]",2.1982860509825914,4.349999999999999,1.4273515250145319,1.378475372357508,1.4946204272421602,0.543809178613338,0.0,0.0,0.0,"[(4.0, 7.999999999999986)]",4.049999999999986,True
13,5,31,1316,40796,81.592,12.3167741935484,0.0003,0.00036,"[4.0, 8.0]",1.5611936757144853,4.0,0.3825515892084956,0.3560981112287571,1.5610018375457513,0.32836132540402735,0.0,0.0,0.0,"[(4.0, 7.999999999999986)]",4.049999999999986,True
13,5,31,1316,40796,81.592,12.327741935483884,0.0003,0.00036,"[4.0, 8.0]",2.0077838845662463,6.649999999999991,1.6148577040783783,1.9138864410138705,1.9676161721812715,0.5437945504955954,0.0,0.0,0.0,"[(4.0, 7.999999999999986)]",4.049999999999986,True
13,5,31,1316,40796,81.592,12.338709677419368,0.0003,0.00036,"[4.0, 8.0]",1.8792365751218818,4.349999999999999,1.1481192221568866,1.1057916783813533,1.3839884442957777,0.5025561574318508,0.0,0.0,0.0,"[(4.0, 7.999999999999986)]",4.049999999999986,True
13,5,31,1316,40796,81.592,12.349677419354853,0.0003,0.00036,"[4.0, 8.0]",1.162319728249586,4.0,0.4216547684967249,0.4246650874332437,1.1611361752977167,0.3060068304197852,0.0,0.0,0.0,"[(4.0, 7.999999999999986)]",4.049999999999986,True
13,5,31,1316,40796,81.592,12.360645161290337,0.0003,0.00036,"[4.0, 8.0]",1.7050701054683126,7.2499999999999885,1.4697260130459175,1.5670055641957097,1.4626916702681512,0.31901251085438387,0.0,0.0,0.0,"[(4.0, 7.999999999999986)]",4.049999999999986,True
13,5,31,1316,40796,81.592,12.371612903225822,0.0003,0.00036,"[4.0, 8.0]",1.5710733480504182,4.0,0.42698449997386095,0.17206977094211806,1.571064487769401,0.5062536114046786,0.0,0.0,0.0,"[(4.0, 7.999999999999986)]",4.049999999999986,True
13,5,31,1316,40796,81.592,12.382580645161307,0.0003,0.00036,"[4.0, 8.0]",1.4075260093970534,6.199999999999992,0.8551981257722129,1.011840669514832,1.4057314262197356,0.4970777719420271,0.0,0.0,0.0,"[(4.0, 7.999999999999986)]",4.049999999999986,True
13,5,31,1316,40796,81.592,12.393548387096791,0.0003,0.00036,"[4.0, 8.0]",1.4280873173694877,7.899999999999986,0.9359829806706957,0.9337440713986289,0.9651071572140151,0.3474905084808488,0.0,0.0,0.0,"[(4.0, 7.999999999999986)]",4.049999999999986,True
13,5,31,1316,40796,81.592,12.404516129032276,0.0003,0.00036,"[4.0, 8.0]",0.9370105496201758,6.199999999999992,0.4898079925289368,0.528040120534971,0.9369699854770948,0.33550131101953057,0.0,0.0,0.0,"[(4.0, 7.999999999999986)]",4.049999999999986,True
13,5,31,1316,40796,81.592,12.41548387096776,0.0003,0.00036,"[4.0, 8.0]",1.26881119457784,7.7999999999999865,0.9242508192220333,0.9141747475550506,0.6910472558242454,0.248805831511675,0.0,0.0,0.0,"[(4.0, 7.999999999999986)]",4.049999999999986,True
13,5,31,1316,40796,81.592,12.426451612903245,0.0003,0.00036,"[4.0, 8.0]",0.8256620265843551,6.199999999999992,0.4317174787593025,0.45914938406838346,0.8255236750625385,0.29538852868429905,0.0,0.0,0.0,"[(4.0, 7.999999999999986)]",4.049999999999986,True
13,5,31,1316,40796,81.592,12.43741935483873,0.0003,0.00036,"[4.0, 8.0]",1.1146093567568296,7.899999999999986,0.7239459124607918,0.7079549494626414,0.7605393409515009,0.2722825846334565,0.0,0.0,0.0,"[(4.0, 7.999999999999986)]",4.049999999999986,True
13,5,31,1316,40796,81.592,12.448387096774214,0.0003,0.00036,"[4.0, 8.0]",0.9664171434289549,6.249999999999992,0.5695468891242905,0.6495872104315116,0.9658969223862804,0.3431455149164601,0.0,0.0,0.0,"[(4.0, 7.999999999999986)]",4.049999999999986,True
14,3,31,1316,40796,81.592,12.119354838709677,0.0003,0.00036,"[4.0, 8.0]",37.36751208853982,7.999999999999986,27.72805825903675,26.08502928851829,12.967566493103224,3.7128418936654057,1.0,1.0,1.0,"[(7.649999999999987, 7.999999999999986)]",0.3999999999999986,True
14,3,31,1316,40796,81.592,12.130322580645162,0.0003,0.00036,"[4.0, 8.0]",38.059635516369276,7.999999999999986,28.640821247869283,27.036993596680215,12.704568388831394,3.6520705098705593,1.0,1.0,1.0,"[(7.649999999999987, 7.999999999999986)]",0.3999999999999986,True
14,3,31,1316,40796,81.592,12.141290322580646,0.0003,0.00036,"[4.0, 8.0]",38.74579270075772,7.999999999999986,29.562036250431245,27.99557797363132,12.418845458111143,3.5854520304573665,1.0,1.0,1.0,"[(7.649999999999987, 7.999999999999986)]",0.3999999999999986,True
14,3,31,1316,40796,81.592,12.15225806451613,0.0003,0.00036,"[4.0, 8.0]",39.361139223411826,7.999999999999986,30.434511742694234,28.861348372703898,12.100858274838185,3.514731962783496,1.0,1.0,1.0,"[(7.599999999999987, 7.999999999999986)]",0.4499999999999984,True
14,3,31,1316,40796,81.592,12.163225806451615,0.0003,0.00036,"[4.0, 8.0]",40.09092000611615,7.999999999999986,31.517936568492935,29.93749543982076,11.671218350571635,3.4206572803318003,1.0,1.0,1.0,"[(7.599999999999987, 7.999999999999986)]",0.4499999999999984,True
14,3,31,1316,40796,81.592,12.1741935483871,0.0003,0.00036,"[4.0, 8.0]",40.78941947546471,7.999999999999986,32.65586635847766,31.147218361032895,11.143249089554232,3.304020039658681,1.0,1.0,1.0,"[(7.549999999999987, 7.999999999999986)]",0.4999999999999982,True
14,3,31,1316,40796,81.592,12.185161290322585,0.0003,0.00036,"[4.0, 8.0]",41.33190165906761,7.999999999999986,33.66692059650426,32.2180894632982,10.579983407313755,3.1763765883298207,1.0,1.0,1.0,"[(7.499999999999988, 7.999999999999986)]",0.549999999999998,True
14,3,31,1316,40796,81.592,12.196129032258069,0.0003,0.00036,"[4.0, 8.0]",41.855497641280664,7.999999999999986,34.89277711280271,33.47582053915814,9.742990132135276,2.987159694400428,1.0,1.0,1.0,"[(7.399999999999988, 7.999999999999986)]",0.6499999999999977,True
14,3,31,1316,40796,81.592,12.207096774193554,0.0003,0.00036,"[4.0, 8.0]",42.17431600480633,7.999999999999986,36.11326381614261,34.791870326660124,8.659402426431733,2.73792855767713,1.0,1.0,1.0,"[(7.2499999999999885, 7.999999999999986)]",0.7999999999999972,True
14,3,31,1316,40796,81.592,12.218064516129038,0.0003,0.00036,"[4.0, 8.0]",42.21376258594843,7.999999999999986,37.13972938280529,35.93202353093156,7.458858589401245,2.456554671800902,1.0,1.0,1.0,"[(7.049999999999989, 7.999999999999986)]",0.9999999999999964,True
14,3,31,1316,40796,81.592,12.229032258064523,0.0003,0.00036,"[4.0, 8.0]",41.91381740355638,7.899999999999986,38.29738760405783,37.35386973382117,5.643631971084943,2.012049963745157,1.0,1.0,1.0,"[(6.649999999999991, 7.999999999999986)]",1.399999999999995,True
14,3,31,1316,40796,81.592,12.240000000000007,0.0003,0.00036,"[4.0, 8.0]",41.52190156173526,7.649999999999987,39.111061685298324,38.556261748360065,4.029359263350706,1.5242657229097623,1.0,1.0,1.0,"[(5.999999999999993, 7.999999999999986)]",2.0499999999999927,True
14,3,31,1316,40796,81.592,12.250967741935492,0.0003,0.00036,"[4.0, 8.0]",41.06565217183182,7.299999999999988,39.5648749269278,39.463045145001814,2.7291409491503273,1.0180599810563074,1.0,1.0,1.0,"[(4.0, 7.999999999999986)]",4.049999999999986,True
14,3,31,1316,40796,81.592,12.261935483870976,0.0003,0.00036,"[4.0, 8.0]",40.380297008706584,6.79999999999999,39.43413161344693,39.48629806845943,2.5582374120380607,0.7031809989536155,1.0,1.0,1.0,"[(4.0, 7.999999999999986)]",4.049999999999986,True
14,3,31,1316,40796,81.592,12.272903225806461,0.0003,0.00036,"[4.0, 8.0]",39.586487277980765,6.349999999999992,38.64137257105825,38.90828734358769,3.8731214837015813,0.9243841020758582,1.0,1.0,1.0,"[(4.0, 7.7999999999999865)]",3.8499999999999863,True
14,3,31,1316,40796,81.592,12.283870967741946,0.0003,0.00036,"[4.0, 8.0]",37.91099265592433,5.899999999999993,36.63306648834461,37.08760744839969,5.412545651886049,1.3600108150052237,1.0,1.0,1.0,"[(4.0, 7.499999999999988)]",3.5499999999999874,True
14,3,31,1316,40796,81.592,12.29483870967743,0.0003,0.00036,"[4.0, 8.0]",35.61828775362048,5.599999999999994,34.08912269266834,34.64870313091148,6.25203028240578,1.6186345620741966,1.0,1.0,1.0,"[(4.0, 7.299999999999988)]",3.349999999999988,True
14,3,31,1316,40796,81.592,12.305806451612915,0.0003,0.00036,"[4.0, 8.0]",31.99044840776564,5.5499999999999945,30.28270279959646,30.902477194377628,6.747396395822246,1.7734182001392627,1.0,1.0,1.0,"[(4.0, 7.199999999999989)]",3.2499999999999885,True
14,3,31,1316,40796,81.592,12.3167741935484,0.0003,0.00036,"[4.0, 8.0]",27.814054948538637,5.5499999999999945,26.06454883529835,26.709475236071864,6.847498906956535,1.8191291804119696,1.0,1.0,1.0,"[(4.0, 7.149999999999989)]",3.1999999999999886,True
14,3,31,1316,40796,81.592,12.327741935483884,0.0003,0.00036,"[4.0, 8.0]",22.485436641965325,5.5499999999999945,20.756106347806295,21.406699551522387,6.805687514646456,1.8254867429159325,1.0,0.9382716049382716,0.7530864197530864,"[(4.0, 7.149999999999989)]",3.1999999999999886,True
14,3,31,1316,40796,81.592,12.338709677419368,0.0003,0.00036,"[4.0, 8.0]",16.768347987545425,5.499999999999995,15.041806500379298,15.729830596324428,6.960227394572877,1.878612410293626,0.654320987654321,0.0,0.0,"[(4.0, 7.149999999999989)]",3.1999999999999886,True
14,3,31,1316,40796,81.592,12.349677419354853,0.0003,0.00036,"[4.0, 8.0]",8.649974553073992,5.349999999999995,6.55105248068644,7.502351153046672,8.205183114876123,2.353001570880895,0.0,0.0,0.0,"[(4.0, 6.9499999999999895)]",2.9999999999999893,True
14,3,31,1316,40796,81.592,12.360645161290337,0.0003,0.00036,"[4.0, 8.0]",9.695683052945597,7.999999999999986,2.7960460660340427,1.4815764289078674,9.183909404523552,2.7028654002130716,0.0,0.0,0.0,"[(7.499999999999988, 7.999999999999986)]",0.549999999999998,True
14,3,31,1316,40796,81.592,12.371612903225822,0.0003,0.00036,"[4.0, 8.0]",23.426096284521588,7.999999999999986,19.388767844045283,18.809278150043504,6.085497932774821,1.8468311399845014,1.0,1.0,0.345679012345679,"[(6.84999999999999, 7.999999999999986)]",1.1999999999999957,True
14,3,31,1316,40796,81.592,12.382580645161307,0.0003,0.00036,"[4.0, 8.0]",15.002711262238979,6.499999999999991,14.608291858409293,14.70585578306041,1.591801776804573,0.39942684584581745,0.037037037037037035,0.0,0.0,"[(4.0, 7.999999999999986)]",4.049999999999986,True
14,3,31,1316,40796,81.592,12.393548387096791,0.0003,0.00036,"[4.0, 8.0]",10.07529133150923,6.049999999999993,9.909464628032955,9.926952072196947,0.5600123986616161,0.139012086624873,0.0,0.0,0.0,"[(4.0, 7.999999999999986)]",4.049999999999986,True
14,3,31,1316,40796,81.592,12.404516129032276,0.0003,0.00036,"[4.0, 8.0]",8.054073503165966,6.049999999999993,7.973027218117573,7.994201776249177,0.3122406508850579,0.07535426155370956,0.0,0.0,0.0,"[(4.0, 7.999999999999986)]",4.049999999999986,True
14,3,31,1316,40796,81.592,12.41548387096776,0.0003,0.00036,"[4.0, 8.0]",5.761339070555344,6.299999999999992,5.34544601304508,5.474442406171031,1.5256906245933362,0.3970863851155715,0.0,0.0,0.0,"[(4.0, 7.999999999999986)]",4.049999999999986,True
14,3,31,1316,40796,81.592,12.426451612903245,0.0003,0.00036,"[4.0, 8.0]",0.47999324135495425,4.0,0.11301456756173366,0.10268864339027017,0.47997687235121045,0.09730018715386954,0.0,0.0,0.0,"[(4.0, 7.999999999999986)]",4.049999999999986,True
14,3,31,1316,40796,81.592,12.43741935483873,0.0003,0.00036,"[4.0, 8.0]",3.980292903576521,4.0,2.992788933675207,2.8850652724014045,1.4722761718370907,0.42264452327176405,0.0,0.0,0.0,"[(4.0, 7.999999999999986)]",4.049999999999986,True
14,3,31,1316,40796,81.592,12.448387096774214,0.0003,0.00036,"[4.0, 8.0]",4.192243562333986,6.149999999999992,4.086711906357377,4.160037513929522,0.681023100536942,0.15551586498440648,0.0,0.0,0.0,"[(4.0, 7.999999999999986)]",4.049999999999986,True
14,4,32,1275,40800,81.60000000000001,11.740625000000001,0.0003,0.00036,"[4.0, 8.0]",28.724965549318178,5.149999999999996,26.609004445961215,27.697233924491126,8.540714326292786,2.415675036417217,1.0,1.0,1.0,"[(4.0, 6.84999999999999)]",2.8999999999999897,True
14,4,32,1275,40800,81.60000000000001,11.75125,0.0003,0.00036,"[4.0, 8.0]",26.064610258725512,5.099999999999996,23.9583693528954,25.061579921006228,8.411718931235114,2.3913458093995352,1.0,1.0,0.8888888888888888,"[(4.0, 6.84999999999999)]",2.8999999999999897,True
14,4,32,1275,40800,81.60000000000001,11.761875,0.0003,0.00036,"[4.0, 8.0]",23.498825231756047,5.049999999999996,21.411733072490033,22.557751243596403,8.261920303878792,2.3604279942285418,1.0,0.9135802469135802,0.7530864197530864,"[(4.0, 6.84999999999999)]",2.8999999999999897,True
14,4,32,1275,40800,81.60000000000001,11.772499999999999,0.0003,0.00036,"[4.0, 8.0]",20.804481655967273,4.9999999999999964,18.741941852220187,19.916743933325904,8.123497428840743,2.3329866552684875,0.8888888888888888,0.7777777777777778,0.48148148148148145,"[(4.0, 6.84999999999999)]",2.8999999999999897,True
14,4,32,1275,40800,81.60000000000001,11.783124999999998,0.0003,0.00036,"[4.0, 8.0]",17.38504109857479,4.949999999999997,15.32283905786444,16.525325587203632,8.073501593179657,2.330940877313252,0.6666666666666666,0.3333333333333333,0.0,"[(4.0, 6.84999999999999)]",2.8999999999999897,True
14,4,32,1275,40800,81.60000000000001,11.793749999999998,0.0003,0.00036,"[4.0, 8.0]",13.9507366412223,4.899999999999997,11.828621224773435,12.999943490601371,8.271915257469495,2.3992844316732187,0.0,0.0,0.0,"[(4.0, 6.79999999999999)]",2.84999999999999,True
14,4,32,1275,40800,81.60000000000001,11.804374999999997,0.0003,0.00036,"[4.0, 8.0]",10.34755766494725,4.749999999999997,8.028259499018402,9.209094387509216,8.667192916624904,2.574903395743714,0.0,0.0,0.0,"[(4.0, 6.69999999999999)]",2.7499999999999902,True
14,4,32,1275,40800,81.60000000000001,11.814999999999996,0.0003,0.00036,"[4.0, 8.0]",4.882374099779028,4.599999999999998,2.795428889022388,3.236605769402174,4.8815329391678945,1.8239366017034198,0.0,0.0,0.0,"[(4.0, 6.499999999999991)]",2.549999999999991,True
14,4,32,1275,40800,81.60000000000001,11.825624999999995,0.0003,0.00036,"[4.0, 8.0]",8.204797475777923,7.999999999999986,2.2724620196753977,1.0902133544561816,8.200166168700516,2.5531319583023593,0.0,0.0,0.0,"[(7.299999999999988, 7.999999999999986)]",0.7499999999999973,True
14,4,32,1275,40800,81.60000000000001,11.836249999999994,0.0003,0.00036,"[4.0, 8.0]",14.995862354589365,7.999999999999986,10.120647006914862,9.745275439568164,8.307054440883544,2.494107500146183,0.0,0.0,0.0,"[(6.9499999999999895, 7.999999999999986)]",1.099999999999996,True
14,4,32,1275,40800,81.60000000000001,11.846874999999994,0.0003,0.00036,"[4.0, 8.0]",22.819185411210228,7.999999999999986,19.141295208319,19.00528878727049,6.877763841976165,2.0102766275217183,1.0,0.8024691358024691,0.35802469135802467,"[(6.499999999999991, 7.999999999999986)]",1.5499999999999945,True
14,4,32,1275,40800,81.60000000000001,11.857499999999993,0.0003,0.00036,"[4.0, 8.0]",25.06603933959674,7.999999999999986,21.084782729736222,20.581073891439075,6.064873046794148,1.8292101405287435,1.0,1.0,0.6049382716049383,"[(6.79999999999999, 7.999999999999986)]",1.2499999999999956,True
14,4,32,1275,40800,81.60000000000001,11.868124999999992,0.0003,0.00036,"[4.0, 8.0]",14.676244868664556,6.84999999999999,14.548135433423186,14.621026302491536,0.9521104874419084,0.18462384771827547,0.0,0.0,0.0,"[(4.0, 7.999999999999986)]",4.049999999999986,True
14,4,32,1275,40800,81.60000000000001,11.878749999999991,0.0003,0.00036,"[4.0, 8.0]",7.683700785143519,6.0999999999999925,6.0081183224858865,6.591757166590031,6.414866557408841,1.7344811925217116,0.0,0.0,0.0,"[(4.349999999999999, 7.449999999999988)]",3.149999999999989,True
14,4,32,1275,40800,81.60000000000001,11.88937499999999,0.0003,0.00036,"[4.0, 8.0]",9.456427667288853,7.999999999999986,8.179179874704241,8.095949708541713,2.0315343568426742,0.6496086364671457,0.0,0.0,0.0,"[(4.0, 7.999999999999986)]",4.049999999999986,True
14,4,32,1275,40800,81.60000000000001,11.89999999999999,0.0003,0.00036,"[4.0, 8.0]",6.627385170523892,5.949999999999993,5.537195929219932,5.9307359191753815,4.029253289546501,1.1132941089033863,0.0,0.0,0.0,"[(4.1, 7.749999999999987)]",3.699999999999987,True
14,4,32,1275,40800,81.60000000000001,11.910624999999989,0.0003,0.00036,"[4.0, 8.0]",7.352830276807143,7.999999999999986,6.653320588784027,6.596213402934984,1.2177020295121306,0.4186579902717713,0.0,0.0,0.0,"[(4.0, 7.999999999999986)]",4.049999999999986,True
14,4,32,1275,40800,81.60000000000001,11.921249999999988,0.0003,0.00036,"[4.0, 8.0]",2.99153334019488,5.949999999999993,1.7957440937288478,2.0517783422086238,2.98906540765531,1.0325933373309244,0.0,0.0,0.0,"[(4.0, 7.999999999999986)]",4.049999999999986,True
14,4,32,1275,40800,81.60000000000001,11.931874999999987,0.0003,0.00036,"[4.0, 8.0]",6.0247909363463705,6.89999999999999,5.912534898107278,5.987117184985026,0.7162084610472483,0.16675493557573545,0.0,0.0,0.0,"[(4.0, 7.999999999999986)]",4.049999999999986,True
14,4,32,1275,40800,81.60000000000001,11.942499999999987,0.0003,0.00036,"[4.0, 8.0]",2.185385257331712,7.999999999999986,0.4312528978345911,0.07053349183925772,2.185378702486526,0.6004157107895018,0.0,0.0,0.0,"[(4.0, 7.999999999999986)]",4.049999999999986,True
14,4,32,1275,40800,81.60000000000001,11.953124999999986,0.0003,0.00036,"[4.0, 8.0]",4.657106777164653,5.949999999999993,3.9797578094105113,4.244455635039413,2.494031085938851,0.7032343900762049,0.0,0.0,0.0,"[(4.0, 7.999999999999986)]",4.049999999999986,True
14,4,32,1275,40800,81.60000000000001,11.963749999999985,0.0003,0.00036,"[4.0, 8.0]",3.9179868013926127,7.999999999999986,2.3813122373602233,2.201984959320347,2.444918015329341,0.7751292629504648,0.0,0.0,0.0,"[(4.0, 7.999999999999986)]",4.049999999999986,True
14,4,32,1275,40800,81.60000000000001,11.974374999999984,0.0003,0.00036,"[4.0, 8.0]",2.3915042139860727,5.999999999999993,1.477353012738554,1.6812129288565432,2.3708317193766946,0.788883960437327,0.0,0.0,0.0,"[(4.0, 7.999999999999986)]",4.049999999999986,True
14,4,32,1275,40800,81.60000000000001,11.984999999999983,0.0003,0.00036,"[4.0, 8.0]",3.7556116892555385,7.649999999999987,3.486479702064184,3.508427143343316,0.5827570655091305,0.21220580057468247,0.0,0.0,0.0,"[(4.0, 7.999999999999986)]",4.049999999999986,True
14,4,32,1275,40800,81.60000000000001,11.995624999999983,0.0003,0.00036,"[4.0, 8.0]",0.8715879888433882,6.049999999999993,0.4091700082295995,0.3777085280725403,0.8707827863029713,0.3097142265649685,0.0,0.0,0.0,"[(4.0, 7.999999999999986)]",4.049999999999986,True
14,4,32,1275,40800,81.60000000000001,12.006249999999982,0.0003,0.00036,"[4.0, 8.0]",3.2310398939677167,6.79999999999999,3.0794726409229614,3.200311967052152,0.8542124226446153,0.22604015393931295,0.0,0.0,0.0,"[(4.0, 7.999999999999986)]",4.049999999999986,True
14,4,32,1275,40800,81.60000000000001,12.016874999999981,0.0003,0.00036,"[4.0, 8.0]",1.4707323725369414,4.0,0.3157071257124719,0.07133776888111185,1.4706956358171241,0.4273070139689512,0.0,0.0,0.0,"[(4.0, 7.999999999999986)]",4.049999999999986,True
14,4,32,1275,40800,81.60000000000001,12.02749999999998,0.0003,0.00036,"[4.0, 8.0]",2.7224033293778183,6.599999999999991,2.5252291270170772,2.6819650171047127,1.0407435538013379,0.282620559486074,0.0,0.0,0.0,"[(4.0, 7.999999999999986)]",4.049999999999986,True
14,4,32,1275,40800,81.60000000000001,12.03812499999998,0.0003,0.00036,"[4.0, 8.0]",0.8857903396229833,4.0,0.18406522739139397,0.1318766683778875,0.885720890891839,0.2068917117718627,0.0,0.0,0.0,"[(4.0, 7.999999999999986)]",4.049999999999986,True
14,4,32,1275,40800,81.60000000000001,12.048749999999979,0.0003,0.00036,"[4.0, 8.0]",2.241407711132805,4.749999999999997,2.125364556619426,2.1345778481376856,0.48302493847495076,0.10298269755849317,0.0,0.0,0.0,"[(4.0, 7.999999999999986)]",4.049999999999986,True
14,4,32,1275,40800,81.60000000000001,12.059374999999978,0.0003,0.00036,"[4.0, 8.0]",0.8178979940352228,6.049999999999993,0.39986132893130466,0.38722827383787817,0.8174826096268936,0.3018966288454274,0.0,0.0,0.0,"[(4.0, 7.999999999999986)]",4.049999999999986,True
14,5,33,1236,40788,81.57600000000001,11.384848484848485,0.0003,0.00036,"[4.0, 8.0]",9.46568060534693,5.699999999999994,7.077189359827024,8.280551691881366,9.429206890252699,2.758061981345716,0.0,0.0,0.0,"[(4.299999999999999, 7.049999999999989)]",2.79999999999999,True
14,5,33,1236,40788,81.57600000000001,11.395151515151515,0.0003,0.00036,"[4.0, 8.0]",9.599360289791136,7.549999999999987,8.199473495843359,8.191430430864425,2.712186776599456,0.9437810900020885,0.0,0.0,0.0,"[(4.0, 7.999999999999986)]",4.049999999999986,True
14,5,33,1236,40788,81.57600000000001,11.405454545454544,0.0003,0.00036,"[4.0, 8.0]",7.6034978177981305,7.999999999999986,1.5540572406359594,0.9945345782529625,7.60275470722284,1.8582300499947086,0.0,0.0,0.0,"[(7.649999999999987, 7.999999999999986)]",0.3999999999999986,True
14,5,33,1236,40788,81.57600000000001,11.415757575757574,0.0003,0.00036,"[4.0, 8.0]",7.17601652500413,5.699999999999994,5.520170404726846,6.411300402761149,7.175892297669747,2.013811603094936,0.0,0.0,0.0,"[(4.1, 7.299999999999988)]",3.2499999999999885,True
14,5,33,1236,40788,81.57600000000001,11.426060606060604,0.0003,0.00036,"[4.0, 8.0]",7.151886973696616,7.449999999999988,6.335031277163555,6.32990864666516,1.636530852076092,0.5719764484159721,0.0,0.0,0.0,"[(4.0, 7.999999999999986)]",4.049999999999986,True
14,5,33,1236,40788,81.57600000000001,11.436363636363634,0.0003,0.00036,"[4.0, 8.0]",6.032793490335422,7.999999999999986,1.2868452249955185,0.3526595356907377,6.032777582022217,1.7108424843067411,0.0,0.0,0.0,"[(4.0, 4.0), (7.399999999999988, 7.999999999999986)]",0.6999999999999975,True
14,5,33,1236,40788,81.57600000000001,11.446666666666664,0.0003,0.00036,"[4.0, 8.0]",4.554710924349475,5.699999999999994,2.906550624760704,3.3857021576875357,4.554708474361507,1.5150527147986563,0.0,0.0,0.0,"[(4.199999999999999, 7.199999999999989)]",3.049999999999989,True
14,5,33,1236,40788,81.57600000000001,11.456969696969693,0.0003,0.00036,"[4.0, 8.0]",5.67748662568604,6.84999999999999,5.351484454728895,5.522981984649463,2.8130531164127928,0.5548086392659897,0.0,0.0,0.0,"[(4.0, 7.999999999999986)]",4.049999999999986,True
14,5,33,1236,40788,81.57600000000001,11.467272727272723,0.0003,0.00036,"[4.0, 8.0]",5.286924368362792,7.999999999999986,2.7746885218260906,2.485918436229957,4.0458986233003245,1.312132308700536,0.0,0.0,0.0,"[(4.0, 4.749999999999997), (6.69999999999999, 7.999999999999986)]",2.1499999999999924,True
14,5,33,1236,40788,81.57600000000001,11.477575757575753,0.0003,0.00036,"[4.0, 8.0]",3.2478927088780236,7.999999999999986,0.8073123154095345,0.7140772323369806,3.247736468046379,0.6896338458617391,0.0,0.0,0.0,"[(4.0, 4.1), (4.6999999999999975, 6.79999999999999), (7.349999999999988, 7.999999999999986)]",2.9999999999999893,True
14,5,33,1236,40788,81.57600000000001,11.487878787878783,0.0003,0.00036,"[4.0, 8.0]",4.577026230269212,5.749999999999994,3.7019025781383554,4.204015572718698,4.345573256043722,1.1101034854897582,0.0,0.0,0.0,"[(4.0, 7.699999999999987)]",3.7499999999999867,True
14,5,33,1236,40788,81.57600000000001,11.498181818181813,0.0003,0.00036,"[4.0, 8.0]",4.348043984518938,7.449999999999988,3.7297383362653127,3.7227437914610633,1.2572331492303084,0.4442059662796457,0.0,0.0,0.0,"[(4.0, 7.999999999999986)]",4.049999999999986,True
14,5,33,1236,40788,81.57600000000001,11.508484848484843,0.0003,0.00036,"[4.0, 8.0]",3.8639805815554733,7.999999999999986,0.9839120146662763,0.4598441864848639,3.852903460007316,1.1180518799513985,0.0,0.0,0.0,"[(4.0, 4.499999999999998), (6.999999999999989, 7.999999999999986)]",1.5999999999999943,True
14,5,33,1236,40788,81.57600000000001,11.518787878787872,0.0003,0.00036,"[4.0, 8.0]",2.9305642944663686,5.749999999999994,1.8051948223119305,2.109803113435842,2.9288880005656384,1.0004516222930195,0.0,0.0,0.0,"[(4.0, 7.999999999999986)]",4.049999999999986,True
14,5,33,1236,40788,81.57600000000001,11.529090909090902,0.0003,0.00036,"[4.0, 8.0]",3.6631949616332027,6.649999999999991,3.3463368534979243,3.586188232858358,2.5157625954310703,0.5479682585228904,0.0,0.0,0.0,"[(4.0, 7.999999999999986)]",4.049999999999986,True
14,5,33,1236,40788,81.57600000000001,11.539393939393932,0.0003,0.00036,"[4.0, 8.0]",3.3615251746238606,7.949999999999986,1.6230516377342192,1.392528171182811,2.788208491884189,0.9197458544296234,0.0,0.0,0.0,"[(4.0, 7.999999999999986)]",4.049999999999986,True
14,5,33,1236,40788,81.57600000000001,11.549696969696962,0.0003,0.00036,"[4.0, 8.0]",1.8308716391795143,7.999999999999986,0.5752380243658912,0.556394494956949,1.829495199045376,0.43367631242277,0.0,0.0,0.0,"[(4.0, 7.999999999999986)]",4.049999999999986,True
14,5,33,1236,40788,81.57600000000001,11.559999999999992,0.0003,0.00036,"[4.0, 8.0]",3.0713197348958756,5.799999999999994,2.5365253181697818,2.883024658129265,2.82981872134622,0.7216355282379209,0.0,0.0,0.0,"[(4.0, 7.999999999999986)]",4.049999999999986,True
14,5,33,1236,40788,81.57600000000001,11.570303030303021,0.0003,0.00036,"[4.0, 8.0]",2.834920591196287,7.649999999999987,2.0254551965427177,1.9886643133227968,1.5476300541164585,0.5527680096537523,0.0,0.0,0.0,"[(4.0, 7.999999999999986)]",4.049999999999986,True
14,5,33,1236,40788,81.57600000000001,11.580606060606051,0.0003,0.00036,"[4.0, 8.0]",1.8904809761686874,7.999999999999986,0.37715269025712533,0.3090143078648202,1.890378059692162,0.3912394240525743,0.0,0.0,0.0,"[(4.0, 7.999999999999986)]",4.049999999999986,True
14,5,33,1236,40788,81.57600000000001,11.590909090909081,0.0003,0.00036,"[4.0, 8.0]",2.5277949604617858,5.799999999999994,1.8854033958079734,2.2096956991189804,2.5169653374117402,0.7234751364617839,0.0,0.0,0.0,"[(4.0, 7.999999999999986)]",4.049999999999986,True
14,5,33,1236,40788,81.57600000000001,11.60121212121211,0.0003,0.00036,"[4.0, 8.0]",2.358188010530236,7.649999999999987,1.6133123507815896,1.5543736681214755,1.4144008229120293,0.5069628079740238,0.0,0.0,0.0,"[(4.0, 7.999999999999986)]",4.049999999999986,True
14,5,33,1236,40788,81.57600000000001,11.61151515151514,0.0003,0.00036,"[4.0, 8.0]",1.6071275205619495,7.999999999999986,0.3206274829075994,0.2569808864458481,1.606878169542482,0.3329371356971118,0.0,0.0,0.0,"[(4.0, 7.999999999999986)]",4.049999999999986,True
14,5,33,1236,40788,81.57600000000001,11.62181818181817,0.0003,0.00036,"[4.0, 8.0]",2.1461967710781438,6.3999999999999915,1.8256873068945816,2.0892521283694725,1.9116957756049429,0.47978213796312946,0.0,0.0,0.0,"[(4.0, 7.999999999999986)]",4.049999999999986,True
14,5,33,1236,40788,81.57600000000001,11.6321212121212,0.0003,0.00036,"[4.0, 8.0]",1.9538924196600584,7.849999999999986,0.9705867084057107,0.8316795288412184,1.6433992652081346,0.5682570553475667,0.0,0.0,0.0,"[(4.0, 7.999999999999986)]",4.049999999999986,True
14,5,33,1236,40788,81.57600000000001,11.64242424242423,0.0003,0.00036,"[4.0, 8.0]",1.2322000978399457,5.799999999999994,0.6530030236617943,0.6792825251347584,1.2314107475225997,0.44380392695535176,0.0,0.0,0.0,"[(4.0, 7.999999999999986)]",4.049999999999986,True
14,5,33,1236,40788,81.57600000000001,11.65272727272726,0.0003,0.00036,"[4.0, 8.0]",1.74239400510385,7.399999999999988,1.4334615216639577,1.452933115965111,0.6603765255592213,0.22982469865999272,0.0,0.0,0.0,"[(4.0, 7.999999999999986)]",4.049999999999986,True
14,5,33,1236,40788,81.57600000000001,11.66303030303029,0.0003,0.00036,"[4.0, 8.0]",1.0850903907557177,7.999999999999986,0.26346361721692896,0.2499663851884172,1.0850090602809122,0.2249629615606346,0.0,0.0,0.0,"[(4.0, 7.999999999999986)]",4.049999999999986,True
14,5,33,1236,40788,81.57600000000001,11.67333333333332,0.0003,0.00036,"[4.0, 8.0]",1.5552188919843248,4.799999999999997,1.371342220164812,1.4626183028800668,1.2051432194541891,0.2626091537702327,0.0,0.0,0.0,"[(4.0, 7.999999999999986)]",4.049999999999986,True
14,5,33,1236,40788,81.57600000000001,11.68363636363635,0.0003,0.00036,"[4.0, 8.0]",1.2575495262599425,7.999999999999986,0.23505158674340845,0.07343661727496995,1.2575322833110338,0.3254125860408197,0.0,0.0,0.0,"[(4.0, 7.999999999999986)]",4.049999999999986,True
14,5,33,1236,40788,81.57600000000001,11.69393939393938,0.0003,0.00036,"[4.0, 8.0]",1.3630726291460062,6.74999999999999,1.177142921243576,1.3054476480167536,1.162647525741492,0.2764572404074272,0.0,0.0,0.0,"[(4.0, 7.999999999999986)]",4.049999999999986,True
15,3,33,1236,40788,81.57600000000001,11.384848484848485,0.0003,0.00036,"[4.0, 8.0]",43.981240641436315,7.999999999999986,31.971279551843065,29.3372630965848,16.8940613359344,5.294784943930816,1.0,1.0,1.0,"[(7.649999999999987, 7.999999999999986)]",0.3999999999999986,True
15,3,33,1236,40788,81.57600000000001,11.395151515151515,0.0003,0.00036,"[4.0, 8.0]",44.04669501771749,7.999999999999986,32.43440897108655,29.86563005108591,16.41562063462376,5.184195804271768,1.0,1.0,1.0,"[(7.599999999999987, 7.999999999999986)]",0.4499999999999984,True
15,3,33,1236,40788,81.57600000000001,11.405454545454544,0.0003,0.00036,"[4.0, 8.0]",44.09982403393033,7.999999999999986,32.94353860458683,30.446733429052074,15.866039908315972,5.058842245911403,1.0,1.0,1.0,"[(7.549999999999987, 7.999999999999986)]",0.4999999999999982,True
15,3,33,1236,40788,81.57600000000001,11.415757575757574,0.0003,0.00036,"[4.0, 8.0]",44.12782892394148,7.999999999999986,33.44520908089312,31.027076159663572,15.300890590076634,4.928097533171246,1.0,1.0,1.0,"[(7.549999999999987, 7.999999999999986)]",0.4999999999999982,True
15,3,33,1236,40788,81.57600000000001,11.426060606060604,0.0003,0.00036,"[4.0, 8.0]",44.123715456581316,7.999999999999986,33.937669763427074,31.60239762310431,14.700717691712455,4.790942107795103,1.0,1.0,1.0,"[(7.499999999999988, 7.999999999999986)]",0.549999999999998,True
15,3,33,1236,40788,81.57600000000001,11.436363636363634,0.0003,0.00036,"[4.0, 8.0]",44.08600375837867,7.999999999999986,34.51017788902237,32.2734087948616,13.974340940540234,4.624546876684147,1.0,1.0,1.0,"[(7.449999999999988, 7.999999999999986)]",0.5999999999999979,True
15,3,33,1236,40788,81.57600000000001,11.446666666666664,0.0003,0.00036,"[4.0, 8.0]",43.98582770244956,7.999999999999986,35.17797069262813,33.06225194454712,13.058464342315474,4.41591556616838,1.0,1.0,1.0,"[(7.349999999999988, 7.999999999999986)]",0.6999999999999975,True
15,3,33,1236,40788,81.57600000000001,11.456969696969693,0.0003,0.00036,"[4.0, 8.0]",43.841052835064275,7.949999999999986,35.84114775768916,33.8745643776731,12.084471294264802,4.184375580806504,1.0,1.0,1.0,"[(7.2499999999999885, 7.999999999999986)]",0.7999999999999972,True
15,3,33,1236,40788,81.57600000000001,11.467272727272723,0.0003,0.00036,"[4.0, 8.0]",43.69401173428335,7.899999999999986,36.45824506135332,34.636152734571276,11.14088062322007,3.941696979628276,1.0,1.0,1.0,"[(7.149999999999989, 7.999999999999986)]",0.8999999999999968,True
15,3,33,1236,40788,81.57600000000001,11.477575757575753,0.0003,0.00036,"[4.0, 8.0]",43.5316435347262,7.7999999999999865,37.12922868504545,35.492012448822756,10.083169890974482,3.6448183552092863,1.0,1.0,1.0,"[(7.049999999999989, 7.999999999999986)]",0.9999999999999964,True
15,3,33,1236,40788,81.57600000000001,11.487878787878783,0.0003,0.00036,"[4.0, 8.0]",43.3257720173534,7.699999999999987,37.89965244943552,36.52757603870098,8.801583498923897,3.249535104969628,1.0,1.0,1.0,"[(6.84999999999999, 7.999999999999986)]",1.1999999999999957,True
15,3,33,1236,40788,81.57600000000001,11.498181818181813,0.0003,0.00036,"[4.0, 8.0]",43.11338796406063,7.599999999999987,38.58482873492322,37.49429677812992,7.562752900229675,2.8270710140394875,1.0,1.0,1.0,"[(6.649999999999991, 7.999999999999986)]",1.399999999999995,True
15,3,33,1236,40788,81.57600000000001,11.508484848484843,0.0003,0.00036,"[4.0, 8.0]",42.90117597627257,7.449999999999988,39.1558280256254,38.36896271334619,6.405664692056277,2.4006483509525776,1.0,1.0,1.0,"[(6.449999999999991, 7.999999999999986)]",1.5999999999999943,True
15,3,33,1236,40788,81.57600000000001,11.518787878787872,0.0003,0.00036,"[4.0, 8.0]",42.62652638927789,7.299999999999988,39.72737304199341,39.34222288271825,5.050500590771172,1.8701618597799905,1.0,1.0,1.0,"[(6.0999999999999925, 7.999999999999986)]",1.949999999999993,True
15,3,33,1236,40788,81.57600000000001,11.529090909090902,0.0003,0.00036,"[4.0, 8.0]",42.29286675627524,7.099999999999989,40.14881588504493,39.82326041924049,3.680836044693237,1.3505238842720086,1.0,1.0,1.0,"[(5.5499999999999945, 7.899999999999986)]",2.3999999999999915,True
15,3,33,1236,40788,81.57600000000001,11.539393939393932,0.0003,0.00036,"[4.0, 8.0]",41.953542861749725,6.89999999999999,40.28390079781477,40.13626628658754,4.7178472334080865,1.1171418472217585,1.0,1.0,1.0,"[(4.0, 7.749999999999987)]",3.7999999999999865,True
15,3,33,1236,40788,81.57600000000001,11.549696969696962,0.0003,0.00036,"[4.0, 8.0]",41.502303673634316,6.549999999999991,40.08865388779224,40.26229840096739,6.107686743793458,1.3101503459473347,1.0,1.0,1.0,"[(4.0, 7.599999999999987)]",3.649999999999987,True
15,3,33,1236,40788,81.57600000000001,11.559999999999992,0.0003,0.00036,"[4.0, 8.0]",40.80768382360563,6.0999999999999925,39.283713565638145,39.964678351246505,7.822433997788323,1.870472126295084,1.0,1.0,1.0,"[(4.0, 7.349999999999988)]",3.399999999999988,True
15,3,33,1236,40788,81.57600000000001,11.570303030303021,0.0003,0.00036,"[4.0, 8.0]",39.94945930277342,5.749999999999994,38.1041308795649,39.07061925791882,9.115335373790302,2.3219274842995863,1.0,1.0,1.0,"[(4.0, 7.149999999999989)]",3.1999999999999886,True
15,3,33,1236,40788,81.57600000000001,11.580606060606051,0.0003,0.00036,"[4.0, 8.0]",38.30054569762729,5.5499999999999945,35.99110319884321,37.14095565000119,10.383401148095071,2.7487786473669704,1.0,1.0,1.0,"[(4.0, 6.9499999999999895)]",2.9999999999999893,True
15,3,33,1236,40788,81.57600000000001,11.590909090909081,0.0003,0.00036,"[4.0, 8.0]",35.705168230296145,5.449999999999995,33.08816132469329,34.32321282200422,11.125931938207806,3.0101788783648686,1.0,1.0,1.0,"[(4.0, 6.79999999999999)]",2.84999999999999,True
15,3,33,1236,40788,81.57600000000001,11.60121212121211,0.0003,0.00036,"[4.0, 8.0]",32.618520028263966,5.399999999999995,29.862751537909116,31.15783800906151,11.39123258717115,3.1176844336793845,1.0,1.0,1.0,"[(4.0, 6.74999999999999)]",2.79999999999999,True
15,3,33,1236,40788,81.57600000000001,11.61151515151514,0.0003,0.00036,"[4.0, 8.0]",27.997042325976093,5.349999999999995,25.18569167288686,26.43219168657904,11.430031034860598,3.1500362910064097,1.0,0.9876543209876543,0.8888888888888888,"[(4.0, 6.69999999999999)]",2.7499999999999902,True
15,3,33,1236,40788,81.57600000000001,11.62181818181817,0.0003,0.00036,"[4.0, 8.0]",23.699543355534225,5.299999999999995,20.896083556943246,22.184171247770166,11.364508831198014,3.1375762079790546,0.9135802469135802,0.8518518518518519,0.7160493827160493,"[(4.0, 6.69999999999999)]",2.7499999999999902,True
15,3,33,1236,40788,81.57600000000001,11.6321212121212,0.0003,0.00036,"[4.0, 8.0]",16.928603578483816,5.299999999999995,14.075146449391482,15.434993817876428,11.843814968169346,3.2438025415016645,0.5679012345679012,0.0,0.0,"[(4.0, 6.69999999999999)]",2.7499999999999902,True
15,3,33,1236,40788,81.57600000000001,11.64242424242423,0.0003,0.00036,"[4.0, 8.0]",10.69980244394501,5.299999999999995,7.626735277127349,9.086695947037223,10.698625057501129,3.414945844547446,0.0,0.0,0.0,"[(4.0, 6.599999999999991)]",2.6499999999999906,True
15,3,33,1236,40788,81.57600000000001,11.65272727272726,0.0003,0.00036,"[4.0, 8.0]",13.671303034825693,7.999999999999986,3.2927188892188743,1.272067840173354,13.59107240519048,3.998575383564434,0.0,0.0,0.0,"[(7.699999999999987, 7.999999999999986)]",0.34999999999999876,True
15,3,33,1236,40788,81.57600000000001,11.66303030303029,0.0003,0.00036,"[4.0, 8.0]",25.551461362692006,7.999999999999986,18.616851481117322,17.304411574748386,9.534890357025006,2.849777480599361,1.0,0.5679012345679012,0.2716049382716049,"[(7.449999999999988, 7.999999999999986)]",0.5999999999999979,True
15,3,33,1236,40788,81.57600000000001,11.67333333333332,0.0003,0.00036,"[4.0, 8.0]",14.509504457541293,4.299999999999999,13.469679576201587,13.609868399118008,2.5190562648087518,0.853838418388023,0.0,0.0,0.0,"[(4.0, 7.999999999999986)]",4.049999999999986,True
15,3,33,1236,40788,81.57600000000001,11.68363636363635,0.0003,0.00036,"[4.0, 8.0]",8.793783789893832,5.899999999999993,7.727776888811583,8.069455070357371,3.732822471231688,1.003726921019166,0.0,0.0,0.0,"[(4.0, 7.749999999999987)]",3.7999999999999865,True
15,3,33,1236,40788,81.57600000000001,11.69393939393938,0.0003,0.00036,"[4.0, 8.0]",6.015200968456024,5.949999999999993,5.553964353306494,5.683841968149538,1.422982784662306,0.3970368694096837,0.0,0.0,0.0,"[(4.0, 7.999999999999986)]",4.049999999999986,True
15,4,34,1200,40800,81.60000000000001,11.05,0.0003,0.00036,"[4.0, 8.0]",37.84026202150129,5.199999999999996,34.59607954848105,36.51707568380297,13.905172323313579,3.9199592503029437,1.0,1.0,1.0,"[(4.0, 6.549999999999991)]",2.5999999999999908,True
15,4,34,1200,40800,81.60000000000001,11.06,0.0003,0.00036,"[4.0, 8.0]",36.746377577910955,5.099999999999996,33.412470507033795,35.40566000336031,13.996252646632993,3.9688443636833886,1.0,1.0,1.0,"[(4.0, 6.549999999999991)]",2.5999999999999908,True
15,4,34,1200,40800,81.60000000000001,11.07,0.0003,0.00036,"[4.0, 8.0]",35.36373131133624,5.149999999999996,31.958007190955556,33.93382660824611,14.032825708862546,4.00024129344042,1.0,1.0,1.0,"[(4.0, 6.499999999999991)]",2.549999999999991,True
15,4,34,1200,40800,81.60000000000001,11.08,0.0003,0.00036,"[4.0, 8.0]",33.62993230544011,5.099999999999996,30.17982822651064,32.17067658454163,13.995928605921598,4.007939250316073,1.0,1.0,0.9876543209876543,"[(4.0, 6.449999999999991)]",2.499999999999991,True
15,4,34,1200,40800,81.60000000000001,11.09,0.0003,0.00036,"[4.0, 8.0]",31.808052629806905,5.049999999999996,28.34598856702317,30.37004002930072,13.886297333316087,3.9900319127731203,1.0,1.0,0.9382716049382716,"[(4.0, 6.449999999999991)]",2.499999999999991,True
15,4,34,1200,40800,81.60000000000001,11.1,0.0003,0.00036,"[4.0, 8.0]",30.029212629128253,5.049999999999996,26.578028841633124,28.55546947256904,13.730426336098326,3.9545471908946603,1.0,0.9753086419753086,0.8888888888888888,"[(4.0, 6.449999999999991)]",2.499999999999991,True
15,4,34,1200,40800,81.60000000000001,11.11,0.0003,0.00036,"[4.0, 8.0]",28.002839242599006,4.9999999999999964,24.580003670850537,26.51535778237101,13.52706117057009,3.9064417000619054,0.9753086419753086,0.9259259259259259,0.8271604938271605,"[(4.0, 6.449999999999991)]",2.499999999999991,True
15,4,34,1200,40800,81.60000000000001,11.12,0.0003,0.00036,"[4.0, 8.0]",25.42293179374837,4.9999999999999964,22.04200528888842,24.009422097842005,13.29809394160542,3.847728949217567,0.9135802469135802,0.8518518518518519,0.7407407407407407,"[(4.0, 6.449999999999991)]",2.499999999999991,True
15,4,34,1200,40800,81.60000000000001,11.129999999999999,0.0003,0.00036,"[4.0, 8.0]",22.69435653285958,4.9999999999999964,19.35815647763266,21.311702604593247,13.08107385392087,3.789853185551169,0.8271604938271605,0.7530864197530864,0.5925925925925926,"[(4.0, 6.449999999999991)]",2.499999999999991,True
15,4,34,1200,40800,81.60000000000001,11.139999999999999,0.0003,0.00036,"[4.0, 8.0]",20.171100468226804,4.949999999999997,16.871330466722924,18.78264608977904,12.939635787935204,3.748432226793249,0.7283950617283951,0.6296296296296297,0.1728395061728395,"[(4.0, 6.449999999999991)]",2.499999999999991,True
15,4,34,1200,40800,81.60000000000001,11.149999999999999,0.0003,0.00036,"[4.0, 8.0]",17.2556250264497,4.949999999999997,13.966250130949172,15.848834895076905,12.91755121615087,3.7435889991955205,0.5679012345679012,0.2345679012345679,0.0,"[(4.0, 6.449999999999991)]",2.499999999999991,True
15,4,34,1200,40800,81.60000000000001,11.159999999999998,0.0003,0.00036,"[4.0, 8.0]",13.414634045094013,4.899999999999997,10.065063942362245,11.953014963641845,12.699377041026306,3.799639217899828,0.0,0.0,0.0,"[(4.0, 6.449999999999991)]",2.499999999999991,True
15,4,34,1200,40800,81.60000000000001,11.169999999999998,0.0003,0.00036,"[4.0, 8.0]",9.5371475025469,4.899999999999997,6.303283287856555,7.943382436845829,9.534519454536127,3.3962660524143864,0.0,0.0,0.0,"[(4.0, 6.3999999999999915)]",2.4499999999999913,True
15,4,34,1200,40800,81.60000000000001,11.179999999999998,0.0003,0.00036,"[4.0, 8.0]",5.382289991867233,7.999999999999986,3.2736168432512986,4.01811847675399,5.377789767678221,1.8429665149996333,0.0,0.0,0.0,"[(4.0, 6.249999999999992), (7.649999999999987, 7.999999999999986)]",2.6999999999999904,True
15,4,34,1200,40800,81.60000000000001,11.189999999999998,0.0003,0.00036,"[4.0, 8.0]",12.343128553754967,7.999999999999986,3.111192798397356,1.0025065460933515,12.325154859601556,3.8135368118349287,0.0,0.0,0.0,"[(7.599999999999987, 7.999999999999986)]",0.4499999999999984,True
15,4,34,1200,40800,81.60000000000001,11.199999999999998,0.0003,0.00036,"[4.0, 8.0]",19.268167731898927,7.999999999999986,11.354281726332578,10.02480435784806,11.27829450277259,3.4787376958831793,0.19753086419753085,0.09876543209876543,0.0,"[(7.499999999999988, 7.999999999999986)]",0.549999999999998,True
15,4,34,1200,40800,81.60000000000001,11.209999999999997,0.0003,0.00036,"[4.0, 8.0]",25.097289781037123,7.999999999999986,18.55819340781465,17.51033417434337,9.400957390311252,2.903791494502033,1.0,0.5555555555555556,0.2962962962962963,"[(7.349999999999988, 7.999999999999986)]",0.6999999999999975,True
15,4,34,1200,40800,81.60000000000001,11.219999999999997,0.0003,0.00036,"[4.0, 8.0]",25.055814561709457,7.549999999999987,23.41802700128843,23.683820839780253,4.519191559864311,1.4297941130422809,1.0,1.0,1.0,"[(4.899999999999997, 7.999999999999986)]",3.149999999999989,True
15,4,34,1200,40800,81.60000000000001,11.229999999999997,0.0003,0.00036,"[4.0, 8.0]",14.114299728588165,4.649999999999998,13.977762484875102,14.00573686843214,0.5951864657451065,0.13345939445393745,0.0,0.0,0.0,"[(4.0, 7.999999999999986)]",4.049999999999986,True
15,4,34,1200,40800,81.60000000000001,11.239999999999997,0.0003,0.00036,"[4.0, 8.0]",2.9907878363579643,4.0,2.4483967814396026,2.41890337655362,0.9155116121742073,0.20335328497617686,0.0,0.0,0.0,"[(4.0, 7.999999999999986)]",4.049999999999986,True
15,4,34,1200,40800,81.60000000000001,11.249999999999996,0.0003,0.00036,"[4.0, 8.0]",6.228450500623453,7.999999999999986,5.603509189006932,5.531198076269299,0.7496472447946809,0.1657289104829548,0.0,0.0,0.0,"[(4.0, 7.999999999999986)]",4.049999999999986,True
15,4,34,1200,40800,81.60000000000001,11.259999999999996,0.0003,0.00036,"[4.0, 8.0]",5.733989071440339,5.649999999999994,5.25089979053745,5.460160165403853,2.284267433176674,0.560450774675586,0.0,0.0,0.0,"[(4.0, 7.999999999999986)]",4.049999999999986,True
15,4,34,1200,40800,81.60000000000001,11.269999999999996,0.0003,0.00036,"[4.0, 8.0]",4.615408441752359,7.999999999999986,3.102777547498337,2.929360038602204,2.0221763775182646,0.5327013806382627,0.0,0.0,0.0,"[(4.0, 7.999999999999986)]",4.049999999999986,True
15,4,34,1200,40800,81.60000000000001,11.279999999999996,0.0003,0.00036,"[4.0, 8.0]",4.266866648426911,5.649999999999994,3.6049287286606546,3.8660756338886375,2.8582443147490224,0.7255554302923176,0.0,0.0,0.0,"[(4.0, 7.999999999999986)]",4.049999999999986,True
15,4,34,1200,40800,81.60000000000001,11.289999999999996,0.0003,0.00036,"[4.0, 8.0]",4.380408430639589,7.999999999999986,3.0122108158819434,2.8459681492265174,1.9244371211623732,0.5337060910227949,0.0,0.0,0.0,"[(4.0, 7.999999999999986)]",4.049999999999986,True
15,4,34,1200,40800,81.60000000000001,11.299999999999995,0.0003,0.00036,"[4.0, 8.0]",2.4809646095193596,5.649999999999994,1.7586374178241901,1.9972103202308036,2.433437964602797,0.70189269776431,0.0,0.0,0.0,"[(4.0, 7.999999999999986)]",4.049999999999986,True
15,4,34,1200,40800,81.60000000000001,11.309999999999995,0.0003,0.00036,"[4.0, 8.0]",3.93207644414874,7.999999999999986,3.00568769995202,2.8899252877377934,1.401863615552338,0.4206813144804378,0.0,0.0,0.0,"[(4.0, 7.999999999999986)]",4.049999999999986,True
15,4,34,1200,40800,81.60000000000001,11.319999999999995,0.0003,0.00036,"[4.0, 8.0]",1.8024673620293599,5.649999999999994,1.1531575310931246,1.3176825087260107,1.8023593449986246,0.579413863762558,0.0,0.0,0.0,"[(4.0, 7.999999999999986)]",4.049999999999986,True
15,4,34,1200,40800,81.60000000000001,11.329999999999995,0.0003,0.00036,"[4.0, 8.0]",3.350176279232189,7.649999999999987,2.997264232569177,2.9725957655811097,0.6469189735137753,0.2235540933621241,0.0,0.0,0.0,"[(4.0, 7.999999999999986)]",4.049999999999986,True
15,4,34,1200,40800,81.60000000000001,11.339999999999995,0.0003,0.00036,"[4.0, 8.0]",2.096268425686708,5.649999999999994,1.4595797019044972,1.6522122945910878,2.081408493795434,0.6129233602349579,0.0,0.0,0.0,"[(4.0, 7.999999999999986)]",4.049999999999986,True
15,4,34,1200,40800,81.60000000000001,11.349999999999994,0.0003,0.00036,"[4.0, 8.0]",2.5200034582874546,7.999999999999986,1.3578678938495397,1.2202283510811456,1.706418441715223,0.5023517794955388,0.0,0.0,0.0,"[(4.0, 7.999999999999986)]",4.049999999999986,True
15,5,35,1166,40810,81.62,10.734285714285715,0.0003,0.00036,"[4.0, 8.0]",13.853408831193958,7.999999999999986,6.380158205205623,5.51585849778906,11.737225598394911,3.6586732575461873,0.0,0.0,0.0,"[(7.349999999999988, 7.999999999999986)]",0.6999999999999975,True
15,5,35,1166,40810,81.62,10.744,0.0003,0.00036,"[4.0, 8.0]",18.08468852085483,7.999999999999986,11.92269907721304,11.33461381111794,10.1098612551025,3.081999287754741,0.20987654320987653,0.07407407407407407,0.0,"[(7.199999999999989, 7.999999999999986)]",0.849999999999997,True
15,5,35,1166,40810,81.62,10.753714285714285,0.0003,0.00036,"[4.0, 8.0]",22.243443783714394,7.999999999999986,17.111666185533952,16.69164509134871,8.753639286516187,2.6392264895705293,0.7037037037037037,0.4691358024691358,0.19753086419753085,"[(6.999999999999989, 7.999999999999986)]",1.0499999999999963,True
15,5,35,1166,40810,81.62,10.76342857142857,0.0003,0.00036,"[4.0, 8.0]",26.107343688514526,7.999999999999986,21.792764641509965,21.534399849599225,7.757538916614589,2.322951609023143,1.0,1.0,0.7037037037037037,"[(6.74999999999999, 7.999999999999986)]",1.2999999999999954,True
15,5,35,1166,40810,81.62,10.773142857142854,0.0003,0.00036,"[4.0, 8.0]",29.241798814533002,7.999999999999986,25.43532257275379,25.250720861586217,6.9487830001069995,2.041917227468489,1.0,1.0,1.0,"[(6.549999999999991, 7.999999999999986)]",1.4999999999999947,True
15,5,35,1166,40810,81.62,10.78285714285714,0.0003,0.00036,"[4.0, 8.0]",26.58458281848814,7.999999999999986,18.749959185954307,17.215907093174245,10.680779866104482,3.1715240254949273,1.0,0.5185185185185185,0.2962962962962963,"[(7.549999999999987, 7.999999999999986)]",0.4999999999999982,True
15,5,35,1166,40810,81.62,10.792571428571424,0.0003,0.00036,"[4.0, 8.0]",13.82308433308977,4.849999999999997,13.135403459062783,13.794422750313188,8.236376342467997,1.5744444543589404,0.0,0.0,0.0,"[(4.0, 7.649999999999987)]",3.699999999999987,True
15,5,35,1166,40810,81.62,10.80228571428571,0.0003,0.00036,"[4.0, 8.0]",11.089362646838723,7.999999999999986,2.5320011042452,0.907612751060296,11.079559260696394,3.280415525090771,0.0,0.0,0.0,"[(7.599999999999987, 7.999999999999986)]",0.4499999999999984,True
15,5,35,1166,40810,81.62,10.811999999999994,0.0003,0.00036,"[4.0, 8.0]",9.507747396321605,5.399999999999995,8.203286716455011,9.105078712316367,8.68848037305495,2.024394887334171,0.0,0.0,0.0,"[(4.0, 7.399999999999988)]",3.4499999999999877,True
15,5,35,1166,40810,81.62,10.821714285714279,0.0003,0.00036,"[4.0, 8.0]",8.713620626588344,7.949999999999986,6.157698999970777,5.764579642741015,3.971755521311879,1.2975193296126175,0.0,0.0,0.0,"[(4.0, 4.399999999999999), (6.3999999999999915, 7.999999999999986)]",2.0999999999999925,True
15,5,35,1166,40810,81.62,10.831428571428564,0.0003,0.00036,"[4.0, 8.0]",4.407324556537318,5.399999999999995,2.8750960956420624,3.2816365798906224,4.403267027117065,1.4175237963088065,0.0,0.0,0.0,"[(4.0, 6.999999999999989), (7.849999999999986, 7.999999999999986)]",3.2499999999999885,True
15,5,35,1166,40810,81.62,10.841142857142849,0.0003,0.00036,"[4.0, 8.0]",7.083047285607086,4.899999999999997,6.606187725358143,7.043593278967467,4.201740655087035,0.9342721906419452,0.0,0.0,0.0,"[(4.0, 7.7999999999999865)]",3.8499999999999863,True
15,5,35,1166,40810,81.62,10.850857142857134,0.0003,0.00036,"[4.0, 8.0]",6.34430437719606,7.899999999999986,3.9440564897386365,3.5988248275819137,3.751315721144162,1.2371359801666066,0.0,0.0,0.0,"[(4.0, 4.499999999999998), (6.349999999999992, 7.999999999999986)]",2.249999999999992,True
15,5,35,1166,40810,81.62,10.860571428571419,0.0003,0.00036,"[4.0, 8.0]",2.8553957493224496,5.449999999999995,1.7623454943782502,2.0113743331805445,2.855367945488253,0.9306957275982704,0.0,0.0,0.0,"[(4.0, 7.999999999999986)]",4.049999999999986,True
15,5,35,1166,40810,81.62,10.870285714285703,0.0003,0.00036,"[4.0, 8.0]",5.478158527891318,5.399999999999995,4.896266950699302,5.380582876870173,4.329909891661953,1.0244086542253945,0.0,0.0,0.0,"[(4.0, 7.749999999999987)]",3.7999999999999865,True
15,5,35,1166,40810,81.62,10.879999999999988,0.0003,0.00036,"[4.0, 8.0]",4.947509003123417,7.649999999999987,3.667085900570466,3.512277835118422,2.194661699500046,0.7528816811329732,0.0,0.0,0.0,"[(4.0, 7.999999999999986)]",4.049999999999986,True
15,5,35,1166,40810,81.62,10.889714285714273,0.0003,0.00036,"[4.0, 8.0]",3.0377080165017514,7.999999999999986,0.8725190594664775,0.8799914709418694,3.0371854364892963,0.6418914943865408,0.0,0.0,0.0,"[(4.0, 6.89999999999999), (7.149999999999989, 7.999999999999986)]",3.8499999999999863,True
15,5,35,1166,40810,81.62,10.899428571428558,0.0003,0.00036,"[4.0, 8.0]",4.296692118089536,5.449999999999995,3.448265824966349,4.001212198730767,4.264292162219415,1.1766241294901725,0.0,0.0,0.0,"[(4.0, 7.599999999999987)]",3.649999999999987,True
15,5,35,1166,40810,81.62,10.909142857142843,0.0003,0.00036,"[4.0, 8.0]",3.9578402591863253,7.399999999999988,3.2000940493271286,3.1756445763143253,1.3612516553205647,0.45591446148045645,0.0,0.0,0.0,"[(4.0, 7.999999999999986)]",4.049999999999986,True
15,5,35,1166,40810,81.62,10.918857142857128,0.0003,0.00036,"[4.0, 8.0]",2.9932907074684927,7.999999999999986,0.5374357955353356,0.34344647572912174,2.9931483081424752,0.7053276219616779,0.0,0.0,0.0,"[(4.0, 7.999999999999986)]",4.049999999999986,True
15,5,35,1166,40810,81.62,10.928571428571413,0.0003,0.00036,"[4.0, 8.0]",3.2828650004568285,5.449999999999995,2.383001543809136,2.8424870231403583,3.2827549842553565,1.0467372820738667,0.0,0.0,0.0,"[(4.0, 7.599999999999987)]",3.649999999999987,True
15,5,35,1166,40810,81.62,10.938285714285698,0.0003,0.00036,"[4.0, 8.0]",3.1797829496708783,7.349999999999988,2.4994561202576246,2.4650939916345953,1.222291601775742,0.4098678830651539,0.0,0.0,0.0,"[(4.0, 7.999999999999986)]",4.049999999999986,True
15,5,35,1166,40810,81.62,10.947999999999983,0.0003,0.00036,"[4.0, 8.0]",2.659414904146023,7.999999999999986,0.4452006959361454,0.16513859351051446,2.659393973433634,0.6939819838403789,0.0,0.0,0.0,"[(4.0, 7.999999999999986)]",4.049999999999986,True
15,5,35,1166,40810,81.62,10.957714285714268,0.0003,0.00036,"[4.0, 8.0]",2.8169107752041587,5.449999999999995,2.128143227798007,2.5242088964013867,2.815185593377694,0.8707952527761801,0.0,0.0,0.0,"[(4.0, 7.999999999999986)]",4.049999999999986,True
15,5,35,1166,40810,81.62,10.967428571428552,0.0003,0.00036,"[4.0, 8.0]",2.57413146197199,7.449999999999988,1.8162221808667427,1.7855608531885063,1.3419539284461237,0.451783570796104,0.0,0.0,0.0,"[(4.0, 7.999999999999986)]",4.049999999999986,True
15,5,35,1166,40810,81.62,10.977142857142837,0.0003,0.00036,"[4.0, 8.0]",1.7303904644512258,7.999999999999986,0.554610579569571,0.5730053875823862,1.7299974749392173,0.3864489724129887,0.0,0.0,0.0,"[(4.0, 7.999999999999986)]",4.049999999999986,True
15,5,35,1166,40810,81.62,10.986857142857122,0.0003,0.00036,"[4.0, 8.0]",2.3341834281587674,6.199999999999992,1.9877779897699324,2.3100207684149163,2.283370134446402,0.6090340070214674,0.0,0.0,0.0,"[(4.0, 7.999999999999986)]",4.049999999999986,True
15,5,35,1166,40810,81.62,10.996571428571407,0.0003,0.00036,"[4.0, 8.0]",1.995413570400619,7.949999999999986,0.48045312983324606,0.14837644351329574,1.9953456944449586,0.6382309311618678,0.0,0.0,0.0,"[(4.0, 7.999999999999986)]",4.049999999999986,True
15,5,35,1166,40810,81.62,11.006285714285692,0.0003,0.00036,"[4.0, 8.0]",1.828364359741509,5.499999999999995,1.2228625595989626,1.468633307269418,1.8273493462431618,0.6105600012694914,0.0,0.0,0.0,"[(4.0, 7.999999999999986)]",4.049999999999986,True
15,5,35,1166,40810,81.62,11.015999999999977,0.0003,0.00036,"[4.0, 8.0]",1.7842595092931108,7.499999999999988,1.0867148992194213,1.0209298194223135,1.2043337042391573,0.40708354037722283,0.0,0.0,0.0,"[(4.0, 7.999999999999986)]",4.049999999999986,True
15,5,35,1166,40810,81.62,11.025714285714262,0.0003,0.00036,"[4.0, 8.0]",1.4370292154120055,5.499999999999995,0.904135807804977,1.0482950674458873,1.4367553601807628,0.48107473251576777,0.0,0.0,0.0,"[(4.0, 7.999999999999986)]",4.049999999999986,True
16,3,35,1166,40810,81.62,10.734285714285715,0.0003,0.00036,"[4.0, 8.0]",44.916250125043746,7.449999999999988,37.43800476540089,36.132059705843,12.73312200376958,4.731984789830661,1.0,1.0,1.0,"[(6.84999999999999, 7.899999999999986)]",1.099999999999996,True
16,3,35,1166,40810,81.62,10.744,0.0003,0.00036,"[4.0, 8.0]",44.85404070642481,7.399999999999988,37.603762540034765,36.377803387331625,12.380657521892637,4.595671647852732,1.0,1.0,1.0,"[(6.79999999999999, 7.849999999999986)]",1.099999999999996,True
16,3,35,1166,40810,81.62,10.753714285714285,0.0003,0.00036,"[4.0, 8.0]",44.78828631465477,7.399999999999988,37.76885470534777,36.62448131958252,12.017161434341588,4.456998972565736,1.0,1.0,1.0,"[(6.79999999999999, 7.849999999999986)]",1.099999999999996,True
16,3,35,1166,40810,81.62,10.76342857142857,0.0003,0.00036,"[4.0, 8.0]",44.71189976743639,7.399999999999988,37.943943016166116,36.892895699446385,11.627201067645558,4.308874120046031,1.0,1.0,1.0,"[(6.74999999999999, 7.849999999999986)]",1.149999999999996,True
16,3,35,1166,40810,81.62,10.773142857142854,0.0003,0.00036,"[4.0, 8.0]",44.640131789865904,7.349999999999988,38.13546534282373,37.18551504324872,11.207253766966055,4.144200530355537,1.0,1.0,1.0,"[(6.69999999999999, 7.849999999999986)]",1.1999999999999957,True
16,3,35,1166,40810,81.62,10.78285714285714,0.0003,0.00036,"[4.0, 8.0]",44.5510548626125,7.349999999999988,38.349484950369074,37.523950837067666,10.721887738021103,3.9570770242393407,1.0,1.0,1.0,"[(6.649999999999991, 7.7999999999999865)]",1.1999999999999957,True
16,3,35,1166,40810,81.62,10.792571428571424,0.0003,0.00036,"[4.0, 8.0]",44.45931702787786,7.299999999999988,38.58865946739076,37.911439689030466,10.180324638559085,3.7435778570691625,1.0,1.0,1.0,"[(6.599999999999991, 7.7999999999999865)]",1.2499999999999956,True
16,3,35,1166,40810,81.62,10.80228571428571,0.0003,0.00036,"[4.0, 8.0]",44.35215992508566,7.2499999999999885,38.847201252154974,38.34303870012973,9.574089822945275,3.5037914278390234,1.0,1.0,1.0,"[(6.549999999999991, 7.7999999999999865)]",1.2999999999999954,True
16,3,35,1166,40810,81.62,10.811999999999994,0.0003,0.00036,"[4.0, 8.0]",44.238625660766324,7.199999999999989,39.1061375149246,38.54703839469464,8.936491697941065,3.2551572495110133,1.0,1.0,1.0,"[(6.449999999999991, 7.749999999999987)]",1.3499999999999952,True
16,3,35,1166,40810,81.62,10.821714285714279,0.0003,0.00036,"[4.0, 8.0]",44.12597466898532,7.149999999999989,39.34403438185467,38.74425048794886,8.318836356441395,3.0173332735127274,1.0,1.0,1.0,"[(6.3999999999999915, 7.699999999999987)]",1.3499999999999952,True
16,3,35,1166,40810,81.62,10.831428571428564,0.0003,0.00036,"[4.0, 8.0]",44.00636449174637,7.099999999999989,39.58019834892918,38.99563840342416,7.664104536737547,2.774176332441154,1.0,1.0,1.0,"[(6.299999999999992, 7.699999999999987)]",1.4499999999999948,True
16,3,35,1166,40810,81.62,10.841142857142849,0.0003,0.00036,"[4.0, 8.0]",43.868278224626096,7.049999999999989,39.8268197981437,39.31811220080995,7.113600291266138,2.5161015004339204,1.0,1.0,1.0,"[(6.199999999999992, 7.649999999999987)]",1.4999999999999947,True
16,3,35,1166,40810,81.62,10.850857142857134,0.0003,0.00036,"[4.0, 8.0]",43.699144568590256,6.9499999999999895,40.07215071064966,39.55778197118096,7.705789075445786,2.2660177766529044,1.0,1.0,1.0,"[(6.049999999999993, 7.599999999999987)]",1.5999999999999943,True
16,3,35,1166,40810,81.62,10.860571428571419,0.0003,0.00036,"[4.0, 8.0]",43.511287171890615,6.84999999999999,40.28009038944393,39.87612860782546,8.393855177105294,2.085054111597068,1.0,1.0,1.0,"[(5.849999999999993, 7.549999999999987)]",1.7499999999999938,True
16,3,35,1166,40810,81.62,10.870285714285703,0.0003,0.00036,"[4.0, 8.0]",43.31824988851619,6.74999999999999,40.41538491879299,40.190207825153266,9.106549399165281,2.0302085608492346,1.0,1.0,1.0,"[(5.5499999999999945, 7.449999999999988)]",1.949999999999993,True
16,3,35,1166,40810,81.62,10.879999999999988,0.0003,0.00036,"[4.0, 8.0]",43.11810043527661,6.649999999999991,40.4715747131475,40.39458623957355,9.820766678444691,2.1071732192325476,1.0,1.0,1.0,"[(5.199999999999996, 7.399999999999988)]",2.249999999999992,True
16,3,35,1166,40810,81.62,10.889714285714273,0.0003,0.00036,"[4.0, 8.0]",42.855794625914655,6.499999999999991,40.418587272300876,40.711338713053635,10.75104294602184,2.359440217253237,1.0,1.0,1.0,"[(4.0, 7.299999999999988)]",3.349999999999988,True
16,3,35,1166,40810,81.62,10.899428571428558,0.0003,0.00036,"[4.0, 8.0]",42.51546051518888,6.299999999999992,40.15923924465199,40.94052490143817,11.886163244782356,2.7952483388793037,1.0,1.0,1.0,"[(4.0, 7.149999999999989)]",3.1999999999999886,True
16,3,35,1166,40810,81.62,10.909142857142843,0.0003,0.00036,"[4.0, 8.0]",42.132538601094225,6.049999999999993,39.68022687830084,40.98691951150048,13.005378576946296,3.26236299531608,1.0,1.0,1.0,"[(4.0, 7.049999999999989)]",3.099999999999989,True
16,3,35,1166,40810,81.62,10.918857142857128,0.0003,0.00036,"[4.0, 8.0]",41.67118327057372,5.799999999999994,38.96604678498126,40.68469588564703,14.080975073720488,3.7046785296375195,1.0,1.0,1.0,"[(4.0, 6.89999999999999)]",2.9499999999999895,True
16,3,35,1166,40810,81.62,10.928571428571413,0.0003,0.00036,"[4.0, 8.0]",40.91601012462961,5.449999999999995,37.76750047231985,39.86211241281099,15.301774630595155,4.169573344330776,1.0,1.0,1.0,"[(4.0, 6.74999999999999)]",2.79999999999999,True
16,3,35,1166,40810,81.62,10.938285714285698,0.0003,0.00036,"[4.0, 8.0]",39.57276722471997,5.299999999999995,35.922703919268976,38.212010606487624,16.402386576535463,4.5726762917750055,1.0,1.0,1.0,"[(4.0, 6.549999999999991)]",2.5999999999999908,True
16,3,35,1166,40810,81.62,10.947999999999983,0.0003,0.00036,"[4.0, 8.0]",37.96107385917743,5.149999999999996,33.99824079504759,36.387711298631594,16.99333312624735,4.7894318888021825,1.0,1.0,1.0,"[(4.0, 6.449999999999991)]",2.499999999999991,True
16,3,35,1166,40810,81.62,10.957714285714268,0.0003,0.00036,"[4.0, 8.0]",35.41139046000721,5.099999999999996,31.19678648024146,33.59342374715322,17.37792047269166,4.939018917800637,1.0,1.0,0.9506172839506173,"[(4.0, 6.3999999999999915)]",2.4499999999999913,True
16,3,35,1166,40810,81.62,10.967428571428552,0.0003,0.00036,"[4.0, 8.0]",31.91845926244931,5.049999999999996,27.582741432751224,30.030440629479887,17.483480152806287,4.99253757533534,0.9876543209876543,0.9382716049382716,0.8765432098765432,"[(4.0, 6.349999999999992)]",2.3999999999999915,True
16,3,35,1166,40810,81.62,10.977142857142837,0.0003,0.00036,"[4.0, 8.0]",28.38611001769113,5.049999999999996,24.025959192323718,26.427376383054316,17.411940693919732,4.978413529268634,0.9135802469135802,0.8641975308641975,0.7777777777777778,"[(4.0, 6.299999999999992)]",2.3499999999999917,True
16,3,35,1166,40810,81.62,10.986857142857122,0.0003,0.00036,"[4.0, 8.0]",23.139602830527185,5.049999999999996,18.785280066355995,21.152988886978342,17.439059651774688,4.9702435792120525,0.7777777777777778,0.7160493827160493,0.5925925925925926,"[(4.0, 6.299999999999992)]",2.3499999999999917,True
16,3,35,1166,40810,81.62,10.996571428571407,0.0003,0.00036,"[4.0, 8.0]",17.934668817556023,4.9999999999999964,13.53064509207471,15.995559461000306,17.36326953179125,5.053124504167145,0.5802469135802469,0.345679012345679,0.0,"[(4.0, 6.299999999999992)]",2.3499999999999917,True
16,3,35,1166,40810,81.62,11.006285714285692,0.0003,0.00036,"[4.0, 8.0]",10.164313465138125,4.9999999999999964,6.621994068655683,8.130175070778458,10.155568266390022,3.431492521458383,0.0,0.0,0.0,"[(4.0, 6.249999999999992)]",2.299999999999992,True
16,3,35,1166,40810,81.62,11.015999999999977,0.0003,0.00036,"[4.0, 8.0]",16.605597741909214,7.999999999999986,3.487639020674231,1.1448119659849576,16.605404835909454,4.679765830822991,0.037037037037037035,0.0,0.0,"[(7.7999999999999865, 7.999999999999986)]",0.2499999999999991,True
16,3,35,1166,40810,81.62,11.025714285714262,0.0003,0.00036,"[4.0, 8.0]",28.04862436132449,7.949999999999986,19.429134530574494,17.341709302412053,12.722744982116348,4.258829298784214,1.0,0.5432098765432098,0.35802469135802467,"[(7.349999999999988, 7.999999999999986)]",0.6999999999999975,True
16,4,36,1133,40788,81.57600000000001,10.436111111111112,0.0003,0.00036,"[4.0, 8.0]",40.27142573145796,4.949999999999997,35.28518052932041,38.58816331749162,21.207911149097953,6.108392489531448,1.0,1.0,0.9753086419753086,"[(4.0, 6.249999999999992)]",2.299999999999992,True
16,4,36,1133,40788,81.57600000000001,10.445555555555556,0.0003,0.00036,"[4.0, 8.0]",39.66516237165323,4.949999999999997,34.56907155308283,37.823064489016375,21.276544646123824,6.1474515830964,1.0,1.0,0.9629629629629629,"[(4.0, 6.249999999999992)]",2.299999999999992,True
16,4,36,1133,40788,81.57600000000001,10.455,0.0003,0.00036,"[4.0, 8.0]",38.93823991260585,4.949999999999997,33.752088042394284,36.94907336628164,21.3005162447062,6.173340049677251,1.0,1.0,0.9506172839506173,"[(4.0, 6.199999999999992)]",2.249999999999992,True
16,4,36,1133,40788,81.57600000000001,10.464444444444444,0.0003,0.00036,"[4.0, 8.0]",38.08771177647061,4.849999999999997,32.82293705020591,35.96297685654917,21.27932737583069,6.188033307780145,1.0,0.9876543209876543,0.9382716049382716,"[(4.0, 6.149999999999992)]",2.199999999999992,True
16,4,36,1133,40788,81.57600000000001,10.473888888888888,0.0003,0.00036,"[4.0, 8.0]",37.06424905770039,4.899999999999997,31.735788379644642,34.81543268638894,21.239318885680788,6.187755893209759,1.0,0.9753086419753086,0.9259259259259259,"[(4.0, 6.149999999999992)]",2.199999999999992,True
16,4,36,1133,40788,81.57600000000001,10.483333333333333,0.0003,0.00036,"[4.0, 8.0]",35.8443709665077,4.899999999999997,30.480512032911914,33.50608596965102,21.120219474630325,6.172303800110374,0.9876543209876543,0.9506172839506173,0.9012345679012346,"[(4.0, 6.0999999999999925)]",2.1499999999999924,True
16,4,36,1133,40788,81.57600000000001,10.492777777777777,0.0003,0.00036,"[4.0, 8.0]",34.5255704409876,4.849999999999997,29.141694708790393,32.109402496757085,20.96859654113557,6.1384194735566515,0.9629629629629629,0.9382716049382716,0.8765432098765432,"[(4.0, 6.0999999999999925)]",2.1499999999999924,True
16,4,36,1133,40788,81.57600000000001,10.50222222222222,0.0003,0.00036,"[4.0, 8.0]",33.10390106956373,4.799999999999997,27.729612676347546,30.643720339853267,20.77269672523675,6.090598305954119,0.9506172839506173,0.9135802469135802,0.8395061728395061,"[(4.0, 6.0999999999999925)]",2.1499999999999924,True
16,4,36,1133,40788,81.57600000000001,10.511666666666665,0.0003,0.00036,"[4.0, 8.0]",31.641098733537632,4.799999999999997,26.2967592051587,29.154375132059656,20.541272894439622,6.031641823057458,0.9259259259259259,0.8765432098765432,0.8148148148148148,"[(4.0, 6.0999999999999925)]",2.1499999999999924,True
16,4,36,1133,40788,81.57600000000001,10.521111111111109,0.0003,0.00036,"[4.0, 8.0]",29.963576012825285,4.799999999999997,24.656994236096708,27.45800209563,20.275317719402825,5.961319147930373,0.8888888888888888,0.8518518518518519,0.7777777777777778,"[(4.0, 6.0999999999999925)]",2.1499999999999924,True
16,4,36,1133,40788,81.57600000000001,10.530555555555553,0.0003,0.00036,"[4.0, 8.0]",28.00670965074914,4.799999999999997,22.75442009801129,25.503923061711397,19.981590649148252,5.881885609342057,0.8518518518518519,0.8024691358024691,0.7160493827160493,"[(4.0, 6.0999999999999925)]",2.1499999999999924,True
16,4,36,1133,40788,81.57600000000001,10.539999999999997,0.0003,0.00036,"[4.0, 8.0]",25.69837022642305,4.799999999999997,20.51161258102488,23.20178516302778,19.66139543285037,5.794010210333133,0.8024691358024691,0.7407407407407407,0.6419753086419753,"[(4.0, 6.0999999999999925)]",2.1499999999999924,True
16,4,36,1133,40788,81.57600000000001,10.549444444444442,0.0003,0.00036,"[4.0, 8.0]",23.391165381041578,4.799999999999997,18.267216937965493,20.905236118993233,19.346037124042613,5.712161235963066,0.7407407407407407,0.6666666666666666,0.5432098765432098,"[(4.0, 6.0999999999999925)]",2.1499999999999924,True
16,4,36,1133,40788,81.57600000000001,10.558888888888886,0.0003,0.00036,"[4.0, 8.0]",21.036752009385843,4.799999999999997,15.975511518149505,18.56562862227094,18.962768796217485,5.635466046148972,0.6666666666666666,0.5802469135802469,0.38271604938271603,"[(4.0, 6.0999999999999925)]",2.1499999999999924,True
16,4,36,1133,40788,81.57600000000001,10.56833333333333,0.0003,0.00036,"[4.0, 8.0]",18.452661937905606,4.799999999999997,13.455233626821391,15.993318257833508,18.07890287736176,5.5348684412651235,0.5555555555555556,0.43209876543209874,0.0,"[(4.0, 6.0999999999999925)]",2.1499999999999924,True
16,4,36,1133,40788,81.57600000000001,10.577777777777774,0.0003,0.00036,"[4.0, 8.0]",15.179288143201239,4.799999999999997,10.344589119378467,12.707469853463362,15.179145122585687,5.188559919543482,0.1728395061728395,0.0,0.0,"[(4.0, 6.0999999999999925)]",2.1499999999999924,True
16,4,36,1133,40788,81.57600000000001,10.587222222222218,0.0003,0.00036,"[4.0, 8.0]",11.523279648857407,4.749999999999997,7.294562171130971,8.98398793539233,11.520453771013573,4.142171820668862,0.0,0.0,0.0,"[(4.0, 6.0999999999999925)]",2.1499999999999924,True
16,4,36,1133,40788,81.57600000000001,10.596666666666662,0.0003,0.00036,"[4.0, 8.0]",8.431117098701673,7.999999999999986,4.925599516849615,5.990668937652071,8.426577310984387,2.7013508331581697,0.0,0.0,0.0,"[(4.0, 5.849999999999993), (7.749999999999987, 7.999999999999986)]",2.199999999999992,True
16,4,36,1133,40788,81.57600000000001,10.606111111111106,0.0003,0.00036,"[4.0, 8.0]",13.261716557028382,7.999999999999986,3.4638524882238246,2.7219761293783207,13.261710683880223,3.258939537794042,0.0,0.0,0.0,"[(7.749999999999987, 7.999999999999986)]",0.29999999999999893,True
16,4,36,1133,40788,81.57600000000001,10.61555555555555,0.0003,0.00036,"[4.0, 8.0]",19.883333293817742,7.999999999999986,6.742651411707845,4.345628470297028,18.591454965439056,5.7561779617711295,0.13580246913580246,0.07407407407407407,0.0,"[(7.699999999999987, 7.999999999999986)]",0.34999999999999876,True
16,4,36,1133,40788,81.57600000000001,10.624999999999995,0.0003,0.00036,"[4.0, 8.0]",26.25682186758468,7.999999999999986,14.905005189020828,12.924155315516035,16.116009451589612,4.954457120740338,0.3950617283950617,0.30864197530864196,0.19753086419753085,"[(7.649999999999987, 7.999999999999986)]",0.3999999999999986,True
16,4,36,1133,40788,81.57600000000001,10.634444444444439,0.0003,0.00036,"[4.0, 8.0]",29.880574754442417,7.999999999999986,22.109889817985877,20.655529620552734,11.658362514173234,3.889653071392696,1.0,1.0,0.5432098765432098,"[(7.299999999999988, 7.999999999999986)]",0.7499999999999973,True
16,4,36,1133,40788,81.57600000000001,10.643888888888883,0.0003,0.00036,"[4.0, 8.0]",23.84223026792341,5.849999999999993,19.382982770387553,22.1298609304882,23.675890016539267,6.4110072375158,0.8395061728395061,0.8024691358024691,0.7037037037037037,"[(4.299999999999999, 6.84999999999999)]",2.5999999999999908,True
16,4,36,1133,40788,81.57600000000001,10.653333333333327,0.0003,0.00036,"[4.0, 8.0]",13.622993961542953,5.399999999999995,11.564533676408029,12.77007695703923,9.458303927559857,2.589711286166955,0.0,0.0,0.0,"[(4.0, 6.999999999999989)]",3.049999999999989,True
16,4,36,1133,40788,81.57600000000001,10.662777777777771,0.0003,0.00036,"[4.0, 8.0]",9.001958546899292,7.049999999999989,8.680035933255283,8.688890497475999,0.6808448346040841,0.22081289912370752,0.0,0.0,0.0,"[(4.0, 7.999999999999986)]",4.049999999999986,True
16,4,36,1133,40788,81.57600000000001,10.672222222222215,0.0003,0.00036,"[4.0, 8.0]",1.2032354895819444,7.749999999999987,0.47489030561364537,0.3271867567828018,1.1319227918481756,0.388779499649146,0.0,0.0,0.0,"[(4.0, 7.999999999999986)]",4.049999999999986,True
16,4,36,1133,40788,81.57600000000001,10.68166666666666,0.0003,0.00036,"[4.0, 8.0]",7.073780960537569,5.349999999999995,6.8006389095542135,6.912210129200757,0.9854734524418056,0.2832139224414483,0.0,0.0,0.0,"[(4.0, 7.999999999999986)]",4.049999999999986,True
16,4,36,1133,40788,81.57600000000001,10.691111111111104,0.0003,0.00036,"[4.0, 8.0]",1.885798302701602,4.9999999999999964,1.655200971730473,1.8046422787480811,1.276065806485997,0.31336017300149543,0.0,0.0,0.0,"[(4.0, 7.999999999999986)]",4.049999999999986,True
16,4,36,1133,40788,81.57600000000001,10.700555555555548,0.0003,0.00036,"[4.0, 8.0]",4.793167308892934,5.399999999999995,4.71897630730586,4.73049176688006,0.22876189031417837,0.05767154284371385,0.0,0.0,0.0,"[(4.0, 7.999999999999986)]",4.049999999999986,True
16,4,36,1133,40788,81.57600000000001,10.709999999999992,0.0003,0.00036,"[4.0, 8.0]",2.686243183710965,5.099999999999996,2.1936269725333055,2.4573434154731415,2.1996405774309857,0.5946032757841515,0.0,0.0,0.0,"[(4.0, 7.999999999999986)]",4.049999999999986,True
16,4,36,1133,40788,81.57600000000001,10.719444444444436,0.0003,0.00036,"[4.0, 8.0]",3.3366132463793847,7.999999999999986,2.5660734284985316,2.4374038413114842,1.0643586765167834,0.3149846664219801,0.0,0.0,0.0,"[(4.0, 7.999999999999986)]",4.049999999999986,True
16,5,37,1103,40811,81.622,10.154054054054056,0.0003,0.00036,"[4.0, 8.0]",12.317861778487686,4.449999999999998,7.446378798042414,8.834842867424511,12.317798711310814,4.517366140910459,0.0,0.0,0.0,"[(4.0, 5.849999999999993)]",1.8999999999999932,True
16,5,37,1103,40811,81.622,10.163243243243246,0.0003,0.00036,"[4.0, 8.0]",10.299856920211049,4.499999999999998,6.0506763898180145,6.770817895697175,10.296555656352364,3.7277022873999517,0.0,0.0,0.0,"[(4.0, 5.849999999999993)]",1.8999999999999932,True
16,5,37,1103,40811,81.622,10.172432432432435,0.0003,0.00036,"[4.0, 8.0]",8.07666743939275,4.449999999999998,4.775058877435283,5.37044822852117,8.075089164154667,2.855779492371489,0.0,0.0,0.0,"[(4.0, 5.849999999999993), (7.7999999999999865, 7.999999999999986)]",2.1499999999999924,True
16,5,37,1103,40811,81.622,10.181621621621625,0.0003,0.00036,"[4.0, 8.0]",9.52712798017531,7.999999999999986,3.7621504462578335,4.263129502974625,9.525073317317382,2.3690849169466253,0.0,0.0,0.0,"[(7.699999999999987, 7.999999999999986)]",0.34999999999999876,True
16,5,37,1103,40811,81.622,10.190810810810815,0.0003,0.00036,"[4.0, 8.0]",12.225301213816351,7.999999999999986,3.217146417717791,2.4757130607086317,12.225187947361082,3.1611549916160544,0.0,0.0,0.0,"[(7.699999999999987, 7.999999999999986)]",0.34999999999999876,True
16,5,37,1103,40811,81.622,10.200000000000005,0.0003,0.00036,"[4.0, 8.0]",15.235620150127712,7.999999999999986,3.998699247233664,1.402216699972168,15.235560995553305,4.786086609493699,0.012345679012345678,0.0,0.0,"[(7.649999999999987, 7.999999999999986)]",0.3999999999999986,True
16,5,37,1103,40811,81.622,10.209189189189194,0.0003,0.00036,"[4.0, 8.0]",18.736306503309642,7.999999999999986,7.5722048653890175,6.025226172885065,16.704317943569713,5.244748270868968,0.13580246913580246,0.06172839506172839,0.0,"[(7.599999999999987, 7.999999999999986)]",0.4499999999999984,True
16,5,37,1103,40811,81.622,10.218378378378384,0.0003,0.00036,"[4.0, 8.0]",22.438309987089315,7.999999999999986,12.47505553268349,11.153305078838718,15.05038700999794,4.698310930136382,0.30864197530864196,0.2222222222222222,0.09876543209876543,"[(7.549999999999987, 7.999999999999986)]",0.4999999999999982,True
16,5,37,1103,40811,81.622,10.227567567567574,0.0003,0.00036,"[4.0, 8.0]",26.076747842147455,7.999999999999986,17.24258013264642,16.059436921723908,13.432113637725069,4.199082946184182,0.5802469135802469,0.4444444444444444,0.2839506172839506,"[(7.499999999999988, 7.999999999999986)]",0.549999999999998,True
16,5,37,1103,40811,81.622,10.236756756756764,0.0003,0.00036,"[4.0, 8.0]",29.51300181279511,7.999999999999986,21.951715969999324,20.97896807878016,11.779431292701663,3.703811398961524,1.0,1.0,0.5802469135802469,"[(7.349999999999988, 7.999999999999986)]",0.6999999999999975,True
16,5,37,1103,40811,81.622,10.245945945945953,0.0003,0.00036,"[4.0, 8.0]",31.52707977746299,7.999999999999986,26.091723946575257,25.565575077231752,9.092978630322499,2.854192152301744,1.0,1.0,1.0,"[(6.999999999999989, 7.999999999999986)]",1.0499999999999963,True
16,5,37,1103,40811,81.622,10.255135135135143,0.0003,0.00036,"[4.0, 8.0]",26.089513058366208,7.999999999999986,24.367728602074877,24.67904589012567,3.8114543642772354,0.8220168653473395,1.0,1.0,1.0,"[(4.449999999999998, 7.999999999999986)]",3.599999999999987,True
16,5,37,1103,40811,81.622,10.264324324324333,0.0003,0.00036,"[4.0, 8.0]",12.021257132123322,4.0,11.34939672194829,11.644873574101817,4.931351761734994,0.9136528235259086,0.0,0.0,0.0,"[(4.0, 7.7999999999999865)]",3.8499999999999863,True
16,5,37,1103,40811,81.622,10.273513513513523,0.0003,0.00036,"[4.0, 8.0]",9.639999258362248,7.999999999999986,6.69750483915631,6.436915200088828,3.5535479045496876,0.7888464832569233,0.0,0.0,0.0,"[(5.299999999999995, 5.399999999999995), (7.199999999999989, 7.999999999999986)]",0.9999999999999964,True
16,5,37,1103,40811,81.622,10.282702702702712,0.0003,0.00036,"[4.0, 8.0]",8.082817325942807,4.849999999999997,7.178641256698559,7.891461174743132,6.233055264375913,1.4463248606657355,0.0,0.0,0.0,"[(4.0, 7.549999999999987)]",3.599999999999987,True
16,5,37,1103,40811,81.622,10.291891891891902,0.0003,0.00036,"[4.0, 8.0]",8.015571539458703,7.849999999999986,7.303087291192174,7.106859102129372,0.9679801373918258,0.32396446452120287,0.0,0.0,0.0,"[(4.0, 7.999999999999986)]",4.049999999999986,True
16,5,37,1103,40811,81.622,10.301081081081092,0.0003,0.00036,"[4.0, 8.0]",2.755605958311396,5.099999999999996,1.8665463752303266,2.287483884912225,2.7533105659807284,0.9287065212788367,0.0,0.0,0.0,"[(4.0, 7.999999999999986)]",4.049999999999986,True
16,5,37,1103,40811,81.622,10.310270270270282,0.0003,0.00036,"[4.0, 8.0]",6.730624881986305,5.149999999999996,6.334119894655523,6.662712107202902,3.172146481714334,0.6994016236533946,0.0,0.0,0.0,"[(4.0, 7.949999999999986)]",3.999999999999986,True
16,5,37,1103,40811,81.622,10.319459459459472,0.0003,0.00036,"[4.0, 8.0]",5.599568435491084,7.999999999999986,3.2396321060410287,2.710471955916924,3.354119734227304,1.0885824453703175,0.0,0.0,0.0,"[(4.0, 4.249999999999999), (6.049999999999993, 7.999999999999986)]",2.299999999999992,True
16,5,37,1103,40811,81.622,10.328648648648661,0.0003,0.00036,"[4.0, 8.0]",2.955359272140494,5.149999999999996,1.9372556444762876,2.3740861001587863,2.9552605224901645,1.0080808619133639,0.0,0.0,0.0,"[(4.0, 7.999999999999986)]",4.049999999999986,True
16,5,37,1103,40811,81.622,10.337837837837851,0.0003,0.00036,"[4.0, 8.0]",4.910738011175441,6.549999999999991,4.625136350750545,4.820783314865737,2.6069119888412664,0.5385196257148438,0.0,0.0,0.0,"[(4.0, 7.999999999999986)]",4.049999999999986,True
16,5,37,1103,40811,81.622,10.34702702702704,0.0003,0.00036,"[4.0, 8.0]",4.196838871717659,7.949999999999986,1.711131641668382,1.1574383288888417,3.537323879135455,1.16818924858616,0.0,0.0,0.0,"[(4.0, 4.1), (6.249999999999992, 7.999999999999986)]",1.949999999999993,True
16,5,37,1103,40811,81.622,10.35621621621623,0.0003,0.00036,"[4.0, 8.0]",2.6884685642163335,5.149999999999996,1.7449172669691038,2.1084678281478935,2.6878306409122072,0.91915299847681,0.0,0.0,0.0,"[(4.0, 7.999999999999986)]",4.049999999999986,True
16,5,37,1103,40811,81.622,10.36540540540542,0.0003,0.00036,"[4.0, 8.0]",3.775363605447011,6.79999999999999,3.4306590915179953,3.5384101546601676,2.3625993083260823,0.458659322998236,0.0,0.0,0.0,"[(4.0, 7.999999999999986)]",4.049999999999986,True
16,5,37,1103,40811,81.622,10.37459459459461,0.0003,0.00036,"[4.0, 8.0]",3.2400467307966756,7.949999999999986,0.9243426435623753,0.36855751626211675,3.154892319935653,1.0445793096630611,0.0,0.0,0.0,"[(4.0, 4.349999999999999), (5.999999999999993, 7.999999999999986)]",2.4499999999999913,True
16,5,37,1103,40811,81.622,10.3837837837838,0.0003,0.00036,"[4.0, 8.0]",2.998456656317769,5.199999999999996,2.1190602811446486,2.642230718698595,2.996625735966119,1.0234414496534137,0.0,0.0,0.0,"[(4.0, 7.999999999999986)]",4.049999999999986,True
16,5,37,1103,40811,81.622,10.39297297297299,0.0003,0.00036,"[4.0, 8.0]",2.918704295246977,7.099999999999989,2.3936187968152005,2.360322716823132,1.6840203343356974,0.3353046950763429,0.0,0.0,0.0,"[(4.0, 7.999999999999986)]",4.049999999999986,True
16,5,37,1103,40811,81.622,10.40216216216218,0.0003,0.00036,"[4.0, 8.0]",2.2363882446962338,7.999999999999986,0.569578237206405,0.5216709868740901,2.236239011839325,0.4900878999754039,0.0,0.0,0.0,"[(4.0, 7.999999999999986)]",4.049999999999986,True
16,5,37,1103,40811,81.622,10.41135135135137,0.0003,0.00036,"[4.0, 8.0]",2.6420926911165346,5.249999999999996,2.1202567184624406,2.572373717553031,2.6417889350950694,0.815780136506466,0.0,0.0,0.0,"[(4.0, 7.999999999999986)]",4.049999999999986,True
16,5,37,1103,40811,81.622,10.420540540540559,0.0003,0.00036,"[4.0, 8.0]",2.1210250415360417,7.7999999999999865,0.5639467664763865,0.14278062448405532,2.117363782076859,0.7376876454252853,0.0,0.0,0.0,"[(4.0, 7.999999999999986)]",4.049999999999986,True
16,5,37,1103,40811,81.622,10.429729729729749,0.0003,0.00036,"[4.0, 8.0]",2.027861219809314,5.199999999999996,1.3742842609580241,1.7098640652583594,2.0265905333608356,0.7025898143786006,0.0,0.0,0.0,"[(4.0, 7.999999999999986)]",4.049999999999986,True
17,3,37,1103,40811,81.622,10.154054054054056,0.0003,0.00036,"[4.0, 8.0]",44.972005564000874,6.549999999999991,39.77920636940146,39.7792932323627,18.503197008637358,4.117933201986331,1.0,1.0,1.0,"[(5.799999999999994, 7.099999999999989)]",1.3499999999999952,True
17,3,37,1103,40811,81.622,10.163243243243246,0.0003,0.00036,"[4.0, 8.0]",44.92425076686473,6.549999999999991,39.809924040349024,39.76444225506923,18.420212600108144,4.097096828326216,1.0,1.0,1.0,"[(5.749999999999994, 7.099999999999989)]",1.399999999999995,True
17,3,37,1103,40811,81.622,10.172432432432435,0.0003,0.00036,"[4.0, 8.0]",44.87188831801759,6.549999999999991,39.84131742482827,39.87363242240463,18.3511956587171,4.082939380675946,1.0,1.0,1.0,"[(5.749999999999994, 7.099999999999989)]",1.399999999999995,True
17,3,37,1103,40811,81.622,10.181621621621625,0.0003,0.00036,"[4.0, 8.0]",44.81322917442613,6.549999999999991,39.87263699094954,40.003898169778644,18.300641894786853,4.074816784776938,1.0,1.0,1.0,"[(5.699999999999994, 7.099999999999989)]",1.4499999999999948,True
17,3,37,1103,40811,81.622,10.190810810810815,0.0003,0.00036,"[4.0, 8.0]",44.7491744002394,6.499999999999991,39.90298906626768,40.05112213518839,18.26052679787233,4.072862541974987,1.0,1.0,1.0,"[(5.699999999999994, 7.099999999999989)]",1.4499999999999948,True
17,3,37,1103,40811,81.622,10.200000000000005,0.0003,0.00036,"[4.0, 8.0]",44.687096015191045,6.499999999999991,39.932198484018194,40.13401135033603,18.259823301213746,4.081512060214607,1.0,1.0,1.0,"[(5.649999999999994, 7.049999999999989)]",1.4499999999999948,True
17,3,37,1103,40811,81.622,10.209189189189194,0.0003,0.00036,"[4.0, 8.0]",44.61734589186375,6.499999999999991,39.95780712670685,40.29923224413956,18.28010887416687,4.0978789697150235,1.0,1.0,1.0,"[(5.599999999999994, 7.049999999999989)]",1.4999999999999947,True
17,3,37,1103,40811,81.622,10.218378378378384,0.0003,0.00036,"[4.0, 8.0]",44.542470175241036,6.449999999999991,39.98012001544181,40.33771010258186,18.315927127740924,4.128117441660672,1.0,1.0,1.0,"[(5.5499999999999945, 7.049999999999989)]",1.5499999999999945,True
17,3,37,1103,40811,81.622,10.227567567567574,0.0003,0.00036,"[4.0, 8.0]",44.46138533695229,6.449999999999991,39.996916137446654,40.47993350858136,18.3818811406831,4.169885903473531,1.0,1.0,1.0,"[(5.449999999999995, 7.049999999999989)]",1.6499999999999941,True
17,3,37,1103,40811,81.622,10.236756756756764,0.0003,0.00036,"[4.0, 8.0]",44.37351842022441,6.3999999999999915,40.00530489216568,40.63123305029724,18.499597448343973,4.2348179759575055,1.0,1.0,1.0,"[(5.399999999999995, 6.999999999999989)]",1.6499999999999941,True
17,3,37,1103,40811,81.622,10.245945945945953,0.0003,0.00036,"[4.0, 8.0]",44.275151284020396,6.349999999999992,40.00124183600481,40.75232490810432,18.64260772177815,4.317872236366985,1.0,1.0,1.0,"[(5.249999999999996, 6.999999999999989)]",1.7999999999999936,True
17,3,37,1103,40811,81.622,10.255135135135143,0.0003,0.00036,"[4.0, 8.0]",44.16115546369796,6.299999999999992,39.977817184732984,40.9264585841247,18.8533380168201,4.436933687053309,1.0,1.0,1.0,"[(5.149999999999996, 6.9499999999999895)]",1.8499999999999934,True
17,3,37,1103,40811,81.622,10.264324324324333,0.0003,0.00036,"[4.0, 8.0]",44.03672156330606,6.249999999999992,39.92898416251444,41.077201855091296,19.120755831864276,4.5829223276414535,1.0,1.0,1.0,"[(4.899999999999997, 6.9499999999999895)]",2.0999999999999925,True
17,3,37,1103,40811,81.622,10.273513513513523,0.0003,0.00036,"[4.0, 8.0]",43.8933646257945,6.199999999999992,39.844266875287886,41.26763082904393,19.439403802968116,4.762167665806638,1.0,1.0,1.0,"[(4.0, 4.0), (4.499999999999998, 6.89999999999999)]",2.499999999999991,True
17,3,37,1103,40811,81.622,10.282702702702712,0.0003,0.00036,"[4.0, 8.0]",43.7395143958079,6.0999999999999925,39.719509374876516,41.42667726898759,19.79197192522131,4.962017342164619,1.0,1.0,1.0,"[(4.0, 6.84999999999999)]",2.8999999999999897,True
17,3,37,1103,40811,81.622,10.291891891891902,0.0003,0.00036,"[4.0, 8.0]",43.56995990041719,5.999999999999993,39.54713237589507,41.581895336949586,20.167656821395475,5.179035301596638,1.0,1.0,1.0,"[(4.0, 6.79999999999999)]",2.84999999999999,True
17,3,37,1103,40811,81.622,10.301081081081092,0.0003,0.00036,"[4.0, 8.0]",43.388108749651394,5.899999999999993,39.31810244407662,41.7133178109577,20.588435067689108,5.407881882133415,1.0,1.0,1.0,"[(4.0, 6.74999999999999)]",2.79999999999999,True
17,3,37,1103,40811,81.622,10.310270270270282,0.0003,0.00036,"[4.0, 8.0]",43.174479631069545,5.799999999999994,38.999663110970204,41.76954541986224,21.08627437100545,5.66470879397117,1.0,1.0,1.0,"[(4.0, 6.69999999999999)]",2.7499999999999902,True
17,3,37,1103,40811,81.622,10.319459459459472,0.0003,0.00036,"[4.0, 8.0]",42.883543586090425,5.649999999999994,38.52267359543436,41.7074155563816,21.70809581111863,5.967038679884024,1.0,1.0,1.0,"[(4.0, 6.599999999999991)]",2.6499999999999906,True
17,3,37,1103,40811,81.622,10.328648648648661,0.0003,0.00036,"[4.0, 8.0]",42.51093125840187,5.449999999999995,37.857593698299524,41.416072536460376,22.423305765819002,6.283420693951295,1.0,1.0,1.0,"[(4.0, 6.499999999999991)]",2.549999999999991,True
17,3,37,1103,40811,81.622,10.337837837837851,0.0003,0.00036,"[4.0, 8.0]",42.00899374107068,5.249999999999996,36.98757697490507,40.77780983795874,23.144892761848382,6.5803254997505825,1.0,1.0,0.9753086419753086,"[(4.0, 6.3999999999999915)]",2.4499999999999913,True
17,3,37,1103,40811,81.622,10.34702702702704,0.0003,0.00036,"[4.0, 8.0]",41.38317299163407,5.099999999999996,36.01745721780613,39.90870108837881,23.720130629836017,6.807593530981958,1.0,1.0,0.9629629629629629,"[(4.0, 6.299999999999992)]",2.3499999999999917,True
17,3,37,1103,40811,81.622,10.35621621621623,0.0003,0.00036,"[4.0, 8.0]",40.507273762969646,4.9999999999999964,34.80618156900768,38.61608561399606,24.231616851365953,6.99907334173111,1.0,0.9876543209876543,0.9382716049382716,"[(4.0, 6.199999999999992)]",2.249999999999992,True
17,3,37,1103,40811,81.622,10.36540540540542,0.0003,0.00036,"[4.0, 8.0]",39.051731299830934,4.899999999999997,33.0136625142544,36.7246794922767,24.67503553124748,7.1730920782474,0.9876543209876543,0.9629629629629629,0.9135802469135802,"[(4.0, 6.0999999999999925)]",2.1499999999999924,True
17,3,37,1103,40811,81.622,10.37459459459461,0.0003,0.00036,"[4.0, 8.0]",37.08043779532559,4.899999999999997,30.807456055230073,34.42185058504157,24.910885592857113,7.272216287631958,0.9506172839506173,0.9259259259259259,0.8765432098765432,"[(4.0, 6.049999999999993)]",2.0999999999999925,True
17,3,37,1103,40811,81.622,10.3837837837838,0.0003,0.00036,"[4.0, 8.0]",34.95742983225441,4.899999999999997,28.573202879470752,32.11193284682471,24.913836193143972,7.294870665141036,0.9135802469135802,0.8888888888888888,0.8271604938271605,"[(4.0, 5.999999999999993)]",2.0499999999999927,True
17,3,37,1103,40811,81.622,10.39297297297299,0.0003,0.00036,"[4.0, 8.0]",32.08444731169123,4.849999999999997,25.6539987711062,29.122970679984807,24.793044495491372,7.275360848282262,0.8765432098765432,0.8395061728395061,0.7777777777777778,"[(4.0, 5.999999999999993)]",2.0499999999999927,True
17,3,37,1103,40811,81.622,10.40216216216218,0.0003,0.00036,"[4.0, 8.0]",28.064206538131643,4.899999999999997,21.64035881336988,25.030003667178953,24.537811954445157,7.220828708037093,0.7901234567901234,0.7530864197530864,0.6790123456790124,"[(4.0, 5.949999999999993)]",1.999999999999993,True
17,3,37,1103,40811,81.622,10.41135135135137,0.0003,0.00036,"[4.0, 8.0]",24.363134691200425,4.849999999999997,17.988442942984364,21.32549266641343,23.75730454712781,7.137711930392341,0.7160493827160493,0.654320987654321,0.5555555555555556,"[(4.0, 5.949999999999993)]",1.999999999999993,True
17,3,37,1103,40811,81.622,10.420540540540559,0.0003,0.00036,"[4.0, 8.0]",18.91433100812067,4.899999999999997,12.848784256272669,15.868340374498054,18.906841819628045,6.494458162145377,0.5432098765432098,0.4444444444444444,0.0,"[(4.0, 5.949999999999993)]",1.999999999999993,True
17,3,37,1103,40811,81.622,10.429729729729749,0.0003,0.00036,"[4.0, 8.0]",12.859634549393775,4.899999999999997,8.330763554747973,9.828733762672933,12.847799258351824,4.369786990907153,0.0,0.0,0.0,"[(4.0, 5.949999999999993)]",1.999999999999993,True
17,4,38,1074,40812,81.624,9.886842105263158,0.0003,0.00036,"[4.0, 8.0]",40.347838942531276,4.6999999999999975,32.36258492092405,36.62331862748437,31.180327579412236,9.184834949470334,0.9259259259259259,0.9012345679012346,0.8518518518518519,"[(4.0, 5.849999999999993)]",1.8999999999999932,True
17,4,38,1074,40812,81.624,9.89578947368421,0.0003,0.00036,"[4.0, 8.0]",39.87966862077085,4.649999999999998,31.869558141789913,36.05562315796763,31.014020689007307,9.147494417315182,0.9135802469135802,0.8888888888888888,0.8518518518518519,"[(4.0, 5.849999999999993)]",1.8999999999999932,True
17,4,38,1074,40812,81.624,9.904736842105264,0.0003,0.00036,"[4.0, 8.0]",39.334385814366954,4.649999999999998,31.300780899152503,35.404852031549325,30.830261951774183,9.106505971054387,0.9135802469135802,0.8888888888888888,0.8395061728395061,"[(4.0, 5.799999999999994)]",1.8499999999999934,True
17,4,38,1074,40812,81.624,9.913684210526316,0.0003,0.00036,"[4.0, 8.0]",38.722896049144644,4.649999999999998,30.676220135284233,34.704178054114436,30.639319631190133,9.059173167154988,0.9012345679012346,0.8765432098765432,0.8271604938271605,"[(4.0, 5.799999999999994)]",1.8499999999999934,True
17,4,38,1074,40812,81.624,9.92263157894737,0.0003,0.00036,"[4.0, 8.0]",38.02678594241139,4.649999999999998,29.974894308806057,33.923932753133954,30.417231726472703,9.00522779243913,0.9012345679012346,0.8641975308641975,0.8271604938271605,"[(4.0, 5.799999999999994)]",1.8499999999999934,True
17,4,38,1074,40812,81.624,9.931578947368422,0.0003,0.00036,"[4.0, 8.0]",37.23477654195228,4.649999999999998,29.185504204476157,33.06432960079889,30.163588356281306,8.944569190490991,0.8888888888888888,0.8518518518518519,0.8148148148148148,"[(4.0, 5.799999999999994)]",1.8499999999999934,True
17,4,38,1074,40812,81.624,9.940526315789475,0.0003,0.00036,"[4.0, 8.0]",36.36702414950248,4.599999999999998,28.331104964387304,32.13741347019336,29.890969539330804,8.87642021536814,0.8765432098765432,0.8395061728395061,0.7901234567901234,"[(4.0, 5.749999999999994)]",1.7999999999999936,True
17,4,38,1074,40812,81.624,9.949473684210528,0.0003,0.00036,"[4.0, 8.0]",35.39643244109537,4.649999999999998,27.388458771431498,31.126797392975885,29.584652608150186,8.799123006113136,0.8641975308641975,0.8271604938271605,0.7777777777777778,"[(4.0, 5.749999999999994)]",1.7999999999999936,True
17,4,38,1074,40812,81.624,9.95842105263158,0.0003,0.00036,"[4.0, 8.0]",34.34581238145653,4.649999999999998,26.375428228599144,30.04604879167426,29.24308749321491,8.714788338844954,0.8518518518518519,0.8148148148148148,0.7654320987654321,"[(4.0, 5.749999999999994)]",1.7999999999999936,True
17,4,38,1074,40812,81.624,9.967368421052633,0.0003,0.00036,"[4.0, 8.0]",33.23544214609144,4.649999999999998,25.311696622314237,28.922580835015125,28.877487278605315,8.622532337334292,0.8271604938271605,0.8024691358024691,0.7407407407407407,"[(4.0, 5.749999999999994)]",1.7999999999999936,True
17,4,38,1074,40812,81.624,9.976315789473686,0.0003,0.00036,"[4.0, 8.0]",32.013964582884846,4.599999999999998,24.152369737404793,27.69997688810814,28.466486614597404,8.521875019070336,0.8148148148148148,0.7777777777777778,0.7160493827160493,"[(4.0, 5.749999999999994)]",1.7999999999999936,True
17,4,38,1074,40812,81.624,9.985263157894739,0.0003,0.00036,"[4.0, 8.0]",30.69651891512865,4.599999999999998,22.90711000231014,26.382002892235757,27.989289278065307,8.413102537454286,0.7901234567901234,0.7530864197530864,0.691358024691358,"[(4.0, 5.749999999999994)]",1.7999999999999936,True
17,4,38,1074,40812,81.624,9.994210526315792,0.0003,0.00036,"[4.0, 8.0]",29.23298470986537,4.599999999999998,21.525887008464807,24.936448211452923,27.411445539264975,8.290901801465514,0.7654320987654321,0.7283950617283951,0.654320987654321,"[(4.0, 5.749999999999994)]",1.7999999999999936,True
17,4,38,1074,40812,81.624,10.003157894736844,0.0003,0.00036,"[4.0, 8.0]",27.4957471848007,4.599999999999998,19.895487626302458,23.21765477912441,26.601033324080316,8.14245919251552,0.7283950617283951,0.691358024691358,0.6049382716049383,"[(4.0, 5.749999999999994)]",1.7999999999999936,True
17,4,38,1074,40812,81.624,10.012105263157897,0.0003,0.00036,"[4.0, 8.0]",25.551297838192234,4.549999999999998,18.082341526948074,21.310679499051616,25.373059000029002,7.953699006953852,0.691358024691358,0.6419753086419753,0.5432098765432098,"[(4.0, 5.749999999999994)]",1.7999999999999936,True
17,4,38,1074,40812,81.624,10.02105263157895,0.0003,0.00036,"[4.0, 8.0]",23.417114791964245,4.549999999999998,16.120518366399946,19.213593139238025,23.412805975632583,7.687209538118721,0.6419753086419753,0.5802469135802469,0.4691358024691358,"[(4.0, 5.749999999999994)]",1.7999999999999936,True
17,4,38,1074,40812,81.624,10.030000000000003,0.0003,0.00036,"[4.0, 8.0]",21.1281255457262,4.599999999999998,14.083133259295852,16.96786960303964,21.115098024947248,7.278726919911269,0.5679012345679012,0.49382716049382713,0.3333333333333333,"[(4.0, 5.749999999999994)]",1.7999999999999936,True
17,4,38,1074,40812,81.624,10.038947368421056,0.0003,0.00036,"[4.0, 8.0]",18.869765832926173,4.599999999999998,12.179586020641315,14.754651738505235,18.864051123824343,6.706292530802408,0.49382716049382713,0.3950617283950617,0.0,"[(4.0, 5.749999999999994)]",1.7999999999999936,True
17,4,38,1074,40812,81.624,10.047894736842109,0.0003,0.00036,"[4.0, 8.0]",16.38243784851373,4.599999999999998,10.252469100574839,12.294915341564483,16.381537033186,5.876793460153442,0.35802469135802467,0.0,0.0,"[(4.0, 5.799999999999994)]",1.8499999999999934,True
17,4,38,1074,40812,81.624,10.056842105263161,0.0003,0.00036,"[4.0, 8.0]",13.216688150273887,4.599999999999998,8.132420121369938,9.11092962872486,13.215544950710711,4.624480011856652,0.0,0.0,0.0,"[(4.0, 5.749999999999994)]",1.7999999999999936,True
17,4,38,1074,40812,81.624,10.065789473684214,0.0003,0.00036,"[4.0, 8.0]",13.01436905205277,7.999999999999986,6.206875385200602,7.2259248515762735,13.009998641487526,3.4603536002517057,0.0,0.0,0.0,"[(7.849999999999986, 7.999999999999986)]",0.1999999999999993,True
17,4,38,1074,40812,81.624,10.074736842105267,0.0003,0.00036,"[4.0, 8.0]",17.452751269371763,7.999999999999986,5.095212043334433,4.665426113858167,17.448582330753702,4.19217054918567,0.04938271604938271,0.012345679012345678,0.0,"[(7.7999999999999865, 7.999999999999986)]",0.2499999999999991,True
17,4,38,1074,40812,81.624,10.08368421052632,0.0003,0.00036,"[4.0, 8.0]",21.991763152183232,7.999999999999986,5.412441316755985,0.9053796126848325,21.99158563037684,6.650130167667106,0.13580246913580246,0.09876543209876543,0.037037037037037035,"[(7.7999999999999865, 7.999999999999986)]",0.2499999999999991,True
17,4,38,1074,40812,81.624,10.092631578947373,0.0003,0.00036,"[4.0, 8.0]",27.698133562983465,7.999999999999986,10.629361976034179,7.934829275840403,24.693366357848575,7.661804867568774,0.2839506172839506,0.2345679012345679,0.1728395061728395,"[(7.749999999999987, 7.999999999999986)]",0.29999999999999893,True
17,4,38,1074,40812,81.624,10.101578947368425,0.0003,0.00036,"[4.0, 8.0]",31.915731188222267,7.999999999999986,19.42972820791849,17.179375409677814,18.915446626337562,6.351726355875619,0.6049382716049383,0.5061728395061729,0.3950617283950617,"[(7.499999999999988, 7.999999999999986)]",0.549999999999998,True
17,4,38,1074,40812,81.624,10.110526315789478,0.0003,0.00036,"[4.0, 8.0]",29.210237969838445,7.099999999999989,24.500314091069885,23.78960275267056,10.79511018263241,2.9303991746474347,1.0,1.0,0.9753086419753086,"[(6.249999999999992, 7.549999999999987)]",1.3499999999999952,True
17,4,38,1074,40812,81.624,10.119473684210531,0.0003,0.00036,"[4.0, 8.0]",22.45351875489986,5.149999999999996,15.920760075524438,18.016462635302098,22.31723322368649,6.125182748550448,0.5925925925925926,0.5308641975308642,0.3950617283950617,"[(4.299999999999999, 5.999999999999993)]",1.7499999999999938,True
17,4,38,1074,40812,81.624,10.128421052631584,0.0003,0.00036,"[4.0, 8.0]",7.361170106981393,7.999999999999986,4.393860576280833,5.0841373705059345,7.3586846585671095,2.2064505158113423,0.0,0.0,0.0,"[(4.399999999999999, 5.749999999999994), (7.099999999999989, 7.999999999999986)]",2.3499999999999917,True
17,4,38,1074,40812,81.624,10.137368421052637,0.0003,0.00036,"[4.0, 8.0]",9.072446444897622,5.049999999999996,7.326700645030985,8.434712504427344,6.735231617401414,2.1010329717054055,0.0,0.0,0.0,"[(4.0, 6.999999999999989)]",3.049999999999989,True
17,4,38,1074,40812,81.624,10.14631578947369,0.0003,0.00036,"[4.0, 8.0]",6.161876652151923,6.69999999999999,5.907237364256793,5.893851997918619,0.6887297731624358,0.16867850766853232,0.0,0.0,0.0,"[(4.0, 7.999999999999986)]",4.049999999999986,True
17,4,38,1074,40812,81.624,10.155263157894742,0.0003,0.00036,"[4.0, 8.0]",1.812670812467908,5.049999999999996,1.1156347297088283,1.297062205154066,1.561601324321614,0.5808962170106009,0.0,0.0,0.0,"[(4.0, 7.999999999999986)]",4.049999999999986,True
17,5,39,1046,40794,81.58800000000001,9.633333333333335,0.0003,0.00036,"[4.0, 8.0]",18.93336332891027,4.399999999999999,11.452323081871537,13.465825305806362,18.93305326020558,6.838425932955345,0.4444444444444444,0.3333333333333333,0.0,"[(4.0, 5.5499999999999945)]",1.5999999999999943,True
17,5,39,1046,40794,81.58800000000001,9.642051282051284,0.0003,0.00036,"[4.0, 8.0]",17.531424107672517,4.349999999999999,10.446421046537628,12.126540019221379,17.52815321989293,6.3308865445779885,0.37037037037037035,0.2222222222222222,0.0,"[(4.0, 5.5499999999999945)]",1.5999999999999943,True
17,5,39,1046,40794,81.58800000000001,9.650769230769233,0.0003,0.00036,"[4.0, 8.0]",16.036471740153992,4.349999999999999,9.427822645234324,10.689597820913717,16.032704253856995,5.7581410060329015,0.2716049382716049,0.0,0.0,"[(4.0, 5.5499999999999945)]",1.5999999999999943,True
17,5,39,1046,40794,81.58800000000001,9.659487179487183,0.0003,0.00036,"[4.0, 8.0]",14.408601099881812,4.349999999999999,8.397078635217735,9.115604622848837,14.407946888620211,5.112490998658197,0.0,0.0,0.0,"[(4.0, 5.599999999999994)]",1.6499999999999941,True
17,5,39,1046,40794,81.58800000000001,9.668205128205132,0.0003,0.00036,"[4.0, 8.0]",12.672506984646432,4.349999999999999,7.398056271273025,8.042526218466227,12.672340319109928,4.430864114141525,0.0,0.0,0.0,"[(4.0, 5.599999999999994)]",1.6499999999999941,True
17,5,39,1046,40794,81.58800000000001,9.676923076923082,0.0003,0.00036,"[4.0, 8.0]",11.064674275800375,7.999999999999986,6.4917648397411165,7.380775904356623,11.062255443991322,3.810671787017789,0.0,0.0,0.0,"[(4.0, 5.5499999999999945), (7.7999999999999865, 7.999999999999986)]",1.8499999999999934,True
17,5,39,1046,40794,81.58800000000001,9.685641025641031,0.0003,0.00036,"[4.0, 8.0]",12.870059220848468,7.999999999999986,5.680839708244406,6.35473662083612,12.86633912835282,3.4050035981171933,0.0,0.0,0.0,"[(7.7999999999999865, 7.999999999999986)]",0.2499999999999991,True
17,5,39,1046,40794,81.58800000000001,9.69435897435898,0.0003,0.00036,"[4.0, 8.0]",14.82718451520123,7.999999999999986,5.052235899529055,5.326870680097221,14.823267159407074,3.52214531694982,0.0,0.0,0.0,"[(7.7999999999999865, 7.999999999999986)]",0.2499999999999991,True
17,5,39,1046,40794,81.58800000000001,9.70307692307693,0.0003,0.00036,"[4.0, 8.0]",16.929575461330803,7.999999999999986,4.7206117049065615,3.851836714319787,16.92940200438259,4.321840161377027,0.04938271604938271,0.0,0.0,"[(7.7999999999999865, 7.999999999999986)]",0.2499999999999991,True
17,5,39,1046,40794,81.58800000000001,9.71179487179488,0.0003,0.00036,"[4.0, 8.0]",19.2296140606553,7.999999999999986,4.92262932341129,1.7752398435139387,19.229266861352464,5.637938291779947,0.09876543209876543,0.04938271604938271,0.0,"[(7.749999999999987, 7.999999999999986)]",0.29999999999999893,True
17,5,39,1046,40794,81.58800000000001,9.720512820512829,0.0003,0.00036,"[4.0, 8.0]",21.89085387444053,7.999999999999986,6.345147865061865,3.4459749204634456,21.890839407069013,6.935458561818681,0.1728395061728395,0.12345679012345678,0.04938271604938271,"[(7.749999999999987, 7.999999999999986)]",0.29999999999999893,True
17,5,39,1046,40794,81.58800000000001,9.729230769230778,0.0003,0.00036,"[4.0, 8.0]",24.91890182928128,7.999999999999986,9.776355212271728,7.7371228845186755,22.75406781063282,7.1217790614615115,0.25925925925925924,0.20987654320987653,0.12345679012345678,"[(7.699999999999987, 7.999999999999986)]",0.34999999999999876,True
17,5,39,1046,40794,81.58800000000001,9.737948717948727,0.0003,0.00036,"[4.0, 8.0]",28.255138028505797,7.999999999999986,14.380139394773314,12.531652895763933,21.005986044451326,6.584712679975662,0.4074074074074074,0.3333333333333333,0.2345679012345679,"[(7.699999999999987, 7.999999999999986)]",0.34999999999999876,True
17,5,39,1046,40794,81.58800000000001,9.746666666666677,0.0003,0.00036,"[4.0, 8.0]",31.540316491861105,7.999999999999986,19.26771861893435,17.60154766196416,18.763534306172225,5.965865626923338,0.6419753086419753,0.5308641975308642,0.3950617283950617,"[(7.599999999999987, 7.999999999999986)]",0.4499999999999984,True
17,5,39,1046,40794,81.58800000000001,9.755384615384626,0.0003,0.00036,"[4.0, 8.0]",33.55469344207706,7.999999999999986,24.02984287043193,22.801652337722903,15.241074590065715,5.042955082570457,1.0,1.0,0.6666666666666666,"[(7.399999999999988, 7.999999999999986)]",0.6499999999999977,True
17,5,39,1046,40794,81.58800000000001,9.764102564102576,0.0003,0.00036,"[4.0, 8.0]",31.175480966741674,7.999999999999986,27.379370077489376,27.359983910147307,7.77453959113609,2.9085324995191666,1.0,1.0,1.0,"[(6.249999999999992, 7.999999999999986)]",1.7999999999999936,True
17,5,39,1046,40794,81.58800000000001,9.772820512820525,0.0003,0.00036,"[4.0, 8.0]",26.934797225522903,5.749999999999994,24.505296110733347,25.6171211240731,8.025437381515228,2.6657856913157874,1.0,1.0,0.8641975308641975,"[(4.0, 6.84999999999999)]",2.8999999999999897,True
17,5,39,1046,40794,81.58800000000001,9.781538461538474,0.0003,0.00036,"[4.0, 8.0]",11.44230537435318,7.299999999999988,5.707836301277641,5.52772361556518,11.441564105752512,4.668611419804824,0.0,0.0,0.0,"[(6.349999999999992, 7.999999999999986)]",1.699999999999994,True
17,5,39,1046,40794,81.58800000000001,9.790256410256424,0.0003,0.00036,"[4.0, 8.0]",9.064884551762207,4.949999999999997,6.516164606587819,7.339607044181406,6.217452360383701,2.3069919753945887,0.0,0.0,0.0,"[(4.0, 6.349999999999992)]",2.3999999999999915,True
17,5,39,1046,40794,81.58800000000001,9.798974358974373,0.0003,0.00036,"[4.0, 8.0]",8.208040140026222,6.149999999999992,7.864932280135122,8.10038992212794,2.792141922445216,0.5855992438017074,0.0,0.0,0.0,"[(4.0, 7.999999999999986)]",4.049999999999986,True
17,5,39,1046,40794,81.58800000000001,9.807692307692323,0.0003,0.00036,"[4.0, 8.0]",6.3487547624001595,7.999999999999986,5.345885174354278,5.46697005652816,1.678218773994982,0.417096199922783,0.0,0.0,0.0,"[(4.0, 7.999999999999986)]",4.049999999999986,True
17,5,39,1046,40794,81.58800000000001,9.816410256410272,0.0003,0.00036,"[4.0, 8.0]",2.591766903459182,5.949999999999993,2.050938099180143,2.5174719282241846,2.589037280041279,0.8246072847699362,0.0,0.0,0.0,"[(4.0, 7.999999999999986)]",4.049999999999986,True
17,5,39,1046,40794,81.58800000000001,9.825128205128221,0.0003,0.00036,"[4.0, 8.0]",6.230619740894015,5.049999999999996,5.894707382076351,6.0806420277781115,2.1543294565024746,0.45416100515441665,0.0,0.0,0.0,"[(4.0, 7.999999999999986)]",4.049999999999986,True
17,5,39,1046,40794,81.58800000000001,9.83384615384617,0.0003,0.00036,"[4.0, 8.0]",3.744413729978105,7.999999999999986,0.5308591157583558,0.023560641650002098,3.7425689562435958,0.9514966495592959,0.0,0.0,0.0,"[(7.149999999999989, 7.999999999999986)]",0.8999999999999968,True
17,5,39,1046,40794,81.58800000000001,9.84256410256412,0.0003,0.00036,"[4.0, 8.0]",4.4011780363743584,4.899999999999997,3.421046745220583,4.127004265393939,4.395933182784873,1.3136198106919839,0.0,0.0,0.0,"[(4.0, 7.499999999999988)]",3.5499999999999874,True
17,5,39,1046,40794,81.58800000000001,9.85128205128207,0.0003,0.00036,"[4.0, 8.0]",4.057386234273917,7.349999999999988,3.5815455255051503,3.459885419136323,1.074865154373919,0.2598629991517981,0.0,0.0,0.0,"[(4.0, 7.999999999999986)]",4.049999999999986,True
17,5,39,1046,40794,81.58800000000001,9.860000000000019,0.0003,0.00036,"[4.0, 8.0]",2.3374344036304064,7.999999999999986,0.9217961718170289,1.089552292577142,2.3372945185436795,0.5256007589063341,0.0,0.0,0.0,"[(4.0, 7.999999999999986)]",4.049999999999986,True
17,5,39,1046,40794,81.58800000000001,9.868717948717968,0.0003,0.00036,"[4.0, 8.0]",3.8243426524117528,4.949999999999997,3.160759745792713,3.712635197064385,3.790278785791901,1.0299643734672443,0.0,0.0,0.0,"[(4.0, 7.749999999999987)]",3.7999999999999865,True
17,5,39,1046,40794,81.58800000000001,9.877435897435918,0.0003,0.00036,"[4.0, 8.0]",2.8583405826740345,7.7999999999999865,1.021622660634342,0.49802940348757035,2.6300593843618794,0.9209263660871192,0.0,0.0,0.0,"[(4.0, 7.999999999999986)]",4.049999999999986,True
17,5,39,1046,40794,81.58800000000001,9.886153846153867,0.0003,0.00036,"[4.0, 8.0]",2.626878389837328,4.899999999999997,1.7732825228307583,2.2752529644191823,2.624190135689709,0.9205656575670816,0.0,0.0,0.0,"[(4.0, 7.999999999999986)]",4.049999999999986,True
17,5,39,1046,40794,81.58800000000001,9.894871794871817,0.0003,0.00036,"[4.0, 8.0]",2.5375758297624214,7.199999999999989,1.8491318392608278,1.708067223581137,1.6036242332986679,0.39804748832380454,0.0,0.0,0.0,"[(4.0, 7.999999999999986)]",4.049999999999986,True
