pump_GHz,signal_GHz,gain_db
10.3,2.0,0.7383225003896409
10.3,2.1,0.8246700270562185
10.3,2.2,0.8407537264348998
10.3,2.3000000000000003,0.7944646266663697
10.3,2.4000000000000004,0.7001169622391318
10.3,2.5000000000000004,0.5757599674641201
10.3,2.6000000000000005,0.4394939499275338
10.3,2.7000000000000006,0.30678059785803213
10.3,2.8000000000000007,0.18988304343200096
10.3,2.900000000000001,0.0980703985973004
10.3,3.000000000000001,0.03639418417342014
10.3,3.100000000000001,0.005249987532122707
10.3,3.200000000000001,0.0015590701428020123
10.3,3.300000000000001,0.02067568950606174
10.3,3.4000000000000012,0.05749283569787849
10.3,3.5000000000000013,0.10680182616974085
10.3,3.6000000000000014,0.16329531181698326
10.3,3.7000000000000015,0.2219627906566057
10.3,3.8000000000000016,0.27926805030715157
10.3,3.9000000000000017,0.33307610160797724
10.3,4.000000000000002,0.38215970983609016
10.3,4.100000000000001,0.4261101208495885
10.3,4.200000000000002,0.46470844093059954
10.3,4.3000000000000025,0.49782912308411614
10.3,4.400000000000002,0.525571449942049
10.3,4.500000000000002,0.5482202208741975
10.3,4.600000000000002,0.5664908559120538
10.3,4.700000000000003,0.5808452436110214
10.3,4.8000000000000025,0.5918480001536226
10.3,4.900000000000002,0.5998894508223671
10.3,5.000000000000003,0.6051691952812467
10.3,5.100000000000003,0.6077909504918039
10.3,5.200000000000003,0.6077875775905969
10.3,5.3000000000000025,0.6051602321208768
10.3,5.400000000000003,0.5998730441769082
10.3,5.5000000000000036,0.591824513419187
10.3,5.600000000000003,0.5808122699205861
10.3,5.700000000000003,0.5664477028120969
10.3,5.800000000000003,0.5481655807454572
10.3,5.900000000000004,0.5255031058903292
10.3,6.0000000000000036,0.4977461585749298
10.3,6.100000000000003,0.46460818260898695
10.3,6.200000000000004,0.4259915593422215
10.3,6.300000000000004,0.38199690684012083
10.3,6.400000000000004,0.3328962767782532
10.3,6.5000000000000036,0.2791012999277428
10.3,6.600000000000004,0.2217877415066499
10.3,6.700000000000005,0.1630947756905625
10.3,6.800000000000004,0.10665819301001787
10.3,6.900000000000004,0.057370998394340886
10.3,7.000000000000004,0.020572044396770347
10.3,7.100000000000005,0.0015308148301549673
10.3,7.200000000000005,0.00530664678062149
10.3,7.300000000000004,0.03653815942735728
10.3,7.400000000000005,0.0983399899380161
10.3,7.500000000000005,0.19029138929508665
10.3,7.600000000000005,0.3072137438942447
10.3,7.700000000000005,0.4400170720503907
10.3,7.800000000000005,0.5762530705239826
10.3,7.900000000000006,0.7005871530256315
10.3,8.000000000000005,0.794806054552575
10.3,8.100000000000005,0.8408974467427798
10.3,8.200000000000006,0.8245509558503205
10.3,8.300000000000006,0.7379345082449098
10.3,8.400000000000006,0.5828430722114455
10.3,8.500000000000005,0.3786332929863002
10.3,8.600000000000005,0.16976989834886322
10.3,8.700000000000006,0.024530336270622316
10.3,8.800000000000006,0.018953350430042863
10.3,8.900000000000006,0.19686388063476196
10.3,9.000000000000007,0.5264364030974149
10.3,9.100000000000007,0.9000684389683645
10.3,9.200000000000006,1.1769799973726132
10.3,9.300000000000006,1.2242303072435932
10.3,9.400000000000006,0.9595478164038101
10.3,9.500000000000007,0.43103352771520287
10.3,9.600000000000007,0.008920762429902465
10.3,9.700000000000006,0.4168061204936334
10.3,9.800000000000008,1.819704418038639
10.3,9.900000000000007,3.402881613328039
10.3,10.000000000000007,4.392291507199706
10.4,2.0,0.6940290664425204
10.4,2.1,0.5684170965214836
10.4,2.2,0.41440159703956303
10.4,2.3000000000000003,0.26035843578746226
10.4,2.4000000000000004,0.130420242261852
10.4,2.5000000000000004,0.04221087291909063
10.4,2.6000000000000005,0.0026235870124780318
10.4,2.7000000000000006,0.008969244911587942
10.4,2.8000000000000007,0.0523012050915453
10.4,2.900000000000001,0.12130963349627515
10.4,3.000000000000001,0.20441029668448155
10.4,3.100000000000001,0.2911739881657825
10.4,3.200000000000001,0.3734767586157802
10.4,3.300000000000001,0.4465274679659265
10.4,3.4000000000000012,0.507709763428891
10.4,3.5000000000000013,0.5560280606610055
10.4,3.6000000000000014,0.5911802634715053
10.4,3.7000000000000015,0.6136880996548906
10.4,3.8000000000000016,0.625071783639234
10.4,3.9000000000000017,0.6273735895344816
10.4,4.000000000000002,0.6226820705262328
10.4,4.100000000000001,0.6128342326399465
10.4,4.200000000000002,0.5992150840969119
10.4,4.3000000000000025,0.5831501800940027
10.4,4.400000000000002,0.5658539324194154
10.4,4.500000000000002,0.5485020857954396
10.4,4.600000000000002,0.5321011161403989
10.4,4.700000000000003,0.5173303463530711
10.4,4.8000000000000025,0.5047415723524373
10.4,4.900000000000002,0.4945660620612279
10.4,5.000000000000003,0.4870392662847894
10.4,5.100000000000003,0.48248927442547856
10.4,5.200000000000003,0.4808853186974737
10.4,5.3000000000000025,0.4824974674660931
10.4,5.400000000000003,0.48705674832154106
10.4,5.5000000000000036,0.4945919747812264
10.4,5.600000000000003,0.5047757245325463
10.4,5.700000000000003,0.5173708844523809
10.4,5.800000000000003,0.5321486395172899
10.4,5.900000000000004,0.5485538718967018
10.4,6.0000000000000036,0.5659081348214047
10.4,6.100000000000003,0.5832036385828089
10.4,6.200000000000004,0.5992659459393141
10.4,6.300000000000004,0.6128778022741925
10.4,6.400000000000004,0.6227234111177347
10.4,6.5000000000000036,0.6273957328670131
10.4,6.600000000000004,0.6250700699780792
10.4,6.700000000000005,0.6136590467248538
10.4,6.800000000000004,0.5911103366876373
10.4,6.900000000000004,0.555943692419022
10.4,7.000000000000004,0.5075899095324674
10.4,7.100000000000005,0.44633143449515883
10.4,7.200000000000005,0.3732663791604277
10.4,7.300000000000004,0.2909391340394601
10.4,7.400000000000005,0.2041918633692304
10.4,7.500000000000005,0.12108599785545994
10.4,7.600000000000005,0.052114904981043125
10.4,7.700000000000005,0.00889527607835008
10.4,7.800000000000005,0.0026715613581196236
10.4,7.900000000000006,0.04239928342021405
10.4,8.000000000000005,0.13083037432661235
10.4,8.100000000000005,0.26085054742847347
10.4,8.200000000000006,0.4149610408815463
10.4,8.300000000000006,0.5689865721674512
10.4,8.400000000000006,0.6944215941794872
10.4,8.500000000000005,0.7617783471828066
10.4,8.600000000000005,0.7472471891531094
10.4,8.700000000000006,0.6398795074495979
10.4,8.800000000000006,0.44948688837343204
10.4,8.900000000000006,0.2202068043690808
10.4,9.000000000000007,0.0391429537374503
10.4,9.100000000000007,0.015880199462763478
10.4,9.200000000000006,0.2156562727905362
10.4,9.300000000000006,0.5845153792073994
10.4,9.400000000000006,0.9534936677712186
10.4,9.500000000000007,1.1216020588958904
10.4,9.600000000000007,0.9371608467673077
10.4,9.700000000000006,0.4144974180937797
10.4,9.800000000000008,0.0010248731129314276
10.4,9.900000000000007,0.5987215491064994
10.4,10.000000000000007,2.1940350532675543
10.5,2.0,0.14594783290298358
10.5,2.1,0.03879096960283033
10.5,2.2,0.00011892886459467004
10.5,2.3000000000000003,0.026916944501913752
10.5,2.4000000000000004,0.10248450924512384
10.5,2.5000000000000004,0.20489661754187385
10.5,2.6000000000000005,0.31301363827913464
10.5,2.7000000000000006,0.41025823536823636
10.5,2.8000000000000007,0.4868079179025587
10.5,2.900000000000001,0.5385296499162155
10.5,3.000000000000001,0.5648092812796682
10.5,3.100000000000001,0.5672891867743699
10.5,3.200000000000001,0.5493950444327763
10.5,3.300000000000001,0.515723254657305
10.5,3.4000000000000012,0.47085877178134566
10.5,3.5000000000000013,0.41880935594765445
10.5,3.6000000000000014,0.3630376055715233
10.5,3.7000000000000015,0.30700257851006574
10.5,3.8000000000000016,0.25364651262038124
10.5,3.9000000000000017,0.20529567094174944
10.5,4.000000000000002,0.16318683091573247
10.5,4.100000000000001,0.12744077873861806
10.5,4.200000000000002,0.09761060880918593
10.5,4.3000000000000025,0.07309359846791068
10.5,4.400000000000002,0.05343373059160711
10.5,4.500000000000002,0.0381513417203894
10.5,4.600000000000002,0.026697625675296238
10.5,4.700000000000003,0.018515205487470265
10.5,4.8000000000000025,0.01286976556353778
10.5,4.900000000000002,0.009142343723905157
10.5,5.000000000000003,0.006788878727525751
10.5,5.100000000000003,0.005439386241809469
10.5,5.200000000000003,0.004824834023346084
10.5,5.3000000000000025,0.004825466366744164
10.5,5.400000000000003,0.005441699065972069
10.5,5.5000000000000036,0.006793165847406535
10.5,5.600000000000003,0.009149416719441193
10.5,5.700000000000003,0.01288063354755285
10.5,5.800000000000003,0.018531015217191797
10.5,5.900000000000004,0.026720023567207173
10.5,6.0000000000000036,0.03818218807732011
10.5,6.100000000000003,0.05347469024751603
10.5,6.200000000000004,0.07314700783290314
10.5,6.300000000000004,0.09767754128498865
10.5,6.400000000000004,0.1275224790498325
10.5,6.5000000000000036,0.16330634956620377
10.5,6.600000000000004,0.2054328142511874
10.5,6.700000000000005,0.253774152531278
10.5,6.800000000000004,0.3071418591374614
10.5,6.900000000000004,0.36320639117471665
10.5,7.000000000000004,0.4189336026286836
10.5,7.100000000000005,0.4709765602575711
10.5,7.200000000000005,0.5158559137721576
10.5,7.300000000000004,0.5494814676137083
10.5,7.400000000000005,0.5673324136821839
10.5,7.500000000000005,0.564797852247622
10.5,7.600000000000005,0.538454199990732
10.5,7.700000000000005,0.4866505870418518
10.5,7.800000000000005,0.41006762111253203
10.5,7.900000000000006,0.3127558883192503
10.5,8.000000000000005,0.2046429936919758
10.5,8.100000000000005,0.10220505291130992
10.5,8.200000000000006,0.02676868879461223
10.5,8.300000000000006,0.000130237659965132
10.5,8.400000000000006,0.03901766008208119
10.5,8.500000000000005,0.14633604351211701
10.5,8.600000000000005,0.30453955705671376
10.5,8.700000000000006,0.47818295219572315
10.5,8.800000000000006,0.6214490342566461
10.5,8.900000000000006,0.6873563774136253
10.5,9.000000000000007,0.6411566568336348
10.5,9.100000000000007,0.47666554764800134
10.5,9.200000000000006,0.23712660772038618
10.5,9.300000000000006,0.03621686650609405
10.5,9.400000000000006,0.029943523274184317
10.5,9.500000000000007,0.2943733968602216
10.5,9.600000000000007,0.7047559076022253
10.5,9.700000000000006,0.9849186041434652
10.5,9.800000000000008,0.8791528828828039
10.5,9.900000000000007,0.35384287447557305
10.5,10.000000000000007,0.009757937737386221
10.6,2.0,0.10784466493833306
10.6,2.1,0.22966575105684398
10.6,2.2,0.3497644626747854
10.6,2.3000000000000003,0.4423923431898219
10.6,2.4000000000000004,0.4948800591171171
10.6,2.5000000000000004,0.5051966403784438
10.6,2.6000000000000005,0.4778131620252041
10.6,2.7000000000000006,0.421655764263856
10.6,2.8000000000000007,0.347712954343724
10.6,2.900000000000001,0.2670631287814469
10.6,3.000000000000001,0.1885866503906256
10.6,3.100000000000001,0.11916045402633646
10.6,3.200000000000001,0.06390266310355322
10.6,3.300000000000001,0.0257103955297763
10.6,3.4000000000000012,0.005010852529346587
10.6,3.5000000000000013,0.00020635202481160316
10.6,3.6000000000000014,0.008855755887623563
10.6,3.7000000000000015,0.028124692850440745
10.6,3.8000000000000016,0.05504728907030744
10.6,3.9000000000000017,0.08655996437898653
10.6,4.000000000000002,0.11982122945675272
10.6,4.100000000000001,0.15271242390634712
10.6,4.200000000000002,0.18411035903063314
10.6,4.3000000000000025,0.21334552925483824
10.6,4.400000000000002,0.24018622679489865
10.6,4.500000000000002,0.264305540847811
10.6,4.600000000000002,0.28546600095697167
10.6,4.700000000000003,0.3033610588030465
10.6,4.8000000000000025,0.31785335036792517
10.6,4.900000000000002,0.32916134486424964
10.6,5.000000000000003,0.33748010576861176
10.6,5.100000000000003,0.3430939695893912
10.6,5.200000000000003,0.3463502464997003
10.6,5.3000000000000025,0.3473707082268793
10.6,5.400000000000003,0.3463451440854029
10.6,5.5000000000000036,0.34308544236201216
10.6,5.600000000000003,0.3374666292129751
10.6,5.700000000000003,0.32914257764615173
10.6,5.800000000000003,0.31783016812802234
10.6,5.900000000000004,0.3033306334281396
10.6,6.0000000000000036,0.2854299382322293
10.6,6.100000000000003,0.26426258461895846
10.6,6.200000000000004,0.2401365367690295
10.6,6.300000000000004,0.2132902047382472
10.6,6.400000000000004,0.18404932468140608
10.6,6.5000000000000036,0.15264733082817697
10.6,6.600000000000004,0.11973791830995259
10.6,6.700000000000005,0.08647978228300221
10.6,6.800000000000004,0.05498705696828788
10.6,6.900000000000004,0.028076542450914403
10.6,7.000000000000004,0.008820273722944003
10.6,7.100000000000005,0.00020212569363513126
10.6,7.200000000000005,0.005033476983805411
10.6,7.300000000000004,0.02578334592006474
10.6,7.400000000000005,0.06400627953230836
10.6,7.500000000000005,0.11930285045149461
10.6,7.600000000000005,0.1887394881422226
10.6,7.700000000000005,0.26725531031112915
10.6,7.800000000000005,0.3479251441787641
10.6,7.900000000000006,0.42180854979969346
10.6,8.000000000000005,0.4779573584806143
10.6,8.100000000000005,0.5052403123773359
10.6,8.200000000000006,0.49482928573804996
10.6,8.300000000000006,0.4422479067960362
10.6,8.400000000000006,0.3495305791003445
10.6,8.500000000000005,0.2293619514176462
10.6,8.600000000000005,0.10760042210997119
10.6,8.700000000000006,0.02024042267968787
10.6,8.800000000000006,0.004740944614600547
10.6,8.900000000000006,0.0829676193868297
10.6,9.000000000000007,0.24217268143680362
10.6,9.100000000000007,0.43075022281825637
10.6,9.200000000000006,0.5738098355818758
10.6,9.300000000000006,0.5981023251951457
10.6,9.400000000000006,0.4665391334751202
10.6,9.500000000000007,0.21999801463441607
10.6,9.600000000000007,0.017228209515828662
10.6,9.700000000000006,0.0799987156145392
10.6,9.800000000000008,0.44850443668074336
10.6,9.900000000000007,0.8240550133183926
10.6,10.000000000000007,0.7957783128273775
10.7,2.0,0.44061443004487577
10.7,2.1,0.40878482976454966
10.7,2.2,0.3326641068621069
10.7,2.3000000000000003,0.2342895302504725
10.7,2.4000000000000004,0.1369520986828387
10.7,2.5000000000000004,0.05951742551962043
10.7,2.6000000000000005,0.012775506843031532
10.7,2.7000000000000006,0.0002545627023210843
10.7,2.8000000000000007,0.018846396252839445
10.7,2.900000000000001,0.06077500428437305
10.7,3.000000000000001,0.1165894476040312
10.7,3.100000000000001,0.17793918618488058
10.7,3.200000000000001,0.23803450042219687
10.7,3.300000000000001,0.29175456456790655
10.7,3.4000000000000012,0.3356194914468636
10.7,3.5000000000000013,0.36807999463589713
10.7,3.6000000000000014,0.3891622527862001
10.7,3.7000000000000015,0.39971543071055277
10.7,3.8000000000000016,0.40106749694021787
10.7,3.9000000000000017,0.3947675407140664
10.7,4.000000000000002,0.38264695586027975
10.7,4.100000000000001,0.3666392955872896
10.7,4.200000000000002,0.3483683126548749
10.7,4.3000000000000025,0.32900644603659823
10.7,4.400000000000002,0.30935692790355135
10.7,4.500000000000002,0.28993055004174145
10.7,4.600000000000002,0.27129937250945063
10.7,4.700000000000003,0.2541492303820757
10.7,4.8000000000000025,0.2391235811224237
10.7,4.900000000000002,0.2267266115512908
10.7,5.000000000000003,0.21707119563382193
10.7,5.100000000000003,0.21023300614394597
10.7,5.200000000000003,0.2058755018655831
10.7,5.3000000000000025,0.2038133963153528
10.7,5.400000000000003,0.20381541417968008
10.7,5.5000000000000036,0.20588223867729408
10.7,5.600000000000003,0.21024375949403157
10.7,5.700000000000003,0.217087409364702
10.7,5.800000000000003,0.2267471370863885
10.7,5.900000000000004,0.23914798441528567
10.7,6.0000000000000036,0.2541786963026614
10.7,6.100000000000003,0.27133271052581365
10.7,6.200000000000004,0.2899668772954339
10.7,6.300000000000004,0.3093951158436596
10.7,6.400000000000004,0.3290459625501347
10.7,6.5000000000000036,0.34840718113359204
10.7,6.600000000000004,0.36667597108473
10.7,6.700000000000005,0.382687371722597
10.7,6.800000000000004,0.39479635480038255
10.7,6.900000000000004,0.40107986257134637
10.7,7.000000000000004,0.3997130667000707
10.7,7.100000000000005,0.38913839876551704
10.7,7.200000000000005,0.3680468820649096
10.7,7.300000000000004,0.33556800636694695
10.7,7.400000000000005,0.29165923272859073
10.7,7.500000000000005,0.23793475527190433
10.7,7.600000000000005,0.17782913172796744
10.7,7.700000000000005,0.11649435542260153
10.7,7.800000000000005,0.06068199708481243
10.7,7.900000000000006,0.01878000544360526
10.7,8.000000000000005,0.00024773339899690277
10.7,8.100000000000005,0.012845147208889124
10.7,8.200000000000006,0.05963102122976688
10.7,8.300000000000006,0.13716872102997962
10.7,8.400000000000006,0.23450178632939622
10.7,8.500000000000005,0.3328642852986736
10.7,8.600000000000005,0.40893552684550355
10.7,8.700000000000006,0.4406474538652103
10.7,8.800000000000006,0.4123312129291193
10.7,8.900000000000006,0.32172496163552877
10.7,9.000000000000007,0.18867523315185147
10.7,9.100000000000007,0.0598151728495266
10.7,9.200000000000006,7.32984566753587e-05
10.7,9.300000000000006,0.06117538453620463
10.7,9.400000000000006,0.23375702058024345
10.7,9.500000000000007,0.4303717518444018
10.7,9.600000000000007,0.5233816039369901
10.7,9.700000000000006,0.4207390126806132
10.7,9.800000000000008,0.16229319451644136
10.7,9.900000000000007,2.675225443712635e-05
10.7,10.000000000000007,0.22279760979793067
10.799999999999999,2.0,0.020831988229130304
10.799999999999999,2.1,0.000566653600512732
10.799999999999999,2.2,0.0325646776999092
10.799999999999999,2.3000000000000003,0.09988820440887222
10.799999999999999,2.4000000000000004,0.18059862933656215
10.799999999999999,2.5000000000000004,0.25479445921179084
10.799999999999999,2.6000000000000005,0.3095403803546729
10.799999999999999,2.7000000000000006,0.33890436834449694
10.799999999999999,2.8000000000000007,0.34238510716412385
10.799999999999999,2.900000000000001,0.3231708920437858
10.799999999999999,3.000000000000001,0.2869901568598032
10.799999999999999,3.100000000000001,0.24036826039976233
10.799999999999999,3.200000000000001,0.1892426081054151
10.799999999999999,3.300000000000001,0.13871565442632908
10.799999999999999,3.4000000000000012,0.09308601971250369
10.799999999999999,3.5000000000000013,0.055508491009537274
10.799999999999999,3.6000000000000014,0.027695260055260396
10.799999999999999,3.7000000000000015,0.009853943494516522
10.799999999999999,3.8000000000000016,0.0012339332377349242
10.799999999999999,3.9000000000000017,0.0006424698294594265
10.799999999999999,4.000000000000002,0.00662611611451147
10.799999999999999,4.100000000000001,0.017508772385362754
10.799999999999999,4.200000000000002,0.031608588893270534
10.799999999999999,4.3000000000000025,0.04746139677526854
10.799999999999999,4.400000000000002,0.06404683839099873
10.799999999999999,4.500000000000002,0.08064738022841035
10.799999999999999,4.600000000000002,0.09682576186055963
10.799999999999999,4.700000000000003,0.11200890702450499
10.799999999999999,4.8000000000000025,0.1256733902531286
10.799999999999999,4.900000000000002,0.1373500978184154
10.799999999999999,5.000000000000003,0.14668912298346526
10.799999999999999,5.100000000000003,0.15363309825213387
10.799999999999999,5.200000000000003,0.15832364768289608
10.799999999999999,5.3000000000000025,0.16097121077810442
10.799999999999999,5.400000000000003,0.1618446250595086
10.799999999999999,5.5000000000000036,0.16096798843695515
10.799999999999999,5.600000000000003,0.15831746298718213
10.799999999999999,5.700000000000003,0.15362451919611492
10.799999999999999,5.800000000000003,0.14667691639603544
10.799999999999999,5.900000000000004,0.13733517764820524
10.799999999999999,6.0000000000000036,0.12565549753373448
10.799999999999999,6.100000000000003,0.1119886960622276
10.799999999999999,6.200000000000004,0.09680293851544888
10.799999999999999,6.300000000000004,0.08062307639501608
10.799999999999999,6.400000000000004,0.06402112438418735
10.799999999999999,6.5000000000000036,0.04743592831189586
10.799999999999999,6.600000000000004,0.031585391776849325
10.799999999999999,6.700000000000005,0.017489494415921163
10.799999999999999,6.800000000000004,0.006609121565306284
10.799999999999999,6.900000000000004,0.0006367582444276423
10.799999999999999,7.000000000000004,0.0012406507779080117
10.799999999999999,7.100000000000005,0.009874455309338583
10.799999999999999,7.200000000000005,0.027738460069636588
10.799999999999999,7.300000000000004,0.055550351840680745
10.799999999999999,7.400000000000005,0.09314092858922052
10.799999999999999,7.500000000000005,0.13880910437713495
10.799999999999999,7.600000000000005,0.18932907872239735
10.799999999999999,7.700000000000005,0.24045434214186176
10.799999999999999,7.800000000000005,0.287055024391448
10.799999999999999,7.900000000000006,0.3232263872578331
10.799999999999999,8.000000000000005,0.3424130370939413
10.799999999999999,8.100000000000005,0.33889163997045246
10.799999999999999,8.200000000000006,0.30946984144380696
10.799999999999999,8.300000000000006,0.25470876400097003
10.799999999999999,8.400000000000006,0.18045058725953078
10.799999999999999,8.500000000000005,0.09976561795666891
10.799999999999999,8.600000000000005,0.03247876455139365
10.799999999999999,8.700000000000006,0.0005525677229457297
10.799999999999999,8.800000000000006,0.020908137534593217
10.799999999999999,8.900000000000006,0.09585722355551671
10.799999999999999,9.000000000000007,0.2060562005774006
10.799999999999999,9.100000000000007,0.3129364097772921
10.799999999999999,9.200000000000006,0.370649135290697
10.799999999999999,9.300000000000006,0.34337498262391175
10.799999999999999,9.400000000000006,0.22873539028218037
10.799999999999999,9.500000000000007,0.07899898065423394
10.799999999999999,9.600000000000007,8.413316006454783e-05
10.799999999999999,9.700000000000006,0.08399217227931256
10.799999999999999,9.800000000000008,0.2924776836489549
10.799999999999999,9.900000000000007,0.43727077602467845
10.799999999999999,10.000000000000007,0.3364974297890084
10.899999999999999,2.0,0.27734754398834766
10.899999999999999,2.1,0.2771567794113804
10.899999999999999,2.2,0.23637688813371127
10.899999999999999,2.3000000000000003,0.17157001978339564
10.899999999999999,2.4000000000000004,0.10179709489200336
10.899999999999999,2.5000000000000004,0.04387443179660778
10.899999999999999,2.6000000000000005,0.008823072841902127
10.899999999999999,2.7000000000000006,0.0003934232313213975
10.899999999999999,2.8000000000000007,0.016084458957214796
10.899999999999999,2.900000000000001,0.04990183343373523
10.899999999999999,3.000000000000001,0.09406600571291736
10.899999999999999,3.100000000000001,0.1411094704891456
10.899999999999999,3.200000000000001,0.18501504818462494
10.899999999999999,3.300000000000001,0.22197846759730924
10.899999999999999,3.4000000000000012,0.24975945731010868
10.899999999999999,3.5000000000000013,0.26740907515206197
10.899999999999999,3.6000000000000014,0.2750878787204941
10.899999999999999,3.7000000000000015,0.2739768426457243
10.899999999999999,3.8000000000000016,0.26577305339392404
10.899999999999999,3.9000000000000017,0.25221854112601505
10.899999999999999,4.000000000000002,0.2349132938000888
10.899999999999999,4.100000000000001,0.2153686311035269
10.899999999999999,4.200000000000002,0.1949419897220633
10.899999999999999,4.3000000000000025,0.17482518498365057
10.899999999999999,4.400000000000002,0.15579462888846252
10.899999999999999,4.500000000000002,0.13820919156358402
10.899999999999999,4.600000000000002,0.12221861939870718
10.899999999999999,4.700000000000003,0.10791400110952021
10.899999999999999,4.8000000000000025,0.09547616892559532
10.899999999999999,4.900000000000002,0.08505144996564007
10.899999999999999,5.000000000000003,0.07674977287755175
10.899999999999999,5.100000000000003,0.07060691597964132
10.899999999999999,5.200000000000003,0.06633781597027717
10.899999999999999,5.3000000000000025,0.0637490121505195
10.899999999999999,5.400000000000003,0.06251468769696321
10.899999999999999,5.5000000000000036,0.06251517465368965
10.899999999999999,5.600000000000003,0.0637514987568591
10.899999999999999,5.700000000000003,0.06634283841381824
10.899999999999999,5.800000000000003,0.07061447219401601
10.899999999999999,5.900000000000004,0.07675941538064146
10.899999999999999,6.0000000000000036,0.08506383245831362
10.899999999999999,6.100000000000003,0.0954904892503876
10.899999999999999,6.200000000000004,0.10793138499713596
10.899999999999999,6.300000000000004,0.12223877876654407
10.899999999999999,6.400000000000004,0.13823183256966345
10.899999999999999,6.5000000000000036,0.15582009119607687
10.899999999999999,6.600000000000004,0.1748523877599683
10.899999999999999,6.700000000000005,0.1949711117700207
10.899999999999999,6.800000000000004,0.2153967696815179
10.899999999999999,6.900000000000004,0.23494942260243007
10.899999999999999,7.000000000000004,0.2522484900335069
10.899999999999999,7.100000000000005,0.2657916592025044
10.899999999999999,7.200000000000005,0.27398733927425367
10.899999999999999,7.300000000000004,0.2750882602793565
10.899999999999999,7.400000000000005,0.2674001075218581
10.899999999999999,7.500000000000005,0.24973953034232346
10.899999999999999,7.600000000000005,0.22193199740178549
10.899999999999999,7.700000000000005,0.1849645592096924
10.899999999999999,7.800000000000005,0.14105154764120048
10.899999999999999,7.900000000000006,0.09401626409714779
10.899999999999999,8.000000000000005,0.04983310267068635
10.899999999999999,8.100000000000005,0.01604525045140729
10.899999999999999,8.200000000000006,0.0003883505512628768
10.899999999999999,8.300000000000006,0.008860330439881332
10.899999999999999,8.400000000000006,0.04393148873348512
10.899999999999999,8.500000000000005,0.10191177405291485
10.899999999999999,8.600000000000005,0.17167077626774466
10.899999999999999,8.700000000000006,0.23646216134724146
10.899999999999999,8.800000000000006,0.2772040731676769
10.899999999999999,8.900000000000006,0.27732961785516397
10.899999999999999,9.000000000000007,0.22998328321850597
10.899999999999999,9.100000000000007,0.14512693394443538
10.899999999999999,9.200000000000006,0.05339700917940401
10.899999999999999,9.300000000000006,0.0015703719085433943
10.899999999999999,9.400000000000006,0.02921281237412706
10.899999999999999,9.500000000000007,0.13427674470061562
10.899999999999999,9.600000000000007,0.256128236791536
10.899999999999999,9.700000000000006,0.3023176909246172
10.899999999999999,9.800000000000008,0.21631043190331153
10.899999999999999,9.900000000000007,0.0563140873227768
10.899999999999999,10.000000000000007,0.00990068844830401
10.999999999999998,2.0,0.03366864971631169
10.999999999999998,2.1,0.09344852741690515
10.999999999999998,2.2,0.15539721137670218
10.999999999999998,2.3000000000000003,0.19997934723329025
10.999999999999998,2.4000000000000004,0.2176192971573504
10.999999999999998,2.5000000000000004,0.20793509521048925
10.999999999999998,2.6000000000000005,0.17670771696618104
10.999999999999998,2.7000000000000006,0.1333275672107245
10.999999999999998,2.8000000000000007,0.08752359668321988
10.999999999999998,2.900000000000001,0.047267627788156866
10.999999999999998,3.000000000000001,0.018002472774823603
10.999999999999998,3.100000000000001,0.0025166327210906433
10.999999999999998,3.200000000000001,0.0009607418273913373
10.999999999999998,3.300000000000001,0.01140447540780061
10.999999999999998,3.4000000000000012,0.030950642816702862
10.999999999999998,3.5000000000000013,0.056484351193683016
10.999999999999998,3.6000000000000014,0.08490573040353026
10.999999999999998,3.7000000000000015,0.11331752888959445
10.999999999999998,3.8000000000000016,0.1395702267598012
10.999999999999998,3.9000000000000017,0.16243264284940467
10.999999999999998,4.000000000000002,0.1813273008897845
10.999999999999998,4.100000000000001,0.1961557713203303
10.999999999999998,4.200000000000002,0.20706013419123848
10.999999999999998,4.3000000000000025,0.21434204820825736
10.999999999999998,4.400000000000002,0.21850494307697926
10.999999999999998,4.500000000000002,0.2201585989964242
10.999999999999998,4.600000000000002,0.21989297933535865
10.999999999999998,4.700000000000003,0.21822292304889593
10.999999999999998,4.8000000000000025,0.21559122526885782
10.999999999999998,4.900000000000002,0.2124268248851133
10.999999999999998,5.000000000000003,0.20915469416316904
10.999999999999998,5.100000000000003,0.20617887562823092
10.999999999999998,5.200000000000003,0.20377655168860737
10.999999999999998,5.3000000000000025,0.20207291646414552
10.999999999999998,5.400000000000003,0.2010760452459841
10.999999999999998,5.5000000000000036,0.20075258262226117
10.999999999999998,5.600000000000003,0.20107686833281277
10.999999999999998,5.700000000000003,0.20207528930554264
10.999999999999998,5.800000000000003,0.20377917862998646
10.999999999999998,5.900000000000004,0.20618228346811923
10.999999999999998,6.0000000000000036,0.20915879784163421
10.999999999999998,6.100000000000003,0.2124310681409342
10.999999999999998,6.200000000000004,0.21559497593642768
10.999999999999998,6.300000000000004,0.21822646399766413
10.999999999999998,6.400000000000004,0.21989453808460904
10.999999999999998,6.5000000000000036,0.22015971999168618
10.999999999999998,6.600000000000004,0.21850361332953988
10.999999999999998,6.700000000000005,0.21433817639577998
10.999999999999998,6.800000000000004,0.2070514306934029
10.999999999999998,6.900000000000004,0.1961443347675085
10.999999999999998,7.000000000000004,0.1813052162889337
10.999999999999998,7.100000000000005,0.1624051044868357
10.999999999999998,7.200000000000005,0.1395453189760421
10.999999999999998,7.300000000000004,0.1132896794305731
10.999999999999998,7.400000000000005,0.08486797210323518
10.999999999999998,7.500000000000005,0.05646305997289042
10.999999999999998,7.600000000000005,0.03093195498657114
10.999999999999998,7.700000000000005,0.01138405029518506
10.999999999999998,7.800000000000005,0.0009554402448904559
10.999999999999998,7.900000000000006,0.002525647302428909
10.999999999999998,8.000000000000005,0.018022486726787416
10.999999999999998,8.100000000000005,0.047321745606555526
10.999999999999998,8.200000000000006,0.08758238347629371
10.999999999999998,8.300000000000006,0.1333720099252364
10.999999999999998,8.400000000000006,0.17676950671102556
10.999999999999998,8.500000000000005,0.20796006498636363
10.999999999999998,8.600000000000005,0.21762270612110735
10.999999999999998,8.700000000000006,0.19995106526265186
10.999999999999998,8.800000000000006,0.15534175716316279
10.999999999999998,8.900000000000006,0.09337460734199379
10.999999999999998,9.000000000000007,0.033621558254200545
10.999999999999998,9.100000000000007,0.0012062540268132581
10.999999999999998,9.200000000000006,0.016091265071384846
10.999999999999998,9.300000000000006,0.07879139819066325
10.999999999999998,9.400000000000006,0.16151430534847916
10.999999999999998,9.500000000000007,0.2164087837485747
10.999999999999998,9.600000000000007,0.20060913181698736
10.999999999999998,9.700000000000006,0.11218402826448344
10.999999999999998,9.800000000000008,0.016561710100675434
10.999999999999998,9.900000000000007,0.01785985944448018
10.999999999999998,10.000000000000007,0.13832554340017897
11.099999999999998,2.0,0.0009477783459440524
11.099999999999998,2.1,0.02504718808897946
11.099999999999998,2.2,0.06948080018204016
11.099999999999998,2.3000000000000003,0.11587105908869412
11.099999999999998,2.4000000000000004,0.1495806742120036
11.099999999999998,2.5000000000000004,0.16324143743105493
11.099999999999998,2.6000000000000005,0.156401851537471
11.099999999999998,2.7000000000000006,0.1333577029640969
11.099999999999998,2.8000000000000007,0.10102700926904717
11.099999999999998,2.900000000000001,0.06674812696090976
11.099999999999998,3.000000000000001,0.03648015729997103
11.099999999999998,3.100000000000001,0.014219608220486537
11.099999999999998,3.200000000000001,0.002187212673216261
11.099999999999998,3.300000000000001,0.0005528864987929082
11.099999999999998,3.4000000000000012,0.00797156824372251
11.099999999999998,3.5000000000000013,0.02235626781719574
11.099999999999998,3.6000000000000014,0.04140606517996865
11.099999999999998,3.7000000000000015,0.06276773630610037
11.099999999999998,3.8000000000000016,0.08431945498993504
11.099999999999998,3.9000000000000017,0.10440385391410967
11.099999999999998,4.000000000000002,0.12207180427275138
11.099999999999998,4.100000000000001,0.13688334273481575
11.099999999999998,4.200000000000002,0.14877088431459382
11.099999999999998,4.3000000000000025,0.15777704105102303
11.099999999999998,4.400000000000002,0.16409278127452867
11.099999999999998,4.500000000000002,0.16804804084820035
11.099999999999998,4.600000000000002,0.17007795583802343
11.099999999999998,4.700000000000003,0.17062154725062478
11.099999999999998,4.8000000000000025,0.17007869128009503
11.099999999999998,4.900000000000002,0.1687941272293504
11.099999999999998,5.000000000000003,0.1670940838496407
11.099999999999998,5.100000000000003,0.16529044115512911
11.099999999999998,5.200000000000003,0.16363678646943824
11.099999999999998,5.3000000000000025,0.1623370478543547
11.099999999999998,5.400000000000003,0.16144575045687282
11.099999999999998,5.5000000000000036,0.1610086528236085
11.099999999999998,5.600000000000003,0.16100885329173212
11.099999999999998,5.700000000000003,0.16144623680535222
11.099999999999998,5.800000000000003,0.16233804677966562
11.099999999999998,5.900000000000004,0.163638566642144
11.099999999999998,6.0000000000000036,0.16529294908161984
11.099999999999998,6.100000000000003,0.16709509592585828
11.099999999999998,6.200000000000004,0.16879620280925614
11.099999999999998,6.300000000000004,0.17008063774508614
11.099999999999998,6.400000000000004,0.1706220335259567
11.099999999999998,6.5000000000000036,0.1700780246462847
11.099999999999998,6.600000000000004,0.16804719349895067
11.099999999999998,6.700000000000005,0.16408893128190147
11.099999999999998,6.800000000000004,0.15777199974061223
11.099999999999998,6.900000000000004,0.14876300246747162
11.099999999999998,7.000000000000004,0.13687320840342437
11.099999999999998,7.100000000000005,0.12205266489843844
11.099999999999998,7.200000000000005,0.10438240928217198
11.099999999999998,7.300000000000004,0.0843022941535229
11.099999999999998,7.400000000000005,0.06274974815710681
11.099999999999998,7.500000000000005,0.041383722245641595
11.099999999999998,7.600000000000005,0.0223460093629766
11.099999999999998,7.700000000000005,0.00796465152465968
11.099999999999998,7.800000000000005,0.0005493704041492749
11.099999999999998,7.900000000000006,0.0021899648041752494
11.099999999999998,8.000000000000005,0.014234700297111992
11.099999999999998,8.100000000000005,0.03649825554895619
11.099999999999998,8.200000000000006,0.06679097713807436
11.099999999999998,8.300000000000006,0.101065074962464
11.099999999999998,8.400000000000006,0.13337897782966987
11.099999999999998,8.500000000000005,0.15642562960554982
11.099999999999998,8.600000000000005,0.16324219078449337
11.099999999999998,8.700000000000006,0.14955780054229836
11.099999999999998,8.800000000000006,0.11583842536790076
11.099999999999998,8.900000000000006,0.06944221646159734
11.099999999999998,9.000000000000007,0.025012464928899397
11.099999999999998,9.100000000000007,0.0009418264274700969
11.099999999999998,9.200000000000006,0.011526792184292787
11.099999999999998,9.300000000000006,0.05688796990249364
11.099999999999998,9.400000000000006,0.11668804745787867
11.099999999999998,9.500000000000007,0.15599604697991512
11.099999999999998,9.600000000000007,0.1438314623697736
11.099999999999998,9.700000000000006,0.0798266638517166
11.099999999999998,9.800000000000008,0.01178441721084527
11.099999999999998,9.900000000000007,0.012159508937084264
11.099999999999998,10.000000000000007,0.09461883677103584
11.199999999999998,2.0,0.07823818682995232
11.199999999999998,2.1,0.10590255019145318
11.199999999999998,2.2,0.11150734048045913
11.199999999999998,2.3000000000000003,0.09607703649014435
11.199999999999998,2.4000000000000004,0.06771126898476582
11.199999999999998,2.5000000000000004,0.0369822616822428
11.199999999999998,2.6000000000000005,0.012978256449811185
11.199999999999998,2.7000000000000006,0.0010021475808858385
11.199999999999998,2.8000000000000007,0.0023846437979179406
11.199999999999998,2.900000000000001,0.015094009706525378
11.199999999999998,3.000000000000001,0.03515660491327123
11.199999999999998,3.100000000000001,0.058254555732608265
11.199999999999998,3.200000000000001,0.08062385563481414
11.199999999999998,3.300000000000001,0.09928572859307244
11.199999999999998,3.4000000000000012,0.11248514090504222
11.199999999999998,3.5000000000000013,0.11961511615172442
11.199999999999998,3.6000000000000014,0.12092829477647535
11.199999999999998,3.7000000000000015,0.11716948506352301
11.199999999999998,3.8000000000000016,0.1094060071947322
11.199999999999998,3.9000000000000017,0.09892160147345225
11.199999999999998,4.000000000000002,0.08700770235592423
11.199999999999998,4.100000000000001,0.0746609740653809
11.199999999999998,4.200000000000002,0.06256686578000757
11.199999999999998,4.3000000000000025,0.05118619741669003
11.199999999999998,4.400000000000002,0.0408693766140114
11.199999999999998,4.500000000000002,0.03187967434008067
11.199999999999998,4.600000000000002,0.024342239826497802
11.199999999999998,4.700000000000003,0.018247731902615957
11.199999999999998,4.8000000000000025,0.01344678112714392
11.199999999999998,4.900000000000002,0.009758101664891735
11.199999999999998,5.000000000000003,0.0069879938106686326
11.199999999999998,5.100000000000003,0.004988141946911631
11.199999999999998,5.200000000000003,0.0035961654019331644
11.199999999999998,5.3000000000000025,0.002681664349774952
11.199999999999998,5.400000000000003,0.0021219792367195224
11.199999999999998,5.5000000000000036,0.001822501729760167
11.199999999999998,5.600000000000003,0.0017299577893416648
11.199999999999998,5.700000000000003,0.001822528919103693
11.199999999999998,5.800000000000003,0.002122173514884986
11.199999999999998,5.900000000000004,0.002682111049970997
11.199999999999998,6.0000000000000036,0.003596823208641123
11.199999999999998,6.100000000000003,0.004989301447718879
11.199999999999998,6.200000000000004,0.006989785967519429
11.199999999999998,6.300000000000004,0.009760281230443554
11.199999999999998,6.400000000000004,0.013449481686435125
11.199999999999998,6.5000000000000036,0.018251124521783076
11.199999999999998,6.600000000000004,0.024346894735290944
11.199999999999998,6.700000000000005,0.031885432011256445
11.199999999999998,6.800000000000004,0.040875689006821286
11.199999999999998,6.900000000000004,0.051194197561003005
11.199999999999998,7.000000000000004,0.06257532541070086
11.199999999999998,7.100000000000005,0.0746689708906324
11.199999999999998,7.200000000000005,0.08702056843696195
11.199999999999998,7.300000000000004,0.09893358011340847
11.199999999999998,7.400000000000005,0.10941315158172144
11.199999999999998,7.500000000000005,0.1171733952415189
11.199999999999998,7.600000000000005,0.12093056737021145
11.199999999999998,7.700000000000005,0.11961415871852273
11.199999999999998,7.800000000000005,0.11248159456111029
11.199999999999998,7.900000000000006,0.09927310943059613
11.199999999999998,8.000000000000005,0.08060299101857245
11.199999999999998,8.100000000000005,0.05823986636917747
11.199999999999998,8.200000000000006,0.035146876840241564
11.199999999999998,8.300000000000006,0.015089121096068683
11.199999999999998,8.400000000000006,0.0023786187253160822
11.199999999999998,8.500000000000005,0.0010046868802914906
11.199999999999998,8.600000000000005,0.012984610471189748
11.199999999999998,8.700000000000006,0.03699677991289229
11.199999999999998,8.800000000000006,0.0677230776146303
11.199999999999998,8.900000000000006,0.096093577492639
11.199999999999998,9.000000000000007,0.11151240282478657
11.199999999999998,9.100000000000007,0.10589304714641384
11.199999999999998,9.200000000000006,0.07822163143293691
11.199999999999998,9.300000000000006,0.038312966705020955
11.199999999999998,9.400000000000006,0.006217667459184719
11.199999999999998,9.500000000000007,0.0033058801151776046
11.199999999999998,9.600000000000007,0.03626218278165714
11.199999999999998,9.700000000000006,0.08392091629272061
11.199999999999998,9.800000000000008,0.10511019979525055
11.199999999999998,9.900000000000007,0.07260491650620622
11.199999999999998,10.000000000000007,0.014662970921790634
11.299999999999997,2.0,0.05181008503225704
11.299999999999997,2.1,0.06831785455485699
11.299999999999997,2.2,0.06855762073151625
11.299999999999997,2.3000000000000003,0.054729905822372915
11.299999999999997,2.4000000000000004,0.034032024116157356
11.299999999999997,2.5000000000000004,0.014610450300175484
11.299999999999997,2.6000000000000005,0.002549959719550094
11.299999999999997,2.7000000000000006,0.00041339987485283704
11.299999999999997,2.8000000000000007,0.007542384621252949
11.299999999999997,2.900000000000001,0.021188080709625582
11.299999999999997,3.000000000000001,0.03771037683780069
11.299999999999997,3.100000000000001,0.053695695175992195
11.299999999999997,3.200000000000001,0.06669201152525203
11.299999999999997,3.300000000000001,0.0752343035577081
11.299999999999997,3.4000000000000012,0.0787750643235311
11.299999999999997,3.5000000000000013,0.07759817159342693
11.299999999999997,3.6000000000000014,0.0725583124255963
11.299999999999997,3.7000000000000015,0.06473954727292477
11.299999999999997,3.8000000000000016,0.05522962820473182
11.299999999999997,3.9000000000000017,0.045070072564941804
11.299999999999997,4.000000000000002,0.03518916819951818
11.299999999999997,4.100000000000001,0.026260102764207906
11.299999999999997,4.200000000000002,0.018601663989372214
11.299999999999997,4.3000000000000025,0.012343251538997969
11.299999999999997,4.400000000000002,0.007475996239118391
11.299999999999997,4.500000000000002,0.003947982420640371
11.299999999999997,4.600000000000002,0.001649817066451651
11.299999999999997,4.700000000000003,0.0004114933386624656
11.299999999999997,4.8000000000000025,4.319260985945119e-06
11.299999999999997,4.900000000000002,0.0001939338869920083
11.299999999999997,5.000000000000003,0.0007742773213189622
11.299999999999997,5.100000000000003,0.0015750212455606374
11.299999999999997,5.200000000000003,0.002457124870157235
11.299999999999997,5.3000000000000025,0.003300181884718198
11.299999999999997,5.400000000000003,0.004014339734249345
11.299999999999997,5.5000000000000036,0.004520451177213937
11.299999999999997,5.600000000000003,0.004785903128045226
11.299999999999997,5.700000000000003,0.004785822711571046
11.299999999999997,5.800000000000003,0.004520224407906871
11.299999999999997,5.900000000000004,0.004013921833911683
11.299999999999997,6.0000000000000036,0.003299794145508664
11.299999999999997,6.100000000000003,0.0024567029576235124
11.299999999999997,6.200000000000004,0.0015745864247952838
11.299999999999997,6.300000000000004,0.0007739372108442227
11.299999999999997,6.400000000000004,0.00019369805660892855
11.299999999999997,6.5000000000000036,4.334547665222295e-06
11.299999999999997,6.600000000000004,0.0004118493318798645
11.299999999999997,6.700000000000005,0.0016506021174227262
11.299999999999997,6.800000000000004,0.003949434406277618
11.299999999999997,6.900000000000004,0.007477854776132218
11.299999999999997,7.000000000000004,0.012345932724695408
11.299999999999997,7.100000000000005,0.018605402387929022
11.299999999999997,7.200000000000005,0.026264123859702143
11.299999999999997,7.300000000000004,0.03519723405343456
11.299999999999997,7.400000000000005,0.04507805992410288
11.299999999999997,7.500000000000005,0.055234316657517823
11.299999999999997,7.600000000000005,0.0647444827456283
11.299999999999997,7.700000000000005,0.07256325353332996
11.299999999999997,7.800000000000005,0.07759877455345036
11.299999999999997,7.900000000000006,0.07877471323630059
11.299999999999997,8.000000000000005,0.07523094439548383
11.299999999999997,8.100000000000005,0.0666833035887677
11.299999999999997,8.200000000000006,0.05368956741880716
11.299999999999997,8.300000000000006,0.03770568206435511
11.299999999999997,8.400000000000006,0.021186712825011184
11.299999999999997,8.500000000000005,0.0075358832368907485
11.299999999999997,8.600000000000005,0.00041251670390417315
11.299999999999997,8.700000000000006,0.0025510319008798924
11.299999999999997,8.800000000000006,0.014615396242254785
11.299999999999997,8.900000000000006,0.03403568341105566
11.299999999999997,9.000000000000007,0.054738722378504204
11.299999999999997,9.100000000000007,0.06856154875912811
11.299999999999997,9.200000000000006,0.06831426986620008
11.299999999999997,9.300000000000006,0.05180348555799935
11.299999999999997,9.400000000000006,0.025436344554434186
11.299999999999997,9.500000000000007,0.003823446793184645
11.299999999999997,9.600000000000007,0.0027414547008473194
11.299999999999997,9.700000000000006,0.025875102308163977
11.299999999999997,9.800000000000008,0.05544558300069307
11.299999999999997,9.900000000000007,0.06121580290074532
11.299999999999997,10.000000000000007,0.031754828605156576
12.4,2.0,0.0037305205310768455
12.4,2.1,0.010869288147198574
12.4,2.2,0.005805202097604185
12.4,2.3000000000000003,5.0590363195630365e-05
12.4,2.4000000000000004,0.00402199399610333
12.4,2.5000000000000004,0.01158463762635323
12.4,2.6000000000000005,0.013459575361604354
12.4,2.7000000000000006,0.008534789075942217
12.4,2.8000000000000007,0.002280382014803772
12.4,2.900000000000001,2.836682562716269e-05
12.4,3.000000000000001,0.0031146055091305115
12.4,3.100000000000001,0.00924391392606578
12.4,3.200000000000001,0.014947904665061608
12.4,3.300000000000001,0.017689163619982143
12.4,3.4000000000000012,0.016745101277414576
12.4,3.5000000000000013,0.012957855463515489
12.4,3.6000000000000014,0.007973120714972116
12.4,3.7000000000000015,0.0034846218391467944
12.4,3.8000000000000016,0.0006787963399108606
12.4,3.9000000000000017,5.234819358439531e-05
12.4,4.000000000000002,0.0015115572145855253
12.4,4.100000000000001,0.004538399463699686
12.4,4.200000000000002,0.0084371420653976
12.4,4.3000000000000025,0.012554267555488986
12.4,4.400000000000002,0.016367507540769505
12.4,4.500000000000002,0.019491858534696285
12.4,4.600000000000002,0.02171956254026161
12.4,4.700000000000003,0.023004278847268793
12.4,4.8000000000000025,0.02342516870069302
12.4,4.900000000000002,0.023116837512295638
12.4,5.000000000000003,0.02224535082951736
12.4,5.100000000000003,0.02099995883111855
12.4,5.200000000000003,0.019554513460373776
12.4,5.3000000000000025,0.018039724851664687
12.4,5.400000000000003,0.016536840349272483
12.4,5.5000000000000036,0.015100600685045262
12.4,5.600000000000003,0.01378111223533502
12.4,5.700000000000003,0.012630653896088109
12.4,5.800000000000003,0.011695756236904916
12.4,5.900000000000004,0.010993603439097104
12.4,6.0000000000000036,0.010521376528889919
12.4,6.100000000000003,0.010255646331810583
12.4,6.200000000000004,0.010168894028889272
12.4,6.300000000000004,0.010255555558014263
12.4,6.400000000000004,0.010520964507475769
12.4,6.5000000000000036,0.010993793389003553
12.4,6.600000000000004,0.011695221031810674
12.4,6.700000000000005,0.012629707558368673
12.4,6.800000000000004,0.013780527872076957
12.4,6.900000000000004,0.015100407635992494
12.4,7.000000000000004,0.0165357660954572
12.4,7.100000000000005,0.0180390289661774
12.4,7.200000000000005,0.019553214522224305
12.4,7.300000000000004,0.020999176349588852
12.4,7.400000000000005,0.02224441694579155
12.4,7.500000000000005,0.023116284272234597
12.4,7.600000000000005,0.023425337443751196
12.4,7.700000000000005,0.023004700180621496
12.4,7.800000000000005,0.021720097294599363
12.4,7.900000000000006,0.01949339512150531
12.4,8.000000000000005,0.01636971315118256
12.4,8.100000000000005,0.012555724237007118
12.4,8.200000000000006,0.008438992996042952
12.4,8.300000000000006,0.0045399489811947715
12.4,8.400000000000006,0.0015120935519407146
12.4,8.500000000000005,5.2417613556985014e-05
12.4,8.600000000000005,0.0006773429950968475
12.4,8.700000000000006,0.0034826986054680388
12.4,8.800000000000006,0.007971719295952001
12.4,8.900000000000006,0.01295566388520208
12.4,9.000000000000007,0.016743429205929753
12.4,9.100000000000007,0.017688783813359935
12.4,9.200000000000006,0.014950258514937318
12.4,9.300000000000006,0.009246091937789238
12.4,9.400000000000006,0.0031167729523539087
12.4,9.500000000000007,2.832193509372963e-05
12.4,9.600000000000007,0.0022791972982024364
12.4,9.700000000000006,0.00853224473277506
12.4,9.800000000000008,0.013459110402355147
12.4,9.900000000000007,0.01158600062440213
12.4,10.000000000000007,0.004022936007632915
12.5,2.0,0.006054021811653014
12.5,2.1,0.0008260440042423047
12.5,2.2,0.012034599855889904
12.5,2.3000000000000003,0.013188929313627147
12.5,2.4000000000000004,0.003243211254817186
12.5,2.5000000000000004,0.000643021567897805
12.5,2.6000000000000005,0.009126013154594955
12.5,2.7000000000000006,0.01769196045662401
12.5,2.8000000000000007,0.017717621788755005
12.5,2.900000000000001,0.010420087971537408
12.5,3.000000000000001,0.0026281564923469514
12.5,3.100000000000001,5.0006570369101086e-05
12.5,3.200000000000001,0.003913974454908262
12.5,3.300000000000001,0.01166281630713277
12.5,3.4000000000000012,0.019366992873881408
12.5,3.5000000000000013,0.02395061806551852
12.5,3.6000000000000014,0.024191066862553942
12.5,3.7000000000000015,0.020594223709398812
12.5,3.8000000000000016,0.014758463698695976
12.5,3.9000000000000017,0.008553739375199211
12.5,4.000000000000002,0.0035205678362662694
12.5,4.100000000000001,0.0005990216091613123
12.5,4.200000000000002,9.911412565743682e-05
12.5,4.3000000000000025,0.0017961826245102854
12.5,4.400000000000002,0.005169690598937814
12.5,4.500000000000002,0.009601670729565692
12.5,4.600000000000002,0.01445367974286557
12.5,4.700000000000003,0.019164567703317127
12.5,4.8000000000000025,0.0233355402874176
12.5,4.900000000000002,0.026762032486160086
12.5,5.000000000000003,0.02936183134762524
12.5,5.100000000000003,0.031140492913372057
12.5,5.200000000000003,0.03217957421629672
12.5,5.3000000000000025,0.03260837704726482
12.5,5.400000000000003,0.03257737168136322
12.5,5.5000000000000036,0.03221828017611798
12.5,5.600000000000003,0.03163833632263233
12.5,5.700000000000003,0.030940496659357285
12.5,5.800000000000003,0.030228797984703112
12.5,5.900000000000004,0.029594751505502302
12.5,6.0000000000000036,0.02910684303328762
12.5,6.100000000000003,0.02878567581678437
12.5,6.200000000000004,0.028630778904554923
12.5,6.300000000000004,0.028630919339937624
12.5,6.400000000000004,0.02878482006611225
12.5,6.5000000000000036,0.029106477607492076
12.5,6.600000000000004,0.02959480222509088
12.5,6.700000000000005,0.03022843891783854
12.5,6.800000000000004,0.03094026809284176
12.5,6.900000000000004,0.03163850368074616
12.5,7.000000000000004,0.03221804122456493
12.5,7.100000000000005,0.03257795737099124
12.5,7.200000000000005,0.03260853843951392
12.5,7.300000000000004,0.03217936961178409
12.5,7.400000000000005,0.031140807601062928
12.5,7.500000000000005,0.029363055795831837
12.5,7.600000000000005,0.0267640819574055
12.5,7.700000000000005,0.023337554203025943
12.5,7.800000000000005,0.019167129729255404
12.5,7.900000000000006,0.014456488495723915
12.5,8.000000000000005,0.009603779768493814
12.5,8.100000000000005,0.005171647826357796
12.5,8.200000000000006,0.0017976260741153103
12.5,8.300000000000006,9.937943950972973e-05
12.5,8.400000000000006,0.0005980956975124722
12.5,8.500000000000005,0.003519451607208145
12.5,8.600000000000005,0.008552160460213034
12.5,8.700000000000006,0.014753550867290806
12.5,8.800000000000006,0.020592112955475805
12.5,8.900000000000006,0.02419010739256642
12.5,9.000000000000007,0.02395171314389618
12.5,9.100000000000007,0.019370192324129343
12.5,9.200000000000006,0.011664974741756578
12.5,9.300000000000006,0.003917601925233815
12.5,9.400000000000006,5.018792415663274e-05
12.5,9.500000000000007,0.0026254380207622664
12.5,9.600000000000007,0.010418407669077784
12.5,9.700000000000006,0.01771580552919948
12.5,9.800000000000008,0.017693667561332473
12.5,9.900000000000007,0.009127178130682222
12.5,10.000000000000007,0.0006443008091780603
12.6,2.0,0.0015656897785654724
12.6,2.1,0.015477507195638819
12.6,2.2,0.005953590905679214
12.6,2.3000000000000003,0.001158850764250003
12.6,2.4000000000000004,0.014301377599089183
12.6,2.5000000000000004,0.018853752381595732
12.6,2.6000000000000005,0.00854562812034221
12.6,2.7000000000000006,0.00019461601654678276
12.6,2.8000000000000007,0.004458821626484134
12.6,2.900000000000001,0.016092740325298314
12.6,3.000000000000001,0.02417706877481085
12.6,3.100000000000001,0.02311931179831881
12.6,3.200000000000001,0.01492369550167078
12.6,3.300000000000001,0.005545394927224302
12.6,3.4000000000000012,0.0003277641532764147
12.6,3.5000000000000013,0.0014985833699169822
12.6,3.6000000000000014,0.008030987511472664
12.6,3.7000000000000015,0.017053309389509243
12.6,3.8000000000000016,0.02544548968896173
12.6,3.9000000000000017,0.030955554497584428
12.6,4.000000000000002,0.03262969454878478
12.6,4.100000000000001,0.030673666780515998
12.6,4.200000000000002,0.02600126047331119
12.6,4.3000000000000025,0.0198810842850947
12.6,4.400000000000002,0.013536393112255707
12.6,4.500000000000002,0.007904590659261686
12.6,4.600000000000002,0.0035984504371037694
12.6,4.700000000000003,0.0009577248419541448
12.6,4.8000000000000025,8.45643050050688e-06
12.6,4.900000000000002,0.0005429427963168475
12.6,5.000000000000003,0.0022433875761038034
12.6,5.100000000000003,0.004771842968010134
12.6,5.200000000000003,0.007809556026788485
12.6,5.3000000000000025,0.011055683979492513
12.6,5.400000000000003,0.014276820105386237
12.6,5.5000000000000036,0.01732341960361352
12.6,5.600000000000003,0.020109527808010924
12.6,5.700000000000003,0.022582855633737124
12.6,5.800000000000003,0.024687433253516817
12.6,5.900000000000004,0.02638181015803201
12.6,6.0000000000000036,0.027635500701137305
12.6,6.100000000000003,0.02847547519169911
12.6,6.200000000000004,0.028948734811820708
12.6,6.300000000000004,0.029097570584207373
12.6,6.400000000000004,0.028949644729989284
12.6,6.5000000000000036,0.028475938966680204
12.6,6.600000000000004,0.027636608832911393
12.6,6.700000000000005,0.026382337448425372
12.6,6.800000000000004,0.024688395771712578
12.6,6.900000000000004,0.022583888705852782
12.6,7.000000000000004,0.020111128875908324
12.6,7.100000000000005,0.017325561287560118
12.6,7.200000000000005,0.014278815136051311
12.6,7.300000000000004,0.011057852207377301
12.6,7.400000000000005,0.007811369671382322
12.6,7.500000000000005,0.004773316882216724
12.6,7.600000000000005,0.0022445135720162096
12.6,7.700000000000005,0.0005434977425002604
12.6,7.800000000000005,8.318999151017287e-06
12.6,7.900000000000006,0.0009567487320959845
12.6,8.000000000000005,0.0035966627406766706
12.6,8.100000000000005,0.007901591510604539
12.6,8.200000000000006,0.013532796293125319
12.6,8.300000000000006,0.01987807944947173
12.6,8.400000000000006,0.02600020934229123
12.6,8.500000000000005,0.030671790820543367
12.6,8.600000000000005,0.03262948248674089
12.6,8.700000000000006,0.030956710407334474
12.6,8.800000000000006,0.025449925322075496
12.6,8.900000000000006,0.01705705327257246
12.6,9.000000000000007,0.008033444532898275
12.6,9.100000000000007,0.0015006126675217862
12.6,9.200000000000006,0.000326654279981477
12.6,9.300000000000006,0.00554269541287053
12.6,9.400000000000006,0.014917907384536775
12.6,9.500000000000007,0.023116696863287132
12.6,9.600000000000007,0.02417825051229302
12.6,9.700000000000006,0.016094825735645985
12.6,9.800000000000008,0.004461084449749396
12.6,9.900000000000007,0.00019365296339948282
12.6,10.000000000000007,0.008543641566141591
12.7,2.0,0.003874411142522082
12.7,2.1,0.00912111714550341
12.7,2.2,0.015339564820699718
12.7,2.3000000000000003,0.0004528564194531673
12.7,2.4000000000000004,0.009531479964956053
12.7,2.5000000000000004,0.021875500551379483
12.7,2.6000000000000005,0.013498680215610608
12.7,2.7000000000000006,0.0010774152017132101
12.7,2.8000000000000007,0.003644215308776777
12.7,2.900000000000001,0.01730156131999789
12.7,3.000000000000001,0.02719332976957863
12.7,3.100000000000001,0.02531306544153235
12.7,3.200000000000001,0.014793735279807489
12.7,3.300000000000001,0.004102901822644304
12.7,3.4000000000000012,2.4047642661745494e-06
12.7,3.5000000000000013,0.004232336704616144
12.7,3.6000000000000014,0.014130591577484222
12.7,3.7000000000000015,0.025129303319238374
12.7,3.8000000000000016,0.033281906527461595
12.7,3.9000000000000017,0.03644520690557326
12.7,4.000000000000002,0.03445622921328425
12.7,4.100000000000001,0.02859436692212256
12.7,4.200000000000002,0.020729007468984283
12.7,4.3000000000000025,0.012740354739797934
12.7,4.400000000000002,0.006130592791363012
12.7,4.500000000000002,0.0018000822597656133
12.7,4.600000000000002,4.598125413019217e-05
12.7,4.700000000000003,0.0007533635786461161
12.7,4.8000000000000025,0.0035012693507205685
12.7,4.900000000000002,0.007678100809069529
12.7,5.000000000000003,0.012646672249203673
12.7,5.100000000000003,0.017891786608325053
12.7,5.200000000000003,0.023045431739525255
12.7,5.3000000000000025,0.027828829549191844
12.7,5.400000000000003,0.032061581365321765
12.7,5.5000000000000036,0.03563971397726704
12.7,5.600000000000003,0.03857360278697413
12.7,5.700000000000003,0.04091100962120643
12.7,5.800000000000003,0.04272038634324502
12.7,5.900000000000004,0.04407172144052656
12.7,6.0000000000000036,0.045025418223761354
12.7,6.100000000000003,0.04565496300995731
12.7,6.200000000000004,0.046028736927630265
12.7,6.300000000000004,0.04620072401025955
12.7,6.400000000000004,0.04620130465650518
12.7,6.5000000000000036,0.046028879951003784
12.7,6.600000000000004,0.045655081956948285
12.7,6.700000000000005,0.04502583006263912
12.7,6.800000000000004,0.04407234805988611
12.7,6.900000000000004,0.042721295339205885
12.7,7.000000000000004,0.04091248945150217
12.7,7.100000000000005,0.038574774328295786
12.7,7.200000000000005,0.03564122450012748
12.7,7.300000000000004,0.03206372372591881
12.7,7.400000000000005,0.027831107333495596
12.7,7.500000000000005,0.023047609199576633
12.7,7.600000000000005,0.017894844545899454
12.7,7.700000000000005,0.012649303201875286
12.7,7.800000000000005,0.007680807598970527
12.7,7.900000000000006,0.0035030692963205264
12.7,8.000000000000005,0.0007541796495415644
12.7,8.100000000000005,4.565076105571394e-05
12.7,8.200000000000006,0.0017982259263464814
12.7,8.300000000000006,0.006127799363008367
12.7,8.400000000000006,0.012736472266411336
12.7,8.500000000000005,0.020727296122048003
12.7,8.600000000000005,0.028590642019423088
12.7,8.700000000000006,0.03445473471530401
12.7,8.800000000000006,0.03644516180047348
12.7,8.900000000000006,0.033286446234070684
12.7,9.000000000000007,0.025133585398413053
12.7,9.100000000000007,0.014133991623786967
12.7,9.200000000000006,0.004236174874758622
12.7,9.300000000000006,2.4156676012386953e-06
12.7,9.400000000000006,0.004100310078853941
12.7,9.500000000000007,0.01478669612940305
12.7,9.600000000000007,0.025310181115596027
12.7,9.700000000000006,0.02719439423374041
12.7,9.800000000000008,0.017303984238722783
12.7,9.900000000000007,0.0036465170939607577
12.7,10.000000000000007,0.0010751171169649761
12.799999999999999,2.0,0.006707364618493678
12.799999999999999,2.1,0.010401728856195018
12.799999999999999,2.2,0.00409066722889505
12.799999999999999,2.3000000000000003,0.02073552788000341
12.799999999999999,2.4000000000000004,0.005126253976471249
12.799999999999999,2.5000000000000004,0.003542994684694332
12.799999999999999,2.6000000000000005,0.021692041481278082
12.799999999999999,2.7000000000000006,0.023232318668080315
12.799999999999999,2.8000000000000007,0.007910880974078296
12.799999999999999,2.900000000000001,3.566351300973793e-05
12.799999999999999,3.000000000000001,0.009250786360603624
12.799999999999999,3.100000000000001,0.024837665325713295
12.799999999999999,3.200000000000001,0.032659368342509563
12.799999999999999,3.300000000000001,0.02796013169272016
12.799999999999999,3.4000000000000012,0.01567654155650792
12.799999999999999,3.5000000000000013,0.004290820959355353
12.799999999999999,3.6000000000000014,1.3388212985384148e-06
12.799999999999999,3.7000000000000015,0.004294289232234684
12.799999999999999,3.8000000000000016,0.014613959562042738
12.799999999999999,3.9000000000000017,0.026701797157279095
12.799999999999999,4.000000000000002,0.036651754376735
12.799999999999999,4.100000000000001,0.04207548368368057
12.799999999999999,4.200000000000002,0.042360224793785206
12.799999999999999,4.3000000000000025,0.038216098512603394
12.799999999999999,4.400000000000002,0.031083789138275593
12.799999999999999,4.500000000000002,0.02269035357035506
12.799999999999999,4.600000000000002,0.01456011586057203
12.799999999999999,4.700000000000003,0.007788659330119315
12.799999999999999,4.8000000000000025,0.0030129605069874584
12.799999999999999,4.900000000000002,0.00048608848719225656
12.799999999999999,5.000000000000003,8.257035680808199e-05
12.799999999999999,5.100000000000003,0.0014237579066834194
12.799999999999999,5.200000000000003,0.004061151182134293
12.799999999999999,5.3000000000000025,0.007574312457535922
12.799999999999999,5.400000000000003,0.011593735688968581
12.799999999999999,5.5000000000000036,0.01576827314830649
12.799999999999999,5.600000000000003,0.019807228568853016
12.799999999999999,5.700000000000003,0.02352845629664123
12.799999999999999,5.800000000000003,0.026816432458405266
12.799999999999999,5.900000000000004,0.029626628523200624
12.799999999999999,6.0000000000000036,0.03191505708543865
12.799999999999999,6.100000000000003,0.03366982286040767
12.799999999999999,6.200000000000004,0.034889690831044734
12.799999999999999,6.300000000000004,0.035598749558841764
12.799999999999999,6.400000000000004,0.03583522788986137
12.799999999999999,6.5000000000000036,0.035599119222239684
12.799999999999999,6.600000000000004,0.03489060510847846
12.799999999999999,6.700000000000005,0.0336700678540314
12.799999999999999,6.800000000000004,0.03191619464407429
12.799999999999999,6.900000000000004,0.029627998796719082
12.799999999999999,7.000000000000004,0.026817625221942476
12.799999999999999,7.100000000000005,0.02353094901534541
12.799999999999999,7.200000000000005,0.01980933805519433
12.799999999999999,7.300000000000004,0.015770690566987367
12.799999999999999,7.400000000000005,0.011596092324969607
12.799999999999999,7.500000000000005,0.007576513118053512
12.799999999999999,7.600000000000005,0.004063212943290538
12.799999999999999,7.700000000000005,0.001424920893543645
12.799999999999999,7.800000000000005,8.286956740774963e-05
12.799999999999999,7.900000000000006,0.00048520925186185294
12.799999999999999,8.000000000000005,0.003010828218570367
12.799999999999999,8.100000000000005,0.0077852270013630985
12.799999999999999,8.200000000000006,0.01455588748923293
12.799999999999999,8.300000000000006,0.022685620276892884
12.799999999999999,8.400000000000006,0.031082265811290505
12.799999999999999,8.500000000000005,0.03821290063372443
12.799999999999999,8.600000000000005,0.04235757476336442
12.799999999999999,8.700000000000006,0.04207624718272672
12.799999999999999,8.800000000000006,0.03665406778035225
12.799999999999999,8.900000000000006,0.026705633544313573
12.799999999999999,9.000000000000007,0.014616670728592235
12.799999999999999,9.100000000000007,0.004297746387100979
12.799999999999999,9.200000000000006,1.3018445607346622e-06
12.799999999999999,9.300000000000006,0.0042864361560908375
12.799999999999999,9.400000000000006,0.015670087451588596
12.799999999999999,9.500000000000007,0.02795719722475388
12.799999999999999,9.600000000000007,0.03265947089701923
12.799999999999999,9.700000000000006,0.024842042575000323
12.799999999999999,9.800000000000008,0.00925644035812006
12.799999999999999,9.900000000000007,3.6077685421839424e-05
12.799999999999999,10.000000000000007,0.007907080018223725
12.899999999999999,2.0,0.01345051235016876
12.899999999999999,2.1,0.0002429130621442035
12.899999999999999,2.2,0.019991064076245547
12.899999999999999,2.3000000000000003,0.002324615940223302
12.899999999999999,2.4000000000000004,0.01264878609529201
12.899999999999999,2.5000000000000004,0.023396147725885264
12.899999999999999,2.6000000000000005,0.004315515665412356
12.899999999999999,2.7000000000000006,0.004009238236498841
12.899999999999999,2.8000000000000007,0.023709669838298735
12.899999999999999,2.900000000000001,0.02996590895548603
12.899999999999999,3.000000000000001,0.01616580553547897
12.899999999999999,3.100000000000001,0.0017987540732629127
12.899999999999999,3.200000000000001,0.002620141219901534
12.899999999999999,3.300000000000001,0.016892160157086177
12.899999999999999,3.4000000000000012,0.03256683885875246
12.899999999999999,3.5000000000000013,0.03932695333884355
12.899999999999999,3.6000000000000014,0.03457415210826945
12.899999999999999,3.7000000000000015,0.02237439106415467
12.899999999999999,3.8000000000000016,0.009443339350251202
12.899999999999999,3.9000000000000017,0.0013521866841542853
12.899999999999999,4.000000000000002,0.0006133897154362066
12.899999999999999,4.100000000000001,0.006732414283956052
12.899999999999999,4.200000000000002,0.01727043102712111
12.899999999999999,4.3000000000000025,0.029167234428226323
12.899999999999999,4.400000000000002,0.03982410383575653
12.899999999999999,4.500000000000002,0.047488062487250404
12.899999999999999,4.600000000000002,0.05131846481076953
12.899999999999999,4.700000000000003,0.051386090361687745
12.899999999999999,4.8000000000000025,0.04832167565056714
12.899999999999999,4.900000000000002,0.043005912623408
12.899999999999999,5.000000000000003,0.03642103709775466
12.899999999999999,5.100000000000003,0.02948100235983202
12.899999999999999,5.200000000000003,0.022853599327906666
12.899999999999999,5.3000000000000025,0.0169234900804872
12.899999999999999,5.400000000000003,0.011880255515837044
12.899999999999999,5.5000000000000036,0.007827697920813422
12.899999999999999,5.600000000000003,0.004780652510821189
12.899999999999999,5.700000000000003,0.002660249634688907
12.899999999999999,5.800000000000003,0.0013015776133398361
12.899999999999999,5.900000000000004,0.0005168612872850845
12.899999999999999,6.0000000000000036,0.0001337321845875193
12.899999999999999,6.100000000000003,6.38063597723333e-06
12.899999999999999,6.200000000000004,1.8395678012528495e-05
12.899999999999999,6.300000000000004,7.867193541405523e-05
12.899999999999999,6.400000000000004,0.00012477563426621134
12.899999999999999,6.5000000000000036,0.00012474154739196427
12.899999999999999,6.600000000000004,7.869913072445914e-05
12.899999999999999,6.700000000000005,1.842187300369264e-05
12.899999999999999,6.800000000000004,6.341778749146217e-06
12.899999999999999,6.900000000000004,0.00013355679450924898
12.899999999999999,7.000000000000004,0.0005164474439886039
12.899999999999999,7.100000000000005,0.0013008428779624425
12.899999999999999,7.200000000000005,0.002659158359687743
12.899999999999999,7.300000000000004,0.004779105920246237
12.899999999999999,7.400000000000005,0.007825411070659188
12.899999999999999,7.500000000000005,0.011877803303718766
12.899999999999999,7.600000000000005,0.016920060030191704
12.899999999999999,7.700000000000005,0.022849634816199886
12.899999999999999,7.800000000000005,0.029476022146916428
12.899999999999999,7.900000000000006,0.036417014276797464
12.899999999999999,8.000000000000005,0.0430022189803262
12.899999999999999,8.100000000000005,0.04831965498113108
12.899999999999999,8.200000000000006,0.05138511172380639
12.899999999999999,8.300000000000006,0.05131921498631619
12.899999999999999,8.400000000000006,0.04748874051756123
12.899999999999999,8.500000000000005,0.03983255680925492
12.899999999999999,8.600000000000005,0.02917295262731765
12.899999999999999,8.700000000000006,0.01727286603664726
12.899999999999999,8.800000000000006,0.006736896332604493
12.899999999999999,8.900000000000006,0.0006142601154964282
12.899999999999999,9.000000000000007,0.0013505902996757968
12.899999999999999,9.100000000000007,0.009435050983844128
12.899999999999999,9.200000000000006,0.022367962800824388
12.899999999999999,9.300000000000006,0.034570116016336805
12.899999999999999,9.400000000000006,0.03932635924896573
12.899999999999999,9.500000000000007,0.032572548340691974
12.899999999999999,9.600000000000007,0.016896899065979708
12.899999999999999,9.700000000000006,0.0026247284824229365
12.899999999999999,9.800000000000008,0.001795990253016903
12.899999999999999,9.900000000000007,0.016158779849651257
12.899999999999999,10.000000000000007,0.029965081125440163
12.999999999999998,2.0,0.004128249457096502
12.999999999999998,2.1,0.0009039260914594288
12.999999999999998,2.2,0.020243661608651976
12.999999999999998,2.3000000000000003,0.00041332348411755523
12.999999999999998,2.4000000000000004,0.02403343295028973
12.999999999999998,2.5000000000000004,0.0061936295801399265
12.999999999999998,2.6000000000000005,0.006330041826809849
12.999999999999998,2.7000000000000006,0.028532472769042375
12.999999999999998,2.8000000000000007,0.020610754623295424
12.999999999999998,2.900000000000001,0.0017181565622636672
12.999999999999998,3.000000000000001,0.0058275003905418525
12.999999999999998,3.100000000000001,0.026142772339577822
12.999999999999998,3.200000000000001,0.03750880643858466
12.999999999999998,3.300000000000001,0.02996585226627305
12.999999999999998,3.4000000000000012,0.012919712319826228
12.999999999999998,3.5000000000000013,0.001116826433663912
12.999999999999998,3.6000000000000014,0.0025021401662116438
12.999999999999998,3.7000000000000015,0.015166554476026639
12.999999999999998,3.8000000000000016,0.03159386813777333
12.999999999999998,3.9000000000000017,0.044181013675051256
12.999999999999998,4.000000000000002,0.048664174573176185
12.999999999999998,4.100000000000001,0.044744102198435456
12.999999999999998,4.200000000000002,0.03484555940823545
12.999999999999998,4.3000000000000025,0.02258679081626011
12.999999999999998,4.400000000000002,0.0113496138965148
12.999999999999998,4.500000000000002,0.0034682343161035333
12.999999999999998,4.600000000000002,0.00010901836031545215
12.999999999999998,4.700000000000003,0.0013050858480818427
12.999999999999998,4.8000000000000025,0.00623467395415545
12.999999999999998,4.900000000000002,0.013707011382684646
12.999999999999998,5.000000000000003,0.022508435123075477
12.999999999999998,5.100000000000003,0.03150903295867035
12.999999999999998,5.200000000000003,0.03987169986627877
12.999999999999998,5.3000000000000025,0.047083679139295696
12.999999999999998,5.400000000000003,0.05298041831138099
12.999999999999998,5.5000000000000036,0.05752920431559848
12.999999999999998,5.600000000000003,0.06078854316713914
12.999999999999998,5.700000000000003,0.06289144331264405
12.999999999999998,5.800000000000003,0.06405136675755498
12.999999999999998,5.900000000000004,0.06453204540003198
12.999999999999998,6.0000000000000036,0.0645703289770751
12.999999999999998,6.100000000000003,0.06435198736518619
12.999999999999998,6.200000000000004,0.06401829360378633
12.999999999999998,6.300000000000004,0.06368342315379358
12.999999999999998,6.400000000000004,0.06343771066167068
12.999999999999998,6.5000000000000036,0.06334935695227012
12.999999999999998,6.600000000000004,0.06343788439523981
12.999999999999998,6.700000000000005,0.06368306339198433
12.999999999999998,6.800000000000004,0.06401773020470163
12.999999999999998,6.900000000000004,0.06435177138503526
12.999999999999998,7.000000000000004,0.0645697724045233
12.999999999999998,7.100000000000005,0.06453218245656756
12.999999999999998,7.200000000000005,0.06405206893433549
12.999999999999998,7.300000000000004,0.06289212762873055
12.999999999999998,7.400000000000005,0.060790601997438076
12.999999999999998,7.500000000000005,0.05753187387062153
12.999999999999998,7.600000000000005,0.05298375067668774
12.999999999999998,7.700000000000005,0.04708758616238491
12.999999999999998,7.800000000000005,0.039876021994591004
12.999999999999998,7.900000000000006,0.03151473635666839
12.999999999999998,8.000000000000005,0.022513484287901106
12.999999999999998,8.100000000000005,0.013711666261783863
12.999999999999998,8.200000000000006,0.006238237823531392
12.999999999999998,8.300000000000006,0.0013068508054044502
12.999999999999998,8.400000000000006,0.00010878038062678686
12.999999999999998,8.500000000000005,0.0034672355666205143
12.999999999999998,8.600000000000005,0.011340703735716778
12.999999999999998,8.700000000000006,0.02258044902921264
12.999999999999998,8.800000000000006,0.034842561789965774
12.999999999999998,8.900000000000006,0.04474037613678164
12.999999999999998,9.000000000000007,0.048664042321590474
12.999999999999998,9.100000000000007,0.04418372148806033
12.999999999999998,9.200000000000006,0.03160372145611859
12.999999999999998,9.300000000000006,0.015173028914445675
12.999999999999998,9.400000000000006,0.0025045310839737177
12.999999999999998,9.500000000000007,0.0011139850681049705
12.999999999999998,9.600000000000007,0.012911608186194582
12.999999999999998,9.700000000000006,0.029961139051923286
12.999999999999998,9.800000000000008,0.03750874913010421
12.999999999999998,9.900000000000007,0.026149093214019634
12.999999999999998,10.000000000000007,0.005833344053046662
13.099999999999998,2.0,0.011863485189121576
13.099999999999998,2.1,0.014014390085918652
13.099999999999998,2.2,0.01942471985378204
13.099999999999998,2.3000000000000003,0.00028381244239155605
13.099999999999998,2.4000000000000004,0.024302791278991206
13.099999999999998,2.5000000000000004,0.00030975102559361597
13.099999999999998,2.6000000000000005,0.021420206747771318
13.099999999999998,2.7000000000000006,0.023997669830715357
13.099999999999998,2.8000000000000007,0.0012410481172346727
13.099999999999998,2.900000000000001,0.010955833856205945
13.099999999999998,3.000000000000001,0.03370618524235625
13.099999999999998,3.100000000000001,0.03195936056140987
13.099999999999998,3.200000000000001,0.011667057619489118
13.099999999999998,3.300000000000001,3.010355572155541e-05
13.099999999999998,3.4000000000000012,0.009071624199702482
13.099999999999998,3.5000000000000013,0.029172632524973513
13.099999999999998,3.6000000000000014,0.044263772581560376
13.099999999999998,3.7000000000000015,0.045377255628118444
13.099999999999998,3.8000000000000016,0.03396540092592565
13.099999999999998,3.9000000000000017,0.01763864428526564
13.099999999999998,4.000000000000002,0.004648215477569732
13.099999999999998,4.100000000000001,4.493675481319013e-07
13.099999999999998,4.200000000000002,0.004491193664243223
13.099999999999998,4.3000000000000025,0.01578682300619923
13.099999999999998,4.400000000000002,0.030106124357740696
13.099999999999998,4.500000000000002,0.043798252226443846
13.099999999999998,4.600000000000002,0.05424177031536388
13.099999999999998,4.700000000000003,0.06006848016782412
13.099999999999998,4.8000000000000025,0.061079718679941275
13.099999999999998,4.900000000000002,0.05798177390542642
13.099999999999998,5.000000000000003,0.05191444738314178
13.099999999999998,5.100000000000003,0.044085775574338903
13.099999999999998,5.200000000000003,0.03562200240601156
13.099999999999998,5.3000000000000025,0.027439430588767272
13.099999999999998,5.400000000000003,0.02011638525942582
13.099999999999998,5.5000000000000036,0.013931855468022336
13.099999999999998,5.600000000000003,0.008992154550558356
13.099999999999998,5.700000000000003,0.005304889915606821
13.099999999999998,5.800000000000003,0.002787407049779524
13.099999999999998,5.900000000000004,0.0012413935121500296
13.099999999999998,6.0000000000000036,0.00041355857682167795
13.099999999999998,6.100000000000003,6.338821911678461e-05
13.099999999999998,6.200000000000004,4.397854420093179e-06
13.099999999999998,6.300000000000004,9.947453095057965e-05
13.099999999999998,6.400000000000004,0.00023966454376939402
13.099999999999998,6.5000000000000036,0.00033561809047092186
13.099999999999998,6.600000000000004,0.0003355933859304275
13.099999999999998,6.700000000000005,0.00023976154159449637
13.099999999999998,6.800000000000004,9.95447810780617e-05
13.099999999999998,6.900000000000004,4.413783305818015e-06
13.099999999999998,7.000000000000004,6.326317423395782e-05
13.099999999999998,7.100000000000005,0.0004131958563961388
13.099999999999998,7.200000000000005,0.0012406545134254774
13.099999999999998,7.300000000000004,0.0027860857989509516
13.099999999999998,7.400000000000005,0.0053029897598317055
13.099999999999998,7.500000000000005,0.008989462390686181
13.099999999999998,7.600000000000005,0.013928455071162825
13.099999999999998,7.700000000000005,0.020112181032560676
13.099999999999998,7.800000000000005,0.02743430585636825
13.099999999999998,7.900000000000006,0.03561652788798357
13.099999999999998,8.000000000000005,0.044080545043789436
13.099999999999998,8.100000000000005,0.05191049513428157
13.099999999999998,8.200000000000006,0.05797834900505973
13.099999999999998,8.300000000000006,0.061078758757145725
13.099999999999998,8.400000000000006,0.06007072591063492
13.099999999999998,8.500000000000005,0.0542427929007292
13.099999999999998,8.600000000000005,0.04380033316596619
13.099999999999998,8.700000000000006,0.03011771141113153
13.099999999999998,8.800000000000006,0.015793184219557676
13.099999999999998,8.900000000000006,0.004493002102819991
13.099999999999998,9.000000000000007,4.238512193151806e-07
13.099999999999998,9.100000000000007,0.004644831851938004
13.099999999999998,9.200000000000006,0.01763328747698517
13.099999999999998,9.300000000000006,0.03395496678670345
13.099999999999998,9.400000000000006,0.04537431729021894
13.099999999999998,9.500000000000007,0.04426646910436798
13.099999999999998,9.600000000000007,0.029182160245446946
13.099999999999998,9.700000000000006,0.00907924215511004
13.099999999999998,9.800000000000008,2.968688638009317e-05
13.099999999999998,9.900000000000007,0.01165794835948898
13.099999999999998,10.000000000000007,0.03195475362838451
13.199999999999998,2.0,0.008818953247220752
13.199999999999998,2.1,0.0021173976835229895
13.199999999999998,2.2,0.0020462982529440626
13.199999999999998,2.3000000000000003,0.003720413285980212
13.199999999999998,2.4000000000000004,0.0246223030028995
13.199999999999998,2.5000000000000004,0.00010895652149002439
13.199999999999998,2.6000000000000005,0.026674201537036223
13.199999999999998,2.7000000000000006,0.01337453073130038
13.199999999999998,2.8000000000000007,0.002746991781000437
13.199999999999998,2.900000000000001,0.030261437431920654
13.199999999999998,3.000000000000001,0.03135407646770764
13.199999999999998,3.100000000000001,0.007276906421163058
13.199999999999998,3.200000000000001,0.001744285108012945
13.199999999999998,3.300000000000001,0.022196921891188895
13.199999999999998,3.4000000000000012,0.042540384780145685
13.199999999999998,3.5000000000000013,0.04295013147328972
13.199999999999998,3.6000000000000014,0.026070322634196983
13.199999999999998,3.7000000000000015,0.007325372403845376
13.199999999999998,3.8000000000000016,4.832337126638229e-06
13.199999999999998,3.9000000000000017,0.007501588710469172
13.199999999999998,4.000000000000002,0.024612416106397153
13.199999999999998,4.100000000000001,0.04286637246781328
13.199999999999998,4.200000000000002,0.05535655167355499
13.199999999999998,4.3000000000000025,0.05889494920397455
13.199999999999998,4.400000000000002,0.053789286561602395
13.199999999999998,4.500000000000002,0.04266567460773969
13.199999999999998,4.600000000000002,0.02907199259224136
13.199999999999998,4.700000000000003,0.016237752592172396
13.199999999999998,4.8000000000000025,0.006492088234831201
13.199999999999998,4.900000000000002,0.0010910047251189892
13.199999999999998,5.000000000000003,0.00016346708759443275
13.199999999999998,5.100000000000003,0.003078367484964962
13.199999999999998,5.200000000000003,0.008898578916833755
13.199999999999998,5.3000000000000025,0.016555849536693347
13.199999999999998,5.400000000000003,0.025056425221406296
13.199999999999998,5.5000000000000036,0.03359087818246847
13.199999999999998,5.600000000000003,0.04165103958567281
13.199999999999998,5.700000000000003,0.04889958045875221
13.199999999999998,5.800000000000003,0.055109299913627945
13.199999999999998,5.900000000000004,0.060174162343524115
13.199999999999998,6.0000000000000036,0.06410647043235855
13.199999999999998,6.100000000000003,0.06708420396661126
13.199999999999998,6.200000000000004,0.06929545680389529
13.199999999999998,6.300000000000004,0.07090678627928214
13.199999999999998,6.400000000000004,0.07202076873317743
13.199999999999998,6.5000000000000036,0.07267689905098537
13.199999999999998,6.600000000000004,0.07289499798208175
13.199999999999998,6.700000000000005,0.07267703239933597
13.199999999999998,6.800000000000004,0.07202105114519948
13.199999999999998,6.900000000000004,0.07090727478012349
13.199999999999998,7.000000000000004,0.06929573789399826
13.199999999999998,7.100000000000005,0.06708526417685325
13.199999999999998,7.200000000000005,0.06410933047197816
13.199999999999998,7.300000000000004,0.06017654275723376
13.199999999999998,7.400000000000005,0.05511231734416454
13.199999999999998,7.500000000000005,0.04890374435804282
13.199999999999998,7.600000000000005,0.04165452657199008
13.199999999999998,7.700000000000005,0.03359546177275377
13.199999999999998,7.800000000000005,0.025061618336406827
13.199999999999998,7.900000000000006,0.016560557607212385
13.199999999999998,8.000000000000005,0.008902408629246086
13.199999999999998,8.100000000000005,0.003080895055579215
13.199999999999998,8.200000000000006,0.00016412003538426734
13.199999999999998,8.300000000000006,0.0010892890769113295
13.199999999999998,8.400000000000006,0.006484972799290126
13.199999999999998,8.500000000000005,0.016227124765192943
13.199999999999998,8.600000000000005,0.0290692580775178
13.199999999999998,8.700000000000006,0.04266312491865232
13.199999999999998,8.800000000000006,0.05378110880114812
13.199999999999998,8.900000000000006,0.058894136775743816
13.199999999999998,9.000000000000007,0.055358878247421424
13.199999999999998,9.100000000000007,0.04287380723451313
13.199999999999998,9.200000000000006,0.024618472359538048
13.199999999999998,9.300000000000006,0.007506116307745947
13.199999999999998,9.400000000000006,5.002509252296712e-06
13.199999999999998,9.500000000000007,0.007319031609182692
13.199999999999998,9.600000000000007,0.026063124518994948
13.199999999999998,9.700000000000006,0.04294544812517675
13.199999999999998,9.800000000000008,0.04254524225990454
13.199999999999998,9.900000000000007,0.02220342203251939
13.199999999999998,10.000000000000007,0.0017485965312915496
13.299999999999997,2.0,3.8130244081284625e-06
13.299999999999997,2.1,0.0020840846035498923
13.299999999999997,2.2,0.019124847390421935
13.299999999999997,2.3000000000000003,0.021852665796917078
13.299999999999997,2.4000000000000004,0.013187527026667527
13.299999999999997,2.5000000000000004,0.004110877169043374
13.299999999999997,2.6000000000000005,0.025016571931209784
13.299999999999997,2.7000000000000006,0.010852696895164203
13.299999999999997,2.8000000000000007,0.008571205583598827
13.299999999999997,2.900000000000001,0.03603457425218631
13.299999999999997,3.000000000000001,0.01674556256905203
13.299999999999997,3.100000000000001,0.000220152105509342
13.299999999999997,3.200000000000001,0.021437743416614797
13.299999999999997,3.300000000000001,0.043732223988561005
13.299999999999997,3.4000000000000012,0.03726730156162801
13.299999999999997,3.5000000000000013,0.013868645820593111
13.299999999999997,3.6000000000000014,0.00018775267089768416
13.299999999999997,3.7000000000000015,0.008069211266176435
13.299999999999997,3.8000000000000016,0.02969998628611909
13.299999999999997,3.9000000000000017,0.04971407978546401
13.299999999999997,4.000000000000002,0.057456092994489685
13.299999999999997,4.100000000000001,0.05106583941020663
13.299999999999997,4.200000000000002,0.03541915872082278
13.299999999999997,4.3000000000000025,0.01794208786824807
13.299999999999997,4.400000000000002,0.0049615457193975445
13.299999999999997,4.500000000000002,1.7621649174463178e-05
13.299999999999997,4.600000000000002,0.003552430990681145
13.299999999999997,4.700000000000003,0.013732062581254046
13.299999999999997,4.8000000000000025,0.02765882765722929
13.299999999999997,4.900000000000002,0.042394857542723555
13.299999999999997,5.000000000000003,0.055553538164105895
13.299999999999997,5.100000000000003,0.06564645448344664
13.299999999999997,5.200000000000003,0.07216814517184031
13.299999999999997,5.3000000000000025,0.07517638519136528
13.299999999999997,5.400000000000003,0.07509181986282228
13.299999999999997,5.5000000000000036,0.07257630364832471
13.299999999999997,5.600000000000003,0.06838344781001723
13.299999999999997,5.700000000000003,0.06318400589138255
13.299999999999997,5.800000000000003,0.05754984199023645
13.299999999999997,5.900000000000004,0.051949086204859635
13.299999999999997,6.0000000000000036,0.04678991200407066
13.299999999999997,6.100000000000003,0.042308111484286565
13.299999999999997,6.200000000000004,0.038557983234298716
13.299999999999997,6.300000000000004,0.03552186964226188
13.299999999999997,6.400000000000004,0.033156352925329015
13.299999999999997,6.5000000000000036,0.031507217653097254
13.299999999999997,6.600000000000004,0.030644775230683503
13.299999999999997,6.700000000000005,0.03064425877746918
13.299999999999997,6.800000000000004,0.0315066518982128
13.299999999999997,6.900000000000004,0.033155084720151155
13.299999999999997,7.000000000000004,0.03552019326813338
13.299999999999997,7.100000000000005,0.038554918554963194
13.299999999999997,7.200000000000005,0.04230561048402433
13.299999999999997,7.300000000000004,0.04678701060810749
13.299999999999997,7.400000000000005,0.051945862177005316
13.299999999999997,7.500000000000005,0.057544969435405276
13.299999999999997,7.600000000000005,0.06318063911765326
13.299999999999997,7.700000000000005,0.06838080015201407
13.299999999999997,7.800000000000005,0.07257330837729342
13.299999999999997,7.900000000000006,0.07509083828674872
13.299999999999997,8.000000000000005,0.07517732951471531
13.299999999999997,8.100000000000005,0.07217049456986685
13.299999999999997,8.200000000000006,0.06565170334174504
13.299999999999997,8.300000000000006,0.05555987508966634
13.299999999999997,8.400000000000006,0.04240772521510146
13.299999999999997,8.500000000000005,0.027662304721987125
13.299999999999997,8.600000000000005,0.013734261494352824
13.299999999999997,8.700000000000006,0.003558609104959606
13.299999999999997,8.800000000000006,1.7099354848610504e-05
13.299999999999997,8.900000000000006,0.004959220690820181
13.299999999999997,9.000000000000007,0.017933953059809826
13.299999999999997,9.100000000000007,0.03540625550590754
13.299999999999997,9.200000000000006,0.05105961019861696
13.299999999999997,9.300000000000006,0.05745596954364592
13.299999999999997,9.400000000000006,0.049719306055058685
13.299999999999997,9.500000000000007,0.029704666205113216
13.299999999999997,9.600000000000007,0.00807579996816091
13.299999999999997,9.700000000000006,0.00018677961947553918
13.299999999999997,9.800000000000008,0.013858666137711147
13.299999999999997,9.900000000000007,0.03725904248527669
13.299999999999997,10.000000000000007,0.04373403301909321
13.399999999999997,2.0,0.0019890208404391373
13.399999999999997,2.1,0.01082740239885541
13.399999999999997,2.2,0.017293403632423376
13.399999999999997,2.3000000000000003,0.004004864556326704
13.399999999999997,2.4000000000000004,0.005150612868686351
13.399999999999997,2.5000000000000004,0.023471252567607254
13.399999999999997,2.6000000000000005,0.011677598516403029
13.399999999999997,2.7000000000000006,0.01878902394943015
13.399999999999997,2.8000000000000007,0.00672323052011462
13.399999999999997,2.900000000000001,0.03652398906461676
13.399999999999997,3.000000000000001,0.010050773622809475
13.399999999999997,3.100000000000001,0.005094936367511151
13.399999999999997,3.200000000000001,0.03637312000680222
13.399999999999997,3.300000000000001,0.041858230053748384
13.399999999999997,3.4000000000000012,0.016453650160912013
13.399999999999997,3.5000000000000013,5.4245571459470686e-05
13.399999999999997,3.6000000000000014,0.012514723551326221
13.399999999999997,3.7000000000000015,0.038974882056153654
13.399999999999997,3.8000000000000016,0.05560296277175094
13.399999999999997,3.9000000000000017,0.05194982600606111
13.399999999999997,4.000000000000002,0.03345628818848914
13.399999999999997,4.100000000000001,0.012872348192095187
13.399999999999997,4.200000000000002,0.001042056893000514
13.399999999999997,4.3000000000000025,0.002432406250975757
13.399999999999997,4.400000000000002,0.015114886547832398
13.399999999999997,4.500000000000002,0.03369003944929443
13.399999999999997,4.600000000000002,0.05216062045685854
13.399999999999997,4.700000000000003,0.0659741209435747
13.399999999999997,4.8000000000000025,0.07289174872108424
13.399999999999997,4.900000000000002,0.07273711495435939
13.399999999999997,5.000000000000003,0.06672917031416453
13.399999999999997,5.100000000000003,0.056870998228640064
13.399999999999997,5.200000000000003,0.04521668976611164
13.399999999999997,5.3000000000000025,0.03345813013100742
13.399999999999997,5.400000000000003,0.02274907262245154
13.399999999999997,5.5000000000000036,0.013917325975569288
13.399999999999997,5.600000000000003,0.007348350102370769
13.399999999999997,5.700000000000003,0.0030438896519995933
13.399999999999997,5.800000000000003,0.0007235993966946088
13.399999999999997,5.900000000000004,1.4624755569549124e-06
13.399999999999997,6.0000000000000036,0.00045897368518234944
13.399999999999997,6.100000000000003,0.0016710761145328126
13.399999999999997,6.200000000000004,0.0032532907305902483
13.399999999999997,6.300000000000004,0.0049184831561252355
13.399999999999997,6.400000000000004,0.006464574652128633
13.399999999999997,6.5000000000000036,0.00773210703007097
13.399999999999997,6.600000000000004,0.00857927230347006
13.399999999999997,6.700000000000005,0.00887915505665157
13.399999999999997,6.800000000000004,0.008579758216983141
13.399999999999997,6.900000000000004,0.007732692978424336
13.399999999999997,7.000000000000004,0.006465520373563793
13.399999999999997,7.100000000000005,0.004919182283690915
13.399999999999997,7.200000000000005,0.003254311494429111
13.399999999999997,7.300000000000004,0.0016720398250841281
13.399999999999997,7.400000000000005,0.00045953786907148414
13.399999999999997,7.500000000000005,1.4006282183003937e-06
13.399999999999997,7.600000000000005,0.0007225733650544087
13.399999999999997,7.700000000000005,0.003041811941499815
13.399999999999997,7.800000000000005,0.007344937098266728
13.399999999999997,7.900000000000006,0.013912512281065138
13.399999999999997,8.000000000000005,0.022742498034523044
13.399999999999997,8.100000000000005,0.033450969597195346
13.399999999999997,8.200000000000006,0.0452091242272641
13.399999999999997,8.300000000000006,0.05685962583762576
13.399999999999997,8.400000000000006,0.06672791390899721
13.399999999999997,8.500000000000005,0.07273630691799574
13.399999999999997,8.600000000000005,0.07289326777574935
13.399999999999997,8.700000000000006,0.06598238741427942
13.399999999999997,8.800000000000006,0.05216453187619093
13.399999999999997,8.900000000000006,0.03369495128406719
13.399999999999997,9.000000000000007,0.015127384813696852
13.399999999999997,9.100000000000007,0.0024360118567824155
13.399999999999997,9.200000000000006,0.0010406879168220228
13.399999999999997,9.300000000000006,0.012863996900264935
13.399999999999997,9.400000000000006,0.03344885514982475
13.399999999999997,9.500000000000007,0.05194625690649936
13.399999999999997,9.600000000000007,0.05560652804131651
13.399999999999997,9.700000000000006,0.038984074529933875
13.399999999999997,9.800000000000008,0.0125209752112612
13.399999999999997,9.900000000000007,5.341787755262814e-05
13.399999999999997,10.000000000000007,0.016443360861140743
13.499999999999996,2.0,0.0071901203852687895
13.499999999999996,2.1,0.0023719375738084194
13.499999999999996,2.2,0.011964725423846079
13.499999999999996,2.3000000000000003,0.008091288518703468
13.499999999999996,2.4000000000000004,0.00545678088924891
13.499999999999996,2.5000000000000004,0.005564135099192115
13.499999999999996,2.6000000000000005,0.001873996129958755
13.499999999999996,2.7000000000000006,0.031050803819395567
13.499999999999996,2.8000000000000007,0.00027328603641101556
13.499999999999996,2.900000000000001,0.035924027356232284
13.499999999999996,3.000000000000001,0.011380820182149464
13.499999999999996,3.100000000000001,0.007373533296449391
13.499999999999996,3.200000000000001,0.041589410830461145
13.499999999999996,3.300000000000001,0.034215659035319326
13.499999999999996,3.4000000000000012,0.00468761709367145
13.499999999999996,3.5000000000000013,0.00558335112908306
13.499999999999996,3.6000000000000014,0.03430606135049445
13.499999999999996,3.7000000000000015,0.055217765266881304
13.499999999999996,3.8000000000000016,0.04938154048226981
13.499999999999996,3.9000000000000017,0.025903659054406905
13.499999999999996,4.000000000000002,0.0050603337554273806
13.499999999999996,4.100000000000001,0.0007298160338709179
13.499999999999996,4.200000000000002,0.013821458701663033
13.499999999999996,4.3000000000000025,0.036182161435029885
13.499999999999996,4.400000000000002,0.05744996601860826
13.499999999999996,4.500000000000002,0.07020704612909491
13.499999999999996,4.600000000000002,0.07179598639981839
13.499999999999996,4.700000000000003,0.06346187231963632
13.499999999999996,4.8000000000000025,0.048887913049367265
13.499999999999996,4.900000000000002,0.03239057677029269
13.499999999999996,5.000000000000003,0.017537328376337275
13.499999999999996,5.100000000000003,0.006713933736887973
13.499999999999996,5.200000000000003,0.0009984315282867912
13.499999999999996,5.3000000000000025,0.00027117940795176875
13.499999999999996,5.400000000000003,0.0037415892054920353
13.499999999999996,5.5000000000000036,0.010370342508662561
13.499999999999996,5.600000000000003,0.018992669921211684
13.499999999999996,5.700000000000003,0.02847437205327004
13.499999999999996,5.800000000000003,0.03787888167676498
13.499999999999996,5.900000000000004,0.046653327688434075
13.499999999999996,6.0000000000000036,0.054462106725861936
13.499999999999996,6.100000000000003,0.06115965289821151
13.499999999999996,6.200000000000004,0.06667753977852953
13.499999999999996,6.300000000000004,0.07103480617747496
13.499999999999996,6.400000000000004,0.07436153978382198
13.499999999999996,6.5000000000000036,0.076757673589993
13.499999999999996,6.600000000000004,0.0783258780241533
13.499999999999996,6.700000000000005,0.07910413366672907
13.499999999999996,6.800000000000004,0.07910461626565413
13.499999999999996,6.900000000000004,0.07832758157963993
13.499999999999996,7.000000000000004,0.07675820973950083
13.499999999999996,7.100000000000005,0.0743636171317873
13.499999999999996,7.200000000000005,0.07103731539745768
13.499999999999996,7.300000000000004,0.06668069170639171
13.499999999999996,7.400000000000005,0.061163386856917676
13.499999999999996,7.500000000000005,0.054466487397431
13.499999999999996,7.600000000000005,0.04665822454310415
13.499999999999996,7.700000000000005,0.03788372740263518
13.499999999999996,7.800000000000005,0.028479997002977472
13.499999999999996,7.900000000000006,0.018998724788153613
13.499999999999996,8.000000000000005,0.010375007337681071
13.499999999999996,8.100000000000005,0.0037447691593061596
13.499999999999996,8.200000000000006,0.00027202513361073496
13.499999999999996,8.300000000000006,0.0009965331659339991
13.499999999999996,8.400000000000006,0.006712534269011963
13.499999999999996,8.500000000000005,0.017524889716423894
13.499999999999996,8.600000000000005,0.03237575218907748
13.499999999999996,8.700000000000006,0.0488842454878188
13.499999999999996,8.800000000000006,0.06345873060320956
13.499999999999996,8.900000000000006,0.07179219948729153
13.499999999999996,9.000000000000007,0.07021142237592667
13.499999999999996,9.100000000000007,0.0574535874080783
13.499999999999996,9.200000000000006,0.036193197835216843
13.499999999999996,9.300000000000006,0.01383442178174658
13.499999999999996,9.400000000000006,0.0007320752159363698
13.499999999999996,9.500000000000007,0.005055872398324232
13.499999999999996,9.600000000000007,0.025895329577054964
13.499999999999996,9.700000000000006,0.04937726171205757
13.499999999999996,9.800000000000008,0.055220625245872956
13.499999999999996,9.900000000000007,0.03431466145485551
13.499999999999996,10.000000000000007,0.005591085469502272
13.599999999999996,2.0,1.1445505012403698e-05
13.599999999999996,2.1,1.8328541478719804e-05
13.599999999999996,2.2,0.010944036607315442
13.599999999999996,2.3000000000000003,0.0002398823672762355
13.599999999999996,2.4000000000000004,0.0013573006943748966
13.599999999999996,2.5000000000000004,0.023795218048290642
13.599999999999996,2.6000000000000005,0.02699622680987436
13.599999999999996,2.7000000000000006,0.013109254036160804
13.599999999999996,2.8000000000000007,0.008176651774428379
13.599999999999996,2.900000000000001,0.027834839882062055
13.599999999999996,3.000000000000001,0.018213646457492114
13.599999999999996,3.100000000000001,0.006443027819634069
13.599999999999996,3.200000000000001,0.043561298705519766
13.599999999999996,3.300000000000001,0.027052841690641954
13.599999999999996,3.4000000000000012,0.00019166144168489754
13.599999999999996,3.5000000000000013,0.019342216203491115
13.599999999999996,3.6000000000000014,0.05104872310193056
13.599999999999996,3.7000000000000015,0.051915940368584504
13.599999999999996,3.8000000000000016,0.025768842805147248
13.599999999999996,3.9000000000000017,0.002917268858101392
13.599999999999996,4.000000000000002,0.00365691439295426
13.599999999999996,4.100000000000001,0.025353027494570884
13.599999999999996,4.200000000000002,0.052089451374874175
13.599999999999996,4.3000000000000025,0.0690896557800255
13.599999999999996,4.400000000000002,0.07002311196757548
13.599999999999996,4.500000000000002,0.056981137228911696
13.599999999999996,4.600000000000002,0.03688010357235506
13.599999999999996,4.700000000000003,0.017360822039233722
13.599999999999996,4.8000000000000025,0.004194311383036013
13.599999999999996,4.900000000000002,8.989185556052272e-06
13.599999999999996,5.000000000000003,0.0045102609796541585
13.599999999999996,5.100000000000003,0.015594247840620178
13.599999999999996,5.200000000000003,0.030454162955356714
13.599999999999996,5.3000000000000025,0.04635462173818074
13.599999999999996,5.400000000000003,0.061171362534953796
13.599999999999996,5.5000000000000036,0.07364752626398449
13.599999999999996,5.600000000000003,0.08315197641559705
13.599999999999996,5.700000000000003,0.0894824876328195
13.599999999999996,5.800000000000003,0.09287978533113908
13.599999999999996,5.900000000000004,0.09390061358064623
13.599999999999996,6.0000000000000036,0.09318952356487982
13.599999999999996,6.100000000000003,0.09131710227375253
13.599999999999996,6.200000000000004,0.08876336836958942
13.599999999999996,6.300000000000004,0.08595323546066988
13.599999999999996,6.400000000000004,0.08325422800948007
13.599999999999996,6.5000000000000036,0.0809366257378487
13.599999999999996,6.600000000000004,0.07918007243577731
13.599999999999996,6.700000000000005,0.07808891575365856
13.599999999999996,6.800000000000004,0.07772007293533777
13.599999999999996,6.900000000000004,0.07808791155281457
13.599999999999996,7.000000000000004,0.07917897766874027
13.599999999999996,7.100000000000005,0.08093528629559309
13.599999999999996,7.200000000000005,0.08325144190091596
13.599999999999996,7.300000000000004,0.08595092683945069
13.599999999999996,7.400000000000005,0.08876054484447288
13.599999999999996,7.500000000000005,0.0913150772907591
13.599999999999996,7.600000000000005,0.09318861048228905
13.599999999999996,7.700000000000005,0.09390035953616511
13.599999999999996,7.800000000000005,0.09288121469761516
13.599999999999996,7.900000000000006,0.08948498548939461
13.599999999999996,8.000000000000005,0.0831571671574326
13.599999999999996,8.100000000000005,0.07365399741774031
13.599999999999996,8.200000000000006,0.06117887086395121
13.599999999999996,8.300000000000006,0.04635645597645635
13.599999999999996,8.400000000000006,0.030463778385459758
13.599999999999996,8.500000000000005,0.015596512265534683
13.599999999999996,8.600000000000005,0.004517695177912456
13.599999999999996,8.700000000000006,9.29391660623035e-06
13.599999999999996,8.800000000000006,0.004192314168864133
13.599999999999996,8.900000000000006,0.017356854353295953
13.599999999999996,9.000000000000007,0.03686404611745344
13.599999999999996,9.100000000000007,0.05696742039994619
13.599999999999996,9.200000000000006,0.07002077571206516
13.599999999999996,9.300000000000006,0.06909275445862496
13.599999999999996,9.400000000000006,0.05210428159117753
13.599999999999996,9.500000000000007,0.025364698346679634
13.599999999999996,9.600000000000007,0.003661002298347182
13.599999999999996,9.700000000000006,0.0029134522775544334
13.599999999999996,9.800000000000008,0.02576263958121886
13.599999999999996,9.900000000000007,0.051909967789460186
13.599999999999996,10.000000000000007,0.05105393150737829
13.699999999999996,2.0,0.017936978336275257
13.699999999999996,2.1,0.010742395147328583
13.699999999999996,2.2,0.008091956752286241
13.699999999999996,2.3000000000000003,0.005896047378179477
13.699999999999996,2.4000000000000004,0.008231076500791929
13.699999999999996,2.5000000000000004,0.017954400593734078
13.699999999999996,2.6000000000000005,0.01241701676752278
13.699999999999996,2.7000000000000006,0.015133986738131586
13.699999999999996,2.8000000000000007,0.032667625761228045
13.699999999999996,2.900000000000001,0.004527787260473474
13.699999999999996,3.000000000000001,0.03412410301478816
13.699999999999996,3.100000000000001,0.0006943041441934317
13.699999999999996,3.200000000000001,0.04125967162752666
13.699999999999996,3.300000000000001,0.02802979509489659
13.699999999999996,3.4000000000000012,1.6240846130680404e-05
13.699999999999996,3.5000000000000013,0.028077282386159988
13.699999999999996,3.6000000000000014,0.05598798646458551
13.699999999999996,3.7000000000000015,0.040386641978525706
13.699999999999996,3.8000000000000016,0.008858528089177739
13.699999999999996,3.9000000000000017,0.0014202884958871077
13.699999999999996,4.000000000000002,0.02396435969357003
13.699999999999996,4.100000000000001,0.05448100512538689
13.699999999999996,4.200000000000002,0.07065594092586006
13.699999999999996,4.3000000000000025,0.06495740081024591
13.699999999999996,4.400000000000002,0.04386719585048425
13.699999999999996,4.500000000000002,0.019783263097828102
13.699999999999996,4.600000000000002,0.0035638725057438236
13.699999999999996,4.700000000000003,0.0005457872178948668
13.699999999999996,4.8000000000000025,0.010201621719737161
13.699999999999996,4.900000000000002,0.02823759407100731
13.699999999999996,5.000000000000003,0.04914629049018848
13.699999999999996,5.100000000000003,0.06818715146896259
13.699999999999996,5.200000000000003,0.08239582057687383
13.699999999999996,5.3000000000000025,0.0905109775277671
13.699999999999996,5.400000000000003,0.09255477356975213
13.699999999999996,5.5000000000000036,0.08949862312230897
13.699999999999996,5.600000000000003,0.08268640109499349
13.699999999999996,5.700000000000003,0.07349071188904029
13.699999999999996,5.800000000000003,0.06326970415607323
13.699999999999996,5.900000000000004,0.05313911752282645
13.699999999999996,6.0000000000000036,0.043870172486957154
13.699999999999996,6.100000000000003,0.03574691652091976
13.699999999999996,6.200000000000004,0.02884749687561456
13.699999999999996,6.300000000000004,0.023179644132963577
13.699999999999996,6.400000000000004,0.01873077920866728
13.699999999999996,6.5000000000000036,0.015461427003652368
13.699999999999996,6.600000000000004,0.013217315952007078
13.699999999999996,6.700000000000005,0.011851590519209313
13.699999999999996,6.800000000000004,0.011211413233127382
13.699999999999996,6.900000000000004,0.011211204869289386
13.699999999999996,7.000000000000004,0.011851158363878296
13.699999999999996,7.100000000000005,0.013216449260876381
13.699999999999996,7.200000000000005,0.015459676389011617
13.699999999999996,7.300000000000004,0.018728378460726256
13.699999999999996,7.400000000000005,0.023176506859699228
13.699999999999996,7.500000000000005,0.028843512210498905
13.699999999999996,7.600000000000005,0.03574270682850404
13.699999999999996,7.700000000000005,0.043863942036587056
13.699999999999996,7.800000000000005,0.053132974073745794
13.699999999999996,7.900000000000006,0.06326273108975841
13.699999999999996,8.000000000000005,0.07348352755880341
13.699999999999996,8.100000000000005,0.08268028152816148
13.699999999999996,8.200000000000006,0.0894949758251617
13.699999999999996,8.300000000000006,0.0925536165028764
13.699999999999996,8.400000000000006,0.0905104621433492
13.699999999999996,8.500000000000005,0.08240193033121013
13.699999999999996,8.600000000000005,0.06819050925506184
13.699999999999996,8.700000000000006,0.04916448889433465
13.699999999999996,8.800000000000006,0.02825432280227812
13.699999999999996,8.900000000000006,0.010205079546761362
13.699999999999996,9.000000000000007,0.0005466468492133247
13.699999999999996,9.100000000000007,0.003556434822086021
13.699999999999996,9.200000000000006,0.019767579744728918
13.699999999999996,9.300000000000006,0.043860731577018065
13.699999999999996,9.400000000000006,0.06495028685837835
13.699999999999996,9.500000000000007,0.07065985839666199
13.699999999999996,9.600000000000007,0.05449168990453042
13.699999999999996,9.700000000000006,0.023974101447144423
13.699999999999996,9.800000000000008,0.001423134241582321
13.699999999999996,9.900000000000007,0.008853655515187853
13.699999999999996,10.000000000000007,0.04037613931076384
13.799999999999995,2.0,0.06773303874223688
13.799999999999995,2.1,0.03317720566256669
13.799999999999995,2.2,0.019911241924777882
13.799999999999995,2.3000000000000003,0.013282930438526094
13.799999999999995,2.4000000000000004,1.7971941497595717e-06
13.799999999999995,2.5000000000000004,0.018463259512161195
13.799999999999995,2.6000000000000005,0.02011232631815104
13.799999999999995,2.7000000000000006,2.0077058420743616e-05
13.799999999999995,2.8000000000000007,1.3822252447282846e-06
13.799999999999995,2.900000000000001,0.016417071854531343
13.799999999999995,3.000000000000001,0.032091853976454504
13.799999999999995,3.100000000000001,0.006759404878996334
13.799999999999995,3.200000000000001,0.028433961446150787
13.799999999999995,3.300000000000001,0.037275315008892446
13.799999999999995,3.4000000000000012,0.0003312211989575784
13.799999999999995,3.5000000000000013,0.028172872570984935
13.799999999999995,3.6000000000000014,0.05685953359119737
13.799999999999995,3.7000000000000015,0.03303589076686006
13.799999999999995,3.8000000000000016,0.00231548501336673
13.799999999999995,3.9000000000000017,0.009570464480245205
13.799999999999995,4.000000000000002,0.043523563680264894
13.799999999999995,4.100000000000001,0.06873060175962534
13.799999999999995,4.200000000000002,0.06637339566434329
13.799999999999995,4.3000000000000025,0.04250049665589101
13.799999999999995,4.400000000000002,0.015380171632677131
13.799999999999995,4.500000000000002,0.0007832568743581495
13.799999999999995,4.600000000000002,0.004597820112051152
13.799999999999995,4.700000000000003,0.023285189866424555
13.799999999999995,4.8000000000000025,0.04830239735295283
13.799999999999995,4.900000000000002,0.07123837098677491
13.799999999999995,5.000000000000003,0.08646593377268709
13.799999999999995,5.100000000000003,0.09182930398082616
13.799999999999995,5.200000000000003,0.08807436751041889
13.799999999999995,5.3000000000000025,0.07750990866122781
13.799999999999995,5.400000000000003,0.06295722190510614
13.799999999999995,5.5000000000000036,0.047194636318051625
13.799999999999995,5.600000000000003,0.03240262196162737
13.799999999999995,5.700000000000003,0.019963791436723066
13.799999999999995,5.800000000000003,0.01055063302840457
13.799999999999995,5.900000000000004,0.004333879698066753
13.799999999999995,6.0000000000000036,0.001017857734605682
13.799999999999995,6.100000000000003,2.2184286660127993e-06
13.799999999999995,6.200000000000004,0.000644636010221425
13.799999999999995,6.300000000000004,0.002398292000722687
13.799999999999995,6.400000000000004,0.004786138972356561
13.799999999999995,6.5000000000000036,0.007330795558507526
13.799999999999995,6.600000000000004,0.009605909701226678
13.799999999999995,6.700000000000005,0.01132540384917627
13.799999999999995,6.800000000000004,0.012356322338578106
13.799999999999995,6.900000000000004,0.012696644829438428
13.799999999999995,7.000000000000004,0.012356756944062674
13.799999999999995,7.100000000000005,0.01132628527695079
13.799999999999995,7.200000000000005,0.009607316767651936
13.799999999999995,7.300000000000004,0.007332448492186763
13.799999999999995,7.400000000000005,0.004787757390907508
13.799999999999995,7.500000000000005,0.00239969447015653
13.799999999999995,7.600000000000005,0.0006454856829085102
13.799999999999995,7.700000000000005,2.1412410239920376e-06
13.799999999999995,7.800000000000005,0.0010165131447030305
13.799999999999995,7.900000000000006,0.004330715253960492
13.799999999999995,8.000000000000005,0.010545514669620257
13.799999999999995,8.100000000000005,0.01995699192799563
13.799999999999995,8.200000000000006,0.032394156278615235
13.799999999999995,8.300000000000006,0.047177675170172156
13.799999999999995,8.400000000000006,0.06294757469233424
13.799999999999995,8.500000000000005,0.07750672184943286
13.799999999999995,8.600000000000005,0.08807053061365476
13.799999999999995,8.700000000000006,0.09182973605092348
13.799999999999995,8.800000000000006,0.08647397720688735
13.799999999999995,8.900000000000006,0.07125345595857843
13.799999999999995,9.000000000000007,0.048308325553675126
13.799999999999995,9.100000000000007,0.023291082926194143
13.799999999999995,9.200000000000006,0.004606703770500911
13.799999999999995,9.300000000000006,0.0007794444458179134
13.799999999999995,9.400000000000006,0.015374653223299397
13.799999999999995,9.500000000000007,0.04248821764468857
13.799999999999995,9.600000000000007,0.06636324655088616
13.799999999999995,9.700000000000006,0.06873450509275779
13.799999999999995,9.800000000000008,0.04353367387423299
13.799999999999995,9.900000000000007,0.00957788091449795
13.799999999999995,10.000000000000007,0.0023125232451076546
13.899999999999995,2.0,0.02576685486480118
13.899999999999995,2.1,0.021376469653515952
13.899999999999995,2.2,0.012660101128464133
13.899999999999995,2.3000000000000003,0.007793834338417752
13.899999999999995,2.4000000000000004,0.004467415372651379
13.899999999999995,2.5000000000000004,0.0074172639786472296
13.899999999999995,2.6000000000000005,0.009223996666478076
13.899999999999995,2.7000000000000006,0.003261755809906683
13.899999999999995,2.8000000000000007,0.016644356551071483
13.899999999999995,2.900000000000001,0.01785111588234307
13.899999999999995,3.000000000000001,0.00018976120814519763
13.899999999999995,3.100000000000001,0.03439523481688688
13.899999999999995,3.200000000000001,0.00713205064759784
13.899999999999995,3.300000000000001,0.046453765568551075
13.899999999999995,3.4000000000000012,0.0032519930072929196
13.899999999999995,3.5000000000000013,0.024906670814763318
13.899999999999995,3.6000000000000014,0.05737250209421926
13.899999999999995,3.7000000000000015,0.026876601680135646
13.899999999999995,3.8000000000000016,2.4395643321202434e-05
13.899999999999995,3.9000000000000017,0.022713414701232455
13.899999999999995,4.000000000000002,0.06054452915187575
13.899999999999995,4.100000000000001,0.07010674570747982
13.899999999999995,4.200000000000002,0.04697666484044762
13.899999999999995,4.3000000000000025,0.015465178578722392
13.899999999999995,4.400000000000002,0.00015470268589693002
13.899999999999995,4.500000000000002,0.009399883476746213
13.899999999999995,4.600000000000002,0.0356025543112547
13.899999999999995,4.700000000000003,0.06476789098873925
13.899999999999995,4.8000000000000025,0.08508982141745722
13.899999999999995,4.900000000000002,0.09116437164097907
13.899999999999995,5.000000000000003,0.08362543496411862
13.899999999999995,5.100000000000003,0.06675837413047231
13.899999999999995,5.200000000000003,0.04614086966938731
13.899999999999995,5.3000000000000025,0.026656479109142695
13.899999999999995,5.400000000000003,0.011593726916147299
13.899999999999995,5.5000000000000036,0.002621283083344479
13.899999999999995,5.600000000000003,1.1135680940096861e-05
13.899999999999995,5.700000000000003,0.0029108410171191177
13.899999999999995,5.800000000000003,0.009906531054979833
13.899999999999995,5.900000000000004,0.019528501925942483
13.899999999999995,6.0000000000000036,0.03034288277108662
13.899999999999995,6.100000000000003,0.041219462576905494
13.899999999999995,6.200000000000004,0.05140794688460215
13.899999999999995,6.300000000000004,0.06057367214897451
13.899999999999995,6.400000000000004,0.06854934391790639
13.899999999999995,6.5000000000000036,0.07516717029746518
13.899999999999995,6.600000000000004,0.08030000641138178
13.899999999999995,6.700000000000005,0.08390239750757833
13.899999999999995,6.800000000000004,0.08612579009260077
13.899999999999995,6.900000000000004,0.08715974552744692
13.899999999999995,7.000000000000004,0.0871594315960035
13.899999999999995,7.100000000000005,0.08612606550391283
13.899999999999995,7.200000000000005,0.08390509341468966
13.899999999999995,7.300000000000004,0.08030226926260536
13.899999999999995,7.400000000000005,0.07517086848061315
13.899999999999995,7.500000000000005,0.06855406091615046
13.899999999999995,7.600000000000005,0.06057864325499291
13.899999999999995,7.700000000000005,0.05141474344699124
13.899999999999995,7.800000000000005,0.04122675549161959
13.899999999999995,7.900000000000006,0.030350041880904403
13.899999999999995,8.000000000000005,0.019534743713363306
13.899999999999995,8.100000000000005,0.009911856960091496
13.899999999999995,8.200000000000006,0.0029139793490424414
13.899999999999995,8.300000000000006,1.1477694594874077e-05
13.899999999999995,8.400000000000006,0.002615298765372028
13.899999999999995,8.500000000000005,0.011586024840045575
13.899999999999995,8.600000000000005,0.02665293867245462
13.899999999999995,8.700000000000006,0.04612863232024784
13.899999999999995,8.800000000000006,0.06675414596168593
13.899999999999995,8.900000000000006,0.08361387244753385
13.899999999999995,9.000000000000007,0.09116275745790259
13.899999999999995,9.100000000000007,0.08509267684085728
13.899999999999995,9.200000000000006,0.06477414565436565
13.899999999999995,9.300000000000006,0.035624002617383875
13.899999999999995,9.400000000000006,0.009412701722848242
13.899999999999995,9.500000000000007,0.00015397073623800225
13.899999999999995,9.600000000000007,0.015454241849782852
13.899999999999995,9.700000000000006,0.04695773472920096
13.899999999999995,9.800000000000008,0.0701036123833687
13.899999999999995,9.900000000000007,0.06055210548271993
13.899999999999995,10.000000000000007,0.02272376070249233
13.999999999999995,2.0,27.58188191159894
13.999999999999995,2.1,0.06764015291334662
13.999999999999995,2.2,0.0026319080016017748
13.999999999999995,2.3000000000000003,0.0003176916841278251
13.999999999999995,2.4000000000000004,0.00011560121008891159
13.999999999999995,2.5000000000000004,0.00023414827499461963
13.999999999999995,2.6000000000000005,0.014073879219840248
13.999999999999995,2.7000000000000006,3.9678256511944696e-05
13.999999999999995,2.8000000000000007,0.002874493712114184
13.999999999999995,2.900000000000001,0.03090943992177919
13.999999999999995,3.000000000000001,0.035231177094030786
13.999999999999995,3.100000000000001,0.01947336639334243
13.999999999999995,3.200000000000001,0.008402026233593388
13.999999999999995,3.300000000000001,0.03807324207027389
13.999999999999995,3.4000000000000012,0.020855051380294906
13.999999999999995,3.5000000000000013,0.010268466290000052
13.999999999999995,3.6000000000000014,0.05674373142017797
13.999999999999995,3.7000000000000015,0.03241292024829183
13.999999999999995,3.8000000000000016,5.322844461758561e-05
13.999999999999995,3.9000000000000017,0.026541225212334166
13.999999999999995,4.000000000000002,0.06599561993835523
13.999999999999995,4.100000000000001,0.06592111682089301
13.999999999999995,4.200000000000002,0.03282168683411683
13.999999999999995,4.3000000000000025,0.003979957927361467
13.999999999999995,4.400000000000002,0.0040737954956580015
13.999999999999995,4.500000000000002,0.03033438254154343
13.999999999999995,4.600000000000002,0.06382676324930762
13.999999999999995,4.700000000000003,0.08652062747088388
13.999999999999995,4.8000000000000025,0.0902085034834371
13.999999999999995,4.900000000000002,0.07655659179746582
13.999999999999995,5.000000000000003,0.053192483019816925
13.999999999999995,5.100000000000003,0.028826038604076523
13.999999999999995,5.200000000000003,0.010197676841946354
13.999999999999995,5.3000000000000025,0.0009179139587302125
13.999999999999995,5.400000000000003,0.0014424502966068817
13.999999999999995,5.5000000000000036,0.010191872379360103
13.999999999999995,5.600000000000003,0.024572491930832663
13.999999999999995,5.700000000000003,0.0416589002608965
13.999999999999995,5.800000000000003,0.058960371964069565
13.999999999999995,5.900000000000004,0.07479682125395393
13.999999999999995,6.0000000000000036,0.08825058542780423
13.999999999999995,6.100000000000003,0.09891294717899315
13.999999999999995,6.200000000000004,0.10681562296139646
13.999999999999995,6.300000000000004,0.11228996661171528
13.999999999999995,6.400000000000004,0.11582314658923067
13.999999999999995,6.5000000000000036,0.11786707292123705
13.999999999999995,6.600000000000004,0.11884648965968185
13.999999999999995,6.700000000000005,0.11916472164515957
13.999999999999995,6.800000000000004,0.11916819169033185
13.999999999999995,6.900000000000004,0.11909710773300464
13.999999999999995,7.000000000000004,0.11906252006758052
13.999999999999995,7.100000000000005,0.11909735181760228
13.999999999999995,7.200000000000005,0.11916840898111991
13.999999999999995,7.300000000000004,0.11916471007790438
13.999999999999995,7.400000000000005,0.11884649474736886
13.999999999999995,7.500000000000005,0.11786817614257074
13.999999999999995,7.600000000000005,0.11582479044383012
13.999999999999995,7.700000000000005,0.11229243133589356
13.999999999999995,7.800000000000005,0.1068198044733741
13.999999999999995,7.900000000000006,0.09891907739970444
13.999999999999995,8.000000000000005,0.08825872594432224
13.999999999999995,8.100000000000005,0.07480590495822922
13.999999999999995,8.200000000000006,0.05897052654107651
13.999999999999995,8.300000000000006,0.04167721092344033
13.999999999999995,8.400000000000006,0.024574504091860017
13.999999999999995,8.500000000000005,0.010194128848699784
13.999999999999995,8.600000000000005,0.0014452883527300824
13.999999999999995,8.700000000000006,0.0009140116471286104
13.999999999999995,8.800000000000006,0.010189735753013756
13.999999999999995,8.900000000000006,0.02880715219628968
13.999999999999995,9.000000000000007,0.053186825819841126
13.999999999999995,9.100000000000007,0.07655209612187798
13.999999999999995,9.200000000000006,0.09020335965353612
13.999999999999995,9.300000000000006,0.08652933318169526
13.999999999999995,9.400000000000006,0.06383464758989105
13.999999999999995,9.500000000000007,0.03034171391359873
13.999999999999995,9.600000000000007,0.0040830347768498415
13.999999999999995,9.700000000000006,0.00397349682579231
13.999999999999995,9.800000000000008,0.03281351839540606
13.999999999999995,9.900000000000007,0.06591363595757825
13.999999999999995,10.000000000000007,0.06600140565412056
14.099999999999994,2.0,0.003434819325268761
14.099999999999994,2.1,27.766955008589107
14.099999999999994,2.2,0.3542905624108231
14.099999999999994,2.3000000000000003,0.06263987105883653
14.099999999999994,2.4000000000000004,0.024501194209205077
14.099999999999994,2.5000000000000004,0.01363235194040066
14.099999999999994,2.6000000000000005,0.009835365885208695
14.099999999999994,2.7000000000000006,0.008039206011953095
14.099999999999994,2.8000000000000007,0.009624108408094897
14.099999999999994,2.900000000000001,0.02205465074547974
14.099999999999994,3.000000000000001,0.01739862360805572
14.099999999999994,3.100000000000001,0.021242220054623586
14.099999999999994,3.200000000000001,0.04185047796748744
14.099999999999994,3.300000000000001,0.004179735782043617
14.099999999999994,3.4000000000000012,0.04559244115779237
14.099999999999994,3.5000000000000013,0.00021996953670199278
14.099999999999994,3.6000000000000014,0.05035000495123107
14.099999999999994,3.7000000000000015,0.04021068481646652
14.099999999999994,3.8000000000000016,0.0002461933667500053
14.099999999999994,3.9000000000000017,0.029994113497597962
14.099999999999994,4.000000000000002,0.07003900696706573
14.099999999999994,4.100000000000001,0.05812165932310521
14.099999999999994,4.200000000000002,0.01798164840029895
14.099999999999994,4.3000000000000025,7.328988774149672e-05
14.099999999999994,4.400000000000002,0.02058389625181414
14.099999999999994,4.500000000000002,0.058744905064083766
14.099999999999994,4.600000000000002,0.08636461889519298
14.099999999999994,4.700000000000003,0.08911153429444907
14.099999999999994,4.8000000000000025,0.06971070185394423
14.099999999999994,4.900000000000002,0.04043316133392431
14.099999999999994,5.000000000000003,0.014692990278936158
14.099999999999994,5.100000000000003,0.001228625783014954
14.099999999999994,5.200000000000003,0.0024569619039587756
14.099999999999994,5.3000000000000025,0.016041191984048738
14.099999999999994,5.400000000000003,0.03715421829611448
14.099999999999994,5.5000000000000036,0.06059895810129178
14.099999999999994,5.600000000000003,0.08228326779414821
14.099999999999994,5.700000000000003,0.09953741082562342
14.099999999999994,5.800000000000003,0.11110886567126022
14.099999999999994,5.900000000000004,0.11705119407219382
14.099999999999994,6.0000000000000036,0.11821878008086263
14.099999999999994,6.100000000000003,0.1157301782809449
14.099999999999994,6.200000000000004,0.11072765121920991
14.099999999999994,6.300000000000004,0.10429406802418362
14.099999999999994,6.400000000000004,0.09733656999759566
14.099999999999994,6.5000000000000036,0.09051295475948251
14.099999999999994,6.600000000000004,0.08429425944762589
14.099999999999994,6.700000000000005,0.07906531676533157
14.099999999999994,6.800000000000004,0.07509824571261339
14.099999999999994,6.900000000000004,0.07250758093352219
14.099999999999994,7.000000000000004,0.07123843966715468
14.099999999999994,7.100000000000005,0.07123746042960245
14.099999999999994,7.200000000000005,0.07250620054971081
14.099999999999994,7.300000000000004,0.07509503143077194
14.099999999999994,7.400000000000005,0.07906273891322593
14.099999999999994,7.500000000000005,0.08429051432846625
14.099999999999994,7.600000000000005,0.090508551069287
14.099999999999994,7.700000000000005,0.09733176998095298
14.099999999999994,7.800000000000005,0.10428987166422035
14.099999999999994,7.900000000000006,0.11072381024699224
14.099999999999994,8.000000000000005,0.11572776739034493
14.099999999999994,8.100000000000005,0.1182174965067858
14.099999999999994,8.200000000000006,0.11705287792676317
14.099999999999994,8.300000000000006,0.1111187511282319
14.099999999999994,8.400000000000006,0.09955146426056564
14.099999999999994,8.500000000000005,0.08228755281126528
14.099999999999994,8.600000000000005,0.060603626337697517
14.099999999999994,8.700000000000006,0.03716716653406062
14.099999999999994,8.800000000000006,0.016057030901082164
14.099999999999994,8.900000000000006,0.002461375871042715
14.099999999999994,9.000000000000007,0.0012237016578278625
14.099999999999994,9.100000000000007,0.014687872612258911
14.099999999999994,9.200000000000006,0.04042542311846695
14.099999999999994,9.300000000000006,0.06969197537366979
14.099999999999994,9.400000000000006,0.08910406446852084
14.099999999999994,9.500000000000007,0.08636835066888922
14.099999999999994,9.600000000000007,0.05875279294982279
14.099999999999994,9.700000000000006,0.020602707757052655
14.099999999999994,9.800000000000008,7.417009456425503e-05
14.099999999999994,9.900000000000007,0.017973650623360597
14.099999999999994,10.000000000000007,0.05811028819012187
14.199999999999994,2.0,0.052823441519754
14.199999999999994,2.1,0.1398480978560833
14.199999999999994,2.2,27.53538387439194
14.199999999999994,2.3000000000000003,0.3619474203642297
14.199999999999994,2.4000000000000004,0.10068208745695867
14.199999999999994,2.5000000000000004,0.045251438036118315
14.199999999999994,2.6000000000000005,0.02599371080093772
14.199999999999994,2.7000000000000006,0.017198707842821067
14.199999999999994,2.8000000000000007,0.00039223783970712315
14.199999999999994,2.900000000000001,0.022547471562381384
14.199999999999994,3.000000000000001,0.02820408432271574
14.199999999999994,3.100000000000001,0.0007751633415360745
14.199999999999994,3.200000000000001,0.0013763148437048428
14.199999999999994,3.300000000000001,0.02892626092990542
14.199999999999994,3.4000000000000012,0.03311329578570523
14.199999999999994,3.5000000000000013,0.01719716619031177
14.199999999999994,3.6000000000000014,0.025125578302532228
14.199999999999994,3.7000000000000015,0.055887763185723284
14.199999999999994,3.8000000000000016,0.005175423945895416
14.199999999999994,3.9000000000000017,0.021555400458202416
14.199999999999994,4.000000000000002,0.06939659295750611
14.199999999999994,4.100000000000001,0.057911811084283706
14.199999999999994,4.200000000000002,0.013785405206089693
14.199999999999994,4.3000000000000025,0.0017865816166172182
14.199999999999994,4.400000000000002,0.033558177299395094
14.199999999999994,4.500000000000002,0.07451814883174906
14.199999999999994,4.600000000000002,0.09152841973827779
14.199999999999994,4.700000000000003,0.07714692492670096
14.199999999999994,4.8000000000000025,0.0449934415337118
14.199999999999994,4.900000000000002,0.01479774082490289
14.199999999999994,5.000000000000003,0.000453829133532632
14.199999999999994,5.100000000000003,0.00582944031053548
14.199999999999994,5.200000000000003,0.026418389862848512
14.199999999999994,5.3000000000000025,0.05419292080047974
14.199999999999994,5.400000000000003,0.08134155854364994
14.199999999999994,5.5000000000000036,0.10236387119414826
14.199999999999994,5.600000000000003,0.11465340307592144
14.199999999999994,5.700000000000003,0.11800438143376966
14.199999999999994,5.800000000000003,0.1137480779616796
14.199999999999994,5.900000000000004,0.10409362098478465
14.199999999999994,6.0000000000000036,0.09139352310074887
14.199999999999994,6.100000000000003,0.07754202207591296
14.199999999999994,6.200000000000004,0.06383429331143159
14.199999999999994,6.300000000000004,0.05125854772301573
14.199999999999994,6.400000000000004,0.040423654807678934
14.199999999999994,6.5000000000000036,0.03161879388942789
14.199999999999994,6.600000000000004,0.024745173965369762
14.199999999999994,6.700000000000005,0.019601530342462804
14.199999999999994,6.800000000000004,0.015939213364325047
14.199999999999994,6.900000000000004,0.01352978552253304
14.199999999999994,7.000000000000004,0.012184683265329085
14.199999999999994,7.100000000000005,0.0117477699618996
14.199999999999994,7.200000000000005,0.012184081598091905
14.199999999999994,7.300000000000004,0.013528655175311276
14.199999999999994,7.400000000000005,0.015937433541537847
14.199999999999994,7.500000000000005,0.019598737008016204
14.199999999999994,7.600000000000005,0.02474088147157964
14.199999999999994,7.700000000000005,0.03161355237745563
14.199999999999994,7.800000000000005,0.04041682368444796
14.199999999999994,7.900000000000006,0.05125053834148157
14.199999999999994,8.000000000000005,0.06382540651480528
14.199999999999994,8.100000000000005,0.07753412128987261
14.199999999999994,8.200000000000006,0.09138490372600286
14.199999999999994,8.300000000000006,0.10408078738184923
14.199999999999994,8.400000000000006,0.11374554593697574
14.199999999999994,8.500000000000005,0.11800517721398993
14.199999999999994,8.600000000000005,0.11466026815963445
14.199999999999994,8.700000000000006,0.10237954810336054
14.199999999999994,8.800000000000006,0.08135527893894606
14.199999999999994,8.900000000000006,0.054200221385741376
14.199999999999994,9.000000000000007,0.026431598926462872
14.199999999999994,9.100000000000007,0.005832943919224079
14.199999999999994,9.200000000000006,0.00045054083712794805
14.199999999999994,9.300000000000006,0.014780787760435355
14.199999999999994,9.400000000000006,0.04498540240340865
14.199999999999994,9.500000000000007,0.0771401161058152
14.199999999999994,9.600000000000007,0.09152768099932318
14.199999999999994,9.700000000000006,0.07453633436615015
14.199999999999994,9.800000000000008,0.03356741295487257
14.199999999999994,9.900000000000007,0.0017911611173164867
14.199999999999994,10.000000000000007,0.013768826680063993
14.299999999999994,2.0,0.030642781977457786
14.299999999999994,2.1,0.06955679134894752
14.299999999999994,2.2,0.27093457750854133
14.299999999999994,2.3000000000000003,26.781609395368434
14.299999999999994,2.4000000000000004,0.05915425845049349
14.299999999999994,2.5000000000000004,0.05255267040256707
14.299999999999994,2.6000000000000005,0.028716524428550744
14.299999999999994,2.7000000000000006,0.01731843836688829
14.299999999999994,2.8000000000000007,0.010602764042032737
14.299999999999994,2.900000000000001,0.004582776969204995
14.299999999999994,3.000000000000001,0.01840455878653928
14.299999999999994,3.100000000000001,0.0117726343777558
14.299999999999994,3.200000000000001,0.010467260079309593
14.299999999999994,3.300000000000001,0.010552236582288144
14.299999999999994,3.4000000000000012,0.002432882152273539
14.299999999999994,3.5000000000000013,0.05105453098634698
14.299999999999994,3.6000000000000014,0.0006045099661867654
14.299999999999994,3.7000000000000015,0.05926618586792301
14.299999999999994,3.8000000000000016,0.018992775457996915
14.299999999999994,3.9000000000000017,0.011375538818140015
14.299999999999994,4.000000000000002,0.06719953782037331
14.299999999999994,4.100000000000001,0.05860664918769573
14.299999999999994,4.200000000000002,0.010410375986282142
14.299999999999994,4.3000000000000025,0.005823763043925566
14.299999999999994,4.400000000000002,0.048549712826808714
14.299999999999994,4.500000000000002,0.08675958135562213
14.299999999999994,4.600000000000002,0.08676411366184575
14.299999999999994,4.700000000000003,0.054904659135004065
14.299999999999994,4.8000000000000025,0.018291321691950576
14.299999999999994,4.900000000000002,0.00039887414298493576
14.299999999999994,5.000000000000003,0.008592195070813824
14.299999999999994,5.100000000000003,0.03600116569804659
14.299999999999994,5.200000000000003,0.06964079353629773
14.299999999999994,5.3000000000000025,0.0979720080026346
14.299999999999994,5.400000000000003,0.11442846842418944
14.299999999999994,5.5000000000000036,0.11729897139103729
14.299999999999994,5.600000000000003,0.10848563134342765
14.299999999999994,5.700000000000003,0.091812913938411
14.299999999999994,5.800000000000003,0.07147830453618334
14.299999999999994,5.900000000000004,0.05105792865217906
14.299999999999994,6.0000000000000036,0.03314859538873899
14.299999999999994,6.100000000000003,0.01911320470565025
14.299999999999994,6.200000000000004,0.009200738025227409
14.299999999999994,6.300000000000004,0.003131420080020754
14.299999999999994,6.400000000000004,0.0003765346255254806
14.299999999999994,6.5000000000000036,0.00016216759592891375
14.299999999999994,6.600000000000004,0.0015935128912382061
14.299999999999994,6.700000000000005,0.0038665788265861787
14.299999999999994,6.800000000000004,0.006372422114359245
14.299999999999994,6.900000000000004,0.008673325437803414
14.299999999999994,7.000000000000004,0.010426558848953748
14.299999999999994,7.100000000000005,0.011369637268721294
14.299999999999994,7.200000000000005,0.011370017827318486
14.299999999999994,7.300000000000004,0.010427962847598077
14.299999999999994,7.400000000000005,0.008674388487371563
14.299999999999994,7.500000000000005,0.006374100590618407
14.299999999999994,7.600000000000005,0.003868508316362428
14.299999999999994,7.700000000000005,0.0015947204196283397
14.299999999999994,7.800000000000005,0.00016264300926367915
14.299999999999994,7.900000000000006,0.00037566235824682665
14.299999999999994,8.000000000000005,0.0031288044997334775
14.299999999999994,8.100000000000005,0.009195841844926235
14.299999999999994,8.200000000000006,0.019105596866183936
14.299999999999994,8.300000000000006,0.03313928284250749
14.299999999999994,8.400000000000006,0.051036601012779736
14.299999999999994,8.500000000000005,0.07147580187934664
14.299999999999994,8.600000000000005,0.09180878529250236
14.299999999999994,8.700000000000006,0.10847198921504456
14.299999999999994,8.800000000000006,0.11729424257492246
14.299999999999994,8.900000000000006,0.1144342833392597
14.299999999999994,9.000000000000007,0.09797736430599667
14.299999999999994,9.100000000000007,0.0696564659300733
14.299999999999994,9.200000000000006,0.03600917406696908
14.299999999999994,9.300000000000006,0.008606096031234262
14.299999999999994,9.400000000000006,0.0003956626049024759
14.299999999999994,9.500000000000007,0.018284034141950373
14.299999999999994,9.600000000000007,0.05489522604288587
14.299999999999994,9.700000000000006,0.08675319430184686
14.299999999999994,9.800000000000008,0.08676933225832778
14.299999999999994,9.900000000000007,0.048559946344496854
14.299999999999994,10.000000000000007,0.005832008008759601
14.399999999999993,2.0,0.00424520239816202
14.399999999999993,2.1,0.01551484705176686
14.399999999999993,2.2,0.03495086453437856
14.399999999999993,2.3000000000000003,0.19564119127231858
14.399999999999993,2.4000000000000004,25.64425292291526
14.399999999999993,2.5000000000000004,0.08434761661060439
14.399999999999993,2.6000000000000005,0.0012033513655624337
14.399999999999993,2.7000000000000006,0.0027131210078680636
14.399999999999993,2.8000000000000007,0.0021120007856652682
14.399999999999993,2.900000000000001,0.0010246097414409745
14.399999999999993,3.000000000000001,0.014951389597741714
14.399999999999993,3.100000000000001,0.0041193423130586665
14.399999999999993,3.200000000000001,2.9282931160753564e-05
14.399999999999993,3.300000000000001,0.033546006452141716
14.399999999999993,3.4000000000000012,0.037143908367244384
14.399999999999993,3.5000000000000013,0.0076277039998681835
14.399999999999993,3.6000000000000014,0.029986614755953517
14.399999999999993,3.7000000000000015,0.02658502106048306
14.399999999999993,3.8000000000000016,0.04985454323799514
14.399999999999993,3.9000000000000017,0.0001993783697348735
14.399999999999993,4.000000000000002,0.05403685749081327
14.399999999999993,4.100000000000001,0.06781215208062763
14.399999999999993,4.200000000000002,0.01517582720691429
14.399999999999993,4.3000000000000025,0.005196893044102356
14.399999999999993,4.400000000000002,0.05268031321438365
14.399999999999993,4.500000000000002,0.09056569849119149
14.399999999999993,4.600000000000002,0.08054825202413704
14.399999999999993,4.700000000000003,0.03963676993467856
14.399999999999993,4.8000000000000025,0.005928958151495937
14.399999999999993,4.900000000000002,0.0028685531401345665
14.399999999999993,5.000000000000003,0.028906033293332814
14.399999999999993,5.100000000000003,0.067176061963901
14.399999999999993,5.200000000000003,0.0999377557717583
14.399999999999993,5.3000000000000025,0.11659657109283823
14.399999999999993,5.400000000000003,0.11496819065854347
14.399999999999993,5.5000000000000036,0.09876220319435032
14.399999999999993,5.600000000000003,0.07436569163396621
14.399999999999993,5.700000000000003,0.04841565018829034
14.399999999999993,5.800000000000003,0.02610236324464341
14.399999999999993,5.900000000000004,0.010264050318997704
14.399999999999993,6.0000000000000036,0.0017922258433229967
14.399999999999993,6.100000000000003,0.00016441097327255232
14.399999999999993,6.200000000000004,0.0039465847266861925
14.399999999999993,6.300000000000004,0.01151599979340376
14.399999999999993,6.400000000000004,0.021411440342412
14.399999999999993,6.5000000000000036,0.032213520295903963
14.399999999999993,6.600000000000004,0.04272193643044993
14.399999999999993,6.700000000000005,0.05207623516135941
14.399999999999993,6.800000000000004,0.059946133732673705
14.399999999999993,6.900000000000004,0.06625708112096634
14.399999999999993,7.000000000000004,0.07096693584260638
14.399999999999993,7.100000000000005,0.07392247810744629
14.399999999999993,7.200000000000005,0.07491653256041726
14.399999999999993,7.300000000000004,0.07392276301261394
14.399999999999993,7.400000000000005,0.07096875648143776
14.399999999999993,7.500000000000005,0.06626088696558863
14.399999999999993,7.600000000000005,0.05995192617432005
14.399999999999993,7.700000000000005,0.052082547197295985
14.399999999999993,7.800000000000005,0.04272822070128488
14.399999999999993,7.900000000000006,0.03222031423867398
14.399999999999993,8.000000000000005,0.02141781167936728
14.399999999999993,8.100000000000005,0.011521383012062956
14.399999999999993,8.200000000000006,0.003950288038006468
14.399999999999993,8.300000000000006,0.00016525450479472405
14.399999999999993,8.400000000000006,0.0017891442748331865
14.399999999999993,8.500000000000005,0.010251130101813622
14.399999999999993,8.600000000000005,0.026098956350174972
14.399999999999993,8.700000000000006,0.04841117267848881
14.399999999999993,8.800000000000006,0.07434144146650788
14.399999999999993,8.900000000000006,0.09874330522834202
14.399999999999993,9.000000000000007,0.11496275488910204
14.399999999999993,9.100000000000007,0.11659741469993515
14.399999999999993,9.200000000000006,0.09994973935708153
14.399999999999993,9.300000000000006,0.06718560974659649
14.399999999999993,9.400000000000006,0.028929843827404413
14.399999999999993,9.500000000000007,0.0028772180122216594
14.399999999999993,9.600000000000007,0.0059241631108273305
14.399999999999993,9.700000000000006,0.03962657718028201
14.399999999999993,9.800000000000008,0.08053173434891686
14.399999999999993,9.900000000000007,0.09057277253763207
14.399999999999993,10.000000000000007,0.05269063774537505
14.499999999999993,2.0,0.042083441941880795
14.499999999999993,2.1,0.008342674197841637
14.499999999999993,2.2,0.00023431237318489952
14.499999999999993,2.3000000000000003,0.0005677829733365865
14.499999999999993,2.4000000000000004,0.029989538432104328
14.499999999999993,2.5000000000000004,23.58064061401371
14.499999999999993,2.6000000000000005,0.5846891918211815
14.499999999999993,2.7000000000000006,0.043099119220717366
14.499999999999993,2.8000000000000007,0.011127832349549808
14.499999999999993,2.900000000000001,0.0050808698701113085
14.499999999999993,3.000000000000001,0.0038067909517377845
14.499999999999993,3.100000000000001,0.016705673610967198
14.499999999999993,3.200000000000001,0.0019697589077205847
14.499999999999993,3.300000000000001,0.012669837171433234
14.499999999999993,3.4000000000000012,0.037273702081268074
14.499999999999993,3.5000000000000013,0.04362658583436068
14.499999999999993,3.6000000000000014,0.04081084534355655
14.499999999999993,3.7000000000000015,0.0014176338466716475
14.499999999999993,3.8000000000000016,0.06098295410697848
14.499999999999993,3.9000000000000017,0.010747940020054182
14.499999999999993,4.000000000000002,0.031897226195115466
14.499999999999993,4.100000000000001,0.07506938427603653
14.499999999999993,4.200000000000002,0.02279560536252929
14.499999999999993,4.3000000000000025,0.004041110913531783
14.499999999999993,4.400000000000002,0.0561211324820981
14.499999999999993,4.500000000000002,0.09309890736677166
14.499999999999993,4.600000000000002,0.07125302530857183
14.499999999999993,4.700000000000003,0.02380743789749172
14.499999999999993,4.8000000000000025,7.678648111627926e-05
14.499999999999993,4.900000000000002,0.017457369385320148
14.499999999999993,5.000000000000003,0.05935203073394165
14.499999999999993,5.100000000000003,0.09866422551078013
14.499999999999993,5.200000000000003,0.11749291592825745
14.499999999999993,5.3000000000000025,0.11188385841536296
14.499999999999993,5.400000000000003,0.08810118090396328
14.499999999999993,5.5000000000000036,0.05678072305657682
14.499999999999993,5.600000000000003,0.02784060237823453
14.499999999999993,5.700000000000003,0.008061766906271249
14.499999999999993,5.800000000000003,0.00017103422076784547
14.499999999999993,5.900000000000004,0.0034731903949208123
14.499999999999993,6.0000000000000036,0.01528751604355486
14.499999999999993,6.100000000000003,0.03241164384716339
14.499999999999993,6.200000000000004,0.05177454257821668
14.499999999999993,6.300000000000004,0.0710058106090305
14.499999999999993,6.400000000000004,0.08867127475834186
14.499999999999993,6.5000000000000036,0.10394048296012345
14.499999999999993,6.600000000000004,0.11634049449223363
14.499999999999993,6.700000000000005,0.1258229744267872
14.499999999999993,6.800000000000004,0.13273783559904753
14.499999999999993,6.900000000000004,0.1376531390368266
14.499999999999993,7.000000000000004,0.14104398486187306
14.499999999999993,7.100000000000005,0.1432042101785044
14.499999999999993,7.200000000000005,0.14425893262019415
14.499999999999993,7.300000000000004,0.144258976504501
14.499999999999993,7.400000000000005,0.14320581172822902
14.499999999999993,7.500000000000005,0.1410464980445107
14.499999999999993,7.600000000000005,0.13765563701823166
14.499999999999993,7.700000000000005,0.1327404311290046
14.499999999999993,7.800000000000005,0.12582854252170075
14.499999999999993,7.900000000000006,0.11634596624002841
14.499999999999993,8.000000000000005,0.10394891369087216
14.499999999999993,8.100000000000005,0.08868143297869156
14.499999999999993,8.200000000000006,0.0710172005028583
14.499999999999993,8.300000000000006,0.05178662979926182
14.499999999999993,8.400000000000006,0.03242341920899287
14.499999999999993,8.500000000000005,0.015296334017327728
14.499999999999993,8.600000000000005,0.003474417314974913
14.499999999999993,8.700000000000006,0.00016914566397031882
14.499999999999993,8.800000000000006,0.008049299015330942
14.499999999999993,8.900000000000006,0.027835090651353388
14.499999999999993,9.000000000000007,0.05677342805107559
14.499999999999993,9.100000000000007,0.08808693670581719
14.499999999999993,9.200000000000006,0.11187101520608138
14.499999999999993,9.300000000000006,0.1174951427048973
14.499999999999993,9.400000000000006,0.0986846037795333
14.499999999999993,9.500000000000007,0.05936264677359825
14.499999999999993,9.600000000000007,0.01746557155490045
14.499999999999993,9.700000000000006,7.525850919112762e-05
14.499999999999993,9.800000000000008,0.023784811274763056
14.499999999999993,9.900000000000007,0.07124280097842135
14.499999999999993,10.000000000000007,0.09309956870993141
