pump_GHz,signal_GHz,gain_db
10.3,2.0,3.96656999634021
10.3,2.1,2.1650659555824867
10.3,2.2,0.872395340315073
10.3,2.3000000000000003,0.1552517763446723
10.3,2.4000000000000004,0.017423320311021104
10.3,2.5000000000000004,0.3915765127019155
10.3,2.6000000000000005,1.1584796649305613
10.3,2.7000000000000006,2.1890030473545883
10.3,2.8000000000000007,3.3709733772564126
10.3,2.900000000000001,4.623050875080611
10.3,3.000000000000001,5.8884531075765825
10.3,3.100000000000001,7.1300000505801595
10.3,3.200000000000001,8.330868604417283
10.3,3.300000000000001,9.466660522416726
10.3,3.4000000000000012,10.531954255555993
10.3,3.5000000000000013,11.522683283563573
10.3,3.6000000000000014,12.440490267976973
10.3,3.7000000000000015,13.274256382463445
10.3,3.8000000000000016,14.032416135146184
10.3,3.9000000000000017,14.711308083744818
10.3,4.000000000000002,15.308173115941164
10.3,4.100000000000001,15.825881037510802
10.3,4.200000000000002,16.265684308494894
10.3,4.3000000000000025,16.63264075908851
10.3,4.400000000000002,16.90814461247893
10.3,4.500000000000002,17.117783675036584
10.3,4.600000000000002,17.24757757485871
10.3,4.700000000000003,17.29906076757445
10.3,4.8000000000000025,17.274650258443696
10.3,4.900000000000002,17.16913844435433
10.3,5.000000000000003,16.98322118767918
10.3,5.100000000000003,16.72333750978897
10.3,5.200000000000003,16.387757376740495
10.3,5.3000000000000025,15.980896716577927
10.3,5.400000000000003,15.496530639455644
10.3,5.5000000000000036,14.927317441221524
10.3,5.600000000000003,14.283825371078835
10.3,5.700000000000003,13.56243425522617
10.3,5.800000000000003,12.770166775916183
10.3,5.900000000000004,11.898782504844927
10.3,6.0000000000000036,10.954972531713938
10.3,6.100000000000003,9.931873922487185
10.3,6.200000000000004,8.850787181728117
10.3,6.300000000000004,7.70425780382853
10.3,6.400000000000004,6.505288944981668
10.3,6.5000000000000036,5.282077416203476
10.3,6.600000000000004,4.051044380499175
10.3,6.700000000000005,2.8494667000920897
10.3,6.800000000000004,1.7531608235467422
10.3,6.900000000000004,0.8353776498965044
10.3,7.000000000000004,0.21209516279543109
10.3,7.100000000000005,0.0009625757778023717
10.3,7.200000000000005,0.2974530299792603
10.3,7.300000000000004,1.1415482588545813
10.3,7.400000000000005,2.503545273486787
10.3,7.500000000000005,4.307907153307228
10.3,7.600000000000005,6.471133916128762
10.3,7.700000000000005,8.921439851394723
10.3,7.800000000000005,11.603583901079277
10.3,7.900000000000006,14.485091327831068
10.3,8.000000000000005,17.542819488843882
10.3,8.100000000000005,20.766781836417813
10.3,8.200000000000006,24.164506204322507
10.3,8.300000000000006,27.72470588223033
10.3,8.400000000000006,31.439901360473502
10.3,8.500000000000005,35.273353521555386
10.3,8.600000000000005,39.11187162255115
10.3,8.700000000000006,42.62974663089207
10.3,8.800000000000006,45.05078686002789
10.3,8.900000000000006,45.217182205311474
10.3,9.000000000000007,42.66481533665444
10.3,9.100000000000007,38.18564844697744
10.3,9.200000000000006,32.66355544841878
10.3,9.300000000000006,26.504122533005532
10.3,9.400000000000006,19.80826635529299
10.3,9.500000000000007,12.608031468229118
10.3,9.600000000000007,5.241481633011861
10.3,9.700000000000006,0.1672983426108894
10.3,9.800000000000008,3.389693912590933
10.3,9.900000000000007,13.576769188340041
10.3,10.000000000000007,26.78608566530512
10.4,2.0,3.393362734667123
10.4,2.1,1.7089998143842178
10.4,2.2,0.5732576718342699
10.4,2.3000000000000003,0.04293438973431964
10.4,2.4000000000000004,0.10297505028218948
10.4,2.5000000000000004,0.6595105791251945
10.4,2.6000000000000005,1.5778473347356845
10.4,2.7000000000000006,2.7224930576365374
10.4,2.8000000000000007,3.992453669422153
10.4,2.900000000000001,5.306749591612356
10.4,3.000000000000001,6.621096095869326
10.4,3.100000000000001,7.899616256838752
10.4,3.200000000000001,9.126957785358629
10.4,3.300000000000001,10.29061384537364
10.4,3.4000000000000012,11.378145998044872
10.4,3.5000000000000013,12.392658678426764
10.4,3.6000000000000014,13.331978884917671
10.4,3.7000000000000015,14.182956519730123
10.4,3.8000000000000016,14.96035996066745
10.4,3.9000000000000017,15.664849318204697
10.4,4.000000000000002,16.284305190782877
10.4,4.100000000000001,16.828903139952867
10.4,4.200000000000002,17.298207361315626
10.4,4.3000000000000025,17.686127049383373
10.4,4.400000000000002,17.99168287843919
10.4,4.500000000000002,18.23150694757446
10.4,4.600000000000002,18.387749189561763
10.4,4.700000000000003,18.469948629032604
10.4,4.8000000000000025,18.481747781346193
10.4,4.900000000000002,18.414774738424395
10.4,5.000000000000003,18.268437385259716
10.4,5.100000000000003,18.045662677412253
10.4,5.200000000000003,17.755189456688672
10.4,5.3000000000000025,17.38505477865725
10.4,5.400000000000003,16.936018898621242
10.4,5.5000000000000036,16.416847534100967
10.4,5.600000000000003,15.820879339168775
10.4,5.700000000000003,15.150836128180307
10.4,5.800000000000003,14.396785726706828
10.4,5.900000000000004,13.571697202803207
10.4,6.0000000000000036,12.680346067284354
10.4,6.100000000000003,11.69938205062266
10.4,6.200000000000004,10.658012522778746
10.4,6.300000000000004,9.539009461293732
10.4,6.400000000000004,8.355614723139777
10.4,6.5000000000000036,7.1307619853366075
10.4,6.600000000000004,5.854734728097118
10.4,6.700000000000005,4.578273771496239
10.4,6.800000000000004,3.3102495163926964
10.4,6.900000000000004,2.1311235352115894
10.4,7.000000000000004,1.111056059257338
10.4,7.100000000000005,0.36182986620507174
10.4,7.200000000000005,0.011505388674894347
10.4,7.300000000000004,0.1726439731822146
10.4,7.400000000000005,0.9018925563126806
10.4,7.500000000000005,2.1721133033698288
10.4,7.600000000000005,3.9180310182875475
10.4,7.700000000000005,6.045598900621236
10.4,7.800000000000005,8.469567981771279
10.4,7.900000000000006,11.137039708583455
10.4,8.000000000000005,14.001781585336158
10.4,8.100000000000005,17.0427247285481
10.4,8.200000000000006,20.262860089863572
10.4,8.300000000000006,23.650337840585493
10.4,8.400000000000006,27.199220325807254
10.4,8.500000000000005,30.906152853387102
10.4,8.600000000000005,34.736297706907266
10.4,8.700000000000006,38.5950348441119
10.4,8.800000000000006,42.183754618050415
10.4,8.900000000000006,44.79803725137898
10.4,9.000000000000007,45.276746317318405
10.4,9.100000000000007,43.00817996302543
10.4,9.200000000000006,38.68781366151959
10.4,9.300000000000006,33.243165447629565
10.4,9.400000000000006,27.129166956936103
10.4,9.500000000000007,20.467609157518396
10.4,9.600000000000007,13.28738741406923
10.4,9.700000000000006,5.861333764590183
10.4,9.800000000000008,0.3466190944844758
10.4,9.900000000000007,2.8202653099995096
10.4,10.000000000000007,12.775642013935366
10.5,2.0,3.0120988584039314
10.5,2.1,1.422246172698351
10.5,2.2,0.4023749576844464
10.5,2.3000000000000003,0.006439943832761219
10.5,2.4000000000000004,0.20183249321013644
10.5,2.5000000000000004,0.8780869617170507
10.5,2.6000000000000005,1.8893916489223086
10.5,2.7000000000000006,3.107150437801237
10.5,2.8000000000000007,4.425598203332874
10.5,2.900000000000001,5.778046109958689
10.5,3.000000000000001,7.119099249046615
10.5,3.100000000000001,8.42005834475881
10.5,3.200000000000001,9.662994616835848
10.5,3.300000000000001,10.835904928290399
10.5,3.4000000000000012,11.94497837773256
10.5,3.5000000000000013,12.975705862774092
10.5,3.6000000000000014,13.92291323785767
10.5,3.7000000000000015,14.802286832059725
10.5,3.8000000000000016,15.588420411942135
10.5,3.9000000000000017,16.30324835103178
10.5,4.000000000000002,16.947611863530547
10.5,4.100000000000001,17.515493362681966
10.5,4.200000000000002,18.01283294789718
10.5,4.3000000000000025,18.41763210460407
10.5,4.400000000000002,18.75090358199358
10.5,4.500000000000002,19.016208011751022
10.5,4.600000000000002,19.200607753637694
10.5,4.700000000000003,19.317087388837294
10.5,4.8000000000000025,19.351615194161134
10.5,4.900000000000002,19.31512758391699
10.5,5.000000000000003,19.208433019858983
10.5,5.100000000000003,19.029321655864283
10.5,5.200000000000003,18.777949137638817
10.5,5.3000000000000025,18.44491402027334
10.5,5.400000000000003,18.041720859147773
10.5,5.5000000000000036,17.56608364938233
10.5,5.600000000000003,17.013535625633146
10.5,5.700000000000003,16.388902021106986
10.5,5.800000000000003,15.682758984577077
10.5,5.900000000000004,14.913257804211497
10.5,6.0000000000000036,14.062003148103166
10.5,6.100000000000003,13.149187073025768
10.5,6.200000000000004,12.139179335576213
10.5,6.300000000000004,11.069862472519338
10.5,6.400000000000004,9.931406046689023
10.5,6.5000000000000036,8.734589949982853
10.5,6.600000000000004,7.474086333096748
10.5,6.700000000000005,6.176276843141503
10.5,6.800000000000004,4.86265185848469
10.5,6.900000000000004,3.565192174854345
10.5,7.000000000000004,2.33633264095676
10.5,7.100000000000005,1.2611583349264033
10.5,7.200000000000005,0.44591298048049577
10.5,7.300000000000004,0.029196370282559878
10.5,7.400000000000005,0.12613405061919175
10.5,7.500000000000005,0.8020758168501357
10.5,7.600000000000005,2.039890632135592
10.5,7.700000000000005,3.759121208489544
10.5,7.800000000000005,5.872224724803845
10.5,7.900000000000006,8.279221953868259
10.5,8.000000000000005,10.930744480667427
10.5,8.100000000000005,13.782468939013137
10.5,8.200000000000006,16.81645405356676
10.5,8.300000000000006,20.01384036005859
10.5,8.400000000000006,23.378687361601344
10.5,8.500000000000005,26.907374126054485
10.5,8.600000000000005,30.5922468306999
10.5,8.700000000000006,34.40818298621788
10.5,8.800000000000006,38.25304944694653
10.5,8.900000000000006,41.86334248707994
10.5,9.000000000000007,44.57386562670169
10.5,9.100000000000007,45.25201315027861
10.5,9.200000000000006,43.19883652935469
10.5,9.300000000000006,39.02381594628986
10.5,9.400000000000006,33.66941297004256
10.5,9.500000000000007,27.61997732790121
10.5,9.600000000000007,21.01567723224683
10.5,9.700000000000006,13.882449830397022
10.5,9.800000000000008,6.438139809384792
10.5,9.900000000000007,0.5718551869743486
10.5,10.000000000000007,2.3019976096120627
10.6,2.0,2.886411747298138
10.6,2.1,1.3353099595463547
10.6,2.2,0.3558428930534005
10.6,2.3000000000000003,0.0018020823787179962
10.6,2.4000000000000004,0.23746402996947957
10.6,2.5000000000000004,0.9495673673635953
10.6,2.6000000000000005,1.9888157046074575
10.6,2.7000000000000006,3.2206240921158114
10.6,2.8000000000000007,4.551599891358173
10.6,2.900000000000001,5.910650041631747
10.6,3.000000000000001,7.257754538442612
10.6,3.100000000000001,8.562477120558318
10.6,3.200000000000001,9.806798486867143
10.6,3.300000000000001,10.989618347173773
10.6,3.4000000000000012,12.096817429566142
10.6,3.5000000000000013,13.13208398020386
10.6,3.6000000000000014,14.09344966073595
10.6,3.7000000000000015,14.977163709158622
10.6,3.8000000000000016,15.781896968415472
10.6,3.9000000000000017,16.514426580257442
10.6,4.000000000000002,17.169856851628314
10.6,4.100000000000001,17.74815335386984
10.6,4.200000000000002,18.257837116502433
10.6,4.3000000000000025,18.69278651531983
10.6,4.400000000000002,19.054496575933246
10.6,4.500000000000002,19.335467804273293
10.6,4.600000000000002,19.545164339350464
10.6,4.700000000000003,19.6884763457571
10.6,4.8000000000000025,19.74786751891174
10.6,4.900000000000002,19.751312731308126
10.6,5.000000000000003,19.672009888397003
10.6,5.100000000000003,19.528990244257088
10.6,5.200000000000003,19.31663643057857
10.6,5.3000000000000025,19.020863075013892
10.6,5.400000000000003,18.66007159983503
10.6,5.5000000000000036,18.228539574385092
10.6,5.600000000000003,17.713748206176366
10.6,5.700000000000003,17.13070092492241
10.6,5.800000000000003,16.481238790445985
10.6,5.900000000000004,15.760859400877438
10.6,6.0000000000000036,14.962895973242933
10.6,6.100000000000003,14.092057722414022
10.6,6.200000000000004,13.159079175798682
10.6,6.300000000000004,12.134671923210597
10.6,6.400000000000004,11.049073309749797
10.6,6.5000000000000036,9.892369591011526
10.6,6.600000000000004,8.679534060690813
10.6,6.700000000000005,7.414634797626466
10.6,6.800000000000004,6.107524618768542
10.6,6.900000000000004,4.785461717807128
10.6,7.000000000000004,3.4832055382526765
10.6,7.100000000000005,2.2590280418954487
10.6,7.200000000000005,1.1911682350247008
10.6,7.300000000000004,0.3985258603360372
10.6,7.400000000000005,0.016652528012811668
10.6,7.500000000000005,0.1618319265607596
10.6,7.600000000000005,0.8929414002509957
10.6,7.700000000000005,2.1788236120421183
10.6,7.800000000000005,3.9377819905739058
10.6,7.900000000000006,6.062353289871149
10.6,8.000000000000005,8.469034809611415
10.6,8.100000000000005,11.115225569135037
10.6,8.200000000000006,13.951221953958918
10.6,8.300000000000006,16.962424442469697
10.6,8.400000000000006,20.13243302088979
10.6,8.500000000000005,23.46952461918751
10.6,8.600000000000005,26.96217805776591
10.6,8.700000000000006,30.61128173008931
10.6,8.800000000000006,34.38182431722671
10.6,8.900000000000006,38.18285816201453
10.6,9.000000000000007,41.74652377864534
10.6,9.100000000000007,44.43182083916063
10.6,9.200000000000006,45.14467007357631
10.6,9.300000000000006,43.18730930419528
10.6,9.400000000000006,39.1187167105998
10.6,9.500000000000007,33.855252345940926
10.6,9.600000000000007,27.894725990727714
10.6,9.700000000000006,21.379528795792396
10.6,9.800000000000008,14.330012881787882
10.6,9.900000000000007,6.923966116822717
10.6,10.000000000000007,0.8146649054000601
10.7,2.0,3.129500140427975
10.7,2.1,1.532053477852087
10.7,2.2,0.4737932917059605
10.7,2.3000000000000003,0.019033189577524135
10.7,2.4000000000000004,0.15322226350370072
10.7,2.5000000000000004,0.777439564749426
10.7,2.6000000000000005,1.7496189614074853
10.7,2.7000000000000006,2.9302315917864528
10.7,2.8000000000000007,4.217638398636646
10.7,2.900000000000001,5.553291261946561
10.7,3.000000000000001,6.8745459312449855
10.7,3.100000000000001,8.161448961080852
10.7,3.200000000000001,9.396716911715732
10.7,3.300000000000001,10.566766880611922
10.7,3.4000000000000012,11.671932610108353
10.7,3.5000000000000013,12.701338174326528
10.7,3.6000000000000014,13.663676564029492
10.7,3.7000000000000015,14.546883791081367
10.7,3.8000000000000016,15.354419411756886
10.7,3.9000000000000017,16.092685229275887
10.7,4.000000000000002,16.755944599067114
10.7,4.100000000000001,17.355281124315297
10.7,4.200000000000002,17.87168902459711
10.7,4.3000000000000025,18.321541145960293
10.7,4.400000000000002,18.710379415936256
10.7,4.500000000000002,19.010273448946794
10.7,4.600000000000002,19.241642489788923
10.7,4.700000000000003,19.399471651025486
10.7,4.8000000000000025,19.48773083408501
10.7,4.900000000000002,19.51463662897613
10.7,5.000000000000003,19.47111348412608
10.7,5.100000000000003,19.356872761741908
10.7,5.200000000000003,19.182434187048877
10.7,5.3000000000000025,18.923973618893562
10.7,5.400000000000003,18.599969936676082
10.7,5.5000000000000036,18.213743181688386
10.7,5.600000000000003,17.744082507283746
10.7,5.700000000000003,17.201725805318706
10.7,5.800000000000003,16.595541817781662
10.7,5.900000000000004,15.931952696207915
10.7,6.0000000000000036,15.185146183522772
10.7,6.100000000000003,14.36967673593453
10.7,6.200000000000004,13.479197516815088
10.7,6.300000000000004,12.529304286909316
10.7,6.400000000000004,11.49618280480051
10.7,6.5000000000000036,10.408370462791925
10.7,6.600000000000004,9.253846839145247
10.7,6.700000000000005,8.037304997574125
10.7,6.800000000000004,6.784172175226431
10.7,6.900000000000004,5.491861950663246
10.7,7.000000000000004,4.1985713502890425
10.7,7.100000000000005,2.9378686602483652
10.7,7.200000000000005,1.786855153935982
10.7,7.300000000000004,0.825424389699877
10.7,7.400000000000005,0.19091150828383413
10.7,7.500000000000005,0.005837995786446309
10.7,7.600000000000005,0.37014594637867815
10.7,7.700000000000005,1.3043742364484314
10.7,7.800000000000005,2.7519291012077014
10.7,7.900000000000006,4.609070170964221
10.7,8.000000000000005,6.792199111079008
10.7,8.100000000000005,9.231628956167173
10.7,8.200000000000006,11.871563197721846
10.7,8.300000000000006,14.690608841151022
10.7,8.400000000000006,17.665273114816625
10.7,8.500000000000005,20.80090779699981
10.7,8.600000000000005,24.08827116976216
10.7,8.700000000000006,27.538631427912698
10.7,8.800000000000006,31.116439959732766
10.7,8.900000000000006,34.81223874655274
10.7,9.000000000000007,38.51518492637996
10.7,9.100000000000007,41.936234971204094
10.7,9.200000000000006,44.421343990292605
10.7,9.300000000000006,44.92486354122798
10.7,9.400000000000006,42.871510674027384
10.7,9.500000000000007,38.8341063387334
10.7,9.600000000000007,33.669357124919436
10.7,9.700000000000006,27.82863616519681
10.7,9.800000000000008,21.441347810899522
10.7,9.900000000000007,14.525077311018428
10.7,10.000000000000007,7.230517632324641
10.799999999999999,2.0,3.983460638449486
10.799999999999999,2.1,2.244397858223765
10.799999999999999,2.2,0.9530359602537425
10.799999999999999,2.3000000000000003,0.19544487809901456
10.799999999999999,2.4000000000000004,0.006998950811236006
10.799999999999999,2.5000000000000004,0.3391334819874958
10.799999999999999,2.6000000000000005,1.0769785581658067
10.799999999999999,2.7000000000000006,2.0853125261457817
10.799999999999999,2.8000000000000007,3.2492920974762733
10.799999999999999,2.900000000000001,4.4880732476116245
10.799999999999999,3.000000000000001,5.7422922624395305
10.799999999999999,3.100000000000001,6.982249767523364
10.799999999999999,3.200000000000001,8.174024453912516
10.799999999999999,3.300000000000001,9.316069229786391
10.799999999999999,3.4000000000000012,10.40128990774092
10.799999999999999,3.5000000000000013,11.40702391411455
10.799999999999999,3.6000000000000014,12.354823082430082
10.799999999999999,3.7000000000000015,13.23484301534949
10.799999999999999,3.8000000000000016,14.042479971587529
10.799999999999999,3.9000000000000017,14.778201690533422
10.799999999999999,4.000000000000002,15.435609791962586
10.799999999999999,4.100000000000001,16.03759106746343
10.799999999999999,4.200000000000002,16.56437798877892
10.799999999999999,4.3000000000000025,17.019258601836242
10.799999999999999,4.400000000000002,17.411153534417963
10.799999999999999,4.500000000000002,17.73675226423314
10.799999999999999,4.600000000000002,17.98592232840508
10.799999999999999,4.700000000000003,18.172244636596595
10.799999999999999,4.8000000000000025,18.282267996857712
10.799999999999999,4.900000000000002,18.324513794650112
10.799999999999999,5.000000000000003,18.30081058629599
10.799999999999999,5.100000000000003,18.229748189658554
10.799999999999999,5.200000000000003,18.078748968446504
10.799999999999999,5.3000000000000025,17.86355676955452
10.799999999999999,5.400000000000003,17.574871306144676
10.799999999999999,5.5000000000000036,17.22372113612201
10.799999999999999,5.600000000000003,16.797094954335087
10.799999999999999,5.700000000000003,16.310122078383916
10.799999999999999,5.800000000000003,15.747000172499195
10.799999999999999,5.900000000000004,15.118512001565417
10.799999999999999,6.0000000000000036,14.432433546268506
10.799999999999999,6.100000000000003,13.670361512664593
10.799999999999999,6.200000000000004,12.843246479349922
10.799999999999999,6.300000000000004,11.957986127783727
10.799999999999999,6.400000000000004,10.999332288763364
10.799999999999999,6.5000000000000036,9.977969245645593
10.799999999999999,6.600000000000004,8.880292503875816
10.799999999999999,6.700000000000005,7.741612717875026
10.799999999999999,6.800000000000004,6.56715609558062
10.799999999999999,6.900000000000004,5.344814059498569
10.799999999999999,7.000000000000004,4.11972053359125
10.799999999999999,7.100000000000005,2.9232160049395377
10.799999999999999,7.200000000000005,1.8144157791657305
10.799999999999999,7.300000000000004,0.8848039067917615
10.799999999999999,7.400000000000005,0.23730861727044253
10.799999999999999,7.500000000000005,2.5386714404845774e-05
10.799999999999999,7.600000000000005,0.2721095993209765
10.799999999999999,7.700000000000005,1.0873923712305338
10.799999999999999,7.800000000000005,2.3943958341009735
10.799999999999999,7.900000000000006,4.104692778810222
10.799999999999999,8.000000000000005,6.119057992631217
10.799999999999999,8.100000000000005,8.383783399132868
10.799999999999999,8.200000000000006,10.85391248290156
10.799999999999999,8.300000000000006,13.491082997858525
10.799999999999999,8.400000000000006,16.274858602726695
10.799999999999999,8.500000000000005,19.212844191092223
10.799999999999999,8.600000000000005,22.29154845925997
10.799999999999999,8.700000000000006,25.515152993968762
10.799999999999999,8.800000000000006,28.87633298647
10.799999999999999,8.900000000000006,32.36654386435275
10.799999999999999,9.000000000000007,35.92577551781104
10.799999999999999,9.100000000000007,39.431751823188364
10.799999999999999,9.200000000000006,42.53444925882004
10.799999999999999,9.300000000000006,44.517770675591315
10.799999999999999,9.400000000000006,44.4533608742008
10.799999999999999,9.500000000000007,42.04687995771903
10.799999999999999,9.600000000000007,37.951205725678115
10.799999999999999,9.700000000000006,32.884520402204025
10.799999999999999,9.800000000000008,27.200760013831463
10.799999999999999,9.900000000000007,21.003859290991752
10.799999999999999,10.000000000000007,14.291506588159343
10.899999999999999,2.0,6.025230778610046
10.899999999999999,2.1,4.091833941162096
10.899999999999999,2.2,2.450754678868032
10.899999999999999,2.3000000000000003,1.1758602966366154
10.899999999999999,2.4000000000000004,0.3480864744315352
10.899999999999999,2.5000000000000004,0.008942918030086504
10.899999999999999,2.6000000000000005,0.14456495628289173
10.899999999999999,2.7000000000000006,0.6721467628249773
10.899999999999999,2.8000000000000007,1.480656721802832
10.899999999999999,2.900000000000001,2.457892663055144
10.899999999999999,3.000000000000001,3.5293728607040373
10.899999999999999,3.100000000000001,4.631576495711843
10.899999999999999,3.200000000000001,5.7230758125043675
10.899999999999999,3.300000000000001,6.795779985540557
10.899999999999999,3.4000000000000012,7.816831078980655
10.899999999999999,3.5000000000000013,8.779689267617197
10.899999999999999,3.6000000000000014,9.69096276746842
10.899999999999999,3.7000000000000015,10.538993902234706
10.899999999999999,3.8000000000000016,11.3199737832892
10.899999999999999,3.9000000000000017,12.051382505426538
10.899999999999999,4.000000000000002,12.694580983546205
10.899999999999999,4.100000000000001,13.284202159836724
10.899999999999999,4.200000000000002,13.81266811083259
10.899999999999999,4.3000000000000025,14.266579263791836
10.899999999999999,4.400000000000002,14.658338726829932
10.899999999999999,4.500000000000002,14.991939449928148
10.899999999999999,4.600000000000002,15.25616667520282
10.899999999999999,4.700000000000003,15.447619110486608
10.899999999999999,4.8000000000000025,15.577289196613249
10.899999999999999,4.900000000000002,15.65032156225657
10.899999999999999,5.000000000000003,15.650523519749475
10.899999999999999,5.100000000000003,15.587118686081766
10.899999999999999,5.200000000000003,15.474990967196824
10.899999999999999,5.3000000000000025,15.288820837483026
10.899999999999999,5.400000000000003,15.045616364806357
10.899999999999999,5.5000000000000036,14.717863673639746
10.899999999999999,5.600000000000003,14.344207644879694
10.899999999999999,5.700000000000003,13.893699188308338
10.899999999999999,5.800000000000003,13.382001789994991
10.899999999999999,5.900000000000004,12.802476964645928
10.899999999999999,6.0000000000000036,12.175922739837322
10.899999999999999,6.100000000000003,11.47867126561649
10.899999999999999,6.200000000000004,10.71666359264862
10.899999999999999,6.300000000000004,9.891927692340799
10.899999999999999,6.400000000000004,8.99757616829031
10.899999999999999,6.5000000000000036,8.063882446352725
10.899999999999999,6.600000000000004,7.068955334800822
10.899999999999999,6.700000000000005,6.037832715791284
10.899999999999999,6.800000000000004,4.963823046272821
10.899999999999999,6.900000000000004,3.8797070714937765
10.899999999999999,7.000000000000004,2.818361932723843
10.899999999999999,7.100000000000005,1.821017852482382
10.899999999999999,7.200000000000005,0.9539591665425924
10.899999999999999,7.300000000000004,0.3153629708272494
10.899999999999999,7.400000000000005,0.01166259234024839
10.899999999999999,7.500000000000005,0.13763862870754162
10.899999999999999,7.600000000000005,0.7369641963197476
10.899999999999999,7.700000000000005,1.7889502638267025
10.899999999999999,7.800000000000005,3.228234161811641
10.899999999999999,7.900000000000006,4.966874003639193
10.899999999999999,8.000000000000005,6.9421732902199595
10.899999999999999,8.100000000000005,9.113167951342243
10.899999999999999,8.200000000000006,11.445444414731124
10.899999999999999,8.300000000000006,13.923955983634059
10.899999999999999,8.400000000000006,16.533339063630372
10.899999999999999,8.500000000000005,19.268424994217405
10.899999999999999,8.600000000000005,22.12946277943218
10.899999999999999,8.700000000000006,25.12222962128159
10.899999999999999,8.800000000000006,28.240692241782867
10.899999999999999,8.900000000000006,31.4747344764333
10.899999999999999,9.000000000000007,34.78580642784043
10.899999999999999,9.100000000000007,38.086894584282156
10.899999999999999,9.200000000000006,41.157652967616286
10.899999999999999,9.300000000000006,43.51213364750062
10.899999999999999,9.400000000000006,44.39902375526822
10.899999999999999,9.500000000000007,43.23503164283491
10.899999999999999,9.600000000000007,40.21198242688832
10.899999999999999,9.700000000000006,35.98558219522196
10.899999999999999,9.800000000000008,31.039374736986787
10.899999999999999,9.900000000000007,25.58244659213866
10.899999999999999,10.000000000000007,19.667505979192153
10.999999999999998,2.0,10.399546709083902
10.999999999999998,2.1,8.377937966767773
10.999999999999998,2.2,6.497640143724613
10.999999999999998,2.3000000000000003,4.779873707442622
10.999999999999998,2.4000000000000004,3.2530954142221553
10.999999999999998,2.5000000000000004,1.9649311417148532
10.999999999999998,2.6000000000000005,0.9666098572264549
10.999999999999998,2.7000000000000006,0.3086227954154176
10.999999999999998,2.8000000000000007,0.01730828030281547
10.999999999999998,2.900000000000001,0.07673125964639524
10.999999999999998,3.000000000000001,0.4288784160753217
10.999999999999998,3.100000000000001,0.9972488823345134
10.999999999999998,3.200000000000001,1.708255678897515
10.999999999999998,3.300000000000001,2.496274723100845
10.999999999999998,3.4000000000000012,3.315488005224246
10.999999999999998,3.5000000000000013,4.124299111988555
10.999999999999998,3.6000000000000014,4.915807592187876
10.999999999999998,3.7000000000000015,5.668446902763415
10.999999999999998,3.8000000000000016,6.386210938420886
10.999999999999998,3.9000000000000017,7.0494225585487715
10.999999999999998,4.000000000000002,7.658468819621226
10.999999999999998,4.100000000000001,8.216262475443006
10.999999999999998,4.200000000000002,8.709171562850974
10.999999999999998,4.3000000000000025,9.158355180807083
10.999999999999998,4.400000000000002,9.540803502288645
10.999999999999998,4.500000000000002,9.854495262643619
10.999999999999998,4.600000000000002,10.112668210636869
10.999999999999998,4.700000000000003,10.31355595760671
10.999999999999998,4.8000000000000025,10.460934003400656
10.999999999999998,4.900000000000002,10.534250314298045
10.999999999999998,5.000000000000003,10.551073449765045
10.999999999999998,5.100000000000003,10.512786337708235
10.999999999999998,5.200000000000003,10.414931279975171
10.999999999999998,5.3000000000000025,10.268317417469756
10.999999999999998,5.400000000000003,10.045167409385137
10.999999999999998,5.5000000000000036,9.775506437411199
10.999999999999998,5.600000000000003,9.43543644322275
10.999999999999998,5.700000000000003,9.034264547115203
10.999999999999998,5.800000000000003,8.5915234729589
10.999999999999998,5.900000000000004,8.067776188316872
10.999999999999998,6.0000000000000036,7.503394341507054
10.999999999999998,6.100000000000003,6.880432916930199
10.999999999999998,6.200000000000004,6.2083842443586965
10.999999999999998,6.300000000000004,5.501346943052566
10.999999999999998,6.400000000000004,4.7402890316617015
10.999999999999998,6.5000000000000036,3.9540149155444846
10.999999999999998,6.600000000000004,3.131815524632886
10.999999999999998,6.700000000000005,2.331794463345951
10.999999999999998,6.800000000000004,1.5654457786833762
10.999999999999998,6.900000000000004,0.8878887571878314
10.999999999999998,7.000000000000004,0.35236946930054963
10.999999999999998,7.100000000000005,0.04647994310077015
10.999999999999998,7.200000000000005,0.036072205433021975
10.999999999999998,7.300000000000004,0.37610520796644076
10.999999999999998,7.400000000000005,1.0707216307184642
10.999999999999998,7.500000000000005,2.0857330241058585
10.999999999999998,7.600000000000005,3.384545017878296
10.999999999999998,7.700000000000005,4.9036248794813355
10.999999999999998,7.800000000000005,6.607162823421966
10.999999999999998,7.900000000000006,8.452516311567749
10.999999999999998,8.000000000000005,10.43361965139713
10.999999999999998,8.100000000000005,12.533682891073392
10.999999999999998,8.200000000000006,14.745049888064987
10.999999999999998,8.300000000000006,17.068048821089064
10.999999999999998,8.400000000000006,19.492286654523916
10.999999999999998,8.500000000000005,22.019511471930414
10.999999999999998,8.600000000000005,24.65669519195911
10.999999999999998,8.700000000000006,27.401059404661453
10.999999999999998,8.800000000000006,30.235387718773275
10.999999999999998,8.900000000000006,33.14881043235303
10.999999999999998,9.000000000000007,36.096217852450124
10.999999999999998,9.100000000000007,38.950495532906466
10.999999999999998,9.200000000000006,41.47863747610502
10.999999999999998,9.300000000000006,43.26273841075764
10.999999999999998,9.400000000000006,43.73020821139419
10.999999999999998,9.500000000000007,42.54296131387744
10.999999999999998,9.600000000000007,39.88822924470614
10.999999999999998,9.700000000000006,36.22622787653711
10.999999999999998,9.800000000000008,31.94142402543399
10.999999999999998,9.900000000000007,27.21222035194809
10.999999999999998,10.000000000000007,22.107629109030285
11.099999999999998,2.0,19.181729213994043
11.099999999999998,2.1,17.315277090839494
11.099999999999998,2.2,15.52064542114659
11.099999999999998,2.3000000000000003,13.805497643473439
11.099999999999998,2.4000000000000004,12.166417491662258
11.099999999999998,2.5000000000000004,10.600815747477919
11.099999999999998,2.6000000000000005,9.115332602728104
11.099999999999998,2.7000000000000006,7.716297362087935
11.099999999999998,2.8000000000000007,6.39675533678112
11.099999999999998,2.900000000000001,5.170788462169166
11.099999999999998,3.000000000000001,4.045581637479493
11.099999999999998,3.100000000000001,3.0377737334466937
11.099999999999998,3.200000000000001,2.1597341926433415
11.099999999999998,3.300000000000001,1.4235476457533562
11.099999999999998,3.4000000000000012,0.8376985093479893
11.099999999999998,3.5000000000000013,0.4141180055724722
11.099999999999998,3.6000000000000014,0.14711466684336602
11.099999999999998,3.7000000000000015,0.018655537983717878
11.099999999999998,3.8000000000000016,0.008755676614919907
11.099999999999998,3.9000000000000017,0.09271264287822988
11.099999999999998,4.000000000000002,0.2481496352033712
11.099999999999998,4.100000000000001,0.44492083753585987
11.099999999999998,4.200000000000002,0.6642867573017572
11.099999999999998,4.3000000000000025,0.8874737484318095
11.099999999999998,4.400000000000002,1.1015442859244702
11.099999999999998,4.500000000000002,1.2962483473022703
11.099999999999998,4.600000000000002,1.4624505339575244
11.099999999999998,4.700000000000003,1.6015937357660817
11.099999999999998,4.8000000000000025,1.6930891064363345
11.099999999999998,4.900000000000002,1.7587454246002023
11.099999999999998,5.000000000000003,1.7731876293527071
11.099999999999998,5.100000000000003,1.7555974232174365
11.099999999999998,5.200000000000003,1.6904498940267965
11.099999999999998,5.3000000000000025,1.6020607693498057
11.099999999999998,5.400000000000003,1.470763712387605
11.099999999999998,5.5000000000000036,1.2995004665114982
11.099999999999998,5.600000000000003,1.110270765742932
11.099999999999998,5.700000000000003,0.895741943482403
11.099999999999998,5.800000000000003,0.6688821994619327
11.099999999999998,5.900000000000004,0.45220409868392736
11.099999999999998,6.0000000000000036,0.2560208833939897
11.099999999999998,6.100000000000003,0.10175862700704419
11.099999999999998,6.200000000000004,0.011626137629439598
11.099999999999998,6.300000000000004,0.014361327020584373
11.099999999999998,6.400000000000004,0.1327984133618365
11.099999999999998,6.5000000000000036,0.39417848750917606
11.099999999999998,6.600000000000004,0.8062009794718281
11.099999999999998,6.700000000000005,1.3767846218992803
11.099999999999998,6.800000000000004,2.0986849710661435
11.099999999999998,6.900000000000004,2.9617030140509977
11.099999999999998,7.000000000000004,3.955598024769877
11.099999999999998,7.100000000000005,5.073202209782098
11.099999999999998,7.200000000000005,6.285717519575924
11.099999999999998,7.300000000000004,7.590808902172315
11.099999999999998,7.400000000000005,8.978497181714589
11.099999999999998,7.500000000000005,10.442999259665314
11.099999999999998,7.600000000000005,11.997945431767437
11.099999999999998,7.700000000000005,13.629368155445592
11.099999999999998,7.800000000000005,15.349615981036205
11.099999999999998,7.900000000000006,17.13848826555796
11.099999999999998,8.000000000000005,19.015996040567906
11.099999999999998,8.100000000000005,20.968724423507716
11.099999999999998,8.200000000000006,23.006892472091454
11.099999999999998,8.300000000000006,25.127329464221813
11.099999999999998,8.400000000000006,27.31781808393315
11.099999999999998,8.500000000000005,29.58308012707672
11.099999999999998,8.600000000000005,31.896931628021754
11.099999999999998,8.700000000000006,34.24706325462388
11.099999999999998,8.800000000000006,36.57891377521678
11.099999999999998,8.900000000000006,38.78459200281055
11.099999999999998,9.000000000000007,40.70929090854486
11.099999999999998,9.100000000000007,42.08993725024471
11.099999999999998,9.200000000000006,42.61323594755079
11.099999999999998,9.300000000000006,42.06151592383614
11.099999999999998,9.400000000000006,40.43909262310477
11.099999999999998,9.500000000000007,37.96645205096356
11.099999999999998,9.600000000000007,34.90379988155004
11.099999999999998,9.700000000000006,31.43087799352655
11.099999999999998,9.800000000000008,27.66493182432765
11.099999999999998,9.900000000000007,23.657728365516853
11.099999999999998,10.000000000000007,19.407510473633142
11.199999999999998,2.0,33.391043587306356
11.199999999999998,2.1,33.10614976104415
11.199999999999998,2.2,32.5425310416843
11.199999999999998,2.3000000000000003,31.77474769856303
11.199999999999998,2.4000000000000004,30.866519142955767
11.199999999999998,2.5000000000000004,29.869786637432405
11.199999999999998,2.6000000000000005,28.822071607743638
11.199999999999998,2.7000000000000006,27.756806223090543
11.199999999999998,2.8000000000000007,26.69633611031635
11.199999999999998,2.900000000000001,25.65115500195902
11.199999999999998,3.000000000000001,24.62931492693243
11.199999999999998,3.100000000000001,23.64382324919792
11.199999999999998,3.200000000000001,22.704556312921333
11.199999999999998,3.300000000000001,21.813501260338214
11.199999999999998,3.4000000000000012,20.966360811811843
11.199999999999998,3.5000000000000013,20.166115959340477
11.199999999999998,3.6000000000000014,19.416553203870965
11.199999999999998,3.7000000000000015,18.725019789868742
11.199999999999998,3.8000000000000016,18.082970940443808
11.199999999999998,3.9000000000000017,17.492734491814296
11.199999999999998,4.000000000000002,16.943673456335166
11.199999999999998,4.100000000000001,16.440999799755925
11.199999999999998,4.200000000000002,15.988259451186877
11.199999999999998,4.3000000000000025,15.591645171209898
11.199999999999998,4.400000000000002,15.255810385873602
11.199999999999998,4.500000000000002,14.971785341075783
11.199999999999998,4.600000000000002,14.742095969919152
11.199999999999998,4.700000000000003,14.561995241641323
11.199999999999998,4.8000000000000025,14.428527804205762
11.199999999999998,4.900000000000002,14.348941343785446
11.199999999999998,5.000000000000003,14.324424194394517
11.199999999999998,5.100000000000003,14.351521285447554
11.199999999999998,5.200000000000003,14.427139041785946
11.199999999999998,5.3000000000000025,14.557797985966992
11.199999999999998,5.400000000000003,14.736186256216186
11.199999999999998,5.5000000000000036,14.967464701528868
11.199999999999998,5.600000000000003,15.253150543598117
11.199999999999998,5.700000000000003,15.595743116223566
11.199999999999998,5.800000000000003,15.992240034604986
11.199999999999998,5.900000000000004,16.44050922154158
11.199999999999998,6.0000000000000036,16.940386501143774
11.199999999999998,6.100000000000003,17.4913211545196
11.199999999999998,6.200000000000004,18.09700993515542
11.199999999999998,6.300000000000004,18.753086842397018
11.199999999999998,6.400000000000004,19.46756519100244
11.199999999999998,6.5000000000000036,20.23798471569146
11.199999999999998,6.600000000000004,21.05469909331349
11.199999999999998,6.700000000000005,21.931013318287032
11.199999999999998,6.800000000000004,22.850928980524174
11.199999999999998,6.900000000000004,23.835149821280687
11.199999999999998,7.000000000000004,24.878749498851974
11.199999999999998,7.100000000000005,25.97990261033761
11.199999999999998,7.200000000000005,27.128305821127494
11.199999999999998,7.300000000000004,28.323384538791217
11.199999999999998,7.400000000000005,29.557121742238518
11.199999999999998,7.500000000000005,30.828002595221236
11.199999999999998,7.600000000000005,32.132389252258065
11.199999999999998,7.700000000000005,33.456179916698744
11.199999999999998,7.800000000000005,34.785723297176084
11.199999999999998,7.900000000000006,36.07953876783917
11.199999999999998,8.000000000000005,37.302512993231126
11.199999999999998,8.100000000000005,38.394908634842544
11.199999999999998,8.200000000000006,39.28396313569331
11.199999999999998,8.300000000000006,39.87930636874122
11.199999999999998,8.400000000000006,40.09214446244314
11.199999999999998,8.500000000000005,39.86218433476716
11.199999999999998,8.600000000000005,39.168711069910024
11.199999999999998,8.700000000000006,38.03011496432572
11.199999999999998,8.800000000000006,36.51167466527828
11.199999999999998,8.900000000000006,34.687524967777975
11.199999999999998,9.000000000000007,32.616716089252186
11.199999999999998,9.100000000000007,30.348191977645484
11.199999999999998,9.200000000000006,27.933481263821133
11.199999999999998,9.300000000000006,25.39333271371889
11.199999999999998,9.400000000000006,22.738967498982948
11.199999999999998,9.500000000000007,19.985179607318948
11.199999999999998,9.600000000000007,17.13363517158655
11.199999999999998,9.700000000000006,14.182400322601843
11.199999999999998,9.800000000000008,11.11450012036533
11.199999999999998,9.900000000000007,7.934537611005501
11.199999999999998,10.000000000000007,4.65949997533956
11.299999999999997,2.0,9.729873472811015
11.299999999999997,2.1,10.30676869124145
11.299999999999997,2.2,10.568035849357765
11.299999999999997,2.3000000000000003,10.401113925294055
11.299999999999997,2.4000000000000004,9.648783239964775
11.299999999999997,2.5000000000000004,8.046751686289369
11.299999999999997,2.6000000000000005,5.06586018265896
11.299999999999997,2.7000000000000006,0.5758622577789885
11.299999999999997,2.8000000000000007,2.818066308858681
11.299999999999997,2.900000000000001,8.357749293761206
11.299999999999997,3.000000000000001,12.09071583072409
11.299999999999997,3.100000000000001,14.512488888785395
11.299999999999997,3.200000000000001,15.907656713785617
11.299999999999997,3.300000000000001,16.371718255665773
11.299999999999997,3.4000000000000012,15.903120368215198
11.299999999999997,3.5000000000000013,14.44085108018581
11.299999999999997,3.6000000000000014,11.931478739302193
11.299999999999997,3.7000000000000015,8.452852464734766
11.299999999999997,3.8000000000000016,4.428620443133028
11.299999999999997,3.9000000000000017,1.1285487536320957
11.299999999999997,4.000000000000002,0.013121895130927468
11.299999999999997,4.100000000000001,0.17227852116827846
11.299999999999997,4.200000000000002,0.34208182621070293
11.299999999999997,4.3000000000000025,0.2872090611553454
11.299999999999997,4.400000000000002,0.13448084734835017
11.299999999999997,4.500000000000002,0.020231249649953764
11.299999999999997,4.600000000000002,0.009398492147223466
11.299999999999997,4.700000000000003,0.10987087961573871
11.299999999999997,4.8000000000000025,0.30030733219078065
11.299999999999997,4.900000000000002,0.5373926910150948
11.299999999999997,5.000000000000003,0.7719351349301138
11.299999999999997,5.100000000000003,0.9591255167051858
11.299999999999997,5.200000000000003,1.0678342948013533
11.299999999999997,5.3000000000000025,1.0879851676490664
11.299999999999997,5.400000000000003,1.0135344273361386
11.299999999999997,5.5000000000000036,0.856824728822365
11.299999999999997,5.600000000000003,0.6255152570952428
11.299999999999997,5.700000000000003,0.35622329813649317
11.299999999999997,5.800000000000003,0.11342428934221571
11.299999999999997,5.900000000000004,3.2769278530353984e-05
11.299999999999997,6.0000000000000036,0.14773418524190354
11.299999999999997,6.100000000000003,0.6678697975372655
11.299999999999997,6.200000000000004,1.5852690662478197
11.299999999999997,6.300000000000004,2.827621327582204
11.299999999999997,6.400000000000004,4.260622165915887
11.299999999999997,6.5000000000000036,5.759071065146842
11.299999999999997,6.600000000000004,7.243415177517125
11.299999999999997,6.700000000000005,8.669545874918379
11.299999999999997,6.800000000000004,10.02768280631311
11.299999999999997,6.900000000000004,11.316751824117086
11.299999999999997,7.000000000000004,12.507901446242391
11.299999999999997,7.100000000000005,13.539624586296426
11.299999999999997,7.200000000000005,14.310675568708128
11.299999999999997,7.300000000000004,14.679079898414544
11.299999999999997,7.400000000000005,14.425626615836979
11.299999999999997,7.500000000000005,13.118868750132291
11.299999999999997,7.600000000000005,9.691439747248019
11.299999999999997,7.700000000000005,1.2717444988871518
11.299999999999997,7.800000000000005,7.223809050599309
11.299999999999997,7.900000000000006,13.057728468570275
11.299999999999997,8.000000000000005,15.46303254467103
11.299999999999997,8.100000000000005,16.06899219739453
11.299999999999997,8.200000000000006,15.384847859001178
11.299999999999997,8.300000000000006,13.554608210947238
11.299999999999997,8.400000000000006,10.48195673869688
11.299999999999997,8.500000000000005,5.689117619379833
11.299999999999997,8.600000000000005,0.14507429825450954
11.299999999999997,8.700000000000006,3.281264595397479
11.299999999999997,8.800000000000006,7.058435860124624
11.299999999999997,8.900000000000006,9.120474654690309
11.299999999999997,9.000000000000007,10.144382521321768
11.299999999999997,9.100000000000007,10.49344379589188
11.299999999999997,9.200000000000006,10.364408396486
11.299999999999997,9.300000000000006,9.89006656588728
11.299999999999997,9.400000000000006,9.165012414638818
11.299999999999997,9.500000000000007,8.288040215247346
11.299999999999997,9.600000000000007,7.369014475304794
11.299999999999997,9.700000000000006,6.508172488281298
11.299999999999997,9.800000000000008,5.846722362114321
11.299999999999997,9.900000000000007,5.476542173073842
11.299999999999997,10.000000000000007,5.456427395032854
12.4,2.0,0.053397891836659474
12.4,2.1,0.19826108865652786
12.4,2.2,0.44211508058687976
12.4,2.3000000000000003,0.1092224613152115
12.4,2.4000000000000004,0.06727044156185474
12.4,2.5000000000000004,0.4460705239537443
12.4,2.6000000000000005,0.5025127987357862
12.4,2.7000000000000006,0.172652219795765
12.4,2.8000000000000007,0.004580928724907623
12.4,2.900000000000001,0.26720309263844844
12.4,3.000000000000001,0.5947696820295075
12.4,3.100000000000001,0.6327593392614262
12.4,3.200000000000001,0.3746655330138208
12.4,3.300000000000001,0.07417920788806712
12.4,3.4000000000000012,0.017892826079516987
12.4,3.5000000000000013,0.25077168041575554
12.4,3.6000000000000014,0.5733111549418086
12.4,3.7000000000000015,0.7771985889235007
12.4,3.8000000000000016,0.775958078477999
12.4,3.9000000000000017,0.5933135063130364
12.4,4.000000000000002,0.323912899625574
12.4,4.100000000000001,0.09301730631789162
12.4,4.200000000000002,0.00017647048207959442
12.4,4.3000000000000025,0.07283158733297959
12.4,4.400000000000002,0.26705187821340176
12.4,4.500000000000002,0.5063227333860674
12.4,4.600000000000002,0.7234786097643167
12.4,4.700000000000003,0.8789899209108286
12.4,4.8000000000000025,0.95961403468353
12.4,4.900000000000002,0.9684656123175788
12.4,5.000000000000003,0.918093674466127
12.4,5.100000000000003,0.8264042994348695
12.4,5.200000000000003,0.7120926781845037
12.4,5.3000000000000025,0.5908289255174107
12.4,5.400000000000003,0.4736990971133776
12.4,5.5000000000000036,0.36808816884143397
12.4,5.600000000000003,0.27863732876020525
12.4,5.700000000000003,0.2077768746975039
12.4,5.800000000000003,0.15561482293229417
12.4,5.900000000000004,0.1199003008320782
12.4,6.0000000000000036,0.09755136176473085
12.4,6.100000000000003,0.08554706934747093
12.4,6.200000000000004,0.0817464756138136
12.4,6.300000000000004,0.08553902078307982
12.4,6.400000000000004,0.09753169344873906
12.4,6.5000000000000036,0.11986325800286785
12.4,6.600000000000004,0.15556560239734155
12.4,6.700000000000005,0.2077032550558638
12.4,6.800000000000004,0.27853869180329627
12.4,6.900000000000004,0.3679691937446927
12.4,7.000000000000004,0.47356284998451337
12.4,7.100000000000005,0.5906896642290148
12.4,7.200000000000005,0.7119521332759049
12.4,7.300000000000004,0.8262661473505323
12.4,7.400000000000005,0.9179997649258119
12.4,7.500000000000005,0.9684433614369686
12.4,7.600000000000005,0.9596667586131645
12.4,7.700000000000005,0.8791141341766893
12.4,7.800000000000005,0.7236869895523608
12.4,7.900000000000006,0.5065716347704816
12.4,8.000000000000005,0.2672957629308335
12.4,8.100000000000005,0.07298783203789042
12.4,8.200000000000006,0.0001674806894351683
12.4,8.300000000000006,0.09283569237247824
12.4,8.400000000000006,0.3236797412524914
12.4,8.500000000000005,0.5930868641290256
12.4,8.600000000000005,0.7758069771410904
12.4,8.700000000000006,0.7772802437983397
12.4,8.800000000000006,0.5735352355640978
12.4,8.900000000000006,0.25109182611575814
12.4,9.000000000000007,0.017997882913064138
12.4,9.100000000000007,0.07401430970499895
12.4,9.200000000000006,0.3743256196496807
12.4,9.300000000000006,0.6326497918249054
12.4,9.400000000000006,0.5949419511476886
12.4,9.500000000000007,0.26742972670528087
12.4,9.600000000000007,0.004623541547562148
12.4,9.700000000000006,0.1723851991353159
12.4,9.800000000000008,0.502404962819372
12.4,9.900000000000007,0.44626877748010096
12.4,10.000000000000007,0.06740793984471335
12.5,2.0,0.47469293280123803
12.5,2.1,0.004771128882042629
12.5,2.2,0.432223568624153
12.5,2.3000000000000003,0.47035870967175314
12.5,2.4000000000000004,0.00905169646578972
12.5,2.5000000000000004,0.3370828708052242
12.5,2.6000000000000005,0.7075863895140273
12.5,2.7000000000000006,0.3897738151119311
12.5,2.8000000000000007,0.004216024008824524
12.5,2.900000000000001,0.27857787794308597
12.5,3.000000000000001,0.7602159642083466
12.5,3.100000000000001,0.8103489421383374
12.5,3.200000000000001,0.4141069398186636
12.5,3.300000000000001,0.031048503441318306
12.5,3.4000000000000012,0.12068340418937813
12.5,3.5000000000000013,0.5736081634007937
12.5,3.6000000000000014,0.9571545746203275
12.5,3.7000000000000015,1.0187330627697864
12.5,3.8000000000000016,0.7576527232897817
12.5,3.9000000000000017,0.3458787831356291
12.5,4.000000000000002,0.042650878222291896
12.5,4.100000000000001,0.04166487156415794
12.5,4.200000000000002,0.32375929684869886
12.5,4.3000000000000025,0.7126797469047055
12.5,4.400000000000002,1.0426036497952615
12.5,4.500000000000002,1.226228438033216
12.5,4.600000000000002,1.2422530597784867
12.5,4.700000000000003,1.1126731649761223
12.5,4.8000000000000025,0.8840507978577663
12.5,4.900000000000002,0.6121761032719182
12.5,5.000000000000003,0.35256463791452813
12.5,5.100000000000003,0.1509630942010593
12.5,5.200000000000003,0.03291238969808943
12.5,5.3000000000000025,0.00021142207629090226
12.5,5.400000000000003,0.03684348584985175
12.5,5.5000000000000036,0.12027611908052813
12.5,5.600000000000003,0.22877590442468865
12.5,5.700000000000003,0.3438628990161
12.5,5.800000000000003,0.4508494849649104
12.5,5.900000000000004,0.5401131551812755
12.5,6.0000000000000036,0.6065112786030531
12.5,6.100000000000003,0.6496332032816283
12.5,6.200000000000004,0.6705073006498408
12.5,6.300000000000004,0.6705151158312603
12.5,6.400000000000004,0.6496835243675757
12.5,6.5000000000000036,0.606595528466828
12.5,6.600000000000004,0.5402278588634604
12.5,6.700000000000005,0.4509878232848777
12.5,6.800000000000004,0.3440126762216643
12.5,6.900000000000004,0.22893752065125844
12.5,7.000000000000004,0.12041160809049962
12.5,7.100000000000005,0.036931839980529284
12.5,7.200000000000005,0.00021870541209536364
12.5,7.300000000000004,0.032810859544879
12.5,7.400000000000005,0.1507423305227163
12.5,7.500000000000005,0.35225721730879783
12.5,7.600000000000005,0.6118146967788181
12.5,7.700000000000005,0.8836968900144426
12.5,7.800000000000005,1.1124181843483303
12.5,7.900000000000006,1.2421559328563017
12.5,8.000000000000005,1.2263407851573742
12.5,8.100000000000005,1.0429217405885434
12.5,8.200000000000006,0.713136658602087
12.5,8.300000000000006,0.32418856225831005
12.5,8.400000000000006,0.04185331469848382
12.5,8.500000000000005,0.04247771633796347
12.5,8.600000000000005,0.34547042878230766
12.5,8.700000000000006,0.7571632083797528
12.5,8.800000000000006,1.0185963258974478
12.5,8.900000000000006,0.9573609222553217
12.5,9.000000000000007,0.574126590406721
12.5,9.100000000000007,0.12104105794577207
12.5,9.200000000000006,0.03088668809162795
12.5,9.300000000000006,0.4135815829874463
12.5,9.400000000000006,0.8101308446138531
12.5,9.500000000000007,0.760497749660828
12.5,9.600000000000007,0.2789282716929904
12.5,9.700000000000006,0.004155880344605453
12.5,9.800000000000008,0.3893499071748261
12.5,9.900000000000007,0.7075825062762566
12.5,10.000000000000007,0.33748144217911386
12.6,2.0,0.0005365796427840302
12.6,2.1,0.6051849500612148
12.6,2.2,0.10937470821916526
12.6,2.3000000000000003,0.342232463844793
12.6,2.4000000000000004,0.703310955035592
12.6,2.5000000000000004,0.1013262815673977
12.6,2.6000000000000005,0.2457217348186447
12.6,2.7000000000000006,0.8474054358049394
12.6,2.8000000000000007,0.6283047916159326
12.6,2.900000000000001,0.04664226768726093
12.6,3.000000000000001,0.23947914647642118
12.6,3.100000000000001,0.8793669092536743
12.6,3.200000000000001,1.0348458444782076
12.6,3.300000000000001,0.5740656118519675
12.6,3.4000000000000012,0.05284999300856756
12.6,3.5000000000000013,0.14738963485672787
12.6,3.6000000000000014,0.7352839531770651
12.6,3.7000000000000015,1.2063179029495588
12.6,3.8000000000000016,1.2406582512053883
12.6,3.9000000000000017,0.8623991012037674
12.6,4.000000000000002,0.3268948734198854
12.6,4.100000000000001,0.010267378187790313
12.6,4.200000000000002,0.1455931280578596
12.6,4.3000000000000025,0.6068928261163776
12.6,4.400000000000002,1.104171686230591
12.6,4.500000000000002,1.4410246453680207
12.6,4.600000000000002,1.547530214849746
12.6,4.700000000000003,1.432312959426122
12.6,4.8000000000000025,1.1509356580518801
12.6,4.900000000000002,0.785392484989117
12.6,5.000000000000003,0.4255972135885322
12.6,5.100000000000003,0.15216038166604434
12.6,5.200000000000003,0.014536529477995502
12.6,5.3000000000000025,0.018227125946684023
12.6,5.400000000000003,0.13112961151538996
12.6,5.5000000000000036,0.30757447697364587
12.6,5.600000000000003,0.507341622062836
12.6,5.700000000000003,0.702311240897868
12.6,5.800000000000003,0.874544818914862
12.6,5.900000000000004,1.0146032649141608
12.6,6.0000000000000036,1.1187802762194003
12.6,6.100000000000003,1.1888337620720044
12.6,6.200000000000004,1.228659499687279
12.6,6.300000000000004,1.2413366260092493
12.6,6.400000000000004,1.2287009065740875
12.6,6.5000000000000036,1.188920976130389
12.6,6.600000000000004,1.118920905395981
12.6,6.700000000000005,1.0147946161336572
12.6,6.800000000000004,0.8747912999062313
12.6,6.900000000000004,0.702616652546431
12.6,7.000000000000004,0.5076514402731672
12.6,7.100000000000005,0.3078733092955727
12.6,7.200000000000005,0.13136330300737425
12.6,7.300000000000004,0.018327191451098714
12.6,7.400000000000005,0.014438417898466501
12.6,7.500000000000005,0.15184217151895874
12.6,7.600000000000005,0.42510272125756987
12.6,7.700000000000005,0.784821943541375
12.6,7.800000000000005,1.1504240580223137
12.6,7.900000000000006,1.431990976607289
12.6,8.000000000000005,1.5475005390567942
12.6,8.100000000000005,1.4413197175694756
12.6,8.200000000000006,1.1047594408709447
12.6,8.300000000000006,0.6075836682068521
12.6,8.400000000000006,0.14595982123299855
12.6,8.500000000000005,0.010137955109471495
12.6,8.600000000000005,0.3263301310165364
12.6,8.700000000000006,0.8618095989465384
12.6,8.800000000000006,1.240358957011664
12.6,8.900000000000006,1.20661441495354
12.6,9.000000000000007,0.7358968186487278
12.6,9.100000000000007,0.1478901232546422
12.6,9.200000000000006,0.05253499150739086
12.6,9.300000000000006,0.5734797382743666
12.6,9.400000000000006,1.0345998361332938
12.6,9.500000000000007,0.8798054258386867
12.6,9.600000000000007,0.24004806665897324
12.6,9.700000000000006,0.04641846554012338
12.6,9.800000000000008,0.627842420870482
12.6,9.900000000000007,0.8475968357218335
12.6,10.000000000000007,0.24613204143361223
12.7,2.0,0.23934500407213644
12.7,2.1,0.4758191197815948
12.7,2.2,0.3120762916663586
12.7,2.3000000000000003,0.2602507041496494
12.7,2.4000000000000004,0.7884520511819543
12.7,2.5000000000000004,0.07194200125562782
12.7,2.6000000000000005,0.4247767826407381
12.7,2.7000000000000006,0.9689913543071675
12.7,2.8000000000000007,0.38585456251962
12.7,2.900000000000001,0.037874434519278535
12.7,3.000000000000001,0.7640728976803521
12.7,3.100000000000001,1.1631250726568352
12.7,3.200000000000001,0.670985108159044
12.7,3.300000000000001,0.03472915126203393
12.7,3.4000000000000012,0.29155332180769483
12.7,3.5000000000000013,1.0544892722160295
12.7,3.6000000000000014,1.4045055572302942
12.7,3.7000000000000015,1.0879241700702922
12.7,3.8000000000000016,0.40047662018392133
12.7,3.9000000000000017,0.0012197280749081392
12.7,4.000000000000002,0.32018295175948785
12.7,4.100000000000001,1.0090601000308506
12.7,4.200000000000002,1.5418641370618622
12.7,4.3000000000000025,1.6848095757427224
12.7,4.400000000000002,1.4336001494821486
12.7,4.500000000000002,0.9162901037399576
12.7,4.600000000000002,0.35747926301068456
12.7,4.700000000000003,0.02583005062457545
12.7,4.8000000000000025,0.08107181199761082
12.7,4.900000000000002,0.4517052076989333
12.7,5.000000000000003,0.9412632369198668
12.7,5.100000000000003,1.3930317219752295
12.7,5.200000000000003,1.7321316030225526
12.7,5.3000000000000025,1.938734106368252
12.7,5.400000000000003,2.0227702332487367
12.7,5.5000000000000036,2.0081174998023137
12.7,5.600000000000003,1.9231073383328057
12.7,5.700000000000003,1.7948177228806421
12.7,5.800000000000003,1.6469754681141695
12.7,5.900000000000004,1.499669431863237
12.7,6.0000000000000036,1.36965705735985
12.7,6.100000000000003,1.2677931349784264
12.7,6.200000000000004,1.1993404020309846
12.7,6.300000000000004,1.165272478127081
12.7,6.400000000000004,1.1652389650783666
12.7,6.5000000000000036,1.199243794055033
12.7,6.600000000000004,1.2676316135961554
12.7,6.700000000000005,1.3694466149880826
12.7,6.800000000000004,1.4994170986805875
12.7,6.900000000000004,1.6467243740269129
12.7,7.000000000000004,1.7945482592248223
12.7,7.100000000000005,1.9229011201720592
12.7,7.200000000000005,2.0079949125616023
12.7,7.300000000000004,2.022809661989676
12.7,7.400000000000005,1.9389627700877357
12.7,7.500000000000005,1.7325684947065132
12.7,7.600000000000005,1.3936924960735109
12.7,7.700000000000005,0.9420624145391886
12.7,7.800000000000005,0.45245497733004736
12.7,7.900000000000006,0.08145413663005542
12.7,8.000000000000005,0.02560262528185544
12.7,8.100000000000005,0.35672283192326243
12.7,8.200000000000006,0.9153996961702922
12.7,8.300000000000006,1.432964743982574
12.7,8.400000000000006,1.6846851568948753
12.7,8.500000000000005,1.5422553243305352
12.7,8.600000000000005,1.0099819578954643
12.7,8.700000000000006,0.32092685176239766
12.7,8.800000000000006,0.0011664442975936843
12.7,8.900000000000006,0.3995133925641856
12.7,9.000000000000007,1.0871897622511626
12.7,9.100000000000007,1.4044717415697008
12.7,9.200000000000006,1.0552619800822387
12.7,9.300000000000006,0.29235620473199075
12.7,9.400000000000006,0.03445575799573844
12.7,9.500000000000007,0.6700881766899179
12.7,9.600000000000007,1.1630387736470131
12.7,9.700000000000006,0.7648213800057928
12.7,9.800000000000008,0.038120398607388015
12.7,9.900000000000007,0.38523247378308695
12.7,10.000000000000007,0.9689147924903205
12.799999999999999,2.0,0.2493577142474096
12.799999999999999,2.1,0.2167978201701214
12.799999999999999,2.2,0.6176334712729716
12.799999999999999,2.3000000000000003,0.25427737495401087
12.799999999999999,2.4000000000000004,0.43548279224715186
12.799999999999999,2.5000000000000004,0.821777706594145
12.799999999999999,2.6000000000000005,0.007884828777415347
12.799999999999999,2.7000000000000006,0.7125066810030549
12.799999999999999,2.8000000000000007,1.0277992887243466
12.799999999999999,2.900000000000001,0.1834263698717073
12.799999999999999,3.000000000000001,0.25903562010603576
12.799999999999999,3.100000000000001,1.1630941987514154
12.799999999999999,3.200000000000001,1.172496459314266
12.799999999999999,3.300000000000001,0.33506893183456166
12.799999999999999,3.4000000000000012,0.05985577946940615
12.799999999999999,3.5000000000000013,0.8723341596012659
12.799999999999999,3.6000000000000014,1.5381151024292492
12.799999999999999,3.7000000000000015,1.3869251322987355
12.799999999999999,3.8000000000000016,0.6108107694430549
12.799999999999999,3.9000000000000017,0.01456997403467347
12.799999999999999,4.000000000000002,0.33754781222966335
12.799999999999999,4.100000000000001,1.176241560274193
12.799999999999999,4.200000000000002,1.7837006343850759
12.799999999999999,4.3000000000000025,1.8673544967086095
12.799999999999999,4.400000000000002,1.4503020472174641
12.799999999999999,4.500000000000002,0.7477793578284481
12.799999999999999,4.600000000000002,0.1442518037962418
12.799999999999999,4.700000000000003,0.028381497657994238
12.799999999999999,4.8000000000000025,0.44586966102735637
12.799999999999999,4.900000000000002,1.0961372501483733
12.799999999999999,5.000000000000003,1.6855644007706774
12.799999999999999,5.100000000000003,2.0806829534532225
12.799999999999999,5.200000000000003,2.260186797799621
12.799999999999999,5.3000000000000025,2.247773569177606
12.799999999999999,5.400000000000003,2.0840610694877997
12.799999999999999,5.5000000000000036,1.8176338575876303
12.799999999999999,5.600000000000003,1.4996104126924783
12.799999999999999,5.700000000000003,1.1751077265653016
12.799999999999999,5.800000000000003,0.8793457643871765
12.799999999999999,5.900000000000004,0.6331100141177965
12.799999999999999,6.0000000000000036,0.44592955084046515
12.799999999999999,6.100000000000003,0.3157656967122464
12.799999999999999,6.200000000000004,0.23411113241098738
12.799999999999999,6.300000000000004,0.19058822468269815
12.799999999999999,6.400000000000004,0.17685779079548752
12.799999999999999,6.5000000000000036,0.19053543931314404
12.799999999999999,6.600000000000004,0.2339842434069482
12.799999999999999,6.700000000000005,0.31555766325640244
12.799999999999999,6.800000000000004,0.44561953589721565
12.799999999999999,6.900000000000004,0.6326764786245431
12.799999999999999,7.000000000000004,0.8787965929091314
12.799999999999999,7.100000000000005,1.1744834092543575
12.799999999999999,7.200000000000005,1.4989687907761997
12.799999999999999,7.300000000000004,1.8170471531391197
12.799999999999999,7.400000000000005,2.083617416427614
12.799999999999999,7.500000000000005,2.247587734333461
12.799999999999999,7.600000000000005,2.2603090174311795
12.799999999999999,7.700000000000005,2.0811860862122704
12.799999999999999,7.800000000000005,1.686439045665328
12.799999999999999,7.900000000000006,1.0972736279508508
12.799999999999999,8.000000000000005,0.4468791060713529
12.799999999999999,8.100000000000005,0.02868704375784516
12.799999999999999,8.200000000000006,0.14357647863552442
12.799999999999999,8.300000000000006,0.7465861905574912
12.799999999999999,8.400000000000006,1.4494743307692919
12.799999999999999,8.500000000000005,1.867044249040495
12.799999999999999,8.600000000000005,1.7842799259173137
12.799999999999999,8.700000000000006,1.1773925075997242
12.799999999999999,8.800000000000006,0.33849833905721216
12.799999999999999,8.900000000000006,0.014342608294766808
12.799999999999999,9.000000000000007,0.6098131964408233
12.799999999999999,9.100000000000007,1.386197162189261
12.799999999999999,9.200000000000006,1.5384013168375454
12.799999999999999,9.300000000000006,0.8734871087403289
12.799999999999999,9.400000000000006,0.060342926863620715
12.799999999999999,9.500000000000007,0.3342201357532564
12.799999999999999,9.600000000000007,1.171966663290276
12.799999999999999,9.700000000000006,1.1636562046187204
12.799999999999999,9.800000000000008,0.25986085176653195
12.799999999999999,9.900000000000007,0.18269468229895236
12.799999999999999,10.000000000000007,1.0274011521395268
12.899999999999999,2.0,0.5346811442529484
12.899999999999999,2.1,0.051250030539088165
12.899999999999999,2.2,0.5385152321462179
12.899999999999999,2.3000000000000003,0.42297361197250966
12.899999999999999,2.4000000000000004,0.593467645476258
12.899999999999999,2.5000000000000004,0.2030091533943067
12.899999999999999,2.6000000000000005,1.0605129959079815
12.899999999999999,2.7000000000000006,0.1522502416788387
12.899999999999999,2.8000000000000007,0.5190495169656164
12.899999999999999,2.900000000000001,1.2631891365651773
12.899999999999999,3.000000000000001,0.463443137689235
12.899999999999999,3.100000000000001,0.10311277521250334
12.899999999999999,3.200000000000001,1.1507834017496748
12.899999999999999,3.300000000000001,1.4589591032505753
12.899999999999999,3.4000000000000012,0.5985350597741461
12.899999999999999,3.5000000000000013,0.009005023130605043
12.899999999999999,3.6000000000000014,0.826282519199404
12.899999999999999,3.7000000000000015,1.703769038425861
12.899999999999999,3.8000000000000016,1.6641516017801838
12.899999999999999,3.9000000000000017,0.8144004538634141
12.899999999999999,4.000000000000002,0.037715547888240525
12.899999999999999,4.100000000000001,0.3498687436605973
12.899999999999999,4.200000000000002,1.3326657528193477
12.899999999999999,4.3000000000000025,2.040723118815994
12.899999999999999,4.400000000000002,2.1259865411482757
12.899999999999999,4.500000000000002,1.6203402373935958
12.899999999999999,4.600000000000002,0.7831720139491117
12.899999999999999,4.700000000000003,0.10777524557087416
12.899999999999999,4.8000000000000025,0.08388976910922652
12.899999999999999,4.900000000000002,0.6828459640106944
12.899999999999999,5.000000000000003,1.4655025860764872
12.899999999999999,5.100000000000003,2.1004754417445923
12.899999999999999,5.200000000000003,2.4759272868843616
12.899999999999999,5.3000000000000025,2.5940782731563754
12.899999999999999,5.400000000000003,2.4953667068371317
12.899999999999999,5.5000000000000036,2.233127881795997
12.899999999999999,5.600000000000003,1.8687164705918347
12.899999999999999,5.700000000000003,1.4664559188105795
12.899999999999999,5.800000000000003,1.0815974033169284
12.899999999999999,5.900000000000004,0.7524361684609043
12.899999999999999,6.0000000000000036,0.49774350643867704
12.899999999999999,6.100000000000003,0.3183582329173879
12.899999999999999,6.200000000000004,0.20413595746815733
12.899999999999999,6.300000000000004,0.14008500793526588
12.899999999999999,6.400000000000004,0.11203570905966789
12.899999999999999,6.5000000000000036,0.11200536229569794
12.899999999999999,6.600000000000004,0.1399892257941799
12.899999999999999,6.700000000000005,0.20394419690253146
12.899999999999999,6.800000000000004,0.3180309007570231
12.899999999999999,6.900000000000004,0.497258039517558
12.899999999999999,7.000000000000004,0.7517826132199354
12.899999999999999,7.100000000000005,1.0808080160027491
12.899999999999999,7.200000000000005,1.4655822732763248
12.899999999999999,7.300000000000004,1.867879694429607
12.899999999999999,7.400000000000005,2.232415473848183
12.899999999999999,7.500000000000005,2.4949558835195633
12.899999999999999,7.600000000000005,2.594054463877556
12.899999999999999,7.700000000000005,2.4763727737445542
12.899999999999999,7.800000000000005,2.101456720742283
12.899999999999999,7.900000000000006,1.466932655244747
12.899999999999999,8.000000000000005,0.6842942554703806
12.899999999999999,8.100000000000005,0.08453288632320405
12.899999999999999,8.200000000000006,0.10704140017750037
12.899999999999999,8.300000000000006,0.7816304536404052
12.899999999999999,8.400000000000006,1.6192384267163002
12.899999999999999,8.500000000000005,2.1254874406037456
12.899999999999999,8.600000000000005,2.0413606338270305
12.899999999999999,8.700000000000006,1.3339695297618732
12.899999999999999,8.800000000000006,0.35114525622306075
12.899999999999999,8.900000000000006,0.03727964738442682
12.899999999999999,9.000000000000007,0.8130116189308385
12.899999999999999,9.100000000000007,1.6632992170389733
12.899999999999999,9.200000000000006,1.704357606538359
12.899999999999999,9.300000000000006,0.8276020554801072
12.899999999999999,9.400000000000006,0.009235329984023185
12.899999999999999,9.500000000000007,0.5972064159097551
12.899999999999999,9.600000000000007,1.4585390076849905
12.899999999999999,9.700000000000006,1.151858805174515
12.899999999999999,9.800000000000008,0.10374658191437788
12.899999999999999,9.900000000000007,0.46234986943822876
12.899999999999999,10.000000000000007,1.2630991590597664
12.999999999999998,2.0,0.14932310950010266
12.999999999999998,2.1,0.018577438787436312
12.999999999999998,2.2,0.3355146779277811
12.999999999999998,2.3000000000000003,0.8249263311691428
12.999999999999998,2.4000000000000004,0.021754157270545315
12.999999999999998,2.5000000000000004,1.0057086642003765
12.999999999999998,2.6000000000000005,0.1968851996106098
12.999999999999998,2.7000000000000006,0.6929225594340487
12.999999999999998,2.8000000000000007,1.0961694949976624
12.999999999999998,2.900000000000001,0.021261480692330786
12.999999999999998,3.000000000000001,0.8760837650546595
12.999999999999998,3.100000000000001,1.4339324272026972
12.999999999999998,3.200000000000001,0.4034185977073809
12.999999999999998,3.300000000000001,0.19585808517001407
12.999999999999998,3.4000000000000012,1.4040784737054048
12.999999999999998,3.5000000000000013,1.6866878338325872
12.999999999999998,3.6000000000000014,0.7080073679008757
12.999999999999998,3.7000000000000015,0.006005393447730468
12.999999999999998,3.8000000000000016,0.9080357601790803
12.999999999999998,3.9000000000000017,1.9357556841572912
12.999999999999998,4.000000000000002,1.9957585561455042
12.999999999999998,4.100000000000001,1.126312521433348
12.999999999999998,4.200000000000002,0.129051469059896
12.999999999999998,4.3000000000000025,0.23883052974302232
12.999999999999998,4.400000000000002,1.298572567408506
12.999999999999998,4.500000000000002,2.217567452405191
12.999999999999998,4.600000000000002,2.511953062365055
12.999999999999998,4.700000000000003,2.1566880110676827
12.999999999999998,4.8000000000000025,1.3336317489453475
12.999999999999998,4.900000000000002,0.42909319648895783
12.999999999999998,5.000000000000003,0.0010161248812719618
12.999999999999998,5.100000000000003,0.3298746245528893
12.999999999999998,5.200000000000003,1.102391190689125
12.999999999999998,5.3000000000000025,1.8901630828110916
12.999999999999998,5.400000000000003,2.488287152580609
12.999999999999998,5.5000000000000036,2.8495065171417178
12.999999999999998,5.600000000000003,2.9922174898394687
12.999999999999998,5.700000000000003,2.959393004310351
12.999999999999998,5.800000000000003,2.804514719939571
12.999999999999998,5.900000000000004,2.579679826883963
12.999999999999998,6.0000000000000036,2.3295372150981173
12.999999999999998,6.100000000000003,2.0865073121716637
12.999999999999998,6.200000000000004,1.8743759670493758
12.999999999999998,6.300000000000004,1.7107500520326824
12.999999999999998,6.400000000000004,1.6075784635448673
12.999999999999998,6.5000000000000036,1.5726863166695273
12.999999999999998,6.600000000000004,1.6074036861756165
12.999999999999998,6.700000000000005,1.7104255050157842
12.999999999999998,6.800000000000004,1.8738925477548065
12.999999999999998,6.900000000000004,2.0859482405474425
12.999999999999998,7.000000000000004,2.328917637386614
12.999999999999998,7.100000000000005,2.5790572525390143
12.999999999999998,7.200000000000005,2.8040214586855843
12.999999999999998,7.300000000000004,2.9591213999434975
12.999999999999998,7.400000000000005,2.9922803799957594
12.999999999999998,7.500000000000005,2.850041685905625
12.999999999999998,7.600000000000005,2.489331172813292
12.999999999999998,7.700000000000005,1.8917324652785608
12.999999999999998,7.800000000000005,1.1041922761644105
12.999999999999998,7.900000000000006,0.3312258357099096
12.999999999999998,8.000000000000005,0.0009323396739850392
12.999999999999998,8.100000000000005,0.4275419093303303
12.999999999999998,8.200000000000006,1.3317299903740076
12.999999999999998,8.300000000000006,2.1554206080916796
12.999999999999998,8.400000000000006,2.5118264127163337
12.999999999999998,8.500000000000005,2.218542904543396
12.999999999999998,8.600000000000005,1.3008168038988308
12.999999999999998,8.700000000000006,0.24015951053529727
12.999999999999998,8.800000000000006,0.128165382760987
12.999999999999998,8.900000000000006,1.1244673149200541
12.999999999999998,9.000000000000007,1.995037450926433
12.999999999999998,9.100000000000007,1.9365566915834487
12.999999999999998,9.200000000000006,0.9100256700973214
12.999999999999998,9.300000000000006,0.0062182781082908214
12.999999999999998,9.400000000000006,0.7064854046104135
12.999999999999998,9.500000000000007,1.6860571285894346
12.999999999999998,9.600000000000007,1.4052555802734128
12.999999999999998,9.700000000000006,0.19681368539890567
12.999999999999998,9.800000000000008,0.4020608941362938
12.999999999999998,9.900000000000007,1.4335328872395712
12.999999999999998,10.000000000000007,0.8773352506904606
13.099999999999998,2.0,0.5438374859634175
13.099999999999998,2.1,0.3490380013052956
13.099999999999998,2.2,0.6258870749606589
13.099999999999998,2.3000000000000003,0.8297694978778967
13.099999999999998,2.4000000000000004,0.01642012039491654
13.099999999999998,2.5000000000000004,0.9922347180020501
13.099999999999998,2.6000000000000005,0.07940836796561235
13.099999999999998,2.7000000000000006,1.2319619581592063
13.099999999999998,2.8000000000000007,0.09647187298770912
13.099999999999998,2.900000000000001,0.9163679765802923
13.099999999999998,3.000000000000001,1.2881066925212306
13.099999999999998,3.100000000000001,0.05311500169594115
13.099999999999998,3.200000000000001,0.8722924709547174
13.099999999999998,3.300000000000001,1.7242441240263684
13.099999999999998,3.4000000000000012,0.7735271511872394
13.099999999999998,3.5000000000000013,0.03943612496976948
13.099999999999998,3.6000000000000014,1.2797056555092177
13.099999999999998,3.7000000000000015,2.057741636977156
13.099999999999998,3.8000000000000016,1.3701759942195206
13.099999999999998,3.9000000000000017,0.13646747889318608
13.099999999999998,4.000000000000002,0.43032956163235575
13.099999999999998,4.100000000000001,1.7754779925577298
13.099999999999998,4.200000000000002,2.448821885778056
13.099999999999998,4.3000000000000025,2.04113095798995
13.099999999999998,4.400000000000002,0.8767442779224957
13.099999999999998,4.500000000000002,0.015216263220849971
13.099999999999998,4.600000000000002,0.5391751048632049
13.099999999999998,4.700000000000003,1.7674030512288808
13.099999999999998,4.8000000000000025,2.666000299334712
13.099999999999998,4.900000000000002,2.926107175404345
13.099999999999998,5.000000000000003,2.579898301501295
13.099999999999998,5.100000000000003,1.7785193893552662
13.099999999999998,5.200000000000003,0.8077887746635946
13.099999999999998,5.3000000000000025,0.11374043629294443
13.099999999999998,5.400000000000003,0.0658805512418916
13.099999999999998,5.5000000000000036,0.6005867385433086
13.099999999999998,5.600000000000003,1.3658553864310277
13.099999999999998,5.700000000000003,2.085647076673662
13.099999999999998,5.800000000000003,2.6447928161206913
13.099999999999998,5.900000000000004,3.0295249108146756
13.099999999999998,6.0000000000000036,3.2689509452364964
13.099999999999998,6.100000000000003,3.402579802361071
13.099999999999998,6.200000000000004,3.4658509959162704
13.099999999999998,6.300000000000004,3.4866806886115005
13.099999999999998,6.400000000000004,3.4868680441441118
13.099999999999998,6.5000000000000036,3.482502291387704
13.099999999999998,6.600000000000004,3.4824851929054406
13.099999999999998,6.700000000000005,3.486839149631951
13.099999999999998,6.800000000000004,3.486690054441765
13.099999999999998,6.900000000000004,3.465936689204288
13.099999999999998,7.000000000000004,3.4028093733348004
13.099999999999998,7.100000000000005,3.269435016124027
13.099999999999998,7.200000000000005,3.030320504485738
13.099999999999998,7.300000000000004,2.645991546892246
13.099999999999998,7.400000000000005,2.087289197595811
13.099999999999998,7.500000000000005,1.3677790562314887
13.099999999999998,7.600000000000005,0.6023447356554369
13.099999999999998,7.700000000000005,0.06660052045033442
13.099999999999998,7.800000000000005,0.11276651029199601
13.099999999999998,7.900000000000006,0.8056217930009444
13.099999999999998,8.000000000000005,1.77632187695137
13.099999999999998,8.100000000000005,2.5784884198537554
13.099999999999998,8.200000000000006,2.925927522007731
13.099999999999998,8.300000000000006,2.667192925330423
13.099999999999998,8.400000000000006,1.770051228595487
13.099999999999998,8.500000000000005,0.5411216650378716
13.099999999999998,8.600000000000005,0.014835290766116416
13.099999999999998,8.700000000000006,0.8741128869057241
13.099999999999998,8.800000000000006,2.0394631778288126
13.099999999999998,8.900000000000006,2.4489583213469848
13.099999999999998,9.000000000000007,1.7773887036050424
13.099999999999998,9.100000000000007,0.43213819547527277
13.099999999999998,9.200000000000006,0.13537832143887674
13.099999999999998,9.300000000000006,1.3681221615713532
13.099999999999998,9.400000000000006,2.0577360861605976
13.099999999999998,9.500000000000007,1.2814203828643849
13.099999999999998,9.600000000000007,0.04004243762929194
13.099999999999998,9.700000000000006,0.7717395044015596
13.099999999999998,9.800000000000008,1.7240934861738368
13.099999999999998,9.900000000000007,0.8739903659938724
13.099999999999998,10.000000000000007,0.05254816253863823
13.199999999999998,2.0,0.5237001180344898
13.199999999999998,2.1,0.1883754600283273
13.199999999999998,2.2,0.5701869009565967
13.199999999999998,2.3000000000000003,0.40316043755228764
13.199999999999998,2.4000000000000004,0.005366231495031616
13.199999999999998,2.5000000000000004,0.956592548284809
13.199999999999998,2.6000000000000005,0.35026550968940584
13.199999999999998,2.7000000000000006,0.9746839665097541
13.199999999999998,2.8000000000000007,0.19130632535528724
13.199999999999998,2.900000000000001,1.4456101556851593
13.199999999999998,3.000000000000001,0.18957822970488997
13.199999999999998,3.100000000000001,0.8510928765557422
13.199999999999998,3.200000000000001,1.6666101007456648
13.199999999999998,3.300000000000001,0.34636906032211334
13.199999999999998,3.4000000000000012,0.498303175460501
13.199999999999998,3.5000000000000013,1.9159194625919547
13.199999999999998,3.6000000000000014,1.5705545366110218
13.199999999999998,3.7000000000000015,0.14292857426178768
13.199999999999998,3.8000000000000016,0.640323767374651
13.199999999999998,3.9000000000000017,2.1121131408882206
13.199999999999998,4.000000000000002,2.2965368728378106
13.199999999999998,4.100000000000001,1.1074450627265944
13.199999999999998,4.200000000000002,0.007747566955470415
13.199999999999998,4.3000000000000025,0.8674689700336105
13.199999999999998,4.400000000000002,2.310229783286156
13.199999999999998,4.500000000000002,2.8769944646394037
13.199999999999998,4.600000000000002,2.3707235205590846
13.199999999999998,4.700000000000003,1.10561549788073
13.199999999999998,4.8000000000000025,0.05714368822040107
13.199999999999998,4.900000000000002,0.42905063583576997
13.199999999999998,5.000000000000003,1.7099345735435292
13.199999999999998,5.100000000000003,2.80994817188431
13.199999999999998,5.200000000000003,3.362234999536398
13.199999999999998,5.3000000000000025,3.3603933531210393
13.199999999999998,5.400000000000003,2.898994739051462
13.199999999999998,5.5000000000000036,2.1171438222904166
13.199999999999998,5.600000000000003,1.2062785710230652
13.199999999999998,5.700000000000003,0.4261266694824129
13.199999999999998,5.800000000000003,0.02845506600445172
13.199999999999998,5.900000000000004,0.08105655157593272
13.199999999999998,6.0000000000000036,0.43207791057554834
13.199999999999998,6.100000000000003,0.8847527025337565
13.199999999999998,6.200000000000004,1.3154625952509007
13.199999999999998,6.300000000000004,1.6714530344976573
13.199999999999998,6.400000000000004,1.9339714520016642
13.199999999999998,6.5000000000000036,2.094048888853825
13.199999999999998,6.600000000000004,2.1481527324868517
13.199999999999998,6.700000000000005,2.0943443984776726
13.199999999999998,6.800000000000004,1.9345724103216677
13.199999999999998,6.900000000000004,1.672370278148725
13.199999999999998,7.000000000000004,1.3166601331830885
13.199999999999998,7.100000000000005,0.8861312035215795
13.199999999999998,7.200000000000005,0.4333583890442495
13.199999999999998,7.300000000000004,0.08174772028604116
13.199999999999998,7.400000000000005,0.027997249443073583
13.199999999999998,7.500000000000005,0.4243899286117818
13.199999999999998,7.600000000000005,1.2037977069822605
13.199999999999998,7.700000000000005,2.1146737473271258
13.199999999999998,7.800000000000005,2.8972091693249764
13.199999999999998,7.900000000000006,3.359678633392868
13.199999999999998,8.000000000000005,3.362837390405163
13.199999999999998,8.100000000000005,2.811975431433282
13.199999999999998,8.200000000000006,1.7130488778185882
13.199999999999998,8.300000000000006,0.43149766945626045
13.199999999999998,8.400000000000006,0.056051962315209765
13.199999999999998,8.500000000000005,1.1022326477769864
13.199999999999998,8.600000000000005,2.3688390563272614
13.199999999999998,8.700000000000006,2.8769451165095328
13.199999999999998,8.800000000000006,2.312554347512629
13.199999999999998,8.900000000000006,0.8703499997273861
13.199999999999998,9.000000000000007,0.007430968060321419
13.199999999999998,9.100000000000007,1.1047572028277661
13.199999999999998,9.200000000000006,2.2955438701524193
13.199999999999998,9.300000000000006,2.113507916878377
13.199999999999998,9.400000000000006,0.6428747910223686
13.199999999999998,9.500000000000007,0.1416672903080551
13.199999999999998,9.600000000000007,1.568904448624329
13.199999999999998,9.700000000000006,1.9167853653463505
13.199999999999998,9.800000000000008,0.5002068396077768
13.199999999999998,9.900000000000007,0.3449234817218389
13.199999999999998,10.000000000000007,1.6660477910423468
13.299999999999997,2.0,0.23285458186233715
13.299999999999997,2.1,0.061399179736892504
13.299999999999997,2.2,0.5675802616010379
13.299999999999997,2.3000000000000003,0.24839196595490592
13.299999999999997,2.4000000000000004,0.5257606867657619
13.299999999999997,2.5000000000000004,1.0770074053702023
13.299999999999997,2.6000000000000005,0.2687347791622665
13.299999999999997,2.7000000000000006,0.8290255540036497
13.299999999999997,2.8000000000000007,0.5980401289109204
13.299999999999997,2.900000000000001,1.1608614814812972
13.299999999999997,3.000000000000001,0.1165115668032681
13.299999999999997,3.100000000000001,1.6682242419409588
13.299999999999997,3.200000000000001,0.6349011179860717
13.299999999999997,3.300000000000001,0.42369990302726057
13.299999999999997,3.4000000000000012,1.9580914820555118
13.299999999999997,3.5000000000000013,1.2098025070951006
13.299999999999997,3.6000000000000014,0.012398749050544241
13.299999999999997,3.7000000000000015,1.5268124493522586
13.299999999999997,3.8000000000000016,2.3793099040405368
13.299999999999997,3.9000000000000017,1.266605827933263
13.299999999999997,4.000000000000002,0.00028271468025778623
13.299999999999997,4.100000000000001,1.246681367755705
13.299999999999997,4.200000000000002,2.6671051710819866
13.299999999999997,4.3000000000000025,2.614639809786844
13.299999999999997,4.400000000000002,1.2313722982591415
13.299999999999997,4.500000000000002,0.010228645357787267
13.299999999999997,4.600000000000002,0.9356848575684135
13.299999999999997,4.700000000000003,2.5546494735171796
13.299999999999997,4.8000000000000025,3.346612925974059
13.299999999999997,4.900000000000002,3.0959100491596416
13.299999999999997,5.000000000000003,1.982568504210728
13.299999999999997,5.100000000000003,0.5699779273791359
13.299999999999997,5.200000000000003,0.015200632825067733
13.299999999999997,5.3000000000000025,0.8736672934780725
13.299999999999997,5.400000000000003,2.20643521191079
13.299999999999997,5.5000000000000036,3.2532263427763075
13.299999999999997,5.600000000000003,3.8430392467558145
13.299999999999997,5.700000000000003,4.018738050212028
13.299999999999997,5.800000000000003,3.8654253805811494
13.299999999999997,5.900000000000004,3.4757953055477935
13.299999999999997,6.0000000000000036,2.948443851197822
13.299999999999997,6.100000000000003,2.3785843216397864
13.299999999999997,6.200000000000004,1.8418061212396408
13.299999999999997,6.300000000000004,1.389281182082701
13.299999999999997,6.400000000000004,1.0454273974162651
13.299999999999997,6.5000000000000036,0.8195220514175728
13.299999999999997,6.600000000000004,0.7084860354113707
13.299999999999997,6.700000000000005,0.7083131473430591
13.299999999999997,6.800000000000004,0.8189891795386638
13.299999999999997,6.900000000000004,1.0445001675443306
13.299999999999997,7.000000000000004,1.3879277764069684
13.299999999999997,7.100000000000005,1.8401028221578686
13.299999999999997,7.200000000000005,2.3766736798468977
13.299999999999997,7.300000000000004,2.946567275807884
13.299999999999997,7.400000000000005,3.474244568348481
13.299999999999997,7.500000000000005,3.864476187157649
13.299999999999997,7.600000000000005,4.018658888061004
13.299999999999997,7.700000000000005,3.8440946228311956
13.299999999999997,7.800000000000005,3.255584254861798
13.299999999999997,7.900000000000006,2.2100267632965704
13.299999999999997,8.000000000000005,0.8772943369796924
13.299999999999997,8.100000000000005,0.015815885456730037
13.299999999999997,8.200000000000006,0.5667448476299408
13.299999999999997,8.300000000000006,1.9789078069317136
13.299999999999997,8.400000000000006,3.093823676324155
13.299999999999997,8.500000000000005,3.3471100662586135
13.299999999999997,8.600000000000005,2.5573127775033644
13.299999999999997,8.700000000000006,0.9397573431615789
13.299999999999997,8.800000000000006,0.009687161436518824
13.299999999999997,8.900000000000006,1.2281651414843562
13.299999999999997,9.000000000000007,2.612977738296429
13.299999999999997,9.100000000000007,2.668550720877705
13.299999999999997,9.200000000000006,1.2499637023493513
13.299999999999997,9.300000000000006,0.00021544131945212846
13.299999999999997,9.400000000000006,1.263891897471078
13.299999999999997,9.500000000000007,2.3790012371806193
13.299999999999997,9.600000000000007,1.5292524807476804
13.299999999999997,9.700000000000006,0.012803570872403048
13.299999999999997,9.800000000000008,1.2075110578120671
13.299999999999997,9.900000000000007,1.9587093388263193
13.299999999999997,10.000000000000007,0.425417982655979
13.399999999999997,2.0,0.34385595359041254
13.399999999999997,2.1,0.1942547024589236
13.399999999999997,2.2,0.6786923147337811
13.399999999999997,2.3000000000000003,0.12745041293171766
13.399999999999997,2.4000000000000004,0.605197936321381
13.399999999999997,2.5000000000000004,0.44531642342180133
13.399999999999997,2.6000000000000005,0.004679566130357313
13.399999999999997,2.7000000000000006,1.0956704427808541
13.399999999999997,2.8000000000000007,0.5563635542348668
13.399999999999997,2.900000000000001,0.9878106616354109
13.399999999999997,3.000000000000001,0.4812493001084731
13.399999999999997,3.100000000000001,1.6181304748617917
13.399999999999997,3.200000000000001,0.012858661260820543
13.399999999999997,3.300000000000001,1.5468426652689264
13.399999999999997,3.4000000000000012,1.6117622108037266
13.399999999999997,3.5000000000000013,0.005208388589526422
13.399999999999997,3.6000000000000014,1.5264537463525885
13.399999999999997,3.7000000000000015,2.318234450764212
13.399999999999997,3.8000000000000016,0.7641792722325959
13.399999999999997,3.9000000000000017,0.2726325271549574
13.399999999999997,4.000000000000002,2.1943021835777228
13.399999999999997,4.100000000000001,2.7590765297852298
13.399999999999997,4.200000000000002,1.3885555170667794
13.399999999999997,4.3000000000000025,0.0001486394506215911
13.399999999999997,4.400000000000002,1.3772465579166409
13.399999999999997,4.500000000000002,3.028702334682898
13.399999999999997,4.600000000000002,3.245326621782193
13.399999999999997,4.700000000000003,2.0332288043837337
13.399999999999997,4.8000000000000025,0.3074876489986645
13.399999999999997,4.900000000000002,0.37269927983156537
13.399999999999997,5.000000000000003,2.126325684169869
13.399999999999997,5.100000000000003,3.51388995240657
13.399999999999997,5.200000000000003,3.978712612140569
13.399999999999997,5.3000000000000025,3.576752280902571
13.399999999999997,5.400000000000003,2.4771885277311396
13.399999999999997,5.5000000000000036,1.0460070534819579
13.399999999999997,5.600000000000003,0.06928172126358012
13.399999999999997,5.700000000000003,0.2774257023017923
13.399999999999997,5.800000000000003,1.3174915215632304
13.399999999999997,5.900000000000004,2.4519717532065126
13.399999999999997,6.0000000000000036,3.3507655056345396
13.399999999999997,6.100000000000003,3.968608758615434
13.399999999999997,6.200000000000004,4.352777094665442
13.399999999999997,6.300000000000004,4.569427882437172
13.399999999999997,6.400000000000004,4.676294860629328
13.399999999999997,6.5000000000000036,4.718363284486796
13.399999999999997,6.600000000000004,4.729049914370701
13.399999999999997,6.700000000000005,4.730002317226274
13.399999999999997,6.800000000000004,4.729056808819215
13.399999999999997,6.900000000000004,4.718426982023984
13.399999999999997,7.000000000000004,4.67650617832419
13.399999999999997,7.100000000000005,4.569969706773367
13.399999999999997,7.200000000000005,4.353831620041857
13.399999999999997,7.300000000000004,3.9703734406092166
13.399999999999997,7.400000000000005,3.3534381033678526
13.399999999999997,7.500000000000005,2.4555957653413336
13.399999999999997,7.600000000000005,1.321544425782383
13.399999999999997,7.700000000000005,0.28001517524216
13.399999999999997,7.800000000000005,0.0678719802182573
13.399999999999997,7.900000000000006,1.041574668999818
13.399999999999997,8.000000000000005,2.472900643740582
13.399999999999997,8.100000000000005,3.5742656968134523
13.399999999999997,8.200000000000006,3.9786380507817616
13.399999999999997,8.300000000000006,3.5167331424590658
13.399999999999997,8.400000000000006,2.1306967371778422
13.399999999999997,8.500000000000005,0.3758611540739172
13.399999999999997,8.600000000000005,0.3040984393374867
13.399999999999997,8.700000000000006,2.028547659029392
13.399999999999997,8.800000000000006,3.244073033087303
13.399999999999997,8.900000000000006,3.030657341688859
13.399999999999997,9.000000000000007,1.381985782961619
13.399999999999997,9.100000000000007,8.812586991732883e-05
13.399999999999997,9.200000000000006,1.3850473793522344
13.399999999999997,9.300000000000006,2.758106674183687
13.399999999999997,9.400000000000006,2.19683877270335
13.399999999999997,9.500000000000007,0.27483965341184846
13.399999999999997,9.600000000000007,0.7609399764408376
13.399999999999997,9.700000000000006,2.317399102527248
13.399999999999997,9.800000000000008,1.5288858178598728
13.399999999999997,9.900000000000007,0.004916576253254087
13.399999999999997,10.000000000000007,1.6099105315809124
13.499999999999996,2.0,0.34137071907298966
13.499999999999996,2.1,0.17068674945508
13.499999999999996,2.2,0.5479620761955951
13.499999999999996,2.3000000000000003,0.02349269968111392
13.499999999999996,2.4000000000000004,0.8700130063376321
13.499999999999996,2.5000000000000004,0.6487159878433274
13.499999999999996,2.6000000000000005,0.9325212336823527
13.499999999999996,2.7000000000000006,1.2019066551878075
13.499999999999996,2.8000000000000007,0.10411544233702064
13.499999999999996,2.900000000000001,1.204794527956685
13.499999999999996,3.000000000000001,0.5077157806681633
13.499999999999996,3.100000000000001,1.490648732272829
13.499999999999996,3.200000000000001,0.09327461741482576
13.499999999999996,3.300000000000001,1.9679765990534048
13.499999999999996,3.4000000000000012,0.7080594154576962
13.499999999999996,3.5000000000000013,0.6611808575898734
13.499999999999996,3.6000000000000014,2.3600726181114666
13.499999999999996,3.7000000000000015,1.1063077153701903
13.499999999999996,3.8000000000000016,0.20799589904125093
13.499999999999996,3.9000000000000017,2.3063858422304575
13.499999999999996,4.000000000000002,2.5958119662399977
13.499999999999996,4.100000000000001,0.6990710994623749
13.499999999999996,4.200000000000002,0.4057733887284015
13.499999999999996,4.3000000000000025,2.5653137086855167
13.499999999999996,4.400000000000002,3.305000260491198
13.499999999999996,4.500000000000002,2.058393163952222
13.499999999999996,4.600000000000002,0.13216554461333024
13.499999999999996,4.700000000000003,0.9613081817221526
13.499999999999996,4.8000000000000025,3.0501909581263686
13.499999999999996,4.900000000000002,3.9429755128307606
13.499999999999996,5.000000000000003,3.401902640970977
13.499999999999996,5.100000000000003,1.7155926187450206
13.499999999999996,5.200000000000003,0.10152424019479053
13.499999999999996,5.3000000000000025,0.6682655215231306
13.499999999999996,5.400000000000003,2.5211856646907504
13.499999999999996,5.5000000000000036,3.9576594939032077
13.499999999999996,5.600000000000003,4.626770718284346
13.499999999999996,5.700000000000003,4.609555461127555
13.499999999999996,5.800000000000003,4.050351951176795
13.499999999999996,5.900000000000004,3.1049630897178244
13.499999999999996,6.0000000000000036,1.9695052780603686
13.499999999999996,6.100000000000003,0.9098969615145996
13.499999999999996,6.200000000000004,0.21259713737399458
13.499999999999996,6.300000000000004,6.923958734514459e-06
13.499999999999996,6.400000000000004,0.14635040271700755
13.499999999999996,6.5000000000000036,0.432733156708337
13.499999999999996,6.600000000000004,0.6953522645333532
13.499999999999996,6.700000000000005,0.8449932522460866
13.499999999999996,6.800000000000004,0.8453171735499796
13.499999999999996,6.900000000000004,0.6962411009081988
13.499999999999996,7.000000000000004,0.4339828906576405
13.499999999999996,7.100000000000005,0.147413659290513
13.499999999999996,7.200000000000005,1.9657204762365902e-05
13.499999999999996,7.300000000000004,0.21071961477325485
13.499999999999996,7.400000000000005,0.9061500496836806
13.499999999999996,7.500000000000005,1.9648823989154138
13.499999999999996,7.600000000000005,3.1006695651339267
13.499999999999996,7.700000000000005,4.0472793618332
13.499999999999996,7.800000000000005,4.608271979948993
13.499999999999996,7.900000000000006,4.627748340099597
13.499999999999996,8.000000000000005,3.9612323060817105
13.499999999999996,8.100000000000005,2.5271904614119336
13.499999999999996,8.200000000000006,0.6736017981268355
13.499999999999996,8.300000000000006,0.0991641943270844
13.499999999999996,8.400000000000006,1.7099942675320414
13.499999999999996,8.500000000000005,3.3980203567581144
13.499999999999996,8.600000000000005,3.9433231634433845
13.499999999999996,8.700000000000006,3.0540756972385266
13.499999999999996,8.800000000000006,0.9663851610163933
13.499999999999996,8.900000000000006,0.12954056290991803
13.499999999999996,9.000000000000007,2.0532904746259106
13.499999999999996,9.100000000000007,3.304289094230754
13.499999999999996,9.200000000000006,2.568865080566071
13.499999999999996,9.300000000000006,0.4095010593790565
13.499999999999996,9.400000000000006,0.6952076921090143
13.499999999999996,9.500000000000007,2.5940132361441104
13.499999999999996,9.600000000000007,2.3088322071208656
13.499999999999996,9.700000000000006,0.20998581801952332
13.499999999999996,9.800000000000008,1.1031009463043724
13.499999999999996,9.900000000000007,2.360359382275135
13.499999999999996,10.000000000000007,0.6639865568808029
13.599999999999996,2.0,0.003198871033677047
13.599999999999996,2.1,0.27039989137023274
13.599999999999996,2.2,0.10056625435331866
13.599999999999996,2.3000000000000003,0.0008835081374795336
13.599999999999996,2.4000000000000004,0.6587851404350391
13.599999999999996,2.5000000000000004,0.015215736365109325
13.599999999999996,2.6000000000000005,0.23547262770532196
13.599999999999996,2.7000000000000006,0.10794232162191615
13.599999999999996,2.8000000000000007,0.24436160101869647
13.599999999999996,2.900000000000001,1.486279351030396
13.599999999999996,3.000000000000001,0.27731789829913217
13.599999999999996,3.100000000000001,1.4760278212221691
13.599999999999996,3.200000000000001,0.2972674414230584
13.599999999999996,3.300000000000001,1.9955766981826955
13.599999999999996,3.4000000000000012,0.06812671410590733
13.599999999999996,3.5000000000000013,1.7687606644309377
13.599999999999996,3.6000000000000014,1.9167826140055548
13.599999999999996,3.7000000000000015,-6.858813056131324e-08
13.599999999999996,3.8000000000000016,2.0278698065084213
13.599999999999996,3.9000000000000017,2.616366485082847
13.599999999999996,4.000000000000002,0.49275549944796576
13.599999999999996,4.100000000000001,0.8913273447817134
13.599999999999996,4.200000000000002,3.0739521671033203
13.599999999999996,4.3000000000000025,2.856732661901021
13.599999999999996,4.400000000000002,0.6078609040311918
13.599999999999996,4.500000000000002,0.6335395458661963
13.599999999999996,4.600000000000002,3.0658146329907776
13.599999999999996,4.700000000000003,3.9192102893768737
13.599999999999996,4.8000000000000025,2.7476836563068097
13.599999999999996,4.900000000000002,0.4536530283249486
13.599999999999996,5.000000000000003,0.6032784793817357
13.599999999999996,5.100000000000003,2.9775885474461
13.599999999999996,5.200000000000003,4.446870949011976
13.599999999999996,5.3000000000000025,4.54986721414987
13.599999999999996,5.400000000000003,3.4431965196925516
13.599999999999996,5.5000000000000036,1.4913907823501062
13.599999999999996,5.600000000000003,0.03203236087718234
13.599999999999996,5.700000000000003,0.8385998106272642
13.599999999999996,5.800000000000003,2.6929365190169543
13.599999999999996,5.900000000000004,4.174639213745895
13.599999999999996,6.0000000000000036,5.067637596943806
13.599999999999996,6.100000000000003,5.478219195584972
13.599999999999996,6.200000000000004,5.5358518976174125
13.599999999999996,6.300000000000004,5.35736152063904
13.599999999999996,6.400000000000004,5.049829867909156
13.599999999999996,6.5000000000000036,4.707855485468026
13.599999999999996,6.600000000000004,4.408383329429253
13.599999999999996,6.700000000000005,4.206690913550568
13.599999999999996,6.800000000000004,4.135658781066741
13.599999999999996,6.900000000000004,4.205965913068404
13.599999999999996,7.000000000000004,4.4070488248186
13.599999999999996,7.100000000000005,4.706189378023101
13.599999999999996,7.200000000000005,5.048120273670929
13.599999999999996,7.300000000000004,5.356042563798934
13.599999999999996,7.400000000000005,5.5353794219171295
13.599999999999996,7.500000000000005,5.4790873334678425
13.599999999999996,7.600000000000005,5.070400863189409
13.599999999999996,7.700000000000005,4.1797410380161075
13.599999999999996,7.800000000000005,2.7004167411153897
13.599999999999996,7.900000000000006,0.8456000441419094
13.599999999999996,8.000000000000005,0.0303821598679917
13.599999999999996,8.100000000000005,1.4833900778330835
13.599999999999996,8.200000000000006,3.437021279228856
13.599999999999996,8.300000000000006,4.547947929764703
13.599999999999996,8.400000000000006,4.449370942811185
13.599999999999996,8.500000000000005,2.9839751953736737
13.599999999999996,8.600000000000005,0.6100708540210651
13.599999999999996,8.700000000000006,0.44783874046973043
13.599999999999996,8.800000000000006,2.742235616958659
13.599999999999996,8.900000000000006,3.918605228795802
13.599999999999996,9.000000000000007,3.070835489534795
13.599999999999996,9.100000000000007,0.6393142540351717
13.599999999999996,9.200000000000006,0.6032655908722286
13.599999999999996,9.300000000000006,2.8534042785378126
13.599999999999996,9.400000000000006,3.0762840958293394
13.599999999999996,9.500000000000007,0.8960928085119269
13.599999999999996,9.600000000000007,0.48919060282466686
13.599999999999996,9.700000000000006,2.61458595625749
13.599999999999996,9.800000000000008,2.030836590398267
13.599999999999996,9.900000000000007,7.015899451917077e-06
13.599999999999996,10.000000000000007,1.914498847806134
13.699999999999996,2.0,0.30542521277992274
13.699999999999996,2.1,0.6061040829070612
13.699999999999996,2.2,0.03499242264387843
13.699999999999996,2.3000000000000003,0.4632390319587112
13.699999999999996,2.4000000000000004,0.5617516494600068
13.699999999999996,2.5000000000000004,0.48521823976297945
13.699999999999996,2.6000000000000005,0.8427324133379076
13.699999999999996,2.7000000000000006,1.1558577502951914
13.699999999999996,2.8000000000000007,1.3295811812029223
13.699999999999996,2.900000000000001,0.9824742504618323
13.699999999999996,3.000000000000001,0.02225491437286435
13.699999999999996,3.100000000000001,1.7164068014261256
13.699999999999996,3.200000000000001,0.18124799838874964
13.699999999999996,3.300000000000001,1.9820871849108388
13.699999999999996,3.4000000000000012,0.002184572426113423
13.699999999999996,3.5000000000000013,2.2238734568043554
13.699999999999996,3.6000000000000014,1.066339077558843
13.699999999999996,3.7000000000000015,0.7101942329165006
13.699999999999996,3.8000000000000016,2.789872950895461
13.699999999999996,3.9000000000000017,1.1960644343781075
13.699999999999996,4.000000000000002,0.47611088113503697
13.699999999999996,4.100000000000001,3.003847683524998
13.699999999999996,4.200000000000002,2.7369294265128734
13.699999999999996,4.3000000000000025,0.2323188248055677
13.699999999999996,4.400000000000002,1.4782177119661593
13.699999999999996,4.500000000000002,3.7249661889763273
13.699999999999996,4.600000000000002,3.3808291192278968
13.699999999999996,4.700000000000003,0.8622628948961588
13.699999999999996,4.8000000000000025,0.5708320038484695
13.699999999999996,4.900000000000002,3.3477852065097125
13.699999999999996,5.000000000000003,4.630307456921464
13.699999999999996,5.100000000000003,3.9020850131413676
13.699999999999996,5.200000000000003,1.5427779204471972
13.699999999999996,5.3000000000000025,0.03375910706491245
13.699999999999996,5.400000000000003,2.1681099571803384
13.699999999999996,5.5000000000000036,4.427707803465365
13.699999999999996,5.600000000000003,5.446729275206792
13.699999999999996,5.700000000000003,5.317151614122267
13.699999999999996,5.800000000000003,4.222267391716445
13.699999999999996,5.900000000000004,2.420217471224726
13.699999999999996,6.0000000000000036,0.5939559625082141
13.699999999999996,6.100000000000003,0.037968040758316925
13.699999999999996,6.200000000000004,1.0495720097625512
13.699999999999996,6.300000000000004,2.493016708032521
13.699999999999996,6.400000000000004,3.691555662394825
13.699999999999996,6.5000000000000036,4.5279597078432285
13.699999999999996,6.600000000000004,5.062073193011882
13.699999999999996,6.700000000000005,5.368732870826354
13.699999999999996,6.800000000000004,5.507193372218218
13.699999999999996,6.900000000000004,5.5075928023790155
13.699999999999996,7.000000000000004,5.3699959059799625
13.699999999999996,7.100000000000005,5.06440440593535
13.699999999999996,7.200000000000005,4.531734063322414
13.699999999999996,7.300000000000004,3.697135407009337
13.699999999999996,7.400000000000005,2.5004605743718766
13.699999999999996,7.500000000000005,1.0571680950212978
13.699999999999996,7.600000000000005,0.03995096108320363
13.699999999999996,7.700000000000005,0.5866455313507847
13.699999999999996,7.800000000000005,2.410273252930975
13.699999999999996,7.900000000000006,4.21494067141626
13.699999999999996,8.000000000000005,5.314025790746431
13.699999999999996,8.100000000000005,5.4483592730789
13.699999999999996,8.200000000000006,4.434588103982088
13.699999999999996,8.300000000000006,2.1791261091714302
13.699999999999996,8.400000000000006,0.03588660581074871
13.699999999999996,8.500000000000005,1.5326837266323212
13.699999999999996,8.600000000000005,3.8965024936279753
13.699999999999996,8.700000000000006,4.6310160290233995
13.699999999999996,8.800000000000006,3.355369816079353
13.699999999999996,8.900000000000006,0.5774166400387256
13.699999999999996,9.000000000000007,0.8553194368494416
13.699999999999996,9.100000000000007,3.3760076875580785
13.699999999999996,9.200000000000006,3.727526027202251
13.699999999999996,9.300000000000006,1.484764202180044
13.699999999999996,9.400000000000006,0.22862624502174994
13.699999999999996,9.500000000000007,2.73274927488854
13.699999999999996,9.600000000000007,3.006445503614808
13.699999999999996,9.700000000000006,0.4801004499717415
13.699999999999996,9.800000000000008,1.1916503904027727
13.699999999999996,9.900000000000007,2.7902191095489517
13.699999999999996,10.000000000000007,0.7139227301369979
13.799999999999995,2.0,2.8358471969616112
13.799999999999995,2.1,0.7054406436057686
13.799999999999995,2.2,0.5007326520386689
13.799999999999995,2.3000000000000003,0.4953188257931963
13.799999999999995,2.4000000000000004,0.13735378429606326
13.799999999999995,2.5000000000000004,0.49515267712266336
13.799999999999995,2.6000000000000005,0.0834115770286585
13.799999999999995,2.7000000000000006,0.6800543845560554
13.799999999999995,2.8000000000000007,0.08006988782997251
13.799999999999995,2.900000000000001,0.20001840021543354
13.799999999999995,3.000000000000001,1.164124160798338
13.799999999999995,3.100000000000001,1.5082384042946462
13.799999999999995,3.200000000000001,0.019614489434976616
13.799999999999995,3.300000000000001,2.0573729120678
13.799999999999995,3.4000000000000012,0.0007077421891314853
13.799999999999995,3.5000000000000013,2.3174035445596615
13.799999999999995,3.6000000000000014,0.5919828491990445
13.799999999999995,3.7000000000000015,1.5183748270697137
13.799999999999995,3.8000000000000016,2.6115370041346146
13.799999999999995,3.9000000000000017,0.09288493010197589
13.799999999999995,4.000000000000002,2.146229196675566
13.799999999999995,4.100000000000001,3.1764709302753373
13.799999999999995,4.200000000000002,0.645501941437125
13.799999999999995,4.3000000000000025,1.2485850680299286
13.799999999999995,4.400000000000002,3.765323650053187
13.799999999999995,4.500000000000002,3.059291233250746
13.799999999999995,4.600000000000002,0.20121172943682303
13.799999999999995,4.700000000000003,1.8427023453178148
13.799999999999995,4.8000000000000025,4.364088695709848
13.799999999999995,4.900000000000002,4.214910898594947
13.799999999999995,5.000000000000003,1.6078979441120713
13.799999999999995,5.100000000000003,0.2219487864953536
13.799999999999995,5.200000000000003,3.250686800008134
13.799999999999995,5.3000000000000025,5.254405513505091
13.799999999999995,5.400000000000003,5.289523172426335
13.799999999999995,5.5000000000000036,3.537145463482896
13.799999999999995,5.600000000000003,0.716626010420933
13.799999999999995,5.700000000000003,0.5285393332430575
13.799999999999995,5.800000000000003,3.270315749256621
13.799999999999995,5.900000000000004,5.371055926107648
13.799999999999995,6.0000000000000036,6.3756377898751095
13.799999999999995,6.100000000000003,6.534917030386457
13.799999999999995,6.200000000000004,6.072253986945469
13.799999999999995,6.300000000000004,5.1568499418461755
13.799999999999995,6.400000000000004,3.958440442300746
13.799999999999995,6.5000000000000036,2.7040587490649335
13.799999999999995,6.600000000000004,1.6474151749616675
13.799999999999995,6.700000000000005,0.9459346789562098
13.799999999999995,6.800000000000004,0.5906146604525373
13.799999999999995,6.900000000000004,0.4871496835111625
13.799999999999995,7.000000000000004,0.5890229646881103
13.799999999999995,7.100000000000005,0.942253250510414
13.799999999999995,7.200000000000005,1.6412895522422468
13.799999999999995,7.300000000000004,2.696103035009066
13.799999999999995,7.400000000000005,3.9501746054997344
13.799999999999995,7.500000000000005,5.14978288544447
13.799999999999995,7.600000000000005,6.067594680867872
13.799999999999995,7.700000000000005,6.53357964677591
13.799999999999995,7.800000000000005,6.378547682150575
13.799999999999995,7.900000000000006,5.379356789574798
13.799999999999995,8.000000000000005,3.2844800532044154
13.799999999999995,8.100000000000005,0.5394515706622024
13.799999999999995,8.200000000000006,0.7047998950201108
13.799999999999995,8.300000000000006,3.52435616511252
13.799999999999995,8.400000000000006,5.285353856412515
13.799999999999995,8.500000000000005,5.258087600471311
13.799999999999995,8.600000000000005,3.262428335572813
13.799999999999995,8.700000000000006,0.22813620982083288
13.799999999999995,8.800000000000006,1.5956034628422113
13.799999999999995,8.900000000000006,4.2094503200811415
13.799999999999995,9.000000000000007,4.367555285018133
13.799999999999995,9.100000000000007,1.8521397714529777
13.799999999999995,9.200000000000006,0.19621955128802213
13.799999999999995,9.300000000000006,3.0528598970361775
13.799999999999995,9.400000000000006,3.767451224832656
13.799999999999995,9.500000000000007,1.255899721200475
13.799999999999995,9.600000000000007,0.6394608364315806
13.799999999999995,9.700000000000006,3.1743924265536245
13.799999999999995,9.800000000000008,2.151039090911561
13.799999999999995,9.900000000000007,0.09092924726700495
13.799999999999995,10.000000000000007,2.609598335251709
13.899999999999995,2.0,27.68172881959913
13.899999999999995,2.1,0.000782478379447616
13.899999999999995,2.2,1.1197292194742645
13.899999999999995,2.3000000000000003,0.061584932756451966
13.899999999999995,2.4000000000000004,0.28997928794729166
13.899999999999995,2.5000000000000004,0.13040855349977848
13.899999999999995,2.6000000000000005,0.024219422889064788
13.899999999999995,2.7000000000000006,0.9724840205050057
13.899999999999995,2.8000000000000007,0.13726375486227665
13.899999999999995,2.900000000000001,1.0032340503196637
13.899999999999995,3.000000000000001,1.0233670688517376
13.899999999999995,3.100000000000001,0.19334567211741643
13.899999999999995,3.200000000000001,0.7883791928046059
13.899999999999995,3.300000000000001,1.902232712257833
13.899999999999995,3.4000000000000012,0.06934620123347905
13.899999999999995,3.5000000000000013,2.3407213952900543
13.899999999999995,3.6000000000000014,0.30268959893934927
13.899999999999995,3.7000000000000015,2.1653913798932054
13.899999999999995,3.8000000000000016,1.9326922203229806
13.899999999999995,3.9000000000000017,0.38357665644494493
13.899999999999995,4.000000000000002,3.2242634386282676
13.899999999999995,4.100000000000001,1.7214960960047523
13.899999999999995,4.200000000000002,0.5313556954651062
13.899999999999995,4.3000000000000025,3.6258534029567735
13.899999999999995,4.400000000000002,3.035772371574436
13.899999999999995,4.500000000000002,0.03205220147881275
13.899999999999995,4.600000000000002,2.734752863656373
13.899999999999995,4.700000000000003,4.62751342029429
13.899999999999995,4.8000000000000025,2.944997096412557
13.899999999999995,4.900000000000002,0.0004821148315598727
13.899999999999995,5.000000000000003,3.033822801672987
13.899999999999995,5.100000000000003,5.361261746208599
13.899999999999995,5.200000000000003,4.822882074872607
13.899999999999995,5.3000000000000025,1.7262502157091264
13.899999999999995,5.400000000000003,0.4025763872533195
13.899999999999995,5.5000000000000036,4.022390251600526
13.899999999999995,5.600000000000003,6.210085753995511
13.899999999999995,5.700000000000003,6.398860287448482
13.899999999999995,5.800000000000003,4.849078797631615
13.899999999999995,5.900000000000004,1.8508906501858304
13.899999999999995,6.0000000000000036,0.034931941180186915
13.899999999999995,6.100000000000003,2.4029339620255548
13.899999999999995,6.200000000000004,5.027675884123268
13.899999999999995,6.300000000000004,6.655795639711684
13.899999999999995,6.400000000000004,7.498156625436037
13.899999999999995,6.5000000000000036,7.806400163712974
13.899999999999995,6.600000000000004,7.786440015634324
13.899999999999995,6.700000000000005,7.614817516077661
13.899999999999995,6.800000000000004,7.42950370452207
13.899999999999995,6.900000000000004,7.317783093891225
13.899999999999995,7.000000000000004,7.317217806607157
13.899999999999995,7.100000000000005,7.427957306234165
13.899999999999995,7.200000000000005,7.612938695584505
13.899999999999995,7.300000000000004,7.785210188189369
13.899999999999995,7.400000000000005,7.80704733035113
13.899999999999995,7.500000000000005,7.502135488380418
13.899999999999995,7.600000000000005,6.664734205546731
13.899999999999995,7.700000000000005,5.043402027475916
13.899999999999995,7.800000000000005,2.4247304925716087
13.899999999999995,7.900000000000006,0.03941712506521574
13.899999999999995,8.000000000000005,1.8294397955221822
13.899999999999995,8.100000000000005,4.83410338930322
13.899999999999995,8.200000000000006,6.394327896957264
13.899999999999995,8.300000000000006,6.21631108689874
13.899999999999995,8.400000000000006,4.0401952697240775
13.899999999999995,8.500000000000005,0.41511176903446084
13.899999999999995,8.600000000000005,1.7094795038933432
13.899999999999995,8.700000000000006,4.814258639796718
13.899999999999995,8.800000000000006,5.364316496344865
13.899999999999995,8.900000000000006,3.048426678548122
13.899999999999995,9.000000000000007,0.00018177166224397863
13.899999999999995,9.100000000000007,2.934587348144228
13.899999999999995,9.200000000000006,4.627546890289043
13.899999999999995,9.300000000000006,2.74521407924045
13.899999999999995,9.400000000000006,0.02982844566671614
13.899999999999995,9.500000000000007,3.029605280563392
13.899999999999995,9.600000000000007,3.629215790393535
13.899999999999995,9.700000000000006,0.5378218667912291
13.899999999999995,9.800000000000008,1.7149760074427056
13.899999999999995,9.900000000000007,3.2257775646062443
13.899999999999995,10.000000000000007,0.387590005690745
13.999999999999995,2.0,25.3223172153519
13.999999999999995,2.1,16.876024110902158
13.999999999999995,2.2,3.838594986977853
13.999999999999995,2.3000000000000003,0.06275264079877764
13.999999999999995,2.4000000000000004,0.8500287375397876
13.999999999999995,2.5000000000000004,0.019038960596744776
13.999999999999995,2.6000000000000005,0.5469508175459765
13.999999999999995,2.7000000000000006,0.7087440919727374
13.999999999999995,2.8000000000000007,0.41105489555694485
13.999999999999995,2.900000000000001,1.2246895607565014
13.999999999999995,3.000000000000001,1.106614558817665
13.999999999999995,3.100000000000001,1.326685919463957
13.999999999999995,3.200000000000001,1.8164376854993174
13.999999999999995,3.300000000000001,0.6560137877601567
13.999999999999995,3.4000000000000012,0.913928871888871
13.999999999999995,3.5000000000000013,2.0018732541372204
13.999999999999995,3.6000000000000014,0.6178192377655954
13.999999999999995,3.7000000000000015,2.154140340489445
13.999999999999995,3.8000000000000016,1.6709788092870355
13.999999999999995,3.9000000000000017,0.9671187793909252
13.999999999999995,4.000000000000002,3.3089100113908056
13.999999999999995,4.100000000000001,0.4623177718164392
13.999999999999995,4.200000000000002,2.2456299649644604
13.999999999999995,4.3000000000000025,3.8183823710198683
13.999999999999995,4.400000000000002,0.7365522087580999
13.999999999999995,4.500000000000002,1.9481546276605666
13.999999999999995,4.600000000000002,4.606032576445488
13.999999999999995,4.700000000000003,2.8710393879291365
13.999999999999995,4.8000000000000025,0.10588451451490238
13.999999999999995,4.900000000000002,4.013880914830394
13.999999999999995,5.000000000000003,5.464096640489102
13.999999999999995,5.100000000000003,3.1588729308596926
13.999999999999995,5.200000000000003,0.04540496432716945
13.999999999999995,5.3000000000000025,4.015795865201033
13.999999999999995,5.400000000000003,6.410651180343007
13.999999999999995,5.5000000000000036,5.823154505195535
13.999999999999995,5.600000000000003,2.401543104730906
13.999999999999995,5.700000000000003,0.3393971669819365
13.999999999999995,5.800000000000003,4.52473119155999
13.999999999999995,5.900000000000004,7.163078885390716
13.999999999999995,6.0000000000000036,7.80480764491978
13.999999999999995,6.100000000000003,6.864076871872804
13.999999999999995,6.200000000000004,4.513008137918164
13.999999999999995,6.300000000000004,1.2595108396403922
13.999999999999995,6.400000000000004,0.17693372049629455
13.999999999999995,6.5000000000000036,2.5638794934618527
13.999999999999995,6.600000000000004,4.893385400075217
13.999999999999995,6.700000000000005,6.383820329860886
13.999999999999995,6.800000000000004,7.234491857526237
13.999999999999995,6.900000000000004,7.66229066648447
13.999999999999995,7.000000000000004,7.791717191668547
13.999999999999995,7.100000000000005,7.665378426718778
13.999999999999995,7.200000000000005,7.2413883975916775
13.999999999999995,7.300000000000004,6.396026411204724
13.999999999999995,7.400000000000005,4.913090089298453
13.999999999999995,7.500000000000005,2.591232574466727
13.999999999999995,7.600000000000005,0.18972479189274652
13.999999999999995,7.700000000000005,1.2309235781960175
13.999999999999995,7.800000000000005,4.485593336978201
13.999999999999995,7.900000000000006,6.849288174887038
13.999999999999995,8.000000000000005,7.802638365146982
13.999999999999995,8.100000000000005,7.1743531458506835
13.999999999999995,8.200000000000006,4.55178090524719
13.999999999999995,8.300000000000006,0.35834000553494194
13.999999999999995,8.400000000000006,2.374547655368304
13.999999999999995,8.500000000000005,5.811483975971951
13.999999999999995,8.600000000000005,6.414816095402744
13.999999999999995,8.700000000000006,4.03655535471056
13.999999999999995,8.800000000000006,0.050658372344533534
13.999999999999995,8.900000000000006,3.1403087710972915
13.999999999999995,9.000000000000007,5.462042354580725
13.999999999999995,9.100000000000007,4.025602260189005
13.999999999999995,9.200000000000006,0.11186156185432498
13.999999999999995,9.300000000000006,2.8583936301979356
13.999999999999995,9.400000000000006,4.607154644686467
13.999999999999995,9.500000000000007,1.9590487905872438
13.999999999999995,9.600000000000007,0.7273428656362867
13.999999999999995,9.700000000000006,3.815927492984612
13.999999999999995,9.800000000000008,2.2529747834525384
13.999999999999995,9.900000000000007,0.45671830871936386
13.999999999999995,10.000000000000007,3.307955167127943
14.099999999999994,2.0,17.828606870350164
14.099999999999994,2.1,31.072492238280965
14.099999999999994,2.2,6.065836603830981
14.099999999999994,2.3000000000000003,2.21669499832819
14.099999999999994,2.4000000000000004,1.7174626953208745
14.099999999999994,2.5000000000000004,0.4630514489539278
14.099999999999994,2.6000000000000005,0.5582866517870012
14.099999999999994,2.7000000000000006,0.26086841793646076
14.099999999999994,2.8000000000000007,0.5745530767718695
14.099999999999994,2.900000000000001,0.24820599833264473
14.099999999999994,3.000000000000001,0.44886693214250517
14.099999999999994,3.100000000000001,0.050390670020897005
14.099999999999994,3.200000000000001,0.0468978887371923
14.099999999999994,3.300000000000001,0.3409479011281161
14.099999999999994,3.4000000000000012,2.028710520119438
14.099999999999994,3.5000000000000013,1.1255311700232555
14.099999999999994,3.6000000000000014,1.1745637586438602
14.099999999999994,3.7000000000000015,2.0162138464928185
14.099999999999994,3.8000000000000016,1.4806385386080148
14.099999999999994,3.9000000000000017,1.6129822960566171
14.099999999999994,4.000000000000002,2.9827757460775075
14.099999999999994,4.100000000000001,0.050654121541308696
14.099999999999994,4.200000000000002,3.6260703704312696
14.099999999999994,4.3000000000000025,2.4180643028750297
14.099999999999994,4.400000000000002,0.6379217251570424
14.099999999999994,4.500000000000002,4.418191983129292
14.099999999999994,4.600000000000002,3.175374564612983
14.099999999999994,4.700000000000003,0.18433796948710626
14.099999999999994,4.8000000000000025,4.540675703741522
14.099999999999994,4.900000000000002,5.127979064160613
14.099999999999994,5.000000000000003,1.0874000565875783
14.099999999999994,5.100000000000003,2.4315898649367473
14.099999999999994,5.200000000000003,6.215763279828287
14.099999999999994,5.3000000000000025,5.743654161945189
14.099999999999994,5.400000000000003,1.2239945153881346
14.099999999999994,5.5000000000000036,2.5144777488884804
14.099999999999994,5.600000000000003,6.914155244199096
14.099999999999994,5.700000000000003,7.691210483064425
14.099999999999994,5.800000000000003,5.158523676519817
14.099999999999994,5.900000000000004,0.19149345914827692
14.099999999999994,6.0000000000000036,3.824194794370645
14.099999999999994,6.100000000000003,7.860443010848375
14.099999999999994,6.200000000000004,9.33644016547884
14.099999999999994,6.300000000000004,9.015957083198188
14.099999999999994,6.400000000000004,7.2091531334148975
14.099999999999994,6.5000000000000036,4.029129356580271
14.099999999999994,6.600000000000004,0.5278005855523147
14.099999999999994,6.700000000000005,0.6969173340841638
14.099999999999994,6.800000000000004,3.0529320806618636
14.099999999999994,6.900000000000004,4.685707563618289
14.099999999999994,7.000000000000004,5.434984435685917
14.099999999999994,7.100000000000005,5.4411441865724015
14.099999999999994,7.200000000000005,4.7051816555257995
14.099999999999994,7.300000000000004,3.0872107909767643
14.099999999999994,7.400000000000005,0.7302179356190905
14.099999999999994,7.500000000000005,0.4937396409568414
14.099999999999994,7.600000000000005,3.976066476830575
14.099999999999994,7.700000000000005,7.174888322326602
14.099999999999994,7.800000000000005,9.001266337525688
14.099999999999994,7.900000000000006,9.341071799428294
14.099999999999994,8.000000000000005,7.8878110775479495
14.099999999999994,8.100000000000005,3.880119127966784
14.099999999999994,8.200000000000006,0.16847608978251133
14.099999999999994,8.300000000000006,5.11967723015028
14.099999999999994,8.400000000000006,7.683389345805214
14.099999999999994,8.500000000000005,6.930839032484021
14.099999999999994,8.600000000000005,2.552814866350261
14.099999999999994,8.700000000000006,1.1919515807139311
14.099999999999994,8.800000000000006,5.728083412056495
14.099999999999994,8.900000000000006,6.223621045364601
14.099999999999994,9.000000000000007,2.458858590491484
14.099999999999994,9.100000000000007,1.0674152145214877
14.099999999999994,9.200000000000006,5.1205072835478225
14.099999999999994,9.300000000000006,4.551934366439925
14.099999999999994,9.400000000000006,0.19266104521530408
14.099999999999994,9.500000000000007,3.1640614795276454
14.099999999999994,9.600000000000007,4.422022487879175
14.099999999999994,9.700000000000006,0.6480679422135134
14.099999999999994,9.800000000000008,2.4089094481509745
14.099999999999994,9.900000000000007,3.629680089320704
14.099999999999994,10.000000000000007,0.052953220295811794
14.199999999999994,2.0,3.024270906488585
14.199999999999994,2.1,21.402341031679466
14.199999999999994,2.2,35.77807192506514
14.199999999999994,2.3000000000000003,0.01338133005338073
14.199999999999994,2.4000000000000004,1.820030842925522
14.199999999999994,2.5000000000000004,0.40701703630987124
14.199999999999994,2.6000000000000005,0.08833354700570858
14.199999999999994,2.7000000000000006,0.5169574717953922
14.199999999999994,2.8000000000000007,0.0216750321749563
14.199999999999994,2.900000000000001,0.002216615543940856
14.199999999999994,3.000000000000001,1.1774177824513132
14.199999999999994,3.100000000000001,0.3376651460357327
14.199999999999994,3.200000000000001,1.5211358902183523
14.199999999999994,3.300000000000001,1.7464799724324545
14.199999999999994,3.4000000000000012,1.156581018755554
14.199999999999994,3.5000000000000013,0.02406801430092094
14.199999999999994,3.6000000000000014,2.294798747425798
14.199999999999994,3.7000000000000015,1.0772829532627752
14.199999999999994,3.8000000000000016,2.0399747375094854
14.199999999999994,3.9000000000000017,1.4298623337710528
14.199999999999994,4.000000000000002,2.8775046768456134
14.199999999999994,4.100000000000001,0.3776807826559798
14.199999999999994,4.200000000000002,3.934341166492457
14.199999999999994,4.3000000000000025,0.959776572607157
14.199999999999994,4.400000000000002,2.6455153063527344
14.199999999999994,4.500000000000002,4.467858564116886
14.199999999999994,4.600000000000002,0.3768592905688384
14.199999999999994,4.700000000000003,3.5936936651795586
14.199999999999994,4.8000000000000025,5.357243318910761
14.199999999999994,4.900000000000002,1.2047218226486869
14.199999999999994,5.000000000000003,3.035381179653769
14.199999999999994,5.100000000000003,6.493780364969716
14.199999999999994,5.200000000000003,4.345360173198506
14.199999999999994,5.3000000000000025,0.2947897018038787
14.199999999999994,5.400000000000003,6.204833646087221
14.199999999999994,5.5000000000000036,7.715893331562425
14.199999999999994,5.600000000000003,4.152468589004312
14.199999999999994,5.700000000000003,1.0711879331661491
14.199999999999994,5.800000000000003,7.547631642576679
14.199999999999994,5.900000000000004,9.401469836707129
14.199999999999994,6.0000000000000036,7.303334047537128
14.199999999999994,6.100000000000003,0.814842649919503
14.199999999999994,6.200000000000004,4.932408550957761
14.199999999999994,6.300000000000004,9.852846213574452
14.199999999999994,6.400000000000004,11.441291966554461
14.199999999999994,6.5000000000000036,10.919187048041847
14.199999999999994,6.600000000000004,8.644866791740105
14.199999999999994,6.700000000000005,4.637411954596788
14.199999999999994,6.800000000000004,0.3347324263943447
14.199999999999994,6.900000000000004,1.261359585859393
14.199999999999994,7.000000000000004,3.5056277601191614
14.199999999999994,7.100000000000005,4.287248553995616
14.199999999999994,7.200000000000005,3.5496540556257576
14.199999999999994,7.300000000000004,1.335766335521743
14.199999999999994,7.400000000000005,0.27672076975114485
14.199999999999994,7.500000000000005,4.517564928235394
14.199999999999994,7.600000000000005,8.570561470361636
14.199999999999994,7.700000000000005,10.886661562062308
14.199999999999994,7.800000000000005,11.446674911383514
14.199999999999994,7.900000000000006,9.90216281950954
14.199999999999994,8.000000000000005,5.047329204458561
14.199999999999994,8.100000000000005,0.7270339462831901
14.199999999999994,8.200000000000006,7.246636149390837
14.199999999999994,8.300000000000006,9.398054166241195
14.199999999999994,8.400000000000006,7.587611409006451
14.199999999999994,8.500000000000005,1.1334319129526815
14.199999999999994,8.600000000000005,4.096050407266548
14.199999999999994,8.700000000000006,7.707593344384538
14.199999999999994,8.800000000000006,6.232218816531309
14.199999999999994,8.900000000000006,0.31778615874336824
14.199999999999994,9.000000000000007,4.316589342015017
14.199999999999994,9.100000000000007,6.496356243983361
14.199999999999994,9.200000000000006,3.0641156690748335
14.199999999999994,9.300000000000006,1.1808476334283506
14.199999999999994,9.400000000000006,5.352159113682062
14.199999999999994,9.500000000000007,3.60892862963612
14.199999999999994,9.600000000000007,0.3656214982598329
14.199999999999994,9.700000000000006,4.463132314808804
14.199999999999994,9.800000000000008,2.6568887373771517
14.199999999999994,9.900000000000007,0.9495019245664378
14.199999999999994,10.000000000000007,3.9351632202122966
14.299999999999994,2.0,0.07718395955493715
14.299999999999994,2.1,0.8724952723706376
14.299999999999994,2.2,24.679783499282646
14.299999999999994,2.3000000000000003,38.51848434005723
14.299999999999994,2.4000000000000004,5.980132235876675
14.299999999999994,2.5000000000000004,5.986243957772256
14.299999999999994,2.6000000000000005,1.2763428627382847
14.299999999999994,2.7000000000000006,1.0656836183942455
14.299999999999994,2.8000000000000007,0.0038233731452585046
14.299999999999994,2.900000000000001,0.543709887164264
14.299999999999994,3.000000000000001,0.7795722759882749
14.299999999999994,3.100000000000001,0.43036269796891236
14.299999999999994,3.200000000000001,1.517381018055133
14.299999999999994,3.300000000000001,0.845028277027709
14.299999999999994,3.4000000000000012,0.8520134722589751
14.299999999999994,3.5000000000000013,1.8897768627581413
14.299999999999994,3.6000000000000014,2.228030558947163
14.299999999999994,3.7000000000000015,0.04829469079010992
14.299999999999994,3.8000000000000016,2.6429395876968225
14.299999999999994,3.9000000000000017,1.0193263769527423
14.299999999999994,4.000000000000002,2.858730033557073
14.299999999999994,4.100000000000001,0.8557018603647262
14.299999999999994,4.200000000000002,3.88156050777696
14.299999999999994,4.3000000000000025,0.008456984537055515
14.299999999999994,4.400000000000002,4.2281867690971495
14.299999999999994,4.500000000000002,2.7701843351794633
14.299999999999994,4.600000000000002,1.5502889869215029
14.299999999999994,4.700000000000003,5.501295196081387
14.299999999999994,4.8000000000000025,2.0292835477049556
14.299999999999994,4.900000000000002,2.9321747129952787
14.299999999999994,5.000000000000003,6.536340100228259
14.299999999999994,5.100000000000003,2.8475023741731316
14.299999999999994,5.200000000000003,2.891104575554259
14.299999999999994,5.3000000000000025,7.685913507640291
14.299999999999994,5.400000000000003,5.4669039285191925
14.299999999999994,5.5000000000000036,0.9537387296319654
14.299999999999994,5.600000000000003,8.335295203089688
14.299999999999994,5.700000000000003,8.8210319225789
14.299999999999994,5.800000000000003,1.6803822105993447
14.299999999999994,5.900000000000004,6.973242224178873
14.299999999999994,6.0000000000000036,11.37115548926716
14.299999999999994,6.100000000000003,9.483966655432553
14.299999999999994,6.200000000000004,0.001446292137814283
14.299999999999994,6.300000000000004,10.611623373953321
14.299999999999994,6.400000000000004,14.268494057260439
14.299999999999994,6.5000000000000036,12.98714913867727
14.299999999999994,6.600000000000004,5.002714707030984
14.299999999999994,6.700000000000005,7.576093295843433
14.299999999999994,6.800000000000004,14.726746551548729
14.299999999999994,6.900000000000004,17.55743206118052
14.299999999999994,7.000000000000004,18.696999428322236
14.299999999999994,7.100000000000005,19.059710511870676
14.299999999999994,7.200000000000005,19.06985640339172
14.299999999999994,7.300000000000004,18.750222616447243
14.299999999999994,7.400000000000005,17.710665215989255
14.299999999999994,7.500000000000005,15.067524339875039
14.299999999999994,7.600000000000005,8.37950620586486
14.299999999999994,7.700000000000005,4.159117783362236
14.299999999999994,7.800000000000005,12.79755623614136
14.299999999999994,7.900000000000006,14.293403419455409
14.299999999999994,8.000000000000005,10.818991261160054
14.299999999999994,8.100000000000005,0.020788834618992513
14.299999999999994,8.200000000000006,9.361025114921528
14.299999999999994,8.300000000000006,11.38696353760541
14.299999999999994,8.400000000000006,7.1074129771051116
14.299999999999994,8.500000000000005,1.5408828089210047
14.299999999999994,8.600000000000005,8.786494213928302
14.299999999999994,8.700000000000006,8.373195041749481
14.299999999999994,8.800000000000006,1.0286697317019096
14.299999999999994,8.900000000000006,5.4177786368436065
14.299999999999994,9.000000000000007,7.693397205754619
14.299999999999994,9.100000000000007,2.941492600888616
14.299999999999994,9.200000000000006,2.808339045346531
14.299999999999994,9.300000000000006,6.535750051276185
14.299999999999994,9.400000000000006,2.96330634261395
14.299999999999994,9.500000000000007,2.0045451474011724
14.299999999999994,9.600000000000007,5.50195487946688
14.299999999999994,9.700000000000006,1.5704631718930806
14.299999999999994,9.800000000000008,2.7548780796141266
14.299999999999994,9.900000000000007,4.234212042920769
14.299999999999994,10.000000000000007,0.007158042056903513
14.399999999999993,2.0,4.554781863021623
14.399999999999993,2.1,0.42095850049515393
14.399999999999993,2.2,3.611056022896624
14.399999999999993,2.3000000000000003,27.935030989654646
14.399999999999993,2.4000000000000004,38.23433118558923
14.399999999999993,2.5000000000000004,13.865024754598243
14.399999999999993,2.6000000000000005,6.772628426145035
14.399999999999993,2.7000000000000006,1.762963185279963
14.399999999999993,2.8000000000000007,0.6377052111479653
14.399999999999993,2.900000000000001,0.42412735690634706
14.399999999999993,3.000000000000001,0.581403967683637
14.399999999999993,3.100000000000001,0.8741174641928131
14.399999999999993,3.200000000000001,0.23924632290340767
14.399999999999993,3.300000000000001,0.4239865208134257
14.399999999999993,3.4000000000000012,0.30473294628701314
14.399999999999993,3.5000000000000013,0.5490091657350388
14.399999999999993,3.6000000000000014,0.010854155929885007
14.399999999999993,3.7000000000000015,1.3823404163028905
14.399999999999993,3.8000000000000016,2.8338016193432263
14.399999999999993,3.9000000000000017,0.06240499431056032
14.399999999999993,4.000000000000002,3.2875624507349284
14.399999999999993,4.100000000000001,0.546535082780761
14.399999999999993,4.200000000000002,3.867193760511896
14.399999999999993,4.3000000000000025,0.09991176773130979
14.399999999999993,4.400000000000002,4.636364853622573
14.399999999999993,4.500000000000002,1.0047596852400171
14.399999999999993,4.600000000000002,3.9650857517866944
14.399999999999993,4.700000000000003,4.693589495558178
14.399999999999993,4.8000000000000025,0.37810164596178475
14.399999999999993,4.900000000000002,6.266447029303285
14.399999999999993,5.000000000000003,3.9782932213433924
14.399999999999993,5.100000000000003,2.562925232273357
14.399999999999993,5.200000000000003,7.783500878464301
14.399999999999993,5.3000000000000025,3.7850008536448114
14.399999999999993,5.400000000000003,4.60376543009774
14.399999999999993,5.5000000000000036,9.405697690246418
14.399999999999993,5.600000000000003,4.147376233168787
14.399999999999993,5.700000000000003,6.961899302002557
14.399999999999993,5.800000000000003,11.466619783327317
14.399999999999993,5.900000000000004,4.193109097796842
14.399999999999993,6.0000000000000036,10.731779669604276
14.399999999999993,6.100000000000003,14.164707391480755
14.399999999999993,6.200000000000004,0.48874445133850963
14.399999999999993,6.300000000000004,17.1069311583184
14.399999999999993,6.400000000000004,18.922699367683094
14.399999999999993,6.5000000000000036,13.941039457915657
14.399999999999993,6.600000000000004,11.028180451131249
14.399999999999993,6.700000000000005,11.577099630420346
14.399999999999993,6.800000000000004,12.891431363644282
14.399999999999993,6.900000000000004,14.034695484822677
14.399999999999993,7.000000000000004,14.83836409951438
14.399999999999993,7.100000000000005,15.267112167396952
14.399999999999993,7.200000000000005,15.294344909850345
14.399999999999993,7.300000000000004,14.905997707595201
14.399999999999993,7.400000000000005,14.073643393553123
14.399999999999993,7.500000000000005,12.75843840682007
14.399999999999993,7.600000000000005,10.868748931187454
14.399999999999993,7.700000000000005,8.336890856055017
14.399999999999993,7.800000000000005,6.16084978457604
14.399999999999993,7.900000000000006,9.803176140109107
14.399999999999993,8.000000000000005,17.985199595268956
14.399999999999993,8.100000000000005,17.694349011740293
14.399999999999993,8.200000000000006,0.04366343195429146
14.399999999999993,8.300000000000006,14.041988511638099
14.399999999999993,8.400000000000006,11.018819601334393
14.399999999999993,8.500000000000005,3.7725438025909663
14.399999999999993,8.600000000000005,11.44943786236192
14.399999999999993,8.700000000000006,7.118286312310862
14.399999999999993,8.800000000000006,3.9899541857823975
14.399999999999993,8.900000000000006,9.403861172771986
14.399999999999993,9.000000000000007,4.695561275277623
14.399999999999993,9.100000000000007,3.7125816894473234
14.399999999999993,9.200000000000006,7.787148763091787
14.399999999999993,9.300000000000006,2.616430407046706
14.399999999999993,9.400000000000006,3.9403448691037424
14.399999999999993,9.500000000000007,6.276241912677629
14.399999999999993,9.600000000000007,0.397021672194185
14.399999999999993,9.700000000000006,4.6798786535232955
14.399999999999993,9.800000000000008,3.9818162947020235
14.399999999999993,9.900000000000007,0.9877763867948062
14.399999999999993,10.000000000000007,4.638388551872945
14.499999999999993,2.0,28.322757594865216
14.499999999999993,2.1,4.097955182065039
14.499999999999993,2.2,1.0884323793862085
14.499999999999993,2.3000000000000003,1.4128793278993912
14.499999999999993,2.4000000000000004,30.79220870093677
14.499999999999993,2.5000000000000004,35.4440592878601
14.499999999999993,2.6000000000000005,21.789401281082533
14.499999999999993,2.7000000000000006,8.369763115830347
14.499999999999993,2.8000000000000007,0.21147093961165891
14.499999999999993,2.900000000000001,0.10348343184628672
14.499999999999993,3.000000000000001,0.7753913872378875
14.499999999999993,3.100000000000001,0.038461725812770624
14.499999999999993,3.200000000000001,0.020133449727371813
14.499999999999993,3.300000000000001,1.4064206410056732
14.499999999999993,3.4000000000000012,0.6570578162345365
14.499999999999993,3.5000000000000013,1.999485521966202
14.499999999999993,3.6000000000000014,2.25757077480006
14.499999999999993,3.7000000000000015,2.445941732945405
14.499999999999993,3.8000000000000016,1.0623533397231524
14.499999999999993,3.9000000000000017,0.7127410642036275
14.499999999999993,4.000000000000002,3.4368701000374986
14.499999999999993,4.100000000000001,0.13820914852045846
14.499999999999993,4.200000000000002,3.9054422336489454
14.499999999999993,4.3000000000000025,0.4240667660960323
14.499999999999993,4.400000000000002,4.66973397329057
14.499999999999993,4.500000000000002,0.002103198377014209
14.499999999999993,4.600000000000002,5.379448652292553
14.499999999999993,4.700000000000003,1.7054952319226158
14.499999999999993,4.8000000000000025,4.688180826387745
14.499999999999993,4.900000000000002,5.585080313271497
14.499999999999993,5.000000000000003,1.1250440117213425
14.499999999999993,5.100000000000003,7.7641761203334925
14.499999999999993,5.200000000000003,2.799585061729255
14.499999999999993,5.3000000000000025,6.771698556492332
14.499999999999993,5.400000000000003,8.674466661656226
14.499999999999993,5.5000000000000036,1.3902172101661312
14.499999999999993,5.600000000000003,11.363640168699565
14.499999999999993,5.700000000000003,3.99657639265085
14.499999999999993,5.800000000000003,12.893095438683517
14.499999999999993,5.900000000000004,9.807113427458106
14.499999999999993,6.0000000000000036,16.99658520526118
14.499999999999993,6.100000000000003,17.22796191732167
14.499999999999993,6.200000000000004,12.42036856025039
14.499999999999993,6.300000000000004,14.725852407233827
14.499999999999993,6.400000000000004,17.801881454030088
14.499999999999993,6.5000000000000036,20.496125483135934
14.499999999999993,6.600000000000004,22.77251550956673
14.499999999999993,6.700000000000005,24.634547309281093
14.499999999999993,6.800000000000004,26.100170654968707
14.499999999999993,6.900000000000004,27.21359344971383
14.499999999999993,7.000000000000004,28.015430772686493
14.499999999999993,7.100000000000005,28.527068274257736
14.499999999999993,7.200000000000005,28.74467860934527
14.499999999999993,7.300000000000004,28.65917358754256
14.499999999999993,7.400000000000005,28.261834699607114
14.499999999999993,7.500000000000005,27.550952318143878
14.499999999999993,7.600000000000005,26.521058106358577
14.499999999999993,7.700000000000005,25.14704652063994
14.499999999999993,7.800000000000005,23.38518680748434
14.499999999999993,7.900000000000006,21.179086415756778
14.499999999999993,8.000000000000005,18.46204707047832
14.499999999999993,8.100000000000005,15.052049434063374
14.499999999999993,8.200000000000006,10.312408973743054
14.499999999999993,8.300000000000006,4.050755894870955
14.499999999999993,8.400000000000006,13.477053284918473
14.499999999999993,8.500000000000005,17.812031658742594
14.499999999999993,8.600000000000005,8.74519403715801
14.499999999999993,8.700000000000006,13.110688848826529
14.499999999999993,8.800000000000006,3.4832079684989643
14.499999999999993,8.900000000000006,11.387482901292652
14.499999999999993,9.000000000000007,1.604769616040227
14.499999999999993,9.100000000000007,8.622307259353121
14.499999999999993,9.200000000000006,6.848028683435375
14.499999999999993,9.300000000000006,2.7106015949584865
14.499999999999993,9.400000000000006,7.770390584369218
14.499999999999993,9.500000000000007,1.175208041865706
14.499999999999993,9.600000000000007,5.562343944753838
14.499999999999993,9.700000000000006,4.715055952790086
14.499999999999993,9.800000000000008,1.675928016343211
14.499999999999993,9.900000000000007,5.384739161565708
14.499999999999993,10.000000000000007,0.0032379242035201917
