unloaded_cells_each_side,loaded_cells,supercells,pump_GHz,Idc_A,Ip0_A,band_GHz,peak_gain_db,peak_frequency_GHz,mean_in_band_gain_db,median_in_band_gain_db,ripple_peak_to_peak_db,ripple_std_db,fraction_above_15db,fraction_above_17db,fraction_above_20db,bandwidth_regions_GHz,total_3db_bandwidth_GHz,finite
13,3,1407,12.85,0.00019999999999999998,0.00017999999999999998,"[4.0, 8.0]",0.7778205957895699,7.2499999999999885,0.6262091072081639,0.7496381437267978,0.7773182619334035,0.2345673383268607,0.0,0.0,0.0,"[(4.0, 7.999999999999986)]",4.049999999999986,True
13,3,1407,12.86,0.00019999999999999998,0.00017999999999999998,"[4.0, 8.0]",0.7650512420676986,7.649999999999987,0.6283711715569187,0.6844172662166046,0.7501449394691768,0.18248346700352713,0.0,0.0,0.0,"[(4.0, 7.999999999999986)]",4.049999999999986,True
13,3,1407,12.87,0.00019999999999999998,0.00017999999999999998,"[4.0, 8.0]",0.7519289041101453,7.949999999999986,0.5720752390076302,0.5752900049495704,0.6364787782519856,0.14167212908347998,0.0,0.0,0.0,"[(4.0, 7.999999999999986)]",4.049999999999986,True
13,3,1407,12.879999999999999,0.00019999999999999998,0.00017999999999999998,"[4.0, 8.0]",0.7378897976225682,4.6999999999999975,0.4656416537807958,0.4500023253811849,0.4889871095363531,0.16706850533315715,0.0,0.0,0.0,"[(4.0, 7.999999999999986)]",4.049999999999986,True
13,3,1407,12.889999999999999,0.00019999999999999998,0.00017999999999999998,"[4.0, 8.0]",0.7249732823275896,4.449999999999998,0.34098438876598464,0.28484533175203824,0.6363058445028568,0.21692946097485508,0.0,0.0,0.0,"[(4.0, 7.999999999999986)]",4.049999999999986,True
13,3,1407,12.899999999999999,0.00019999999999999998,0.00017999999999999998,"[4.0, 8.0]",0.7129618065563713,4.299999999999999,0.23002779532348402,0.11885955387375688,0.7059781217063938,0.24089475587697518,0.0,0.0,0.0,"[(4.0, 7.999999999999986)]",4.049999999999986,True
13,3,1407,12.909999999999998,0.00019999999999999998,0.00017999999999999998,"[4.0, 8.0]",0.6995468619395779,4.1,0.15466021943545652,0.019452076875699147,0.6995130456236149,0.22535603632925943,0.0,0.0,0.0,"[(4.0, 7.999999999999986)]",4.049999999999986,True
13,3,1407,12.919999999999998,0.00019999999999999998,0.00017999999999999998,"[4.0, 8.0]",0.6817846159434635,4.0,0.13688096749834158,0.08383494034034641,0.6817770721131354,0.17493763056740205,0.0,0.0,0.0,"[(4.0, 7.999999999999986)]",4.049999999999986,True
13,3,1407,12.929999999999998,0.00019999999999999998,0.00017999999999999998,"[4.0, 8.0]",0.5865885217883122,4.0,0.1899729682583675,0.19174987221391326,0.5865659445798919,0.13687195191826546,0.0,0.0,0.0,"[(4.0, 7.999999999999986)]",4.049999999999986,True
13,3,1407,12.939999999999998,0.00019999999999999998,0.00017999999999999998,"[4.0, 8.0]",0.4901818165554594,6.449999999999991,0.2881844494448251,0.31610200733499483,0.49018170343916917,0.16394869496774395,0.0,0.0,0.0,"[(4.0, 7.999999999999986)]",4.049999999999986,True
13,3,1407,12.949999999999998,0.00019999999999999998,0.00017999999999999998,"[4.0, 8.0]",0.5940792064137097,6.499999999999991,0.3870796098287186,0.4566949676795662,0.5935413567667736,0.20037067955853766,0.0,0.0,0.0,"[(4.0, 7.999999999999986)]",4.049999999999986,True
13,3,1407,12.959999999999997,0.00019999999999999998,0.00017999999999999998,"[4.0, 8.0]",0.6129477347715226,6.0999999999999925,0.46021917433662457,0.5715503628141447,0.612536994562966,0.20559703318744318,0.0,0.0,0.0,"[(4.0, 7.999999999999986)]",4.049999999999986,True
13,3,1407,12.969999999999997,0.00019999999999999998,0.00017999999999999998,"[4.0, 8.0]",0.5999595023249573,5.399999999999995,0.48442511119620957,0.5480765761781017,0.5994545907779185,0.16861143043484872,0.0,0.0,0.0,"[(4.0, 7.999999999999986)]",4.049999999999986,True
13,3,1407,12.979999999999997,0.00019999999999999998,0.00017999999999999998,"[4.0, 8.0]",0.5860277959217578,7.999999999999986,0.43265040852544295,0.43678638191375074,0.5362657955007359,0.12054813778602376,0.0,0.0,0.0,"[(4.0, 7.999999999999986)]",4.049999999999986,True
13,3,1407,12.989999999999997,0.00019999999999999998,0.00017999999999999998,"[4.0, 8.0]",0.5721120320509179,4.649999999999998,0.323783616605429,0.29977378596502224,0.42970945240911285,0.14402070391921254,0.0,0.0,0.0,"[(4.0, 7.999999999999986)]",4.049999999999986,True
13,3,1407,12.999999999999996,0.00019999999999999998,0.00017999999999999998,"[4.0, 8.0]",0.5595596950058741,4.449999999999998,0.21134183213271188,0.13968468556857114,0.5378599867090353,0.18370589812952504,0.0,0.0,0.0,"[(4.0, 7.999999999999986)]",4.049999999999986,True
13,3,1407,13.009999999999996,0.00019999999999999998,0.00017999999999999998,"[4.0, 8.0]",0.5471866679285066,4.199999999999999,0.12961592045609852,0.018751990218825842,0.5471770273936901,0.18369616400721486,0.0,0.0,0.0,"[(4.0, 7.999999999999986)]",4.049999999999986,True
13,3,1407,13.019999999999996,0.00019999999999999998,0.00017999999999999998,"[4.0, 8.0]",0.5309830854656693,4.0,0.1202594749296628,0.08848851482829553,0.5309734702911518,0.13473281415513302,0.0,0.0,0.0,"[(4.0, 7.999999999999986)]",4.049999999999986,True
13,3,1407,13.029999999999996,0.00019999999999999998,0.00017999999999999998,"[4.0, 8.0]",0.42972244241945246,4.0,0.19759427918746209,0.2127491380445144,0.42955202610838195,0.11812247791041391,0.0,0.0,0.0,"[(4.0, 7.999999999999986)]",4.049999999999986,True
13,3,1407,13.039999999999996,0.00019999999999999998,0.00017999999999999998,"[4.0, 8.0]",0.4641943852393994,6.499999999999991,0.2951164424683612,0.3402780257427934,0.4636554047514831,0.155240081798252,0.0,0.0,0.0,"[(4.0, 7.999999999999986)]",4.049999999999986,True
13,3,1407,13.049999999999995,0.00019999999999999998,0.00017999999999999998,"[4.0, 8.0]",0.48978227339244984,5.999999999999993,0.3679846982142216,0.4608250655993406,0.489235481546936,0.1665548029476462,0.0,0.0,0.0,"[(4.0, 7.999999999999986)]",4.049999999999986,True
13,3,1407,13.059999999999995,0.00019999999999999998,0.00017999999999999998,"[4.0, 8.0]",0.47547454541291534,5.249999999999996,0.3709547581241744,0.4001389365606518,0.475473111506768,0.12268315601426155,0.0,0.0,0.0,"[(4.0, 7.999999999999986)]",4.049999999999986,True
13,3,1407,13.069999999999995,0.00019999999999999998,0.00017999999999999998,"[4.0, 8.0]",0.46111459500936397,4.799999999999997,0.2798627789726856,0.2621660740911585,0.3759185385669101,0.10716456462078101,0.0,0.0,0.0,"[(4.0, 7.999999999999986)]",4.049999999999986,True
13,3,1407,13.079999999999995,0.00019999999999999998,0.00017999999999999998,"[4.0, 8.0]",0.4486224620507024,4.499999999999998,0.17163914131347055,0.11963442737277695,0.42948171870133406,0.1457527392953193,0.0,0.0,0.0,"[(4.0, 7.999999999999986)]",4.049999999999986,True
13,3,1407,13.089999999999995,0.00019999999999999998,0.00017999999999999998,"[4.0, 8.0]",0.4349187317560087,4.199999999999999,0.09795233493006542,0.022719408921663808,0.4349139106706473,0.1429820274574937,0.0,0.0,0.0,"[(4.0, 7.999999999999986)]",4.049999999999986,True
13,3,1407,13.099999999999994,0.00019999999999999998,0.00017999999999999998,"[4.0, 8.0]",0.40397955836471255,4.0,0.13322812954753607,0.13425646656750398,0.4039602667497812,0.09538532774151279,0.0,0.0,0.0,"[(4.0, 7.999999999999986)]",4.049999999999986,True
13,3,1407,13.109999999999994,0.00019999999999999998,0.00017999999999999998,"[4.0, 8.0]",0.3662521802802965,6.549999999999991,0.2283953974195401,0.2590098499128549,0.3661232737822921,0.12129014081783472,0.0,0.0,0.0,"[(4.0, 7.999999999999986)]",4.049999999999986,True
13,3,1407,13.119999999999994,0.00019999999999999998,0.00017999999999999998,"[4.0, 8.0]",0.3993513504205216,5.949999999999993,0.30191329080041607,0.38334493713788825,0.399238429326113,0.13649360308131692,0.0,0.0,0.0,"[(4.0, 7.999999999999986)]",4.049999999999986,True
13,3,1407,13.129999999999994,0.00019999999999999998,0.00017999999999999998,"[4.0, 8.0]",0.3833108798736587,5.049999999999996,0.2736097938479099,0.27981163050263014,0.37816401450823045,0.08864514866302443,0.0,0.0,0.0,"[(4.0, 7.999999999999986)]",4.049999999999986,True
13,3,1407,13.139999999999993,0.00019999999999999998,0.00017999999999999998,"[4.0, 8.0]",0.3700957130740975,4.649999999999998,0.16816879620012423,0.14020642748159845,0.3275020258745438,0.10893975947618198,0.0,0.0,0.0,"[(4.0, 7.999999999999986)]",4.049999999999986,True
13,3,1407,13.149999999999993,0.00019999999999999998,0.00017999999999999998,"[4.0, 8.0]",0.3564314897999349,4.249999999999999,0.08411212836852047,0.015275883789662005,0.35637345298891115,0.12053883958369217,0.0,0.0,0.0,"[(4.0, 7.999999999999986)]",4.049999999999986,True
13,3,1407,13.159999999999993,0.00019999999999999998,0.00017999999999999998,"[4.0, 8.0]",0.3224798442997229,4.0,0.1301926344911902,0.14054291860424972,0.3223824541757022,0.08064022848945794,0.0,0.0,0.0,"[(4.0, 7.999999999999986)]",4.049999999999986,True
13,3,1407,13.169999999999993,0.00019999999999999998,0.00017999999999999998,"[4.0, 8.0]",0.33063003423492165,6.599999999999991,0.22087376134583422,0.26569214334682556,0.33056874532371533,0.11182092034370521,0.0,0.0,0.0,"[(4.0, 7.999999999999986)]",4.049999999999986,True
13,3,1407,13.179999999999993,0.00019999999999999998,0.00017999999999999998,"[4.0, 8.0]",0.3221731493029111,5.249999999999996,0.2414302963597137,0.25902731344290053,0.32217151682531464,0.0856661296010495,0.0,0.0,0.0,"[(4.0, 7.999999999999986)]",4.049999999999986,True
13,3,1407,13.189999999999992,0.00019999999999999998,0.00017999999999999998,"[4.0, 8.0]",0.3081077029278051,4.649999999999998,0.14043374728641744,0.11541454114070758,0.27087067936665477,0.08983957668184299,0.0,0.0,0.0,"[(4.0, 7.999999999999986)]",4.049999999999986,True
13,3,1407,13.199999999999992,0.00019999999999999998,0.00017999999999999998,"[4.0, 8.0]",0.29245695199493066,4.199999999999999,0.06863403256927973,0.031996110142873,0.29245668279130077,0.09106249261497765,0.0,0.0,0.0,"[(4.0, 7.999999999999986)]",4.049999999999986,True
13,3,1407,12.85,0.00019999999999999998,0.00019999999999999998,"[4.0, 8.0]",0.8603109063204037,4.0,0.2979414686933388,0.30199417492038577,0.8601931125808695,0.20741043306290116,0.0,0.0,0.0,"[(4.0, 7.999999999999986)]",4.049999999999986,True
13,3,1407,12.86,0.00019999999999999998,0.00019999999999999998,"[4.0, 8.0]",0.739104347884499,6.449999999999991,0.42892463735855335,0.46383789218146443,0.7384084807424715,0.24928088368520435,0.0,0.0,0.0,"[(4.0, 7.999999999999986)]",4.049999999999986,True
13,3,1407,12.87,0.00019999999999999998,0.00019999999999999998,"[4.0, 8.0]",0.9058951116176481,6.449999999999991,0.5807214223723063,0.6835595549373609,0.9054393069860329,0.30520195734776256,0.0,0.0,0.0,"[(4.0, 7.999999999999986)]",4.049999999999986,True
13,3,1407,12.879999999999999,0.00019999999999999998,0.00019999999999999998,"[4.0, 8.0]",0.9603002650800554,6.449999999999991,0.7055594671036759,0.8683923529235459,0.9592445738882508,0.31847718089923616,0.0,0.0,0.0,"[(4.0, 7.999999999999986)]",4.049999999999986,True
13,3,1407,12.889999999999999,0.00019999999999999998,0.00019999999999999998,"[4.0, 8.0]",0.9443553514532844,5.5499999999999945,0.7671944885460628,0.8995582506760835,0.9443542469240707,0.2785541142045674,0.0,0.0,0.0,"[(4.0, 7.999999999999986)]",4.049999999999986,True
13,3,1407,12.899999999999999,0.00019999999999999998,0.00019999999999999998,"[4.0, 8.0]",0.92807117588384,7.749999999999987,0.7563632262578801,0.8049805903576258,0.8979806080080388,0.21045000469986602,0.0,0.0,0.0,"[(4.0, 7.999999999999986)]",4.049999999999986,True
13,3,1407,12.909999999999998,0.00019999999999999998,0.00019999999999999998,"[4.0, 8.0]",0.9120501262200349,4.899999999999997,0.673269085138105,0.6721739897763048,0.7404599334895104,0.17170992668935076,0.0,0.0,0.0,"[(4.0, 7.999999999999986)]",4.049999999999986,True
13,3,1407,12.919999999999998,0.00019999999999999998,0.00019999999999999998,"[4.0, 8.0]",0.8938795035526398,4.599999999999998,0.5218832053588359,0.4874826884284843,0.6556465708051575,0.22119217328517082,0.0,0.0,0.0,"[(4.0, 7.999999999999986)]",4.049999999999986,True
13,3,1407,12.929999999999998,0.00019999999999999998,0.00019999999999999998,"[4.0, 8.0]",0.8750363868221449,4.399999999999999,0.3407666383289713,0.23974888287497234,0.8324452533680567,0.28527018296918305,0.0,0.0,0.0,"[(4.0, 7.999999999999986)]",4.049999999999986,True
13,3,1407,12.939999999999998,0.00019999999999999998,0.00019999999999999998,"[4.0, 8.0]",0.8561518955520119,4.1499999999999995,0.20790933259117683,0.047853348380272547,0.8561143153443656,0.28591688079661565,0.0,0.0,0.0,"[(4.0, 7.999999999999986)]",4.049999999999986,True
13,3,1407,12.949999999999998,0.00019999999999999998,0.00019999999999999998,"[4.0, 8.0]",0.8393516981072624,4.0,0.1664200359925041,0.0849244509737241,0.8392975157168675,0.23018805245332857,0.0,0.0,0.0,"[(4.0, 7.999999999999986)]",4.049999999999986,True
13,3,1407,12.959999999999997,0.00019999999999999998,0.00019999999999999998,"[4.0, 8.0]",0.7584935639927243,4.0,0.21250827726139726,0.2041955644482214,0.7584897777849339,0.17268529592948936,0.0,0.0,0.0,"[(4.0, 7.999999999999986)]",4.049999999999986,True
13,3,1407,12.969999999999997,0.00019999999999999998,0.00019999999999999998,"[4.0, 8.0]",0.568406223596922,6.499999999999991,0.33317560954706166,0.3712318186889578,0.5684050721444736,0.1909606187870787,0.0,0.0,0.0,"[(4.0, 7.999999999999986)]",4.049999999999986,True
13,3,1407,12.979999999999997,0.00019999999999999998,0.00019999999999999998,"[4.0, 8.0]",0.7305660924055392,6.499999999999991,0.4824615440877404,0.5794940749957155,0.7299584967671395,0.24635770910406163,0.0,0.0,0.0,"[(4.0, 7.999999999999986)]",4.049999999999986,True
13,3,1407,12.989999999999997,0.00019999999999999998,0.00019999999999999998,"[4.0, 8.0]",0.7439151796184356,7.149999999999989,0.5775437223810417,0.7219665593858131,0.7434441188070497,0.2444489136654804,0.0,0.0,0.0,"[(4.0, 7.999999999999986)]",4.049999999999986,True
13,3,1407,12.999999999999996,0.00019999999999999998,0.00019999999999999998,"[4.0, 8.0]",0.7281071735117637,7.699999999999987,0.5852472941669675,0.642242900964926,0.7276532116867416,0.18913863339228684,0.0,0.0,0.0,"[(4.0, 7.999999999999986)]",4.049999999999986,True
13,3,1407,13.009999999999996,0.00019999999999999998,0.00019999999999999998,"[4.0, 8.0]",0.711659943988546,4.899999999999997,0.5048328174476064,0.5013219992611,0.6205096880618362,0.14430572815000453,0.0,0.0,0.0,"[(4.0, 7.999999999999986)]",4.049999999999986,True
13,3,1407,13.019999999999996,0.00019999999999999998,0.00019999999999999998,"[4.0, 8.0]",0.6921761854363548,4.549999999999998,0.3402064870661357,0.30346490126299963,0.5882207728466753,0.1974598718465395,0.0,0.0,0.0,"[(4.0, 7.999999999999986)]",4.049999999999986,True
13,3,1407,13.029999999999996,0.00019999999999999998,0.00019999999999999998,"[4.0, 8.0]",0.6732598537785207,4.299999999999999,0.18601047151613687,0.0643882167356526,0.6732589246654379,0.23215035835861597,0.0,0.0,0.0,"[(4.0, 7.999999999999986)]",4.049999999999986,True
13,3,1407,13.039999999999996,0.00019999999999999998,0.00019999999999999998,"[4.0, 8.0]",0.6562085138547836,4.05,0.13804722353695212,0.06586841500588363,0.6561594724044476,0.18996292848995472,0.0,0.0,0.0,"[(4.0, 7.999999999999986)]",4.049999999999986,True
13,3,1407,13.049999999999995,0.00019999999999999998,0.00019999999999999998,"[4.0, 8.0]",0.5959466171880374,4.0,0.1946523165061467,0.19284675523279546,0.5956318576995296,0.1391151852251269,0.0,0.0,0.0,"[(4.0, 7.999999999999986)]",4.049999999999986,True
13,3,1407,13.059999999999995,0.00019999999999999998,0.00019999999999999998,"[4.0, 8.0]",0.5439483007101957,6.549999999999991,0.3381070823333758,0.3768810766018072,0.5436404048325266,0.18048749940099204,0.0,0.0,0.0,"[(4.0, 7.999999999999986)]",4.049999999999986,True
13,3,1407,13.069999999999995,0.00019999999999999998,0.00019999999999999998,"[4.0, 8.0]",0.5983928385306058,5.999999999999993,0.45220203603789494,0.5683256039967075,0.5981249892109082,0.20321424521062464,0.0,0.0,0.0,"[(4.0, 7.999999999999986)]",4.049999999999986,True
13,3,1407,13.079999999999995,0.00019999999999999998,0.00019999999999999998,"[4.0, 8.0]",0.5827538153761378,5.299999999999995,0.4584697853496507,0.5021017418937721,0.5821211739409334,0.15506440249424397,0.0,0.0,0.0,"[(4.0, 7.999999999999986)]",4.049999999999986,True
13,3,1407,13.089999999999995,0.00019999999999999998,0.00019999999999999998,"[4.0, 8.0]",0.5649318066466349,4.849999999999997,0.3535043186556793,0.3366732297085898,0.4717927366160176,0.12722976718262724,0.0,0.0,0.0,"[(4.0, 7.999999999999986)]",4.049999999999986,True
13,3,1407,13.099999999999994,0.00019999999999999998,0.00019999999999999998,"[4.0, 8.0]",0.5443421566147321,4.399999999999999,0.17860043273733683,0.09225555780770277,0.5393040256468901,0.18566955878776004,0.0,0.0,0.0,"[(4.0, 7.999999999999986)]",4.049999999999986,True
13,3,1407,13.109999999999994,0.00019999999999999998,0.00019999999999999998,"[4.0, 8.0]",0.5266367955912544,4.1,0.11558817671743622,0.04997707041666119,0.5265386688064672,0.16030044134879745,0.0,0.0,0.0,"[(4.0, 7.999999999999986)]",4.049999999999986,True
13,3,1407,13.119999999999994,0.00019999999999999998,0.00019999999999999998,"[4.0, 8.0]",0.4751180557739714,4.0,0.1809701623629717,0.19176575366450221,0.47503192811631034,0.11587233221167438,0.0,0.0,0.0,"[(4.0, 7.999999999999986)]",4.049999999999986,True
13,3,1407,13.129999999999994,0.00019999999999999998,0.00019999999999999998,"[4.0, 8.0]",0.48997879371702113,6.549999999999991,0.33353024339373954,0.4068455001048731,0.4899763239720084,0.16665471546592966,0.0,0.0,0.0,"[(4.0, 7.999999999999986)]",4.049999999999986,True
13,3,1407,13.139999999999993,0.00019999999999999998,0.00019999999999999998,"[4.0, 8.0]",0.4802840946891535,5.449999999999995,0.3774305143639444,0.4355382614024237,0.4797679149549122,0.144405352068141,0.0,0.0,0.0,"[(4.0, 7.999999999999986)]",4.049999999999986,True
13,3,1407,13.149999999999993,0.00019999999999999998,0.00019999999999999998,"[4.0, 8.0]",0.4625271587552211,4.849999999999997,0.284521630960825,0.26673391508975836,0.40999750304132837,0.10662296600083733,0.0,0.0,0.0,"[(4.0, 7.999999999999986)]",4.049999999999986,True
13,3,1407,13.159999999999993,0.00019999999999999998,0.00019999999999999998,"[4.0, 8.0]",0.4410782130448019,4.349999999999999,0.11945073124450227,0.03464227512225126,0.4410782697415147,0.15379333184843186,0.0,0.0,0.0,"[(4.0, 7.999999999999986)]",4.049999999999986,True
13,3,1407,13.169999999999993,0.00019999999999999998,0.00019999999999999998,"[4.0, 8.0]",0.42373087208501703,4.0,0.1129548823616625,0.095380668366621,0.42373055656127434,0.11002489461688741,0.0,0.0,0.0,"[(4.0, 7.999999999999986)]",4.049999999999986,True
13,3,1407,13.179999999999993,0.00019999999999999998,0.00019999999999999998,"[4.0, 8.0]",0.39525751186844804,6.599999999999991,0.2568072739796028,0.3018731026336275,0.39515912135108405,0.13235866874478153,0.0,0.0,0.0,"[(4.0, 7.999999999999986)]",4.049999999999986,True
13,3,1407,13.189999999999992,0.00019999999999999998,0.00019999999999999998,"[4.0, 8.0]",0.39946393413352704,5.449999999999995,0.31044992329599613,0.3563553357939581,0.3993778860222684,0.12095098338856883,0.0,0.0,0.0,"[(4.0, 7.999999999999986)]",4.049999999999986,True
13,3,1407,13.199999999999992,0.00019999999999999998,0.00019999999999999998,"[4.0, 8.0]",0.37939893263772473,4.6999999999999975,0.18615852993895957,0.16364717818982782,0.3164637896403112,0.10495556217962815,0.0,0.0,0.0,"[(4.0, 7.999999999999986)]",4.049999999999986,True
13,3,1407,12.85,0.00019999999999999998,0.00021999999999999998,"[4.0, 8.0]",1.391024738991575,4.449999999999998,0.7237623681356763,0.6584314488296847,1.143092172396862,0.3921666388856856,0.0,0.0,0.0,"[(4.0, 7.999999999999986)]",4.049999999999986,True
13,3,1407,12.86,0.00019999999999999998,0.00021999999999999998,"[4.0, 8.0]",1.3665565353164435,4.299999999999999,0.48430908146133905,0.30801264827084623,1.3298106625125923,0.4546549211309315,0.0,0.0,0.0,"[(4.0, 7.999999999999986)]",4.049999999999986,True
13,3,1407,12.87,0.00019999999999999998,0.00021999999999999998,"[4.0, 8.0]",1.3420033887142038,4.1,0.30332326148001215,0.05480985857676275,1.3420011739283013,0.4304776113229491,0.0,0.0,0.0,"[(4.0, 7.999999999999986)]",4.049999999999986,True
13,3,1407,12.879999999999999,0.00019999999999999998,0.00021999999999999998,"[4.0, 8.0]",1.295081120424004,4.0,0.24886617482371903,0.14428229527735675,1.2950270883334192,0.33229805380976396,0.0,0.0,0.0,"[(4.0, 7.999999999999986)]",4.049999999999986,True
13,3,1407,12.889999999999999,0.00019999999999999998,0.00021999999999999998,"[4.0, 8.0]",1.1210947148758015,4.0,0.321587424901944,0.3156067914922858,1.1208479113572043,0.2534660247969287,0.0,0.0,0.0,"[(4.0, 7.999999999999986)]",4.049999999999986,True
13,3,1407,12.899999999999999,0.00019999999999999998,0.00021999999999999998,"[4.0, 8.0]",0.8461941826569335,4.0,0.47241856214299055,0.5265518610265162,0.8461809846217971,0.2782892082846644,0.0,0.0,0.0,"[(4.0, 7.999999999999986)]",4.049999999999986,True
13,3,1407,12.909999999999998,0.00019999999999999998,0.00021999999999999998,"[4.0, 8.0]",1.0444321278976647,6.449999999999991,0.6554250081873152,0.7626416366187145,1.0433463663806142,0.34970710802165533,0.0,0.0,0.0,"[(4.0, 7.999999999999986)]",4.049999999999986,True
13,3,1407,12.919999999999998,0.00019999999999999998,0.00021999999999999998,"[4.0, 8.0]",1.1439754161027023,6.449999999999991,0.8249688674440803,1.0142395576710175,1.1437041914003379,0.3819921758653374,0.0,0.0,0.0,"[(4.0, 7.999999999999986)]",4.049999999999986,True
13,3,1407,12.929999999999998,0.00019999999999999998,0.00021999999999999998,"[4.0, 8.0]",1.1239493007673962,5.5499999999999945,0.9155735256156377,1.0693742538020425,1.1239368019405531,0.330077115478701,0.0,0.0,0.0,"[(4.0, 7.999999999999986)]",4.049999999999986,True
13,3,1407,12.939999999999998,0.00019999999999999998,0.00021999999999999998,"[4.0, 8.0]",1.1008381832777894,5.099999999999996,0.8818039648143501,0.922245567929854,1.034634855368996,0.23096714980447014,0.0,0.0,0.0,"[(4.0, 7.999999999999986)]",4.049999999999986,True
13,3,1407,12.949999999999998,0.00019999999999999998,0.00021999999999999998,"[4.0, 8.0]",1.0789076533335393,4.799999999999997,0.7432536751704263,0.7310627472564173,0.784549676436501,0.21397648457523577,0.0,0.0,0.0,"[(4.0, 7.999999999999986)]",4.049999999999986,True
13,3,1407,12.959999999999997,0.00019999999999999998,0.00021999999999999998,"[4.0, 8.0]",1.057249255482316,4.549999999999998,0.5407970536393659,0.49252254025434183,0.8763290680442344,0.29641184931025083,0.0,0.0,0.0,"[(4.0, 7.999999999999986)]",4.049999999999986,True
13,3,1407,12.969999999999997,0.00019999999999999998,0.00021999999999999998,"[4.0, 8.0]",1.0337710642181435,4.299999999999999,0.3253124892508842,0.16459331036406571,1.0272306051246631,0.35245764261932994,0.0,0.0,0.0,"[(4.0, 7.999999999999986)]",4.049999999999986,True
13,3,1407,12.979999999999997,0.00019999999999999998,0.00021999999999999998,"[4.0, 8.0]",1.007365072014378,4.05,0.2045543611409739,0.06994615992230513,1.00735067551552,0.30275129155868963,0.0,0.0,0.0,"[(4.0, 7.999999999999986)]",4.049999999999986,True
13,3,1407,12.989999999999997,0.00019999999999999998,0.00021999999999999998,"[4.0, 8.0]",0.9239736481910675,4.0,0.2471864429962809,0.23137354681003333,0.9239542826227503,0.21161726673167944,0.0,0.0,0.0,"[(4.0, 7.999999999999986)]",4.049999999999986,True
13,3,1407,12.999999999999996,0.00019999999999999998,0.00021999999999999998,"[4.0, 8.0]",0.6954467163452267,4.0,0.38899983465944254,0.4327671780021781,0.6949521489464677,0.22290394286862478,0.0,0.0,0.0,"[(4.0, 7.999999999999986)]",4.049999999999986,True
13,3,1407,13.009999999999996,0.00019999999999999998,0.00021999999999999998,"[4.0, 8.0]",0.8615297443425929,6.499999999999991,0.562381265288879,0.6722662716536699,0.8615214690106201,0.2894925623648344,0.0,0.0,0.0,"[(4.0, 7.999999999999986)]",4.049999999999986,True
13,3,1407,13.019999999999996,0.00019999999999999998,0.00021999999999999998,"[4.0, 8.0]",0.8879060738623356,5.799999999999994,0.6939785392254666,0.8665502002313131,0.8865663819542907,0.29035934537193847,0.0,0.0,0.0,"[(4.0, 7.999999999999986)]",4.049999999999986,True
13,3,1407,13.029999999999996,0.00019999999999999998,0.00021999999999999998,"[4.0, 8.0]",0.8636968623592081,7.849999999999986,0.680385128247916,0.7189915526677358,0.8480334238950599,0.20008148085809144,0.0,0.0,0.0,"[(4.0, 7.999999999999986)]",4.049999999999986,True
13,3,1407,13.039999999999996,0.00019999999999999998,0.00021999999999999998,"[4.0, 8.0]",0.8421731190974657,4.799999999999997,0.5399903021930424,0.5177028438604562,0.6413967791537016,0.18275345208002722,0.0,0.0,0.0,"[(4.0, 7.999999999999986)]",4.049999999999986,True
13,3,1407,13.049999999999995,0.00019999999999999998,0.00021999999999999998,"[4.0, 8.0]",0.8199218159338274,4.499999999999998,0.3407389695545807,0.26457788333087184,0.7622196149309455,0.2595642404926722,0.0,0.0,0.0,"[(4.0, 7.999999999999986)]",4.049999999999986,True
13,3,1407,13.059999999999995,0.00019999999999999998,0.00021999999999999998,"[4.0, 8.0]",0.7940339349428117,4.1499999999999995,0.17829352250614539,0.032180269518961455,0.7939762659637544,0.2617376402839533,0.0,0.0,0.0,"[(4.0, 7.999999999999986)]",4.049999999999986,True
13,3,1407,13.069999999999995,0.00019999999999999998,0.00021999999999999998,"[4.0, 8.0]",0.7448450883301772,4.0,0.20753251478009385,0.19792548114238848,0.7447772404828334,0.17378278714272963,0.0,0.0,0.0,"[(4.0, 7.999999999999986)]",4.049999999999986,True
13,3,1407,13.079999999999995,0.00019999999999999998,0.00021999999999999998,"[4.0, 8.0]",0.5841261722251079,6.549999999999991,0.3518353911921315,0.39312476511354805,0.5841095433053873,0.1932248463576546,0.0,0.0,0.0,"[(4.0, 7.999999999999986)]",4.049999999999986,True
13,3,1407,13.089999999999995,0.00019999999999999998,0.00021999999999999998,"[4.0, 8.0]",0.7217069714329107,6.549999999999991,0.5136412461828923,0.6395797163005879,0.7216842860306523,0.24653962471327903,0.0,0.0,0.0,"[(4.0, 7.999999999999986)]",4.049999999999986,True
13,3,1407,13.099999999999994,0.00019999999999999998,0.00021999999999999998,"[4.0, 8.0]",0.6970704936471505,7.7999999999999865,0.5485814765651175,0.5954394875875749,0.6968987062713027,0.18303099085230626,0.0,0.0,0.0,"[(4.0, 7.999999999999986)]",4.049999999999986,True
13,3,1407,13.109999999999994,0.00019999999999999998,0.00021999999999999998,"[4.0, 8.0]",0.675301008795937,4.799999999999997,0.41393577171679247,0.38706084719816536,0.5450050059180608,0.15394940996000295,0.0,0.0,0.0,"[(4.0, 7.999999999999986)]",4.049999999999986,True
13,3,1407,13.119999999999994,0.00019999999999999998,0.00021999999999999998,"[4.0, 8.0]",0.6525161890361542,4.449999999999998,0.22240986907078067,0.1265772515074386,0.6425154696036771,0.22133338386542542,0.0,0.0,0.0,"[(4.0, 7.999999999999986)]",4.049999999999986,True
13,3,1407,13.129999999999994,0.00019999999999999998,0.00021999999999999998,"[4.0, 8.0]",0.624423390792749,4.05,0.14624712784128402,0.10068676227033271,0.6243906914124138,0.17008519915402148,0.0,0.0,0.0,"[(4.0, 7.999999999999986)]",4.049999999999986,True
13,3,1407,13.139999999999993,0.00019999999999999998,0.00021999999999999998,"[4.0, 8.0]",0.4949178048182086,4.0,0.27144857957788,0.30638236319050466,0.4946164475033425,0.15118331716273337,0.0,0.0,0.0,"[(4.0, 7.999999999999986)]",4.049999999999986,True
13,3,1407,13.149999999999993,0.00019999999999999998,0.00021999999999999998,"[4.0, 8.0]",0.5911887335551193,6.74999999999999,0.427581742228361,0.5331058653997014,0.5910627580501431,0.20364560410996368,0.0,0.0,0.0,"[(4.0, 7.999999999999986)]",4.049999999999986,True
13,3,1407,13.159999999999993,0.00019999999999999998,0.00021999999999999998,"[4.0, 8.0]",0.5641223614218078,5.099999999999996,0.41028093648033515,0.4184698209374687,0.557212953023781,0.13018270720520025,0.0,0.0,0.0,"[(4.0, 7.999999999999986)]",4.049999999999986,True
13,3,1407,13.169999999999993,0.00019999999999999998,0.00021999999999999998,"[4.0, 8.0]",0.5430133476832595,4.599999999999998,0.24412314150018188,0.20093471829169407,0.483322758960535,0.16136104078160735,0.0,0.0,0.0,"[(4.0, 7.999999999999986)]",4.049999999999986,True
13,3,1407,13.179999999999993,0.00019999999999999998,0.00021999999999999998,"[4.0, 8.0]",0.5147360853469173,4.1,0.1189603983897791,0.06439502336692161,0.5147315995749503,0.15337278601985935,0.0,0.0,0.0,"[(4.0, 7.999999999999986)]",4.049999999999986,True
13,3,1407,13.189999999999992,0.00019999999999999998,0.00021999999999999998,"[4.0, 8.0]",0.40513457706494216,4.0,0.24302048830610665,0.2752505066958238,0.4050499446155372,0.1321159024752325,0.0,0.0,0.0,"[(4.0, 7.999999999999986)]",4.049999999999986,True
13,3,1407,13.199999999999992,0.00019999999999999998,0.00021999999999999998,"[4.0, 8.0]",0.4847068636641786,7.499999999999988,0.37625941821695347,0.4588588576802435,0.4839884525566929,0.1602391489001422,0.0,0.0,0.0,"[(4.0, 7.999999999999986)]",4.049999999999986,True
13,3,1407,12.85,0.00019999999999999998,0.00023999999999999998,"[4.0, 8.0]",1.7229506380707713,6.3999999999999915,1.1907613028234034,1.4328675792582484,1.722917665855892,0.5729299419866859,0.0,0.0,0.0,"[(4.0, 7.999999999999986)]",4.049999999999986,True
13,3,1407,12.86,0.00019999999999999998,0.00023999999999999998,"[4.0, 8.0]",1.7386816885250198,6.999999999999989,1.3732904538957498,1.670682274992787,1.7382317116697774,0.5438599729911607,0.0,0.0,0.0,"[(4.0, 7.999999999999986)]",4.049999999999986,True
13,3,1407,12.87,0.00019999999999999998,0.00023999999999999998,"[4.0, 8.0]",1.7073814628344994,5.299999999999995,1.433265171464555,1.576153547042141,1.6774469086817774,0.4172656825039103,0.0,0.0,0.0,"[(4.0, 7.999999999999986)]",4.049999999999986,True
13,3,1407,12.879999999999999,0.00019999999999999998,0.00023999999999999998,"[4.0, 8.0]",1.6764845052610298,4.949999999999997,1.3307762768950702,1.3526386029832027,1.3647845780489123,0.2905980163603511,0.0,0.0,0.0,"[(4.0, 7.999999999999986)]",4.049999999999986,True
13,3,1407,12.889999999999999,0.00019999999999999998,0.00023999999999999998,"[4.0, 8.0]",1.6450505340960209,4.649999999999998,1.0929906164895102,1.0693875792980345,1.008894873582541,0.34405427561724317,0.0,0.0,0.0,"[(4.0, 7.999999999999986)]",4.049999999999986,True
13,3,1407,12.899999999999999,0.00019999999999999998,0.00023999999999999998,"[4.0, 8.0]",1.6167407504274882,4.449999999999998,0.7907540982537329,0.6677368565494569,1.385746391095636,0.47512274509069763,0.0,0.0,0.0,"[(4.0, 7.999999999999986)]",4.049999999999986,True
13,3,1407,12.909999999999998,0.00019999999999999998,0.00023999999999999998,"[4.0, 8.0]",1.5866300452048625,4.249999999999999,0.4995203795849611,0.25256800204942653,1.5747947465516257,0.5366078329780795,0.0,0.0,0.0,"[(4.0, 7.999999999999986)]",4.049999999999986,True
13,3,1407,12.919999999999998,0.00019999999999999998,0.00023999999999999998,"[4.0, 8.0]",1.5528525640119275,4.05,0.3154621640220251,0.07914477806013295,1.552850068832748,0.47145842333620536,0.0,0.0,0.0,"[(4.0, 7.999999999999986)]",4.049999999999986,True
13,3,1407,12.929999999999998,0.00019999999999999998,0.00023999999999999998,"[4.0, 8.0]",1.4252368487403562,4.0,0.3330970729835731,0.2834472891440386,1.4251208747513069,0.3294972055688424,0.0,0.0,0.0,"[(4.0, 7.999999999999986)]",4.049999999999986,True
13,3,1407,12.939999999999998,0.00019999999999999998,0.00023999999999999998,"[4.0, 8.0]",1.0817624164124064,4.0,0.522579404410051,0.5687635006426087,1.081422983231643,0.3124038751490692,0.0,0.0,0.0,"[(4.0, 7.999999999999986)]",4.049999999999986,True
13,3,1407,12.949999999999998,0.00019999999999999998,0.00023999999999999998,"[4.0, 8.0]",1.2110496450183221,6.449999999999991,0.7604762499933928,0.8658239686554459,1.211049078016298,0.403576267115791,0.0,0.0,0.0,"[(4.0, 7.999999999999986)]",4.049999999999986,True
13,3,1407,12.959999999999997,0.00019999999999999998,0.00023999999999999998,"[4.0, 8.0]",1.337881830146289,6.499999999999991,0.9649527604006336,1.1824046795885412,1.3362226841853977,0.44754984527686337,0.0,0.0,0.0,"[(4.0, 7.999999999999986)]",4.049999999999986,True
13,3,1407,12.969999999999997,0.00019999999999999998,0.00023999999999999998,"[4.0, 8.0]",1.313518317612137,7.449999999999988,1.0731239640700962,1.2446587875236805,1.3133727546742284,0.38303741726304263,0.0,0.0,0.0,"[(4.0, 7.999999999999986)]",4.049999999999986,True
13,3,1407,12.979999999999997,0.00019999999999999998,0.00023999999999999998,"[4.0, 8.0]",1.2815137084969437,7.949999999999986,1.0010226965632856,1.0204491299524592,1.1529270263492517,0.24971863779450107,0.0,0.0,0.0,"[(4.0, 7.999999999999986)]",4.049999999999986,True
13,3,1407,12.989999999999997,0.00019999999999999998,0.00023999999999999998,"[4.0, 8.0]",1.2497482573830025,4.649999999999998,0.7623226361021698,0.7237086469959026,0.8626285624950899,0.2897763514797208,0.0,0.0,0.0,"[(4.0, 7.999999999999986)]",4.049999999999986,True
13,3,1407,12.999999999999996,0.00019999999999999998,0.00023999999999999998,"[4.0, 8.0]",1.2221898317364615,4.399999999999999,0.4862152966129418,0.33924552366182276,1.1546678409459463,0.3964280160613151,0.0,0.0,0.0,"[(4.0, 7.999999999999986)]",4.049999999999986,True
13,3,1407,13.009999999999996,0.00019999999999999998,0.00023999999999999998,"[4.0, 8.0]",1.192580375895889,4.1499999999999995,0.2786384416960025,0.041334856117642226,1.1925796985017147,0.39713872732629274,0.0,0.0,0.0,"[(4.0, 7.999999999999986)]",4.049999999999986,True
13,3,1407,13.019999999999996,0.00019999999999999998,0.00023999999999999998,"[4.0, 8.0]",1.1326914419547676,4.0,0.26241277821390024,0.2091602573405174,1.1326298822225243,0.2736935512619228,0.0,0.0,0.0,"[(4.0, 7.999999999999986)]",4.049999999999986,True
13,3,1407,13.029999999999996,0.00019999999999999998,0.00023999999999999998,"[4.0, 8.0]",0.8246739186979875,4.0,0.45825567471373163,0.5003645894963563,0.8245354349619677,0.2602007493037407,0.0,0.0,0.0,"[(4.0, 7.999999999999986)]",4.049999999999986,True
13,3,1407,13.039999999999996,0.00019999999999999998,0.00023999999999999998,"[4.0, 8.0]",1.0221171210608904,6.499999999999991,0.6788957413880821,0.8118220633877933,1.0214871829330168,0.3441114532829621,0.0,0.0,0.0,"[(4.0, 7.999999999999986)]",4.049999999999986,True
13,3,1407,13.049999999999995,0.00019999999999999998,0.00023999999999999998,"[4.0, 8.0]",1.0409566943382997,7.2499999999999885,0.8190233495169612,1.0146022030602513,1.0404078221785817,0.33829707708958834,0.0,0.0,0.0,"[(4.0, 7.999999999999986)]",4.049999999999986,True
13,3,1407,13.059999999999995,0.00019999999999999998,0.00023999999999999998,"[4.0, 8.0]",1.0088558461584716,5.099999999999996,0.777677421705091,0.8016248265513832,0.9640611622632402,0.21643718313658147,0.0,0.0,0.0,"[(4.0, 7.999999999999986)]",4.049999999999986,True
13,3,1407,13.069999999999995,0.00019999999999999998,0.00023999999999999998,"[4.0, 8.0]",0.9765011027896611,4.649999999999998,0.5298249473177072,0.48146839605369796,0.7629877357845181,0.25443091241824534,0.0,0.0,0.0,"[(4.0, 7.999999999999986)]",4.049999999999986,True
13,3,1407,13.079999999999995,0.00019999999999999998,0.00023999999999999998,"[4.0, 8.0]",0.9488718102881393,4.349999999999999,0.2909325038867125,0.13190550061045808,0.9462126310171084,0.32801225060192846,0.0,0.0,0.0,"[(4.0, 7.999999999999986)]",4.049999999999986,True
13,3,1407,13.089999999999995,0.00019999999999999998,0.00023999999999999998,"[4.0, 8.0]",0.9174321808961766,4.05,0.19774209600946024,0.11100451134614761,0.9173717186847137,0.2588733088148034,0.0,0.0,0.0,"[(4.0, 7.999999999999986)]",4.049999999999986,True
13,3,1407,13.099999999999994,0.00019999999999999998,0.00023999999999999998,"[4.0, 8.0]",0.7006047196248245,4.0,0.37109101904214153,0.4050271268548828,0.7001422185575005,0.20956842212336688,0.0,0.0,0.0,"[(4.0, 7.999999999999986)]",4.049999999999986,True
13,3,1407,13.109999999999994,0.00019999999999999998,0.00023999999999999998,"[4.0, 8.0]",0.8431057714186536,6.549999999999991,0.5805605193367146,0.7148934955155499,0.8430580539754133,0.28675835084513684,0.0,0.0,0.0,"[(4.0, 7.999999999999986)]",4.049999999999986,True
13,3,1407,13.119999999999994,0.00019999999999999998,0.00023999999999999998,"[4.0, 8.0]",0.8273657601304273,7.649999999999987,0.6607648869744928,0.7602201982427942,0.8265517628163235,0.24393692100106365,0.0,0.0,0.0,"[(4.0, 7.999999999999986)]",4.049999999999986,True
13,3,1407,13.129999999999994,0.00019999999999999998,0.00023999999999999998,"[4.0, 8.0]",0.7922568672989165,4.799999999999997,0.47487516457140316,0.4425153500990295,0.6114874908795846,0.18396664188834108,0.0,0.0,0.0,"[(4.0, 7.999999999999986)]",4.049999999999986,True
13,3,1407,13.139999999999993,0.00019999999999999998,0.00023999999999999998,"[4.0, 8.0]",0.7633725853866984,4.349999999999999,0.23452651509783737,0.10788935500311964,0.761575541922159,0.2649895408351551,0.0,0.0,0.0,"[(4.0, 7.999999999999986)]",4.049999999999986,True
13,3,1407,13.149999999999993,0.00019999999999999998,0.00023999999999999998,"[4.0, 8.0]",0.7332483247658754,4.0,0.17655004568203247,0.1333292347327737,0.7329959123540427,0.1942058625576372,0.0,0.0,0.0,"[(4.0, 7.999999999999986)]",4.049999999999986,True
13,3,1407,13.159999999999993,0.00019999999999999998,0.00023999999999999998,"[4.0, 8.0]",0.6355472789157035,6.599999999999991,0.4007427420256275,0.45050086212390683,0.6355302027777939,0.210676242047623,0.0,0.0,0.0,"[(4.0, 7.999999999999986)]",4.049999999999986,True
13,3,1407,13.169999999999993,0.00019999999999999998,0.00023999999999999998,"[4.0, 8.0]",0.6873091315257664,7.399999999999988,0.5344996079433283,0.6625920985583291,0.6867007487114066,0.22875947881311703,0.0,0.0,0.0,"[(4.0, 7.999999999999986)]",4.049999999999986,True
13,3,1407,13.179999999999993,0.00019999999999999998,0.00023999999999999998,"[4.0, 8.0]",0.6522397924508849,4.849999999999997,0.395206259367387,0.37212244374660336,0.5525331362727813,0.15015042100979462,0.0,0.0,0.0,"[(4.0, 7.999999999999986)]",4.049999999999986,True
13,3,1407,13.189999999999992,0.00019999999999999998,0.00023999999999999998,"[4.0, 8.0]",0.6224922807895825,4.349999999999999,0.16742456074501041,0.04269952164970247,0.6224918129358354,0.21813341062902933,0.0,0.0,0.0,"[(4.0, 7.999999999999986)]",4.049999999999986,True
13,3,1407,13.199999999999992,0.00019999999999999998,0.00023999999999999998,"[4.0, 8.0]",0.564127954656118,4.0,0.2127744653164339,0.22502204111382645,0.5638773203702886,0.13644049105310208,0.0,0.0,0.0,"[(4.0, 7.999999999999986)]",4.049999999999986,True
13,3,1407,12.85,0.00019999999999999998,0.00026,"[4.0, 8.0]",2.4840663498753277,4.249999999999999,0.9704904322384872,0.7024045753132613,2.360297037131148,0.8112489239506759,0.0,0.0,0.0,"[(4.0, 7.999999999999986)]",4.049999999999986,True
13,3,1407,12.86,0.00019999999999999998,0.00026,"[4.0, 8.0]",2.4395661415879326,4.1,0.5837884227498542,0.14948412754118515,2.4395623555613586,0.7909526277501069,0.0,0.0,0.0,"[(4.0, 7.999999999999986)]",4.049999999999986,True
13,3,1407,12.87,0.00019999999999999998,0.00026,"[4.0, 8.0]",2.3310364819740355,4.0,0.45409103447862476,0.2622061561938356,2.330863208077107,0.5973799407205613,0.0,0.0,0.0,"[(4.0, 7.999999999999986)]",4.049999999999986,True
13,3,1407,12.879999999999999,0.00019999999999999998,0.00026,"[4.0, 8.0]",1.9342346013597436,4.0,0.6191706608140403,0.6225317734848461,1.9337710224876765,0.448386658311423,0.0,0.0,0.0,"[(4.0, 7.999999999999986)]",4.049999999999986,True
13,3,1407,12.889999999999999,0.00019999999999999998,0.00026,"[4.0, 8.0]",1.5775770627345689,6.449999999999991,0.9411730419789502,1.0536048818962902,1.575526812300203,0.5255843486881109,0.0,0.0,0.0,"[(4.0, 7.999999999999986)]",4.049999999999986,True
13,3,1407,12.899999999999999,0.00019999999999999998,0.00026,"[4.0, 8.0]",1.9176051212396872,6.449999999999991,1.273465913313697,1.5330152301197884,1.9169279158373522,0.6386312460783364,0.0,0.0,0.0,"[(4.0, 7.999999999999986)]",4.049999999999986,True
13,3,1407,12.909999999999998,0.00019999999999999998,0.00026,"[4.0, 8.0]",2.00272515748504,6.199999999999992,1.5334814764064484,1.8794671202491198,1.999799821039566,0.6473618765242006,0.0,0.0,0.0,"[(4.0, 7.999999999999986)]",4.049999999999986,True
13,3,1407,12.919999999999998,0.00019999999999999998,0.00026,"[4.0, 8.0]",1.962571485390594,7.549999999999987,1.6433301407011096,1.8369357227515923,1.9521786932464367,0.5079778028933777,0.0,0.0,0.0,"[(4.0, 7.999999999999986)]",4.049999999999986,True
13,3,1407,12.929999999999998,0.00019999999999999998,0.00026,"[4.0, 8.0]",1.9207902902905707,4.949999999999997,1.5141131541565225,1.5335699285350546,1.5544879839021137,0.3311268431779345,0.0,0.0,0.0,"[(4.0, 7.999999999999986)]",4.049999999999986,True
13,3,1407,12.939999999999998,0.00019999999999999998,0.00026,"[4.0, 8.0]",1.8783424317986217,4.599999999999998,1.1657394042382405,1.1170562644542645,1.2805080432827272,0.432122382158336,0.0,0.0,0.0,"[(4.0, 7.999999999999986)]",4.049999999999986,True
13,3,1407,12.949999999999998,0.00019999999999999998,0.00026,"[4.0, 8.0]",1.8400200960397632,4.349999999999999,0.7556097778099374,0.5694611072151441,1.7184040693799598,0.5919287478994073,0.0,0.0,0.0,"[(4.0, 7.999999999999986)]",4.049999999999986,True
13,3,1407,12.959999999999997,0.00019999999999999998,0.00026,"[4.0, 8.0]",1.800927642176389,4.1499999999999995,0.4391639156467042,0.10740269063502861,1.800927647181827,0.5996480610236342,0.0,0.0,0.0,"[(4.0, 7.999999999999986)]",4.049999999999986,True
13,3,1407,12.969999999999997,0.00019999999999999998,0.00026,"[4.0, 8.0]",1.7276669147358557,4.0,0.3548992002425494,0.22930528885674958,1.727666760400074,0.44002031751657467,0.0,0.0,0.0,"[(4.0, 7.999999999999986)]",4.049999999999986,True
13,3,1407,12.979999999999997,0.00019999999999999998,0.00026,"[4.0, 8.0]",1.3407864014194624,4.0,0.5685764863179281,0.6160436592929872,1.3396137370789798,0.34935572622284067,0.0,0.0,0.0,"[(4.0, 7.999999999999986)]",4.049999999999986,True
13,3,1407,12.989999999999997,0.00019999999999999998,0.00026,"[4.0, 8.0]",1.4125457774776218,6.499999999999991,0.8995821903978195,1.0515619141736063,1.4124189360164852,0.469766809394043,0.0,0.0,0.0,"[(4.0, 7.999999999999986)]",4.049999999999986,True
13,3,1407,12.999999999999996,0.00019999999999999998,0.00026,"[4.0, 8.0]",1.5405679016135836,6.3999999999999915,1.1486562014351782,1.4229529645522345,1.539902464956734,0.5131641251569583,0.0,0.0,0.0,"[(4.0, 7.999999999999986)]",4.049999999999986,True
13,3,1407,13.009999999999996,0.00019999999999999998,0.00026,"[4.0, 8.0]",1.5046522873908201,5.399999999999995,1.2393973687010174,1.39357901331693,1.5045159060442665,0.40746005580827094,0.0,0.0,0.0,"[(4.0, 7.999999999999986)]",4.049999999999986,True
13,3,1407,13.019999999999996,0.00019999999999999998,0.00026,"[4.0, 8.0]",1.46323520460182,4.899999999999997,1.0725140285924355,1.0671782981835658,1.1728015864022627,0.26980599418062934,0.0,0.0,0.0,"[(4.0, 7.999999999999986)]",4.049999999999986,True
13,3,1407,13.029999999999996,0.00019999999999999998,0.00026,"[4.0, 8.0]",1.42067024743019,4.499999999999998,0.6839330395335723,0.5877274410026103,1.2256751969500903,0.41659224617936613,0.0,0.0,0.0,"[(4.0, 7.999999999999986)]",4.049999999999986,True
13,3,1407,13.039999999999996,0.00019999999999999998,0.00026,"[4.0, 8.0]",1.3824300591505756,4.199999999999999,0.36767470074535047,0.11619792330799793,1.3824295800850042,0.47502738412449946,0.0,0.0,0.0,"[(4.0, 7.999999999999986)]",4.049999999999986,True
13,3,1407,13.049999999999995,0.00019999999999999998,0.00026,"[4.0, 8.0]",1.3412400558802924,4.0,0.2833010405258998,0.18375996286123714,1.341019946224554,0.35533544673557926,0.0,0.0,0.0,"[(4.0, 7.999999999999986)]",4.049999999999986,True
13,3,1407,13.059999999999995,0.00019999999999999998,0.00026,"[4.0, 8.0]",1.0048927217692234,4.0,0.5050863399078876,0.5547759578550242,1.0045651055229312,0.2900437884088507,0.0,0.0,0.0,"[(4.0, 7.999999999999986)]",4.049999999999986,True
13,3,1407,13.069999999999995,0.00019999999999999998,0.00026,"[4.0, 8.0]",1.2012172105844816,6.549999999999991,0.822686512676561,1.002046819944803,1.2009464869301827,0.4061572282007414,0.0,0.0,0.0,"[(4.0, 7.999999999999986)]",4.049999999999986,True
13,3,1407,13.079999999999995,0.00019999999999999998,0.00026,"[4.0, 8.0]",1.1956907738911202,5.599999999999994,0.9620199811744327,1.1379457868299216,1.1956907032078943,0.3679586293205966,0.0,0.0,0.0,"[(4.0, 7.999999999999986)]",4.049999999999986,True
13,3,1407,13.089999999999995,0.00019999999999999998,0.00026,"[4.0, 8.0]",1.1576500831161902,4.9999999999999964,0.8531686667130267,0.8554160671326906,1.0360621611784167,0.22866871592702065,0.0,0.0,0.0,"[(4.0, 7.999999999999986)]",4.049999999999986,True
13,3,1407,13.099999999999994,0.00019999999999999998,0.00026,"[4.0, 8.0]",1.1126992575722476,4.499999999999998,0.468221536594457,0.3494504542606086,1.0282325637383443,0.3513330746273844,0.0,0.0,0.0,"[(4.0, 7.999999999999986)]",4.049999999999986,True
13,3,1407,13.109999999999994,0.00019999999999999998,0.00026,"[4.0, 8.0]",1.0758478292179978,4.1499999999999995,0.23772038167086984,0.05188978299828159,1.0758475245510484,0.3513023662820349,0.0,0.0,0.0,"[(4.0, 7.999999999999986)]",4.049999999999986,True
13,3,1407,13.119999999999994,0.00019999999999999998,0.00026,"[4.0, 8.0]",0.9755171280774784,4.0,0.313853040248163,0.31830294385890856,0.975289624111701,0.2259323285735818,0.0,0.0,0.0,"[(4.0, 7.999999999999986)]",4.049999999999986,True
13,3,1407,13.129999999999994,0.00019999999999999998,0.00026,"[4.0, 8.0]",0.9594411942418999,6.549999999999991,0.6415395894593761,0.7736947365142643,0.9593440665968921,0.32428679198691707,0.0,0.0,0.0,"[(4.0, 7.999999999999986)]",4.049999999999986,True
13,3,1407,13.139999999999993,0.00019999999999999998,0.00026,"[4.0, 8.0]",0.9606873251407413,7.599999999999987,0.7689457986747784,0.8944603007979117,0.960585266560581,0.28931289649219166,0.0,0.0,0.0,"[(4.0, 7.999999999999986)]",4.049999999999986,True
13,3,1407,13.149999999999993,0.00019999999999999998,0.00026,"[4.0, 8.0]",0.9236789115961472,4.849999999999997,0.5950755820843483,0.5714012270530089,0.7603005933227964,0.19814451775486308,0.0,0.0,0.0,"[(4.0, 7.999999999999986)]",4.049999999999986,True
13,3,1407,13.159999999999993,0.00019999999999999998,0.00026,"[4.0, 8.0]",0.8781334271675362,4.299999999999999,0.23262938845775963,0.06212491354202379,0.8781158011805567,0.306750805888699,0.0,0.0,0.0,"[(4.0, 7.999999999999986)]",4.049999999999986,True
13,3,1407,13.169999999999993,0.00019999999999999998,0.00026,"[4.0, 8.0]",0.83629889254761,4.0,0.22893801563547447,0.2058341451106152,0.8362837603848595,0.20220139988735455,0.0,0.0,0.0,"[(4.0, 7.999999999999986)]",4.049999999999986,True
13,3,1407,13.179999999999993,0.00019999999999999998,0.00026,"[4.0, 8.0]",0.7959514518075881,6.599999999999991,0.536162266671904,0.6523950848409782,0.7954297178513126,0.27027249825098054,0.0,0.0,0.0,"[(4.0, 7.999999999999986)]",4.049999999999986,True
13,3,1407,13.189999999999992,0.00019999999999999998,0.00026,"[4.0, 8.0]",0.7818413452489591,7.849999999999986,0.6108031070942769,0.669042973994861,0.7808511006052817,0.20977616807790364,0.0,0.0,0.0,"[(4.0, 7.999999999999986)]",4.049999999999986,True
13,3,1407,13.199999999999992,0.00019999999999999998,0.00026,"[4.0, 8.0]",0.7400750117736974,4.599999999999998,0.3189233113351838,0.25123065612440376,0.6739138788761325,0.22740444380055158,0.0,0.0,0.0,"[(4.0, 7.999999999999986)]",4.049999999999986,True
13,3,1407,12.85,0.00019999999999999998,0.00028,"[4.0, 8.0]",2.6152423845869284,6.3999999999999915,1.6342271512215814,1.8848468977770518,2.615023747492837,0.860493377181322,0.0,0.0,0.0,"[(4.0, 7.999999999999986)]",4.049999999999986,True
13,3,1407,12.86,0.00019999999999999998,0.00028,"[4.0, 8.0]",3.0011916043095876,6.449999999999991,2.1308210472043623,2.57353817076783,3.001082136805824,0.9803524987779243,0.0,0.0,0.0,"[(4.0, 4.249999999999999), (4.349999999999999, 7.999999999999986)]",3.999999999999986,True
13,3,1407,12.87,0.00019999999999999998,0.00028,"[4.0, 8.0]",3.0073886027585113,5.699999999999994,2.4668818427083368,2.9511244384665765,3.0058790037586975,0.8853469993050479,0.0,0.0,0.0,"[(4.0, 4.0), (4.1, 7.999999999999986)]",3.999999999999986,True
13,3,1407,12.879999999999999,0.00019999999999999998,0.00028,"[4.0, 8.0]",2.9508973176513247,5.149999999999996,2.5023462290239937,2.6573412065173767,2.7027288064907564,0.5898107126326186,0.0,0.0,0.0,"[(4.0, 7.999999999999986)]",4.049999999999986,True
13,3,1407,12.889999999999999,0.00019999999999999998,0.00028,"[4.0, 8.0]",2.8957014680480775,4.799999999999997,2.2034104117161357,2.1866120953334307,1.8280097459997988,0.4691372764709963,0.0,0.0,0.0,"[(4.0, 7.999999999999986)]",4.049999999999986,True
13,3,1407,12.899999999999999,0.00019999999999999998,0.00028,"[4.0, 8.0]",2.8438613379416418,4.499999999999998,1.659698964342536,1.556724997239923,2.1099051250507928,0.721527100020722,0.0,0.0,0.0,"[(4.0, 7.999999999999986)]",4.049999999999986,True
13,3,1407,12.909999999999998,0.00019999999999999998,0.00028,"[4.0, 8.0]",2.7896702002062144,4.249999999999999,1.0285267734187742,0.667349960674547,2.697584383431035,0.9273364448922127,0.0,0.0,0.0,"[(4.0, 7.999999999999986)]",4.049999999999986,True
13,3,1407,12.919999999999998,0.00019999999999999998,0.00028,"[4.0, 8.0]",2.7276856798830433,4.0,0.5811068107116053,0.10954469884730374,2.7276565207126033,0.8475203407812345,0.0,0.0,0.0,"[(4.0, 7.999999999999986)]",4.049999999999986,True
13,3,1407,12.929999999999998,0.00019999999999999998,0.00028,"[4.0, 8.0]",2.458256646863555,4.0,0.5984608574159647,0.5312395580374931,2.4582542444719535,0.5686130639017275,0.0,0.0,0.0,"[(4.0, 7.999999999999986)]",4.049999999999986,True
13,3,1407,12.939999999999998,0.00019999999999999998,0.00028,"[4.0, 8.0]",1.7591836601877389,4.0,0.9820651163211936,1.0773072767717948,1.7587570379032091,0.5567512690876192,0.0,0.0,0.0,"[(4.0, 7.999999999999986)]",4.049999999999986,True
13,3,1407,12.949999999999998,0.00019999999999999998,0.00028,"[4.0, 8.0]",2.1481992803728,6.449999999999991,1.4209704763087678,1.6770529469216062,2.1458484260109003,0.7126579502691414,0.0,0.0,0.0,"[(4.0, 7.999999999999986)]",4.049999999999986,True
13,3,1407,12.959999999999997,0.00019999999999999998,0.00028,"[4.0, 8.0]",2.2632063493540073,6.79999999999999,1.74996677749523,2.1380588599024444,2.2601635882497306,0.7312291852075259,0.0,0.0,0.0,"[(4.0, 7.999999999999986)]",4.049999999999986,True
13,3,1407,12.969999999999997,0.00019999999999999998,0.00028,"[4.0, 8.0]",2.211073122004847,5.299999999999995,1.8537074558391846,2.0282728318428282,2.168966854905408,0.5318121087037019,0.0,0.0,0.0,"[(4.0, 7.999999999999986)]",4.049999999999986,True
13,3,1407,12.979999999999997,0.00019999999999999998,0.00028,"[4.0, 8.0]",2.1542338084075525,4.799999999999997,1.585686720912076,1.5607315348532802,1.489934144284653,0.3747444575642411,0.0,0.0,0.0,"[(4.0, 7.999999999999986)]",4.049999999999986,True
13,3,1407,12.989999999999997,0.00019999999999999998,0.00028,"[4.0, 8.0]",2.0997871075396852,4.449999999999998,1.045208612636226,0.8976251147888439,1.7774379191721594,0.6085987800175746,0.0,0.0,0.0,"[(4.0, 7.999999999999986)]",4.049999999999986,True
13,3,1407,12.999999999999996,0.00019999999999999998,0.00028,"[4.0, 8.0]",2.0510178386036864,4.199999999999999,0.5714323135724453,0.20680203047382398,2.051017629740878,0.700728661660182,0.0,0.0,0.0,"[(4.0, 7.999999999999986)]",4.049999999999986,True
13,3,1407,13.009999999999996,0.00019999999999999998,0.00028,"[4.0, 8.0]",1.9862135782133181,4.0,0.4013662006872378,0.2197629036713324,1.9862059829668237,0.5354063931963955,0.0,0.0,0.0,"[(4.0, 7.999999999999986)]",4.049999999999986,True
13,3,1407,13.019999999999996,0.00019999999999999998,0.00028,"[4.0, 8.0]",1.5318275749285657,4.0,0.6593565466137465,0.7162217815572856,1.5312149241483768,0.39800058013726525,0.0,0.0,0.0,"[(4.0, 7.999999999999986)]",4.049999999999986,True
13,3,1407,13.029999999999996,0.00019999999999999998,0.00028,"[4.0, 8.0]",1.6708264371334705,6.499999999999991,1.105398097996144,1.3183874899207981,1.6701363541985337,0.5582882455961417,0.0,0.0,0.0,"[(4.0, 7.999999999999986)]",4.049999999999986,True
13,3,1407,13.039999999999996,0.00019999999999999998,0.00028,"[4.0, 8.0]",1.7362164289546755,7.199999999999989,1.3746432611377184,1.692545409756643,1.735982084786884,0.5577122357145522,0.0,0.0,0.0,"[(4.0, 7.999999999999986)]",4.049999999999986,True
13,3,1407,13.049999999999995,0.00019999999999999998,0.00028,"[4.0, 8.0]",1.690423398358976,7.899999999999986,1.3693587722161904,1.4381672904991518,1.6148798267984057,0.36644181039421087,0.0,0.0,0.0,"[(4.0, 7.999999999999986)]",4.049999999999986,True
13,3,1407,13.059999999999995,0.00019999999999999998,0.00028,"[4.0, 8.0]",1.635017307929785,4.649999999999998,0.9751820762270109,0.9272776167914405,1.1580156044200653,0.3868613395893274,0.0,0.0,0.0,"[(4.0, 7.999999999999986)]",4.049999999999986,True
13,3,1407,13.069999999999995,0.00019999999999999998,0.00028,"[4.0, 8.0]",1.5797746411639222,4.249999999999999,0.465176885283711,0.1965091691625669,1.5782005002054234,0.5465973276497174,0.0,0.0,0.0,"[(4.0, 7.999999999999986)]",4.049999999999986,True
13,3,1407,13.079999999999995,0.00019999999999999998,0.00028,"[4.0, 8.0]",1.5307929552565431,4.0,0.3213235310890903,0.18949018104871568,1.5307071070763598,0.41657219639642457,0.0,0.0,0.0,"[(4.0, 7.999999999999986)]",4.049999999999986,True
13,3,1407,13.089999999999995,0.00019999999999999998,0.00028,"[4.0, 8.0]",1.1585484634223993,4.0,0.5721838602482832,0.6421047289036429,1.1585436305381505,0.3271217988089337,0.0,0.0,0.0,"[(4.0, 7.999999999999986)]",4.049999999999986,True
13,3,1407,13.099999999999994,0.00019999999999999998,0.00028,"[4.0, 8.0]",1.3873981779198958,6.549999999999991,0.9925964028502476,1.2330510492717788,1.385510874675067,0.4705923216903546,0.0,0.0,0.0,"[(4.0, 7.999999999999986)]",4.049999999999986,True
13,3,1407,13.109999999999994,0.00019999999999999998,0.00028,"[4.0, 8.0]",1.3491969812051918,7.749999999999987,1.0955077901883639,1.2159194556160466,1.3489854493904483,0.35784445870272147,0.0,0.0,0.0,"[(4.0, 7.999999999999986)]",4.049999999999986,True
13,3,1407,13.119999999999994,0.00019999999999999998,0.00028,"[4.0, 8.0]",1.3029193998398894,4.799999999999997,0.8392043550875783,0.8059015151604179,0.9452901677198629,0.2754868340006527,0.0,0.0,0.0,"[(4.0, 7.999999999999986)]",4.049999999999986,True
13,3,1407,13.129999999999994,0.00019999999999999998,0.00028,"[4.0, 8.0]",1.2439486177668266,4.249999999999999,0.3399175657633047,0.10763230413214098,1.2439459006392324,0.4337758205628248,0.0,0.0,0.0,"[(4.0, 7.999999999999986)]",4.049999999999986,True
13,3,1407,13.139999999999993,0.00019999999999999998,0.00028,"[4.0, 8.0]",1.1779116736205295,4.0,0.30050343848398625,0.26652598466150557,1.1777370782273757,0.28458933128086505,0.0,0.0,0.0,"[(4.0, 7.999999999999986)]",4.049999999999986,True
13,3,1407,13.149999999999993,0.00019999999999999998,0.00028,"[4.0, 8.0]",1.0001115423695577,6.549999999999991,0.6279511934028831,0.700736278518357,1.0001084107570282,0.33076155326640105,0.0,0.0,0.0,"[(4.0, 7.999999999999986)]",4.049999999999986,True
13,3,1407,13.159999999999993,0.00019999999999999998,0.00028,"[4.0, 8.0]",1.0988279939572816,7.649999999999987,0.8824332520246645,1.0248144796931489,1.097892255158035,0.32828147913005834,0.0,0.0,0.0,"[(4.0, 7.999999999999986)]",4.049999999999986,True
13,3,1407,13.169999999999993,0.00019999999999999998,0.00028,"[4.0, 8.0]",1.0566736125953184,4.849999999999997,0.6849085281714783,0.663370779721556,0.8536896212572895,0.22326119017647728,0.0,0.0,0.0,"[(4.0, 7.999999999999986)]",4.049999999999986,True
13,3,1407,13.179999999999993,0.00019999999999999998,0.00028,"[4.0, 8.0]",0.998533603527491,4.249999999999999,0.24296729048626156,0.032927376144056546,0.9985134256243468,0.34431156504976085,0.0,0.0,0.0,"[(4.0, 7.999999999999986)]",4.049999999999986,True
13,3,1407,13.189999999999992,0.00019999999999999998,0.00028,"[4.0, 8.0]",0.871626848111393,4.0,0.33920193984006763,0.3605460045888334,0.8716245380889183,0.21131708242762204,0.0,0.0,0.0,"[(4.0, 7.999999999999986)]",4.049999999999986,True
13,3,1407,13.199999999999992,0.00019999999999999998,0.00028,"[4.0, 8.0]",0.9250110525011563,6.89999999999999,0.6869860813439604,0.8681147409435308,0.9248675179920292,0.3189149457418788,0.0,0.0,0.0,"[(4.0, 7.999999999999986)]",4.049999999999986,True
13,3,1407,12.85,0.00019999999999999998,0.0003,"[4.0, 8.0]",4.569294722218727,7.549999999999987,3.9076987543414052,4.313271062037897,4.556029642553256,1.1160811209660217,0.0,0.0,0.0,"[(4.299999999999999, 7.999999999999986)]",3.7499999999999867,True
13,3,1407,12.86,0.00019999999999999998,0.0003,"[4.0, 8.0]",4.492776783738522,4.899999999999997,3.6684267860114272,3.7001450161903544,3.3086004592365637,0.6775245590370702,0.0,0.0,0.0,"[(4.05, 7.999999999999986)]",3.999999999999986,True
13,3,1407,12.87,0.00019999999999999998,0.0003,"[4.0, 8.0]",4.4084345948905455,4.549999999999998,2.804804042020765,2.772317151216866,2.9631354184992844,1.0137120616244006,0.0,0.0,0.0,"[(4.0, 7.999999999999986)]",4.049999999999986,True
13,3,1407,12.879999999999999,0.00019999999999999998,0.0003,"[4.0, 8.0]",4.323539846801331,4.249999999999999,1.6283059285978188,1.111391226988811,4.189312123524662,1.4453901570043317,0.0,0.0,0.0,"[(4.0, 5.299999999999995), (7.549999999999987, 7.999999999999986)]",1.8499999999999934,True
13,3,1407,12.889999999999999,0.00019999999999999998,0.0003,"[4.0, 8.0]",4.239913266811417,4.0,0.9175244242115566,0.24717399224678807,4.239873031830414,1.2957075953004618,0.0,0.0,0.0,"[(4.0, 4.899999999999997), (7.999999999999986, 7.999999999999986)]",0.9999999999999964,True
13,3,1407,12.899999999999999,0.00019999999999999998,0.0003,"[4.0, 8.0]",3.836619205303133,4.0,0.988123793519,0.9048673199499109,3.835793392232711,0.8981911130788557,0.0,0.0,0.0,"[(4.0, 4.649999999999998), (5.749999999999994, 7.149999999999989)]",2.1499999999999924,True
13,3,1407,12.909999999999998,0.00019999999999999998,0.0003,"[4.0, 8.0]",2.8356064111681283,4.0,1.5528307878448542,1.742501917122417,2.835319436007303,0.859194991516756,0.0,0.0,0.0,"[(4.0, 7.999999999999986)]",4.049999999999986,True
13,3,1407,12.919999999999998,0.00019999999999999998,0.0003,"[4.0, 8.0]",3.263540709483114,6.449999999999991,2.246115395806466,2.7021876119107486,3.2608911216172047,1.0656175787324191,0.0,0.0,0.0,"[(4.0, 4.199999999999999), (4.599999999999998, 7.999999999999986)]",3.699999999999987,True
13,3,1407,12.929999999999998,0.00019999999999999998,0.0003,"[4.0, 8.0]",3.341092604404461,5.749999999999994,2.7291247969489896,3.2877565342000277,3.339252712097176,1.003494837394743,0.0,0.0,0.0,"[(4.299999999999999, 7.999999999999986)]",3.7499999999999867,True
13,3,1407,12.939999999999998,0.00019999999999999998,0.0003,"[4.0, 8.0]",3.2686809279158653,5.099999999999996,2.7503413314122414,2.8850571361186,2.9210520438124967,0.6187362116350659,0.0,0.0,0.0,"[(4.0, 7.999999999999986)]",4.049999999999986,True
13,3,1407,12.949999999999998,0.00019999999999999998,0.0003,"[4.0, 8.0]",3.199414841087366,4.6999999999999975,2.2894636474396073,2.2688282501150074,1.73867266201448,0.5757942202808984,0.0,0.0,0.0,"[(4.0, 7.999999999999986)]",4.049999999999986,True
13,3,1407,12.959999999999997,0.00019999999999999998,0.0003,"[4.0, 8.0]",3.131657382292631,4.399999999999999,1.5016498389548545,1.276531246581921,2.7258413460120448,0.9411626695179874,0.0,0.0,0.0,"[(4.0, 7.999999999999986)]",4.049999999999986,True
13,3,1407,12.969999999999997,0.00019999999999999998,0.0003,"[4.0, 8.0]",3.055265616716537,4.1,0.751245934166057,0.18357258689463424,3.0552294022940494,1.0154763843875478,0.0,0.0,0.0,"[(4.0, 5.649999999999994), (7.349999999999988, 7.999999999999986)]",2.3999999999999915,True
13,3,1407,12.979999999999997,0.00019999999999999998,0.0003,"[4.0, 8.0]",2.7940809710532606,4.0,0.6692274266400945,0.5760323849828709,2.7940358694969434,0.6615548333656278,0.0,0.0,0.0,"[(4.0, 7.999999999999986)]",4.049999999999986,True
13,3,1407,12.989999999999997,0.00019999999999999998,0.0003,"[4.0, 8.0]",1.9415447207391088,6.499999999999991,1.177533149332026,1.2995714133351945,1.9408102276196582,0.6421164675749097,0.0,0.0,0.0,"[(4.0, 7.999999999999986)]",4.049999999999986,True
13,3,1407,12.999999999999996,0.00019999999999999998,0.0003,"[4.0, 8.0]",2.4818407053449136,6.499999999999991,1.7178120236316212,2.0950751994018852,2.4811904672209386,0.8240643696334832,0.0,0.0,0.0,"[(4.0, 7.999999999999986)]",4.049999999999986,True
13,3,1407,13.009999999999996,0.00019999999999999998,0.0003,"[4.0, 8.0]",2.506292698066839,5.699999999999994,2.0521302362730394,2.439844350744459,2.5042941281220807,0.7506681488215395,0.0,0.0,0.0,"[(4.0, 7.999999999999986)]",4.049999999999986,True
13,3,1407,13.019999999999996,0.00019999999999999998,0.0003,"[4.0, 8.0]",2.434148063763214,4.9999999999999964,1.9421417162175298,1.97383934012349,2.0190933186727413,0.4203442286478015,0.0,0.0,0.0,"[(4.0, 7.999999999999986)]",4.049999999999986,True
13,3,1407,13.029999999999996,0.00019999999999999998,0.0003,"[4.0, 8.0]",2.3589586028614216,4.549999999999998,1.291485927041319,1.191594839533899,1.8494704906150852,0.6285603504173443,0.0,0.0,0.0,"[(4.0, 7.999999999999986)]",4.049999999999986,True
13,3,1407,13.039999999999996,0.00019999999999999998,0.0003,"[4.0, 8.0]",2.2956703191207057,4.199999999999999,0.6486620222622771,0.25724646456640665,2.295585262284652,0.7886410733511501,0.0,0.0,0.0,"[(4.0, 7.999999999999986)]",4.049999999999986,True
13,3,1407,13.049999999999995,0.00019999999999999998,0.0003,"[4.0, 8.0]",2.1972144348812,4.0,0.46585699951648657,0.29646200763830644,2.197214259585736,0.5691041731679584,0.0,0.0,0.0,"[(4.0, 7.999999999999986)]",4.049999999999986,True
13,3,1407,13.059999999999995,0.00019999999999999998,0.0003,"[4.0, 8.0]",1.4804002414991757,6.549999999999991,0.894330175369675,1.0006705507307936,1.479740245999503,0.4898305708187921,0.0,0.0,0.0,"[(4.0, 7.999999999999986)]",4.049999999999986,True
13,3,1407,13.069999999999995,0.00019999999999999998,0.0003,"[4.0, 8.0]",1.9670492957608814,6.549999999999991,1.4279804908464815,1.757131326884622,1.9663123606609532,0.659761094526381,0.0,0.0,0.0,"[(4.0, 7.999999999999986)]",4.049999999999986,True
13,3,1407,13.079999999999995,0.00019999999999999998,0.0003,"[4.0, 8.0]",1.9199894153728911,7.699999999999987,1.5886862539507527,1.774688046693712,1.9166647701315238,0.5058940841937347,0.0,0.0,0.0,"[(4.0, 7.999999999999986)]",4.049999999999986,True
13,3,1407,13.089999999999995,0.00019999999999999998,0.0003,"[4.0, 8.0]",1.8565908041501191,4.799999999999997,1.2730991846050608,1.2514368672552145,1.271441252167759,0.35658266349260836,0.0,0.0,0.0,"[(4.0, 7.999999999999986)]",4.049999999999986,True
13,3,1407,13.099999999999994,0.00019999999999999998,0.0003,"[4.0, 8.0]",1.7812634887069736,4.299999999999999,0.5614713256743957,0.26472620417030035,1.7702165788724171,0.6153138429068027,0.0,0.0,0.0,"[(4.0, 7.999999999999986)]",4.049999999999986,True
13,3,1407,13.109999999999994,0.00019999999999999998,0.0003,"[4.0, 8.0]",1.7069357070205142,4.0,0.3717178291871796,0.2512099191683191,1.706935022059382,0.4462926882816275,0.0,0.0,0.0,"[(4.0, 7.999999999999986)]",4.049999999999986,True
13,3,1407,13.119999999999994,0.00019999999999999998,0.0003,"[4.0, 8.0]",1.1943483736013738,6.549999999999991,0.7236456555370597,0.8150287956454526,1.1930941855293657,0.3941085114825632,0.0,0.0,0.0,"[(4.0, 7.999999999999986)]",4.049999999999986,True
13,3,1407,13.129999999999994,0.00019999999999999998,0.0003,"[4.0, 8.0]",1.5548973820165868,7.149999999999989,1.2083463336067917,1.5025842192219936,1.5546812046773706,0.5162294058187155,0.0,0.0,0.0,"[(4.0, 7.999999999999986)]",4.049999999999986,True
13,3,1407,13.139999999999993,0.00019999999999999998,0.0003,"[4.0, 8.0]",1.4972821981866944,5.049999999999996,1.1507403451822962,1.1785726601446687,1.3737103427694737,0.2971757773429392,0.0,0.0,0.0,"[(4.0, 7.999999999999986)]",4.049999999999986,True
13,3,1407,13.149999999999993,0.00019999999999999998,0.0003,"[4.0, 8.0]",1.435487501528481,4.499999999999998,0.630495152070334,0.5064997087963055,1.2982905197353558,0.44468383391167254,0.0,0.0,0.0,"[(4.0, 7.999999999999986)]",4.049999999999986,True
13,3,1407,13.159999999999993,0.00019999999999999998,0.0003,"[4.0, 8.0]",1.3583649926879717,4.0,0.3057349029149703,0.20563886724891037,1.3582851296884169,0.3596781694663675,0.0,0.0,0.0,"[(4.0, 7.999999999999986)]",4.049999999999986,True
13,3,1407,13.169999999999993,0.00019999999999999998,0.0003,"[4.0, 8.0]",1.0320709235658916,6.599999999999991,0.6327490111493518,0.7098356538684735,1.0318854260368358,0.33911195919402976,0.0,0.0,0.0,"[(4.0, 7.999999999999986)]",4.049999999999986,True
13,3,1407,13.179999999999993,0.00019999999999999998,0.0003,"[4.0, 8.0]",1.2464185485701382,7.599999999999987,1.0021805258634304,1.1772090739937169,1.2463040384206518,0.3805233773715791,0.0,0.0,0.0,"[(4.0, 7.999999999999986)]",4.049999999999986,True
13,3,1407,13.189999999999992,0.00019999999999999998,0.0003,"[4.0, 8.0]",1.1874024560239982,4.749999999999997,0.7159704927152332,0.6671909836435079,0.8414453658110157,0.2706771897125595,0.0,0.0,0.0,"[(4.0, 7.999999999999986)]",4.049999999999986,True
13,3,1407,13.199999999999992,0.00019999999999999998,0.0003,"[4.0, 8.0]",1.1209060412582854,4.1499999999999995,0.24968866804651102,0.06179325821130853,1.1208946136336286,0.36719846076554913,0.0,0.0,0.0,"[(4.0, 7.999999999999986)]",4.049999999999986,True
13,3,1407,12.85,0.00019999999999999998,0.00031999999999999997,"[4.0, 8.0]",7.144617644168338,5.249999999999996,6.027024437675127,6.6833954231521675,7.102371093685559,1.8448156856073168,0.0,0.0,0.0,"[(4.499999999999998, 7.999999999999986)]",3.5499999999999874,True
13,3,1407,12.86,0.00019999999999999998,0.00031999999999999997,"[4.0, 8.0]",7.030371460647937,4.799999999999997,5.446004558312843,5.4448537946717135,5.436006459223116,1.1701975675686278,0.0,0.0,0.0,"[(4.199999999999999, 7.999999999999986)]",3.8499999999999863,True
13,3,1407,12.87,0.00019999999999999998,0.00031999999999999997,"[4.0, 8.0]",6.9079446960763455,4.399999999999999,3.5109582567742574,3.201462928352246,6.0079025568994275,2.0886697748209717,0.0,0.0,0.0,"[(4.0, 5.249999999999996), (7.649999999999987, 7.999999999999986)]",1.699999999999994,True
13,3,1407,12.879999999999999,0.00019999999999999998,0.00031999999999999997,"[4.0, 8.0]",6.779138606374678,4.1,1.732526404471227,0.42147081881019477,6.7789839991303955,2.227846784534323,0.0,0.0,0.0,"[(4.0, 4.749999999999997)]",0.7999999999999972,True
13,3,1407,12.889999999999999,0.00019999999999999998,0.00031999999999999997,"[4.0, 8.0]",6.302141952514249,4.0,1.9360619641222783,1.9307679338970054,6.301865831475966,1.5188876059920673,0.0,0.0,0.0,"[(4.0, 4.449999999999998)]",0.4999999999999982,True
13,3,1407,12.899999999999999,0.00019999999999999998,0.00031999999999999997,"[4.0, 8.0]",4.618764919513843,4.0,2.9537430032851923,3.3845790272980762,4.613566827663611,1.4357081152456443,0.0,0.0,0.0,"[(4.0, 4.299999999999999), (5.099999999999996, 7.7999999999999865)]",3.099999999999989,True
13,3,1407,12.909999999999998,0.00019999999999999998,0.00031999999999999997,"[4.0, 8.0]",5.063200852231253,6.449999999999991,3.833944003622224,4.657511426712645,5.06283632321572,1.5907027521032386,0.0,0.0,0.0,"[(4.749999999999997, 7.999999999999986)]",3.2999999999999883,True
13,3,1407,12.919999999999998,0.00019999999999999998,0.00031999999999999997,"[4.0, 8.0]",4.972443858592913,7.599999999999987,4.241197917887543,4.692090655245902,4.971559955877864,1.2384703747352845,0.0,0.0,0.0,"[(4.349999999999999, 7.999999999999986)]",3.699999999999987,True
13,3,1407,12.929999999999998,0.00019999999999999998,0.00031999999999999997,"[4.0, 8.0]",4.862519104873373,4.799999999999997,3.7633439740244667,3.7647592471439446,3.0355246766953123,0.7483675493542937,0.0,0.0,0.0,"[(4.05, 7.999999999999986)]",3.999999999999986,True
13,3,1407,12.939999999999998,0.00019999999999999998,0.00031999999999999997,"[4.0, 8.0]",4.754993069954944,4.399999999999999,2.38614614401645,2.1046283592641926,4.065552827576148,1.40815547417595,0.0,0.0,0.0,"[(4.0, 5.5499999999999945), (7.349999999999988, 7.999999999999986)]",2.299999999999992,True
13,3,1407,12.949999999999998,0.00019999999999999998,0.00031999999999999997,"[4.0, 8.0]",4.65198599681261,4.1,1.1730328140720065,0.30007156135175733,4.651667871227815,1.553063880048778,0.0,0.0,0.0,"[(4.0, 4.9999999999999964), (7.949999999999986, 7.999999999999986)]",1.149999999999996,True
13,3,1407,12.959999999999997,0.00019999999999999998,0.00031999999999999997,"[4.0, 8.0]",4.320223111682149,4.0,1.0785438603619542,0.9375655071368726,4.320181259416631,1.0473247209672305,0.0,0.0,0.0,"[(4.0, 4.599999999999998), (6.299999999999992, 6.69999999999999)]",1.099999999999996,True
13,3,1407,12.969999999999997,0.00019999999999999998,0.00031999999999999997,"[4.0, 8.0]",2.9982504578565927,6.499999999999991,1.8802732302153193,2.135955960895384,2.9961153678016545,0.9796217377061859,0.0,0.0,0.0,"[(4.0, 7.999999999999986)]",4.049999999999986,True
13,3,1407,12.979999999999997,0.00019999999999999998,0.00031999999999999997,"[4.0, 8.0]",3.701361996569268,6.499999999999991,2.761167202618412,3.3690905698593845,3.6991560606964775,1.2003889730088748,0.0,0.0,0.0,"[(4.0, 4.0), (4.549999999999998, 7.999999999999986)]",3.5499999999999874,True
13,3,1407,12.989999999999997,0.00019999999999999998,0.00031999999999999997,"[4.0, 8.0]",3.6226657875278545,7.649999999999987,3.0829787556427553,3.393669410938143,3.561383245098348,0.8664575637957219,0.0,0.0,0.0,"[(4.199999999999999, 7.999999999999986)]",3.8499999999999863,True
13,3,1407,12.999999999999996,0.00019999999999999998,0.00031999999999999997,"[4.0, 8.0]",3.536910334932204,4.799999999999997,2.6978141474464232,2.6797331876640884,2.262015762467704,0.55756121674007,0.0,0.0,0.0,"[(4.0, 7.999999999999986)]",4.049999999999986,True
13,3,1407,13.009999999999996,0.00019999999999999998,0.00031999999999999997,"[4.0, 8.0]",3.446456898639561,4.399999999999999,1.6952017135322923,1.4325056792388762,2.952578359865255,1.0194863370616685,0.0,0.0,0.0,"[(4.0, 7.999999999999986)]",4.049999999999986,True
13,3,1407,13.019999999999996,0.00019999999999999998,0.00031999999999999997,"[4.0, 8.0]",3.340256612554108,4.05,0.7326809055169671,0.14049310165145415,3.3402519610160737,1.062733122100402,0.0,0.0,0.0,"[(4.0, 5.199999999999996), (7.7999999999999865, 7.999999999999986)]",1.4999999999999947,True
13,3,1407,13.029999999999996,0.00019999999999999998,0.00031999999999999997,"[4.0, 8.0]",2.760055217038604,4.0,0.9543225488234055,1.0079517550593733,2.7599648731612603,0.6437308861607968,0.0,0.0,0.0,"[(4.0, 7.999999999999986)]",4.049999999999986,True
13,3,1407,13.039999999999996,0.00019999999999999998,0.00031999999999999997,"[4.0, 8.0]",2.5599882752498724,6.499999999999991,1.6671071992423052,1.9379894379266855,2.5599672595444867,0.8400711775807492,0.0,0.0,0.0,"[(4.0, 7.999999999999986)]",4.049999999999986,True
13,3,1407,13.049999999999995,0.00019999999999999998,0.00031999999999999997,"[4.0, 8.0]",2.7919248301818707,7.049999999999989,2.2127895987202977,2.6972483572545225,2.7916553961635144,0.8908408232266725,0.0,0.0,0.0,"[(4.0, 7.999999999999986)]",4.049999999999986,True
13,3,1407,13.059999999999995,0.00019999999999999998,0.00031999999999999997,"[4.0, 8.0]",2.6981290898152874,5.049999999999996,2.180250523326296,2.233461713111753,2.271615355548762,0.46905475274951314,0.0,0.0,0.0,"[(4.0, 7.999999999999986)]",4.049999999999986,True
13,3,1407,13.069999999999995,0.00019999999999999998,0.00031999999999999997,"[4.0, 8.0]",2.603454600407123,4.499999999999998,1.3380007769532225,1.180132505714688,2.1487806374150553,0.7361380670121643,0.0,0.0,0.0,"[(4.0, 7.999999999999986)]",4.049999999999986,True
13,3,1407,13.079999999999995,0.00019999999999999998,0.00031999999999999997,"[4.0, 8.0]",2.521580227136427,4.1,0.6039598669861254,0.10984849889591908,2.5215794631523107,0.8467977091327897,0.0,0.0,0.0,"[(4.0, 7.999999999999986)]",4.049999999999986,True
13,3,1407,13.089999999999995,0.00019999999999999998,0.00031999999999999997,"[4.0, 8.0]",2.196349662229194,4.0,0.6639128880199686,0.6418544792357954,2.195625368205885,0.5008465336983907,0.0,0.0,0.0,"[(4.0, 7.999999999999986)]",4.049999999999986,True
13,3,1407,13.099999999999994,0.00019999999999999998,0.00031999999999999997,"[4.0, 8.0]",2.101363799552634,6.549999999999991,1.4145517488553658,1.7167679855870022,2.098453110668114,0.7032655212404373,0.0,0.0,0.0,"[(4.0, 7.999999999999986)]",4.049999999999986,True
13,3,1407,13.109999999999994,0.00019999999999999998,0.00031999999999999997,"[4.0, 8.0]",2.1504482501954727,7.549999999999987,1.7729462207246263,2.055062335950787,2.1482174216900742,0.6211134544471583,0.0,0.0,0.0,"[(4.0, 7.999999999999986)]",4.049999999999986,True
13,3,1407,13.119999999999994,0.00019999999999999998,0.00031999999999999997,"[4.0, 8.0]",2.073426880484252,4.849999999999997,1.4870325089831562,1.4535157076691088,1.4870219522788939,0.37012468694736966,0.0,0.0,0.0,"[(4.0, 7.999999999999986)]",4.049999999999986,True
13,3,1407,13.129999999999994,0.00019999999999999998,0.00031999999999999997,"[4.0, 8.0]",1.9753275379303956,4.249999999999999,0.5765397605310524,0.23412200353780305,1.9738419413127393,0.6868107292495047,0.0,0.0,0.0,"[(4.0, 7.999999999999986)]",4.049999999999986,True
13,3,1407,13.139999999999993,0.00019999999999999998,0.00031999999999999997,"[4.0, 8.0]",1.818138020072745,4.0,0.46844010052971363,0.4089145918479271,1.8180987309311436,0.4284873147577439,0.0,0.0,0.0,"[(4.0, 7.999999999999986)]",4.049999999999986,True
13,3,1407,13.149999999999993,0.00019999999999999998,0.00031999999999999997,"[4.0, 8.0]",1.6030167651352645,6.549999999999991,1.0343834810948958,1.200745577593386,1.6009493671415012,0.533881605967524,0.0,0.0,0.0,"[(4.0, 7.999999999999986)]",4.049999999999986,True
13,3,1407,13.159999999999993,0.00019999999999999998,0.00031999999999999997,"[4.0, 8.0]",1.6998090330722846,7.7999999999999865,1.391501974910353,1.537550875637408,1.6945988881624725,0.4392054243025419,0.0,0.0,0.0,"[(4.0, 7.999999999999986)]",4.049999999999986,True
13,3,1407,13.169999999999993,0.00019999999999999998,0.00031999999999999997,"[4.0, 8.0]",1.6299751756293401,4.6999999999999975,0.970199183933017,0.9193784052928384,1.1432666236256799,0.3808560235291912,0.0,0.0,0.0,"[(4.0, 7.999999999999986)]",4.049999999999986,True
13,3,1407,13.179999999999993,0.00019999999999999998,0.00031999999999999997,"[4.0, 8.0]",1.5359890637263693,4.05,0.32603003178622464,0.11863640583821812,1.5359436967940143,0.4701156714149033,0.0,0.0,0.0,"[(4.0, 7.999999999999986)]",4.049999999999986,True
13,3,1407,13.189999999999992,0.00019999999999999998,0.00031999999999999997,"[4.0, 8.0]",1.1298060788486126,6.599999999999991,0.6920908551936146,0.7801011944000662,1.1297623947153437,0.37110941209358167,0.0,0.0,0.0,"[(4.0, 7.999999999999986)]",4.049999999999986,True
13,3,1407,13.199999999999992,0.00019999999999999998,0.00031999999999999997,"[4.0, 8.0]",1.3967590586640755,7.599999999999987,1.1275916482375732,1.3219109232640682,1.3955053221519746,0.4236432412552684,0.0,0.0,0.0,"[(4.0, 7.999999999999986)]",4.049999999999986,True
13,3,1407,12.85,0.00019999999999999998,0.00033999999999999997,"[4.0, 8.0]",26.996662223240286,7.999999999999986,20.618800664429468,20.89554098380964,12.907089681598165,4.396240323536565,0.8395061728395061,0.7037037037037037,0.5555555555555556,"[(4.0, 4.949999999999997), (7.699999999999987, 7.999999999999986)]",1.3499999999999952,True
13,3,1407,12.86,0.00019999999999999998,0.00033999999999999997,"[4.0, 8.0]",25.89435247422998,4.0,10.731760154622986,6.046997023983888,25.877878451403582,8.481082649494724,0.345679012345679,0.2962962962962963,0.20987654320987653,"[(4.0, 4.549999999999998)]",0.5999999999999979,True
13,3,1407,12.87,0.00019999999999999998,0.00033999999999999997,"[4.0, 8.0]",24.00758870997839,4.0,10.755349352942071,11.466280986352832,24.004992471232732,5.167010099864399,0.13580246913580246,0.1111111111111111,0.07407407407407407,"[(4.0, 4.199999999999999)]",0.2499999999999991,True
13,3,1407,12.879999999999999,0.00019999999999999998,0.00033999999999999997,"[4.0, 8.0]",17.5524500848848,4.0,10.06722330954742,10.479856055262587,17.52660691803433,2.5496571452658405,0.024691358024691357,0.012345679012345678,0.0,"[(4.0, 4.05)]",0.09999999999999964,True
13,3,1407,12.889999999999999,0.00019999999999999998,0.00033999999999999997,"[4.0, 8.0]",11.46495046463156,4.599999999999998,6.2654023620540515,6.0566940888637255,11.18074259721039,3.3493722454045547,0.0,0.0,0.0,"[(4.249999999999999, 5.199999999999996), (7.699999999999987, 7.999999999999986)]",1.3499999999999952,True
13,3,1407,12.899999999999999,0.00019999999999999998,0.00033999999999999997,"[4.0, 8.0]",11.294335336886398,4.199999999999999,3.624490522369515,2.320379559230127,11.292630012205473,3.599968387821352,0.0,0.0,0.0,"[(4.0, 4.649999999999998)]",0.6999999999999975,True
13,3,1407,12.909999999999998,0.00019999999999999998,0.00033999999999999997,"[4.0, 8.0]",10.811938152235022,4.0,5.006977085169225,5.634627162774809,10.81193595566937,2.592247906049351,0.0,0.0,0.0,"[(4.0, 4.299999999999999)]",0.34999999999999876,True
13,3,1407,12.919999999999998,0.00019999999999999998,0.00033999999999999997,"[4.0, 8.0]",7.70478097388853,5.899999999999993,6.30482452505226,7.486024084785969,7.680040395863921,2.1686428890264278,0.0,0.0,0.0,"[(4.0, 4.05), (4.849999999999997, 7.999999999999986)]",3.2999999999999883,True
13,3,1407,12.929999999999998,0.00019999999999999998,0.00033999999999999997,"[4.0, 8.0]",7.549332321874709,4.9999999999999964,6.181151242043281,6.470304939850307,7.507293966276741,1.5172670754812068,0.0,0.0,0.0,"[(4.349999999999999, 7.999999999999986)]",3.699999999999987,True
13,3,1407,12.939999999999998,0.00019999999999999998,0.00033999999999999997,"[4.0, 8.0]",7.3875055241526315,4.499999999999998,4.12705851757851,3.9626758096331853,5.943735869396125,2.0412380646491863,0.0,0.0,0.0,"[(4.0, 5.349999999999995), (7.599999999999987, 7.999999999999986)]",1.8499999999999934,True
13,3,1407,12.949999999999998,0.00019999999999999998,0.00033999999999999997,"[4.0, 8.0]",7.239620399280025,4.1,1.892634837418388,0.4866326008529155,7.239613090388392,2.4162611589584224,0.0,0.0,0.0,"[(4.0, 4.749999999999997)]",0.7999999999999972,True
13,3,1407,12.959999999999997,0.00019999999999999998,0.00033999999999999997,"[4.0, 8.0]",6.60501891677601,4.0,2.361873433512792,2.5369208271726027,6.600226548493283,1.5886931894607494,0.0,0.0,0.0,"[(4.0, 4.399999999999999)]",0.4499999999999984,True
13,3,1407,12.969999999999997,0.00019999999999999998,0.00033999999999999997,"[4.0, 8.0]",5.3139925696059525,6.499999999999991,3.786382221414784,4.47578848577729,5.304231514167494,1.6502531593253211,0.0,0.0,0.0,"[(4.0, 4.1), (4.949999999999997, 7.999999999999986)]",3.2499999999999885,True
13,3,1407,12.979999999999997,0.00019999999999999998,0.00033999999999999997,"[4.0, 8.0]",5.380175180329183,7.549999999999987,4.561907481154429,5.146858361203714,5.377993463176954,1.4384726528688268,0.0,0.0,0.0,"[(4.449999999999998, 7.999999999999986)]",3.599999999999987,True
13,3,1407,12.989999999999997,0.00019999999999999998,0.00033999999999999997,"[4.0, 8.0]",5.242054503412753,4.749999999999997,4.0005162892567645,3.963392451645359,3.1211294427514185,0.8158245208518351,0.0,0.0,0.0,"[(4.05, 7.999999999999986)]",3.999999999999986,True
13,3,1407,12.999999999999996,0.00019999999999999998,0.00033999999999999997,"[4.0, 8.0]",5.1174371542324915,4.349999999999999,2.2991340748909295,1.8219542065422405,4.670205139128952,1.6233280227790723,0.0,0.0,0.0,"[(4.0, 5.349999999999995), (7.599999999999987, 7.999999999999986)]",1.8499999999999934,True
13,3,1407,13.009999999999996,0.00019999999999999998,0.00033999999999999997,"[4.0, 8.0]",4.978808158629235,4.0,1.0884560306407112,0.44252267565237,4.977898363320857,1.490331615995917,0.0,0.0,0.0,"[(4.0, 4.749999999999997)]",0.7999999999999972,True
13,3,1407,13.019999999999996,0.00019999999999999998,0.00033999999999999997,"[4.0, 8.0]",3.7005683682030783,4.0,1.8498770832124338,2.091562322801403,3.6974333654295997,1.0064480308632757,0.0,0.0,0.0,"[(4.0, 4.449999999999998), (5.149999999999996, 7.849999999999986)]",3.2499999999999885,True
13,3,1407,13.029999999999996,0.00019999999999999998,0.00033999999999999997,"[4.0, 8.0]",4.0288786468023465,6.499999999999991,3.005933524252567,3.665089499024875,4.021929386987715,1.3083264013546823,0.0,0.0,0.0,"[(4.649999999999998, 7.999999999999986)]",3.399999999999988,True
13,3,1407,13.039999999999996,0.00019999999999999998,0.00033999999999999997,"[4.0, 8.0]",3.9402234456219194,7.749999999999987,3.359794529365475,3.65010724919326,3.8169115442017314,0.8946517848658525,0.0,0.0,0.0,"[(4.199999999999999, 7.999999999999986)]",3.8499999999999863,True
13,3,1407,13.049999999999995,0.00019999999999999998,0.00033999999999999997,"[4.0, 8.0]",3.827365083869731,4.6999999999999975,2.6954254619391373,2.6310595953511156,2.0802864545014694,0.698371432072483,0.0,0.0,0.0,"[(4.0, 7.999999999999986)]",4.049999999999986,True
13,3,1407,13.059999999999995,0.00019999999999999998,0.00033999999999999997,"[4.0, 8.0]",3.6902106254024813,4.199999999999999,1.1130925734843942,0.5229111060688351,3.684516312332998,1.2714231026383325,0.0,0.0,0.0,"[(4.0, 5.399999999999995), (7.649999999999987, 7.999999999999986)]",1.8499999999999934,True
13,3,1407,13.069999999999995,0.00019999999999999998,0.00033999999999999997,"[4.0, 8.0]",3.2660469746815086,4.0,0.9050120246200031,0.8609036464450764,3.2659338209628044,0.7568796373639738,0.0,0.0,0.0,"[(4.0, 4.799999999999997), (5.449999999999995, 7.649999999999987)]",3.099999999999989,True
13,3,1407,13.079999999999995,0.00019999999999999998,0.00033999999999999997,"[4.0, 8.0]",2.721255327140286,6.549999999999991,1.7544163143438432,2.0206670931009136,2.7212447979118997,0.8872759072136908,0.0,0.0,0.0,"[(4.0, 7.999999999999986)]",4.049999999999986,True
13,3,1407,13.089999999999995,0.00019999999999999998,0.00033999999999999997,"[4.0, 8.0]",3.051807434722678,7.2499999999999885,2.479833157671526,3.0053720373912425,3.0512947223757663,0.9398136126199691,0.0,0.0,0.0,"[(4.0, 4.0), (4.199999999999999, 7.999999999999986)]",3.899999999999986,True
13,3,1407,13.099999999999994,0.00019999999999999998,0.00033999999999999997,"[4.0, 8.0]",2.9242343091204703,4.799999999999997,2.1623997248033695,2.118646120740843,1.8735594966911817,0.48220201673206375,0.0,0.0,0.0,"[(4.0, 7.999999999999986)]",4.049999999999986,True
13,3,1407,13.109999999999994,0.00019999999999999998,0.00033999999999999997,"[4.0, 8.0]",2.817867752854168,4.299999999999999,1.0410951471741587,0.6560345012483155,2.7188158941978937,0.9465301392569676,0.0,0.0,0.0,"[(4.0, 7.999999999999986)]",4.049999999999986,True
13,3,1407,13.119999999999994,0.00019999999999999998,0.00033999999999999997,"[4.0, 8.0]",2.6527438866183504,4.0,0.5814603114093428,0.40634270536401595,2.6527065178530633,0.6822425792156074,0.0,0.0,0.0,"[(4.0, 7.999999999999986)]",4.049999999999986,True
13,3,1407,13.129999999999994,0.00019999999999999998,0.00033999999999999997,"[4.0, 8.0]",2.2157150281740354,6.549999999999991,1.4472108035899336,1.7055035757673045,2.2156898197073227,0.7354539711828049,0.0,0.0,0.0,"[(4.0, 7.999999999999986)]",4.049999999999986,True
13,3,1407,13.139999999999993,0.00019999999999999998,0.00033999999999999997,"[4.0, 8.0]",2.3745245883237476,5.599999999999994,1.9608832325272245,2.2819202623700825,2.3719110293715353,0.6897151054613151,0.0,0.0,0.0,"[(4.0, 7.999999999999986)]",4.049999999999986,True
13,3,1407,13.149999999999993,0.00019999999999999998,0.00033999999999999997,"[4.0, 8.0]",2.272141757128197,4.749999999999997,1.5326136367366732,1.4935799241998835,1.3661078477115058,0.44085294115125423,0.0,0.0,0.0,"[(4.0, 7.999999999999986)]",4.049999999999986,True
13,3,1407,13.159999999999993,0.00019999999999999998,0.00033999999999999997,"[4.0, 8.0]",2.1469827779410937,4.1,0.47555492363212365,0.07901337749437605,2.1469373773329403,0.7038098539385552,0.0,0.0,0.0,"[(4.0, 7.999999999999986)]",4.049999999999986,True
13,3,1407,13.169999999999993,0.00019999999999999998,0.00033999999999999997,"[4.0, 8.0]",1.6697780247195446,4.0,0.7343317459879743,0.8021788447735346,1.668414053128108,0.42729226831802813,0.0,0.0,0.0,"[(4.0, 7.999999999999986)]",4.049999999999986,True
13,3,1407,13.179999999999993,0.00019999999999999998,0.00033999999999999997,"[4.0, 8.0]",1.919617839097389,7.2499999999999885,1.5199203030573707,1.8802312103357088,1.9195159108010613,0.623955779868325,0.0,0.0,0.0,"[(4.0, 7.999999999999986)]",4.049999999999986,True
13,3,1407,13.189999999999992,0.00019999999999999998,0.00033999999999999997,"[4.0, 8.0]",1.8236298482993443,4.849999999999997,1.254397385365212,1.2057143971813806,1.2849793745226155,0.34391567220816155,0.0,0.0,0.0,"[(4.0, 7.999999999999986)]",4.049999999999986,True
13,3,1407,13.199999999999992,0.00019999999999999998,0.00033999999999999997,"[4.0, 8.0]",1.714422755009988,4.1499999999999995,0.38664862444766956,0.06078209700114233,1.7143354124012553,0.5712110095658438,0.0,0.0,0.0,"[(4.0, 7.999999999999986)]",4.049999999999986,True
13,3,1407,12.85,0.000225,0.00017999999999999998,"[4.0, 8.0]",0.9068790294957918,6.3999999999999915,0.5746629280763549,0.6666472082967916,0.9059861977203245,0.3059579500556755,0.0,0.0,0.0,"[(4.0, 7.999999999999986)]",4.049999999999986,True
13,3,1407,12.86,0.000225,0.00017999999999999998,"[4.0, 8.0]",0.9742888747358072,6.449999999999991,0.6985398695084095,0.8522132860780897,0.9741019462148357,0.3240933560588931,0.0,0.0,0.0,"[(4.0, 7.999999999999986)]",4.049999999999986,True
13,3,1407,12.87,0.000225,0.00017999999999999998,"[4.0, 8.0]",0.9614917584993903,7.2499999999999885,0.7755707504770275,0.929374621056785,0.9609903733104576,0.29009133389298336,0.0,0.0,0.0,"[(4.0, 7.999999999999986)]",4.049999999999986,True
13,3,1407,12.879999999999999,0.000225,0.00017999999999999998,"[4.0, 8.0]",0.944089555668698,5.199999999999996,0.776170104570344,0.8374545881519428,0.9155195953924019,0.21736871343557418,0.0,0.0,0.0,"[(4.0, 7.999999999999986)]",4.049999999999986,True
13,3,1407,12.889999999999999,0.000225,0.00017999999999999998,"[4.0, 8.0]",0.9276632770528919,4.899999999999997,0.7000974036774964,0.7049444691453608,0.7584047945920217,0.1711220130250588,0.0,0.0,0.0,"[(4.0, 7.999999999999986)]",4.049999999999986,True
13,3,1407,12.899999999999999,0.000225,0.00017999999999999998,"[4.0, 8.0]",0.9114394713093856,4.649999999999998,0.5699693384446227,0.550046397483759,0.6119857607972488,0.20775646372667858,0.0,0.0,0.0,"[(4.0, 7.999999999999986)]",4.049999999999986,True
13,3,1407,12.909999999999998,0.000225,0.00017999999999999998,"[4.0, 8.0]",0.8954515839773107,4.449999999999998,0.41065859400386595,0.3347225103933437,0.7960945785257529,0.271688704257018,0.0,0.0,0.0,"[(4.0, 7.999999999999986)]",4.049999999999986,True
13,3,1407,12.919999999999998,0.000225,0.00017999999999999998,"[4.0, 8.0]",0.8777616935011114,4.249999999999999,0.25781758282572226,0.11274616170506158,0.8763910279904905,0.2981402306439552,0.0,0.0,0.0,"[(4.0, 7.999999999999986)]",4.049999999999986,True
13,3,1407,12.929999999999998,0.000225,0.00017999999999999998,"[4.0, 8.0]",0.8584184429132407,4.05,0.17183218277005252,0.053786837535304555,0.8584185482062935,0.25671921549107435,0.0,0.0,0.0,"[(4.0, 7.999999999999986)]",4.049999999999986,True
13,3,1407,12.939999999999998,0.000225,0.00017999999999999998,"[4.0, 8.0]",0.8015699594089962,4.0,0.18935669248272602,0.1613612003629071,0.8015357131191237,0.18588283267702996,0.0,0.0,0.0,"[(4.0, 7.999999999999986)]",4.049999999999986,True
13,3,1407,12.949999999999998,0.000225,0.00017999999999999998,"[4.0, 8.0]",0.644511643744578,4.0,0.2821021043707626,0.29542595967889296,0.6444853704824438,0.17462993709913582,0.0,0.0,0.0,"[(4.0, 7.999999999999986)]",4.049999999999986,True
13,3,1407,12.959999999999997,0.000225,0.00017999999999999998,"[4.0, 8.0]",0.6702658222275198,6.499999999999991,0.4092990920056486,0.45306662668799597,0.6702131105541457,0.22342354467118763,0.0,0.0,0.0,"[(4.0, 7.999999999999986)]",4.049999999999986,True
13,3,1407,12.969999999999997,0.000225,0.00017999999999999998,"[4.0, 8.0]",0.7621622242591665,6.499999999999991,0.5357949727486259,0.6576898816909548,0.7615911490866683,0.2577384908252222,0.0,0.0,0.0,"[(4.0, 7.999999999999986)]",4.049999999999986,True
13,3,1407,12.979999999999997,0.000225,0.00017999999999999998,"[4.0, 8.0]",0.7490829383923809,5.5499999999999945,0.60265504667988,0.7079238066737126,0.7485447744530775,0.22664828059853542,0.0,0.0,0.0,"[(4.0, 7.999999999999986)]",4.049999999999986,True
13,3,1407,12.989999999999997,0.000225,0.00017999999999999998,"[4.0, 8.0]",0.7318495816854333,7.899999999999986,0.5677934380186682,0.5924845939865581,0.6996708660630195,0.1582877523580052,0.0,0.0,0.0,"[(4.0, 7.999999999999986)]",4.049999999999986,True
13,3,1407,12.999999999999996,0.000225,0.00017999999999999998,"[4.0, 8.0]",0.715539712161385,4.749999999999997,0.4571268778557434,0.4437472728532226,0.5311347412192897,0.15686489860271705,0.0,0.0,0.0,"[(4.0, 7.999999999999986)]",4.049999999999986,True
13,3,1407,13.009999999999996,0.000225,0.00017999999999999998,"[4.0, 8.0]",0.6992999622771077,4.499999999999998,0.3051977258912228,0.2412885413061727,0.6364767908284081,0.2157435619704302,0.0,0.0,0.0,"[(4.0, 7.999999999999986)]",4.049999999999986,True
13,3,1407,13.019999999999996,0.000225,0.00017999999999999998,"[4.0, 8.0]",0.6796641509181102,4.199999999999999,0.16835503132780844,0.0350197247422135,0.6796616745518591,0.23115619259132333,0.0,0.0,0.0,"[(4.0, 7.999999999999986)]",4.049999999999986,True
13,3,1407,13.029999999999996,0.000225,0.00017999999999999998,"[4.0, 8.0]",0.6594964752774184,4.0,0.14647256311191936,0.10523915533823094,0.6594960279418912,0.16939853259728302,0.0,0.0,0.0,"[(4.0, 7.999999999999986)]",4.049999999999986,True
13,3,1407,13.039999999999996,0.000225,0.00017999999999999998,"[4.0, 8.0]",0.5532060737786922,4.0,0.22874386411526954,0.245089114254454,0.5530830222610635,0.14176758181084909,0.0,0.0,0.0,"[(4.0, 7.999999999999986)]",4.049999999999986,True
13,3,1407,13.049999999999995,0.000225,0.00017999999999999998,"[4.0, 8.0]",0.5646325210484352,6.499999999999991,0.35484512182394246,0.40164955430034316,0.5646284185358402,0.18815362334270266,0.0,0.0,0.0,"[(4.0, 7.999999999999986)]",4.049999999999986,True
13,3,1407,13.059999999999995,0.000225,0.00017999999999999998,"[4.0, 8.0]",0.6073432775815369,7.149999999999989,0.4645637666831673,0.5832691554994017,0.6070409713712167,0.20441575752428262,0.0,0.0,0.0,"[(4.0, 7.999999999999986)]",4.049999999999986,True
13,3,1407,13.069999999999995,0.000225,0.00017999999999999998,"[4.0, 8.0]",0.5890783406842908,5.199999999999996,0.4556563214082376,0.484606648561186,0.5861917887540151,0.14290525444714933,0.0,0.0,0.0,"[(4.0, 7.999999999999986)]",4.049999999999986,True
13,3,1407,13.079999999999995,0.000225,0.00017999999999999998,"[4.0, 8.0]",0.5732505281597481,4.799999999999997,0.3494705472608766,0.3336912534906228,0.45684610127020847,0.13193288798494487,0.0,0.0,0.0,"[(4.0, 7.999999999999986)]",4.049999999999986,True
13,3,1407,13.089999999999995,0.000225,0.00017999999999999998,"[4.0, 8.0]",0.5555369005867957,4.449999999999998,0.19640361353749672,0.1188001555143994,0.5429335255362632,0.18595385445961832,0.0,0.0,0.0,"[(4.0, 7.999999999999986)]",4.049999999999986,True
13,3,1407,13.099999999999994,0.000225,0.00017999999999999998,"[4.0, 8.0]",0.534629422728087,4.1,0.11686607970675221,0.05769988395569679,0.5346056176189897,0.158976648506004,0.0,0.0,0.0,"[(4.0, 7.999999999999986)]",4.049999999999986,True
13,3,1407,13.109999999999994,0.000225,0.00017999999999999998,"[4.0, 8.0]",0.4769370362927197,4.0,0.1847667095073482,0.19713041062682835,0.4765606810116069,0.1172163175472194,0.0,0.0,0.0,"[(4.0, 7.999999999999986)]",4.049999999999986,True
13,3,1407,13.119999999999994,0.000225,0.00017999999999999998,"[4.0, 8.0]",0.48097740735011774,6.549999999999991,0.3112853286341833,0.366618038567159,0.4805726881605044,0.1612104871136536,0.0,0.0,0.0,"[(4.0, 7.999999999999986)]",4.049999999999986,True
13,3,1407,13.129999999999994,0.000225,0.00017999999999999998,"[4.0, 8.0]",0.48959355906506463,5.499999999999995,0.38585063208816994,0.4491764424763503,0.48896049320969026,0.1496446200927407,0.0,0.0,0.0,"[(4.0, 7.999999999999986)]",4.049999999999986,True
13,3,1407,13.139999999999993,0.000225,0.00017999999999999998,"[4.0, 8.0]",0.47262769673042915,4.899999999999997,0.3085189441248414,0.30239165401879864,0.4344509394188038,0.1050826020663526,0.0,0.0,0.0,"[(4.0, 7.999999999999986)]",4.049999999999986,True
13,3,1407,13.149999999999993,0.000225,0.00017999999999999998,"[4.0, 8.0]",0.45471611172656334,4.499999999999998,0.1600665512882804,0.10157349427956097,0.44488972316843206,0.1521321773973477,0.0,0.0,0.0,"[(4.0, 7.999999999999986)]",4.049999999999986,True
13,3,1407,13.159999999999993,0.000225,0.00017999999999999998,"[4.0, 8.0]",0.43334833033660347,4.05,0.10796402604278439,0.08141935764597599,0.43324531409955275,0.11704499166787885,0.0,0.0,0.0,"[(4.0, 7.999999999999986)]",4.049999999999986,True
13,3,1407,13.169999999999993,0.000225,0.00017999999999999998,"[4.0, 8.0]",0.3428011760371042,4.0,0.20557528194126728,0.2301925790624355,0.34277696436569527,0.112238579073321,0.0,0.0,0.0,"[(4.0, 7.999999999999986)]",4.049999999999986,True
13,3,1407,13.179999999999993,0.000225,0.00017999999999999998,"[4.0, 8.0]",0.4111796991886527,7.449999999999988,0.3185034968703716,0.39131062431273533,0.41088427012839973,0.1364833044695736,0.0,0.0,0.0,"[(4.0, 7.999999999999986)]",4.049999999999986,True
13,3,1407,13.189999999999992,0.000225,0.00017999999999999998,"[4.0, 8.0]",0.39347806155139964,4.949999999999997,0.2495043542620642,0.2398653473604983,0.3705522890450594,0.0903060265418556,0.0,0.0,0.0,"[(4.0, 7.999999999999986)]",4.049999999999986,True
13,3,1407,13.199999999999992,0.000225,0.00017999999999999998,"[4.0, 8.0]",0.37325554548641443,4.349999999999999,0.10024236277492361,0.024109330498883322,0.3732370369974183,0.13047347763254313,0.0,0.0,0.0,"[(4.0, 7.999999999999986)]",4.049999999999986,True
13,3,1407,12.85,0.000225,0.00019999999999999998,"[4.0, 8.0]",1.3878719820050855,4.1,0.3318642468662271,0.0892563458385233,1.387811558224142,0.4505553923814135,0.0,0.0,0.0,"[(4.0, 7.999999999999986)]",4.049999999999986,True
13,3,1407,12.86,0.000225,0.00019999999999999998,"[4.0, 8.0]",1.3520230713831303,4.0,0.2525503987828532,0.11810697471829669,1.3518034387685673,0.3640192073480373,0.0,0.0,0.0,"[(4.0, 7.999999999999986)]",4.049999999999986,True
13,3,1407,12.87,0.000225,0.00019999999999999998,"[4.0, 8.0]",1.189942093327042,4.0,0.30042900173776305,0.27531223331320553,1.1899298964572875,0.2663204870036066,0.0,0.0,0.0,"[(4.0, 7.999999999999986)]",4.049999999999986,True
13,3,1407,12.879999999999999,0.000225,0.00019999999999999998,"[4.0, 8.0]",0.8974090006828248,4.0,0.45379901203596823,0.49632419095916364,0.8967840460587629,0.27484402062487767,0.0,0.0,0.0,"[(4.0, 7.999999999999986)]",4.049999999999986,True
13,3,1407,12.889999999999999,0.000225,0.00019999999999999998,"[4.0, 8.0]",1.0456620255803433,6.449999999999991,0.6439156549218396,0.7376501246123577,1.0456616548872397,0.35023820375683695,0.0,0.0,0.0,"[(4.0, 7.999999999999986)]",4.049999999999986,True
13,3,1407,12.899999999999999,0.000225,0.00019999999999999998,"[4.0, 8.0]",1.1712196197009517,6.449999999999991,0.8127039736112204,0.9954990179290218,1.171218728704174,0.3925264432837999,0.0,0.0,0.0,"[(4.0, 7.999999999999986)]",4.049999999999986,True
13,3,1407,12.909999999999998,0.000225,0.00019999999999999998,"[4.0, 8.0]",1.170784648291485,5.799999999999994,0.9263115177968962,1.1397531918388368,1.17009414491184,0.36961542380081036,0.0,0.0,0.0,"[(4.0, 7.999999999999986)]",4.049999999999986,True
13,3,1407,12.919999999999998,0.000225,0.00019999999999999998,"[4.0, 8.0]",1.1480472205405328,7.649999999999987,0.9479601588153317,1.0384990614073861,1.1307221595687262,0.28012909688406074,0.0,0.0,0.0,"[(4.0, 7.999999999999986)]",4.049999999999986,True
13,3,1407,12.929999999999998,0.000225,0.00019999999999999998,"[4.0, 8.0]",1.123966111230212,4.899999999999997,0.8431293544291631,0.8395711517554261,0.9095748236154853,0.20595109983817786,0.0,0.0,0.0,"[(4.0, 7.999999999999986)]",4.049999999999986,True
13,3,1407,12.939999999999998,0.000225,0.00019999999999999998,"[4.0, 8.0]",1.1000053196463284,4.599999999999998,0.6407159659385447,0.6061816281835279,0.8082568863399222,0.27221735767357663,0.0,0.0,0.0,"[(4.0, 7.999999999999986)]",4.049999999999986,True
13,3,1407,12.949999999999998,0.000225,0.00019999999999999998,"[4.0, 8.0]",1.0773364089011301,4.399999999999999,0.42447161144385553,0.30741338460167644,1.0204362434298935,0.3503402458051732,0.0,0.0,0.0,"[(4.0, 7.999999999999986)]",4.049999999999986,True
13,3,1407,12.959999999999997,0.000225,0.00019999999999999998,"[4.0, 8.0]",1.0550135737154644,4.1499999999999995,0.26027020002692086,0.06490116775284228,1.0550061584555475,0.35402220619348146,0.0,0.0,0.0,"[(4.0, 7.999999999999986)]",4.049999999999986,True
13,3,1407,12.969999999999997,0.000225,0.00019999999999999998,"[4.0, 8.0]",1.0280874084448794,4.0,0.2061313732871831,0.11429298599350003,1.0280834531951537,0.2732977036020677,0.0,0.0,0.0,"[(4.0, 7.999999999999986)]",4.049999999999986,True
13,3,1407,12.979999999999997,0.000225,0.00019999999999999998,"[4.0, 8.0]",0.85804741510617,4.0,0.3047944180021928,0.321650360557176,0.858045506657012,0.20542455742408552,0.0,0.0,0.0,"[(4.0, 7.999999999999986)]",4.049999999999986,True
13,3,1407,12.989999999999997,0.000225,0.00019999999999999998,"[4.0, 8.0]",0.7987658563163571,6.499999999999991,0.4862660150505827,0.545549707138231,0.7983388404085348,0.26508060021516705,0.0,0.0,0.0,"[(4.0, 7.999999999999986)]",4.049999999999986,True
13,3,1407,12.999999999999996,0.000225,0.00019999999999999998,"[4.0, 8.0]",0.9246885156405793,6.499999999999991,0.6449810327698685,0.7957223071101333,0.9243320697872857,0.31277611549491713,0.0,0.0,0.0,"[(4.0, 7.999999999999986)]",4.049999999999986,True
13,3,1407,13.009999999999996,0.000225,0.00019999999999999998,"[4.0, 8.0]",0.9135185320586349,5.649999999999994,0.7318165664073139,0.8736997068495084,0.9134451656139333,0.2833938395327971,0.0,0.0,0.0,"[(4.0, 7.999999999999986)]",4.049999999999986,True
13,3,1407,13.019999999999996,0.000225,0.00019999999999999998,"[4.0, 8.0]",0.8891177029347412,7.949999999999986,0.6861541530827275,0.7061759721277571,0.8406042334787889,0.18771637116588558,0.0,0.0,0.0,"[(4.0, 7.999999999999986)]",4.049999999999986,True
13,3,1407,13.029999999999996,0.000225,0.00019999999999999998,"[4.0, 8.0]",0.8634708882175994,4.6999999999999975,0.49819386699603463,0.4590211119329926,0.6338601222968046,0.21200361481829544,0.0,0.0,0.0,"[(4.0, 7.999999999999986)]",4.049999999999986,True
13,3,1407,13.039999999999996,0.000225,0.00019999999999999998,"[4.0, 8.0]",0.8420791443154801,4.399999999999999,0.298498025141871,0.18620687707494085,0.8216819531637672,0.28255178068607756,0.0,0.0,0.0,"[(4.0, 7.999999999999986)]",4.049999999999986,True
13,3,1407,13.049999999999995,0.000225,0.00019999999999999998,"[4.0, 8.0]",0.8194555954876176,4.1499999999999995,0.17816957256886948,0.04200253085053518,0.8193808965002773,0.2641277165446941,0.0,0.0,0.0,"[(4.0, 7.999999999999986)]",4.049999999999986,True
13,3,1407,13.059999999999995,0.000225,0.00019999999999999998,"[4.0, 8.0]",0.7549715620528291,4.0,0.2207686525842398,0.21454834828802424,0.7549213538631842,0.17435968690249132,0.0,0.0,0.0,"[(4.0, 7.999999999999986)]",4.049999999999986,True
13,3,1407,13.069999999999995,0.000225,0.00019999999999999998,"[4.0, 8.0]",0.6498291692899266,6.549999999999991,0.39885138774518525,0.45016999592361606,0.6495273249920384,0.21485639853618518,0.0,0.0,0.0,"[(4.0, 7.999999999999986)]",4.049999999999986,True
13,3,1407,13.079999999999995,0.000225,0.00019999999999999998,"[4.0, 8.0]",0.7470718064664841,6.599999999999991,0.5412009963018161,0.6746998532796324,0.7463766069972351,0.2552077260534777,0.0,0.0,0.0,"[(4.0, 7.999999999999986)]",4.049999999999986,True
13,3,1407,13.089999999999995,0.000225,0.00019999999999999998,"[4.0, 8.0]",0.7246584086013741,5.349999999999995,0.5768435512624461,0.6437620296450313,0.7236895827244721,0.19835195520771626,0.0,0.0,0.0,"[(4.0, 7.999999999999986)]",4.049999999999986,True
13,3,1407,13.099999999999994,0.000225,0.00019999999999999998,"[4.0, 8.0]",0.6976204081134123,4.799999999999997,0.4205956664432863,0.39888799596265206,0.5373445908176273,0.16167238779144302,0.0,0.0,0.0,"[(4.0, 7.999999999999986)]",4.049999999999986,True
13,3,1407,13.109999999999994,0.000225,0.00019999999999999998,"[4.0, 8.0]",0.6755815956674488,4.399999999999999,0.22740379543964853,0.12466760818690227,0.6664391057544841,0.22974004090965378,0.0,0.0,0.0,"[(4.0, 7.999999999999986)]",4.049999999999986,True
13,3,1407,13.119999999999994,0.000225,0.00019999999999999998,"[4.0, 8.0]",0.652800094992667,4.1,0.1424683966873967,0.06361644882963963,0.6527993640711128,0.19644222852195672,0.0,0.0,0.0,"[(4.0, 7.999999999999986)]",4.049999999999986,True
13,3,1407,13.129999999999994,0.000225,0.00019999999999999998,"[4.0, 8.0]",0.5166764340766188,4.0,0.2715456442799113,0.29996517418311264,0.5166603627523801,0.15307948914373115,0.0,0.0,0.0,"[(4.0, 7.999999999999986)]",4.049999999999986,True
13,3,1407,13.139999999999993,0.000225,0.00019999999999999998,"[4.0, 8.0]",0.6129459523010592,6.549999999999991,0.42983547827694296,0.5307552316832004,0.6129261996809522,0.20997948505119415,0.0,0.0,0.0,"[(4.0, 7.999999999999986)]",4.049999999999986,True
13,3,1407,13.149999999999993,0.000225,0.00019999999999999998,"[4.0, 8.0]",0.5925975270450515,7.849999999999986,0.46216757130112773,0.5101793628224662,0.5924552721816748,0.1611084338123645,0.0,0.0,0.0,"[(4.0, 7.999999999999986)]",4.049999999999986,True
13,3,1407,13.159999999999993,0.000225,0.00019999999999999998,"[4.0, 8.0]",0.5648733623777131,4.649999999999998,0.2717815362373108,0.23615403274649852,0.4816654603137279,0.1601236898793573,0.0,0.0,0.0,"[(4.0, 7.999999999999986)]",4.049999999999986,True
13,3,1407,13.169999999999993,0.000225,0.00019999999999999998,"[4.0, 8.0]",0.5434371757113086,4.249999999999999,0.1313048213544674,0.016356467958453132,0.5434243102036448,0.1864882780623612,0.0,0.0,0.0,"[(4.0, 7.999999999999986)]",4.049999999999986,True
13,3,1407,13.179999999999993,0.000225,0.00019999999999999998,"[4.0, 8.0]",0.47106537075138477,4.0,0.20835190198854714,0.22357331874040515,0.4710316011010132,0.1227513982603379,0.0,0.0,0.0,"[(4.0, 7.999999999999986)]",4.049999999999986,True
13,3,1407,13.189999999999992,0.000225,0.00019999999999999998,"[4.0, 8.0]",0.5114976881787217,6.69999999999999,0.3673196893809138,0.4620795598314312,0.5112979985879559,0.17677596691869082,0.0,0.0,0.0,"[(4.0, 7.999999999999986)]",4.049999999999986,True
13,3,1407,13.199999999999992,0.000225,0.00019999999999999998,"[4.0, 8.0]",0.48587551797902834,5.049999999999996,0.339779005313855,0.3391629223906744,0.47823735257354877,0.11142654946919772,0.0,0.0,0.0,"[(4.0, 7.999999999999986)]",4.049999999999986,True
13,3,1407,12.85,0.000225,0.00021999999999999998,"[4.0, 8.0]",1.794007248172598,7.399999999999988,1.5051266381326496,1.6967997967272468,1.7835049878246525,0.4706669002951028,0.0,0.0,0.0,"[(4.0, 7.999999999999986)]",4.049999999999986,True
13,3,1407,12.86,0.000225,0.00021999999999999998,"[4.0, 8.0]",1.7639686899985618,7.7999999999999865,1.459054749770614,1.5126894902220853,1.5354299901869846,0.32596668754016206,0.0,0.0,0.0,"[(4.0, 7.999999999999986)]",4.049999999999986,True
13,3,1407,12.87,0.000225,0.00021999999999999998,"[4.0, 8.0]",1.7306753718890653,4.749999999999997,1.2529114864690307,1.2351679960011883,1.0714090187140788,0.31192746788545234,0.0,0.0,0.0,"[(4.0, 7.999999999999986)]",4.049999999999986,True
13,3,1407,12.879999999999999,0.000225,0.00021999999999999998,"[4.0, 8.0]",1.6979651520354264,4.499999999999998,0.9286511253185088,0.8526351258030623,1.3372255470326522,0.4573630421409342,0.0,0.0,0.0,"[(4.0, 7.999999999999986)]",4.049999999999986,True
13,3,1407,12.889999999999999,0.000225,0.00021999999999999998,"[4.0, 8.0]",1.665079422514196,4.299999999999999,0.6012689953032192,0.37881356196179633,1.6128659052904137,0.5524150281549467,0.0,0.0,0.0,"[(4.0, 7.999999999999986)]",4.049999999999986,True
13,3,1407,12.899999999999999,0.000225,0.00021999999999999998,"[4.0, 8.0]",1.6354011977222924,4.1,0.37472592253131326,0.0667434246723926,1.6353807611548872,0.528153925410043,0.0,0.0,0.0,"[(4.0, 7.999999999999986)]",4.049999999999986,True
13,3,1407,12.909999999999998,0.000225,0.00021999999999999998,"[4.0, 8.0]",1.5769123105570484,4.0,0.30497538784181616,0.17540765597104577,1.5768934058650428,0.40793111706033247,0.0,0.0,0.0,"[(4.0, 7.999999999999986)]",4.049999999999986,True
13,3,1407,12.919999999999998,0.000225,0.00021999999999999998,"[4.0, 8.0]",1.3239503755453694,4.0,0.41664820048516354,0.4308619900970734,1.3237003948288437,0.3049230512881587,0.0,0.0,0.0,"[(4.0, 7.999999999999986)]",4.049999999999986,True
13,3,1407,12.929999999999998,0.000225,0.00021999999999999998,"[4.0, 8.0]",1.1197124411763386,6.449999999999991,0.6666446362201599,0.7459753328933588,1.1191924674996445,0.3724002218211217,0.0,0.0,0.0,"[(4.0, 7.999999999999986)]",4.049999999999986,True
13,3,1407,12.939999999999998,0.000225,0.00021999999999999998,"[4.0, 8.0]",1.3681679220809484,6.449999999999991,0.9253428222591008,1.1132288317119636,1.3680999324203478,0.45931276788118147,0.0,0.0,0.0,"[(4.0, 7.999999999999986)]",4.049999999999986,True
13,3,1407,12.949999999999998,0.000225,0.00021999999999999998,"[4.0, 8.0]",1.3911299100334087,7.049999999999989,1.09113991644316,1.3382195594476327,1.390710236010327,0.44641304077964034,0.0,0.0,0.0,"[(4.0, 7.999999999999986)]",4.049999999999986,True
13,3,1407,12.959999999999997,0.000225,0.00021999999999999998,"[4.0, 8.0]",1.3634716132874336,7.649999999999987,1.1280517345844858,1.241279545557641,1.3496637943646324,0.3409259486574972,0.0,0.0,0.0,"[(4.0, 7.999999999999986)]",4.049999999999986,True
13,3,1407,12.969999999999997,0.000225,0.00021999999999999998,"[4.0, 8.0]",1.3330220190068462,4.899999999999997,0.9990613531919673,0.9929558002670508,1.0717891197107339,0.2416632760795517,0.0,0.0,0.0,"[(4.0, 7.999999999999986)]",4.049999999999986,True
13,3,1407,12.979999999999997,0.000225,0.00021999999999999998,"[4.0, 8.0]",1.2991928988193084,4.549999999999998,0.7039002515503476,0.6535462522445602,1.0260851024864552,0.34620563858255304,0.0,0.0,0.0,"[(4.0, 7.999999999999986)]",4.049999999999986,True
13,3,1407,12.989999999999997,0.000225,0.00021999999999999998,"[4.0, 8.0]",1.2669865644691085,4.299999999999999,0.4036120975993805,0.2033700038959816,1.256718069770507,0.4319879701052455,0.0,0.0,0.0,"[(4.0, 7.999999999999986)]",4.049999999999986,True
13,3,1407,12.999999999999996,0.000225,0.00021999999999999998,"[4.0, 8.0]",1.2372782791136385,4.05,0.2542586757635701,0.07274670945203682,1.2372125655737938,0.37986194799215967,0.0,0.0,0.0,"[(4.0, 7.999999999999986)]",4.049999999999986,True
13,3,1407,13.009999999999996,0.000225,0.00021999999999999998,"[4.0, 8.0]",1.140507943021837,4.0,0.29364543598138926,0.26398155484982916,1.1403520187742815,0.26274862699207296,0.0,0.0,0.0,"[(4.0, 7.999999999999986)]",4.049999999999986,True
13,3,1407,13.019999999999996,0.000225,0.00021999999999999998,"[4.0, 8.0]",0.8653788091752995,6.499999999999991,0.51596468552522,0.5764983859733399,0.8644677661521788,0.2868095586526758,0.0,0.0,0.0,"[(4.0, 7.999999999999986)]",4.049999999999986,True
13,3,1407,13.029999999999996,0.000225,0.00021999999999999998,"[4.0, 8.0]",1.0987363134166277,6.499999999999991,0.7654779757675939,0.9373336256989845,1.098674939613803,0.3716927458910114,0.0,0.0,0.0,"[(4.0, 7.999999999999986)]",4.049999999999986,True
13,3,1407,13.039999999999996,0.000225,0.00021999999999999998,"[4.0, 8.0]",1.0857257653316779,5.599999999999994,0.8753306874083835,1.0343780824143447,1.0852454418936783,0.3312311773449814,0.0,0.0,0.0,"[(4.0, 7.999999999999986)]",4.049999999999986,True
13,3,1407,13.049999999999995,0.000225,0.00021999999999999998,"[4.0, 8.0]",1.057513413991176,7.999999999999986,0.8148319965991354,0.8459265476709775,0.9895998822566872,0.21867681309599465,0.0,0.0,0.0,"[(4.0, 7.999999999999986)]",4.049999999999986,True
13,3,1407,13.059999999999995,0.000225,0.00021999999999999998,"[4.0, 8.0]",1.0234058975910623,4.599999999999998,0.5503709275077123,0.5013525225125774,0.8077277834620247,0.27005766444328194,0.0,0.0,0.0,"[(4.0, 7.999999999999986)]",4.049999999999986,True
13,3,1407,13.069999999999995,0.000225,0.00021999999999999998,"[4.0, 8.0]",0.9900454326479512,4.249999999999999,0.27239065042541516,0.09208413257654154,0.9900446357542884,0.3427873476753118,0.0,0.0,0.0,"[(4.0, 7.999999999999986)]",4.049999999999986,True
13,3,1407,13.079999999999995,0.000225,0.00021999999999999998,"[4.0, 8.0]",0.9616726670111687,4.0,0.2065592269775631,0.122761555243201,0.9616508960245987,0.2628368475212132,0.0,0.0,0.0,"[(4.0, 7.999999999999986)]",4.049999999999986,True
13,3,1407,13.089999999999995,0.000225,0.00021999999999999998,"[4.0, 8.0]",0.7689020590993444,4.0,0.35630138292007385,0.3888003073044136,0.7684673373574012,0.20895499426987785,0.0,0.0,0.0,"[(4.0, 7.999999999999986)]",4.049999999999986,True
13,3,1407,13.099999999999994,0.000225,0.00021999999999999998,"[4.0, 8.0]",0.8874786226641234,6.549999999999991,0.6156812117997308,0.7617153339046847,0.8869157213840513,0.30213772076263046,0.0,0.0,0.0,"[(4.0, 7.999999999999986)]",4.049999999999986,True
13,3,1407,13.109999999999994,0.000225,0.00021999999999999998,"[4.0, 8.0]",0.8695362458274707,7.649999999999987,0.6973836512854555,0.8001508114236321,0.868731399234432,0.25409805538974006,0.0,0.0,0.0,"[(4.0, 7.999999999999986)]",4.049999999999986,True
13,3,1407,13.119999999999994,0.000225,0.00021999999999999998,"[4.0, 8.0]",0.8409554997811379,4.899999999999997,0.5668092037211849,0.5494230753473094,0.7223751638726825,0.17475617282998174,0.0,0.0,0.0,"[(4.0, 7.999999999999986)]",4.049999999999986,True
13,3,1407,13.129999999999994,0.000225,0.00021999999999999998,"[4.0, 8.0]",0.804359693274424,4.399999999999999,0.2595233900843042,0.13274374729778848,0.798257944802624,0.27680531432411837,0.0,0.0,0.0,"[(4.0, 7.999999999999986)]",4.049999999999986,True
13,3,1407,13.139999999999993,0.000225,0.00021999999999999998,"[4.0, 8.0]",0.7745834837857182,4.05,0.17411324627740224,0.10721356738528644,0.7744517692339253,0.21767143278117165,0.0,0.0,0.0,"[(4.0, 7.999999999999986)]",4.049999999999986,True
13,3,1407,13.149999999999993,0.000225,0.00021999999999999998,"[4.0, 8.0]",0.5920880358679713,4.0,0.3383618622502191,0.3701229166604748,0.5918141062848289,0.18698236221812728,0.0,0.0,0.0,"[(4.0, 7.999999999999986)]",4.049999999999986,True
13,3,1407,13.159999999999993,0.000225,0.00021999999999999998,"[4.0, 8.0]",0.7257502564466558,5.899999999999993,0.5579470382472524,0.705181046798903,0.725670842494803,0.24561542094095745,0.0,0.0,0.0,"[(4.0, 7.999999999999986)]",4.049999999999986,True
13,3,1407,13.169999999999993,0.000225,0.00021999999999999998,"[4.0, 8.0]",0.6987696522173598,5.099999999999996,0.5098810319181248,0.523857233169033,0.6815025545129679,0.155994213631571,0.0,0.0,0.0,"[(4.0, 7.999999999999986)]",4.049999999999986,True
13,3,1407,13.179999999999993,0.000225,0.00021999999999999998,"[4.0, 8.0]",0.6623210953310298,4.449999999999998,0.2204245168476491,0.118667520844266,0.6547120151226106,0.22645999406336,0.0,0.0,0.0,"[(4.0, 7.999999999999986)]",4.049999999999986,True
13,3,1407,13.189999999999992,0.000225,0.00021999999999999998,"[4.0, 8.0]",0.6312126585921439,4.0,0.16144269590069693,0.12900358116776675,0.6312103400193176,0.16485132703002817,0.0,0.0,0.0,"[(4.0, 7.999999999999986)]",4.049999999999986,True
13,3,1407,13.199999999999992,0.000225,0.00021999999999999998,"[4.0, 8.0]",0.5874366199632843,6.599999999999991,0.3824645765354853,0.45562987097768853,0.587432334374613,0.1972863743497284,0.0,0.0,0.0,"[(4.0, 7.999999999999986)]",4.049999999999986,True
13,3,1407,12.85,0.000225,0.00023999999999999998,"[4.0, 8.0]",2.5304824281382876,4.0,0.4938782136728944,0.14336006925292905,2.5303642218101148,0.7302215489199642,0.0,0.0,0.0,"[(4.0, 7.999999999999986)]",4.049999999999986,True
13,3,1407,12.86,0.000225,0.00023999999999999998,"[4.0, 8.0]",2.2642149070681388,4.0,0.5125886429933663,0.41881427506358027,2.2642051716888107,0.5194283448793141,0.0,0.0,0.0,"[(4.0, 7.999999999999986)]",4.049999999999986,True
13,3,1407,12.87,0.000225,0.00023999999999999998,"[4.0, 8.0]",1.7090194483277579,4.0,0.7869954652341441,0.8645921836912858,1.7087571492384561,0.4816376021283992,0.0,0.0,0.0,"[(4.0, 7.999999999999986)]",4.049999999999986,True
13,3,1407,12.879999999999999,0.000225,0.00023999999999999998,"[4.0, 8.0]",1.8735722672922477,6.449999999999991,1.1740883173475523,1.351668943239107,1.8723931924240698,0.6230486527677972,0.0,0.0,0.0,"[(4.0, 7.999999999999986)]",4.049999999999986,True
13,3,1407,12.889999999999999,0.000225,0.00023999999999999998,"[4.0, 8.0]",2.106396983498401,6.449999999999991,1.5099294977172049,1.8429170254776517,2.1063885802972386,0.6937021799849789,0.0,0.0,0.0,"[(4.0, 7.999999999999986)]",4.049999999999986,True
13,3,1407,12.899999999999999,0.000225,0.00023999999999999998,"[4.0, 8.0]",2.095314744327332,7.199999999999989,1.709712149182469,2.0510380928740215,2.0953098341883147,0.6224977878422553,0.0,0.0,0.0,"[(4.0, 7.999999999999986)]",4.049999999999986,True
13,3,1407,12.909999999999998,0.000225,0.00023999999999999998,"[4.0, 8.0]",2.0566222778370835,5.199999999999996,1.7312309219369364,1.8550676502832097,1.9312015199244241,0.441132163350593,0.0,0.0,0.0,"[(4.0, 7.999999999999986)]",4.049999999999986,True
13,3,1407,12.919999999999998,0.000225,0.00023999999999999998,"[4.0, 8.0]",2.0137274574816537,4.849999999999997,1.5231328000936244,1.5155415825647078,1.380156752411848,0.33630809120445027,0.0,0.0,0.0,"[(4.0, 7.999999999999986)]",4.049999999999986,True
13,3,1407,12.929999999999998,0.000225,0.00023999999999999998,"[4.0, 8.0]",1.96931046498351,4.499999999999998,1.0944909114880117,1.0180526456257968,1.5257325288312673,0.52011707257942,0.0,0.0,0.0,"[(4.0, 7.999999999999986)]",4.049999999999986,True
13,3,1407,12.939999999999998,0.000225,0.00023999999999999998,"[4.0, 8.0]",1.9257272931265113,4.249999999999999,0.6412636951218219,0.37104573869148916,1.8957550140103978,0.6484621270929636,0.0,0.0,0.0,"[(4.0, 7.999999999999986)]",4.049999999999986,True
13,3,1407,12.949999999999998,0.000225,0.00023999999999999998,"[4.0, 8.0]",1.882198841380815,4.05,0.38700553852905706,0.0847535440120545,1.882157059994473,0.5778231429493904,0.0,0.0,0.0,"[(4.0, 7.999999999999986)]",4.049999999999986,True
13,3,1407,12.959999999999997,0.000225,0.00023999999999999998,"[4.0, 8.0]",1.733660427793951,4.0,0.3982080685552137,0.3338533073318063,1.7335058712863347,0.405637961640527,0.0,0.0,0.0,"[(4.0, 7.999999999999986)]",4.049999999999986,True
13,3,1407,12.969999999999997,0.000225,0.00023999999999999998,"[4.0, 8.0]",1.2741156005159149,4.0,0.6536611661798727,0.7212898496890725,1.274111877244902,0.38127419208775204,0.0,0.0,0.0,"[(4.0, 7.999999999999986)]",4.049999999999986,True
13,3,1407,12.979999999999997,0.000225,0.00023999999999999998,"[4.0, 8.0]",1.5518549555063088,6.499999999999991,1.0214815768942536,1.2203549711895791,1.5509036310494086,0.519509245749064,0.0,0.0,0.0,"[(4.0, 7.999999999999986)]",4.049999999999986,True
13,3,1407,12.989999999999997,0.000225,0.00023999999999999998,"[4.0, 8.0]",1.6203984794621549,5.899999999999993,1.2725694047155778,1.5665210091509194,1.620172876189741,0.5214301869597273,0.0,0.0,0.0,"[(4.0, 7.999999999999986)]",4.049999999999986,True
13,3,1407,12.999999999999996,0.000225,0.00023999999999999998,"[4.0, 8.0]",1.5839908261406064,7.749999999999987,1.3097868699930628,1.4181300871950548,1.550920844900624,0.3773752434545616,0.0,0.0,0.0,"[(4.0, 7.999999999999986)]",4.049999999999986,True
13,3,1407,13.009999999999996,0.000225,0.00023999999999999998,"[4.0, 8.0]",1.5460760325681484,4.849999999999997,1.1189667057354558,1.1107056014102767,1.148799075552747,0.28120214867341575,0.0,0.0,0.0,"[(4.0, 7.999999999999986)]",4.049999999999986,True
13,3,1407,13.019999999999996,0.000225,0.00023999999999999998,"[4.0, 8.0]",1.501081293012951,4.449999999999998,0.7043395896554445,0.5845070070377679,1.3148861376151766,0.4494038339854824,0.0,0.0,0.0,"[(4.0, 7.999999999999986)]",4.049999999999986,True
13,3,1407,13.029999999999996,0.000225,0.00023999999999999998,"[4.0, 8.0]",1.4567998576299226,4.1499999999999995,0.34801578980493536,0.0668000824584427,1.4567623721460727,0.48835644994835864,0.0,0.0,0.0,"[(4.0, 7.999999999999986)]",4.049999999999986,True
13,3,1407,13.039999999999996,0.000225,0.00023999999999999998,"[4.0, 8.0]",1.3891498328460503,4.0,0.3083653883325943,0.22681973750890516,1.3889123078789845,0.3432134729878462,0.0,0.0,0.0,"[(4.0, 7.999999999999986)]",4.049999999999986,True
13,3,1407,13.049999999999995,0.000225,0.00023999999999999998,"[4.0, 8.0]",1.0504692877588981,4.0,0.5222118275683784,0.5740157121485598,1.0501986805445154,0.3019557051013458,0.0,0.0,0.0,"[(4.0, 7.999999999999986)]",4.049999999999986,True
13,3,1407,13.059999999999995,0.000225,0.00023999999999999998,"[4.0, 8.0]",1.2690395077531644,6.549999999999991,0.8644657076482131,1.0471369750281248,1.2685582413589584,0.42874063190318856,0.0,0.0,0.0,"[(4.0, 7.999999999999986)]",4.049999999999986,True
13,3,1407,13.069999999999995,0.000225,0.00023999999999999998,"[4.0, 8.0]",1.2651954877483285,7.549999999999987,1.0291362219610398,1.1921678120013461,1.2651796351603244,0.37137954157501746,0.0,0.0,0.0,"[(4.0, 7.999999999999986)]",4.049999999999986,True
13,3,1407,13.079999999999995,0.000225,0.00023999999999999998,"[4.0, 8.0]",1.2291355221295095,4.9999999999999964,0.9163527004275089,0.9215287334716177,1.079579136255411,0.23663829928364907,0.0,0.0,0.0,"[(4.0, 7.999999999999986)]",4.049999999999986,True
13,3,1407,13.089999999999995,0.000225,0.00023999999999999998,"[4.0, 8.0]",1.1891961211502382,4.549999999999998,0.5725690143032447,0.4889762921922863,1.0223963544445214,0.34568198914174736,0.0,0.0,0.0,"[(4.0, 7.999999999999986)]",4.049999999999986,True
13,3,1407,13.099999999999994,0.000225,0.00023999999999999998,"[4.0, 8.0]",1.1416286163669125,4.1499999999999995,0.25149256899965383,0.0513453225363123,1.1415020943234138,0.3728106876174693,0.0,0.0,0.0,"[(4.0, 7.999999999999986)]",4.049999999999986,True
13,3,1407,13.109999999999994,0.000225,0.00023999999999999998,"[4.0, 8.0]",1.034380666372884,4.0,0.31901998002528553,0.31122876037357144,1.0339605056122694,0.23807600697212639,0.0,0.0,0.0,"[(4.0, 7.999999999999986)]",4.049999999999986,True
13,3,1407,13.119999999999994,0.000225,0.00023999999999999998,"[4.0, 8.0]",0.9467179019706184,6.549999999999991,0.5971656502778047,0.6850123850204934,0.9462845343885776,0.3144214959149277,0.0,0.0,0.0,"[(4.0, 7.999999999999986)]",4.049999999999986,True
13,3,1407,13.129999999999994,0.000225,0.00023999999999999998,"[4.0, 8.0]",1.025680571537817,5.599999999999994,0.8210174342988495,0.9715671754133295,1.025312929888327,0.31843339219561295,0.0,0.0,0.0,"[(4.0, 7.999999999999986)]",4.049999999999986,True
13,3,1407,13.139999999999993,0.000225,0.00023999999999999998,"[4.0, 8.0]",0.9882696170990647,4.949999999999997,0.6887385422618727,0.6742130076891694,0.8608541014494077,0.19915922503270858,0.0,0.0,0.0,"[(4.0, 7.999999999999986)]",4.049999999999986,True
13,3,1407,13.149999999999993,0.000225,0.00023999999999999998,"[4.0, 8.0]",0.948940683276488,4.449999999999998,0.34761425546790314,0.2278665812250098,0.9183996390078584,0.31681718940300063,0.0,0.0,0.0,"[(4.0, 7.999999999999986)]",4.049999999999986,True
13,3,1407,13.159999999999993,0.000225,0.00023999999999999998,"[4.0, 8.0]",0.8988160498035226,4.0,0.2213039446065551,0.17579151934204199,0.8986444672608132,0.22722699577910907,0.0,0.0,0.0,"[(4.0, 7.999999999999986)]",4.049999999999986,True
13,3,1407,13.169999999999993,0.000225,0.00023999999999999998,"[4.0, 8.0]",0.7275187414167466,6.599999999999991,0.44746396722890885,0.5050164766157077,0.7267932748257642,0.23956332825802312,0.0,0.0,0.0,"[(4.0, 7.999999999999986)]",4.049999999999986,True
13,3,1407,13.179999999999993,0.000225,0.00023999999999999998,"[4.0, 8.0]",0.8430017019795086,7.599999999999987,0.6700628298701924,0.7877046773221552,0.8419013653790243,0.26088055492241785,0.0,0.0,0.0,"[(4.0, 7.999999999999986)]",4.049999999999986,True
13,3,1407,13.189999999999992,0.000225,0.00023999999999999998,"[4.0, 8.0]",0.8045942631426419,4.799999999999997,0.4799822498218961,0.45197737332461263,0.6337315545377479,0.18630130492696256,0.0,0.0,0.0,"[(4.0, 7.999999999999986)]",4.049999999999986,True
13,3,1407,13.199999999999992,0.000225,0.00023999999999999998,"[4.0, 8.0]",0.7606097389516563,4.199999999999999,0.17689715426210403,0.03244594224004234,0.7605447773994328,0.257191464272431,0.0,0.0,0.0,"[(4.0, 7.999999999999986)]",4.049999999999986,True
13,3,1407,12.85,0.000225,0.00026,"[4.0, 8.0]",3.2062646746031946,6.3999999999999915,2.3631016660392117,2.852304978769107,3.2017735549138746,1.0323598330606694,0.0,0.0,0.0,"[(4.0, 4.05), (4.399999999999999, 7.999999999999986)]",3.7499999999999867,True
13,3,1407,12.86,0.000225,0.00026,"[4.0, 8.0]",3.176696710568378,5.599999999999994,2.661927390550864,3.0904796828607632,3.176694010759973,0.8758675058350711,0.0,0.0,0.0,"[(4.1499999999999995, 7.999999999999986)]",3.899999999999986,True
13,3,1407,12.87,0.000225,0.00026,"[4.0, 8.0]",3.11687126085383,7.7999999999999865,2.649142175632352,2.765773112915455,2.635584088086774,0.5463321648042122,0.0,0.0,0.0,"[(4.0, 7.999999999999986)]",4.049999999999986,True
13,3,1407,12.879999999999999,0.000225,0.00026,"[4.0, 8.0]",3.0546693786203405,4.6999999999999975,2.253963333773416,2.2293828470128094,1.5820655144734255,0.5193353724839196,0.0,0.0,0.0,"[(4.0, 7.999999999999986)]",4.049999999999986,True
13,3,1407,12.889999999999999,0.000225,0.00026,"[4.0, 8.0]",2.9949161939694107,4.399999999999999,1.6024441974019952,1.4291524122313555,2.408513026614983,0.831237348823333,0.0,0.0,0.0,"[(4.0, 7.999999999999986)]",4.049999999999986,True
13,3,1407,12.899999999999999,0.000225,0.00026,"[4.0, 8.0]",2.9397615976815965,4.199999999999999,0.9546730509216883,0.5168983740314163,2.9063942300695653,0.9862594119217083,0.0,0.0,0.0,"[(4.0, 7.999999999999986)]",4.049999999999986,True
13,3,1407,12.909999999999998,0.000225,0.00026,"[4.0, 8.0]",2.875693600761976,4.0,0.5755143263637121,0.16299082162458176,2.875462266943778,0.848383740777485,0.0,0.0,0.0,"[(4.0, 7.999999999999986)]",4.049999999999986,True
13,3,1407,12.919999999999998,0.000225,0.00026,"[4.0, 8.0]",2.5072267458953497,4.0,0.6453855360049296,0.6039308872574262,2.5071786342935645,0.5702312244226859,0.0,0.0,0.0,"[(4.0, 7.999999999999986)]",4.049999999999986,True
13,3,1407,12.929999999999998,0.000225,0.00026,"[4.0, 8.0]",1.826800342413035,6.449999999999991,1.0922370882902002,1.2258572985758662,1.8264900194931748,0.6072250244162647,0.0,0.0,0.0,"[(4.0, 7.999999999999986)]",4.049999999999986,True
13,3,1407,12.939999999999998,0.000225,0.00026,"[4.0, 8.0]",2.3366167433826237,6.449999999999991,1.5934264756161876,1.9134027790340125,2.3366026900769303,0.7761598855507811,0.0,0.0,0.0,"[(4.0, 7.999999999999986)]",4.049999999999986,True
13,3,1407,12.949999999999998,0.000225,0.00026,"[4.0, 8.0]",2.398706489368398,7.049999999999989,1.9165822590388946,2.321284141717228,2.398691960352744,0.7459513020711714,0.0,0.0,0.0,"[(4.0, 7.999999999999986)]",4.049999999999986,True
13,3,1407,12.959999999999997,0.000225,0.00026,"[4.0, 8.0]",2.3489439571980086,5.249999999999996,1.9835561429584132,2.14075421310894,2.2366346540067847,0.5224523770924041,0.0,0.0,0.0,"[(4.0, 7.999999999999986)]",4.049999999999986,True
13,3,1407,12.969999999999997,0.000225,0.00026,"[4.0, 8.0]",2.2934716415338467,4.799999999999997,1.7083139753878205,1.699366623962081,1.496698464542773,0.3844072047363207,0.0,0.0,0.0,"[(4.0, 7.999999999999986)]",4.049999999999986,True
13,3,1407,12.979999999999997,0.000225,0.00026,"[4.0, 8.0]",2.2321689828436484,4.449999999999998,1.0985772922688157,0.936051538040203,1.9006313870946725,0.6530695193881237,0.0,0.0,0.0,"[(4.0, 7.999999999999986)]",4.049999999999986,True
13,3,1407,12.989999999999997,0.000225,0.00026,"[4.0, 8.0]",2.1738398058657786,4.1499999999999995,0.5574859862840231,0.16139898720578635,2.173820604202966,0.7308615507847552,0.0,0.0,0.0,"[(4.0, 7.999999999999986)]",4.049999999999986,True
13,3,1407,12.999999999999996,0.000225,0.00026,"[4.0, 8.0]",2.078026809319677,4.0,0.4231188390801208,0.26247723386994637,2.0780268031449762,0.5356962429684782,0.0,0.0,0.0,"[(4.0, 7.999999999999986)]",4.049999999999986,True
13,3,1407,13.009999999999996,0.000225,0.00026,"[4.0, 8.0]",1.616017509565656,4.0,0.6743460502896219,0.717402409532757,1.6158984876565092,0.41358268413874233,0.0,0.0,0.0,"[(4.0, 7.999999999999986)]",4.049999999999986,True
13,3,1407,13.019999999999996,0.000225,0.00026,"[4.0, 8.0]",1.7568483492543225,6.499999999999991,1.1502718941543575,1.3686651380027528,1.7566236352315787,0.5865299368303166,0.0,0.0,0.0,"[(4.0, 7.999999999999986)]",4.049999999999986,True
13,3,1407,13.029999999999996,0.000225,0.00026,"[4.0, 8.0]",1.852764099009806,5.799999999999994,1.4840843060893065,1.817091307713614,1.8525806796688515,0.5821410183201482,0.0,0.0,0.0,"[(4.0, 7.999999999999986)]",4.049999999999986,True
13,3,1407,13.039999999999996,0.000225,0.00026,"[4.0, 8.0]",1.804283880382177,7.899999999999986,1.4702647081755764,1.5474397362724654,1.6747490106163676,0.36987060809255695,0.0,0.0,0.0,"[(4.0, 7.999999999999986)]",4.049999999999986,True
13,3,1407,13.049999999999995,0.000225,0.00026,"[4.0, 8.0]",1.7544237176201196,4.6999999999999975,1.1290752477861388,1.0766882234277544,1.1136717273961734,0.37329896895119263,0.0,0.0,0.0,"[(4.0, 7.999999999999986)]",4.049999999999986,True
13,3,1407,13.059999999999995,0.000225,0.00026,"[4.0, 8.0]",1.6952705616768933,4.299999999999999,0.5562613373139662,0.3040795720501949,1.6744716025928663,0.5793004383315541,0.0,0.0,0.0,"[(4.0, 7.999999999999986)]",4.049999999999986,True
13,3,1407,13.069999999999995,0.000225,0.00026,"[4.0, 8.0]",1.6280100571028777,4.0,0.3361547252580653,0.19836767366060687,1.6280085264154076,0.4364629053890194,0.0,0.0,0.0,"[(4.0, 7.999999999999986)]",4.049999999999986,True
13,3,1407,13.079999999999995,0.000225,0.00026,"[4.0, 8.0]",1.2629372229621925,4.0,0.5661795822754638,0.6225573266790538,1.262632348840942,0.33445430247835944,0.0,0.0,0.0,"[(4.0, 7.999999999999986)]",4.049999999999986,True
13,3,1407,13.089999999999995,0.000225,0.00026,"[4.0, 8.0]",1.4456559799378108,6.549999999999991,0.9743280081575953,1.1846375295612235,1.445319512673556,0.48775018340465814,0.0,0.0,0.0,"[(4.0, 7.999999999999986)]",4.049999999999986,True
13,3,1407,13.099999999999994,0.000225,0.00026,"[4.0, 8.0]",1.4501057971836149,7.649999999999987,1.1882973934399996,1.3455243922385258,1.4500835681257058,0.39799605572506347,0.0,0.0,0.0,"[(4.0, 7.999999999999986)]",4.049999999999986,True
13,3,1407,13.109999999999994,0.000225,0.00026,"[4.0, 8.0]",1.4015808265159893,4.849999999999997,0.960860602398553,0.9349788190770559,1.0498298631857734,0.27236843418443174,0.0,0.0,0.0,"[(4.0, 7.999999999999986)]",4.049999999999986,True
13,3,1407,13.119999999999994,0.000225,0.00026,"[4.0, 8.0]",1.3522812014342513,4.399999999999999,0.5035007577806467,0.32439570732954026,1.3018282211240786,0.450686047070581,0.0,0.0,0.0,"[(4.0, 7.999999999999986)]",4.049999999999986,True
13,3,1407,13.129999999999994,0.000225,0.00026,"[4.0, 8.0]",1.2824683998084516,4.0,0.28891256544631383,0.207936858166145,1.2824610100980811,0.3302079978782834,0.0,0.0,0.0,"[(4.0, 7.999999999999986)]",4.049999999999986,True
13,3,1407,13.139999999999993,0.000225,0.00026,"[4.0, 8.0]",0.9595606160785994,6.549999999999991,0.5829489893233981,0.6644742366280048,0.9595264240094785,0.315752543675677,0.0,0.0,0.0,"[(4.0, 7.999999999999986)]",4.049999999999986,True
13,3,1407,13.149999999999993,0.000225,0.00026,"[4.0, 8.0]",1.2017051292874745,6.999999999999989,0.9136870218888142,1.1393104020350406,1.2013447476300492,0.4072294712388563,0.0,0.0,0.0,"[(4.0, 7.999999999999986)]",4.049999999999986,True
13,3,1407,13.159999999999993,0.000225,0.00026,"[4.0, 8.0]",1.142451376788627,4.949999999999997,0.8080079607745166,0.7912361382027557,0.9835655573683836,0.22415610147925397,0.0,0.0,0.0,"[(4.0, 7.999999999999986)]",4.049999999999986,True
13,3,1407,13.169999999999993,0.000225,0.00026,"[4.0, 8.0]",1.0969146588406364,4.449999999999998,0.4121249882360522,0.2720989328499496,1.0535141948952547,0.3640855909330459,0.0,0.0,0.0,"[(4.0, 7.999999999999986)]",4.049999999999986,True
13,3,1407,13.179999999999993,0.000225,0.00026,"[4.0, 8.0]",1.0186115849624244,4.0,0.27370893007171376,0.24619372998039923,1.018547659315292,0.2437009643516199,0.0,0.0,0.0,"[(4.0, 7.999999999999986)]",4.049999999999986,True
13,3,1407,13.189999999999992,0.000225,0.00026,"[4.0, 8.0]",0.947634783432353,6.599999999999991,0.6178930187527646,0.7374988764159991,0.9470533704159221,0.31898273258379894,0.0,0.0,0.0,"[(4.0, 7.999999999999986)]",4.049999999999986,True
13,3,1407,13.199999999999992,0.000225,0.00026,"[4.0, 8.0]",0.9622748911935823,7.899999999999986,0.7561026860256179,0.8218439707039613,0.9614348270957251,0.24443514094076474,0.0,0.0,0.0,"[(4.0, 7.999999999999986)]",4.049999999999986,True
13,3,1407,12.85,0.000225,0.00028,"[4.0, 8.0]",4.767438587484233,7.899999999999986,4.033710553924391,4.1160758257225805,3.6202219320920883,0.7105003942561526,0.0,0.0,0.0,"[(4.1, 7.999999999999986)]",3.949999999999986,True
13,3,1407,12.86,0.000225,0.00028,"[4.0, 8.0]",4.6810271894539195,4.599999999999998,3.2826510134635445,3.2424966753552082,2.6456804249554815,0.9023701651300898,0.0,0.0,0.0,"[(4.0, 7.999999999999986)]",4.049999999999986,True
13,3,1407,12.87,0.000225,0.00028,"[4.0, 8.0]",4.588240549379851,4.299999999999999,2.019772350053882,1.618804683656159,4.1982796214134535,1.4523392287516783,0.0,0.0,0.0,"[(4.0, 5.399999999999995), (7.449999999999988, 7.999999999999986)]",2.0499999999999927,True
13,3,1407,12.879999999999999,0.000225,0.00028,"[4.0, 8.0]",4.494682673630578,4.0,1.02832663675812,0.1618039447941463,4.494582118153046,1.4208175422420612,0.0,0.0,0.0,"[(4.0, 4.899999999999997), (7.949999999999986, 7.999999999999986)]",1.0499999999999963,True
13,3,1407,12.889999999999999,0.000225,0.00028,"[4.0, 8.0]",4.062111716954183,4.0,0.9799024192710816,0.8389654444725791,4.061388208537448,0.9615270409440354,0.0,0.0,0.0,"[(4.0, 4.649999999999998), (5.999999999999993, 6.89999999999999)]",1.6499999999999941,True
13,3,1407,12.899999999999999,0.000225,0.00028,"[4.0, 8.0]",3.0212060229163527,4.0,1.5501976766629733,1.7080884283690345,3.0186709278786914,0.8794400881665566,0.0,0.0,0.0,"[(4.0, 4.649999999999998), (4.799999999999997, 7.999999999999986)]",3.949999999999986,True
13,3,1407,12.909999999999998,0.000225,0.00028,"[4.0, 8.0]",3.3788368600128917,6.449999999999991,2.2703172978124124,2.7112927706880425,3.3768075317634927,1.1027531294312336,0.0,0.0,0.0,"[(4.0, 4.199999999999999), (4.649999999999998, 7.999999999999986)]",3.649999999999987,True
13,3,1407,12.919999999999998,0.000225,0.00028,"[4.0, 8.0]",3.5765506262843734,6.84999999999999,2.848431086271427,3.436666912647934,3.571292740493969,1.1055819571394405,0.0,0.0,0.0,"[(4.399999999999999, 7.999999999999986)]",3.649999999999987,True
13,3,1407,12.929999999999998,0.000225,0.00028,"[4.0, 8.0]",3.4952032340695176,5.199999999999996,3.0005431366885045,3.1988362380621953,3.1853724413028326,0.7013942741978695,0.0,0.0,0.0,"[(4.05, 7.999999999999986)]",3.999999999999986,True
13,3,1407,12.939999999999998,0.000225,0.00028,"[4.0, 8.0]",3.414608440672879,4.749999999999997,2.554392125804657,2.5061063813071343,1.8217935607545925,0.5547293096211937,0.0,0.0,0.0,"[(4.0, 7.999999999999986)]",4.049999999999986,True
13,3,1407,12.949999999999998,0.000225,0.00028,"[4.0, 8.0]",3.3408447093965163,4.399999999999999,1.7121629840556887,1.518836164357461,2.77370426556612,0.9573660214724385,0.0,0.0,0.0,"[(4.0, 7.999999999999986)]",4.049999999999986,True
13,3,1407,12.959999999999997,0.000225,0.00028,"[4.0, 8.0]",3.2636240031498467,4.1,0.8958819771114955,0.35458645426976076,3.263623384716242,1.0983121710993102,0.0,0.0,0.0,"[(4.0, 5.499999999999995), (7.449999999999988, 7.999999999999986)]",2.1499999999999924,True
13,3,1407,12.969999999999997,0.000225,0.00028,"[4.0, 8.0]",3.0625036146302436,4.0,0.639258956042611,0.42539504791576915,3.06250336627635,0.7745194746374751,0.0,0.0,0.0,"[(4.0, 5.099999999999996), (5.499999999999995, 7.499999999999988), (7.899999999999986, 7.999999999999986)]",3.349999999999988,True
13,3,1407,12.979999999999997,0.000225,0.00028,"[4.0, 8.0]",2.1439676745734606,4.0,1.127861697938209,1.2527364298395038,2.143845216389861,0.6389444106238127,0.0,0.0,0.0,"[(4.0, 7.999999999999986)]",4.049999999999986,True
13,3,1407,12.989999999999997,0.000225,0.00028,"[4.0, 8.0]",2.6189978313478637,6.499999999999991,1.7890396715172106,2.1657648644458947,2.617018305376952,0.869033246577673,0.0,0.0,0.0,"[(4.0, 7.999999999999986)]",4.049999999999986,True
13,3,1407,12.999999999999996,0.000225,0.00028,"[4.0, 8.0]",2.692694231341854,7.199999999999989,2.1880894705993064,2.648898406122713,2.6884316753721085,0.8189535341787215,0.0,0.0,0.0,"[(4.0, 7.999999999999986)]",4.049999999999986,True
13,3,1407,13.009999999999996,0.000225,0.00028,"[4.0, 8.0]",2.6257165668420477,7.899999999999986,2.190547310031896,2.2762385105094585,2.3109981328617204,0.4913820280949962,0.0,0.0,0.0,"[(4.0, 7.999999999999986)]",4.049999999999986,True
13,3,1407,13.019999999999996,0.000225,0.00028,"[4.0, 8.0]",2.546125360876866,4.599999999999998,1.6106011636996869,1.561364609882749,1.6831480666091168,0.5654394369288723,0.0,0.0,0.0,"[(4.0, 7.999999999999986)]",4.049999999999986,True
13,3,1407,13.029999999999996,0.000225,0.00028,"[4.0, 8.0]",2.4652446816761566,4.199999999999999,0.771817308117251,0.3899531293711183,2.448144833423016,0.8410993252329905,0.0,0.0,0.0,"[(4.0, 7.999999999999986)]",4.049999999999986,True
13,3,1407,13.039999999999996,0.000225,0.00028,"[4.0, 8.0]",2.369675232389076,4.0,0.47436259399953173,0.2509805915638377,2.3696335475145345,0.6416879592752837,0.0,0.0,0.0,"[(4.0, 7.999999999999986)]",4.049999999999986,True
13,3,1407,13.049999999999995,0.000225,0.00028,"[4.0, 8.0]",1.8034711032997672,4.0,0.7827073710026414,0.8666588853435933,1.8032305990955866,0.4673417448434707,0.0,0.0,0.0,"[(4.0, 7.999999999999986)]",4.049999999999986,True
13,3,1407,13.059999999999995,0.000225,0.00028,"[4.0, 8.0]",2.0585313541431027,6.549999999999991,1.4086215348853695,1.7023406892410151,2.0564622006747633,0.6906152597662687,0.0,0.0,0.0,"[(4.0, 7.999999999999986)]",4.049999999999986,True
13,3,1407,13.069999999999995,0.000225,0.00028,"[4.0, 8.0]",2.074589322517518,5.499999999999995,1.725441466086272,1.967321383751336,2.0740867528773714,0.5718170083389829,0.0,0.0,0.0,"[(4.0, 7.999999999999986)]",4.049999999999986,True
13,3,1407,13.079999999999995,0.000225,0.00028,"[4.0, 8.0]",2.0127749117207454,4.899999999999997,1.5153164896125184,1.5087282572133531,1.5165520079177701,0.3412237248490331,0.0,0.0,0.0,"[(4.0, 7.999999999999986)]",4.049999999999986,True
13,3,1407,13.089999999999995,0.000225,0.00028,"[4.0, 8.0]",1.9419910817250337,4.449999999999998,0.8615752495398911,0.6679194498882419,1.7486278279476115,0.6032848196091858,0.0,0.0,0.0,"[(4.0, 7.999999999999986)]",4.049999999999986,True
13,3,1407,13.099999999999994,0.000225,0.00028,"[4.0, 8.0]",1.8602036305557335,4.0,0.37644181247066183,0.16268821796468558,1.8597133356302689,0.5352544116156671,0.0,0.0,0.0,"[(4.0, 7.999999999999986)]",4.049999999999986,True
13,3,1407,13.109999999999994,0.000225,0.00028,"[4.0, 8.0]",1.3994360493449653,4.0,0.6561537217591887,0.7212826565576838,1.3983736874908408,0.3791881485198194,0.0,0.0,0.0,"[(4.0, 7.999999999999986)]",4.049999999999986,True
13,3,1407,13.119999999999994,0.000225,0.00028,"[4.0, 8.0]",1.6653372762907062,6.549999999999991,1.1533264057125667,1.4135695808770277,1.664636216550343,0.5638881108385981,0.0,0.0,0.0,"[(4.0, 7.999999999999986)]",4.049999999999986,True
13,3,1407,13.129999999999994,0.000225,0.00028,"[4.0, 8.0]",1.632173863171622,7.899999999999986,1.3265550551119814,1.416299240387894,1.5802183051049958,0.36992938046037926,0.0,0.0,0.0,"[(4.0, 7.999999999999986)]",4.049999999999986,True
13,3,1407,13.139999999999993,0.000225,0.00028,"[4.0, 8.0]",1.567615787658392,4.649999999999998,0.8851961787837092,0.8161780908412042,1.1754172688455615,0.39343108078074535,0.0,0.0,0.0,"[(4.0, 7.999999999999986)]",4.049999999999986,True
13,3,1407,13.149999999999993,0.000225,0.00028,"[4.0, 8.0]",1.5014018023283338,4.1499999999999995,0.3514859415235185,0.049194974590353456,1.501386006024646,0.5075287284211158,0.0,0.0,0.0,"[(4.0, 7.999999999999986)]",4.049999999999986,True
13,3,1407,13.159999999999993,0.000225,0.00028,"[4.0, 8.0]",1.1230529261731803,4.0,0.5600349196247039,0.6182033926007062,1.1224349254544823,0.31669621971363876,0.0,0.0,0.0,"[(4.0, 7.999999999999986)]",4.049999999999986,True
13,3,1407,13.169999999999993,0.000225,0.00028,"[4.0, 8.0]",1.3755651456416813,6.599999999999991,0.9845824997444648,1.220106352205579,1.3737802524427558,0.4698475478978784,0.0,0.0,0.0,"[(4.0, 7.999999999999986)]",4.049999999999986,True
13,3,1407,13.179999999999993,0.000225,0.00028,"[4.0, 8.0]",1.30790454382285,4.9999999999999964,0.9652063990090128,0.9676379248482216,1.1521554098716418,0.25115737628208906,0.0,0.0,0.0,"[(4.0, 7.999999999999986)]",4.049999999999986,True
13,3,1407,13.189999999999992,0.000225,0.00028,"[4.0, 8.0]",1.242913759094816,4.399999999999999,0.4223642433027458,0.22856632104349933,1.2218208779786988,0.4267881055117682,0.0,0.0,0.0,"[(4.0, 7.999999999999986)]",4.049999999999986,True
13,3,1407,13.199999999999992,0.000225,0.00028,"[4.0, 8.0]",1.107058909527317,4.0,0.351105110506235,0.3406574806813817,1.1070477539517014,0.25516888905541774,0.0,0.0,0.0,"[(4.0, 7.999999999999986)]",4.049999999999986,True
13,3,1407,12.85,0.000225,0.0003,"[4.0, 8.0]",7.477836355871021,5.149999999999996,6.377647679508264,6.876243816311872,7.430494912207562,1.7023649032914558,0.0,0.0,0.0,"[(4.399999999999999, 7.999999999999986)]",3.649999999999987,True
13,3,1407,12.86,0.000225,0.0003,"[4.0, 8.0]",7.348669403224079,4.649999999999998,5.468876793805697,5.461652067977535,3.899884841705514,1.2465780866823903,0.0,0.0,0.0,"[(4.1, 5.899999999999993), (6.999999999999989, 7.999999999999986)]",2.8999999999999897,True
13,3,1407,12.87,0.000225,0.0003,"[4.0, 8.0]",7.213381848614074,4.299999999999999,3.089571413367697,2.4925180959833337,6.84767967650142,2.3917127285714694,0.0,0.0,0.0,"[(4.0, 5.049999999999996), (7.7999999999999865, 7.999999999999986)]",1.3499999999999952,True
13,3,1407,12.879999999999999,0.000225,0.0003,"[4.0, 8.0]",7.055435408460403,4.0,1.6594864502471955,0.8883716565392166,7.055351031600172,2.0440417981381853,0.0,0.0,0.0,"[(4.0, 4.599999999999998)]",0.6499999999999977,True
13,3,1407,12.889999999999999,0.000225,0.0003,"[4.0, 8.0]",5.920597090738883,4.0,2.384021937990691,2.652228282483209,5.91940823102464,1.4550382631621508,0.0,0.0,0.0,"[(4.0, 4.349999999999999), (5.749999999999994, 7.099999999999989)]",1.7999999999999936,True
13,3,1407,12.899999999999999,0.000225,0.0003,"[4.0, 8.0]",5.1030984100333665,6.449999999999991,3.5373321202851473,4.1828797808472995,5.0925920326569525,1.5994318074427312,0.0,0.0,0.0,"[(4.0, 4.1), (4.949999999999997, 7.949999999999986)]",3.1999999999999886,True
13,3,1407,12.909999999999998,0.000225,0.0003,"[4.0, 8.0]",5.34254825334923,7.049999999999989,4.347109172419134,5.2168600807311405,5.342442159596794,1.6133296396967887,0.0,0.0,0.0,"[(4.599999999999998, 7.999999999999986)]",3.4499999999999877,True
13,3,1407,12.919999999999998,0.000225,0.0003,"[4.0, 8.0]",5.231973688607061,5.099999999999996,4.503256490285063,4.702816031569566,4.537968138795016,0.9203580478700989,0.0,0.0,0.0,"[(4.199999999999999, 7.999999999999986)]",3.8499999999999863,True
13,3,1407,12.929999999999998,0.000225,0.0003,"[4.0, 8.0]",5.108345887889772,4.599999999999998,3.5219695255186414,3.480480355218758,2.9796036078535297,1.0090702670211025,0.0,0.0,0.0,"[(4.0, 7.999999999999986)]",4.049999999999986,True
13,3,1407,12.939999999999998,0.000225,0.0003,"[4.0, 8.0]",4.988538365602221,4.199999999999999,1.827376021507016,1.2306791319710673,4.860641194541111,1.673206171468046,0.0,0.0,0.0,"[(4.0, 5.199999999999996), (7.749999999999987, 7.999999999999986)]",1.5499999999999945,True
13,3,1407,12.949999999999998,0.000225,0.0003,"[4.0, 8.0]",4.819046741360506,4.0,1.0076279109922543,0.48002019161256426,4.818898160095219,1.3609257661793708,0.0,0.0,0.0,"[(4.0, 4.6999999999999975)]",0.7499999999999973,True
13,3,1407,12.959999999999997,0.000225,0.0003,"[4.0, 8.0]",3.859454360176648,4.0,1.487893146272762,1.5817351294171562,3.8568912282871914,0.9376122174533502,0.0,0.0,0.0,"[(4.0, 4.499999999999998), (5.349999999999995, 7.599999999999987)]",2.84999999999999,True
13,3,1407,12.969999999999997,0.000225,0.0003,"[4.0, 8.0]",3.7059914499697677,6.499999999999991,2.498165851227069,2.95944671216602,3.7047520519366364,1.2032740882906023,0.0,0.0,0.0,"[(4.0, 4.1499999999999995), (4.749999999999997, 7.999999999999986)]",3.4999999999999876,True
13,3,1407,12.979999999999997,0.000225,0.0003,"[4.0, 8.0]",3.925322851486942,5.749999999999994,3.24769209698124,3.867349491055011,3.92521774172278,1.1479375559727727,0.0,0.0,0.0,"[(4.399999999999999, 7.999999999999986)]",3.649999999999987,True
13,3,1407,12.989999999999997,0.000225,0.0003,"[4.0, 8.0]",3.821818916287205,4.9999999999999964,3.1967491712537925,3.273035494067582,2.9127207816167786,0.581961386899517,0.0,0.0,0.0,"[(4.0, 7.999999999999986)]",4.049999999999986,True
13,3,1407,12.999999999999996,0.000225,0.0003,"[4.0, 8.0]",3.7254097130054316,4.549999999999998,2.3579222626944327,2.2701359051148944,2.4812889584628497,0.8411312089947526,0.0,0.0,0.0,"[(4.0, 7.999999999999986)]",4.049999999999986,True
13,3,1407,13.009999999999996,0.000225,0.0003,"[4.0, 8.0]",3.6249118508573086,4.199999999999999,1.162403071241604,0.6102013577804276,3.5935083652893725,1.2297863982535189,0.0,0.0,0.0,"[(4.0, 5.449999999999995), (7.549999999999987, 7.999999999999986)]",1.999999999999993,True
13,3,1407,13.019999999999996,0.000225,0.0003,"[4.0, 8.0]",3.338852821844624,4.0,0.7372575884360552,0.5507704617513295,3.3386048797779146,0.8272639223743828,0.0,0.0,0.0,"[(4.0, 4.899999999999997), (5.749999999999994, 7.2499999999999885)]",2.499999999999991,True
13,3,1407,13.029999999999996,0.000225,0.0003,"[4.0, 8.0]",2.39742232836365,6.499999999999991,1.4797617481555203,1.6691829719537588,2.3965323548993864,0.781676103289096,0.0,0.0,0.0,"[(4.0, 7.999999999999986)]",4.049999999999986,True
13,3,1407,13.039999999999996,0.000225,0.0003,"[4.0, 8.0]",3.0122844064210295,6.499999999999991,2.2179443647326935,2.7025377433519715,3.0120941873863045,0.9905951618907517,0.0,0.0,0.0,"[(4.0, 4.199999999999999), (4.299999999999999, 7.999999999999986)]",3.999999999999986,True
13,3,1407,13.049999999999995,0.000225,0.0003,"[4.0, 8.0]",2.9514205008891876,7.699999999999987,2.511464211784831,2.7688081156864053,2.8691328484475074,0.7054556796040556,0.0,0.0,0.0,"[(4.0, 7.999999999999986)]",4.049999999999986,True
13,3,1407,13.059999999999995,0.000225,0.0003,"[4.0, 8.0]",2.8473249473661326,4.6999999999999975,1.9595647474822606,1.8958957468735895,1.615256388188575,0.540770972706913,0.0,0.0,0.0,"[(4.0, 7.999999999999986)]",4.049999999999986,True
13,3,1407,13.069999999999995,0.000225,0.0003,"[4.0, 8.0]",2.743111401786951,4.199999999999999,0.8624833985493348,0.43796633894646114,2.721827471738108,0.9370352096715553,0.0,0.0,0.0,"[(4.0, 7.999999999999986)]",4.049999999999986,True
13,3,1407,13.079999999999995,0.000225,0.0003,"[4.0, 8.0]",2.5819453534566454,4.0,0.5448592940568299,0.36088584238278365,2.581880764158515,0.6617831265866014,0.0,0.0,0.0,"[(4.0, 7.999999999999986)]",4.049999999999986,True
13,3,1407,13.089999999999995,0.000225,0.0003,"[4.0, 8.0]",1.8270181178344027,6.549999999999991,1.1148955979731496,1.2496361966172504,1.8256027438895754,0.5978496149565299,0.0,0.0,0.0,"[(4.0, 7.999999999999986)]",4.049999999999986,True
13,3,1407,13.099999999999994,0.000225,0.0003,"[4.0, 8.0]",2.357267731313937,6.9499999999999895,1.8517650597114368,2.272770556818995,2.356695618153362,0.7606036161476655,0.0,0.0,0.0,"[(4.0, 7.999999999999986)]",4.049999999999986,True
13,3,1407,13.109999999999994,0.000225,0.0003,"[4.0, 8.0]",2.273560429748228,5.049999999999996,1.840714362644097,1.8875492146516428,1.943113659845057,0.4051188940924989,0.0,0.0,0.0,"[(4.0, 7.999999999999986)]",4.049999999999986,True
13,3,1407,13.119999999999994,0.000225,0.0003,"[4.0, 8.0]",2.188152837229772,4.499999999999998,1.1251970983846984,0.9821808181388397,1.7935993926366143,0.6133748064803478,0.0,0.0,0.0,"[(4.0, 7.999999999999986)]",4.049999999999986,True
13,3,1407,13.129999999999994,0.000225,0.0003,"[4.0, 8.0]",2.076172918834143,4.0,0.41959274578370914,0.18231264703823383,2.0760998611791477,0.5908105466472358,0.0,0.0,0.0,"[(4.0, 7.999999999999986)]",4.049999999999986,True
13,3,1407,13.139999999999993,0.000225,0.0003,"[4.0, 8.0]",1.3884926738439591,4.0,0.8302287071654821,0.9236077296513856,1.3882062679062488,0.4538881272000137,0.0,0.0,0.0,"[(4.0, 7.999999999999986)]",4.049999999999986,True
13,3,1407,13.149999999999993,0.000225,0.0003,"[4.0, 8.0]",1.8971178007882874,6.74999999999999,1.4387196505692068,1.7742582031084284,1.8966949151660752,0.6340994908709069,0.0,0.0,0.0,"[(4.0, 7.999999999999986)]",4.049999999999986,True
13,3,1407,13.159999999999993,0.000225,0.0003,"[4.0, 8.0]",1.7972965339701532,4.899999999999997,1.3096583171357268,1.2936073894471218,1.3499860220967963,0.31532320275624104,0.0,0.0,0.0,"[(4.0, 7.999999999999986)]",4.049999999999986,True
13,3,1407,13.169999999999993,0.000225,0.0003,"[4.0, 8.0]",1.7208782898153507,4.349999999999999,0.6102133964620727,0.36487522109652304,1.6735086488142625,0.5840203594775868,0.0,0.0,0.0,"[(4.0, 7.999999999999986)]",4.049999999999986,True
13,3,1407,13.179999999999993,0.000225,0.0003,"[4.0, 8.0]",1.4565722715177354,4.0,0.4824668418917189,0.48776152503426146,1.4563482212477383,0.3335617381336739,0.0,0.0,0.0,"[(4.0, 7.999999999999986)]",4.049999999999986,True
13,3,1407,13.189999999999992,0.000225,0.0003,"[4.0, 8.0]",1.539294883531777,6.599999999999991,1.0792980547491675,1.33613194615701,1.539288012386306,0.5256458555017179,0.0,0.0,0.0,"[(4.0, 7.999999999999986)]",4.049999999999986,True
13,3,1407,13.199999999999992,0.000225,0.0003,"[4.0, 8.0]",1.477109667521198,4.9999999999999964,1.1183214443947582,1.1326225568714992,1.2978846418095722,0.27809227294748545,0.0,0.0,0.0,"[(4.0, 7.999999999999986)]",4.049999999999986,True
13,3,1407,12.85,0.000225,0.00031999999999999997,"[4.0, 8.0]",27.88131049644874,7.999999999999986,23.304288788569966,23.55715629552815,7.580397137176085,2.0206745473749717,1.0,1.0,1.0,"[(4.549999999999998, 4.799999999999997), (7.499999999999988, 7.999999999999986)]",0.849999999999997,True
13,3,1407,12.86,0.000225,0.00031999999999999997,"[4.0, 8.0]",24.579256741958474,4.199999999999999,14.434124789640112,15.116084282892876,21.77782271140653,7.576041460058348,0.5061728395061729,0.43209876543209874,0.3333333333333333,"[(4.0, 4.799999999999997), (7.849999999999986, 7.999999999999986)]",1.0499999999999963,True
13,3,1407,12.87,0.000225,0.00031999999999999997,"[4.0, 8.0]",23.731374830120963,4.0,10.4303945154769,10.654758210241695,23.68535364620342,5.715479472197565,0.1728395061728395,0.14814814814814814,0.09876543209876543,"[(4.0, 4.299999999999999)]",0.34999999999999876,True
13,3,1407,12.879999999999999,0.000225,0.00031999999999999997,"[4.0, 8.0]",18.85073446632753,4.0,11.003526543998928,11.528894231453206,18.850392279594846,2.8995168769592166,0.04938271604938271,0.024691358024691357,0.0,"[(4.0, 4.1)]",0.14999999999999947,True
13,3,1407,12.889999999999999,0.000225,0.00031999999999999997,"[4.0, 8.0]",11.954340200497288,4.6999999999999975,8.11023597640664,8.207479027770653,11.71376336075048,2.7365055327546797,0.0,0.0,0.0,"[(4.349999999999999, 5.399999999999995), (7.449999999999988, 7.999999999999986)]",1.699999999999994,True
13,3,1407,12.899999999999999,0.000225,0.00031999999999999997,"[4.0, 8.0]",11.768656643617724,4.249999999999999,3.8776017043193107,1.2502045186801891,11.76861820547773,4.146867804379775,0.0,0.0,0.0,"[(4.0, 4.749999999999997)]",0.7999999999999972,True
13,3,1407,12.909999999999998,0.000225,0.00031999999999999997,"[4.0, 8.0]",11.34195354171122,4.0,4.787522861331271,5.2898067909787745,11.339665831964611,2.7906415548082766,0.0,0.0,0.0,"[(4.0, 4.299999999999999)]",0.34999999999999876,True
13,3,1407,12.919999999999998,0.000225,0.00031999999999999997,"[4.0, 8.0]",8.129749485883819,6.249999999999992,6.523028464462109,7.7095734092189305,8.128350314194527,2.3027832056785074,0.0,0.0,0.0,"[(4.0, 4.05), (4.899999999999997, 7.999999999999986)]",3.2499999999999885,True
13,3,1407,12.929999999999998,0.000225,0.00031999999999999997,"[4.0, 8.0]",7.954126395544549,5.049999999999996,6.706584130218101,7.0417178700370595,7.793771522289239,1.5490024911091616,0.0,0.0,0.0,"[(4.349999999999999, 7.999999999999986)]",3.699999999999987,True
13,3,1407,12.939999999999998,0.000225,0.00031999999999999997,"[4.0, 8.0]",7.774476427997224,4.449999999999998,4.586320922726411,4.433300049703178,5.874018105827391,2.0171818960251158,0.0,0.0,0.0,"[(4.0, 5.349999999999995), (7.599999999999987, 7.999999999999986)]",1.8499999999999934,True
13,3,1407,12.949999999999998,0.000225,0.00031999999999999997,"[4.0, 8.0]",7.605655746663712,4.05,1.9567523000335305,0.46099227647775554,7.604536502618831,2.512469248238139,0.0,0.0,0.0,"[(4.0, 4.6999999999999975)]",0.7499999999999973,True
13,3,1407,12.959999999999997,0.000225,0.00031999999999999997,"[4.0, 8.0]",6.646034348236183,4.0,2.5173158805138462,2.69678309134537,6.643913538614543,1.5982038916065924,0.0,0.0,0.0,"[(4.0, 4.349999999999999), (6.249999999999992, 6.69999999999999)]",0.8999999999999968,True
13,3,1407,12.969999999999997,0.000225,0.00031999999999999997,"[4.0, 8.0]",5.690105739515361,6.499999999999991,4.1211632974846,4.928755670868561,5.689913756528158,1.7776647655207531,0.0,0.0,0.0,"[(4.0, 4.0), (4.899999999999997, 7.999999999999986)]",3.1999999999999886,True
13,3,1407,12.979999999999997,0.000225,0.00031999999999999997,"[4.0, 8.0]",5.70447561148574,7.649999999999987,4.937468066151347,5.4141684787523,5.628226149480528,1.3327980674893918,0.0,0.0,0.0,"[(4.399999999999999, 7.999999999999986)]",3.649999999999987,True
13,3,1407,12.989999999999997,0.000225,0.00031999999999999997,"[4.0, 8.0]",5.550065187704876,4.649999999999998,4.104390115886654,4.070242354033856,2.729266667288201,0.917946789390889,0.0,0.0,0.0,"[(4.0, 7.999999999999986)]",4.049999999999986,True
13,3,1407,12.999999999999996,0.000225,0.00031999999999999997,"[4.0, 8.0]",5.4084266816973585,4.249999999999999,2.094797026199072,1.4428168844984008,5.197511435533814,1.7974396672643798,0.0,0.0,0.0,"[(4.0, 5.199999999999996), (7.7999999999999865, 7.999999999999986)]",1.4999999999999947,True
13,3,1407,13.009999999999996,0.000225,0.00031999999999999997,"[4.0, 8.0]",5.115007691844484,4.0,1.1276384250026423,0.7140498615302555,5.113689589750486,1.3611151470587386,0.0,0.0,0.0,"[(4.0, 4.649999999999998)]",0.6999999999999975,True
13,3,1407,13.019999999999996,0.000225,0.00031999999999999997,"[4.0, 8.0]",3.5715985025403025,6.499999999999991,2.2792844366649447,2.614238596315373,3.5659214129345562,1.1480000910961587,0.0,0.0,0.0,"[(4.0, 4.349999999999999), (4.949999999999997, 7.999999999999986)]",3.4999999999999876,True
13,3,1407,13.029999999999996,0.000225,0.00031999999999999997,"[4.0, 8.0]",4.314077726007176,6.84999999999999,3.4543482079906958,4.157727600616867,4.306816105808097,1.3348501943827682,0.0,0.0,0.0,"[(4.499999999999998, 7.999999999999986)]",3.5499999999999874,True
13,3,1407,13.039999999999996,0.000225,0.00031999999999999997,"[4.0, 8.0]",4.189209958487703,7.949999999999986,3.5684312246092054,3.6885287813377814,3.329949717396235,0.6674437989796875,0.0,0.0,0.0,"[(4.1, 7.999999999999986)]",3.949999999999986,True
13,3,1407,13.049999999999995,0.000225,0.00031999999999999997,"[4.0, 8.0]",4.061224823957877,4.499999999999998,2.475527453326103,2.371291520275012,2.836348885026875,0.9679177680026185,0.0,0.0,0.0,"[(4.0, 7.999999999999986)]",4.049999999999986,True
13,3,1407,13.059999999999995,0.000225,0.00031999999999999997,"[4.0, 8.0]",3.906718427959235,4.0,0.8671824969553923,0.11955545219718736,3.90670080682111,1.2495255414712658,0.0,0.0,0.0,"[(4.0, 5.049999999999996), (7.999999999999986, 7.999999999999986)]",1.149999999999996,True
13,3,1407,13.069999999999995,0.000225,0.00031999999999999997,"[4.0, 8.0]",2.8447765735077053,4.0,1.2690528428352563,1.4021197298107266,2.844296463399209,0.7350104505093707,0.0,0.0,0.0,"[(4.0, 7.999999999999986)]",4.049999999999986,True
13,3,1407,13.079999999999995,0.000225,0.00031999999999999997,"[4.0, 8.0]",3.2329716104859108,6.549999999999991,2.2655364252146852,2.7558032387269793,3.2320681117562193,1.073381683629637,0.0,0.0,0.0,"[(4.0, 4.1499999999999995), (4.549999999999998, 7.999999999999986)]",3.699999999999987,True
13,3,1407,13.089999999999995,0.000225,0.00031999999999999997,"[4.0, 8.0]",3.251339784466082,7.699999999999987,2.781936397775119,3.0606783321370834,3.1348404797131497,0.765918611157178,0.0,0.0,0.0,"[(4.1, 7.999999999999986)]",3.949999999999986,True
13,3,1407,13.099999999999994,0.000225,0.00031999999999999997,"[4.0, 8.0]",3.1081400967152373,4.549999999999998,1.905297140295745,1.802123535871107,2.1374862616001438,0.7235295354778424,0.0,0.0,0.0,"[(4.0, 7.999999999999986)]",4.049999999999986,True
13,3,1407,13.109999999999994,0.000225,0.00031999999999999997,"[4.0, 8.0]",2.9865615562150287,4.1,0.7177810219002946,0.14735249267087616,2.9865567520447827,0.9965241152239415,0.0,0.0,0.0,"[(4.0, 7.999999999999986)]",4.049999999999986,True
13,3,1407,13.119999999999994,0.000225,0.00031999999999999997,"[4.0, 8.0]",2.3825652895824607,4.0,0.8455481004153348,0.8720084745499754,2.3824924647997925,0.5528427256576703,0.0,0.0,0.0,"[(4.0, 7.999999999999986)]",4.049999999999986,True
13,3,1407,13.129999999999994,0.000225,0.00031999999999999997,"[4.0, 8.0]",2.6157941911999716,6.549999999999991,1.921964688239497,2.3573007772990135,2.6154454682922657,0.8710385622449109,0.0,0.0,0.0,"[(4.0, 7.999999999999986)]",4.049999999999986,True
13,3,1407,13.139999999999993,0.000225,0.00031999999999999997,"[4.0, 8.0]",2.530598962967112,5.149999999999996,2.106638779041242,2.210401450111627,2.238000087956985,0.4802816968463568,0.0,0.0,0.0,"[(4.0, 7.999999999999986)]",4.049999999999986,True
13,3,1407,13.149999999999993,0.000225,0.00031999999999999997,"[4.0, 8.0]",2.4161379797405726,4.449999999999998,1.1883856091522857,1.0142253976091116,2.039076684697058,0.703780535005983,0.0,0.0,0.0,"[(4.0, 7.999999999999986)]",4.049999999999986,True
13,3,1407,13.159999999999993,0.000225,0.00031999999999999997,"[4.0, 8.0]",2.183635703862849,4.0,0.5012007033293575,0.38582459221529947,2.1835540806790155,0.5324181436717125,0.0,0.0,0.0,"[(4.0, 7.999999999999986)]",4.049999999999986,True
13,3,1407,13.169999999999993,0.000225,0.00031999999999999997,"[4.0, 8.0]",1.8519247327228752,6.599999999999991,1.1790224267782372,1.3654311405545765,1.8515823650138357,0.6157856268719246,0.0,0.0,0.0,"[(4.0, 7.999999999999986)]",4.049999999999986,True
13,3,1407,13.179999999999993,0.000225,0.00031999999999999997,"[4.0, 8.0]",2.0472687177749034,5.299999999999995,1.7018613999807206,1.8339181044055317,1.9695844849023318,0.4697499362063363,0.0,0.0,0.0,"[(4.0, 7.999999999999986)]",4.049999999999986,True
13,3,1407,13.189999999999992,0.000225,0.00031999999999999997,"[4.0, 8.0]",1.940025556464457,4.499999999999998,0.9385554978286711,0.7750466358695447,1.652872134652581,0.568938598246026,0.0,0.0,0.0,"[(4.0, 7.999999999999986)]",4.049999999999986,True
13,3,1407,13.199999999999992,0.000225,0.00031999999999999997,"[4.0, 8.0]",1.7498749732882084,4.0,0.42806616111630913,0.35021247085376017,1.7497943810456473,0.4182939337834892,0.0,0.0,0.0,"[(4.0, 7.999999999999986)]",4.049999999999986,True
13,3,1407,12.85,0.000225,0.00033999999999999997,"[4.0, 8.0]",8.7021115795392,7.999999999999986,6.047053671851683,6.811436657232136,7.603365116170726,2.4694625275338513,0.0,0.0,0.0,"[(5.599999999999994, 7.999999999999986)]",2.4499999999999913,True
13,3,1407,12.86,0.000225,0.00033999999999999997,"[4.0, 8.0]",11.129176445779592,7.599999999999987,8.48882400484434,9.42687041299112,8.306251149581323,2.6215177335762085,0.0,0.0,0.0,"[(5.5499999999999945, 7.999999999999986)]",2.499999999999991,True
13,3,1407,12.87,0.000225,0.00033999999999999997,"[4.0, 8.0]",13.81497412638329,7.549999999999987,11.214287925005138,12.272051180127379,8.680647729908694,2.6978104008411163,0.0,0.0,0.0,"[(5.499999999999995, 7.999999999999986)]",2.549999999999991,True
13,3,1407,12.879999999999999,0.000225,0.00033999999999999997,"[4.0, 8.0]",16.617955816599743,7.499999999999988,14.047895839962088,15.201700213985188,8.928792391071266,2.754731724319038,0.5185185185185185,0.0,0.0,"[(5.449999999999995, 7.999999999999986)]",2.5999999999999908,True
13,3,1407,12.889999999999999,0.000225,0.00033999999999999997,"[4.0, 8.0]",19.405829066397832,7.099999999999989,16.813922572395363,18.047308891842757,9.18286589058947,2.8104336580677316,0.7407407407407407,0.5925925925925926,0.0,"[(5.449999999999995, 7.999999999999986)]",2.5999999999999908,True
13,3,1407,12.899999999999999,0.000225,0.00033999999999999997,"[4.0, 8.0]",22.102666609754277,7.099999999999989,19.486868100494167,20.77365629488122,9.393467304218238,2.851564579295291,0.8888888888888888,0.7777777777777778,0.5679012345679012,"[(5.449999999999995, 7.999999999999986)]",2.5999999999999908,True
13,3,1407,12.909999999999998,0.000225,0.00033999999999999997,"[4.0, 8.0]",24.69289818164755,7.149999999999989,22.12754381793478,23.386783775518406,9.38908419102575,2.8223077564817407,1.0,0.9135802469135802,0.7654320987654321,"[(5.399999999999995, 7.999999999999986)]",2.6499999999999906,True
13,3,1407,12.919999999999998,0.000225,0.00033999999999999997,"[4.0, 8.0]",26.92179423360885,7.599999999999987,24.451154653986556,25.376113393215768,8.770895712733648,2.510349635292116,1.0,1.0,0.9135802469135802,"[(5.299999999999995, 7.999999999999986)]",2.7499999999999902,True
13,3,1407,12.929999999999998,0.000225,0.00033999999999999997,"[4.0, 8.0]",28.02049962103645,7.999999999999986,24.687687775911932,24.498181134164533,6.95368160493296,1.4903795688578636,1.0,1.0,1.0,"[(6.9499999999999895, 7.999999999999986)]",1.099999999999996,True
13,3,1407,12.939999999999998,0.000225,0.00033999999999999997,"[4.0, 8.0]",24.79038413772507,7.999999999999986,18.084265179395725,18.47817319759487,14.173681488606082,4.786261070546916,0.654320987654321,0.5802469135802469,0.41975308641975306,"[(4.0, 4.9999999999999964), (7.749999999999987, 7.999999999999986)]",1.3499999999999952,True
13,3,1407,12.949999999999998,0.000225,0.00033999999999999997,"[4.0, 8.0]",23.402049477066523,4.0,10.640315590919657,10.763436843998356,23.379466201819763,5.86740818366503,0.18518518518518517,0.16049382716049382,0.1111111111111111,"[(4.0, 4.399999999999999)]",0.4499999999999984,True
13,3,1407,12.959999999999997,0.000225,0.00033999999999999997,"[4.0, 8.0]",18.318041113425064,4.0,11.391566943390202,11.968530027485544,17.96282632055959,2.853665598232808,0.037037037037037035,0.024691358024691357,0.0,"[(4.0, 4.1)]",0.14999999999999947,True
13,3,1407,12.969999999999997,0.000225,0.00033999999999999997,"[4.0, 8.0]",12.41722427294614,4.549999999999998,6.519139686585675,6.344096897978417,11.000729527899782,3.728423420643947,0.0,0.0,0.0,"[(4.199999999999999, 5.099999999999996), (7.849999999999986, 7.999999999999986)]",1.149999999999996,True
13,3,1407,12.979999999999997,0.000225,0.00033999999999999997,"[4.0, 8.0]",12.012417572171596,4.0,4.993088367253852,5.484670352232449,12.01084925969554,2.9923572852233655,0.0,0.0,0.0,"[(4.0, 4.349999999999999)]",0.3999999999999986,True
13,3,1407,12.989999999999997,0.000225,0.00033999999999999997,"[4.0, 8.0]",8.582674486490875,7.149999999999989,7.115588453859114,8.44608962514537,8.555734070526006,2.419989389176803,0.0,0.0,0.0,"[(4.0, 4.0), (4.799999999999997, 7.999999999999986)]",3.2999999999999883,True
13,3,1407,12.999999999999996,0.000225,0.00033999999999999997,"[4.0, 8.0]",8.377917485201944,4.849999999999997,6.780120179702018,6.816062205601256,6.208069893691338,1.2208064899344904,0.0,0.0,0.0,"[(4.249999999999999, 7.999999999999986)]",3.7999999999999865,True
13,3,1407,13.009999999999996,0.000225,0.00033999999999999997,"[4.0, 8.0]",8.160640487994351,4.249999999999999,3.1352048689380725,2.1819074525339213,8.026636125611994,2.8169401577059787,0.0,0.0,0.0,"[(4.0, 4.9999999999999964), (7.999999999999986, 7.999999999999986)]",1.099999999999996,True
13,3,1407,13.019999999999996,0.000225,0.00033999999999999997,"[4.0, 8.0]",7.102744416829094,4.0,2.722122720453637,2.9276984503668153,7.101198114345722,1.699065730615904,0.0,0.0,0.0,"[(4.0, 4.349999999999999)]",0.3999999999999986,True
13,3,1407,13.029999999999996,0.000225,0.00033999999999999997,"[4.0, 8.0]",6.2315159439568415,6.499999999999991,4.834321548964635,5.835705559151386,6.227161046715031,1.9469697307430982,0.0,0.0,0.0,"[(4.799999999999997, 7.999999999999986)]",3.2499999999999885,True
13,3,1407,13.039999999999996,0.000225,0.00033999999999999997,"[4.0, 8.0]",6.062629074098123,5.049999999999996,5.231607102134082,5.418673437201002,4.802978993028374,0.9329038014249896,0.0,0.0,0.0,"[(4.199999999999999, 7.999999999999986)]",3.8499999999999863,True
13,3,1407,13.049999999999995,0.000225,0.00033999999999999997,"[4.0, 8.0]",5.874338818548667,4.399999999999999,3.2904165951253845,3.031973410330667,4.547578666780198,1.5704653813020824,0.0,0.0,0.0,"[(4.0, 5.5499999999999945), (7.499999999999988, 7.999999999999986)]",2.1499999999999924,True
13,3,1407,13.059999999999995,0.000225,0.00033999999999999997,"[4.0, 8.0]",5.47051064896085,4.0,1.2228044422800528,0.7993692777693352,5.470477817495556,1.460223471734955,0.0,0.0,0.0,"[(4.0, 4.599999999999998)]",0.6499999999999977,True
13,3,1407,13.069999999999995,0.000225,0.00033999999999999997,"[4.0, 8.0]",4.230775333820259,6.549999999999991,2.8306497736591276,3.3167603811037343,4.230748437178176,1.3629241345169498,0.0,0.0,0.0,"[(4.0, 4.1499999999999995), (4.949999999999997, 7.999999999999986)]",3.2999999999999883,True
13,3,1407,13.079999999999995,0.000225,0.00033999999999999997,"[4.0, 8.0]",4.638581756787663,7.349999999999988,3.9193060147438405,4.554494566094026,4.638577798017306,1.2811876175721189,0.0,0.0,0.0,"[(4.399999999999999, 7.999999999999986)]",3.649999999999987,True
13,3,1407,13.089999999999995,0.000225,0.00033999999999999997,"[4.0, 8.0]",4.459956391681511,4.749999999999997,3.3827074338716105,3.3228141421358153,2.0050360258734865,0.6707763641485149,0.0,0.0,0.0,"[(4.0, 7.999999999999986)]",4.049999999999986,True
13,3,1407,13.099999999999994,0.000225,0.00033999999999999997,"[4.0, 8.0]",4.250164302655507,4.05,1.041207564342559,0.24202594844729536,4.250074895772724,1.409749372300972,0.0,0.0,0.0,"[(4.0, 5.099999999999996), (7.999999999999986, 7.999999999999986)]",1.1999999999999957,True
13,3,1407,13.109999999999994,0.000225,0.00033999999999999997,"[4.0, 8.0]",3.128706039164913,4.0,1.3342351089476345,1.447149556102868,3.126086788162293,0.780309950784415,0.0,0.0,0.0,"[(4.0, 4.6999999999999975), (5.049999999999996, 7.999999999999986)]",3.7499999999999867,True
13,3,1407,13.119999999999994,0.000225,0.00033999999999999997,"[4.0, 8.0]",3.603732307432565,6.549999999999991,2.653776978880515,3.2406509116436104,3.602708967184387,1.1851526355890005,0.0,0.0,0.0,"[(4.549999999999998, 7.999999999999986)]",3.4999999999999876,True
13,3,1407,13.129999999999994,0.000225,0.00033999999999999997,"[4.0, 8.0]",3.4724100088861127,4.949999999999997,2.8189304635503944,2.821733696747126,2.2665106013277447,0.47402346519040195,0.0,0.0,0.0,"[(4.0, 7.999999999999986)]",4.049999999999986,True
13,3,1407,13.139999999999993,0.000225,0.00033999999999999997,"[4.0, 8.0]",3.318428376068272,4.249999999999999,1.273887142040946,0.8664395906934558,3.145922806816067,1.092191456228278,0.0,0.0,0.0,"[(4.0, 5.999999999999993), (7.149999999999989, 7.999999999999986)]",2.9499999999999895,True
13,3,1407,13.149999999999993,0.000225,0.00033999999999999997,"[4.0, 8.0]",2.8229094744348155,4.0,0.7617860903651366,0.721120901864356,2.8222957851764345,0.6435724755099294,0.0,0.0,0.0,"[(4.0, 7.999999999999986)]",4.049999999999986,True
13,3,1407,13.159999999999993,0.000225,0.00033999999999999997,"[4.0, 8.0]",2.867992546350308,6.599999999999991,2.1155789208694378,2.586387407180954,2.863938526963704,0.9518995518778235,0.0,0.0,0.0,"[(4.0, 7.999999999999986)]",4.049999999999986,True
13,3,1407,13.169999999999993,0.000225,0.00033999999999999997,"[4.0, 8.0]",2.768611847094088,5.099999999999996,2.2996346059544006,2.3750838150802203,2.245185576688663,0.4598437298036349,0.0,0.0,0.0,"[(4.0, 7.999999999999986)]",4.049999999999986,True
13,3,1407,13.179999999999993,0.000225,0.00033999999999999997,"[4.0, 8.0]",2.5907173231062792,4.199999999999999,0.762848167540175,0.3243755608327563,2.5820489744034845,0.891264948527903,0.0,0.0,0.0,"[(4.0, 7.999999999999986)]",4.049999999999986,True
13,3,1407,13.189999999999992,0.000225,0.00033999999999999997,"[4.0, 8.0]",1.9002690344963766,4.0,0.8185399145906911,0.8762099407310874,1.8997159859534176,0.47922656419515397,0.0,0.0,0.0,"[(4.0, 7.999999999999986)]",4.049999999999986,True
13,3,1407,13.199999999999992,0.000225,0.00033999999999999997,"[4.0, 8.0]",2.3091356110981263,7.2499999999999885,1.8612343653008276,2.271654006354492,2.30590825505211,0.7225704363614457,0.0,0.0,0.0,"[(4.0, 7.999999999999986)]",4.049999999999986,True
13,3,1407,12.85,0.00025,0.00017999999999999998,"[4.0, 8.0]",1.1198267049114594,4.0,0.31254100259121187,0.304956962729848,1.1197251708208376,0.2513461726713121,0.0,0.0,0.0,"[(4.0, 7.999999999999986)]",4.049999999999986,True
13,3,1407,12.86,0.00025,0.00017999999999999998,"[4.0, 8.0]",0.8381170663202171,4.0,0.4608466012352582,0.4973699466999914,0.8381127395655386,0.277061604020364,0.0,0.0,0.0,"[(4.0, 7.999999999999986)]",4.049999999999986,True
13,3,1407,12.87,0.00025,0.00017999999999999998,"[4.0, 8.0]",1.0526014391492067,6.449999999999991,0.6535138965513199,0.7504391481872024,1.0519042651030919,0.3537860286471793,0.0,0.0,0.0,"[(4.0, 7.999999999999986)]",4.049999999999986,True
13,3,1407,12.879999999999999,0.00025,0.00017999999999999998,"[4.0, 8.0]",1.1682618884310947,6.449999999999991,0.827526814613252,1.0112466732528609,1.1680314181627134,0.38936862760998114,0.0,0.0,0.0,"[(4.0, 7.999999999999986)]",4.049999999999986,True
13,3,1407,12.889999999999999,0.00025,0.00017999999999999998,"[4.0, 8.0]",1.1588120378298057,5.699999999999994,0.9303326292811165,1.1310184104563035,1.1572417895093816,0.3550803747086728,0.0,0.0,0.0,"[(4.0, 7.999999999999986)]",4.049999999999986,True
13,3,1407,12.899999999999999,0.00025,0.00017999999999999998,"[4.0, 8.0]",1.138748825020601,7.649999999999987,0.9436180099454209,1.027780534378283,1.1142139572788343,0.2725169426731591,0.0,0.0,0.0,"[(4.0, 7.999999999999986)]",4.049999999999986,True
13,3,1407,12.909999999999998,0.00025,0.00017999999999999998,"[4.0, 8.0]",1.1187182516784595,4.949999999999997,0.8624937234184145,0.8655988864417413,0.9290568451303998,0.20333425944478942,0.0,0.0,0.0,"[(4.0, 7.999999999999986)]",4.049999999999986,True
13,3,1407,12.919999999999998,0.00025,0.00017999999999999998,"[4.0, 8.0]",1.0963033505229083,4.649999999999998,0.6852096373719002,0.6520033958456811,0.7363292915208227,0.24896052218768255,0.0,0.0,0.0,"[(4.0, 7.999999999999986)]",4.049999999999986,True
13,3,1407,12.929999999999998,0.00025,0.00017999999999999998,"[4.0, 8.0]",1.0726679369783503,4.399999999999999,0.4534266747563115,0.3470062582748177,0.9895858102725943,0.3391096427989362,0.0,0.0,0.0,"[(4.0, 7.999999999999986)]",4.049999999999986,True
13,3,1407,12.939999999999998,0.00025,0.00017999999999999998,"[4.0, 8.0]",1.0489749871874712,4.199999999999999,0.26968765551247,0.0827351233117856,1.0489739732761896,0.3531106100370467,0.0,0.0,0.0,"[(4.0, 7.999999999999986)]",4.049999999999986,True
13,3,1407,12.949999999999998,0.00025,0.00017999999999999998,"[4.0, 8.0]",1.0274393039628256,4.0,0.20063497924297682,0.08887596416222,1.027356030789284,0.2881368808799674,0.0,0.0,0.0,"[(4.0, 7.999999999999986)]",4.049999999999986,True
13,3,1407,12.959999999999997,0.00025,0.00017999999999999998,"[4.0, 8.0]",0.9276022388538087,4.0,0.2476689584466611,0.2301807808442936,0.9274696878754775,0.21062614542362076,0.0,0.0,0.0,"[(4.0, 7.999999999999986)]",4.049999999999986,True
13,3,1407,12.969999999999997,0.00025,0.00017999999999999998,"[4.0, 8.0]",0.6772388325859281,4.0,0.39553390060979354,0.4370736692176467,0.6771202220581292,0.22785184429864888,0.0,0.0,0.0,"[(4.0, 7.999999999999986)]",4.049999999999986,True
13,3,1407,12.979999999999997,0.00025,0.00017999999999999998,"[4.0, 8.0]",0.8896592395329849,6.499999999999991,0.5854978660918856,0.701861033407305,0.8891688642098562,0.2998208683448778,0.0,0.0,0.0,"[(4.0, 7.999999999999986)]",4.049999999999986,True
13,3,1407,12.989999999999997,0.00025,0.00017999999999999998,"[4.0, 8.0]",0.913454103353867,5.849999999999993,0.7102090694970774,0.8837852609826474,0.9124228846181367,0.2991333639144157,0.0,0.0,0.0,"[(4.0, 7.999999999999986)]",4.049999999999986,True
13,3,1407,12.999999999999996,0.00025,0.00017999999999999998,"[4.0, 8.0]",0.8937198567098149,7.699999999999987,0.7248019865010107,0.7951526723117043,0.8908193929260327,0.2284317056748965,0.0,0.0,0.0,"[(4.0, 7.999999999999986)]",4.049999999999986,True
13,3,1407,13.009999999999996,0.00025,0.00017999999999999998,"[4.0, 8.0]",0.8732433672209241,4.899999999999997,0.6263317190666515,0.6205043983729759,0.7368879078230121,0.17110343252319263,0.0,0.0,0.0,"[(4.0, 7.999999999999986)]",4.049999999999986,True
13,3,1407,13.019999999999996,0.00025,0.00017999999999999998,"[4.0, 8.0]",0.8493135158817676,4.549999999999998,0.4180063732142242,0.36908571318783695,0.7210450871375462,0.24270837311737214,0.0,0.0,0.0,"[(4.0, 7.999999999999986)]",4.049999999999986,True
13,3,1407,13.029999999999996,0.00025,0.00017999999999999998,"[4.0, 8.0]",0.8251671879469412,4.249999999999999,0.22307379067875802,0.07265230966908409,0.8251664137894543,0.2838357849792142,0.0,0.0,0.0,"[(4.0, 7.999999999999986)]",4.049999999999986,True
13,3,1407,13.039999999999996,0.00025,0.00017999999999999998,"[4.0, 8.0]",0.802643802179311,4.0,0.16747376919863566,0.08481836535317577,0.8025958777862267,0.22562739206833854,0.0,0.0,0.0,"[(4.0, 7.999999999999986)]",4.049999999999986,True
13,3,1407,13.049999999999995,0.00025,0.00017999999999999998,"[4.0, 8.0]",0.7050118998675121,4.0,0.2462734794307602,0.25780809804768573,0.7049496786706186,0.16690368373176728,0.0,0.0,0.0,"[(4.0, 7.999999999999986)]",4.049999999999986,True
13,3,1407,13.059999999999995,0.00025,0.00017999999999999998,"[4.0, 8.0]",0.6822013660709358,6.549999999999991,0.4297679334443381,0.49048787879901856,0.6821126112374906,0.2274070553861966,0.0,0.0,0.0,"[(4.0, 7.999999999999986)]",4.049999999999986,True
13,3,1407,13.069999999999995,0.00025,0.00017999999999999998,"[4.0, 8.0]",0.7349702398387504,5.899999999999993,0.5658414284777972,0.709956330306208,0.7344033096339774,0.24607149320143465,0.0,0.0,0.0,"[(4.0, 7.999999999999986)]",4.049999999999986,True
13,3,1407,13.079999999999995,0.00025,0.00017999999999999998,"[4.0, 8.0]",0.715360500278754,7.849999999999986,0.5622352900837356,0.6059388435139172,0.7134753454671016,0.17813553925033948,0.0,0.0,0.0,"[(4.0, 7.999999999999986)]",4.049999999999986,True
13,3,1407,13.089999999999995,0.00025,0.00017999999999999998,"[4.0, 8.0]",0.6928787150996585,4.749999999999997,0.4189917229112206,0.3951958570490214,0.5276878283951815,0.16008428768860358,0.0,0.0,0.0,"[(4.0, 7.999999999999986)]",4.049999999999986,True
13,3,1407,13.099999999999994,0.00025,0.00017999999999999998,"[4.0, 8.0]",0.6672880516795276,4.349999999999999,0.20173551726975353,0.08493982065557018,0.6662225160575878,0.23087550764224635,0.0,0.0,0.0,"[(4.0, 7.999999999999986)]",4.049999999999986,True
13,3,1407,13.109999999999994,0.00025,0.00017999999999999998,"[4.0, 8.0]",0.6452141293207334,4.05,0.1424317318396973,0.0816060878461601,0.6450986225999347,0.18411429526812073,0.0,0.0,0.0,"[(4.0, 7.999999999999986)]",4.049999999999986,True
13,3,1407,13.119999999999994,0.00025,0.00017999999999999998,"[4.0, 8.0]",0.5442357974236591,4.0,0.24386850793411327,0.2656737056600375,0.5441597881399302,0.144236101100777,0.0,0.0,0.0,"[(4.0, 7.999999999999986)]",4.049999999999986,True
13,3,1407,13.129999999999994,0.00025,0.00017999999999999998,"[4.0, 8.0]",0.6091512945846309,6.549999999999991,0.4310415169215655,0.5350864340139825,0.6084467456116371,0.20892532761578544,0.0,0.0,0.0,"[(4.0, 7.999999999999986)]",4.049999999999986,True
13,3,1407,13.139999999999993,0.00025,0.00017999999999999998,"[4.0, 8.0]",0.5896201361981968,5.349999999999995,0.46249877488663366,0.5119800301829237,0.5896150735486487,0.16291603620764727,0.0,0.0,0.0,"[(4.0, 7.999999999999986)]",4.049999999999986,True
13,3,1407,13.149999999999993,0.00025,0.00017999999999999998,"[4.0, 8.0]",0.5669663724495322,4.749999999999997,0.3243458518716205,0.2956110327974214,0.4483217356558541,0.1381687219347843,0.0,0.0,0.0,"[(4.0, 7.999999999999986)]",4.049999999999986,True
13,3,1407,13.159999999999993,0.00025,0.00017999999999999998,"[4.0, 8.0]",0.5399251581193464,4.249999999999999,0.131443542247273,0.017441610158114487,0.5398882028389806,0.18566906647686596,0.0,0.0,0.0,"[(4.0, 7.999999999999986)]",4.049999999999986,True
13,3,1407,13.169999999999993,0.00025,0.00017999999999999998,"[4.0, 8.0]",0.5146582128238388,4.0,0.15597190854120513,0.15245945069253258,0.514655387803612,0.1231498678831647,0.0,0.0,0.0,"[(4.0, 7.999999999999986)]",4.049999999999986,True
13,3,1407,13.179999999999993,0.00025,0.00017999999999999998,"[4.0, 8.0]",0.5044833190743072,6.599999999999991,0.34306253151617094,0.42004558995817987,0.5042396734424497,0.17197001606742784,0.0,0.0,0.0,"[(4.0, 7.999999999999986)]",4.049999999999986,True
13,3,1407,13.189999999999992,0.00025,0.00017999999999999998,"[4.0, 8.0]",0.490242783587193,5.299999999999995,0.3760278537373414,0.40933516603889275,0.49023938512208076,0.1329425479608221,0.0,0.0,0.0,"[(4.0, 7.999999999999986)]",4.049999999999986,True
13,3,1407,13.199999999999992,0.00025,0.00017999999999999998,"[4.0, 8.0]",0.4651710933148172,4.599999999999998,0.19729864063518296,0.15688957411790078,0.42605305555975587,0.14263680023769004,0.0,0.0,0.0,"[(4.0, 7.999999999999986)]",4.049999999999986,True
13,3,1407,12.85,0.00025,0.00019999999999999998,"[4.0, 8.0]",1.7417809439544298,4.6999999999999975,1.2374592842982708,1.2267691288474838,0.9767265607179085,0.3248103312570222,0.0,0.0,0.0,"[(4.0, 7.999999999999986)]",4.049999999999986,True
13,3,1407,12.86,0.00025,0.00019999999999999998,"[4.0, 8.0]",1.710690865548357,4.449999999999998,0.9304009195530095,0.8574790729413545,1.3538017926527726,0.46486672184749617,0.0,0.0,0.0,"[(4.0, 7.999999999999986)]",4.049999999999986,True
13,3,1407,12.87,0.00025,0.00019999999999999998,"[4.0, 8.0]",1.6790660897412861,4.249999999999999,0.5944077790340696,0.3753263333361772,1.6314228963269635,0.5563489027962207,0.0,0.0,0.0,"[(4.0, 7.999999999999986)]",4.049999999999986,True
13,3,1407,12.879999999999999,0.00025,0.00019999999999999998,"[4.0, 8.0]",1.6457396806132154,4.05,0.3589067114363656,0.05304541980838594,1.645672121193026,0.5184859718991798,0.0,0.0,0.0,"[(4.0, 7.999999999999986)]",4.049999999999986,True
13,3,1407,12.889999999999999,0.00025,0.00019999999999999998,"[4.0, 8.0]",1.5638767340381898,4.0,0.3040866164360264,0.1864447776735256,1.5638219628713474,0.390828207856414,0.0,0.0,0.0,"[(4.0, 7.999999999999986)]",4.049999999999986,True
13,3,1407,12.899999999999999,0.00025,0.00019999999999999998,"[4.0, 8.0]",1.3193991833314307,4.0,0.4089594519257915,0.42499549656625507,1.3189194250790741,0.3028902984002364,0.0,0.0,0.0,"[(4.0, 7.999999999999986)]",4.049999999999986,True
13,3,1407,12.909999999999998,0.00025,0.00019999999999999998,"[4.0, 8.0]",1.0597085875331926,6.449999999999991,0.6195224301320569,0.6836211203485419,1.0596695495027855,0.35509695599140356,0.0,0.0,0.0,"[(4.0, 7.999999999999986)]",4.049999999999986,True
13,3,1407,12.919999999999998,0.00025,0.00019999999999999998,"[4.0, 8.0]",1.34106803013547,6.449999999999991,0.8752883722679246,1.0427306465384631,1.3410652313524067,0.450110770164818,0.0,0.0,0.0,"[(4.0, 7.999999999999986)]",4.049999999999986,True
13,3,1407,12.929999999999998,0.00025,0.00019999999999999998,"[4.0, 8.0]",1.4105856859452945,6.79999999999999,1.081946144955187,1.3273110410871545,1.4099341453525531,0.45857420275824795,0.0,0.0,0.0,"[(4.0, 7.999999999999986)]",4.049999999999986,True
13,3,1407,12.939999999999998,0.00025,0.00019999999999999998,"[4.0, 8.0]",1.3804219195108227,5.349999999999995,1.1475781790962256,1.2783381439923285,1.371034885970575,0.3557562441701148,0.0,0.0,0.0,"[(4.0, 7.999999999999986)]",4.049999999999986,True
13,3,1407,12.949999999999998,0.00025,0.00019999999999999998,"[4.0, 8.0]",1.3528997273616663,7.949999999999986,1.0585905005185183,1.0733151288843799,1.1452670909923206,0.24600033079844824,0.0,0.0,0.0,"[(4.0, 7.999999999999986)]",4.049999999999986,True
13,3,1407,12.959999999999997,0.00025,0.00019999999999999998,"[4.0, 8.0]",1.3244435450252732,4.6999999999999975,0.8426543864042886,0.8022275980836944,0.8636191446666596,0.29151348190930826,0.0,0.0,0.0,"[(4.0, 7.999999999999986)]",4.049999999999986,True
13,3,1407,12.969999999999997,0.00025,0.00019999999999999998,"[4.0, 8.0]",1.2947383717865222,4.399999999999999,0.5410632441938283,0.4080881668577849,1.1993647206385922,0.4117139240321115,0.0,0.0,0.0,"[(4.0, 7.999999999999986)]",4.049999999999986,True
13,3,1407,12.979999999999997,0.00025,0.00019999999999999998,"[4.0, 8.0]",1.2605480223438228,4.1499999999999995,0.2931352273941052,0.05014089408930587,1.26051653156192,0.416314644437479,0.0,0.0,0.0,"[(4.0, 7.999999999999986)]",4.049999999999986,True
13,3,1407,12.989999999999997,0.00025,0.00019999999999999998,"[4.0, 8.0]",1.2042377719210264,4.0,0.2564503842674224,0.18433323474482227,1.2041328709497778,0.2983721718833395,0.0,0.0,0.0,"[(4.0, 7.999999999999986)]",4.049999999999986,True
13,3,1407,12.999999999999996,0.00025,0.00019999999999999998,"[4.0, 8.0]",0.9719483830870878,4.0,0.39420146966624803,0.41016909527910733,0.971944464047244,0.24737626016934228,0.0,0.0,0.0,"[(4.0, 7.999999999999986)]",4.049999999999986,True
13,3,1407,13.009999999999996,0.00025,0.00019999999999999998,"[4.0, 8.0]",0.9945409445165256,6.499999999999991,0.6184308402309618,0.7081187323330546,0.9942715784085556,0.3307924004811976,0.0,0.0,0.0,"[(4.0, 7.999999999999986)]",4.049999999999986,True
13,3,1407,13.019999999999996,0.00025,0.00019999999999999998,"[4.0, 8.0]",1.1151851952257266,6.74999999999999,0.8332648114173593,1.033630192095281,1.114710040808705,0.3741604973784737,0.0,0.0,0.0,"[(4.0, 7.999999999999986)]",4.049999999999986,True
13,3,1407,13.029999999999996,0.00025,0.00019999999999999998,"[4.0, 8.0]",1.0836957474486648,5.299999999999995,0.8821860595151292,0.9691870001102378,1.0794430164490751,0.2767610764924092,0.0,0.0,0.0,"[(4.0, 7.999999999999986)]",4.049999999999986,True
13,3,1407,13.039999999999996,0.00025,0.00019999999999999998,"[4.0, 8.0]",1.055785534727402,4.899999999999997,0.7465425921136395,0.7353064116295329,0.8542487245411146,0.20465668633796574,0.0,0.0,0.0,"[(4.0, 7.999999999999986)]",4.049999999999986,True
13,3,1407,13.049999999999995,0.00025,0.00019999999999999998,"[4.0, 8.0]",1.0279040998864277,4.549999999999998,0.4956623186255926,0.4365947412157836,0.883769274676643,0.2986776076322944,0.0,0.0,0.0,"[(4.0, 7.999999999999986)]",4.049999999999986,True
13,3,1407,13.059999999999995,0.00025,0.00019999999999999998,"[4.0, 8.0]",0.9948844550110659,4.199999999999999,0.24272085677408603,0.048709681027871564,0.9948699714791119,0.3380588113545056,0.0,0.0,0.0,"[(4.0, 7.999999999999986)]",4.049999999999986,True
13,3,1407,13.069999999999995,0.00025,0.00019999999999999998,"[4.0, 8.0]",0.9416898274773099,4.0,0.23200485586544223,0.20101975501511238,0.9416207143257225,0.22547856053301382,0.0,0.0,0.0,"[(4.0, 7.999999999999986)]",4.049999999999986,True
13,3,1407,13.079999999999995,0.00025,0.00019999999999999998,"[4.0, 8.0]",0.6944197713519826,4.0,0.4027444056485776,0.4474078241678204,0.6943078492634296,0.22553817125776807,0.0,0.0,0.0,"[(4.0, 7.999999999999986)]",4.049999999999986,True
13,3,1407,13.089999999999995,0.00025,0.00019999999999999998,"[4.0, 8.0]",0.8976290219211351,6.549999999999991,0.6231693291910144,0.7689201732115791,0.8964829721234138,0.30550972186443054,0.0,0.0,0.0,"[(4.0, 7.999999999999986)]",4.049999999999986,True
13,3,1407,13.099999999999994,0.00025,0.00019999999999999998,"[4.0, 8.0]",0.8747358539110064,7.749999999999987,0.7008267550244142,0.780545248006214,0.874416815318165,0.23578694310431708,0.0,0.0,0.0,"[(4.0, 7.999999999999986)]",4.049999999999986,True
13,3,1407,13.109999999999994,0.00025,0.00019999999999999998,"[4.0, 8.0]",0.8463518123548751,4.849999999999997,0.5463979135733676,0.5229466949796574,0.6767531788379715,0.18125087617568908,0.0,0.0,0.0,"[(4.0, 7.999999999999986)]",4.049999999999986,True
13,3,1407,13.119999999999994,0.00025,0.00019999999999999998,"[4.0, 8.0]",0.817562750225968,4.449999999999998,0.2945624304031688,0.18309127775532208,0.794923908743193,0.2738023131034972,0.0,0.0,0.0,"[(4.0, 7.999999999999986)]",4.049999999999986,True
13,3,1407,13.129999999999994,0.00025,0.00019999999999999998,"[4.0, 8.0]",0.7809181261900509,4.0,0.17686265550335367,0.11883772257543541,0.7809180938117418,0.2132574094592573,0.0,0.0,0.0,"[(4.0, 7.999999999999986)]",4.049999999999986,True
13,3,1407,13.139999999999993,0.00025,0.00019999999999999998,"[4.0, 8.0]",0.6013212501660474,4.0,0.33354972291733026,0.37754848546698316,0.6007175767389522,0.18586612399603952,0.0,0.0,0.0,"[(4.0, 7.999999999999986)]",4.049999999999986,True
13,3,1407,13.149999999999993,0.00025,0.00019999999999999998,"[4.0, 8.0]",0.742045900062826,6.649999999999991,0.537565691047984,0.6692097724786482,0.7418595419195663,0.2552770915743512,0.0,0.0,0.0,"[(4.0, 7.999999999999986)]",4.049999999999986,True
13,3,1407,13.159999999999993,0.00025,0.00019999999999999998,"[4.0, 8.0]",0.7071934352962977,5.099999999999996,0.5192129983770573,0.5355608104035453,0.6874221749511177,0.15682046284676426,0.0,0.0,0.0,"[(4.0, 7.999999999999986)]",4.049999999999986,True
13,3,1407,13.169999999999993,0.00025,0.00019999999999999998,"[4.0, 8.0]",0.680208576579066,4.599999999999998,0.3036280426937261,0.25452199076592313,0.6084608989714674,0.20436994235029346,0.0,0.0,0.0,"[(4.0, 7.999999999999986)]",4.049999999999986,True
13,3,1407,13.179999999999993,0.00025,0.00019999999999999998,"[4.0, 8.0]",0.6432432998082459,4.05,0.148418377328955,0.08974990352365955,0.6432123912855984,0.18517157464147668,0.0,0.0,0.0,"[(4.0, 7.999999999999986)]",4.049999999999986,True
13,3,1407,13.189999999999992,0.00025,0.00019999999999999998,"[4.0, 8.0]",0.5168712712334915,6.599999999999991,0.31665811090014523,0.35664772494393987,0.5167303178774101,0.170364544130305,0.0,0.0,0.0,"[(4.0, 7.999999999999986)]",4.049999999999986,True
13,3,1407,13.199999999999992,0.00025,0.00019999999999999998,"[4.0, 8.0]",0.6078196822987466,7.549999999999987,0.4771767834924618,0.5692815374586053,0.6069821359647973,0.19480745950310452,0.0,0.0,0.0,"[(4.0, 7.999999999999986)]",4.049999999999986,True
13,3,1407,12.85,0.00025,0.00021999999999999998,"[4.0, 8.0]",1.686344090746964,4.0,0.792705072438206,0.86653303603353,1.6863110376242723,0.4864734719447648,0.0,0.0,0.0,"[(4.0, 7.999999999999986)]",4.049999999999986,True
13,3,1407,12.86,0.00025,0.00021999999999999998,"[4.0, 8.0]",1.873755294398063,6.449999999999991,1.160933116690237,1.3140838642936046,1.8733721176870217,0.6245203505398044,0.0,0.0,0.0,"[(4.0, 7.999999999999986)]",4.049999999999986,True
13,3,1407,12.87,0.00025,0.00021999999999999998,"[4.0, 8.0]",2.1439751366755693,6.449999999999991,1.5233370411922198,1.845908157657386,2.1439751558431843,0.7056312723981616,0.0,0.0,0.0,"[(4.0, 7.999999999999986)]",4.049999999999986,True
13,3,1407,12.879999999999999,0.00025,0.00021999999999999998,"[4.0, 8.0]",2.1425747644656807,5.699999999999994,1.7539858229810164,2.1020310358219065,2.140612547776283,0.6284884248554676,0.0,0.0,0.0,"[(4.0, 7.999999999999986)]",4.049999999999986,True
13,3,1407,12.889999999999999,0.00025,0.00021999999999999998,"[4.0, 8.0]",2.10279588203835,7.699999999999987,1.7819963513647823,1.9071639967468998,1.9436388237734556,0.439746390604535,0.0,0.0,0.0,"[(4.0, 7.999999999999986)]",4.049999999999986,True
13,3,1407,12.899999999999999,0.00025,0.00021999999999999998,"[4.0, 8.0]",2.0645412683378415,4.849999999999997,1.6078924696585912,1.594920357169347,1.4368631556712494,0.3291049374394188,0.0,0.0,0.0,"[(4.0, 7.999999999999986)]",4.049999999999986,True
13,3,1407,12.909999999999998,0.00025,0.00021999999999999998,"[4.0, 8.0]",2.0243120175525284,4.599999999999998,1.2573095925616906,1.2146072807100392,1.3834509357159117,0.4694295123600314,0.0,0.0,0.0,"[(4.0, 7.999999999999986)]",4.049999999999986,True
13,3,1407,12.919999999999998,0.00025,0.00021999999999999998,"[4.0, 8.0]",1.982225316998218,4.299999999999999,0.7990752331767924,0.5756971024808275,1.8579644327291558,0.6391432237511129,0.0,0.0,0.0,"[(4.0, 7.999999999999986)]",4.049999999999986,True
13,3,1407,12.929999999999998,0.00025,0.00021999999999999998,"[4.0, 8.0]",1.9352955702405592,4.05,0.43683268219077437,0.077447389000693,1.9352948197441406,0.6222838574204096,0.0,0.0,0.0,"[(4.0, 7.999999999999986)]",4.049999999999986,True
13,3,1407,12.939999999999998,0.00025,0.00021999999999999998,"[4.0, 8.0]",1.810701276030411,4.0,0.37438472598047906,0.27205115742364705,1.8102890071283655,0.441314101766947,0.0,0.0,0.0,"[(4.0, 7.999999999999986)]",4.049999999999986,True
13,3,1407,12.949999999999998,0.00025,0.00021999999999999998,"[4.0, 8.0]",1.4327487886920438,4.0,0.5659428782641246,0.606307186586871,1.4326850915308538,0.36140084852722015,0.0,0.0,0.0,"[(4.0, 7.999999999999986)]",4.049999999999986,True
13,3,1407,12.959999999999997,0.00025,0.00021999999999999998,"[4.0, 8.0]",1.4248517751973173,6.499999999999991,0.8748278971234058,0.972936149991968,1.4248297731323072,0.4725441268924028,0.0,0.0,0.0,"[(4.0, 7.999999999999986)]",4.049999999999986,True
13,3,1407,12.969999999999997,0.00025,0.00021999999999999998,"[4.0, 8.0]",1.6651351808035477,6.499999999999991,1.1905445836039081,1.4548507005491038,1.6634987263072978,0.5553744697979451,0.0,0.0,0.0,"[(4.0, 7.999999999999986)]",4.049999999999986,True
13,3,1407,12.979999999999997,0.00025,0.00021999999999999998,"[4.0, 8.0]",1.6396900663879674,7.449999999999988,1.3572289872741865,1.558257167648627,1.6396815374067568,0.45974207511010345,0.0,0.0,0.0,"[(4.0, 7.999999999999986)]",4.049999999999986,True
13,3,1407,12.989999999999997,0.00025,0.00021999999999999998,"[4.0, 8.0]",1.5992554973958304,4.9999999999999964,1.2617953151696464,1.287309901003665,1.3538271323351512,0.2876352657292602,0.0,0.0,0.0,"[(4.0, 7.999999999999986)]",4.049999999999986,True
13,3,1407,12.999999999999996,0.00025,0.00021999999999999998,"[4.0, 8.0]",1.5618273407562369,4.649999999999998,0.9681865347243548,0.9174042193029673,1.0568072123599115,0.35421095941102315,0.0,0.0,0.0,"[(4.0, 7.999999999999986)]",4.049999999999986,True
13,3,1407,13.009999999999996,0.00025,0.00021999999999999998,"[4.0, 8.0]",1.5233391420918356,4.349999999999999,0.5834136532264267,0.39007413232047883,1.453391417183271,0.5008738522781091,0.0,0.0,0.0,"[(4.0, 7.999999999999986)]",4.049999999999986,True
13,3,1407,13.019999999999996,0.00025,0.00021999999999999998,"[4.0, 8.0]",1.4777868737927544,4.05,0.3061447705003517,0.07420975750747334,1.4777323463512853,0.45929971760591576,0.0,0.0,0.0,"[(4.0, 7.999999999999986)]",4.049999999999986,True
13,3,1407,13.029999999999996,0.00025,0.00021999999999999998,"[4.0, 8.0]",1.2935872235362762,4.0,0.3801849136781974,0.373011748666252,1.293316837168555,0.29413101815140247,0.0,0.0,0.0,"[(4.0, 7.999999999999986)]",4.049999999999986,True
13,3,1407,13.039999999999996,0.00025,0.00021999999999999998,"[4.0, 8.0]",1.0798700767698772,6.499999999999991,0.6533559091305235,0.7321618251460478,1.0790975537367502,0.356221426890462,0.0,0.0,0.0,"[(4.0, 7.999999999999986)]",4.049999999999986,True
13,3,1407,13.049999999999995,0.00025,0.00021999999999999998,"[4.0, 8.0]",1.3197971740162857,6.549999999999991,0.9327780518579712,1.1403958896817192,1.318865773201565,0.44609702748511854,0.0,0.0,0.0,"[(4.0, 7.999999999999986)]",4.049999999999986,True
13,3,1407,13.059999999999995,0.00025,0.00021999999999999998,"[4.0, 8.0]",1.2908534340349942,5.399999999999995,1.0579801092570253,1.1882996752398118,1.2906711924682333,0.3497852641118019,0.0,0.0,0.0,"[(4.0, 7.999999999999986)]",4.049999999999986,True
13,3,1407,13.069999999999995,0.00025,0.00021999999999999998,"[4.0, 8.0]",1.248632026648849,4.849999999999997,0.8615522576296959,0.8405384361429714,0.9427542200948444,0.24265689166387214,0.0,0.0,0.0,"[(4.0, 7.999999999999986)]",4.049999999999986,True
13,3,1407,13.079999999999995,0.00025,0.00021999999999999998,"[4.0, 8.0]",1.2119698035363058,4.449999999999998,0.52609212013387,0.4090785189507402,1.1034788803486806,0.3775384757621308,0.0,0.0,0.0,"[(4.0, 7.999999999999986)]",4.049999999999986,True
13,3,1407,13.089999999999995,0.00025,0.00021999999999999998,"[4.0, 8.0]",1.1709005310885447,4.1499999999999995,0.25837237107381095,0.0482804118020349,1.170900516486251,0.3830953786096708,0.0,0.0,0.0,"[(4.0, 7.999999999999986)]",4.049999999999986,True
13,3,1407,13.099999999999994,0.00025,0.00021999999999999998,"[4.0, 8.0]",1.0018227094071406,4.0,0.3568467785473992,0.3629791011926917,1.0018213729807524,0.23646388005209415,0.0,0.0,0.0,"[(4.0, 7.999999999999986)]",4.049999999999986,True
13,3,1407,13.109999999999994,0.00025,0.00021999999999999998,"[4.0, 8.0]",1.0003964443622368,6.549999999999991,0.6424974882211902,0.7576830999991369,1.0000423983225784,0.3348188061176732,0.0,0.0,0.0,"[(4.0, 7.999999999999986)]",4.049999999999986,True
13,3,1407,13.119999999999994,0.00025,0.00021999999999999998,"[4.0, 8.0]",1.0592740948829495,7.349999999999988,0.8368474857836609,1.0281136693804847,1.059194771647602,0.34379149446732254,0.0,0.0,0.0,"[(4.0, 7.999999999999986)]",4.049999999999986,True
13,3,1407,13.129999999999994,0.00025,0.00021999999999999998,"[4.0, 8.0]",1.0132606963355406,4.899999999999997,0.701787631708304,0.6897227005773667,0.8551629240735515,0.20198190649960163,0.0,0.0,0.0,"[(4.0, 7.999999999999986)]",4.049999999999986,True
13,3,1407,13.139999999999993,0.00025,0.00021999999999999998,"[4.0, 8.0]",0.9755600626464387,4.449999999999998,0.3718639690787046,0.25474669324394456,0.9331559975616802,0.3211039889872532,0.0,0.0,0.0,"[(4.0, 7.999999999999986)]",4.049999999999986,True
13,3,1407,13.149999999999993,0.00025,0.00021999999999999998,"[4.0, 8.0]",0.9352906863461821,4.05,0.20258031254267692,0.10162134038518213,0.9352600511214062,0.27331773445059276,0.0,0.0,0.0,"[(4.0, 7.999999999999986)]",4.049999999999986,True
13,3,1407,13.159999999999993,0.00025,0.00021999999999999998,"[4.0, 8.0]",0.7395824928689372,6.599999999999991,0.4531664671099218,0.5076338847118483,0.7389113513464398,0.24359210766272557,0.0,0.0,0.0,"[(4.0, 7.999999999999986)]",4.049999999999986,True
13,3,1407,13.169999999999993,0.00025,0.00021999999999999998,"[4.0, 8.0]",0.8791324456977951,7.149999999999989,0.6689045552958085,0.8422172274460858,0.8790931031009,0.2998878380091707,0.0,0.0,0.0,"[(4.0, 7.999999999999986)]",4.049999999999986,True
13,3,1407,13.179999999999993,0.00025,0.00021999999999999998,"[4.0, 8.0]",0.8333412783283701,4.899999999999997,0.5521478340214083,0.5309558320647716,0.7196915461500741,0.17508518515997837,0.0,0.0,0.0,"[(4.0, 7.999999999999986)]",4.049999999999986,True
13,3,1407,13.189999999999992,0.00025,0.00021999999999999998,"[4.0, 8.0]",0.7942454580650128,4.349999999999999,0.234502117249639,0.08997367298128596,0.793912992422479,0.2779276382874827,0.0,0.0,0.0,"[(4.0, 7.999999999999986)]",4.049999999999986,True
13,3,1407,13.199999999999992,0.00025,0.00021999999999999998,"[4.0, 8.0]",0.718914292931293,4.0,0.2469770592946557,0.2528571778916549,0.7184914239531824,0.16919683231529847,0.0,0.0,0.0,"[(4.0, 7.999999999999986)]",4.049999999999986,True
13,3,1407,12.85,0.00025,0.00023999999999999998,"[4.0, 8.0]",3.2230883435727895,7.699999999999987,2.785618493509345,2.9496442657030646,2.811258288708647,0.6033984850000162,0.0,0.0,0.0,"[(4.0, 7.999999999999986)]",4.049999999999986,True
13,3,1407,12.86,0.00025,0.00023999999999999998,"[4.0, 8.0]",3.163959153515024,4.799999999999997,2.497195947839323,2.507724859580953,1.8274872275033713,0.4615590109289407,0.0,0.0,0.0,"[(4.0, 7.999999999999986)]",4.049999999999986,True
13,3,1407,12.87,0.00025,0.00023999999999999998,"[4.0, 8.0]",3.101332752737912,4.499999999999998,1.866513647326707,1.7797934511473308,2.2161088850877304,0.7624018019660527,0.0,0.0,0.0,"[(4.0, 7.999999999999986)]",4.049999999999986,True
13,3,1407,12.879999999999999,0.00025,0.00023999999999999998,"[4.0, 8.0]",3.038369919600208,4.199999999999999,1.1140520713809148,0.7364984430871386,2.928846410978456,0.9980547714094463,0.0,0.0,0.0,"[(4.0, 7.999999999999986)]",4.049999999999986,True
13,3,1407,12.889999999999999,0.00025,0.00023999999999999998,"[4.0, 8.0]",2.9760898515656233,4.0,0.6268495549308143,0.0935692514652123,2.9760600289474373,0.9107974245412106,0.0,0.0,0.0,"[(4.0, 7.999999999999986)]",4.049999999999986,True
13,3,1407,12.899999999999999,0.00025,0.00023999999999999998,"[4.0, 8.0]",2.6986163659057527,4.0,0.5809953466332269,0.4545417048969494,2.6977074034189146,0.6398969151950435,0.0,0.0,0.0,"[(4.0, 7.999999999999986)]",4.049999999999986,True
13,3,1407,12.909999999999998,0.00025,0.00023999999999999998,"[4.0, 8.0]",2.060021927528311,4.0,0.8965386550037244,0.9708155530237167,2.0599292458415897,0.5512964061586686,0.0,0.0,0.0,"[(4.0, 7.999999999999986)]",4.049999999999986,True
13,3,1407,12.919999999999998,0.00025,0.00023999999999999998,"[4.0, 8.0]",2.213354820685,6.449999999999991,1.4044284857111895,1.6302727545749598,2.210312006816965,0.7331712526242237,0.0,0.0,0.0,"[(4.0, 7.999999999999986)]",4.049999999999986,True
13,3,1407,12.929999999999998,0.00025,0.00023999999999999998,"[4.0, 8.0]",2.4946352165929646,6.449999999999991,1.8699423220889868,2.273181254599233,2.4933924145540827,0.8068531854849191,0.0,0.0,0.0,"[(4.0, 7.999999999999986)]",4.049999999999986,True
13,3,1407,12.939999999999998,0.00025,0.00023999999999999998,"[4.0, 8.0]",2.4453992669022897,7.499999999999988,2.072290424010386,2.319333691265573,2.4121378353598044,0.6220946000646725,0.0,0.0,0.0,"[(4.0, 7.999999999999986)]",4.049999999999986,True
13,3,1407,12.949999999999998,0.00025,0.00023999999999999998,"[4.0, 8.0]",2.393459323200053,7.999999999999986,1.9479586007791514,1.9957210499659674,1.8515999662014115,0.38343556033229104,0.0,0.0,0.0,"[(4.0, 7.999999999999986)]",4.049999999999986,True
13,3,1407,12.959999999999997,0.00025,0.00023999999999999998,"[4.0, 8.0]",2.3407664684190896,4.599999999999998,1.5311948893092264,1.4854010751149809,1.473914332403429,0.4968493175561135,0.0,0.0,0.0,"[(4.0, 7.999999999999986)]",4.049999999999986,True
13,3,1407,12.969999999999997,0.00025,0.00023999999999999998,"[4.0, 8.0]",2.2844423942045275,4.299999999999999,0.9124955692902439,0.6549168475008443,2.1469656885772337,0.7397819980716537,0.0,0.0,0.0,"[(4.0, 7.999999999999986)]",4.049999999999986,True
13,3,1407,12.979999999999997,0.00025,0.00023999999999999998,"[4.0, 8.0]",2.219967911957008,4.0,0.45779592027913285,0.09269675801377124,2.219960796195113,0.6837478987817859,0.0,0.0,0.0,"[(4.0, 7.999999999999986)]",4.049999999999986,True
13,3,1407,12.989999999999997,0.00025,0.00023999999999999998,"[4.0, 8.0]",1.9340970051201334,4.0,0.5118773826502672,0.4789333215547062,1.9340066894064485,0.43823900165630614,0.0,0.0,0.0,"[(4.0, 7.999999999999986)]",4.049999999999986,True
13,3,1407,12.999999999999996,0.00025,0.00023999999999999998,"[4.0, 8.0]",1.4611678164321162,6.499999999999991,0.8722944341163092,0.9663192331688928,1.460157943005692,0.4830139415574379,0.0,0.0,0.0,"[(4.0, 7.999999999999986)]",4.049999999999986,True
13,3,1407,13.009999999999996,0.00025,0.00023999999999999998,"[4.0, 8.0]",1.8896942485672938,6.499999999999991,1.29543829239036,1.577346434820125,1.8896442381858258,0.6334579987934356,0.0,0.0,0.0,"[(4.0, 7.999999999999986)]",4.049999999999986,True
13,3,1407,13.019999999999996,0.00025,0.00023999999999999998,"[4.0, 8.0]",1.9076766604490665,7.399999999999988,1.571485738180917,1.8407971127282527,1.9045114525711886,0.5554584795474473,0.0,0.0,0.0,"[(4.0, 7.999999999999986)]",4.049999999999986,True
13,3,1407,13.029999999999996,0.00025,0.00023999999999999998,"[4.0, 8.0]",1.8499143565315515,4.949999999999997,1.448587486437539,1.4649125702166599,1.4933526185210166,0.3171183863952322,0.0,0.0,0.0,"[(4.0, 7.999999999999986)]",4.049999999999986,True
13,3,1407,13.039999999999996,0.00025,0.00023999999999999998,"[4.0, 8.0]",1.7988380812965028,4.549999999999998,1.019028372892436,0.9663011537844113,1.3568081379183587,0.4577523298659298,0.0,0.0,0.0,"[(4.0, 7.999999999999986)]",4.049999999999986,True
13,3,1407,13.049999999999995,0.00025,0.00023999999999999998,"[4.0, 8.0]",1.7486853895691856,4.249999999999999,0.5308858561342167,0.2550776312392451,1.741473209283276,0.5995854619893108,0.0,0.0,0.0,"[(4.0, 7.999999999999986)]",4.049999999999986,True
13,3,1407,13.059999999999995,0.00025,0.00023999999999999998,"[4.0, 8.0]",1.6580288144919288,4.0,0.350072792194901,0.23658893257804797,1.657759078904199,0.42235282386567935,0.0,0.0,0.0,"[(4.0, 7.999999999999986)]",4.049999999999986,True
13,3,1407,13.069999999999995,0.00025,0.00023999999999999998,"[4.0, 8.0]",1.1306043260105316,6.549999999999991,0.6746591544188003,0.7545276033991435,1.129668848300829,0.3749775187787488,0.0,0.0,0.0,"[(4.0, 7.999999999999986)]",4.049999999999986,True
13,3,1407,13.079999999999995,0.00025,0.00023999999999999998,"[4.0, 8.0]",1.5195205501766345,6.549999999999991,1.0491833517589002,1.2831611151186808,1.5193864704862954,0.5137727163500362,0.0,0.0,0.0,"[(4.0, 7.999999999999986)]",4.049999999999986,True
13,3,1407,13.089999999999995,0.00025,0.00023999999999999998,"[4.0, 8.0]",1.5087485018512568,7.599999999999987,1.2401333589481345,1.4163026317610925,1.508203684914465,0.4248359237259014,0.0,0.0,0.0,"[(4.0, 7.999999999999986)]",4.049999999999986,True
13,3,1407,13.099999999999994,0.00025,0.00023999999999999998,"[4.0, 8.0]",1.4484165855797366,4.799999999999997,0.9661006001539173,0.9399324690189086,0.9864062778344762,0.2899720105766044,0.0,0.0,0.0,"[(4.0, 7.999999999999986)]",4.049999999999986,True
13,3,1407,13.109999999999994,0.00025,0.00023999999999999998,"[4.0, 8.0]",1.398617222458772,4.349999999999999,0.4984733641837289,0.29762068040233086,1.36014296322086,0.47173970721394737,0.0,0.0,0.0,"[(4.0, 7.999999999999986)]",4.049999999999986,True
13,3,1407,13.119999999999994,0.00025,0.00023999999999999998,"[4.0, 8.0]",1.3471091420855217,4.0,0.279342876373262,0.1342593467948445,1.3469898176071444,0.3831592668349258,0.0,0.0,0.0,"[(4.0, 7.999999999999986)]",4.049999999999986,True
13,3,1407,13.129999999999994,0.00025,0.00023999999999999998,"[4.0, 8.0]",0.989400741241757,6.549999999999991,0.5992621078963616,0.6743095429612588,0.9891269361771008,0.32557146408891013,0.0,0.0,0.0,"[(4.0, 7.999999999999986)]",4.049999999999986,True
13,3,1407,13.139999999999993,0.00025,0.00023999999999999998,"[4.0, 8.0]",1.2524424057882353,6.349999999999992,0.9346835707889039,1.1623107439349336,1.2523122111781786,0.4255551701851513,0.0,0.0,0.0,"[(4.0, 7.999999999999986)]",4.049999999999986,True
13,3,1407,13.149999999999993,0.00025,0.00023999999999999998,"[4.0, 8.0]",1.2017635492139631,7.999999999999986,0.9364022695677016,0.9742276519711985,1.1468149336433477,0.25718472541092396,0.0,0.0,0.0,"[(4.0, 7.999999999999986)]",4.049999999999986,True
13,3,1407,13.159999999999993,0.00025,0.00023999999999999998,"[4.0, 8.0]",1.1409237770167848,4.449999999999998,0.4483406094644153,0.31669469833793956,1.0793961968721566,0.37219401633173194,0.0,0.0,0.0,"[(4.0, 7.999999999999986)]",4.049999999999986,True
13,3,1407,13.169999999999993,0.00025,0.00023999999999999998,"[4.0, 8.0]",1.0938739579531855,4.05,0.23431354264170742,0.1082239549656027,1.0938716379281426,0.32256198179285034,0.0,0.0,0.0,"[(4.0, 7.999999999999986)]",4.049999999999986,True
13,3,1407,13.179999999999993,0.00025,0.00023999999999999998,"[4.0, 8.0]",0.908244856396095,6.599999999999991,0.5667576580205652,0.6376619880372313,0.9079562436035643,0.3007008714065457,0.0,0.0,0.0,"[(4.0, 7.999999999999986)]",4.049999999999986,True
13,3,1407,13.189999999999992,0.00025,0.00023999999999999998,"[4.0, 8.0]",1.017735486020788,7.549999999999987,0.8125162694166934,0.966120702294085,1.016856805190757,0.3187983342737108,0.0,0.0,0.0,"[(4.0, 7.999999999999986)]",4.049999999999986,True
13,3,1407,13.199999999999992,0.00025,0.00023999999999999998,"[4.0, 8.0]",0.9620307796482266,4.6999999999999975,0.5351720822520224,0.4912776559482235,0.7222307522095293,0.24011721158053942,0.0,0.0,0.0,"[(4.0, 7.999999999999986)]",4.049999999999986,True
13,3,1407,12.85,0.00025,0.00026,"[4.0, 8.0]",4.7869510639297,4.399999999999999,2.8141315969558076,2.671595344198562,3.5354715286151834,1.2253822433723438,0.0,0.0,0.0,"[(4.0, 5.749999999999994), (7.099999999999989, 7.999999999999986)]",2.7499999999999902,True
13,3,1407,12.86,0.00025,0.00026,"[4.0, 8.0]",4.69607268204414,4.1499999999999995,1.5595723695354582,0.946489583936692,4.641389010285459,1.5669053560756532,0.0,0.0,0.0,"[(4.0, 5.149999999999996), (7.699999999999987, 7.999999999999986)]",1.5499999999999945,True
13,3,1407,12.87,0.00025,0.00026,"[4.0, 8.0]",4.497059721503445,4.0,0.9030998527175187,0.416312839652454,4.4970579620772515,1.2398200867324451,0.0,0.0,0.0,"[(4.0, 4.749999999999997)]",0.7999999999999972,True
13,3,1407,12.879999999999999,0.00025,0.00026,"[4.0, 8.0]",3.614979697570821,4.0,1.2388437494646816,1.2881568400302046,3.614929284524531,0.8553694001715609,0.0,0.0,0.0,"[(4.0, 4.549999999999998), (5.349999999999995, 7.549999999999987)]",2.84999999999999,True
13,3,1407,12.889999999999999,0.00025,0.00026,"[4.0, 8.0]",3.1629220821672357,6.449999999999991,1.9956467939019014,2.2637475141924694,3.16192927188364,1.0322470792080474,0.0,0.0,0.0,"[(4.0, 4.399999999999999), (4.6999999999999975, 7.999999999999986)]",3.7999999999999865,True
13,3,1407,12.899999999999999,0.00025,0.00026,"[4.0, 8.0]",3.6854365508905893,6.449999999999991,2.679465874605927,3.2561932737710646,3.685422490497276,1.1915241211348588,0.0,0.0,0.0,"[(4.549999999999998, 7.999999999999986)]",3.4999999999999876,True
13,3,1407,12.909999999999998,0.00025,0.00026,"[4.0, 8.0]",3.6830421720573465,5.649999999999994,3.10121129782618,3.60307719725361,3.681767520141225,1.008258384661336,0.0,0.0,0.0,"[(4.299999999999999, 7.999999999999986)]",3.7499999999999867,True
13,3,1407,12.919999999999998,0.00025,0.00026,"[4.0, 8.0]",3.6033104174309956,5.049999999999996,3.070564265825708,3.1621980150009845,2.7946503883216973,0.5619838451150571,0.0,0.0,0.0,"[(4.0, 7.999999999999986)]",4.049999999999986,True
13,3,1407,12.929999999999998,0.00025,0.00026,"[4.0, 8.0]",3.516816886947112,4.599999999999998,2.411930115702201,2.3761314919228176,2.0523122514872845,0.6945238250036152,0.0,0.0,0.0,"[(4.0, 7.999999999999986)]",4.049999999999986,True
13,3,1407,12.939999999999998,0.00025,0.00026,"[4.0, 8.0]",3.4325575029369353,4.249999999999999,1.4003400518170712,1.0439744301814764,3.2032453000267793,1.1015253112021008,0.0,0.0,0.0,"[(4.0, 5.899999999999993), (7.049999999999989, 7.999999999999986)]",2.9499999999999895,True
13,3,1407,12.949999999999998,0.00025,0.00026,"[4.0, 8.0]",3.3522045580407136,4.0,0.716883714715902,0.10597157114429483,3.3521239725244576,1.040071505241042,0.0,0.0,0.0,"[(4.0, 5.199999999999996), (7.749999999999987, 7.999999999999986)]",1.5499999999999945,True
13,3,1407,12.959999999999997,0.00025,0.00026,"[4.0, 8.0]",2.945478725707132,4.0,0.7191407268897299,0.6315824554058126,2.945473308598998,0.6800844904666948,0.0,0.0,0.0,"[(4.0, 7.999999999999986)]",4.049999999999986,True
13,3,1407,12.969999999999997,0.00025,0.00026,"[4.0, 8.0]",2.1365799478137832,6.499999999999991,1.289576705888318,1.4623164267787858,2.1364839462486387,0.7038516571867667,0.0,0.0,0.0,"[(4.0, 7.999999999999986)]",4.049999999999986,True
13,3,1407,12.979999999999997,0.00025,0.00026,"[4.0, 8.0]",2.791821425090779,6.499999999999991,1.9930871342190213,2.4246687022614926,2.787821150187334,0.9209207064778064,0.0,0.0,0.0,"[(4.0, 7.999999999999986)]",4.049999999999986,True
13,3,1407,12.989999999999997,0.00025,0.00026,"[4.0, 8.0]",2.7832816819609016,7.449999999999988,2.349445243525586,2.6832272191298085,2.7700811812026505,0.7442731704105074,0.0,0.0,0.0,"[(4.0, 7.999999999999986)]",4.049999999999986,True
13,3,1407,12.999999999999996,0.00025,0.00026,"[4.0, 8.0]",2.7143279066371933,4.949999999999997,2.217133946330571,2.246296511929002,2.046112927404693,0.42015449030672697,0.0,0.0,0.0,"[(4.0, 7.999999999999986)]",4.049999999999986,True
13,3,1407,13.009999999999996,0.00025,0.00026,"[4.0, 8.0]",2.6434189888548776,4.549999999999998,1.6118168268669826,1.5379575613802066,1.8397581005650294,0.6227929688665771,0.0,0.0,0.0,"[(4.0, 7.999999999999986)]",4.049999999999986,True
13,3,1407,13.019999999999996,0.00025,0.00026,"[4.0, 8.0]",2.5592900893426678,4.1499999999999995,0.7537177341928271,0.3372253593219179,2.5525524063510723,0.8685372427264565,0.0,0.0,0.0,"[(4.0, 7.999999999999986)]",4.049999999999986,True
13,3,1407,13.029999999999996,0.00025,0.00026,"[4.0, 8.0]",2.3686043074661915,4.0,0.5031752917743892,0.362449199311867,2.368604309542293,0.585322577992254,0.0,0.0,0.0,"[(4.0, 7.999999999999986)]",4.049999999999986,True
13,3,1407,13.039999999999996,0.00025,0.00026,"[4.0, 8.0]",1.6393655699538887,4.0,0.9070784368705231,0.994107433871396,1.639247731657425,0.5099877312415523,0.0,0.0,0.0,"[(4.0, 7.999999999999986)]",4.049999999999986,True
13,3,1407,13.049999999999995,0.00025,0.00026,"[4.0, 8.0]",2.1418830436697505,6.499999999999991,1.4653224525568025,1.7654081603307668,2.141619237812816,0.7183013361607373,0.0,0.0,0.0,"[(4.0, 7.999999999999986)]",4.049999999999986,True
13,3,1407,13.059999999999995,0.00025,0.00026,"[4.0, 8.0]",2.1683629156166355,7.549999999999987,1.8135002690613826,2.068079331247485,2.163734813719792,0.5897106014651685,0.0,0.0,0.0,"[(4.0, 7.999999999999986)]",4.049999999999986,True
13,3,1407,13.069999999999995,0.00025,0.00026,"[4.0, 8.0]",2.092032505648285,4.799999999999997,1.5328465661635338,1.5157536694582623,1.3796932515204139,0.35518621291627506,0.0,0.0,0.0,"[(4.0, 7.999999999999986)]",4.049999999999986,True
13,3,1407,13.079999999999995,0.00025,0.00026,"[4.0, 8.0]",2.02768882617042,4.399999999999999,0.8986476126314581,0.6990836991799655,1.8230071361809583,0.6294133836781757,0.0,0.0,0.0,"[(4.0, 7.999999999999986)]",4.049999999999986,True
13,3,1407,13.089999999999995,0.00025,0.00026,"[4.0, 8.0]",1.9523142170180898,4.05,0.4005679073443589,0.10341908628653057,1.9523125447391034,0.6019966256288862,0.0,0.0,0.0,"[(4.0, 7.999999999999986)]",4.049999999999986,True
13,3,1407,13.099999999999994,0.00025,0.00026,"[4.0, 8.0]",1.4088373246936357,4.0,0.6818351571646118,0.762526054548222,1.408535436727738,0.39221029714983474,0.0,0.0,0.0,"[(4.0, 7.999999999999986)]",4.049999999999986,True
13,3,1407,13.109999999999994,0.00025,0.00026,"[4.0, 8.0]",1.7358403252304018,6.549999999999991,1.1988661614201326,1.470116324055903,1.735760945282352,0.5872260647253407,0.0,0.0,0.0,"[(4.0, 7.999999999999986)]",4.049999999999986,True
13,3,1407,13.119999999999994,0.00025,0.00026,"[4.0, 8.0]",1.7269402986637896,5.449999999999995,1.4302996851059337,1.6111193142704419,1.723665355497698,0.46410415765307333,0.0,0.0,0.0,"[(4.0, 7.999999999999986)]",4.049999999999986,True
13,3,1407,13.129999999999994,0.00025,0.00026,"[4.0, 8.0]",1.6461413880754274,4.649999999999998,0.9833077794477313,0.9208557516458828,1.156085260807711,0.3856659071261661,0.0,0.0,0.0,"[(4.0, 7.999999999999986)]",4.049999999999986,True
13,3,1407,13.139999999999993,0.00025,0.00026,"[4.0, 8.0]",1.5802499529656213,4.199999999999999,0.41085838743626085,0.11555953638901427,1.5802498577726873,0.5453069619328746,0.0,0.0,0.0,"[(4.0, 7.999999999999986)]",4.049999999999986,True
13,3,1407,13.149999999999993,0.00025,0.00026,"[4.0, 8.0]",1.3861863105745595,4.0,0.4218812120625619,0.41982493538975274,1.386145258312869,0.31548546558102775,0.0,0.0,0.0,"[(4.0, 7.999999999999986)]",4.049999999999986,True
13,3,1407,13.159999999999993,0.00025,0.00026,"[4.0, 8.0]",1.4298715723955666,6.599999999999991,0.9979530081806173,1.2242928237968127,1.4298390013904647,0.4874797561192445,0.0,0.0,0.0,"[(4.0, 7.999999999999986)]",4.049999999999986,True
13,3,1407,13.169999999999993,0.00025,0.00026,"[4.0, 8.0]",1.3985906061020303,7.849999999999986,1.13783691497236,1.246237258661225,1.3873463241569957,0.35022956522540355,0.0,0.0,0.0,"[(4.0, 7.999999999999986)]",4.049999999999986,True
13,3,1407,13.179999999999993,0.00025,0.00026,"[4.0, 8.0]",1.3192171967707194,4.499999999999998,0.5799243580929484,0.45189671639920936,1.189158641985805,0.4081119124465521,0.0,0.0,0.0,"[(4.0, 7.999999999999986)]",4.049999999999986,True
13,3,1407,13.189999999999992,0.00025,0.00026,"[4.0, 8.0]",1.252191254737665,4.0,0.27174474835122714,0.16527213830669557,1.252187695572222,0.34496049192485545,0.0,0.0,0.0,"[(4.0, 7.999999999999986)]",4.049999999999986,True
13,3,1407,13.199999999999992,0.00025,0.00026,"[4.0, 8.0]",1.1034407176122336,6.599999999999991,0.7088096106458965,0.8401126490476352,1.1029393257592686,0.37042421299131173,0.0,0.0,0.0,"[(4.0, 7.999999999999986)]",4.049999999999986,True
13,3,1407,12.85,0.00025,0.00028,"[4.0, 8.0]",7.566126414444164,4.599999999999998,5.596595154359968,5.542289149616188,3.7976000180950167,1.2987053183904855,0.0,0.0,0.0,"[(4.05, 5.799999999999994), (7.049999999999989, 7.999999999999986)]",2.79999999999999,True
13,3,1407,12.86,0.00025,0.00028,"[4.0, 8.0]",7.431057533559987,4.249999999999999,3.1667302568437896,2.5702174137207185,7.034061021917907,2.444732764352074,0.0,0.0,0.0,"[(4.0, 5.049999999999996), (7.7999999999999865, 7.999999999999986)]",1.3499999999999952,True
13,3,1407,12.87,0.00025,0.00028,"[4.0, 8.0]",7.210995907453844,4.0,1.6648897036352803,0.9265620568987589,7.210994401501152,2.040044599552053,0.0,0.0,0.0,"[(4.0, 4.549999999999998)]",0.5999999999999979,True
13,3,1407,12.879999999999999,0.00025,0.00028,"[4.0, 8.0]",5.700691467150623,4.0,2.5371261724733984,2.833830275446921,5.700688101503542,1.4603269200009135,0.0,0.0,0.0,"[(4.0, 4.299999999999999), (5.599999999999994, 7.299999999999988)]",2.0999999999999925,True
13,3,1407,12.889999999999999,0.00025,0.00028,"[4.0, 8.0]",5.380423367108151,6.449999999999991,3.8100694534461685,4.5581100208849765,5.3802016177085585,1.6930461364576517,0.0,0.0,0.0,"[(4.0, 4.0), (4.899999999999997, 7.999999999999986)]",3.1999999999999886,True
13,3,1407,12.899999999999999,0.00025,0.00028,"[4.0, 8.0]",5.534744719184533,7.149999999999989,4.612572577077545,5.46115439694849,5.518818995240228,1.5879391256146487,0.0,0.0,0.0,"[(4.549999999999998, 7.999999999999986)]",3.4999999999999876,True
13,3,1407,12.909999999999998,0.00025,0.00028,"[4.0, 8.0]",5.426443583872697,7.849999999999986,4.716315622673231,4.889299472368018,4.294520500997595,0.8468294223647073,0.0,0.0,0.0,"[(4.199999999999999, 7.999999999999986)]",3.8499999999999863,True
13,3,1407,12.919999999999998,0.00025,0.00028,"[4.0, 8.0]",5.301693534230698,4.549999999999998,3.73374074871876,3.6958775225725,2.960616244770984,1.004964821524382,0.0,0.0,0.0,"[(4.0, 7.999999999999986)]",4.049999999999986,True
13,3,1407,12.929999999999998,0.00025,0.00028,"[4.0, 8.0]",5.169456444646366,4.199999999999999,1.8830300445138006,1.2578848068144537,5.026894954008154,1.717083481780855,0.0,0.0,0.0,"[(4.0, 5.149999999999996), (7.749999999999987, 7.999999999999986)]",1.4999999999999947,True
13,3,1407,12.939999999999998,0.00025,0.00028,"[4.0, 8.0]",4.883886175400866,4.0,1.013628374171171,0.5610350120879621,4.88339247749408,1.3132162981766262,0.0,0.0,0.0,"[(4.0, 4.649999999999998)]",0.6999999999999975,True
13,3,1407,12.949999999999998,0.00025,0.00028,"[4.0, 8.0]",3.666404841767701,4.0,1.6253855256804048,1.8265774192506292,3.66569010336194,0.956440082330091,0.0,0.0,0.0,"[(4.0, 4.499999999999998), (5.199999999999996, 7.749999999999987)]",3.149999999999989,True
13,3,1407,12.959999999999997,0.00025,0.00028,"[4.0, 8.0]",3.863929046312747,6.499999999999991,2.6178273056047585,3.1055638505058987,3.8631436674757977,1.2582186891477234,0.0,0.0,0.0,"[(4.0, 4.1), (4.749999999999997, 7.999999999999986)]",3.4499999999999877,True
13,3,1407,12.969999999999997,0.00025,0.00028,"[4.0, 8.0]",4.104615709695839,5.849999999999993,3.38556279975025,4.023254738889943,4.104073755819622,1.1985311260149336,0.0,0.0,0.0,"[(4.399999999999999, 7.999999999999986)]",3.649999999999987,True
13,3,1407,12.979999999999997,0.00025,0.00028,"[4.0, 8.0]",3.990642629973931,4.9999999999999964,3.38667887620371,3.4594042919886823,2.8755655805759135,0.569850243532372,0.0,0.0,0.0,"[(4.0, 7.999999999999986)]",4.049999999999986,True
13,3,1407,12.989999999999997,0.00025,0.00028,"[4.0, 8.0]",3.8781878994262735,4.499999999999998,2.405670315989503,2.284183531822505,2.6503574878018497,0.9054786897379613,0.0,0.0,0.0,"[(4.0, 7.999999999999986)]",4.049999999999986,True
13,3,1407,12.999999999999996,0.00025,0.00028,"[4.0, 8.0]",3.7757619246351757,4.1499999999999995,1.1771889705038783,0.5948397619574639,3.7481200526073497,1.268655062147441,0.0,0.0,0.0,"[(4.0, 5.349999999999995), (7.649999999999987, 7.999999999999986)]",1.7999999999999936,True
13,3,1407,13.009999999999996,0.00025,0.00028,"[4.0, 8.0]",3.5022717515125414,4.0,0.7221777822823009,0.46199730560282787,3.5022267336096435,0.8967437075109029,0.0,0.0,0.0,"[(4.0, 4.849999999999997), (6.049999999999993, 6.9499999999999895)]",1.8499999999999934,True
13,3,1407,13.019999999999996,0.00025,0.00028,"[4.0, 8.0]",2.3531171930545,6.499999999999991,1.4308213756952235,1.6056311260120655,2.350218021007476,0.7712303239437491,0.0,0.0,0.0,"[(4.0, 7.999999999999986)]",4.049999999999986,True
13,3,1407,13.029999999999996,0.00025,0.00028,"[4.0, 8.0]",3.1550016016212785,6.499999999999991,2.3386890795378785,2.8439887479966766,3.1536021787743014,1.0290350405446471,0.0,0.0,0.0,"[(4.0, 4.05), (4.399999999999999, 7.999999999999986)]",3.7499999999999867,True
13,3,1407,13.039999999999996,0.00025,0.00028,"[4.0, 8.0]",3.093699315626863,5.349999999999995,2.657773999314238,2.9150588296550355,2.9430619095038866,0.7098512931597396,0.0,0.0,0.0,"[(4.0, 7.999999999999986)]",4.049999999999986,True
13,3,1407,13.049999999999995,0.00025,0.00028,"[4.0, 8.0]",3.001576198297384,4.749999999999997,2.2428075263981158,2.193889903553274,1.6132888343494753,0.4755388045773111,0.0,0.0,0.0,"[(4.0, 7.999999999999986)]",4.049999999999986,True
13,3,1407,13.059999999999995,0.00025,0.00028,"[4.0, 8.0]",2.8908767276303875,4.249999999999999,1.071559811653302,0.7099096645285768,2.772109698483056,0.9562741609040207,0.0,0.0,0.0,"[(4.0, 7.999999999999986)]",4.049999999999986,True
13,3,1407,13.069999999999995,0.00025,0.00028,"[4.0, 8.0]",2.6789010236661044,4.0,0.5504675121747041,0.36196650633993044,2.678877277525982,0.6854244888174714,0.0,0.0,0.0,"[(4.0, 7.999999999999986)]",4.049999999999986,True
13,3,1407,13.079999999999995,0.00025,0.00028,"[4.0, 8.0]",1.7653621650678128,6.549999999999991,1.0617965436890306,1.1968695114464125,1.7640913339244204,0.5823295243695301,0.0,0.0,0.0,"[(4.0, 7.999999999999986)]",4.049999999999986,True
13,3,1407,13.089999999999995,0.00025,0.00028,"[4.0, 8.0]",2.4812202062439694,6.549999999999991,1.8129146355221961,2.2251608871184967,2.48069217212475,0.8243911014285106,0.0,0.0,0.0,"[(4.0, 7.999999999999986)]",4.049999999999986,True
13,3,1407,13.099999999999994,0.00025,0.00028,"[4.0, 8.0]",2.401437038707874,7.949999999999986,2.000408823187692,2.0760855254797366,2.090252364262263,0.4450518189391621,0.0,0.0,0.0,"[(4.0, 7.999999999999986)]",4.049999999999986,True
13,3,1407,13.109999999999994,0.00025,0.00028,"[4.0, 8.0]",2.3117360084148366,4.549999999999998,1.3266336989475742,1.2253201399849523,1.7119788447913373,0.5805053076399082,0.0,0.0,0.0,"[(4.0, 7.999999999999986)]",4.049999999999986,True
13,3,1407,13.119999999999994,0.00025,0.00028,"[4.0, 8.0]",2.2209234458516653,4.1,0.5216361324291976,0.09395695478755367,2.2209234271901064,0.7403751288524214,0.0,0.0,0.0,"[(4.0, 7.999999999999986)]",4.049999999999986,True
13,3,1407,13.129999999999994,0.00025,0.00028,"[4.0, 8.0]",1.587196095589759,4.0,0.7482072612204373,0.8139634888140197,1.5862469809865123,0.43061603894984135,0.0,0.0,0.0,"[(4.0, 7.999999999999986)]",4.049999999999986,True
13,3,1407,13.139999999999993,0.00025,0.00028,"[4.0, 8.0]",1.9852893271039846,6.549999999999991,1.4123465676514968,1.73095671850642,1.9852372154910636,0.670826927720216,0.0,0.0,0.0,"[(4.0, 7.999999999999986)]",4.049999999999986,True
13,3,1407,13.149999999999993,0.00025,0.00028,"[4.0, 8.0]",1.9335632128401334,7.949999999999986,1.59711415833684,1.6965945867794385,1.809058208361358,0.41046554416734105,0.0,0.0,0.0,"[(4.0, 7.999999999999986)]",4.049999999999986,True
13,3,1407,13.159999999999993,0.00025,0.00028,"[4.0, 8.0]",1.8274893187766432,4.399999999999999,0.7826826270758905,0.5943850312661342,1.6648140891637415,0.5773636315016226,0.0,0.0,0.0,"[(4.0, 7.999999999999986)]",4.049999999999986,True
13,3,1407,13.169999999999993,0.00025,0.00028,"[4.0, 8.0]",1.7427802981940115,4.0,0.35523192658337893,0.17613615553731035,1.7427802297533233,0.48864750065630747,0.0,0.0,0.0,"[(4.0, 7.999999999999986)]",4.049999999999986,True
13,3,1407,13.179999999999993,0.00025,0.00028,"[4.0, 8.0]",1.4935221824570917,6.599999999999991,0.9619663230346005,1.1369748705686402,1.4934245210063246,0.5017891176486863,0.0,0.0,0.0,"[(4.0, 7.999999999999986)]",4.049999999999986,True
13,3,1407,13.189999999999992,0.00025,0.00028,"[4.0, 8.0]",1.5978881590522889,7.749999999999987,1.3166750872935151,1.481469461299314,1.5941508709115784,0.42781742357590663,0.0,0.0,0.0,"[(4.0, 7.999999999999986)]",4.049999999999986,True
13,3,1407,13.199999999999992,0.00025,0.00028,"[4.0, 8.0]",1.5033286279988822,4.499999999999998,0.7183983817266429,0.5893014798748074,1.2899965684227974,0.44161090722862906,0.0,0.0,0.0,"[(4.0, 7.999999999999986)]",4.049999999999986,True
13,3,1407,12.85,0.00025,0.0003,"[4.0, 8.0]",25.594649012946334,7.999999999999986,19.787846592800882,20.183016882197883,10.844243277859732,3.322091082381728,0.9135802469135802,0.7037037037037037,0.5061728395061729,"[(4.0, 4.849999999999997), (7.649999999999987, 7.999999999999986)]",1.2999999999999954,True
13,3,1407,12.86,0.00025,0.0003,"[4.0, 8.0]",23.070524741162437,4.0,9.799722380297181,6.900021535521904,23.038021964443697,7.297008235757479,0.2839506172839506,0.2345679012345679,0.14814814814814814,"[(4.0, 4.549999999999998)]",0.5999999999999979,True
13,3,1407,12.87,0.00025,0.0003,"[4.0, 8.0]",20.50675363620425,4.0,11.08616178705765,12.282999613460595,20.31086338635449,3.890826852353458,0.08641975308641975,0.06172839506172839,0.012345679012345678,"[(4.0, 4.199999999999999)]",0.2499999999999991,True
13,3,1407,12.879999999999999,0.00025,0.0003,"[4.0, 8.0]",12.350317124537128,4.949999999999997,10.031411667477176,10.415461929334363,12.29376169121489,2.424148508904216,0.0,0.0,0.0,"[(4.0, 4.0), (4.499999999999998, 6.049999999999993), (6.79999999999999, 7.999999999999986)]",2.8999999999999897,True
13,3,1407,12.889999999999999,0.00025,0.0003,"[4.0, 8.0]",12.14345337646,4.399999999999999,5.5121562982077155,5.007155423576394,11.80327273448921,4.147536307949566,0.0,0.0,0.0,"[(4.05, 4.949999999999997), (7.899999999999986, 7.999999999999986)]",1.099999999999996,True
13,3,1407,12.899999999999999,0.00025,0.0003,"[4.0, 8.0]",11.925283129510682,4.0,4.063565560808415,3.921248855251177,11.911848085638379,3.1510516144041,0.0,0.0,0.0,"[(4.0, 4.399999999999999)]",0.4499999999999984,True
13,3,1407,12.909999999999998,0.00025,0.0003,"[4.0, 8.0]",8.932310433011907,4.0,6.158687389480057,7.1662929625919,8.904050094306584,2.3886431610165055,0.0,0.0,0.0,"[(4.0, 4.1499999999999995), (5.249999999999996, 7.649999999999987)]",2.6499999999999906,True
13,3,1407,12.919999999999998,0.00025,0.0003,"[4.0, 8.0]",8.303131394589444,7.549999999999987,7.131797194241072,7.951444467105259,8.29820704116251,2.1475307063101448,0.0,0.0,0.0,"[(4.549999999999998, 7.999999999999986)]",3.4999999999999876,True
13,3,1407,12.929999999999998,0.00025,0.0003,"[4.0, 8.0]",8.108152207427795,4.649999999999998,6.05114417509744,5.99764341966255,3.9495433407581935,1.3342878541391716,0.0,0.0,0.0,"[(4.05, 5.799999999999994), (7.149999999999989, 7.999999999999986)]",2.6999999999999904,True
13,3,1407,12.939999999999998,0.00025,0.0003,"[4.0, 8.0]",7.915464213874731,4.1499999999999995,2.5991219900281943,1.4934221153299831,7.913030435100049,2.7448320770369405,0.0,0.0,0.0,"[(4.0, 4.849999999999997)]",0.8999999999999968,True
13,3,1407,12.949999999999998,0.00025,0.0003,"[4.0, 8.0]",7.213400417046049,4.0,2.1267378830169505,2.021413936536266,7.212597604490424,1.754850977465863,0.0,0.0,0.0,"[(4.0, 4.399999999999999)]",0.4499999999999984,True
13,3,1407,12.959999999999997,0.00025,0.0003,"[4.0, 8.0]",5.50662335106857,6.499999999999991,3.755959895984884,4.331798853490666,5.502487718748437,1.7170627249921844,0.0,0.0,0.0,"[(4.0, 4.1499999999999995), (5.049999999999996, 7.899999999999986)]",3.099999999999989,True
13,3,1407,12.969999999999997,0.00025,0.0003,"[4.0, 8.0]",6.009842362739422,7.199999999999989,5.029477313665831,5.931600621659735,5.998314083874106,1.7190721091107573,0.0,0.0,0.0,"[(4.549999999999998, 7.999999999999986)]",3.4999999999999876,True
13,3,1407,12.979999999999997,0.00025,0.0003,"[4.0, 8.0]",5.8359858644519,4.849999999999997,4.862472117328472,4.8989299503609445,3.2292764954330795,0.701182879871534,0.0,0.0,0.0,"[(4.05, 7.999999999999986)]",3.999999999999986,True
13,3,1407,12.989999999999997,0.00025,0.0003,"[4.0, 8.0]",5.66864765849557,4.299999999999999,2.789670531215868,2.361372946684868,4.848956040126237,1.6753274927592416,0.0,0.0,0.0,"[(4.0, 5.349999999999995), (7.649999999999987, 7.999999999999986)]",1.7999999999999936,True
13,3,1407,12.999999999999996,0.00025,0.0003,"[4.0, 8.0]",5.455188982779373,4.0,1.1507266091117636,0.3587896995200218,5.455188826296264,1.6256438807592397,0.0,0.0,0.0,"[(4.0, 4.6999999999999975)]",0.7499999999999973,True
13,3,1407,13.009999999999996,0.00025,0.0003,"[4.0, 8.0]",3.985593255906542,4.0,1.8147366158558333,1.99854031115158,3.9824748353685937,1.0366379385925684,0.0,0.0,0.0,"[(4.0, 4.449999999999998), (5.299999999999995, 7.699999999999987)]",2.9499999999999895,True
13,3,1407,13.019999999999996,0.00025,0.0003,"[4.0, 8.0]",4.4791136701397996,6.499999999999991,3.294260181233051,3.994638173981312,4.478909604320474,1.4480232558763535,0.0,0.0,0.0,"[(4.6999999999999975, 7.999999999999986)]",3.349999999999988,True
13,3,1407,13.029999999999996,0.00025,0.0003,"[4.0, 8.0]",4.42401727984249,7.7999999999999865,3.876849936546981,4.113509443251811,3.809362757779894,0.8270675421592143,0.0,0.0,0.0,"[(4.1499999999999995, 7.999999999999986)]",3.899999999999986,True
13,3,1407,13.039999999999996,0.00025,0.0003,"[4.0, 8.0]",4.287669907564224,4.599999999999998,3.033372463649577,2.976605200992041,2.328151986061361,0.7816593535812598,0.0,0.0,0.0,"[(4.0, 7.999999999999986)]",4.049999999999986,True
13,3,1407,13.049999999999995,0.00025,0.0003,"[4.0, 8.0]",4.1494932136449885,4.1499999999999995,1.359716910630982,0.7894099518517562,4.087468311025069,1.388723870201758,0.0,0.0,0.0,"[(4.0, 5.299999999999995), (7.749999999999987, 7.999999999999986)]",1.6499999999999941,True
13,3,1407,13.059999999999995,0.00025,0.0003,"[4.0, 8.0]",3.472925802510214,4.0,0.9432586436430052,0.9097631113077093,3.4724105195004817,0.7927601063630076,0.0,0.0,0.0,"[(4.0, 4.6999999999999975), (5.5499999999999945, 7.499999999999988)]",2.7499999999999902,True
13,3,1407,13.069999999999995,0.00025,0.0003,"[4.0, 8.0]",3.2240837945343386,6.549999999999991,2.156934405089471,2.5753942196254704,3.2224620644441653,1.0684397747167633,0.0,0.0,0.0,"[(4.0, 4.199999999999999), (4.599999999999998, 7.999999999999986)]",3.699999999999987,True
13,3,1407,13.079999999999995,0.00025,0.0003,"[4.0, 8.0]",3.466165466883158,5.749999999999994,2.9057555418669403,3.4069530217279325,3.463044466767284,0.9713647208376477,0.0,0.0,0.0,"[(4.249999999999999, 7.999999999999986)]",3.7999999999999865,True
13,3,1407,13.089999999999995,0.00025,0.0003,"[4.0, 8.0]",3.3339274675394663,4.849999999999997,2.617402108004147,2.5980963802067896,1.8632140055182027,0.4637535521630282,0.0,0.0,0.0,"[(4.0, 7.999999999999986)]",4.049999999999986,True
13,3,1407,13.099999999999994,0.00025,0.0003,"[4.0, 8.0]",3.1773560394502853,4.199999999999999,1.0277174614835705,0.5389073392987451,3.1303469168518783,1.0712651434850613,0.0,0.0,0.0,"[(4.0, 5.899999999999993), (7.199999999999989, 7.999999999999986)]",2.79999999999999,True
13,3,1407,13.109999999999994,0.00025,0.0003,"[4.0, 8.0]",2.7682085192838546,4.0,0.6728820205542988,0.5889884616215357,2.768134987786943,0.6433893173281529,0.0,0.0,0.0,"[(4.0, 7.999999999999986)]",4.049999999999986,True
13,3,1407,13.119999999999994,0.00025,0.0003,"[4.0, 8.0]",2.434971913329784,6.549999999999991,1.567482613983341,1.8432852201365912,2.434577742809259,0.8094627139336833,0.0,0.0,0.0,"[(4.0, 7.999999999999986)]",4.049999999999986,True
13,3,1407,13.129999999999994,0.00025,0.0003,"[4.0, 8.0]",2.711132913851808,5.449999999999995,2.3129582308387513,2.5684340465488114,2.620795683455874,0.659378989069784,0.0,0.0,0.0,"[(4.0, 7.999999999999986)]",4.049999999999986,True
13,3,1407,13.139999999999993,0.00025,0.0003,"[4.0, 8.0]",2.5943847539021236,4.649999999999998,1.713194902495409,1.6583381856507515,1.578312211650327,0.5275336111746844,0.0,0.0,0.0,"[(4.0, 7.999999999999986)]",4.049999999999986,True
13,3,1407,13.149999999999993,0.00025,0.0003,"[4.0, 8.0]",2.4689161941672895,4.1,0.5777988829415686,0.11589283594226207,2.468912807988748,0.8202719626445627,0.0,0.0,0.0,"[(4.0, 7.999999999999986)]",4.049999999999986,True
13,3,1407,13.159999999999993,0.00025,0.0003,"[4.0, 8.0]",1.629545031406914,6.599999999999991,0.9869920838489458,1.1223564244004682,1.6295088189753932,0.5343239792397356,0.0,0.0,0.0,"[(4.0, 7.999999999999986)]",4.049999999999986,True
13,3,1407,13.169999999999993,0.00025,0.0003,"[4.0, 8.0]",2.2376973494139225,6.79999999999999,1.7311247884246759,2.1215441104449493,2.2375506452115848,0.7303144983615519,0.0,0.0,0.0,"[(4.0, 7.999999999999986)]",4.049999999999986,True
13,3,1407,13.179999999999993,0.00025,0.0003,"[4.0, 8.0]",2.100459290918602,4.749999999999997,1.4356242886493031,1.3791450424400409,1.1789381934238006,0.39434956430310925,0.0,0.0,0.0,"[(4.0, 7.999999999999986)]",4.049999999999986,True
13,3,1407,13.189999999999992,0.00025,0.0003,"[4.0, 8.0]",1.9857322373068163,4.1,0.4556287163349655,0.0616048480521028,1.9857320124000917,0.662336355196568,0.0,0.0,0.0,"[(4.0, 7.999999999999986)]",4.049999999999986,True
13,3,1407,13.199999999999992,0.00025,0.0003,"[4.0, 8.0]",1.4223351772089032,6.599999999999991,0.8687185308127712,0.9916637974500732,1.4218670628459826,0.4675585592452368,0.0,0.0,0.0,"[(4.0, 7.999999999999986)]",4.049999999999986,True
13,3,1407,12.85,0.00025,0.00031999999999999997,"[4.0, 8.0]",5.901721195275394,7.999999999999986,3.189245347628204,3.5213825500909692,5.901717712103101,2.0699177468010497,0.0,0.0,0.0,"[(5.749999999999994, 7.999999999999986)]",2.299999999999992,True
13,3,1407,12.86,0.00025,0.00031999999999999997,"[4.0, 8.0]",8.461428250787064,7.999999999999986,5.634785424360755,6.381031772568907,7.779041193683554,2.54645679474139,0.0,0.0,0.0,"[(5.649999999999994, 7.999999999999986)]",2.3999999999999915,True
13,3,1407,12.87,0.00025,0.00031999999999999997,"[4.0, 8.0]",11.341402051532228,7.599999999999987,8.581875558580746,9.542028163863638,8.635984561907852,2.719354058247679,0.0,0.0,0.0,"[(5.599999999999994, 7.999999999999986)]",2.4499999999999913,True
13,3,1407,12.879999999999999,0.00025,0.00031999999999999997,"[4.0, 8.0]",14.35703062101246,7.549999999999987,11.679989056046487,12.752290900966734,8.925134079233617,2.7624892785572372,0.0,0.0,0.0,"[(5.499999999999995, 7.999999999999986)]",2.549999999999991,True
13,3,1407,12.889999999999999,0.00025,0.00031999999999999997,"[4.0, 8.0]",17.299492839310396,7.499999999999988,14.68079150585283,15.829207684436213,9.063470343441153,2.786488404846331,0.5802469135802469,0.32098765432098764,0.0,"[(5.449999999999995, 7.999999999999986)]",2.5999999999999908,True
13,3,1407,12.899999999999999,0.00025,0.00031999999999999997,"[4.0, 8.0]",20.15393197168876,7.149999999999989,17.56239711474773,18.762767518781512,9.180525357453638,2.806879181754149,0.7901234567901234,0.654320987654321,0.2222222222222222,"[(5.449999999999995, 7.999999999999986)]",2.5999999999999908,True
13,3,1407,12.909999999999998,0.00025,0.00031999999999999997,"[4.0, 8.0]",22.976299132624824,7.499999999999988,20.415253585977233,21.598700623771848,9.18161573707711,2.7768690618917047,0.9382716049382716,0.8395061728395061,0.654320987654321,"[(5.399999999999995, 7.999999999999986)]",2.6499999999999906,True
13,3,1407,12.919999999999998,0.00025,0.00031999999999999997,"[4.0, 8.0]",25.487218156844907,7.649999999999987,22.982573762285774,23.86826641112039,8.638092491158204,2.49610937601803,1.0,0.9876543209876543,0.8395061728395061,"[(5.349999999999995, 7.999999999999986)]",2.6999999999999904,True
13,3,1407,12.929999999999998,0.00025,0.00031999999999999997,"[4.0, 8.0]",26.752871679115017,7.999999999999986,23.371778568912802,23.122664599572555,6.837379415290908,1.4935261235668005,1.0,1.0,0.9876543209876543,"[(6.9499999999999895, 7.999999999999986)]",1.099999999999996,True
13,3,1407,12.939999999999998,0.00025,0.00031999999999999997,"[4.0, 8.0]",22.999857536053877,7.999999999999986,15.453908238568015,16.058584007630493,16.471333557564748,5.62848525385082,0.5432098765432098,0.4567901234567901,0.32098765432098764,"[(4.0, 4.949999999999997), (7.749999999999987, 7.999999999999986)]",1.2999999999999954,True
13,3,1407,12.949999999999998,0.00025,0.00031999999999999997,"[4.0, 8.0]",21.42915977810377,4.0,10.68813238978083,11.853561720558618,21.42327889562855,5.0276319080987015,0.13580246913580246,0.1111111111111111,0.06172839506172839,"[(4.0, 4.299999999999999)]",0.34999999999999876,True
13,3,1407,12.959999999999997,0.00025,0.00031999999999999997,"[4.0, 8.0]",12.981149426748042,5.149999999999996,11.091172043347143,11.744607712115705,12.814319581126139,2.6062698181142947,0.0,0.0,0.0,"[(4.0, 4.05), (4.599999999999998, 7.999999999999986)]",3.5499999999999874,True
13,3,1407,12.969999999999997,0.00025,0.00031999999999999997,"[4.0, 8.0]",12.690837744610386,4.349999999999999,5.108190500968583,4.182575157142471,12.685732242956886,4.562956190283572,0.0,0.0,0.0,"[(4.0, 4.899999999999997)]",0.9499999999999966,True
13,3,1407,12.979999999999997,0.00025,0.00031999999999999997,"[4.0, 8.0]",10.99539722195641,4.0,5.874602361423565,6.7345738627295475,10.974641491503835,2.6094014536301287,0.0,0.0,0.0,"[(4.0, 4.249999999999999), (6.3999999999999915, 6.599999999999991)]",0.549999999999998,True
13,3,1407,12.989999999999997,0.00025,0.00031999999999999997,"[4.0, 8.0]",8.832938697476221,7.549999999999987,7.6064552131735415,8.525522150985035,8.829235496136725,2.3066445210633737,0.0,0.0,0.0,"[(4.549999999999998, 7.999999999999986)]",3.4999999999999876,True
13,3,1407,12.999999999999996,0.00025,0.00031999999999999997,"[4.0, 8.0]",8.602975341126747,4.599999999999998,6.277401600504167,6.281766944312677,4.453052705575913,1.4910676217811083,0.0,0.0,0.0,"[(4.0, 5.699999999999994), (7.299999999999988, 7.999999999999986)]",2.499999999999991,True
13,3,1407,13.009999999999996,0.00025,0.00031999999999999997,"[4.0, 8.0]",8.35460435717841,4.0,2.1506732303727367,0.3923714382888478,8.354591316246198,2.765520067443982,0.0,0.0,0.0,"[(4.0, 4.6999999999999975)]",0.7499999999999973,True
13,3,1407,13.019999999999996,0.00025,0.00031999999999999997,"[4.0, 8.0]",5.515411972462906,4.0,3.6401325241939513,4.168154913980547,5.51375152127677,1.7166537371851844,0.0,0.0,0.0,"[(4.0, 4.249999999999999), (5.199999999999996, 7.7999999999999865)]",2.9499999999999895,True
13,3,1407,13.029999999999996,0.00025,0.00031999999999999997,"[4.0, 8.0]",6.451827919926243,7.349999999999988,5.53263404937125,6.351677835152712,6.451768795144622,1.706127402102742,0.0,0.0,0.0,"[(4.499999999999998, 7.999999999999986)]",3.5499999999999874,True
13,3,1407,13.039999999999996,0.00025,0.00031999999999999997,"[4.0, 8.0]",6.244977265057109,4.6999999999999975,4.997082413605501,4.9800478342362595,2.448958538634982,0.7961383110007892,0.0,0.0,0.0,"[(4.0, 7.999999999999986)]",4.049999999999986,True
13,3,1407,13.049999999999995,0.00025,0.00031999999999999997,"[4.0, 8.0]",6.034142791681273,4.1499999999999995,2.143878979757658,1.4109722082554748,5.885460020124629,2.00378610249163,0.0,0.0,0.0,"[(4.0, 5.049999999999996), (7.999999999999986, 7.999999999999986)]",1.149999999999996,True
13,3,1407,13.059999999999995,0.00025,0.00031999999999999997,"[4.0, 8.0]",4.614672323664529,4.0,1.7344067311091664,1.86124133238574,4.612286822401706,1.0903555379201566,0.0,0.0,0.0,"[(4.0, 4.449999999999998), (5.649999999999994, 7.399999999999988)]",2.299999999999992,True
13,3,1407,13.069999999999995,0.00025,0.00031999999999999997,"[4.0, 8.0]",4.894160460922946,6.549999999999991,3.6935906671653376,4.456404803968783,4.893921424138685,1.562328290000946,0.0,0.0,0.0,"[(4.6999999999999975, 7.999999999999986)]",3.349999999999988,True
13,3,1407,13.079999999999995,0.00025,0.00031999999999999997,"[4.0, 8.0]",4.793679640011318,7.899999999999986,4.225500243590225,4.39122583776782,3.649899820155462,0.7438437135477575,0.0,0.0,0.0,"[(4.1, 7.999999999999986)]",3.949999999999986,True
13,3,1407,13.089999999999995,0.00025,0.00031999999999999997,"[4.0, 8.0]",4.598417083154981,4.399999999999999,2.603068633887217,2.3309822811504004,3.4492837332657627,1.191668260287127,0.0,0.0,0.0,"[(4.0, 5.899999999999993), (7.199999999999989, 7.999999999999986)]",2.79999999999999,True
13,3,1407,13.099999999999994,0.00025,0.00031999999999999997,"[4.0, 8.0]",4.052102691786054,4.0,0.8657353282950979,0.6170563363832068,4.0520964882923405,1.0186163252750398,0.0,0.0,0.0,"[(4.0, 4.749999999999997)]",0.7999999999999972,True
13,3,1407,13.109999999999994,0.00025,0.00031999999999999997,"[4.0, 8.0]",3.307898811081107,6.549999999999991,2.147279554354201,2.5328095992090445,3.30709386279437,1.089323640986329,0.0,0.0,0.0,"[(4.0, 4.249999999999999), (4.749999999999997, 7.999999999999986)]",3.599999999999987,True
13,3,1407,13.119999999999994,0.00025,0.00031999999999999997,"[4.0, 8.0]",3.7920982471761207,7.399999999999988,3.2334265518023235,3.719913844129418,3.732774610992037,0.9957772646291123,0.0,0.0,0.0,"[(4.249999999999999, 7.999999999999986)]",3.7999999999999865,True
13,3,1407,13.129999999999994,0.00025,0.00031999999999999997,"[4.0, 8.0]",3.5833460911133512,4.499999999999998,2.2808727463490146,2.171539967609722,2.321568120791169,0.791906839223848,0.0,0.0,0.0,"[(4.0, 7.999999999999986)]",4.049999999999986,True
13,3,1407,13.139999999999993,0.00025,0.00031999999999999997,"[4.0, 8.0]",3.399625246457871,4.0,0.6937378053700133,0.11820756322664852,3.399383307875207,1.0448737927023197,0.0,0.0,0.0,"[(4.0, 5.199999999999996), (7.949999999999986, 7.999999999999986)]",1.3499999999999952,True
13,3,1407,13.149999999999993,0.00025,0.00031999999999999997,"[4.0, 8.0]",2.2471770696838327,6.549999999999991,1.3756270457203266,1.5360751023537884,2.2469931752679613,0.7337430723905444,0.0,0.0,0.0,"[(4.0, 7.999999999999986)]",4.049999999999986,True
13,3,1407,13.159999999999993,0.00025,0.00031999999999999997,"[4.0, 8.0]",3.0028735688227206,7.599999999999987,2.5683764792859596,2.9039971208728153,2.9172741681366157,0.7598019264564297,0.0,0.0,0.0,"[(4.0, 7.999999999999986)]",4.049999999999986,True
13,3,1407,13.169999999999993,0.00025,0.00031999999999999997,"[4.0, 8.0]",2.8584562572575365,4.649999999999998,1.9227031630109226,1.8580174425185247,1.6798316102659745,0.5633480856504709,0.0,0.0,0.0,"[(4.0, 7.999999999999986)]",4.049999999999986,True
13,3,1407,13.179999999999993,0.00025,0.00031999999999999997,"[4.0, 8.0]",2.5829935171521994,4.0,0.5102426270337388,0.2761919409451893,2.5828456394700683,0.6878731569526016,0.0,0.0,0.0,"[(4.0, 7.999999999999986)]",4.049999999999986,True
13,3,1407,13.189999999999992,0.00025,0.00031999999999999997,"[4.0, 8.0]",2.228140487228947,6.599999999999991,1.45394362762393,1.7442623868949867,2.2281191660843684,0.7517969305925315,0.0,0.0,0.0,"[(4.0, 7.999999999999986)]",4.049999999999986,True
13,3,1407,13.199999999999992,0.00025,0.00031999999999999997,"[4.0, 8.0]",2.3905527408664113,5.149999999999996,2.0053589078969467,2.081335574143501,2.009617216797608,0.42504422441757,0.0,0.0,0.0,"[(4.0, 7.999999999999986)]",4.049999999999986,True
13,3,1407,12.85,0.00025,0.00033999999999999997,"[4.0, 8.0]",17.000579455775295,4.549999999999998,15.6626006868553,16.123634855804735,4.448373652705918,1.335474086557814,0.7037037037037037,0.012345679012345678,0.0,"[(4.0, 7.349999999999988)]",3.399999999999988,True
13,3,1407,12.86,0.00025,0.00033999999999999997,"[4.0, 8.0]",15.696150011746457,4.499999999999998,14.275239779721213,14.692035096597674,4.508844885324715,1.3616439906625526,0.43209876543209874,0.0,0.0,"[(4.0, 7.299999999999988)]",3.349999999999988,True
13,3,1407,12.87,0.00025,0.00033999999999999997,"[4.0, 8.0]",14.252561210186421,4.349999999999999,12.72038536162508,13.088191741372803,4.610372979442268,1.3996541522096628,0.0,0.0,0.0,"[(4.0, 7.199999999999989)]",3.2499999999999885,True
13,3,1407,12.879999999999999,0.00025,0.00033999999999999997,"[4.0, 8.0]",12.755810225306254,4.199999999999999,11.05867252377258,11.369369729241862,4.776736505528765,1.4525830556601527,0.0,0.0,0.0,"[(4.0, 7.049999999999989)]",3.099999999999989,True
13,3,1407,12.889999999999999,0.00025,0.00033999999999999997,"[4.0, 8.0]",11.269195462248497,4.1499999999999995,9.365734744439502,9.625540315054293,5.004388185143806,1.522968453377222,0.0,0.0,0.0,"[(4.0, 6.89999999999999)]",2.9499999999999895,True
13,3,1407,12.899999999999999,0.00025,0.00033999999999999997,"[4.0, 8.0]",9.778248428471814,4.0,7.616498235030436,7.812020963797047,5.294773368861065,1.6137771006730892,0.0,0.0,0.0,"[(4.0, 6.649999999999991)]",2.6999999999999904,True
13,3,1407,12.909999999999998,0.00025,0.00033999999999999997,"[4.0, 8.0]",8.163606359842872,4.0,5.664208427419562,5.771982259859307,5.620687635495426,1.724560591985587,0.0,0.0,0.0,"[(4.0, 6.349999999999992)]",2.3999999999999915,True
13,3,1407,12.919999999999998,0.00025,0.00033999999999999997,"[4.0, 8.0]",6.252298190935134,4.0,3.3779499368939687,3.2954181566227425,5.638422182494498,1.7793539646300687,0.0,0.0,0.0,"[(4.0, 5.999999999999993)]",2.0499999999999927,True
13,3,1407,12.929999999999998,0.00025,0.00033999999999999997,"[4.0, 8.0]",3.9896283120025915,4.0,1.2635736131031374,0.6944341588604119,3.9896227343635773,1.3234552512890316,0.0,0.0,0.0,"[(4.0, 5.749999999999994)]",1.7999999999999936,True
13,3,1407,12.939999999999998,0.00025,0.00033999999999999997,"[4.0, 8.0]",2.5095495995088197,7.999999999999986,1.0095706111763902,0.9275194014610391,2.5094928787303137,0.7813667745340281,0.0,0.0,0.0,"[(4.0, 7.999999999999986)]",4.049999999999986,True
13,3,1407,12.949999999999998,0.00025,0.00033999999999999997,"[4.0, 8.0]",5.922287593119285,7.999999999999986,3.058314279285254,3.3460797849779036,5.921858777400786,2.1542121571547708,0.0,0.0,0.0,"[(5.849999999999993, 7.999999999999986)]",2.199999999999992,True
13,3,1407,12.959999999999997,0.00025,0.00033999999999999997,"[4.0, 8.0]",9.561280903829378,7.649999999999987,6.508777664040992,7.418023972671684,8.741774024720893,2.84146216423061,0.0,0.0,0.0,"[(5.749999999999994, 7.999999999999986)]",2.299999999999992,True
13,3,1407,12.969999999999997,0.00025,0.00033999999999999997,"[4.0, 8.0]",13.717967920900351,7.599999999999987,10.813972213056033,11.917191843759776,9.455472742164709,2.9281268227333506,0.0,0.0,0.0,"[(5.599999999999994, 7.999999999999986)]",2.4499999999999913,True
13,3,1407,12.979999999999997,0.00025,0.00033999999999999997,"[4.0, 8.0]",18.27224123118253,7.549999999999987,15.521106777608201,16.69807850794715,9.448027426743646,2.89420773322098,0.6419753086419753,0.4567901234567901,0.0,"[(5.499999999999995, 7.999999999999986)]",2.549999999999991,True
13,3,1407,12.989999999999997,0.00025,0.00033999999999999997,"[4.0, 8.0]",22.470976844272958,7.599999999999987,19.800796295075312,20.944513466237428,9.319423187731864,2.8156564855569024,0.9012345679012346,0.8024691358024691,0.5925925925925926,"[(5.449999999999995, 7.999999999999986)]",2.5999999999999908,True
13,3,1407,12.999999999999996,0.00025,0.00033999999999999997,"[4.0, 8.0]",25.355893359686505,7.999999999999986,22.67486791081445,23.32113034467516,8.404519523788789,2.331658148450327,1.0,0.9876543209876543,0.8395061728395061,"[(5.449999999999995, 7.999999999999986)]",2.5999999999999908,True
13,3,1407,13.009999999999996,0.00025,0.00033999999999999997,"[4.0, 8.0]",25.063157757078788,7.999999999999986,20.563819811020917,20.738617342394186,7.347160029573949,1.8706600036919845,1.0,1.0,0.6172839506172839,"[(7.499999999999988, 7.999999999999986)]",0.549999999999998,True
13,3,1407,13.019999999999996,0.00025,0.00033999999999999997,"[4.0, 8.0]",20.603687515027858,4.0,10.902056559773454,12.184110141463133,20.603664529714287,4.837426145382794,0.12345679012345678,0.09876543209876543,0.037037037037037035,"[(4.0, 4.299999999999999)]",0.34999999999999876,True
13,3,1407,13.029999999999996,0.00025,0.00033999999999999997,"[4.0, 8.0]",13.390509459480677,4.6999999999999975,9.929912445366606,10.063287198875008,11.700417495960208,2.380918340672731,0.0,0.0,0.0,"[(4.299999999999999, 5.499999999999995), (7.499999999999988, 7.999999999999986)]",1.7999999999999936,True
13,3,1407,13.039999999999996,0.00025,0.00033999999999999997,"[4.0, 8.0]",12.85386253445607,4.0,4.659456266250443,4.850688676612053,12.852746347632948,3.319763855866784,0.0,0.0,0.0,"[(4.0, 4.399999999999999)]",0.4499999999999984,True
13,3,1407,13.049999999999995,0.00025,0.00033999999999999997,"[4.0, 8.0]",9.398321570862663,5.849999999999993,7.862630115542737,9.270981557599573,9.363155131442825,2.6846843957189486,0.0,0.0,0.0,"[(4.749999999999997, 7.999999999999986)]",3.2999999999999883,True
13,3,1407,13.059999999999995,0.00025,0.00033999999999999997,"[4.0, 8.0]",9.020838359594068,4.399999999999999,5.769604903486684,5.571431593629459,5.995210626853676,2.0535562379114634,0.0,0.0,0.0,"[(4.0, 5.349999999999995), (7.699999999999987, 7.999999999999986)]",1.7499999999999938,True
13,3,1407,13.069999999999995,0.00025,0.00033999999999999997,"[4.0, 8.0]",7.5722559050898655,4.0,2.671346881204693,2.8253032541171,7.5656900370594835,1.788585235009076,0.0,0.0,0.0,"[(4.0, 4.349999999999999)]",0.3999999999999986,True
13,3,1407,13.079999999999995,0.00025,0.00033999999999999997,"[4.0, 8.0]",6.940348865726602,6.549999999999991,5.434410488526424,6.504786997504315,6.9354789069624125,2.1410289615392286,0.0,0.0,0.0,"[(4.799999999999997, 7.999999999999986)]",3.2499999999999885,True
13,3,1407,13.089999999999995,0.00025,0.00033999999999999997,"[4.0, 8.0]",6.689290973056059,4.799999999999997,5.59211528820754,5.59125785513667,2.6076008510809867,0.7065111200801169,0.0,0.0,0.0,"[(4.0, 7.999999999999986)]",4.049999999999986,True
13,3,1407,13.099999999999994,0.00025,0.00033999999999999997,"[4.0, 8.0]",6.236296121956347,4.0,1.3440234504238402,0.28352976992470186,6.2361376267291275,1.9207914503076187,0.0,0.0,0.0,"[(4.0, 4.6999999999999975)]",0.7499999999999973,True
13,3,1407,13.109999999999994,0.00025,0.00033999999999999997,"[4.0, 8.0]",4.422703407057128,6.549999999999991,2.8882767712752138,3.356493789066852,4.4213911615611305,1.4237846386664208,0.0,0.0,0.0,"[(4.0, 4.1499999999999995), (4.9999999999999964, 7.999999999999986)]",3.2499999999999885,True
13,3,1407,13.119999999999994,0.00025,0.00033999999999999997,"[4.0, 8.0]",5.240391478170818,7.499999999999988,4.615695086850138,5.127184793896343,4.8192283716136,1.1667180067446072,0.0,0.0,0.0,"[(4.299999999999999, 7.999999999999986)]",3.7499999999999867,True
13,3,1407,13.129999999999994,0.00025,0.00033999999999999997,"[4.0, 8.0]",4.931770380858797,4.299999999999999,2.592311945192364,2.236593883589874,3.9127769070908425,1.3521042854315284,0.0,0.0,0.0,"[(4.0, 5.649999999999994), (7.449999999999988, 7.999999999999986)]",2.299999999999992,True
13,3,1407,13.139999999999993,0.00025,0.00033999999999999997,"[4.0, 8.0]",4.091174841161757,4.0,0.9751538315638245,0.823857030603402,4.091140538715618,0.9630365441094129,0.0,0.0,0.0,"[(4.0, 4.649999999999998), (6.299999999999992, 6.84999999999999)]",1.2999999999999954,True
13,3,1407,13.149999999999993,0.00025,0.00033999999999999997,"[4.0, 8.0]",4.025303803559821,6.549999999999991,2.8926640538388666,3.4970181805357226,4.025009378806805,1.327068483037175,0.0,0.0,0.0,"[(4.649999999999998, 7.999999999999986)]",3.399999999999988,True
13,3,1407,13.159999999999993,0.00025,0.00033999999999999997,"[4.0, 8.0]",3.9678045499042582,4.799999999999997,3.2167512844223585,3.194202342600954,1.7718931456403597,0.472210103670532,0.0,0.0,0.0,"[(4.0, 7.999999999999986)]",4.049999999999986,True
13,3,1407,13.169999999999993,0.00025,0.00033999999999999997,"[4.0, 8.0]",3.7581612794330406,4.05,1.087840786044783,0.501052673813254,3.7349697241170676,1.2458839422869041,0.0,0.0,0.0,"[(4.0, 5.399999999999995), (7.7999999999999865, 7.999999999999986)]",1.699999999999994,True
13,3,1407,13.179999999999993,0.00025,0.00033999999999999997,"[4.0, 8.0]",2.6775096156264944,6.599999999999991,1.6875420066263096,1.9487102582925857,2.6770678523008846,0.8872015415667345,0.0,0.0,0.0,"[(4.0, 7.999999999999986)]",4.049999999999986,True
13,3,1407,13.189999999999992,0.00025,0.00033999999999999997,"[4.0, 8.0]",3.2681561443793514,5.449999999999995,2.8517793686003037,3.1191395437278766,2.9441408553333055,0.7074762435596511,0.0,0.0,0.0,"[(4.0, 7.999999999999986)]",4.049999999999986,True
13,3,1407,13.199999999999992,0.00025,0.00033999999999999997,"[4.0, 8.0]",3.038127178501317,4.249999999999999,1.2563557640260707,0.884127232596732,2.7684983846095457,0.9605611987632721,0.0,0.0,0.0,"[(4.0, 7.999999999999986)]",4.049999999999986,True
13,3,1407,12.85,0.00027499999999999996,0.00017999999999999998,"[4.0, 8.0]",1.62043684701631,4.1499999999999995,0.4473041787077343,0.19168066253678445,1.619781484945142,0.5372884658874595,0.0,0.0,0.0,"[(4.0, 7.999999999999986)]",4.049999999999986,True
13,3,1407,12.86,0.00027499999999999996,0.00017999999999999998,"[4.0, 8.0]",1.5875417739975275,4.0,0.3026275711689877,0.09348286455431887,1.587477769067279,0.454823634100223,0.0,0.0,0.0,"[(4.0, 7.999999999999986)]",4.049999999999986,True
13,3,1407,12.87,0.00027499999999999996,0.00017999999999999998,"[4.0, 8.0]",1.42601844350529,4.0,0.3172134322340307,0.26061512331377773,1.426012625803487,0.3251370666315131,0.0,0.0,0.0,"[(4.0, 7.999999999999986)]",4.049999999999986,True
13,3,1407,12.879999999999999,0.00027499999999999996,0.00017999999999999998,"[4.0, 8.0]",1.0987973042307877,4.0,0.47859660933712006,0.5144850100548632,1.0983088866793436,0.30134781188803106,0.0,0.0,0.0,"[(4.0, 7.999999999999986)]",4.049999999999986,True
13,3,1407,12.889999999999999,0.00027499999999999996,0.00017999999999999998,"[4.0, 8.0]",1.1641716577613714,6.449999999999991,0.7037499576653221,0.7889489042260058,1.163614946100941,0.38917930537911405,0.0,0.0,0.0,"[(4.0, 7.999999999999986)]",4.049999999999986,True
13,3,1407,12.899999999999999,0.00027499999999999996,0.00017999999999999998,"[4.0, 8.0]",1.3485482207156163,6.449999999999991,0.9162280954931027,1.1149157411315311,1.3469734894081713,0.4521997994347919,0.0,0.0,0.0,"[(4.0, 7.999999999999986)]",4.049999999999986,True
13,3,1407,12.909999999999998,0.00027499999999999996,0.00017999999999999998,"[4.0, 8.0]",1.3715522206718762,6.9499999999999895,1.0709772570496798,1.3135623765531217,1.3698962271949586,0.4378753560942346,0.0,0.0,0.0,"[(4.0, 7.999999999999986)]",4.049999999999986,True
13,3,1407,12.919999999999998,0.00027499999999999996,0.00017999999999999998,"[4.0, 8.0]",1.344271988430745,7.599999999999987,1.1206339265685723,1.2404998337275261,1.3261629738590202,0.3361424011805283,0.0,0.0,0.0,"[(4.0, 7.999999999999986)]",4.049999999999986,True
13,3,1407,12.929999999999998,0.00027499999999999996,0.00017999999999999998,"[4.0, 8.0]",1.3156179777551662,7.999999999999986,1.0162254919180767,1.0270655222263674,1.0612819967081493,0.23215064514515507,0.0,0.0,0.0,"[(4.0, 7.999999999999986)]",4.049999999999986,True
13,3,1407,12.939999999999998,0.00027499999999999996,0.00017999999999999998,"[4.0, 8.0]",1.2862652462385298,4.599999999999998,0.7824617432449025,0.7457648606543653,0.8972892493951679,0.30255366172423714,0.0,0.0,0.0,"[(4.0, 7.999999999999986)]",4.049999999999986,True
13,3,1407,12.949999999999998,0.00027499999999999996,0.00017999999999999998,"[4.0, 8.0]",1.2598067854807404,4.399999999999999,0.5186878271639082,0.3918285425890684,1.1732769276332293,0.4031607694021421,0.0,0.0,0.0,"[(4.0, 7.999999999999986)]",4.049999999999986,True
13,3,1407,12.959999999999997,0.00027499999999999996,0.00017999999999999998,"[4.0, 8.0]",1.2336835539150166,4.1499999999999995,0.3106178763221257,0.08832706470310399,1.2336834621621493,0.414040745273776,0.0,0.0,0.0,"[(4.0, 7.999999999999986)]",4.049999999999986,True
13,3,1407,12.969999999999997,0.00027499999999999996,0.00017999999999999998,"[4.0, 8.0]",1.1974451797374928,4.0,0.23623653346998824,0.12938852993158936,1.197309314475987,0.31788297298847457,0.0,0.0,0.0,"[(4.0, 7.999999999999986)]",4.049999999999986,True
13,3,1407,12.979999999999997,0.00027499999999999996,0.00017999999999999998,"[4.0, 8.0]",0.9800922083949438,4.0,0.3525969666589367,0.3642701556706548,0.9800594508218526,0.2357429823279296,0.0,0.0,0.0,"[(4.0, 7.999999999999986)]",4.049999999999986,True
13,3,1407,12.989999999999997,0.00027499999999999996,0.00017999999999999998,"[4.0, 8.0]",0.9364665856466391,6.499999999999991,0.5719483506721117,0.6410249668059356,0.9359819047599567,0.311037825275734,0.0,0.0,0.0,"[(4.0, 7.999999999999986)]",4.049999999999986,True
13,3,1407,12.999999999999996,0.00027499999999999996,0.00017999999999999998,"[4.0, 8.0]",1.0846161677386152,6.499999999999991,0.7627873439785917,0.9411407424444264,1.0841877754687457,0.36613179633766435,0.0,0.0,0.0,"[(4.0, 7.999999999999986)]",4.049999999999986,True
13,3,1407,13.009999999999996,0.00027499999999999996,0.00017999999999999998,"[4.0, 8.0]",1.0705062742701257,7.399999999999988,0.8651588186159638,1.0239611574006142,1.068805136548566,0.32488448460597613,0.0,0.0,0.0,"[(4.0, 7.999999999999986)]",4.049999999999986,True
13,3,1407,13.019999999999996,0.00027499999999999996,0.00017999999999999998,"[4.0, 8.0]",1.0411448416965523,5.049999999999996,0.8052830725633277,0.8231757445090548,0.9522582622135298,0.20836551805980302,0.0,0.0,0.0,"[(4.0, 7.999999999999986)]",4.049999999999986,True
13,3,1407,13.029999999999996,0.00027499999999999996,0.00017999999999999998,"[4.0, 8.0]",1.010986781606962,4.649999999999998,0.5732244348575847,0.5308166272068232,0.7584575684390003,0.2534578077165929,0.0,0.0,0.0,"[(4.0, 7.999999999999986)]",4.049999999999986,True
13,3,1407,13.039999999999996,0.00027499999999999996,0.00017999999999999998,"[4.0, 8.0]",0.9850798197303476,4.349999999999999,0.3334928081447861,0.1926156207995466,0.9689612329323889,0.33406804123160544,0.0,0.0,0.0,"[(4.0, 7.999999999999986)]",4.049999999999986,True
13,3,1407,13.049999999999995,0.00027499999999999996,0.00017999999999999998,"[4.0, 8.0]",0.9578931683955659,4.1,0.20090494397575767,0.058657129592445616,0.9578836834430158,0.2987065002679453,0.0,0.0,0.0,"[(4.0, 7.999999999999986)]",4.049999999999986,True
13,3,1407,13.059999999999995,0.00027499999999999996,0.00017999999999999998,"[4.0, 8.0]",0.8472698432256399,4.0,0.2733879209150326,0.2714713414458824,0.8470060373432746,0.1960645869424099,0.0,0.0,0.0,"[(4.0, 7.999999999999986)]",4.049999999999986,True
13,3,1407,13.069999999999995,0.00027499999999999996,0.00017999999999999998,"[4.0, 8.0]",0.7917665861879953,6.549999999999991,0.49487653557167804,0.5619987841752101,0.7916744103511849,0.2632813953061641,0.0,0.0,0.0,"[(4.0, 7.999999999999986)]",4.049999999999986,True
13,3,1407,13.079999999999995,0.00027499999999999996,0.00017999999999999998,"[4.0, 8.0]",0.8762233180838265,6.84999999999999,0.6551046932504454,0.8187485921558059,0.8759797359015774,0.2975773884153635,0.0,0.0,0.0,"[(4.0, 7.999999999999986)]",4.049999999999986,True
13,3,1407,13.089999999999995,0.00027499999999999996,0.00017999999999999998,"[4.0, 8.0]",0.848907592731814,5.249999999999996,0.6745728705474883,0.7318834270939077,0.8464446191703986,0.21317955039413022,0.0,0.0,0.0,"[(4.0, 7.999999999999986)]",4.049999999999986,True
13,3,1407,13.099999999999994,0.00027499999999999996,0.00017999999999999998,"[4.0, 8.0]",0.8169135528551938,4.6999999999999975,0.46396779247302655,0.43380624527870826,0.6048011210182591,0.2014310309786246,0.0,0.0,0.0,"[(4.0, 7.999999999999986)]",4.049999999999986,True
13,3,1407,13.109999999999994,0.00027499999999999996,0.00017999999999999998,"[4.0, 8.0]",0.7901953574490208,4.349999999999999,0.23815484447084,0.10071817626594629,0.7888996044153241,0.2739329510555568,0.0,0.0,0.0,"[(4.0, 7.999999999999986)]",4.049999999999986,True
13,3,1407,13.119999999999994,0.00027499999999999996,0.00017999999999999998,"[4.0, 8.0]",0.7617644644553403,4.05,0.16969650246351622,0.10513199562307254,0.7617610168446723,0.21076502897890725,0.0,0.0,0.0,"[(4.0, 7.999999999999986)]",4.049999999999986,True
13,3,1407,13.129999999999994,0.00027499999999999996,0.00017999999999999998,"[4.0, 8.0]",0.5872936784422227,6.549999999999991,0.355645380939216,0.4017530047488927,0.5872916542479443,0.19379510838267644,0.0,0.0,0.0,"[(4.0, 7.999999999999986)]",4.049999999999986,True
13,3,1407,13.139999999999993,0.00027499999999999996,0.00017999999999999998,"[4.0, 8.0]",0.7216847680603556,6.84999999999999,0.5315342137501992,0.6652399813498866,0.7214856616965437,0.24810184984877118,0.0,0.0,0.0,"[(4.0, 7.999999999999986)]",4.049999999999986,True
13,3,1407,13.149999999999993,0.00027499999999999996,0.00017999999999999998,"[4.0, 8.0]",0.6941911579277327,7.949999999999986,0.5311521401720503,0.5587401929418598,0.6907201090712076,0.16725961153140106,0.0,0.0,0.0,"[(4.0, 7.999999999999986)]",4.049999999999986,True
13,3,1407,13.159999999999993,0.00027499999999999996,0.00017999999999999998,"[4.0, 8.0]",0.6608394184197406,4.549999999999998,0.27840690449071237,0.22095360469429481,0.6085991092139632,0.20564563307341896,0.0,0.0,0.0,"[(4.0, 7.999999999999986)]",4.049999999999986,True
13,3,1407,13.169999999999993,0.00027499999999999996,0.00017999999999999998,"[4.0, 8.0]",0.6346889787475418,4.1499999999999995,0.14211201933050535,0.042810963709415034,0.634645061646289,0.20613800496448675,0.0,0.0,0.0,"[(4.0, 7.999999999999986)]",4.049999999999986,True
13,3,1407,13.179999999999993,0.00027499999999999996,0.00017999999999999998,"[4.0, 8.0]",0.4874385697500443,4.0,0.28515113831309347,0.31796634834600274,0.48717346377271853,0.15650578162211032,0.0,0.0,0.0,"[(4.0, 7.999999999999986)]",4.049999999999986,True
13,3,1407,13.189999999999992,0.00027499999999999996,0.00017999999999999998,"[4.0, 8.0]",0.5993467993757133,5.949999999999993,0.45496357334154747,0.5788054006995645,0.5988279369639177,0.2056322104066685,0.0,0.0,0.0,"[(4.0, 7.999999999999986)]",4.049999999999986,True
13,3,1407,13.199999999999992,0.00027499999999999996,0.00017999999999999998,"[4.0, 8.0]",0.5684859647973798,4.899999999999997,0.366100167060866,0.3507475454144044,0.5180432339773516,0.12603208227678436,0.0,0.0,0.0,"[(4.0, 7.999999999999986)]",4.049999999999986,True
13,3,1407,12.85,0.00027499999999999996,0.00019999999999999998,"[4.0, 8.0]",2.1474959208310898,6.3999999999999915,1.638991003672099,1.9784849298108558,2.1460490492617867,0.6803356837130307,0.0,0.0,0.0,"[(4.0, 7.999999999999986)]",4.049999999999986,True
13,3,1407,12.86,0.00027499999999999996,0.00019999999999999998,"[4.0, 8.0]",2.1107963834185486,5.499999999999995,1.7811564940658453,2.0176280154557142,2.090687514270613,0.5511186239889638,0.0,0.0,0.0,"[(4.0, 7.999999999999986)]",4.049999999999986,True
13,3,1407,12.87,0.00027499999999999996,0.00019999999999999998,"[4.0, 8.0]",2.0713539823662916,5.049999999999996,1.7307252266111723,1.7899878542227146,1.7182673817844871,0.3581290961175406,0.0,0.0,0.0,"[(4.0, 7.999999999999986)]",4.049999999999986,True
13,3,1407,12.879999999999999,0.00027499999999999996,0.00019999999999999998,"[4.0, 8.0]",2.0297580294908126,4.6999999999999975,1.4671593927844255,1.4476274350121945,1.1123153361002593,0.36189444537338344,0.0,0.0,0.0,"[(4.0, 7.999999999999986)]",4.049999999999986,True
13,3,1407,12.889999999999999,0.00027499999999999996,0.00019999999999999998,"[4.0, 8.0]",1.9915874800147275,4.449999999999998,1.073567366675277,0.9632395199319066,1.5843912253239023,0.5439251458770042,0.0,0.0,0.0,"[(4.0, 7.999999999999986)]",4.049999999999986,True
13,3,1407,12.899999999999999,0.00027499999999999996,0.00019999999999999998,"[4.0, 8.0]",1.9539974844833279,4.249999999999999,0.6812144739073546,0.40777792241931127,1.9033048532855428,0.6486866494168059,0.0,0.0,0.0,"[(4.0, 7.999999999999986)]",4.049999999999986,True
13,3,1407,12.909999999999998,0.00027499999999999996,0.00019999999999999998,"[4.0, 8.0]",1.9146741329647146,4.05,0.4096581923218178,0.049450966427054724,1.9146719609681149,0.5988566459203901,0.0,0.0,0.0,"[(4.0, 7.999999999999986)]",4.049999999999986,True
13,3,1407,12.919999999999998,0.00027499999999999996,0.00019999999999999998,"[4.0, 8.0]",1.7718671051043346,4.0,0.3674600909200133,0.2661851765065919,1.7718293559873826,0.4247262889504541,0.0,0.0,0.0,"[(4.0, 7.999999999999986)]",4.049999999999986,True
13,3,1407,12.929999999999998,0.00027499999999999996,0.00019999999999999998,"[4.0, 8.0]",1.3398291138760525,4.0,0.5817796140868048,0.6178470384555363,1.3398283837762401,0.360674661649342,0.0,0.0,0.0,"[(4.0, 7.999999999999986)]",4.049999999999986,True
13,3,1407,12.939999999999998,0.00027499999999999996,0.00019999999999999998,"[4.0, 8.0]",1.4597208643085358,6.449999999999991,0.9095975990651975,1.0363801022925117,1.4596748062849243,0.486677081008012,0.0,0.0,0.0,"[(4.0, 7.999999999999986)]",4.049999999999986,True
13,3,1407,12.949999999999998,0.00027499999999999996,0.00019999999999999998,"[4.0, 8.0]",1.6527919754582303,6.449999999999991,1.1868723590570958,1.4430532599621109,1.652759834937495,0.5493184024328925,0.0,0.0,0.0,"[(4.0, 7.999999999999986)]",4.049999999999986,True
13,3,1407,12.959999999999997,0.00027499999999999996,0.00019999999999999998,"[4.0, 8.0]",1.6343735442208187,5.649999999999994,1.3401308449810936,1.579741568927859,1.6328874406447824,0.4798940067074286,0.0,0.0,0.0,"[(4.0, 7.999999999999986)]",4.049999999999986,True
13,3,1407,12.969999999999997,0.00027499999999999996,0.00019999999999999998,"[4.0, 8.0]",1.5967732702994324,5.099999999999996,1.3034112870292296,1.360132963057341,1.4339810519152705,0.31051729560865293,0.0,0.0,0.0,"[(4.0, 7.999999999999986)]",4.049999999999986,True
13,3,1407,12.979999999999997,0.00027499999999999996,0.00019999999999999998,"[4.0, 8.0]",1.5548815369437392,4.6999999999999975,1.0193730516695951,0.9893922709239737,0.9642481682985777,0.3251513290668926,0.0,0.0,0.0,"[(4.0, 7.999999999999986)]",4.049999999999986,True
13,3,1407,12.989999999999997,0.00027499999999999996,0.00019999999999999998,"[4.0, 8.0]",1.5145214735043195,4.399999999999999,0.6264301087156624,0.4572044033877867,1.406858565444364,0.4844013373833666,0.0,0.0,0.0,"[(4.0, 7.999999999999986)]",4.049999999999986,True
13,3,1407,12.999999999999996,0.00027499999999999996,0.00019999999999999998,"[4.0, 8.0]",1.4781592421548821,4.1499999999999995,0.34955465882176245,0.0645833388276404,1.4781055428026568,0.4906932014292887,0.0,0.0,0.0,"[(4.0, 7.999999999999986)]",4.049999999999986,True
13,3,1407,13.009999999999996,0.00027499999999999996,0.00019999999999999998,"[4.0, 8.0]",1.4093713501148706,4.0,0.29693280582985837,0.20460364094572733,1.4093671480603711,0.3515712729755668,0.0,0.0,0.0,"[(4.0, 7.999999999999986)]",4.049999999999986,True
13,3,1407,13.019999999999996,0.00027499999999999996,0.00019999999999999998,"[4.0, 8.0]",1.0317119456950317,4.0,0.5160966268143488,0.557807294956852,1.03078009653083,0.301323276820727,0.0,0.0,0.0,"[(4.0, 7.999999999999986)]",4.049999999999986,True
13,3,1407,13.029999999999996,0.00027499999999999996,0.00019999999999999998,"[4.0, 8.0]",1.2658372875796131,6.499999999999991,0.8408707969696999,1.0093714701989385,1.2656444094743715,0.42647647958161694,0.0,0.0,0.0,"[(4.0, 7.999999999999986)]",4.049999999999986,True
13,3,1407,13.039999999999996,0.00027499999999999996,0.00019999999999999998,"[4.0, 8.0]",1.3012494108342476,5.799999999999994,1.0305441387771805,1.2715033347748206,1.3000754580883551,0.4174862346558075,0.0,0.0,0.0,"[(4.0, 7.999999999999986)]",4.049999999999986,True
13,3,1407,13.049999999999995,0.00027499999999999996,0.00019999999999999998,"[4.0, 8.0]",1.2666896309647062,7.899999999999986,1.0205325285669564,1.074059263029436,1.2145709510477367,0.2788343226494057,0.0,0.0,0.0,"[(4.0, 7.999999999999986)]",4.049999999999986,True
13,3,1407,13.059999999999995,0.00027499999999999996,0.00019999999999999998,"[4.0, 8.0]",1.2248688218916357,4.6999999999999975,0.7370881980929882,0.6892836394202602,0.8540770869529315,0.28536881235805284,0.0,0.0,0.0,"[(4.0, 7.999999999999986)]",4.049999999999986,True
13,3,1407,13.069999999999995,0.00027499999999999996,0.00019999999999999998,"[4.0, 8.0]",1.184640885606573,4.299999999999999,0.36734132541084363,0.1759760019204047,1.1786416853944552,0.40772790810502957,0.0,0.0,0.0,"[(4.0, 7.999999999999986)]",4.049999999999986,True
13,3,1407,13.079999999999995,0.00027499999999999996,0.00019999999999999998,"[4.0, 8.0]",1.1480839912353566,4.0,0.23606635047059302,0.10917164478837492,1.1480309311265555,0.3301293374760827,0.0,0.0,0.0,"[(4.0, 7.999999999999986)]",4.049999999999986,True
13,3,1407,13.089999999999995,0.00027499999999999996,0.00019999999999999998,"[4.0, 8.0]",0.9313254360827101,4.0,0.3884909858874058,0.4089021770153709,0.9306296705511298,0.23684868854897953,0.0,0.0,0.0,"[(4.0, 7.999999999999986)]",4.049999999999986,True
13,3,1407,13.099999999999994,0.00027499999999999996,0.00019999999999999998,"[4.0, 8.0]",1.0492110955014442,6.549999999999991,0.714982170311853,0.8780951016446288,1.0491686032873841,0.35628876363735884,0.0,0.0,0.0,"[(4.0, 7.999999999999986)]",4.049999999999986,True
13,3,1407,13.109999999999994,0.00027499999999999996,0.00019999999999999998,"[4.0, 8.0]",1.0419010711430308,7.599999999999987,0.8418875999142216,0.9773668998442036,1.0412593694000458,0.3092265170820522,0.0,0.0,0.0,"[(4.0, 7.999999999999986)]",4.049999999999986,True
13,3,1407,13.119999999999994,0.00027499999999999996,0.00019999999999999998,"[4.0, 8.0]",1.0066610729743593,4.899999999999997,0.7040249559863219,0.6936894158976297,0.8501917464705124,0.19891896801527975,0.0,0.0,0.0,"[(4.0, 7.999999999999986)]",4.049999999999986,True
13,3,1407,13.129999999999994,0.00027499999999999996,0.00019999999999999998,"[4.0, 8.0]",0.9612626215354786,4.399999999999999,0.3213658978960989,0.17591567465574742,0.9481683608828135,0.32913011793381614,0.0,0.0,0.0,"[(4.0, 7.999999999999986)]",4.049999999999986,True
13,3,1407,13.139999999999993,0.00027499999999999996,0.00019999999999999998,"[4.0, 8.0]",0.9240464211372157,4.0,0.20262077778533444,0.12004228562024917,0.9239246773775877,0.258135671774073,0.0,0.0,0.0,"[(4.0, 7.999999999999986)]",4.049999999999986,True
13,3,1407,13.149999999999993,0.00027499999999999996,0.00019999999999999998,"[4.0, 8.0]",0.6764272243053313,4.0,0.40262389499043105,0.4439079197933897,0.6764272947437941,0.22188668729466096,0.0,0.0,0.0,"[(4.0, 7.999999999999986)]",4.049999999999986,True
13,3,1407,13.159999999999993,0.00027499999999999996,0.00019999999999999998,"[4.0, 8.0]",0.8695901926017463,7.299999999999988,0.6741320036009041,0.8480520279470387,0.8693170027059094,0.2915894518391198,0.0,0.0,0.0,"[(4.0, 7.999999999999986)]",4.049999999999986,True
13,3,1407,13.169999999999993,0.00027499999999999996,0.00019999999999999998,"[4.0, 8.0]",0.8366096464823891,5.049999999999996,0.6127857192865193,0.6220778875689702,0.7942503886213266,0.17755549118852082,0.0,0.0,0.0,"[(4.0, 7.999999999999986)]",4.049999999999986,True
13,3,1407,13.179999999999993,0.00027499999999999996,0.00019999999999999998,"[4.0, 8.0]",0.7918023804510828,4.399999999999999,0.25387832100538177,0.12478758540780197,0.786258922044029,0.27362068165650927,0.0,0.0,0.0,"[(4.0, 7.999999999999986)]",4.049999999999986,True
13,3,1407,13.189999999999992,0.00027499999999999996,0.00019999999999999998,"[4.0, 8.0]",0.7513564876984433,4.0,0.19812970972835853,0.16938195459338712,0.7513491053294343,0.1859188357706296,0.0,0.0,0.0,"[(4.0, 7.999999999999986)]",4.049999999999986,True
13,3,1407,13.199999999999992,0.00027499999999999996,0.00019999999999999998,"[4.0, 8.0]",0.7174889093246611,6.599999999999991,0.4766394024382175,0.5794686893045121,0.7173844110544029,0.2434322847433925,0.0,0.0,0.0,"[(4.0, 7.999999999999986)]",4.049999999999986,True
13,3,1407,12.85,0.00027499999999999996,0.00021999999999999998,"[4.0, 8.0]",3.0916169400567783,4.349999999999999,1.6155170898247044,1.4451107569051957,2.520338803588219,0.8722281590033355,0.0,0.0,0.0,"[(4.0, 7.999999999999986)]",4.049999999999986,True
13,3,1407,12.86,0.00027499999999999996,0.00021999999999999998,"[4.0, 8.0]",3.032706849501192,4.1499999999999995,0.9492849668836694,0.5254395619535488,3.003942083448327,1.0027896728771273,0.0,0.0,0.0,"[(4.0, 6.249999999999992), (6.599999999999991, 7.999999999999986)]",3.7499999999999867,True
13,3,1407,12.87,0.00027499999999999996,0.00021999999999999998,"[4.0, 8.0]",2.9308206504789287,4.0,0.5608098800899994,0.1808308485888121,2.930801153483714,0.8286105328279134,0.0,0.0,0.0,"[(4.0, 7.999999999999986)]",4.049999999999986,True
13,3,1407,12.879999999999999,0.00027499999999999996,0.00021999999999999998,"[4.0, 8.0]",2.477415557136786,4.0,0.6438190156038791,0.6054056922607322,2.4773613797818412,0.5566975588357279,0.0,0.0,0.0,"[(4.0, 7.999999999999986)]",4.049999999999986,True
13,3,1407,12.889999999999999,0.00027499999999999996,0.00021999999999999998,"[4.0, 8.0]",1.7690208555768072,6.449999999999991,1.0376752286508422,1.149729626787428,1.7667249181026563,0.5956908781451756,0.0,0.0,0.0,"[(4.0, 7.999999999999986)]",4.049999999999986,True
13,3,1407,12.899999999999999,0.00027499999999999996,0.00021999999999999998,"[4.0, 8.0]",2.3040057087710086,6.449999999999991,1.4994931734922232,1.7866665990752324,2.3038193617552727,0.7663926242461149,0.0,0.0,0.0,"[(4.0, 7.999999999999986)]",4.049999999999986,True
13,3,1407,12.909999999999998,0.00027499999999999996,0.00021999999999999998,"[4.0, 8.0]",2.5081326324175217,6.449999999999991,1.889682470949372,2.297460458716191,2.506758620658773,0.804410099085776,0.0,0.0,0.0,"[(4.0, 7.999999999999986)]",4.049999999999986,True
13,3,1407,12.919999999999998,0.00027499999999999996,0.00021999999999999998,"[4.0, 8.0]",2.461486927837436,7.449999999999988,2.0907904717245436,2.3496899382100787,2.4216953742166036,0.6255447451992208,0.0,0.0,0.0,"[(4.0, 7.999999999999986)]",4.049999999999986,True
13,3,1407,12.929999999999998,0.00027499999999999996,0.00021999999999999998,"[4.0, 8.0]",2.405245731696413,4.949999999999997,1.9626234695363198,1.9917085850898222,1.7864358354553815,0.3709319126139203,0.0,0.0,0.0,"[(4.0, 7.999999999999986)]",4.049999999999986,True
13,3,1407,12.939999999999998,0.00027499999999999996,0.00021999999999999998,"[4.0, 8.0]",2.3490647081979645,4.599999999999998,1.5083012377763283,1.4523894693748307,1.5259755983089844,0.5162670637924941,0.0,0.0,0.0,"[(4.0, 7.999999999999986)]",4.049999999999986,True
13,3,1407,12.949999999999998,0.00027499999999999996,0.00021999999999999998,"[4.0, 8.0]",2.2978285370615468,4.299999999999999,0.944517477150897,0.709574898201621,2.133799887406607,0.7345488719973459,0.0,0.0,0.0,"[(4.0, 7.999999999999986)]",4.049999999999986,True
13,3,1407,12.959999999999997,0.00027499999999999996,0.00021999999999999998,"[4.0, 8.0]",2.245134408386873,4.05,0.5158378397041123,0.10767359609862269,2.2451061171948687,0.7260158520251448,0.0,0.0,0.0,"[(4.0, 7.999999999999986)]",4.049999999999986,True
13,3,1407,12.969999999999997,0.00027499999999999996,0.00021999999999999998,"[4.0, 8.0]",2.060146086491962,4.0,0.44124642669536834,0.3333301055205406,2.0601302139516617,0.493520074784731,0.0,0.0,0.0,"[(4.0, 7.999999999999986)]",4.049999999999986,True
13,3,1407,12.979999999999997,0.00027499999999999996,0.00021999999999999998,"[4.0, 8.0]",1.4198429748152255,4.0,0.7806065334914226,0.8524229595408759,1.418848089754757,0.4486731017463733,0.0,0.0,0.0,"[(4.0, 7.999999999999986)]",4.049999999999986,True
13,3,1407,12.989999999999997,0.00027499999999999996,0.00021999999999999998,"[4.0, 8.0]",1.8522713947263085,6.499999999999991,1.2321341430101083,1.4835672213187103,1.851485814595338,0.6204683446103275,0.0,0.0,0.0,"[(4.0, 7.999999999999986)]",4.049999999999986,True
13,3,1407,12.999999999999996,0.00027499999999999996,0.00021999999999999998,"[4.0, 8.0]",1.9379137502142707,6.999999999999989,1.5298701240885233,1.8710599158955086,1.9368664161526135,0.6153550623674943,0.0,0.0,0.0,"[(4.0, 7.999999999999986)]",4.049999999999986,True
13,3,1407,13.009999999999996,0.00027499999999999996,0.00021999999999999998,"[4.0, 8.0]",1.889995218785063,5.249999999999996,1.581564993203779,1.6969993088628896,1.7888569527441152,0.41577503280027495,0.0,0.0,0.0,"[(4.0, 7.999999999999986)]",4.049999999999986,True
13,3,1407,13.019999999999996,0.00027499999999999996,0.00021999999999999998,"[4.0, 8.0]",1.83409189142631,4.749999999999997,1.26287828208636,1.2302962675968194,1.0792133068632435,0.3499063952917932,0.0,0.0,0.0,"[(4.0, 7.999999999999986)]",4.049999999999986,True
13,3,1407,13.029999999999996,0.00027499999999999996,0.00021999999999999998,"[4.0, 8.0]",1.778044918345242,4.349999999999999,0.7028466784408565,0.4947812674380382,1.6760894860902424,0.5784585167875427,0.0,0.0,0.0,"[(4.0, 7.999999999999986)]",4.049999999999986,True
13,3,1407,13.039999999999996,0.00027499999999999996,0.00021999999999999998,"[4.0, 8.0]",1.727171557561097,4.05,0.3646292207262968,0.06696534984818596,1.7270320974871394,0.5462003950647827,0.0,0.0,0.0,"[(4.0, 7.999999999999986)]",4.049999999999986,True
13,3,1407,13.049999999999995,0.00027499999999999996,0.00021999999999999998,"[4.0, 8.0]",1.5370554057901695,4.0,0.41155543196559835,0.3841284720973884,1.5362669859709477,0.3495707846145711,0.0,0.0,0.0,"[(4.0, 7.999999999999986)]",4.049999999999986,True
13,3,1407,13.059999999999995,0.00027499999999999996,0.00021999999999999998,"[4.0, 8.0]",1.322310077215417,6.549999999999991,0.8164878220203285,0.9091142919086298,1.3210590977598387,0.43738681791575623,0.0,0.0,0.0,"[(4.0, 7.999999999999986)]",4.049999999999986,True
13,3,1407,13.069999999999995,0.00027499999999999996,0.00021999999999999998,"[4.0, 8.0]",1.5484850781815593,6.84999999999999,1.1853041548188528,1.4627117648528263,1.5478485979568948,0.5126411637448745,0.0,0.0,0.0,"[(4.0, 7.999999999999986)]",4.049999999999986,True
13,3,1407,13.079999999999995,0.00027499999999999996,0.00021999999999999998,"[4.0, 8.0]",1.5031149021408632,5.249999999999996,1.2330386971733414,1.3260524696027518,1.460357417777661,0.3487068793780993,0.0,0.0,0.0,"[(4.0, 7.999999999999986)]",4.049999999999986,True
13,3,1407,13.089999999999995,0.00027499999999999996,0.00021999999999999998,"[4.0, 8.0]",1.4522684949469364,4.6999999999999975,0.9213660324020958,0.8903972497992851,0.9358087333894656,0.31304776911015647,0.0,0.0,0.0,"[(4.0, 7.999999999999986)]",4.049999999999986,True
13,3,1407,13.099999999999994,0.00027499999999999996,0.00021999999999999998,"[4.0, 8.0]",1.3931767091985092,4.249999999999999,0.3943257037062284,0.1419574855443702,1.3929627070942605,0.4819314896077323,0.0,0.0,0.0,"[(4.0, 7.999999999999986)]",4.049999999999986,True
13,3,1407,13.109999999999994,0.00027499999999999996,0.00021999999999999998,"[4.0, 8.0]",1.3231552540313507,4.0,0.29720562311583365,0.22343161081848553,1.3231522652359482,0.33071672103055033,0.0,0.0,0.0,"[(4.0, 7.999999999999986)]",4.049999999999986,True
13,3,1407,13.119999999999994,0.00027499999999999996,0.00021999999999999998,"[4.0, 8.0]",0.9763277059445075,6.549999999999991,0.5881001302740716,0.6589656506282688,0.976313128722227,0.32162092295073363,0.0,0.0,0.0,"[(4.0, 7.999999999999986)]",4.049999999999986,True
13,3,1407,13.129999999999994,0.00027499999999999996,0.00021999999999999998,"[4.0, 8.0]",1.2540511740614424,7.149999999999989,0.9719409431594497,1.2098538445873592,1.253582754990662,0.41753187118551977,0.0,0.0,0.0,"[(4.0, 7.999999999999986)]",4.049999999999986,True
13,3,1407,13.139999999999993,0.00027499999999999996,0.00021999999999999998,"[4.0, 8.0]",1.207063961311492,5.099999999999996,0.9299870907261929,0.9608064423225648,1.1184097794064183,0.2445413496027462,0.0,0.0,0.0,"[(4.0, 7.999999999999986)]",4.049999999999986,True
13,3,1407,13.149999999999993,0.00027499999999999996,0.00021999999999999998,"[4.0, 8.0]",1.1569954771561135,4.499999999999998,0.5264541707632973,0.4377367480330007,1.0253756084097443,0.34929978994967176,0.0,0.0,0.0,"[(4.0, 7.999999999999986)]",4.049999999999986,True
13,3,1407,13.159999999999993,0.00027499999999999996,0.00021999999999999998,"[4.0, 8.0]",1.0966962301228065,4.0,0.2371337026879056,0.13617266015900742,1.0966094023928705,0.305197516724506,0.0,0.0,0.0,"[(4.0, 7.999999999999986)]",4.049999999999986,True
13,3,1407,13.169999999999993,0.00027499999999999996,0.00021999999999999998,"[4.0, 8.0]",0.786115208833456,6.599999999999991,0.47404286569466975,0.530439010897134,0.7861113521596387,0.26025936019993073,0.0,0.0,0.0,"[(4.0, 7.999999999999986)]",4.049999999999986,True
13,3,1407,13.179999999999993,0.00027499999999999996,0.00021999999999999998,"[4.0, 8.0]",1.0301522140230925,5.749999999999994,0.8159380815484951,0.9940580469946481,1.0301478576416934,0.33335465848111745,0.0,0.0,0.0,"[(4.0, 7.999999999999986)]",4.049999999999986,True
13,3,1407,13.189999999999992,0.00027499999999999996,0.00021999999999999998,"[4.0, 8.0]",0.9816020693897103,4.849999999999997,0.641477756432993,0.6182203037696162,0.7876160675381845,0.20412068140514214,0.0,0.0,0.0,"[(4.0, 7.999999999999986)]",4.049999999999986,True
13,3,1407,13.199999999999992,0.00027499999999999996,0.00021999999999999998,"[4.0, 8.0]",0.9259125212141492,4.249999999999999,0.22514413133933966,0.028799543515266486,0.9258901973735563,0.319773935762793,0.0,0.0,0.0,"[(4.0, 7.999999999999986)]",4.049999999999986,True
13,3,1407,12.85,0.00027499999999999996,0.00023999999999999998,"[4.0, 8.0]",4.403273378632118,4.0,0.884153615304461,0.5194824804267877,4.4031337751674595,1.1382670762709712,0.0,0.0,0.0,"[(4.0, 4.649999999999998)]",0.6999999999999975,True
13,3,1407,12.86,0.00027499999999999996,0.00023999999999999998,"[4.0, 8.0]",3.4503006523347777,4.0,1.282065256336555,1.3494848830060535,3.4502542387555755,0.8448966615695258,0.0,0.0,0.0,"[(4.0, 4.549999999999998), (5.199999999999996, 7.649999999999987)]",3.099999999999989,True
13,3,1407,12.87,0.00027499999999999996,0.00023999999999999998,"[4.0, 8.0]",3.2707329614784126,6.449999999999991,2.0848976571080815,2.3905199834862545,3.2699715780995864,1.0709908057094066,0.0,0.0,0.0,"[(4.0, 4.299999999999999), (4.6999999999999975, 7.999999999999986)]",3.699999999999987,True
13,3,1407,12.879999999999999,0.00027499999999999996,0.00023999999999999998,"[4.0, 8.0]",3.7620963213301217,6.449999999999991,2.8145641410239053,3.3954044581660177,3.759752492703491,1.1946590800242656,0.0,0.0,0.0,"[(4.499999999999998, 7.999999999999986)]",3.5499999999999874,True
13,3,1407,12.889999999999999,0.00027499999999999996,0.00023999999999999998,"[4.0, 8.0]",3.7239043706844366,7.349999999999988,3.195269685653681,3.6109787311023336,3.6557468429152933,0.9347937285819896,0.0,0.0,0.0,"[(4.199999999999999, 7.999999999999986)]",3.8499999999999863,True
13,3,1407,12.899999999999999,0.00027499999999999996,0.00023999999999999998,"[4.0, 8.0]",3.651985359777093,7.899999999999986,3.1279022387529487,3.2030149716893,2.6714287531146876,0.5322205881297161,0.0,0.0,0.0,"[(4.0, 7.999999999999986)]",4.049999999999986,True
13,3,1407,12.909999999999998,0.00027499999999999996,0.00023999999999999998,"[4.0, 8.0]",3.575589351863715,4.649999999999998,2.5809854710170193,2.5397143053898183,1.8715868706706504,0.6342193003679983,0.0,0.0,0.0,"[(4.0, 7.999999999999986)]",4.049999999999986,True
13,3,1407,12.919999999999998,0.00027499999999999996,0.00023999999999999998,"[4.0, 8.0]",3.495813319852445,4.299999999999999,1.6199555854684942,1.316849577385377,3.0728654820801973,1.0591153171176786,0.0,0.0,0.0,"[(4.0, 6.149999999999992), (6.74999999999999, 7.999999999999986)]",3.4999999999999876,True
13,3,1407,12.929999999999998,0.00027499999999999996,0.00023999999999999998,"[4.0, 8.0]",3.4069186583576903,4.0,0.7678911390709191,0.15429104877328245,3.4069102058321894,1.0754988598255246,0.0,0.0,0.0,"[(4.0, 5.249999999999996), (7.699999999999987, 7.999999999999986)]",1.6499999999999941,True
13,3,1407,12.939999999999998,0.00027499999999999996,0.00023999999999999998,"[4.0, 8.0]",2.9763488328408667,4.0,0.6911895293178568,0.5703591046997529,2.976172068982826,0.6902657714683486,0.0,0.0,0.0,"[(4.0, 7.999999999999986)]",4.049999999999986,True
13,3,1407,12.949999999999998,0.00027499999999999996,0.00023999999999999998,"[4.0, 8.0]",2.0425120764137423,4.0,1.182930273687232,1.2976007238400442,2.0424323274748337,0.6679293145508726,0.0,0.0,0.0,"[(4.0, 7.999999999999986)]",4.049999999999986,True
13,3,1407,12.959999999999997,0.00027499999999999996,0.00023999999999999998,"[4.0, 8.0]",2.6991579812045927,6.499999999999991,1.8080385772346101,2.1536500023862706,2.6955322602501943,0.895818474437109,0.0,0.0,0.0,"[(4.0, 7.999999999999986)]",4.049999999999986,True
13,3,1407,12.969999999999997,0.00027499999999999996,0.00023999999999999998,"[4.0, 8.0]",2.8583355024836754,6.999999999999989,2.3049272914821892,2.7680566248616674,2.8572125290484185,0.8674323666245278,0.0,0.0,0.0,"[(4.0, 7.999999999999986)]",4.049999999999986,True
13,3,1407,12.979999999999997,0.00027499999999999996,0.00023999999999999998,"[4.0, 8.0]",2.781065101893587,7.849999999999986,2.365709570536051,2.4669740667140707,2.336519907853816,0.49191629467434994,0.0,0.0,0.0,"[(4.0, 7.999999999999986)]",4.049999999999986,True
13,3,1407,12.989999999999997,0.00027499999999999996,0.00023999999999999998,"[4.0, 8.0]",2.7050049827909333,4.649999999999998,1.8623472917833197,1.8162134862801964,1.5478830017419722,0.5198170585441338,0.0,0.0,0.0,"[(4.0, 7.999999999999986)]",4.049999999999986,True
13,3,1407,12.999999999999996,0.00027499999999999996,0.00023999999999999998,"[4.0, 8.0]",2.6362382830490656,4.299999999999999,1.1096336389159924,0.8148339336224064,2.4217408112403094,0.8352280772627231,0.0,0.0,0.0,"[(4.0, 7.999999999999986)]",4.049999999999986,True
13,3,1407,13.009999999999996,0.00027499999999999996,0.00023999999999999998,"[4.0, 8.0]",2.5631251841751004,4.0,0.5400364058124812,0.08003368715559322,2.563119271250105,0.8005572961072028,0.0,0.0,0.0,"[(4.0, 7.999999999999986)]",4.049999999999986,True
13,3,1407,13.019999999999996,0.00027499999999999996,0.00023999999999999998,"[4.0, 8.0]",2.104774451257521,4.0,0.6315199649123153,0.6316646536432714,2.1047557382803634,0.4759746966680935,0.0,0.0,0.0,"[(4.0, 7.999999999999986)]",4.049999999999986,True
13,3,1407,13.029999999999996,0.00027499999999999996,0.00023999999999999998,"[4.0, 8.0]",1.9584772048603503,6.499999999999991,1.2355521232716267,1.4233770923579259,1.958276016173692,0.6493295297621915,0.0,0.0,0.0,"[(4.0, 7.999999999999986)]",4.049999999999986,True
13,3,1407,13.039999999999996,0.00027499999999999996,0.00023999999999999998,"[4.0, 8.0]",2.249419289096601,6.549999999999991,1.7132997527734029,2.089307772126724,2.248028225416372,0.7319959520239666,0.0,0.0,0.0,"[(4.0, 7.999999999999986)]",4.049999999999986,True
13,3,1407,13.049999999999995,0.00027499999999999996,0.00023999999999999998,"[4.0, 8.0]",2.18642629082306,7.749999999999987,1.8468477479563796,2.001769592289249,2.075686238954565,0.4915496523037585,0.0,0.0,0.0,"[(4.0, 7.999999999999986)]",4.049999999999986,True
13,3,1407,13.059999999999995,0.00027499999999999996,0.00023999999999999998,"[4.0, 8.0]",2.1090917602880417,4.6999999999999975,1.40616223329342,1.3452309620858391,1.2654526436113116,0.42333205405275504,0.0,0.0,0.0,"[(4.0, 7.999999999999986)]",4.049999999999986,True
13,3,1407,13.069999999999995,0.00027499999999999996,0.00023999999999999998,"[4.0, 8.0]",2.0332964677309127,4.249999999999999,0.6539780479030957,0.345041072140592,2.0086530735315513,0.691723693367042,0.0,0.0,0.0,"[(4.0, 7.999999999999986)]",4.049999999999986,True
13,3,1407,13.079999999999995,0.00027499999999999996,0.00023999999999999998,"[4.0, 8.0]",1.9456779805334277,4.0,0.38648053481296607,0.20320013150779564,1.9455728617067947,0.5245500223606205,0.0,0.0,0.0,"[(4.0, 7.999999999999986)]",4.049999999999986,True
13,3,1407,13.089999999999995,0.00027499999999999996,0.00023999999999999998,"[4.0, 8.0]",1.3363886809056436,4.0,0.7261995661686111,0.8031284866314288,1.3359207159884112,0.40914934010838655,0.0,0.0,0.0,"[(4.0, 7.999999999999986)]",4.049999999999986,True
13,3,1407,13.099999999999994,0.00027499999999999996,0.00023999999999999998,"[4.0, 8.0]",1.8009906063188919,6.549999999999991,1.3184802949198835,1.6302387543233183,1.800923984755654,0.6040755007181225,0.0,0.0,0.0,"[(4.0, 7.999999999999986)]",4.049999999999986,True
13,3,1407,13.109999999999994,0.00027499999999999996,0.00023999999999999998,"[4.0, 8.0]",1.745989694196695,5.299999999999995,1.4478421193411013,1.5619782016375563,1.6868079743146034,0.4042113319200136,0.0,0.0,0.0,"[(4.0, 7.999999999999986)]",4.049999999999986,True
13,3,1407,13.119999999999994,0.00027499999999999996,0.00023999999999999998,"[4.0, 8.0]",1.681109140912738,4.6999999999999975,1.0546918239262988,1.010362729110404,1.103792228109184,0.3679939021962004,0.0,0.0,0.0,"[(4.0, 7.999999999999986)]",4.049999999999986,True
13,3,1407,13.129999999999994,0.00027499999999999996,0.00023999999999999998,"[4.0, 8.0]",1.6001056379762715,4.1499999999999995,0.376849131759068,0.062443419278145784,1.6000949203439752,0.5388039781851779,0.0,0.0,0.0,"[(4.0, 7.999999999999986)]",4.049999999999986,True
13,3,1407,13.139999999999993,0.00027499999999999996,0.00023999999999999998,"[4.0, 8.0]",1.3730997347857545,4.0,0.4381070415655719,0.4506014705597208,1.3728765545528985,0.31280449887721734,0.0,0.0,0.0,"[(4.0, 7.999999999999986)]",4.049999999999986,True
13,3,1407,13.149999999999993,0.00027499999999999996,0.00023999999999999998,"[4.0, 8.0]",1.4042739125096106,6.549999999999991,0.9317634714216709,1.1145961116308194,1.403825149502712,0.4755935254238442,0.0,0.0,0.0,"[(4.0, 7.999999999999986)]",4.049999999999986,True
13,3,1407,13.159999999999993,0.00027499999999999996,0.00023999999999999998,"[4.0, 8.0]",1.421733288567779,7.899999999999986,1.1560402171238933,1.2406724660067663,1.3883909319051793,0.33400682734814124,0.0,0.0,0.0,"[(4.0, 7.999999999999986)]",4.049999999999986,True
13,3,1407,13.169999999999993,0.00027499999999999996,0.00023999999999999998,"[4.0, 8.0]",1.3621343861801405,4.649999999999998,0.7619545718764691,0.7021240468448736,1.026686912290231,0.3433469942149819,0.0,0.0,0.0,"[(4.0, 7.999999999999986)]",4.049999999999986,True
13,3,1407,13.179999999999993,0.00027499999999999996,0.00023999999999999998,"[4.0, 8.0]",1.282090392161257,4.05,0.2679758241285898,0.11492569826221763,1.2820903784475657,0.3782884551007917,0.0,0.0,0.0,"[(4.0, 7.999999999999986)]",4.049999999999986,True
13,3,1407,13.189999999999992,0.00027499999999999996,0.00023999999999999998,"[4.0, 8.0]",0.9748380228840676,6.599999999999991,0.5944650475887291,0.6724824404593992,0.9742525775626685,0.32075981637863005,0.0,0.0,0.0,"[(4.0, 7.999999999999986)]",4.049999999999986,True
13,3,1407,13.199999999999992,0.00027499999999999996,0.00023999999999999998,"[4.0, 8.0]",1.197080329036853,7.599999999999987,0.9666165460590538,1.1348886316258928,1.1954634996883566,0.3628838826564888,0.0,0.0,0.0,"[(4.0, 7.999999999999986)]",4.049999999999986,True
13,3,1407,12.85,0.00027499999999999996,0.00026,"[4.0, 8.0]",7.345781695543458,4.0,1.6769545455626769,0.7004586591260129,7.345103958137368,2.1709639496060613,0.0,0.0,0.0,"[(4.0, 4.599999999999998)]",0.6499999999999977,True
13,3,1407,12.86,0.00027499999999999996,0.00026,"[4.0, 8.0]",6.043589631090676,4.0,2.250306851385427,2.4530599904958725,6.042894377114354,1.4645795163618818,0.0,0.0,0.0,"[(4.0, 4.349999999999999), (5.899999999999993, 6.9499999999999895)]",1.4999999999999947,True
13,3,1407,12.87,0.00027499999999999996,0.00026,"[4.0, 8.0]",5.301619866589061,6.449999999999991,3.642939304625395,4.2829304638098415,5.300565879794131,1.673613453143652,0.0,0.0,0.0,"[(4.0, 4.05), (4.949999999999997, 7.899999999999986)]",3.099999999999989,True
13,3,1407,12.879999999999999,0.00027499999999999996,0.00026,"[4.0, 8.0]",5.6536759676964525,6.9499999999999895,4.659967594079928,5.508161179406739,5.643769784127948,1.6385354725236418,0.0,0.0,0.0,"[(4.549999999999998, 7.999999999999986)]",3.4999999999999876,True
13,3,1407,12.889999999999999,0.00027499999999999996,0.00026,"[4.0, 8.0]",5.540241739089683,5.099999999999996,4.888275604088136,5.09438817429488,4.380943920994808,0.8778264752239254,0.0,0.0,0.0,"[(4.199999999999999, 7.999999999999986)]",3.8499999999999863,True
13,3,1407,12.899999999999999,0.00027499999999999996,0.00026,"[4.0, 8.0]",5.427051709345038,4.649999999999998,4.154065770516197,4.13144943991672,2.440139654254676,0.8279775957746887,0.0,0.0,0.0,"[(4.0, 7.999999999999986)]",4.049999999999986,True
13,3,1407,12.909999999999998,0.00027499999999999996,0.00026,"[4.0, 8.0]",5.3105623688625165,4.299999999999999,2.5984330373860933,2.1922473828839224,4.549206990101752,1.5692468902131456,0.0,0.0,0.0,"[(4.0, 5.399999999999995), (7.549999999999987, 7.999999999999986)]",1.949999999999993,True
13,3,1407,12.919999999999998,0.00027499999999999996,0.00026,"[4.0, 8.0]",5.162591949096135,4.0,1.1442048724320624,0.16546338719904571,5.162560337520228,1.59891343653192,0.0,0.0,0.0,"[(4.0, 4.799999999999997)]",0.849999999999997,True
13,3,1407,12.929999999999998,0.00027499999999999996,0.00026,"[4.0, 8.0]",4.149184657718717,4.0,1.312433856006392,1.3603841212103926,4.14881324247866,0.9599484986674247,0.0,0.0,0.0,"[(4.0, 4.499999999999998), (5.649999999999994, 7.299999999999988)]",2.249999999999992,True
13,3,1407,12.939999999999998,0.00027499999999999996,0.00026,"[4.0, 8.0]",3.68188687715359,6.449999999999991,2.385857719695564,2.7508983855388984,3.6809939710126978,1.1963261973540031,0.0,0.0,0.0,"[(4.0, 4.199999999999999), (4.799999999999997, 7.999999999999986)]",3.4999999999999876,True
13,3,1407,12.949999999999998,0.00027499999999999996,0.00026,"[4.0, 8.0]",4.221190472663066,6.499999999999991,3.2615662777631496,3.907754998606165,4.220221986533121,1.3162700514950512,0.0,0.0,0.0,"[(4.549999999999998, 7.999999999999986)]",3.4999999999999876,True
13,3,1407,12.959999999999997,0.00027499999999999996,0.00026,"[4.0, 8.0]",4.13576196193183,5.349999999999995,3.623775427905203,3.936501579260093,3.769170354330088,0.869792483132314,0.0,0.0,0.0,"[(4.199999999999999, 7.999999999999986)]",3.8499999999999863,True
13,3,1407,12.969999999999997,0.00027499999999999996,0.00026,"[4.0, 8.0]",4.028131798909468,4.749999999999997,3.1726511945245317,3.1455886335169616,1.8916291991977565,0.554894250318488,0.0,0.0,0.0,"[(4.0, 7.999999999999986)]",4.049999999999986,True
13,3,1407,12.979999999999997,0.00027499999999999996,0.00026,"[4.0, 8.0]",3.909242349716423,4.299999999999999,1.8218189461437755,1.4822915776612278,3.4159497103606333,1.177292439541215,0.0,0.0,0.0,"[(4.0, 5.799999999999994), (7.199999999999989, 7.999999999999986)]",2.6999999999999904,True
13,3,1407,12.989999999999997,0.00027499999999999996,0.00026,"[4.0, 8.0]",3.7690854513625798,4.0,0.7700330283384049,0.1574616773100003,3.7690519635881765,1.1373503583674422,0.0,0.0,0.0,"[(4.0, 4.9999999999999964), (7.999999999999986, 7.999999999999986)]",1.099999999999996,True
13,3,1407,12.999999999999996,0.00027499999999999996,0.00026,"[4.0, 8.0]",3.024181180365133,4.0,0.9330247081217136,0.9378490036152258,3.023592974641914,0.6883088063992896,0.0,0.0,0.0,"[(4.0, 4.899999999999997), (5.099999999999996, 7.899999999999986)]",3.7999999999999865,True
13,3,1407,13.009999999999996,0.00027499999999999996,0.00026,"[4.0, 8.0]",2.7672422156118293,6.499999999999991,1.7570899486278524,2.0376886533475695,2.7668794635502723,0.9094932401039769,0.0,0.0,0.0,"[(4.0, 7.999999999999986)]",4.049999999999986,True
13,3,1407,13.019999999999996,0.00027499999999999996,0.00026,"[4.0, 8.0]",3.237070625512546,6.74999999999999,2.5715553556293096,3.093480020965039,3.2342143312363683,0.9977342144207428,0.0,0.0,0.0,"[(4.299999999999999, 7.999999999999986)]",3.7499999999999867,True
13,3,1407,13.029999999999996,0.00027499999999999996,0.00026,"[4.0, 8.0]",3.131199698890297,7.949999999999986,2.6663664013136423,2.744537470317244,2.4396982663146627,0.49656214931982123,0.0,0.0,0.0,"[(4.0, 7.999999999999986)]",4.049999999999986,True
13,3,1407,13.039999999999996,0.00027499999999999996,0.00026,"[4.0, 8.0]",3.0357785993127746,4.549999999999998,1.9630961178022288,1.9192541477187373,1.9369750865619562,0.6547028463891278,0.0,0.0,0.0,"[(4.0, 7.999999999999986)]",4.049999999999986,True
13,3,1407,13.049999999999995,0.00027499999999999996,0.00026,"[4.0, 8.0]",2.9402087996123916,4.1499999999999995,0.9323466901854487,0.5073967539723502,2.904584034315551,0.9880827669049227,0.0,0.0,0.0,"[(4.0, 7.999999999999986)]",4.049999999999986,True
13,3,1407,13.059999999999995,0.00027499999999999996,0.00026,"[4.0, 8.0]",2.597358601082985,4.0,0.5902355026780799,0.4811228836393208,2.5971831464430006,0.6133687028944187,0.0,0.0,0.0,"[(4.0, 7.999999999999986)]",4.049999999999986,True
13,3,1407,13.069999999999995,0.00027499999999999996,0.00026,"[4.0, 8.0]",2.117339505846156,6.549999999999991,1.3191125307846263,1.4917421098023063,2.117318593482647,0.6979984579586942,0.0,0.0,0.0,"[(4.0, 7.999999999999986)]",4.049999999999986,True
13,3,1407,13.079999999999995,0.00027499999999999996,0.00026,"[4.0, 8.0]",2.556558722553048,6.549999999999991,1.9576155618583524,2.3861427178498924,2.5565357952530405,0.8263398247358795,0.0,0.0,0.0,"[(4.0, 7.999999999999986)]",4.049999999999986,True
13,3,1407,13.089999999999995,0.00027499999999999996,0.00026,"[4.0, 8.0]",2.466994401062925,7.949999999999986,2.0741466507210684,2.160240052918831,2.1094673142833766,0.4480688492998857,0.0,0.0,0.0,"[(4.0, 7.999999999999986)]",4.049999999999986,True
13,3,1407,13.099999999999994,0.00027499999999999996,0.00026,"[4.0, 8.0]",2.3576369686197713,4.449999999999998,1.2248651547436158,1.051954246538966,1.910614010008156,0.6567108298479023,0.0,0.0,0.0,"[(4.0, 7.999999999999986)]",4.049999999999986,True
13,3,1407,13.109999999999994,0.00027499999999999996,0.00026,"[4.0, 8.0]",2.264628698537801,4.05,0.4817328544242494,0.0697169002213913,2.2646264196213153,0.721130956575918,0.0,0.0,0.0,"[(4.0, 7.999999999999986)]",4.049999999999986,True
13,3,1407,13.119999999999994,0.00027499999999999996,0.00026,"[4.0, 8.0]",1.7408740910583054,4.0,0.6657597140754646,0.7031726478466442,1.7404139832492407,0.4176056846642355,0.0,0.0,0.0,"[(4.0, 7.999999999999986)]",4.049999999999986,True
13,3,1407,13.129999999999994,0.00027499999999999996,0.00026,"[4.0, 8.0]",2.048345131601405,6.549999999999991,1.4809763128658806,1.8179203431768034,2.04824677779813,0.6879501714457181,0.0,0.0,0.0,"[(4.0, 7.999999999999986)]",4.049999999999986,True
13,3,1407,13.139999999999993,0.00027499999999999996,0.00026,"[4.0, 8.0]",1.990056564892019,7.899999999999986,1.6587579082368542,1.7682668372621533,1.8464616406626762,0.41996039773910127,0.0,0.0,0.0,"[(4.0, 7.999999999999986)]",4.049999999999986,True
13,3,1407,13.149999999999993,0.00027499999999999996,0.00026,"[4.0, 8.0]",1.9001844351013628,4.549999999999998,1.0311120639045679,0.9433880901652663,1.4804327587208395,0.5036544183328893,0.0,0.0,0.0,"[(4.0, 7.999999999999986)]",4.049999999999986,True
13,3,1407,13.159999999999993,0.00027499999999999996,0.00026,"[4.0, 8.0]",1.7818917140889492,4.0,0.35814581053206607,0.18059057156933106,1.7816965332774761,0.4913654635523576,0.0,0.0,0.0,"[(4.0, 7.999999999999986)]",4.049999999999986,True
13,3,1407,13.169999999999993,0.00027499999999999996,0.00026,"[4.0, 8.0]",1.2707463669817352,6.599999999999991,0.768972336656427,0.8500736891784073,1.2705085016465825,0.41749522432674185,0.0,0.0,0.0,"[(4.0, 7.999999999999986)]",4.049999999999986,True
13,3,1407,13.179999999999993,0.00027499999999999996,0.00026,"[4.0, 8.0]",1.657642648332395,7.549999999999987,1.360438791512893,1.59273000363759,1.6549973278726653,0.4876698333244862,0.0,0.0,0.0,"[(4.0, 7.999999999999986)]",4.049999999999986,True
13,3,1407,13.189999999999992,0.00027499999999999996,0.00026,"[4.0, 8.0]",1.5722355872396652,4.6999999999999975,0.9800762895659413,0.9250664824285912,1.0318377975690018,0.34354191655278854,0.0,0.0,0.0,"[(4.0, 7.999999999999986)]",4.049999999999986,True
13,3,1407,13.199999999999992,0.00027499999999999996,0.00026,"[4.0, 8.0]",1.4763216488494044,4.05,0.3055213132065973,0.0927741521931133,1.476249972592038,0.45412807433529373,0.0,0.0,0.0,"[(4.0, 7.999999999999986)]",4.049999999999986,True
13,3,1407,12.85,0.00027499999999999996,0.00028,"[4.0, 8.0]",21.16081789877377,4.0,9.838733084080415,10.36245974808688,21.06627313878693,5.0690181932365705,0.14814814814814814,0.1111111111111111,0.04938271604938271,"[(4.0, 4.349999999999999)]",0.3999999999999986,True
13,3,1407,12.86,0.00027499999999999996,0.00028,"[4.0, 8.0]",15.910356352530142,4.0,11.226406151449645,12.221273025585317,15.864425210191667,2.875014888382299,0.012345679012345678,0.0,0.0,"[(4.0, 4.1)]",0.14999999999999947,True
13,3,1407,12.87,0.00027499999999999996,0.00028,"[4.0, 8.0]",12.441664001136104,4.649999999999998,9.038605180361358,8.989969780515844,10.700664876749052,2.3677268679073094,0.0,0.0,0.0,"[(4.249999999999999, 5.449999999999995), (7.399999999999988, 7.999999999999986)]",1.8999999999999932,True
13,3,1407,12.879999999999999,0.00027499999999999996,0.00028,"[4.0, 8.0]",12.21283481947106,4.1499999999999995,3.761131868345706,1.3881728199285883,12.2122554235021,4.125169432911185,0.0,0.0,0.0,"[(4.0, 4.649999999999998)]",0.6999999999999975,True
13,3,1407,12.889999999999999,0.00027499999999999996,0.00028,"[4.0, 8.0]",10.742287496220316,4.0,5.144628824630329,5.892989281986674,10.740290368967853,2.6109395935265516,0.0,0.0,0.0,"[(4.0, 4.249999999999999)]",0.29999999999999893,True
13,3,1407,12.899999999999999,0.00027499999999999996,0.00028,"[4.0, 8.0]",8.572687491751022,6.299999999999992,6.90619729731592,8.199473006195074,8.56970962808467,2.466089078392678,0.0,0.0,0.0,"[(4.849999999999997, 7.999999999999986)]",3.1999999999999886,True
13,3,1407,12.909999999999998,0.00027499999999999996,0.00028,"[4.0, 8.0]",8.401995119746882,7.849999999999986,7.356908208121654,7.690454647359654,7.396024251125379,1.414029391073065,0.0,0.0,0.0,"[(4.349999999999999, 7.999999999999986)]",3.699999999999987,True
13,3,1407,12.919999999999998,0.00027499999999999996,0.00028,"[4.0, 8.0]",8.207244547957268,4.449999999999998,5.348403125522271,5.192464025774295,5.348215443762417,1.8359342509092849,0.0,0.0,0.0,"[(4.0, 5.399999999999995), (7.499999999999988, 7.999999999999986)]",1.999999999999993,True
13,3,1407,12.929999999999998,0.00027499999999999996,0.00028,"[4.0, 8.0]",7.983524548535021,4.0,1.9500716211811877,0.43325885485020926,7.982953546721125,2.5431620167520617,0.0,0.0,0.0,"[(4.0, 4.649999999999998)]",0.6999999999999975,True
13,3,1407,12.939999999999998,0.00027499999999999996,0.00028,"[4.0, 8.0]",6.134706024558318,4.0,2.7612956682563254,3.0745000536289817,6.128334252197179,1.5581174075963125,0.0,0.0,0.0,"[(4.0, 4.299999999999999), (5.699999999999994, 7.2499999999999885)]",1.949999999999993,True
13,3,1407,12.949999999999998,0.00027499999999999996,0.00028,"[4.0, 8.0]",6.064920628161666,6.449999999999991,4.448132689842521,5.326911886824791,6.056256245662214,1.9082446328102973,0.0,0.0,0.0,"[(4.849999999999997, 7.999999999999986)]",3.1999999999999886,True
13,3,1407,12.959999999999997,0.00027499999999999996,0.00028,"[4.0, 8.0]",6.110876745229033,7.499999999999988,5.364471081621077,5.933866939205061,5.883992676063469,1.3982802524173654,0.0,0.0,0.0,"[(4.399999999999999, 7.999999999999986)]",3.649999999999987,True
13,3,1407,12.969999999999997,0.00027499999999999996,0.00028,"[4.0, 8.0]",5.943697673832449,4.6999999999999975,4.777364621582965,4.767739124794184,2.297069192601586,0.755756601649687,0.0,0.0,0.0,"[(4.0, 7.999999999999986)]",4.049999999999986,True
13,3,1407,12.979999999999997,0.00027499999999999996,0.00028,"[4.0, 8.0]",5.757452094220291,4.1499999999999995,2.3086448056447195,1.701896021200162,5.413657673524043,1.843307624371189,0.0,0.0,0.0,"[(4.0, 5.149999999999996), (7.7999999999999865, 7.999999999999986)]",1.4499999999999948,True
13,3,1407,12.989999999999997,0.00027499999999999996,0.00028,"[4.0, 8.0]",5.185354755570891,4.0,1.1327233711498876,0.7997700566129229,5.184938483477806,1.3146155273812563,0.0,0.0,0.0,"[(4.0, 4.599999999999998)]",0.6499999999999977,True
13,3,1407,12.999999999999996,0.00027499999999999996,0.00028,"[4.0, 8.0]",3.568066330873305,6.499999999999991,2.228287564114355,2.5310523892932553,3.567514746435862,1.1535926075508047,0.0,0.0,0.0,"[(4.0, 4.399999999999999), (4.949999999999997, 7.999999999999986)]",3.5499999999999874,True
13,3,1407,13.009999999999996,0.00027499999999999996,0.00028,"[4.0, 8.0]",4.639162960085682,6.499999999999991,3.523736376120138,4.250112372490275,4.633851984558835,1.46565512288774,0.0,0.0,0.0,"[(4.649999999999998, 7.999999999999986)]",3.399999999999988,True
13,3,1407,13.019999999999996,0.00027499999999999996,0.00028,"[4.0, 8.0]",4.535427220275705,7.849999999999986,4.002535783892843,4.175666169114689,3.483759169542277,0.7166829149896448,0.0,0.0,0.0,"[(4.1, 7.999999999999986)]",3.949999999999986,True
13,3,1407,13.029999999999996,0.00027499999999999996,0.00028,"[4.0, 8.0]",4.37178573423905,4.449999999999998,2.7980767124988044,2.668746089465797,2.835818499378291,0.9716399977425486,0.0,0.0,0.0,"[(4.0, 7.999999999999986)]",4.049999999999986,True
13,3,1407,13.039999999999996,0.00027499999999999996,0.00028,"[4.0, 8.0]",4.227557187669456,4.05,1.1217163821009435,0.43604741156633203,4.227557072637497,1.3901292560600522,0.0,0.0,0.0,"[(4.0, 5.149999999999996), (7.899999999999986, 7.999999999999986)]",1.3499999999999952,True
13,3,1407,13.049999999999995,0.00027499999999999996,0.00028,"[4.0, 8.0]",3.463303247718754,4.0,0.9456687857301374,0.9037394328716454,3.4613697535728396,0.7846369219017482,0.0,0.0,0.0,"[(4.0, 4.6999999999999975), (5.5499999999999945, 7.499999999999988)]",2.7499999999999902,True
13,3,1407,13.059999999999995,0.00027499999999999996,0.00028,"[4.0, 8.0]",3.3136610674488147,6.549999999999991,2.224017956263241,2.6529409114958327,3.3127611111084048,1.100096003988309,0.0,0.0,0.0,"[(4.0, 4.1499999999999995), (4.649999999999998, 7.999999999999986)]",3.599999999999987,True
13,3,1407,13.069999999999995,0.00027499999999999996,0.00028,"[4.0, 8.0]",3.555023440540719,7.499999999999988,3.064132488047735,3.4556686935514453,3.427963018299931,0.8766031140211017,0.0,0.0,0.0,"[(4.1499999999999995, 7.999999999999986)]",3.899999999999986,True
13,3,1407,13.079999999999995,0.00027499999999999996,0.00028,"[4.0, 8.0]",3.432589059422621,4.799999999999997,2.6948810659009146,2.6823277868716957,1.7013381767046039,0.46742941427971196,0.0,0.0,0.0,"[(4.0, 7.999999999999986)]",4.049999999999986,True
13,3,1407,13.089999999999995,0.00027499999999999996,0.00028,"[4.0, 8.0]",3.294064805960249,4.199999999999999,1.2668132630849431,0.8533432033815825,3.1059566224986677,1.067506442696501,0.0,0.0,0.0,"[(4.0, 6.049999999999993), (6.999999999999989, 7.999999999999986)]",3.149999999999989,True
13,3,1407,13.099999999999994,0.00027499999999999996,0.00028,"[4.0, 8.0]",2.752128594788759,4.0,0.6893011481552228,0.6402396797093396,2.7513809864404024,0.6272210929362871,0.0,0.0,0.0,"[(4.0, 7.999999999999986)]",4.049999999999986,True
13,3,1407,13.109999999999994,0.00027499999999999996,0.00028,"[4.0, 8.0]",2.508807618219691,6.549999999999991,1.6181861738658323,1.9175784215736615,2.5069376389070257,0.8366112481357187,0.0,0.0,0.0,"[(4.0, 7.999999999999986)]",4.049999999999986,True
13,3,1407,13.119999999999994,0.00027499999999999996,0.00028,"[4.0, 8.0]",2.8347967912425593,7.349999999999988,2.3643459688589648,2.7874711907934713,2.8305676546907765,0.8046636465218198,0.0,0.0,0.0,"[(4.0, 7.999999999999986)]",4.049999999999986,True
13,3,1407,13.129999999999994,0.00027499999999999996,0.00028,"[4.0, 8.0]",2.6860036484191605,4.649999999999998,1.8461258375495224,1.7912200057366765,1.5173662744556138,0.5063100395036124,0.0,0.0,0.0,"[(4.0, 7.999999999999986)]",4.049999999999986,True
13,3,1407,13.139999999999993,0.00027499999999999996,0.00028,"[4.0, 8.0]",2.565075124314957,4.1,0.6771240527551401,0.2355466940862994,2.565068409708381,0.8645726015161744,0.0,0.0,0.0,"[(4.0, 7.999999999999986)]",4.049999999999986,True
13,3,1407,13.149999999999993,0.00027499999999999996,0.00028,"[4.0, 8.0]",1.9335237038023847,4.0,0.712191912977664,0.7699415886478361,1.9332011513290328,0.45346465017017745,0.0,0.0,0.0,"[(4.0, 7.999999999999986)]",4.049999999999986,True
13,3,1407,13.159999999999993,0.00027499999999999996,0.00028,"[4.0, 8.0]",2.321324206563265,6.599999999999991,1.7627368263426997,2.1525909584509537,2.3211236215412288,0.7599694474363696,0.0,0.0,0.0,"[(4.0, 7.999999999999986)]",4.049999999999986,True
13,3,1407,13.169999999999993,0.00027499999999999996,0.00028,"[4.0, 8.0]",2.2213047840212115,5.049999999999996,1.8115566544147217,1.8502451876812769,1.7449536764555922,0.35701637267203945,0.0,0.0,0.0,"[(4.0, 7.999999999999986)]",4.049999999999986,True
13,3,1407,13.179999999999993,0.00027499999999999996,0.00028,"[4.0, 8.0]",2.0794220404114845,4.199999999999999,0.6161641240500287,0.266628012020396,2.0693708658665,0.713587799774186,0.0,0.0,0.0,"[(4.0, 7.999999999999986)]",4.049999999999986,True
13,3,1407,13.189999999999992,0.00027499999999999996,0.00028,"[4.0, 8.0]",1.593851948664065,4.0,0.5984138755582801,0.635211558750636,1.5937661802246725,0.37604714761351726,0.0,0.0,0.0,"[(4.0, 7.999999999999986)]",4.049999999999986,True
13,3,1407,13.199999999999992,0.00027499999999999996,0.00028,"[4.0, 8.0]",1.907736077746717,6.84999999999999,1.4729139116384198,1.8170724894524184,1.9076883774650104,0.6271653062917616,0.0,0.0,0.0,"[(4.0, 7.999999999999986)]",4.049999999999986,True
13,3,1407,12.85,0.00027499999999999996,0.0003,"[4.0, 8.0]",6.426690170339324,7.999999999999986,3.517066651726349,3.9041811194331717,6.42519961058102,2.235077663983185,0.0,0.0,0.0,"[(5.799999999999994, 7.999999999999986)]",2.249999999999992,True
13,3,1407,12.86,0.00027499999999999996,0.0003,"[4.0, 8.0]",9.219403629426528,7.999999999999986,6.265520836005332,7.070776644824225,8.286753900298399,2.67911574154773,0.0,0.0,0.0,"[(5.699999999999994, 7.999999999999986)]",2.3499999999999917,True
13,3,1407,12.87,0.00027499999999999996,0.0003,"[4.0, 8.0]",12.312861201254645,7.599999999999987,9.495899897223184,10.481825928567432,8.910880280680594,2.7822313613633947,0.0,0.0,0.0,"[(5.599999999999994, 7.999999999999986)]",2.4499999999999913,True
13,3,1407,12.879999999999999,0.00027499999999999996,0.0003,"[4.0, 8.0]",15.51626000096437,7.549999999999987,12.81487016350145,13.886040799147121,9.02451300888056,2.7795416314986285,0.3333333333333333,0.0,0.0,"[(5.499999999999995, 7.999999999999986)]",2.549999999999991,True
13,3,1407,12.889999999999999,0.00027499999999999996,0.0003,"[4.0, 8.0]",18.59271787694717,7.549999999999987,15.963425714639214,17.081798929790352,9.051668569027417,2.770406088292302,0.6790123456790124,0.5061728395061729,0.0,"[(5.449999999999995, 7.999999999999986)]",2.5999999999999908,True
13,3,1407,12.899999999999999,0.00027499999999999996,0.0003,"[4.0, 8.0]",21.458912205223953,7.549999999999987,18.87462810869684,19.981339642415662,9.008954199160744,2.7313818257530897,0.8641975308641975,0.7407407407407407,0.49382716049382713,"[(5.449999999999995, 7.999999999999986)]",2.5999999999999908,True
13,3,1407,12.909999999999998,0.00027499999999999996,0.0003,"[4.0, 8.0]",23.969101544235873,7.599999999999987,21.431251560661867,22.32158673974892,8.593306874987395,2.5222984229621006,1.0,0.9135802469135802,0.7283950617283951,"[(5.399999999999995, 7.999999999999986)]",2.6499999999999906,True
13,3,1407,12.919999999999998,0.00027499999999999996,0.0003,"[4.0, 8.0]",25.606663223464775,7.999999999999986,22.46087280833683,22.296613358358435,7.243411710297316,1.7093796759431654,1.0,1.0,0.9012345679012346,"[(6.499999999999991, 7.999999999999986)]",1.5499999999999945,True
13,3,1407,12.929999999999998,0.00027499999999999996,0.0003,"[4.0, 8.0]",22.894854761636232,7.999999999999986,16.285565021627605,16.70867496779622,13.235487576285056,4.222657928360057,0.6049382716049383,0.49382716049382713,0.30864197530864196,"[(4.0, 4.849999999999997), (7.699999999999987, 7.999999999999986)]",1.2499999999999956,True
13,3,1407,12.939999999999998,0.00027499999999999996,0.0003,"[4.0, 8.0]",19.90224343410296,4.0,10.398395919789209,11.787793366234531,19.896943505889467,4.723297268939075,0.1111111111111111,0.08641975308641975,0.0,"[(4.0, 4.299999999999999)]",0.34999999999999876,True
13,3,1407,12.949999999999998,0.00027499999999999996,0.0003,"[4.0, 8.0]",13.207642512825998,5.099999999999996,11.252037517736612,11.978191815460288,13.203201848067279,2.762940232382231,0.0,0.0,0.0,"[(4.549999999999998, 7.999999999999986)]",3.4999999999999876,True
13,3,1407,12.959999999999997,0.00027499999999999996,0.0003,"[4.0, 8.0]",12.919619516011362,4.349999999999999,5.963166615766427,5.386512924220898,12.391189448121928,4.334402198618162,0.0,0.0,0.0,"[(4.0, 4.949999999999997), (7.999999999999986, 7.999999999999986)]",1.0499999999999963,True
13,3,1407,12.969999999999997,0.00027499999999999996,0.0003,"[4.0, 8.0]",11.430431737868753,4.0,5.333057349030865,6.051506103146339,11.413377519308074,2.73877863335301,0.0,0.0,0.0,"[(4.0, 4.249999999999999)]",0.29999999999999893,True
13,3,1407,12.979999999999997,0.00027499999999999996,0.0003,"[4.0, 8.0]",9.067156221826952,5.599999999999994,7.802503288621133,8.890030633405493,9.064057320988626,2.4255089335238305,0.0,0.0,0.0,"[(4.599999999999998, 7.999999999999986)]",3.4499999999999877,True
13,3,1407,12.989999999999997,0.00027499999999999996,0.0003,"[4.0, 8.0]",8.793666160543346,4.549999999999998,6.5440313585123855,6.545397859216173,4.315940254409249,1.451748710912526,0.0,0.0,0.0,"[(4.0, 5.699999999999994), (7.299999999999988, 7.999999999999986)]",2.499999999999991,True
13,3,1407,12.999999999999996,0.00027499999999999996,0.0003,"[4.0, 8.0]",8.532642472111444,4.0,2.2210233264898798,0.5869799313436992,8.532175446928436,2.8141456832650102,0.0,0.0,0.0,"[(4.0, 4.6999999999999975)]",0.7499999999999973,True
13,3,1407,13.009999999999996,0.00027499999999999996,0.0003,"[4.0, 8.0]",6.0240861803584425,4.0,3.2406226233583233,3.7216883656970365,6.023376535276859,1.6476026781227462,0.0,0.0,0.0,"[(4.0, 4.299999999999999), (5.449999999999995, 7.549999999999987)]",2.499999999999991,True
13,3,1407,13.019999999999996,0.00027499999999999996,0.0003,"[4.0, 8.0]",6.675191882809804,6.84999999999999,5.560988655562163,6.515719596624852,6.674156491591701,1.8863478909706388,0.0,0.0,0.0,"[(4.599999999999998, 7.999999999999986)]",3.4499999999999877,True
13,3,1407,13.029999999999996,0.00027499999999999996,0.0003,"[4.0, 8.0]",6.425618027709556,4.749999999999997,5.296512217393249,5.284453991831236,2.2691440135110392,0.7253191853780424,0.0,0.0,0.0,"[(4.0, 7.999999999999986)]",4.049999999999986,True
13,3,1407,13.039999999999996,0.00027499999999999996,0.0003,"[4.0, 8.0]",6.204156105222087,4.1,2.3756309527631716,1.6978251712239278,5.8946092953876095,1.9881561324586396,0.0,0.0,0.0,"[(4.0, 5.099999999999996), (7.949999999999986, 7.999999999999986)]",1.2499999999999956,True
13,3,1407,13.049999999999995,0.00027499999999999996,0.0003,"[4.0, 8.0]",5.133042956759754,4.0,1.3807272851763357,1.284033619057137,5.130619583076337,1.1940699562308124,0.0,0.0,0.0,"[(4.0, 4.499999999999998)]",0.549999999999998,True
13,3,1407,13.059999999999995,0.00027499999999999996,0.0003,"[4.0, 8.0]",4.87757735532645,6.549999999999991,3.492768327720385,4.2038110614888335,4.873476961161428,1.5870922926781186,0.0,0.0,0.0,"[(4.799999999999997, 7.999999999999986)]",3.2499999999999885,True
13,3,1407,13.069999999999995,0.00027499999999999996,0.0003,"[4.0, 8.0]",4.959918620148672,7.849999999999986,4.436218736354595,4.632890363082972,3.646707455377316,0.7545595320496397,0.0,0.0,0.0,"[(4.1, 7.999999999999986)]",3.949999999999986,True
13,3,1407,13.079999999999995,0.00027499999999999996,0.0003,"[4.0, 8.0]",4.7739679176276715,4.449999999999998,3.118526463096145,2.9618561078886483,2.9739736158444647,1.0202095243876186,0.0,0.0,0.0,"[(4.0, 7.999999999999986)]",4.049999999999986,True
13,3,1407,13.089999999999995,0.00027499999999999996,0.0003,"[4.0, 8.0]",4.485399947321272,4.0,0.9135217769335081,0.15442057715120525,4.4849529256884875,1.3578429064944246,0.0,0.0,0.0,"[(4.0, 4.899999999999997)]",0.9499999999999966,True
13,3,1407,13.099999999999994,0.00027499999999999996,0.0003,"[4.0, 8.0]",3.1509498912928455,6.549999999999991,1.9831259292690304,2.2793051053770323,3.150939016345654,1.0305340653713841,0.0,0.0,0.0,"[(4.0, 4.399999999999999), (4.749999999999997, 7.999999999999986)]",3.7499999999999867,True
13,3,1407,13.109999999999994,0.00027499999999999996,0.0003,"[4.0, 8.0]",3.9563051442086214,6.999999999999989,3.292006980522461,3.8734331008782097,3.94249272219687,1.108158522213449,0.0,0.0,0.0,"[(4.349999999999999, 7.999999999999986)]",3.699999999999987,True
13,3,1407,13.119999999999994,0.00027499999999999996,0.0003,"[4.0, 8.0]",3.784331863132062,4.799999999999997,3.051231690268145,3.0428104782010674,1.7179458176441758,0.4633939750470551,0.0,0.0,0.0,"[(4.0, 7.999999999999986)]",4.049999999999986,True
13,3,1407,13.129999999999994,0.00027499999999999996,0.0003,"[4.0, 8.0]",3.563863595284509,4.0,0.8756759715433622,0.2679299759804136,3.563854885371314,1.158484422553322,0.0,0.0,0.0,"[(4.0, 5.299999999999995), (7.7999999999999865, 7.999999999999986)]",1.5999999999999943,True
13,3,1407,13.139999999999993,0.00027499999999999996,0.0003,"[4.0, 8.0]",2.311804609107818,4.0,1.0794180471506234,1.1630822878303058,2.3109410066290255,0.6193247403723853,0.0,0.0,0.0,"[(4.0, 7.999999999999986)]",4.049999999999986,True
13,3,1407,13.149999999999993,0.00027499999999999996,0.0003,"[4.0, 8.0]",3.172529326500957,6.599999999999991,2.420868812636606,2.9192846729453525,3.1707325195862666,1.0111997329344002,0.0,0.0,0.0,"[(4.299999999999999, 7.999999999999986)]",3.7499999999999867,True
13,3,1407,13.159999999999993,0.00027499999999999996,0.0003,"[4.0, 8.0]",2.998598539188229,4.749999999999997,2.273649947716513,2.2413623967131233,1.3501925713884204,0.4416009727147605,0.0,0.0,0.0,"[(4.0, 7.999999999999986)]",4.049999999999986,True
13,3,1407,13.169999999999993,0.00027499999999999996,0.0003,"[4.0, 8.0]",2.847892361678361,4.1,0.8106123099543413,0.34886783202230515,2.8357028950250864,0.9546085410097543,0.0,0.0,0.0,"[(4.0, 7.999999999999986)]",4.049999999999986,True
13,3,1407,13.179999999999993,0.00027499999999999996,0.0003,"[4.0, 8.0]",1.8489543772069914,6.599999999999991,1.119968359763166,1.265343870243985,1.8485805713395331,0.606392993944379,0.0,0.0,0.0,"[(4.0, 7.999999999999986)]",4.049999999999986,True
13,3,1407,13.189999999999992,0.00027499999999999996,0.0003,"[4.0, 8.0]",2.557281569983829,5.799999999999994,2.1310180967528543,2.5167579936405464,2.5486460881614885,0.7273779462824388,0.0,0.0,0.0,"[(4.0, 7.999999999999986)]",4.049999999999986,True
13,3,1407,13.199999999999992,0.00027499999999999996,0.0003,"[4.0, 8.0]",2.386764420661564,4.499999999999998,1.366866611431076,1.2256836978781085,1.7482292986589818,0.600042499592565,0.0,0.0,0.0,"[(4.0, 7.999999999999986)]",4.049999999999986,True
13,3,1407,12.85,0.00027499999999999996,0.00031999999999999997,"[4.0, 8.0]",18.851146360508512,4.849999999999997,17.593716215374393,18.109508406446285,4.39257382980497,1.3096515381028087,0.9506172839506173,0.7037037037037037,0.0,"[(4.0, 7.399999999999988)]",3.4499999999999877,True
13,3,1407,12.86,0.00027499999999999996,0.00031999999999999997,"[4.0, 8.0]",17.465596579777024,4.499999999999998,16.138832906906217,16.610188622525307,4.442765023506462,1.3326092554802191,0.7777777777777778,0.4074074074074074,0.0,"[(4.0, 7.349999999999988)]",3.399999999999988,True
13,3,1407,12.87,0.00027499999999999996,0.00031999999999999997,"[4.0, 8.0]",15.934803665893199,4.499999999999998,14.512446009322604,14.9332692410587,4.52702772444546,1.3661453677442275,0.48148148148148145,0.0,0.0,"[(4.0, 7.299999999999988)]",3.349999999999988,True
13,3,1407,12.879999999999999,0.00027499999999999996,0.00031999999999999997,"[4.0, 8.0]",14.328449583380625,4.299999999999999,12.778721522689603,13.150150173277869,4.657893776321476,1.4136662420838193,0.0,0.0,0.0,"[(4.0, 7.199999999999989)]",3.2499999999999885,True
13,3,1407,12.889999999999999,0.00027499999999999996,0.00031999999999999997,"[4.0, 8.0]",12.750348185290974,4.199999999999999,11.01830730922206,11.336431405303548,4.869632736206555,1.4784382084815015,0.0,0.0,0.0,"[(4.0, 7.049999999999989)]",3.099999999999989,True
13,3,1407,12.899999999999999,0.00027499999999999996,0.00031999999999999997,"[4.0, 8.0]",11.1665704360702,4.1,9.203226272270523,9.468641289975961,5.154757562865779,1.567684392495032,0.0,0.0,0.0,"[(4.0, 6.84999999999999)]",2.8999999999999897,True
13,3,1407,12.909999999999998,0.00027499999999999996,0.00031999999999999997,"[4.0, 8.0]",9.45685575784608,4.0,7.1659751454602825,7.364228065311923,5.560655105138579,1.6949262596204315,0.0,0.0,0.0,"[(4.0, 6.549999999999991)]",2.5999999999999908,True
13,3,1407,12.919999999999998,0.00027499999999999996,0.00031999999999999997,"[4.0, 8.0]",7.441122432066537,4.0,4.691450525681508,4.762909188347001,5.955656266149489,1.8457144879438774,0.0,0.0,0.0,"[(4.0, 6.199999999999992)]",2.249999999999992,True
13,3,1407,12.929999999999998,0.00027499999999999996,0.00031999999999999997,"[4.0, 8.0]",5.02198042632159,4.0,2.0061082813506386,1.6591766477842018,5.021731477471426,1.6770187718606338,0.0,0.0,0.0,"[(4.0, 5.749999999999994)]",1.7999999999999936,True
13,3,1407,12.939999999999998,0.00027499999999999996,0.00031999999999999997,"[4.0, 8.0]",2.3900377874623495,4.0,0.9036971732865798,0.8326251990611677,2.3896142273657257,0.7010250281105882,0.0,0.0,0.0,"[(4.0, 7.999999999999986)]",4.049999999999986,True
13,3,1407,12.949999999999998,0.00027499999999999996,0.00031999999999999997,"[4.0, 8.0]",5.639945580777999,7.999999999999986,2.668908414649054,2.745315594798678,5.639104868888097,2.0419165199922666,0.0,0.0,0.0,"[(5.999999999999993, 7.999999999999986)]",2.0499999999999927,True
13,3,1407,12.959999999999997,0.00027499999999999996,0.00031999999999999997,"[4.0, 8.0]",9.594163803038104,7.999999999999986,6.358277048904952,7.216347688261459,8.898549732219049,2.8897982403822575,0.0,0.0,0.0,"[(5.799999999999994, 7.999999999999986)]",2.249999999999992,True
13,3,1407,12.969999999999997,0.00027499999999999996,0.00031999999999999997,"[4.0, 8.0]",14.012424316628993,7.649999999999987,11.034981231358435,12.08362325174181,9.478282955892233,2.927256707357514,0.0,0.0,0.0,"[(5.649999999999994, 7.999999999999986)]",2.3999999999999915,True
13,3,1407,12.979999999999997,0.00027499999999999996,0.00031999999999999997,"[4.0, 8.0]",18.777434131296175,7.599999999999987,15.999607223404407,17.079086791202954,9.257931683386955,2.8247954158844264,0.6790123456790124,0.5061728395061729,0.0,"[(5.5499999999999945, 7.999999999999986)]",2.499999999999991,True
13,3,1407,12.989999999999997,0.00027499999999999996,0.00031999999999999997,"[4.0, 8.0]",22.82948231929618,7.649999999999987,20.15723449869343,21.051355473885888,8.759348411961456,2.5976952022093704,0.9506172839506173,0.8395061728395061,0.6172839506172839,"[(5.499999999999995, 7.999999999999986)]",2.549999999999991,True
13,3,1407,12.999999999999996,0.00027499999999999996,0.00031999999999999997,"[4.0, 8.0]",24.82782155634718,7.999999999999986,21.500099026122513,21.218733238613872,7.034334904344373,1.6288969128821669,1.0,1.0,0.8518518518518519,"[(6.69999999999999, 7.999999999999986)]",1.3499999999999952,True
13,3,1407,13.009999999999996,0.00027499999999999996,0.00031999999999999997,"[4.0, 8.0]",20.0563918069161,4.1,9.355405549725404,9.34409981696074,20.055545888733082,7.5720920415703485,0.32098765432098764,0.24691358024691357,0.06172839506172839,"[(4.0, 4.799999999999997), (7.899999999999986, 7.999999999999986)]",0.9999999999999964,True
13,3,1407,13.019999999999996,0.00027499999999999996,0.00031999999999999997,"[4.0, 8.0]",13.856422907982589,5.349999999999995,12.107450938417893,13.287118742157713,13.766852095715741,3.156793543540089,0.0,0.0,0.0,"[(4.0, 4.0), (4.6999999999999975, 7.999999999999986)]",3.399999999999988,True
13,3,1407,13.029999999999996,0.00027499999999999996,0.00031999999999999997,"[4.0, 8.0]",13.385436774828728,4.1,4.213843072608218,1.6252271518078567,13.384429902360969,4.68146726962169,0.0,0.0,0.0,"[(4.0, 4.649999999999998)]",0.6999999999999975,True
13,3,1407,13.039999999999996,0.00027499999999999996,0.00031999999999999997,"[4.0, 8.0]",9.44721240924993,6.499999999999991,7.193969849288028,8.415009173510276,9.439899384604487,2.714544450718928,0.0,0.0,0.0,"[(4.0, 4.05), (5.099999999999996, 7.899999999999986)]",2.9499999999999895,True
13,3,1407,13.049999999999995,0.00027499999999999996,0.00031999999999999997,"[4.0, 8.0]",9.43201678984886,4.899999999999997,8.33119263615661,8.404249190866125,4.751537957749309,0.8945907118041592,0.0,0.0,0.0,"[(4.1499999999999995, 7.999999999999986)]",3.899999999999986,True
13,3,1407,13.059999999999995,0.00027499999999999996,0.00031999999999999997,"[4.0, 8.0]",8.916357682186543,4.0,2.179641703430612,0.46064583659876424,8.915923297008394,2.8630898767482176,0.0,0.0,0.0,"[(4.0, 4.599999999999998)]",0.6499999999999977,True
13,3,1407,13.069999999999995,0.00027499999999999996,0.00031999999999999997,"[4.0, 8.0]",6.6962529881255275,6.549999999999991,4.771855028993168,5.6993829998284795,6.687422352147052,2.119979049445634,0.0,0.0,0.0,"[(5.049999999999996, 7.999999999999986)]",2.9999999999999893,True
13,3,1407,13.079999999999995,0.00027499999999999996,0.00031999999999999997,"[4.0, 8.0]",7.02145998191749,7.849999999999986,6.406123140776288,6.672718897506731,4.72927726911678,0.9569778540592812,0.0,0.0,0.0,"[(4.199999999999999, 7.999999999999986)]",3.8499999999999863,True
13,3,1407,13.089999999999995,0.00027499999999999996,0.00031999999999999997,"[4.0, 8.0]",6.694760133124741,4.199999999999999,3.4702687566674935,2.985360472653734,5.362878383409958,1.8263798472559718,0.0,0.0,0.0,"[(4.0, 5.299999999999995), (7.7999999999999865, 7.999999999999986)]",1.5999999999999943,True
13,3,1407,13.099999999999994,0.00027499999999999996,0.00031999999999999997,"[4.0, 8.0]",4.313031268450488,4.0,1.9762931135095274,2.156305035084378,4.3127888133926096,1.1110652745012242,0.0,0.0,0.0,"[(4.0, 4.399999999999999), (5.399999999999995, 7.699999999999987)]",2.79999999999999,True
13,3,1407,13.109999999999994,0.00027499999999999996,0.00031999999999999997,"[4.0, 8.0]",5.502294385497751,6.549999999999991,4.433757377134633,5.2193516936278,5.499228547133992,1.5847010420103789,0.0,0.0,0.0,"[(4.599999999999998, 7.999999999999986)]",3.4499999999999877,True
13,3,1407,13.119999999999994,0.00027499999999999996,0.00031999999999999997,"[4.0, 8.0]",5.262217358651961,4.749999999999997,4.425641069238161,4.399904791200637,1.797606223267839,0.5287462754569009,0.0,0.0,0.0,"[(4.0, 7.999999999999986)]",4.049999999999986,True
13,3,1407,13.129999999999994,0.00027499999999999996,0.00031999999999999997,"[4.0, 8.0]",4.774640035257474,4.0,0.9673071835459338,0.13479205854448428,4.774631933201683,1.44213614771614,0.0,0.0,0.0,"[(4.0, 4.849999999999997)]",0.8999999999999968,True
13,3,1407,13.139999999999993,0.00027499999999999996,0.00031999999999999997,"[4.0, 8.0]",3.396127471048212,6.549999999999991,2.1517848282154235,2.473365914089467,3.3915460083758706,1.1177700707237432,0.0,0.0,0.0,"[(4.0, 4.249999999999999), (4.799999999999997, 7.999999999999986)]",3.5499999999999874,True
13,3,1407,13.149999999999993,0.00027499999999999996,0.00031999999999999997,"[4.0, 8.0]",4.272102306803353,7.549999999999987,3.779812437489262,4.1844384774348535,3.739546317950468,0.9086682789327981,0.0,0.0,0.0,"[(4.199999999999999, 7.999999999999986)]",3.8499999999999863,True
13,3,1407,13.159999999999993,0.00027499999999999996,0.00031999999999999997,"[4.0, 8.0]",3.9770825328102637,4.249999999999999,1.9338679263672707,1.5954178000335966,3.296476907225875,1.135665127498108,0.0,0.0,0.0,"[(4.0, 5.949999999999993), (7.199999999999989, 7.999999999999986)]",2.84999999999999,True
13,3,1407,13.169999999999993,0.00027499999999999996,0.00031999999999999997,"[4.0, 8.0]",3.1600707125118515,4.0,0.7414538311316956,0.6431519604400981,3.1595279988788048,0.7231035142122447,0.0,0.0,0.0,"[(4.0, 4.899999999999997), (5.499999999999995, 7.649999999999987)]",3.149999999999989,True
13,3,1407,13.179999999999993,0.00027499999999999996,0.00031999999999999997,"[4.0, 8.0]",3.487068432834339,6.599999999999991,2.7361735183978197,3.270542716799962,3.4854241804929984,1.0613470863244978,0.0,0.0,0.0,"[(4.349999999999999, 7.999999999999986)]",3.699999999999987,True
13,3,1407,13.189999999999992,0.00027499999999999996,0.00031999999999999997,"[4.0, 8.0]",3.284877752066137,4.6999999999999975,2.5086205449244594,2.4651195564399573,1.4172447652731432,0.4718269969257012,0.0,0.0,0.0,"[(4.0, 7.999999999999986)]",4.049999999999986,True
13,3,1407,13.199999999999992,0.00027499999999999996,0.00031999999999999997,"[4.0, 8.0]",2.8960117853975924,4.0,0.5362679677152923,0.20562083302011802,2.8957749876347902,0.7968769719788984,0.0,0.0,0.0,"[(4.0, 7.999999999999986)]",4.049999999999986,True
13,3,1407,12.85,0.00027499999999999996,0.00033999999999999997,"[4.0, 8.0]",36.58476263883759,5.649999999999994,35.681925295603044,36.00479661608212,3.587666362095966,0.9254977745843912,1.0,1.0,1.0,"[(4.0, 7.7999999999999865)]",3.8499999999999863,True
13,3,1407,12.86,0.00027499999999999996,0.00033999999999999997,"[4.0, 8.0]",35.658872504499854,5.649999999999994,34.71348879757715,35.042053924820806,3.75120539857485,0.9754974166928523,1.0,1.0,1.0,"[(4.0, 7.749999999999987)]",3.7999999999999865,True
13,3,1407,12.87,0.00027499999999999996,0.00033999999999999997,"[4.0, 8.0]",34.566851849940825,5.599999999999994,33.583752436169945,33.93552318757466,3.882558174504993,1.020674467406547,1.0,1.0,1.0,"[(4.0, 7.699999999999987)]",3.7499999999999867,True
13,3,1407,12.879999999999999,0.00027499999999999996,0.00033999999999999997,"[4.0, 8.0]",33.354655516151595,5.5499999999999945,32.34685056508056,32.735828804407035,3.9823051225930115,1.0583747958595462,1.0,1.0,1.0,"[(4.0, 7.649999999999987)]",3.699999999999987,True
13,3,1407,12.889999999999999,0.00027499999999999996,0.00033999999999999997,"[4.0, 8.0]",32.105191690361735,5.499999999999995,31.08182739468666,31.482017726132593,4.042234164638526,1.0877517234069431,1.0,1.0,1.0,"[(4.0, 7.649999999999987)]",3.699999999999987,True
13,3,1407,12.899999999999999,0.00027499999999999996,0.00033999999999999997,"[4.0, 8.0]",30.821444665944156,5.499999999999995,29.79389174709538,30.20708737250235,4.069980789077498,1.1109025758867999,1.0,1.0,1.0,"[(4.0, 7.599999999999987)]",3.649999999999987,True
13,3,1407,12.909999999999998,0.00027499999999999996,0.00033999999999999997,"[4.0, 8.0]",29.438184282622085,5.149999999999996,28.397620927870193,28.821044746126496,4.095229529955915,1.1312591426146261,1.0,1.0,1.0,"[(4.0, 7.599999999999987)]",3.649999999999987,True
13,3,1407,12.919999999999998,0.00027499999999999996,0.00033999999999999997,"[4.0, 8.0]",27.853424330108627,5.099999999999996,26.785194753752762,27.27200738905925,4.124639387620281,1.151926558982416,1.0,1.0,1.0,"[(4.0, 7.549999999999987)]",3.599999999999987,True
13,3,1407,12.929999999999998,0.00027499999999999996,0.00033999999999999997,"[4.0, 8.0]",26.0553575338686,5.049999999999996,24.960458820705863,25.460705120235012,4.143235280682088,1.1734604794048769,1.0,1.0,1.0,"[(4.0, 7.549999999999987)]",3.599999999999987,True
13,3,1407,12.939999999999998,0.00027499999999999996,0.00033999999999999997,"[4.0, 8.0]",24.209463168636198,5.049999999999996,23.08615676082657,23.61962177422473,4.158659292830052,1.1956509606744763,1.0,1.0,1.0,"[(4.0, 7.499999999999988)]",3.5499999999999874,True
13,3,1407,12.949999999999998,0.00027499999999999996,0.00033999999999999997,"[4.0, 8.0]",22.40793871054407,4.9999999999999964,21.258762518390885,21.821353434328763,4.166612423229097,1.2185642694965981,1.0,1.0,0.8148148148148148,"[(4.0, 7.499999999999988)]",3.5499999999999874,True
13,3,1407,12.959999999999997,0.00027499999999999996,0.00033999999999999997,"[4.0, 8.0]",20.533783482357766,4.949999999999997,19.350925570648624,19.860308075604337,4.182602176816118,1.2470688352631178,1.0,0.9259259259259259,0.4567901234567901,"[(4.0, 7.449999999999988)]",3.4999999999999876,True
13,3,1407,12.969999999999997,0.00027499999999999996,0.00033999999999999997,"[4.0, 8.0]",18.400569521792423,4.599999999999998,17.122993602196015,17.569699853142588,4.273897284061011,1.2886584395930203,0.9012345679012346,0.6172839506172839,0.0,"[(4.0, 7.399999999999988)]",3.4499999999999877,True
13,3,1407,12.979999999999997,0.00027499999999999996,0.00033999999999999997,"[4.0, 8.0]",15.96689209280277,4.299999999999999,14.521349372849533,14.899755852337119,4.46950983137217,1.3559052534962224,0.48148148148148145,0.0,0.0,"[(4.0, 7.299999999999988)]",3.349999999999988,True
13,3,1407,12.989999999999997,0.00027499999999999996,0.00033999999999999997,"[4.0, 8.0]",13.522870779972365,4.249999999999999,11.820579444140229,12.135238138043063,4.810837466833609,1.4619512095653022,0.0,0.0,0.0,"[(4.0, 7.049999999999989)]",3.099999999999989,True
13,3,1407,12.999999999999996,0.00027499999999999996,0.00033999999999999997,"[4.0, 8.0]",11.135728909795015,4.0,9.074293887222419,9.324607016988153,5.345494643928739,1.6288689696669132,0.0,0.0,0.0,"[(4.0, 6.74999999999999)]",2.79999999999999,True
13,3,1407,13.009999999999996,0.00027499999999999996,0.00033999999999999997,"[4.0, 8.0]",8.440515852117336,4.0,5.736334694335845,5.879762221992051,6.193552060663306,1.9040571326753712,0.0,0.0,0.0,"[(4.0, 6.249999999999992)]",2.299999999999992,True
13,3,1407,13.019999999999996,0.00027499999999999996,0.00033999999999999997,"[4.0, 8.0]",4.727362378382067,4.0,1.6463246400489524,1.0740697717411243,4.727324161479616,1.6022986412157665,0.0,0.0,0.0,"[(4.0, 5.649999999999994)]",1.699999999999994,True
13,3,1407,13.029999999999996,0.00027499999999999996,0.00033999999999999997,"[4.0, 8.0]",5.739481050312466,7.999999999999986,2.511451262082153,2.394598810511848,5.739452480168098,2.0415387022103406,0.0,0.0,0.0,"[(6.199999999999992, 7.999999999999986)]",1.8499999999999934,True
13,3,1407,13.039999999999996,0.00027499999999999996,0.00033999999999999997,"[4.0, 8.0]",11.544854512791654,7.999999999999986,8.108822599948526,9.037296725661712,9.737513704085824,3.0492603674381633,0.0,0.0,0.0,"[(5.849999999999993, 7.999999999999986)]",2.199999999999992,True
13,3,1407,13.049999999999995,0.00027499999999999996,0.00033999999999999997,"[4.0, 8.0]",17.169500262132477,7.699999999999987,14.19325357611551,15.17653075904462,9.35423856911597,2.853486547537365,0.5185185185185185,0.16049382716049382,0.0,"[(5.649999999999994, 7.999999999999986)]",2.3999999999999915,True
13,3,1407,13.059999999999995,0.00027499999999999996,0.00033999999999999997,"[4.0, 8.0]",22.94191495123691,7.999999999999986,20.078147158059053,20.70959360126956,8.352180406835945,2.401268916135787,0.9753086419753086,0.8518518518518519,0.5925925925925926,"[(5.649999999999994, 7.999999999999986)]",2.3999999999999915,True
13,3,1407,13.069999999999995,0.00027499999999999996,0.00033999999999999997,"[4.0, 8.0]",19.934810301678723,7.999999999999986,13.170432194770815,13.743635842524544,14.36132986624066,4.7153245969102455,0.43209876543209874,0.30864197530864196,0.0,"[(4.0, 4.899999999999997), (7.749999999999987, 7.999999999999986)]",1.2499999999999956,True
13,3,1407,13.079999999999995,0.00027499999999999996,0.00033999999999999997,"[4.0, 8.0]",14.435905358010846,5.499999999999995,12.607141941217026,14.114762432995793,14.284124066969008,3.544497155068166,0.0,0.0,0.0,"[(4.6999999999999975, 7.999999999999986)]",3.349999999999988,True
13,3,1407,13.089999999999995,0.00027499999999999996,0.00033999999999999997,"[4.0, 8.0]",13.57451065545801,4.0,3.768490603283101,2.3108183954145916,13.5731916622721,4.024657275269563,0.0,0.0,0.0,"[(4.0, 4.449999999999998)]",0.4999999999999982,True
13,3,1407,13.099999999999994,0.00027499999999999996,0.00033999999999999997,"[4.0, 8.0]",10.019446725936081,7.849999999999986,9.243097227686272,9.5949307480691,6.598153367277557,1.2852527034273988,0.0,0.0,0.0,"[(4.299999999999999, 7.999999999999986)]",3.7499999999999867,True
13,3,1407,13.109999999999994,0.00027499999999999996,0.00033999999999999997,"[4.0, 8.0]",9.428470418015278,4.0,2.8912782269949284,1.5763447569364117,9.401056318457247,3.066114453421964,0.0,0.0,0.0,"[(4.0, 4.6999999999999975)]",0.7499999999999973,True
13,3,1407,13.119999999999994,0.00027499999999999996,0.00033999999999999997,"[4.0, 8.0]",7.062277309044475,6.549999999999991,5.080970291084074,6.118295616210449,7.051495501696221,2.2547965860890518,0.0,0.0,0.0,"[(4.9999999999999964, 7.999999999999986)]",3.049999999999989,True
13,3,1407,13.129999999999994,0.00027499999999999996,0.00033999999999999997,"[4.0, 8.0]",7.258513433090885,4.499999999999998,5.81611291041825,5.747340831055595,2.7136463589622117,0.9176253940601227,0.0,0.0,0.0,"[(4.0, 7.999999999999986)]",4.049999999999986,True
13,3,1407,13.139999999999993,0.00027499999999999996,0.00033999999999999997,"[4.0, 8.0]",5.925981694198096,4.0,1.2140819490214907,0.7319687596625085,5.9259518467539625,1.5367475541819355,0.0,0.0,0.0,"[(4.0, 4.549999999999998)]",0.5999999999999979,True
13,3,1407,13.149999999999993,0.00027499999999999996,0.00033999999999999997,"[4.0, 8.0]",5.814774665432242,6.549999999999991,4.536762326017015,5.342450490648335,5.81279610645243,1.7240274959842,0.0,0.0,0.0,"[(4.6999999999999975, 7.999999999999986)]",3.349999999999988,True
13,3,1407,13.159999999999993,0.00027499999999999996,0.00033999999999999997,"[4.0, 8.0]",5.528712035559567,4.399999999999999,3.8223201610020263,3.641692896596149,3.021479399976492,1.0419317205983631,0.0,0.0,0.0,"[(4.0, 6.449999999999991), (6.69999999999999, 7.999999999999986)]",3.8499999999999863,True
13,3,1407,13.169999999999993,0.00027499999999999996,0.00033999999999999997,"[4.0, 8.0]",4.343842101747889,4.0,0.887394284486267,0.6094568047028064,4.343841689549161,1.0641038127399298,0.0,0.0,0.0,"[(4.0, 4.649999999999998)]",0.6999999999999975,True
13,3,1407,13.179999999999993,0.00027499999999999996,0.00033999999999999997,"[4.0, 8.0]",4.690794165686356,6.649999999999991,3.93006272166373,4.530917556300907,4.500387496450695,1.2058934228816967,0.0,0.0,0.0,"[(4.399999999999999, 7.999999999999986)]",3.649999999999987,True
13,3,1407,13.189999999999992,0.00027499999999999996,0.00033999999999999997,"[4.0, 8.0]",4.363606478511628,4.399999999999999,2.9379670732730983,2.7566942254576805,2.5082761507366227,0.8668253660795568,0.0,0.0,0.0,"[(4.0, 7.999999999999986)]",4.049999999999986,True
13,3,1407,13.199999999999992,0.00027499999999999996,0.00033999999999999997,"[4.0, 8.0]",2.7563303904823067,4.0,0.9542439236920269,0.9675310250945685,2.754796390298256,0.6228595680043223,0.0,0.0,0.0,"[(4.0, 7.999999999999986)]",4.049999999999986,True
13,3,1407,12.85,0.0003,0.00017999999999999998,"[4.0, 8.0]",1.9585075967777066,4.749999999999997,1.4622300748745396,1.4392752026896423,1.1277266618184796,0.3284706366448243,0.0,0.0,0.0,"[(4.0, 7.999999999999986)]",4.049999999999986,True
13,3,1407,12.86,0.0003,0.00017999999999999998,"[4.0, 8.0]",1.9238866900049725,4.499999999999998,1.1209687850398413,1.0658554398213962,1.4218067183650989,0.48735836524025683,0.0,0.0,0.0,"[(4.0, 7.999999999999986)]",4.049999999999986,True
13,3,1407,12.87,0.0003,0.00017999999999999998,"[4.0, 8.0]",1.885643315364482,4.249999999999999,0.7211733274220243,0.4997154022710734,1.7933453462328248,0.6133473962630942,0.0,0.0,0.0,"[(4.0, 7.999999999999986)]",4.049999999999986,True
13,3,1407,12.879999999999999,0.0003,0.00017999999999999998,"[4.0, 8.0]",1.8478247642053158,4.05,0.4207719525634347,0.08819885563214806,1.8477912236279639,0.5890674656345045,0.0,0.0,0.0,"[(4.0, 7.999999999999986)]",4.049999999999986,True
13,3,1407,12.889999999999999,0.0003,0.00017999999999999998,"[4.0, 8.0]",1.7537173247044346,4.0,0.33247483702410136,0.1928564618024297,1.7536951162262455,0.44573255122878946,0.0,0.0,0.0,"[(4.0, 7.999999999999986)]",4.049999999999986,True
13,3,1407,12.899999999999999,0.0003,0.00017999999999999998,"[4.0, 8.0]",1.4725318318186573,4.0,0.4408711855169186,0.4488004478067982,1.4725264662602553,0.33478662416029037,0.0,0.0,0.0,"[(4.0, 7.999999999999986)]",4.049999999999986,True
13,3,1407,12.909999999999998,0.0003,0.00017999999999999998,"[4.0, 8.0]",1.1680472669205004,6.449999999999991,0.6812162798174278,0.7497421748259141,1.1679590387348093,0.3913666715124913,0.0,0.0,0.0,"[(4.0, 7.999999999999986)]",4.049999999999986,True
13,3,1407,12.919999999999998,0.0003,0.00017999999999999998,"[4.0, 8.0]",1.5003452843290193,6.449999999999991,0.9794208952399694,1.1667430364309268,1.5001609641757905,0.5034075606763482,0.0,0.0,0.0,"[(4.0, 7.999999999999986)]",4.049999999999986,True
13,3,1407,12.929999999999998,0.0003,0.00017999999999999998,"[4.0, 8.0]",1.5895927900964613,6.74999999999999,1.223028952791354,1.494215593080083,1.5895382852232396,0.5124390905071607,0.0,0.0,0.0,"[(4.0, 7.999999999999986)]",4.049999999999986,True
13,3,1407,12.939999999999998,0.0003,0.00017999999999999998,"[4.0, 8.0]",1.5547658470515322,5.349999999999995,1.3026490316272799,1.4443607826479994,1.5313079207330238,0.3899122122560908,0.0,0.0,0.0,"[(4.0, 7.999999999999986)]",4.049999999999986,True
13,3,1407,12.949999999999998,0.0003,0.00017999999999999998,"[4.0, 8.0]",1.5231655569853344,7.999999999999986,1.2003231961407799,1.2249305846382244,1.2346772269487658,0.26375901843048555,0.0,0.0,0.0,"[(4.0, 7.999999999999986)]",4.049999999999986,True
13,3,1407,12.959999999999997,0.0003,0.00017999999999999998,"[4.0, 8.0]",1.4911428975908783,4.649999999999998,0.9477263669850383,0.9225070868429873,0.975921393901864,0.32841692606541345,0.0,0.0,0.0,"[(4.0, 7.999999999999986)]",4.049999999999986,True
13,3,1407,12.969999999999997,0.0003,0.00017999999999999998,"[4.0, 8.0]",1.455431440977625,4.349999999999999,0.5957085396042188,0.43824280734211263,1.3568026863909566,0.46676752714215997,0.0,0.0,0.0,"[(4.0, 7.999999999999986)]",4.049999999999986,True
13,3,1407,12.979999999999997,0.0003,0.00017999999999999998,"[4.0, 8.0]",1.4169649353025024,4.1,0.3158184370597209,0.04277932667467159,1.4169518891251156,0.4590745415124705,0.0,0.0,0.0,"[(4.0, 7.999999999999986)]",4.049999999999986,True
13,3,1407,12.989999999999997,0.0003,0.00017999999999999998,"[4.0, 8.0]",1.3248326352540407,4.0,0.29234462495328756,0.22836134444444683,1.3247886507723532,0.3167804364410442,0.0,0.0,0.0,"[(4.0, 7.999999999999986)]",4.049999999999986,True
13,3,1407,12.999999999999996,0.0003,0.00017999999999999998,"[4.0, 8.0]",1.0195418768969975,4.0,0.4677812319837222,0.5144763300197421,1.0195274065344255,0.28122314962636985,0.0,0.0,0.0,"[(4.0, 7.999999999999986)]",4.049999999999986,True
13,3,1407,13.009999999999996,0.0003,0.00017999999999999998,"[4.0, 8.0]",1.1532149022805498,6.499999999999991,0.7308398572051057,0.8559871211968375,1.1528574770937452,0.3856295191106668,0.0,0.0,0.0,"[(4.0, 7.999999999999986)]",4.049999999999986,True
13,3,1407,13.019999999999996,0.0003,0.00017999999999999998,"[4.0, 8.0]",1.256871863969255,6.0999999999999925,0.9654188202837004,1.1942332321347113,1.2558998552884157,0.414786093039746,0.0,0.0,0.0,"[(4.0, 7.999999999999986)]",4.049999999999986,True
13,3,1407,13.029999999999996,0.0003,0.00017999999999999998,"[4.0, 8.0]",1.220955649297413,7.7999999999999865,0.9950793019505197,1.068052839716259,1.1900120160364307,0.2843242550934209,0.0,0.0,0.0,"[(4.0, 7.999999999999986)]",4.049999999999986,True
13,3,1407,13.039999999999996,0.0003,0.00017999999999999998,"[4.0, 8.0]",1.1890608163141714,4.799999999999997,0.8137085815715678,0.794532783941293,0.8600485800035387,0.2330396157190061,0.0,0.0,0.0,"[(4.0, 7.999999999999986)]",4.049999999999986,True
13,3,1407,13.049999999999995,0.0003,0.00017999999999999998,"[4.0, 8.0]",1.1562912292517886,4.449999999999998,0.5140524290441133,0.418146929818891,1.0405827093066862,0.3555561443419104,0.0,0.0,0.0,"[(4.0, 7.999999999999986)]",4.049999999999986,True
13,3,1407,13.059999999999995,0.0003,0.00017999999999999998,"[4.0, 8.0]",1.117381417416723,4.1499999999999995,0.2487970250416844,0.03664299490714014,1.117322251821455,0.3668387957016974,0.0,0.0,0.0,"[(4.0, 7.999999999999986)]",4.049999999999986,True
13,3,1407,13.069999999999995,0.0003,0.00017999999999999998,"[4.0, 8.0]",1.0138496236620593,4.0,0.28599850269541854,0.27219719386072494,1.0137815176673994,0.23223266011668456,0.0,0.0,0.0,"[(4.0, 7.999999999999986)]",4.049999999999986,True
13,3,1407,13.079999999999995,0.0003,0.00017999999999999998,"[4.0, 8.0]",0.8354442632261289,6.549999999999991,0.5051935543269711,0.5694661623339086,0.8354434714998109,0.2755346318037923,0.0,0.0,0.0,"[(4.0, 7.999999999999986)]",4.049999999999986,True
13,3,1407,13.089999999999995,0.0003,0.00017999999999999998,"[4.0, 8.0]",1.023157164630633,6.549999999999991,0.7445593033850274,0.9271441860859839,1.0229853269879945,0.3481147846408666,0.0,0.0,0.0,"[(4.0, 7.999999999999986)]",4.049999999999986,True
13,3,1407,13.099999999999994,0.0003,0.00017999999999999998,"[4.0, 8.0]",0.9853433370133742,7.899999999999986,0.7828191691972483,0.8315058704018867,0.9712090081786683,0.23343754279038562,0.0,0.0,0.0,"[(4.0, 7.999999999999986)]",4.049999999999986,True
13,3,1407,13.109999999999994,0.0003,0.00017999999999999998,"[4.0, 8.0]",0.9523906897691172,4.6999999999999975,0.5662191608464515,0.5323969589657188,0.6670927136849765,0.22299377174092577,0.0,0.0,0.0,"[(4.0, 7.999999999999986)]",4.049999999999986,True
13,3,1407,13.119999999999994,0.0003,0.00017999999999999998,"[4.0, 8.0]",0.9197939142012879,4.349999999999999,0.2823577419342153,0.12706643020957611,0.9167953981967963,0.31870002722503693,0.0,0.0,0.0,"[(4.0, 7.999999999999986)]",4.049999999999986,True
13,3,1407,13.129999999999994,0.0003,0.00017999999999999998,"[4.0, 8.0]",0.8675160851664115,4.0,0.2194373209643146,0.19096791740730587,0.8675149487421889,0.21037857778831034,0.0,0.0,0.0,"[(4.0, 7.999999999999986)]",4.049999999999986,True
13,3,1407,13.139999999999993,0.0003,0.00017999999999999998,"[4.0, 8.0]",0.7112193293643031,6.549999999999991,0.4354405826831613,0.4915831914203767,0.7111905178316575,0.23448732851869433,0.0,0.0,0.0,"[(4.0, 7.999999999999986)]",4.049999999999986,True
13,3,1407,13.149999999999993,0.0003,0.00017999999999999998,"[4.0, 8.0]",0.8364666678763262,7.199999999999989,0.6416193473993242,0.8055606043483952,0.8359143326746302,0.2831924110288108,0.0,0.0,0.0,"[(4.0, 7.999999999999986)]",4.049999999999986,True
13,3,1407,13.159999999999993,0.0003,0.00017999999999999998,"[4.0, 8.0]",0.7962921433692343,4.949999999999997,0.5458821685835319,0.5302132292084398,0.7061799112469644,0.16455319908982813,0.0,0.0,0.0,"[(4.0, 7.999999999999986)]",4.049999999999986,True
13,3,1407,13.169999999999993,0.0003,0.00017999999999999998,"[4.0, 8.0]",0.7652121377783044,4.449999999999998,0.28356853427382106,0.185945428637927,0.7381303051058514,0.25380335664469883,0.0,0.0,0.0,"[(4.0, 7.999999999999986)]",4.049999999999986,True
13,3,1407,13.179999999999993,0.0003,0.00017999999999999998,"[4.0, 8.0]",0.7215024551585253,4.0,0.18836650490685583,0.16019275900724547,0.7215025655717434,0.17906143548401904,0.0,0.0,0.0,"[(4.0, 7.999999999999986)]",4.049999999999986,True
13,3,1407,13.189999999999992,0.0003,0.00017999999999999998,"[4.0, 8.0]",0.6556620946274959,6.599999999999991,0.4179869082269955,0.48640531390123043,0.6548609397694743,0.21893857518815155,0.0,0.0,0.0,"[(4.0, 7.999999999999986)]",4.049999999999986,True
13,3,1407,13.199999999999992,0.0003,0.00017999999999999998,"[4.0, 8.0]",0.6845680850743375,7.7999999999999865,0.5380184010818819,0.5981929414687194,0.6845101184303128,0.192066587269754,0.0,0.0,0.0,"[(4.0, 7.999999999999986)]",4.049999999999986,True
13,3,1407,12.85,0.0003,0.00019999999999999998,"[4.0, 8.0]",2.4774714596398355,4.0,0.5781571787482819,0.5046585920964639,2.4762959969313654,0.5585450592330756,0.0,0.0,0.0,"[(4.0, 7.999999999999986)]",4.049999999999986,True
13,3,1407,12.86,0.0003,0.00019999999999999998,"[4.0, 8.0]",1.8101624676481256,4.0,0.9041430367465882,1.0015186772283322,1.8087525086156846,0.5454016232373039,0.0,0.0,0.0,"[(4.0, 7.999999999999986)]",4.049999999999986,True
13,3,1407,12.87,0.0003,0.00019999999999999998,"[4.0, 8.0]",2.171988425616116,6.449999999999991,1.375097422834359,1.5955323060751772,2.1716644609646916,0.723863099421062,0.0,0.0,0.0,"[(4.0, 7.999999999999986)]",4.049999999999986,True
13,3,1407,12.879999999999999,0.0003,0.00019999999999999998,"[4.0, 8.0]",2.446196642332083,6.449999999999991,1.796909620968236,2.1778970404565134,2.4454077899642086,0.7907822229752296,0.0,0.0,0.0,"[(4.0, 7.999999999999986)]",4.049999999999986,True
13,3,1407,12.889999999999999,0.0003,0.00019999999999999998,"[4.0, 8.0]",2.4231637404384054,5.599999999999994,2.0294660459459855,2.3580661832543575,2.4164939665416543,0.6641828204697259,0.0,0.0,0.0,"[(4.0, 7.999999999999986)]",4.049999999999986,True
13,3,1407,12.899999999999999,0.0003,0.00019999999999999998,"[4.0, 8.0]",2.3774272560173917,7.749999999999987,2.025391209930387,2.1262754005502975,2.0397523444322068,0.4362576938874819,0.0,0.0,0.0,"[(4.0, 7.999999999999986)]",4.049999999999986,True
13,3,1407,12.909999999999998,0.0003,0.00019999999999999998,"[4.0, 8.0]",2.330091236047175,4.749999999999997,1.7701747172430549,1.7386886802468164,1.3491457554633293,0.3701041840673854,0.0,0.0,0.0,"[(4.0, 7.999999999999986)]",4.049999999999986,True
13,3,1407,12.919999999999998,0.0003,0.00019999999999999998,"[4.0, 8.0]",2.279978690899166,4.449999999999998,1.2725031300936616,1.1638466211692127,1.7541260614978818,0.6017487174341499,0.0,0.0,0.0,"[(4.0, 7.999999999999986)]",4.049999999999986,True
13,3,1407,12.929999999999998,0.0003,0.00019999999999999998,"[4.0, 8.0]",2.225879311598909,4.199999999999999,0.7071703134707379,0.38271430272471807,2.200083708164221,0.7438686567364955,0.0,0.0,0.0,"[(4.0, 7.999999999999986)]",4.049999999999986,True
13,3,1407,12.939999999999998,0.0003,0.00019999999999999998,"[4.0, 8.0]",2.1597749820112138,4.0,0.4120395121607327,0.13750531798924287,2.159582964401837,0.6169017496523641,0.0,0.0,0.0,"[(4.0, 7.999999999999986)]",4.049999999999986,True
13,3,1407,12.949999999999998,0.0003,0.00019999999999999998,"[4.0, 8.0]",1.8537422381366244,4.0,0.48624072503733173,0.44554252970521246,1.853590633886415,0.4167537484798207,0.0,0.0,0.0,"[(4.0, 7.999999999999986)]",4.049999999999986,True
13,3,1407,12.959999999999997,0.0003,0.00019999999999999998,"[4.0, 8.0]",1.363549024290167,6.499999999999991,0.8010699356979581,0.8871953621923646,1.36280834318484,0.45506166527920666,0.0,0.0,0.0,"[(4.0, 7.999999999999986)]",4.049999999999986,True
13,3,1407,12.969999999999997,0.0003,0.00019999999999999998,"[4.0, 8.0]",1.8186847580694712,6.499999999999991,1.2138918706720827,1.4548724538701707,1.8172719168508473,0.6094311270809141,0.0,0.0,0.0,"[(4.0, 7.999999999999986)]",4.049999999999986,True
13,3,1407,12.979999999999997,0.0003,0.00019999999999999998,"[4.0, 8.0]",1.8907352180888153,7.149999999999989,1.5211485115477128,1.8475023958471444,1.888341554077536,0.5824433425493576,0.0,0.0,0.0,"[(4.0, 7.999999999999986)]",4.049999999999986,True
13,3,1407,12.989999999999997,0.0003,0.00019999999999999998,"[4.0, 8.0]",1.8430021068929685,5.149999999999996,1.5344752125017698,1.6185690059834166,1.675211779095063,0.37026902031095676,0.0,0.0,0.0,"[(4.0, 7.999999999999986)]",4.049999999999986,True
13,3,1407,12.999999999999996,0.0003,0.00019999999999999998,"[4.0, 8.0]",1.7985692893096574,4.749999999999997,1.2707717165280519,1.2488038528319068,1.090872711780768,0.328510092844846,0.0,0.0,0.0,"[(4.0, 7.999999999999986)]",4.049999999999986,True
13,3,1407,13.009999999999996,0.0003,0.00019999999999999998,"[4.0, 8.0]",1.7514452978581496,4.399999999999999,0.8190836120243232,0.664817947213284,1.5326077756349807,0.5268823687542976,0.0,0.0,0.0,"[(4.0, 7.999999999999986)]",4.049999999999986,True
13,3,1407,13.019999999999996,0.0003,0.00019999999999999998,"[4.0, 8.0]",1.6992267525802485,4.1,0.3919749670222239,0.0681829939306458,1.699217941981837,0.55883172127413,0.0,0.0,0.0,"[(4.0, 7.999999999999986)]",4.049999999999986,True
13,3,1407,13.029999999999996,0.0003,0.00019999999999999998,"[4.0, 8.0]",1.5334921283889331,4.0,0.3741132910986963,0.3304763324675714,1.5334426402144363,0.3539053629583561,0.0,0.0,0.0,"[(4.0, 7.999999999999986)]",4.049999999999986,True
13,3,1407,13.039999999999996,0.0003,0.00019999999999999998,"[4.0, 8.0]",1.1215578868959095,6.499999999999991,0.6657404241201065,0.7421992379953086,1.1214971821701585,0.37146366662571045,0.0,0.0,0.0,"[(4.0, 7.999999999999986)]",4.049999999999986,True
13,3,1407,13.049999999999995,0.0003,0.00019999999999999998,"[4.0, 8.0]",1.4871484959393326,6.549999999999991,1.0173573843701393,1.2297035051594039,1.4870770839044336,0.5021153467439843,0.0,0.0,0.0,"[(4.0, 7.999999999999986)]",4.049999999999986,True
13,3,1407,13.059999999999995,0.0003,0.00019999999999999998,"[4.0, 8.0]",1.4885682026741227,7.549999999999987,1.2266406700807404,1.4112943710471415,1.4882810007654832,0.4222010793296351,0.0,0.0,0.0,"[(4.0, 7.999999999999986)]",4.049999999999986,True
13,3,1407,13.069999999999995,0.0003,0.00019999999999999998,"[4.0, 8.0]",1.4382469354149687,4.899999999999997,1.0507022662290737,1.0362701965992867,1.0981515152627304,0.25756794864649485,0.0,0.0,0.0,"[(4.0, 7.999999999999986)]",4.049999999999986,True
13,3,1407,13.079999999999995,0.0003,0.00019999999999999998,"[4.0, 8.0]",1.3951639365880704,4.499999999999998,0.660883105381622,0.5508989753812881,1.2103589358506874,0.413040284058599,0.0,0.0,0.0,"[(4.0, 7.999999999999986)]",4.049999999999986,True
13,3,1407,13.089999999999995,0.0003,0.00019999999999999998,"[4.0, 8.0]",1.346391834542195,4.1499999999999995,0.30586086078380803,0.03413705861497525,1.3463917172233908,0.4468397629184695,0.0,0.0,0.0,"[(4.0, 7.999999999999986)]",4.049999999999986,True
13,3,1407,13.099999999999994,0.0003,0.00019999999999999998,"[4.0, 8.0]",1.1416695739331508,4.0,0.38671107363148305,0.4095327891502351,1.1411845540727683,0.2647059006920023,0.0,0.0,0.0,"[(4.0, 7.999999999999986)]",4.049999999999986,True
13,3,1407,13.109999999999994,0.0003,0.00019999999999999998,"[4.0, 8.0]",1.1341793765824966,6.549999999999991,0.7244306470651293,0.8524490496616977,1.1339447956533728,0.37969787374901154,0.0,0.0,0.0,"[(4.0, 7.999999999999986)]",4.049999999999986,True
13,3,1407,13.119999999999994,0.0003,0.00019999999999999998,"[4.0, 8.0]",1.2213288996656806,5.799999999999994,0.9678801241571163,1.1929036318768735,1.2208498999057842,0.39455610846457717,0.0,0.0,0.0,"[(4.0, 7.999999999999986)]",4.049999999999986,True
13,3,1407,13.129999999999994,0.0003,0.00019999999999999998,"[4.0, 8.0]",1.166858040737335,4.899999999999997,0.8220200755039592,0.8054009836647041,0.9417175248255233,0.22280397479897232,0.0,0.0,0.0,"[(4.0, 7.999999999999986)]",4.049999999999986,True
13,3,1407,13.139999999999993,0.0003,0.00019999999999999998,"[4.0, 8.0]",1.121373181007961,4.399999999999999,0.4280028324743795,0.2905809465022449,1.0708559075159274,0.37020120087974373,0.0,0.0,0.0,"[(4.0, 7.999999999999986)]",4.049999999999986,True
13,3,1407,13.149999999999993,0.0003,0.00019999999999999998,"[4.0, 8.0]",1.0736538752476978,4.0,0.2289875567332684,0.12601780905637633,1.0735198393766634,0.3045396470780162,0.0,0.0,0.0,"[(4.0, 7.999999999999986)]",4.049999999999986,True
13,3,1407,13.159999999999993,0.0003,0.00019999999999999998,"[4.0, 8.0]",0.8702571160083412,6.599999999999991,0.5367029291606177,0.6109773400117497,0.8696399288259663,0.28744400910834805,0.0,0.0,0.0,"[(4.0, 7.999999999999986)]",4.049999999999986,True
13,3,1407,13.169999999999993,0.0003,0.00019999999999999998,"[4.0, 8.0]",1.0134372202498383,5.949999999999993,0.7843240721749899,0.9837045088884142,1.0133715510606118,0.3403875704398008,0.0,0.0,0.0,"[(4.0, 7.999999999999986)]",4.049999999999986,True
13,3,1407,13.179999999999993,0.0003,0.00019999999999999998,"[4.0, 8.0]",0.9590052769041181,4.849999999999997,0.6221018484664245,0.5971685353028962,0.7582848764408283,0.20094972188462076,0.0,0.0,0.0,"[(4.0, 7.999999999999986)]",4.049999999999986,True
13,3,1407,13.189999999999992,0.0003,0.00019999999999999998,"[4.0, 8.0]",0.9128137999221224,4.299999999999999,0.24979928092578685,0.07309676920036756,0.9128115346166294,0.3200836835479752,0.0,0.0,0.0,"[(4.0, 7.999999999999986)]",4.049999999999986,True
13,3,1407,13.199999999999992,0.0003,0.00019999999999999998,"[4.0, 8.0]",0.7806100013842988,4.0,0.30826569169858026,0.32847727083282496,0.780567557641568,0.1905797981641495,0.0,0.0,0.0,"[(4.0, 7.999999999999986)]",4.049999999999986,True
13,3,1407,12.85,0.0003,0.00021999999999999998,"[4.0, 8.0]",3.6796322539148107,6.3999999999999915,2.651603691204626,3.1791372255769144,3.6759374096406567,1.1856512715208194,0.0,0.0,0.0,"[(4.549999999999998, 7.999999999999986)]",3.4999999999999876,True
13,3,1407,12.86,0.0003,0.00021999999999999998,"[4.0, 8.0]",3.717669377535806,7.099999999999989,3.113579595412642,3.6548746479422327,3.712985270621569,1.0195311231384043,0.0,0.0,0.0,"[(4.299999999999999, 7.999999999999986)]",3.7499999999999867,True
13,3,1407,12.87,0.0003,0.00021999999999999998,"[4.0, 8.0]",3.6430480486682764,7.749999999999987,3.1837879285669306,3.3346319152999033,2.8922269459255636,0.5966054771439268,0.0,0.0,0.0,"[(4.0, 7.999999999999986)]",4.049999999999986,True
13,3,1407,12.879999999999999,0.0003,0.00021999999999999998,"[4.0, 8.0]",3.5651743806162886,4.6999999999999975,2.7426216132747916,2.7155491282580884,1.5596819369957626,0.5372752219704228,0.0,0.0,0.0,"[(4.0, 7.999999999999986)]",4.049999999999986,True
13,3,1407,12.889999999999999,0.0003,0.00021999999999999998,"[4.0, 8.0]",3.4912090298579694,4.399999999999999,1.9296204846339347,1.733270905361054,2.706389280791212,0.9354944062127791,0.0,0.0,0.0,"[(4.0, 7.999999999999986)]",4.049999999999986,True
13,3,1407,12.899999999999999,0.0003,0.00021999999999999998,"[4.0, 8.0]",3.419101945411413,4.1,1.091138209947888,0.5952940392567739,3.375065447373048,1.1268215777038453,0.0,0.0,0.0,"[(4.0, 5.5499999999999945), (7.349999999999988, 7.999999999999986)]",2.299999999999992,True
13,3,1407,12.909999999999998,0.0003,0.00021999999999999998,"[4.0, 8.0]",3.2820645985663486,4.0,0.6268196868093721,0.21521458845739613,3.2819759131063697,0.9252295778143471,0.0,0.0,0.0,"[(4.0, 5.099999999999996), (7.7999999999999865, 7.999999999999986)]",1.399999999999995,True
13,3,1407,12.919999999999998,0.0003,0.00021999999999999998,"[4.0, 8.0]",2.6521342226692735,4.0,0.7867826911889022,0.7911842362875376,2.652121085846346,0.6018624191943996,0.0,0.0,0.0,"[(4.0, 7.999999999999986)]",4.049999999999986,True
13,3,1407,12.929999999999998,0.0003,0.00021999999999999998,"[4.0, 8.0]",2.2944453217636958,6.449999999999991,1.403876406958817,1.5547735386876202,2.294227112212806,0.7567101607731902,0.0,0.0,0.0,"[(4.0, 7.999999999999986)]",4.049999999999986,True
13,3,1407,12.939999999999998,0.0003,0.00021999999999999998,"[4.0, 8.0]",2.8130642575939913,6.449999999999991,2.021548128185864,2.441628392482478,2.811521986964805,0.92048147801052,0.0,0.0,0.0,"[(4.0, 7.999999999999986)]",4.049999999999986,True
13,3,1407,12.949999999999998,0.0003,0.00021999999999999998,"[4.0, 8.0]",2.8183586793061037,7.299999999999988,2.3636818159392075,2.7568603141422794,2.8108299501931846,0.7767890257529041,0.0,0.0,0.0,"[(4.0, 7.999999999999986)]",4.049999999999986,True
13,3,1407,12.959999999999997,0.0003,0.00021999999999999998,"[4.0, 8.0]",2.755210650500095,5.099999999999996,2.3419974155097067,2.4206744786451813,2.2111727837274033,0.4562950304749151,0.0,0.0,0.0,"[(4.0, 7.999999999999986)]",4.049999999999986,True
13,3,1407,12.969999999999997,0.0003,0.00021999999999999998,"[4.0, 8.0]",2.684846597082426,4.649999999999998,1.8639530331766665,1.8311547650998712,1.5136796274302282,0.5092902358589428,0.0,0.0,0.0,"[(4.0, 7.999999999999986)]",4.049999999999986,True
13,3,1407,12.979999999999997,0.0003,0.00021999999999999998,"[4.0, 8.0]",2.6074612993410957,4.249999999999999,1.0371816343094677,0.7354487623178425,2.443295106870854,0.8397502838332467,0.0,0.0,0.0,"[(4.0, 7.999999999999986)]",4.049999999999986,True
13,3,1407,12.989999999999997,0.0003,0.00021999999999999998,"[4.0, 8.0]",2.529333515291637,4.0,0.5032527744593048,0.11235841276960494,2.5292909872809615,0.758476890092344,0.0,0.0,0.0,"[(4.0, 7.999999999999986)]",4.049999999999986,True
13,3,1407,12.999999999999996,0.0003,0.00021999999999999998,"[4.0, 8.0]",2.1367342732076207,4.0,0.5761528812130139,0.5584568401167943,2.1367120238129016,0.4807210814198282,0.0,0.0,0.0,"[(4.0, 7.999999999999986)]",4.049999999999986,True
13,3,1407,13.009999999999996,0.0003,0.00021999999999999998,"[4.0, 8.0]",1.7348602362251495,6.499999999999991,1.0472535245381256,1.1502666591939434,1.734163335848106,0.5710487120934561,0.0,0.0,0.0,"[(4.0, 7.999999999999986)]",4.049999999999986,True
13,3,1407,13.019999999999996,0.0003,0.00021999999999999998,"[4.0, 8.0]",2.2229738543950663,6.499999999999991,1.618105653885512,1.97678990851927,2.2206340275732694,0.7347913618596387,0.0,0.0,0.0,"[(4.0, 7.999999999999986)]",4.049999999999986,True
13,3,1407,13.029999999999996,0.0003,0.00021999999999999998,"[4.0, 8.0]",2.1778801374009786,7.649999999999987,1.8472556549066554,2.0403000457539893,2.1074063739121467,0.5236481683614955,0.0,0.0,0.0,"[(4.0, 7.999999999999986)]",4.049999999999986,True
13,3,1407,13.039999999999996,0.0003,0.00021999999999999998,"[4.0, 8.0]",2.116614767434119,4.849999999999997,1.5973489917881474,1.5695829694481103,1.3759556556671955,0.3392755636622613,0.0,0.0,0.0,"[(4.0, 7.999999999999986)]",4.049999999999986,True
13,3,1407,13.049999999999995,0.0003,0.00021999999999999998,"[4.0, 8.0]",2.053929536071011,4.449999999999998,1.004620733158359,0.8591896477822835,1.7432147664855426,0.5997240933539421,0.0,0.0,0.0,"[(4.0, 7.999999999999986)]",4.049999999999986,True
13,3,1407,13.059999999999995,0.0003,0.00021999999999999998,"[4.0, 8.0]",1.979258910127137,4.05,0.42099415840171445,0.06158069340288283,1.9791741448908742,0.6288867592143897,0.0,0.0,0.0,"[(4.0, 7.999999999999986)]",4.049999999999986,True
13,3,1407,13.069999999999995,0.0003,0.00021999999999999998,"[4.0, 8.0]",1.60698529667082,4.0,0.532440893205735,0.549980176293161,1.6066796717987046,0.3690280682844587,0.0,0.0,0.0,"[(4.0, 7.999999999999986)]",4.049999999999986,True
13,3,1407,13.079999999999995,0.0003,0.00021999999999999998,"[4.0, 8.0]",1.570571733096575,6.549999999999991,0.989825485779681,1.1462110275136574,1.569660623657342,0.522945392047821,0.0,0.0,0.0,"[(4.0, 7.999999999999986)]",4.049999999999986,True
13,3,1407,13.089999999999995,0.0003,0.00021999999999999998,"[4.0, 8.0]",1.776839507420879,7.099999999999989,1.4005731120001121,1.7203970318292703,1.7744711221276552,0.572124736891912,0.0,0.0,0.0,"[(4.0, 7.999999999999986)]",4.049999999999986,True
13,3,1407,13.099999999999994,0.0003,0.00021999999999999998,"[4.0, 8.0]",1.7037418025034599,4.9999999999999964,1.3248387018944559,1.3281101324446873,1.3755064892963351,0.2919099772634692,0.0,0.0,0.0,"[(4.0, 7.999999999999986)]",4.049999999999986,True
13,3,1407,13.109999999999994,0.0003,0.00021999999999999998,"[4.0, 8.0]",1.6421689552007468,4.499999999999998,0.7974534269409634,0.6655862756764551,1.3992225633073416,0.4791185177086554,0.0,0.0,0.0,"[(4.0, 7.999999999999986)]",4.049999999999986,True
13,3,1407,13.119999999999994,0.0003,0.00021999999999999998,"[4.0, 8.0]",1.5797041510515597,4.1,0.3424150879708039,0.053920498001301956,1.5796746753081843,0.5121929366988452,0.0,0.0,0.0,"[(4.0, 7.999999999999986)]",4.049999999999986,True
13,3,1407,13.129999999999994,0.0003,0.00021999999999999998,"[4.0, 8.0]",1.1537604517638564,4.0,0.5562644176752856,0.6093776682173561,1.1528448645979088,0.32048402578287316,0.0,0.0,0.0,"[(4.0, 7.999999999999986)]",4.049999999999986,True
13,3,1407,13.139999999999993,0.0003,0.00021999999999999998,"[4.0, 8.0]",1.4463654832763582,6.549999999999991,1.0114885587303752,1.23976794300221,1.4456739478626852,0.49227495083797507,0.0,0.0,0.0,"[(4.0, 7.999999999999986)]",4.049999999999986,True
13,3,1407,13.149999999999993,0.0003,0.00021999999999999998,"[4.0, 8.0]",1.4136766255730366,7.849999999999986,1.1553846164425654,1.2526104559856681,1.3865815221169249,0.33958811537712175,0.0,0.0,0.0,"[(4.0, 7.999999999999986)]",4.049999999999986,True
13,3,1407,13.159999999999993,0.0003,0.00021999999999999998,"[4.0, 8.0]",1.338772887112642,4.499999999999998,0.6345570097989536,0.5354055811213929,1.156415022454741,0.3946599466888889,0.0,0.0,0.0,"[(4.0, 7.999999999999986)]",4.049999999999986,True
13,3,1407,13.169999999999993,0.0003,0.00021999999999999998,"[4.0, 8.0]",1.281494124474483,4.1,0.2716615907209541,0.0716557490669703,1.2814637670295497,0.40625370630399,0.0,0.0,0.0,"[(4.0, 7.999999999999986)]",4.049999999999986,True
13,3,1407,13.179999999999993,0.0003,0.00021999999999999998,"[4.0, 8.0]",0.9784838650763508,6.599999999999991,0.5972453733954171,0.6782549616693078,0.9780865102212511,0.3222379802969273,0.0,0.0,0.0,"[(4.0, 7.999999999999986)]",4.049999999999986,True
13,3,1407,13.189999999999992,0.0003,0.00021999999999999998,"[4.0, 8.0]",1.1968694786698706,7.399999999999988,0.9508636244651929,1.163220192982832,1.1960138656322807,0.3864413061852509,0.0,0.0,0.0,"[(4.0, 7.999999999999986)]",4.049999999999986,True
13,3,1407,13.199999999999992,0.0003,0.00021999999999999998,"[4.0, 8.0]",1.1289744340024943,4.749999999999997,0.6823464198724859,0.636319667485153,0.7665545251894357,0.2558194897239945,0.0,0.0,0.0,"[(4.0, 7.999999999999986)]",4.049999999999986,True
13,3,1407,12.85,0.0003,0.00023999999999999998,"[4.0, 8.0]",5.671489735463606,6.3999999999999915,4.353696191117222,5.196835180306955,5.668333994087206,1.7479276601375797,0.0,0.0,0.0,"[(4.6999999999999975, 7.999999999999986)]",3.349999999999988,True
13,3,1407,12.86,0.0003,0.00023999999999999998,"[4.0, 8.0]",5.60172685918171,7.449999999999988,4.9394500748113,5.40251331144327,5.257928157827493,1.2153199524022271,0.0,0.0,0.0,"[(4.349999999999999, 7.999999999999986)]",3.699999999999987,True
13,3,1407,12.87,0.0003,0.00023999999999999998,"[4.0, 8.0]",5.48251750595303,4.799999999999997,4.6266524195809895,4.631615732960796,2.714603515414826,0.6209206857206448,0.0,0.0,0.0,"[(4.0, 7.999999999999986)]",4.049999999999986,True
13,3,1407,12.879999999999999,0.0003,0.00023999999999999998,"[4.0, 8.0]",5.362207980326845,4.399999999999999,3.2928497857162684,3.1111986361840085,3.7232667397193295,1.288090935453765,0.0,0.0,0.0,"[(4.0, 5.699999999999994), (7.149999999999989, 7.999999999999986)]",2.6499999999999906,True
13,3,1407,12.889999999999999,0.0003,0.00023999999999999998,"[4.0, 8.0]",5.243304199375159,4.05,1.64879762558714,0.9133873559465115,5.202528628768074,1.7228799136367843,0.0,0.0,0.0,"[(4.0, 5.049999999999996), (7.849999999999986, 7.999999999999986)]",1.2999999999999954,True
13,3,1407,12.899999999999999,0.0003,0.00023999999999999998,"[4.0, 8.0]",4.858287181799364,4.0,0.9756456698461189,0.5432301162649505,4.858287281266426,1.2809185402716934,0.0,0.0,0.0,"[(4.0, 4.649999999999998)]",0.6999999999999975,True
13,3,1407,12.909999999999998,0.0003,0.00023999999999999998,"[4.0, 8.0]",3.6179867087765456,4.0,1.5175683649068212,1.6290528953356262,3.6155833816411547,0.9303981412183255,0.0,0.0,0.0,"[(4.0, 4.499999999999998), (5.199999999999996, 7.699999999999987)]",3.099999999999989,True
13,3,1407,12.919999999999998,0.0003,0.00023999999999999998,"[4.0, 8.0]",3.8557187457919135,6.449999999999991,2.573168307037794,3.0576649757311483,3.8557051081666014,1.2600373257690483,0.0,0.0,0.0,"[(4.0, 4.1), (4.749999999999997, 7.999999999999986)]",3.4499999999999877,True
13,3,1407,12.929999999999998,0.0003,0.00023999999999999998,"[4.0, 8.0]",4.22056999530243,6.149999999999992,3.4364967865005345,4.066576016650592,4.2178227811107885,1.2300588380145439,0.0,0.0,0.0,"[(4.449999999999998, 7.999999999999986)]",3.599999999999987,True
13,3,1407,12.939999999999998,0.0003,0.00023999999999999998,"[4.0, 8.0]",4.116520905999227,7.7999999999999865,3.622195727035269,3.773076686020625,3.1922009282521615,0.6579534272222279,0.0,0.0,0.0,"[(4.05, 7.999999999999986)]",3.999999999999986,True
13,3,1407,12.949999999999998,0.0003,0.00023999999999999998,"[4.0, 8.0]",4.017537008648856,4.649999999999998,3.034914087675726,2.9834631766990736,1.8564166094677477,0.6264353877305231,0.0,0.0,0.0,"[(4.0, 7.999999999999986)]",4.049999999999986,True
13,3,1407,12.959999999999997,0.0003,0.00023999999999999998,"[4.0, 8.0]",3.920404395209622,4.299999999999999,1.8895105759933746,1.5920680620176775,3.3495828066482303,1.1533286510167888,0.0,0.0,0.0,"[(4.0, 5.849999999999993), (7.149999999999989, 7.999999999999986)]",2.79999999999999,True
13,3,1407,12.969999999999997,0.0003,0.00023999999999999998,"[4.0, 8.0]",3.797232731151261,4.0,0.8174446647112857,0.12937328335848683,3.7972048274362784,1.174732844594922,0.0,0.0,0.0,"[(4.0, 5.049999999999996), (7.899999999999986, 7.999999999999986)]",1.2499999999999956,True
13,3,1407,12.979999999999997,0.0003,0.00023999999999999998,"[4.0, 8.0]",2.9718219525245395,4.0,0.9103247610339332,0.9161555971024145,2.9718216324840414,0.6755104000822971,0.0,0.0,0.0,"[(4.0, 7.999999999999986)]",4.049999999999986,True
13,3,1407,12.989999999999997,0.0003,0.00023999999999999998,"[4.0, 8.0]",2.7778741869336514,6.499999999999991,1.7652539767114048,2.0542761107094907,2.7767498783443263,0.9159439388943346,0.0,0.0,0.0,"[(4.0, 7.999999999999986)]",4.049999999999986,True
13,3,1407,12.999999999999996,0.0003,0.00023999999999999998,"[4.0, 8.0]",3.2506764533620203,6.499999999999991,2.4819278600544226,3.0036205629046018,3.248652391033498,1.0291675285783823,0.0,0.0,0.0,"[(4.349999999999999, 7.999999999999986)]",3.699999999999987,True
13,3,1407,13.009999999999996,0.0003,0.00023999999999999998,"[4.0, 8.0]",3.1754965817824314,7.699999999999987,2.7616256596419193,2.99318057154672,2.8738750646768945,0.6673012342311736,0.0,0.0,0.0,"[(4.0, 7.999999999999986)]",4.049999999999986,True
13,3,1407,13.019999999999996,0.0003,0.00023999999999999998,"[4.0, 8.0]",3.072583580360044,4.6999999999999975,2.2563415543617786,2.226667092642776,1.5115110549642305,0.5074628993065703,0.0,0.0,0.0,"[(4.0, 7.999999999999986)]",4.049999999999986,True
13,3,1407,13.029999999999996,0.0003,0.00023999999999999998,"[4.0, 8.0]",2.966811363569373,4.249999999999999,1.1279735545229088,0.7673215564128754,2.812344389160512,0.9638815393099757,0.0,0.0,0.0,"[(4.0, 7.999999999999986)]",4.049999999999986,True
13,3,1407,13.039999999999996,0.0003,0.00023999999999999998,"[4.0, 8.0]",2.82487092115339,4.0,0.5371396307729434,0.2003536273774882,2.824633026441799,0.7963010153668378,0.0,0.0,0.0,"[(4.0, 7.999999999999986)]",4.049999999999986,True
13,3,1407,13.049999999999995,0.0003,0.00023999999999999998,"[4.0, 8.0]",2.0518697942848756,4.0,0.8515877477939595,0.9233087295566342,2.051727430760631,0.5192011729500936,0.0,0.0,0.0,"[(4.0, 7.999999999999986)]",4.049999999999986,True
13,3,1407,13.059999999999995,0.0003,0.00023999999999999998,"[4.0, 8.0]",2.460121270487947,6.549999999999991,1.6886931001664112,2.0375825955759668,2.4574913183928575,0.8241544761214722,0.0,0.0,0.0,"[(4.0, 7.999999999999986)]",4.049999999999986,True
13,3,1407,13.069999999999995,0.0003,0.00023999999999999998,"[4.0, 8.0]",2.5144956259241633,5.499999999999995,2.1401241492461365,2.4070760659899233,2.4570960491620584,0.6373226447398674,0.0,0.0,0.0,"[(4.0, 7.999999999999986)]",4.049999999999986,True
13,3,1407,13.079999999999995,0.0003,0.00023999999999999998,"[4.0, 8.0]",2.43300366282912,4.849999999999997,1.867155054997148,1.8471213251325809,1.4844144641955077,0.3660743529611455,0.0,0.0,0.0,"[(4.0, 7.999999999999986)]",4.049999999999986,True
13,3,1407,13.089999999999995,0.0003,0.00023999999999999998,"[4.0, 8.0]",2.3413922797262616,4.349999999999999,0.9865501012474076,0.7216708341188276,2.1411912963920607,0.7414569212322777,0.0,0.0,0.0,"[(4.0, 7.999999999999986)]",4.049999999999986,True
13,3,1407,13.099999999999994,0.0003,0.00023999999999999998,"[4.0, 8.0]",2.1634300044104267,4.0,0.43317477461638393,0.25628114352025994,2.1633793241940147,0.5584100614801907,0.0,0.0,0.0,"[(4.0, 7.999999999999986)]",4.049999999999986,True
13,3,1407,13.109999999999994,0.0003,0.00023999999999999998,"[4.0, 8.0]",1.505785795598356,6.549999999999991,0.9038725844481119,1.0062604827063883,1.5049444126236085,0.49451551483044953,0.0,0.0,0.0,"[(4.0, 7.999999999999986)]",4.049999999999986,True
13,3,1407,13.119999999999994,0.0003,0.00023999999999999998,"[4.0, 8.0]",2.065927146235604,6.549999999999991,1.5310885475194909,1.880575688039233,2.0657958370818434,0.6863845450779333,0.0,0.0,0.0,"[(4.0, 7.999999999999986)]",4.049999999999986,True
13,3,1407,13.129999999999994,0.0003,0.00023999999999999998,"[4.0, 8.0]",1.974647449428986,4.9999999999999964,1.5833699227155957,1.6053716026014822,1.5781022279991734,0.3267097247750234,0.0,0.0,0.0,"[(4.0, 7.999999999999986)]",4.049999999999986,True
13,3,1407,13.139999999999993,0.0003,0.00023999999999999998,"[4.0, 8.0]",1.891773863057201,4.449999999999998,0.8834052313296471,0.7203304719041193,1.6450119691241527,0.5682393053395308,0.0,0.0,0.0,"[(4.0, 7.999999999999986)]",4.049999999999986,True
13,3,1407,13.149999999999993,0.0003,0.00023999999999999998,"[4.0, 8.0]",1.799175551497162,4.0,0.3549980742724308,0.14663440433002922,1.799174661418821,0.5128745330379054,0.0,0.0,0.0,"[(4.0, 7.999999999999986)]",4.049999999999986,True
13,3,1407,13.159999999999993,0.0003,0.00023999999999999998,"[4.0, 8.0]",1.4354341331444824,6.599999999999991,0.8944894385401446,1.0123110854824282,1.43465965747436,0.4772392176315832,0.0,0.0,0.0,"[(4.0, 7.999999999999986)]",4.049999999999986,True
13,3,1407,13.169999999999993,0.0003,0.00023999999999999998,"[4.0, 8.0]",1.6781083042960412,7.299999999999988,1.3460379643067568,1.6506527702925256,1.6776261737145703,0.5304069056829765,0.0,0.0,0.0,"[(4.0, 7.999999999999986)]",4.049999999999986,True
13,3,1407,13.179999999999993,0.0003,0.00023999999999999998,"[4.0, 8.0]",1.578498637169822,4.6999999999999975,0.98634853631383,0.9405779350644622,1.0341221375973688,0.3443767314381252,0.0,0.0,0.0,"[(4.0, 7.999999999999986)]",4.049999999999986,True
13,3,1407,13.189999999999992,0.0003,0.00023999999999999998,"[4.0, 8.0]",1.4950196356259609,4.1,0.33352134835621167,0.04096643020180786,1.4950142153963875,0.4955111261912139,0.0,0.0,0.0,"[(4.0, 7.999999999999986)]",4.049999999999986,True
13,3,1407,13.199999999999992,0.0003,0.00023999999999999998,"[4.0, 8.0]",1.0722624413726582,6.599999999999991,0.649242156728648,0.7292154640414704,1.0722494802272373,0.35276837823322993,0.0,0.0,0.0,"[(4.0, 7.999999999999986)]",4.049999999999986,True
13,3,1407,12.85,0.0003,0.00026,"[4.0, 8.0]",12.417466175603444,4.449999999999998,7.308911979595883,7.218524475620453,9.730043428049816,3.3498804695231748,0.0,0.0,0.0,"[(4.05, 5.099999999999996), (7.749999999999987, 7.999999999999986)]",1.399999999999995,True
13,3,1407,12.86,0.0003,0.00026,"[4.0, 8.0]",12.185415631369905,4.0,3.5973037603651927,2.7604071142305564,12.18383789834723,3.4493141370935714,0.0,0.0,0.0,"[(4.0, 4.449999999999998)]",0.4999999999999982,True
13,3,1407,12.87,0.0003,0.00026,"[4.0, 8.0]",9.01793249270876,4.0,5.784305878028552,6.7346343450927115,9.006125330721728,2.4300985441934606,0.0,0.0,0.0,"[(4.0, 4.199999999999999), (5.349999999999995, 7.499999999999988)]",2.4499999999999913,True
13,3,1407,12.879999999999999,0.0003,0.00026,"[4.0, 8.0]",8.572432510797439,7.2499999999999885,7.314545977056326,8.435986985560934,8.55819423186437,2.336783318562429,0.0,0.0,0.0,"[(4.599999999999998, 7.999999999999986)]",3.4499999999999877,True
13,3,1407,12.889999999999999,0.0003,0.00026,"[4.0, 8.0]",8.389949263432152,4.799999999999997,7.163849745479275,7.2287937728586105,4.452927112384392,0.9269188208019314,0.0,0.0,0.0,"[(4.1499999999999995, 7.999999999999986)]",3.899999999999986,True
13,3,1407,12.899999999999999,0.0003,0.00026,"[4.0, 8.0]",8.213512973188326,4.299999999999999,4.6930163265210485,4.332158869294452,6.293574425824111,2.1742596200720543,0.0,0.0,0.0,"[(4.0, 5.199999999999996), (7.649999999999987, 7.999999999999986)]",1.6499999999999941,True
13,3,1407,12.909999999999998,0.0003,0.00026,"[4.0, 8.0]",7.972599091404988,4.0,1.8778556570373994,0.48083156033414765,7.9714923993612485,2.4729938602868655,0.0,0.0,0.0,"[(4.0, 4.599999999999998)]",0.6499999999999977,True
13,3,1407,12.919999999999998,0.0003,0.00026,"[4.0, 8.0]",6.010342371945426,4.0,2.6794736506691765,2.9465093271975777,6.006189848591715,1.5351891844760945,0.0,0.0,0.0,"[(4.0, 4.299999999999999), (5.649999999999994, 7.2499999999999885)]",1.999999999999993,True
13,3,1407,12.929999999999998,0.0003,0.00026,"[4.0, 8.0]",6.138355900369765,6.449999999999991,4.557676269628813,5.4711827364207,6.1299115619411175,1.9266962436746489,0.0,0.0,0.0,"[(4.849999999999997, 7.999999999999986)]",3.1999999999999886,True
13,3,1407,12.939999999999998,0.0003,0.00026,"[4.0, 8.0]",6.144765934006239,5.349999999999995,5.482024861069796,5.92522089657895,5.438586454019521,1.2137762888657135,0.0,0.0,0.0,"[(4.299999999999999, 7.999999999999986)]",3.7499999999999867,True
13,3,1407,12.949999999999998,0.0003,0.00026,"[4.0, 8.0]",5.992893434720855,4.6999999999999975,4.870920022390697,4.863437946974788,2.1473770547067597,0.7302172151436511,0.0,0.0,0.0,"[(4.0, 7.999999999999986)]",4.049999999999986,True
13,3,1407,12.959999999999997,0.0003,0.00026,"[4.0, 8.0]",5.83977746106263,4.249999999999999,2.8845853788864706,2.488301700506624,4.923247233675331,1.6869313957665755,0.0,0.0,0.0,"[(4.0, 5.299999999999995), (7.649999999999987, 7.999999999999986)]",1.7499999999999938,True
13,3,1407,12.969999999999997,0.0003,0.00026,"[4.0, 8.0]",5.481856816124351,4.0,1.1062394454125108,0.3824001538306504,5.481805101706859,1.574355292757691,0.0,0.0,0.0,"[(4.0, 4.649999999999998)]",0.6999999999999975,True
13,3,1407,12.979999999999997,0.0003,0.00026,"[4.0, 8.0]",3.4466959832377664,4.0,1.9746989638562038,2.198391390217812,3.4443186146488407,1.071715762974136,0.0,0.0,0.0,"[(4.0, 4.449999999999998), (4.9999999999999964, 7.949999999999986)]",3.4999999999999876,True
13,3,1407,12.989999999999997,0.0003,0.00026,"[4.0, 8.0]",4.626006539540976,6.499999999999991,3.418774358034936,4.123127184443583,4.625725603587059,1.4784304999565232,0.0,0.0,0.0,"[(4.6999999999999975, 7.999999999999986)]",3.349999999999988,True
13,3,1407,12.999999999999996,0.0003,0.00026,"[4.0, 8.0]",4.62758765095676,7.549999999999987,4.0888111418210755,4.477211865377247,4.1571122923401385,0.9790761451077492,0.0,0.0,0.0,"[(4.249999999999999, 7.999999999999986)]",3.7999999999999865,True
13,3,1407,13.009999999999996,0.0003,0.00026,"[4.0, 8.0]",4.490471604759536,4.749999999999997,3.6135464008801894,3.5949013094457793,1.7952641565999512,0.5619227850987414,0.0,0.0,0.0,"[(4.0, 7.999999999999986)]",4.049999999999986,True
13,3,1407,13.019999999999996,0.0003,0.00026,"[4.0, 8.0]",4.330888732764335,4.199999999999999,1.7953195839312976,1.3343356317821216,3.968841796786835,1.3508371874255134,0.0,0.0,0.0,"[(4.0, 5.499999999999995), (7.549999999999987, 7.999999999999986)]",2.0499999999999927,True
13,3,1407,13.029999999999996,0.0003,0.00026,"[4.0, 8.0]",3.8450888059500947,4.0,0.769984018183086,0.48160968152448214,3.844915402002774,0.9764065271360749,0.0,0.0,0.0,"[(4.0, 4.749999999999997)]",0.7999999999999972,True
13,3,1407,13.039999999999996,0.0003,0.00026,"[4.0, 8.0]",2.622737218118856,6.499999999999991,1.5923114459168601,1.7630541346849244,2.622723101762972,0.8558269623126462,0.0,0.0,0.0,"[(4.0, 7.999999999999986)]",4.049999999999986,True
13,3,1407,13.049999999999995,0.0003,0.00026,"[4.0, 8.0]",3.6134044439556345,6.499999999999991,2.68043599014411,3.2270186355906527,3.6085605210654945,1.163926839053944,0.0,0.0,0.0,"[(4.499999999999998, 7.999999999999986)]",3.5499999999999874,True
13,3,1407,13.059999999999995,0.0003,0.00026,"[4.0, 8.0]",3.5455998189834954,5.199999999999996,3.108605811904475,3.2546113034187476,2.785648849621463,0.5869764219678532,0.0,0.0,0.0,"[(4.0, 7.999999999999986)]",4.049999999999986,True
13,3,1407,13.069999999999995,0.0003,0.00026,"[4.0, 8.0]",3.4004481165206846,4.449999999999998,2.09818380063937,1.9725014400102974,2.303657990303273,0.7897662230073481,0.0,0.0,0.0,"[(4.0, 7.999999999999986)]",4.049999999999986,True
13,3,1407,13.079999999999995,0.0003,0.00026,"[4.0, 8.0]",3.2766042309899697,4.05,0.823995025158813,0.265698831852949,3.276599302630755,1.0722698241528288,0.0,0.0,0.0,"[(4.0, 5.499999999999995), (7.599999999999987, 7.999999999999986)]",1.999999999999993,True
13,3,1407,13.089999999999995,0.0003,0.00026,"[4.0, 8.0]",2.499060277776611,4.0,0.8000688305201562,0.8180086960268108,2.498379101724002,0.5642064508530594,0.0,0.0,0.0,"[(4.0, 7.999999999999986)]",4.049999999999986,True
13,3,1407,13.099999999999994,0.0003,0.00026,"[4.0, 8.0]",2.8032422896249445,6.549999999999991,1.9671848399255598,2.4019767386615047,2.8000113058907714,0.935718084723868,0.0,0.0,0.0,"[(4.0, 7.999999999999986)]",4.049999999999986,True
13,3,1407,13.109999999999994,0.0003,0.00026,"[4.0, 8.0]",2.8344133911976193,7.699999999999987,2.452362131279907,2.6869668940518694,2.618945000728141,0.6319320539603276,0.0,0.0,0.0,"[(4.0, 7.999999999999986)]",4.049999999999986,True
13,3,1407,13.119999999999994,0.0003,0.00026,"[4.0, 8.0]",2.716398384889292,4.649999999999998,1.860232767753166,1.8211777819695687,1.5490094683045472,0.5180663489754121,0.0,0.0,0.0,"[(4.0, 7.999999999999986)]",4.049999999999986,True
13,3,1407,13.129999999999994,0.0003,0.00026,"[4.0, 8.0]",2.5685940740865116,4.0,0.5413630283878021,0.059671671569422546,2.568570686595447,0.8095603670766929,0.0,0.0,0.0,"[(4.0, 7.999999999999986)]",4.049999999999986,True
13,3,1407,13.139999999999993,0.0003,0.00026,"[4.0, 8.0]",1.736746508918706,4.0,0.8128441637522985,0.8758489118961638,1.7360063452219567,0.46995263186126907,0.0,0.0,0.0,"[(4.0, 7.999999999999986)]",4.049999999999986,True
13,3,1407,13.149999999999993,0.0003,0.00026,"[4.0, 8.0]",2.339983659169993,6.549999999999991,1.7169571782084674,2.0925134270807764,2.3399445024752548,0.776766898789069,0.0,0.0,0.0,"[(4.0, 7.999999999999986)]",4.049999999999986,True
13,3,1407,13.159999999999993,0.0003,0.00026,"[4.0, 8.0]",2.2340496311355618,4.899999999999997,1.7581594339278552,1.763528543346389,1.5009974530018673,0.3271349976123677,0.0,0.0,0.0,"[(4.0, 7.999999999999986)]",4.049999999999986,True
13,3,1407,13.169999999999993,0.0003,0.00026,"[4.0, 8.0]",2.1298366855247894,4.299999999999999,0.8163008121983565,0.5429062396587979,2.0100370123006845,0.6987985451785984,0.0,0.0,0.0,"[(4.0, 7.999999999999986)]",4.049999999999986,True
13,3,1407,13.179999999999993,0.0003,0.00026,"[4.0, 8.0]",1.6255387563917967,4.0,0.5738128209669495,0.5920734107127502,1.6250502326498764,0.3747146447229706,0.0,0.0,0.0,"[(4.0, 7.999999999999986)]",4.049999999999986,True
13,3,1407,13.189999999999992,0.0003,0.00026,"[4.0, 8.0]",1.9271485620743654,6.599999999999991,1.3923254957912943,1.7179886971854332,1.9270176343732102,0.6504318463568105,0.0,0.0,0.0,"[(4.0, 7.999999999999986)]",4.049999999999986,True
13,3,1407,13.199999999999992,0.0003,0.00026,"[4.0, 8.0]",1.8346793594886133,4.899999999999997,1.3892224695478792,1.3633350707905887,1.2856727550770497,0.2914197807303915,0.0,0.0,0.0,"[(4.0, 7.999999999999986)]",4.049999999999986,True
13,3,1407,12.85,0.0003,0.00028,"[4.0, 8.0]",10.810515649944687,7.999999999999986,7.845610709400036,8.74305009737289,8.81921090512851,2.786828948249173,0.0,0.0,0.0,"[(5.699999999999994, 7.999999999999986)]",2.3499999999999917,True
13,3,1407,12.86,0.0003,0.00028,"[4.0, 8.0]",13.806839689772652,7.599999999999987,11.00411455466251,12.006319067796262,9.02171504407212,2.7908870111378308,0.0,0.0,0.0,"[(5.599999999999994, 7.999999999999986)]",2.4499999999999913,True
13,3,1407,12.87,0.0003,0.00028,"[4.0, 8.0]",17.017622440812485,7.549999999999987,14.333366914615729,15.384901662621438,8.983853609512328,2.753725504854129,0.5432098765432098,0.037037037037037035,0.0,"[(5.499999999999995, 7.999999999999986)]",2.549999999999991,True
13,3,1407,12.879999999999999,0.0003,0.00028,"[4.0, 8.0]",20.16897418008481,7.549999999999987,17.5585738405331,18.599117813502495,8.876143339264285,2.695719920014967,0.7901234567901234,0.654320987654321,0.2222222222222222,"[(5.449999999999995, 7.999999999999986)]",2.5999999999999908,True
13,3,1407,12.889999999999999,0.0003,0.00028,"[4.0, 8.0]",22.785277879847754,7.649999999999987,20.221050257058234,21.06639014380047,8.476465966314734,2.5033111498828036,0.9629629629629629,0.8518518518518519,0.6172839506172839,"[(5.449999999999995, 7.999999999999986)]",2.5999999999999908,True
13,3,1407,12.899999999999999,0.0003,0.00028,"[4.0, 8.0]",24.49558083155315,7.999999999999986,21.476336738325745,21.54790103430696,7.490704872529609,1.8919654475543444,1.0,1.0,0.7901234567901234,"[(5.949999999999993, 7.999999999999986)]",2.0999999999999925,True
13,3,1407,12.909999999999998,0.0003,0.00028,"[4.0, 8.0]",23.58699782187431,7.999999999999986,18.54714828584602,18.972058752526014,8.327034855768016,2.204949408325885,1.0,0.691358024691358,0.2716049382716049,"[(7.549999999999987, 7.999999999999986)]",0.4999999999999982,True
13,3,1407,12.919999999999998,0.0003,0.00028,"[4.0, 8.0]",19.501580801537138,4.0,8.934114486321244,9.220422689203312,19.50137369711287,5.15758771717688,0.14814814814814814,0.1111111111111111,0.0,"[(4.0, 4.449999999999998)]",0.4999999999999982,True
13,3,1407,12.929999999999998,0.0003,0.00028,"[4.0, 8.0]",13.387134145616937,5.349999999999995,11.69587202269607,12.819631830942967,13.355929462575286,3.0306213320883573,0.0,0.0,0.0,"[(4.0, 4.0), (4.6999999999999975, 7.999999999999986)]",3.399999999999988,True
13,3,1407,12.939999999999998,0.0003,0.00028,"[4.0, 8.0]",13.077484565693396,4.399999999999999,7.786520314317528,7.532309254278892,10.034503353573786,3.4289909327993087,0.0,0.0,0.0,"[(4.0, 5.099999999999996), (7.849999999999986, 7.999999999999986)]",1.3499999999999952,True
13,3,1407,12.949999999999998,0.0003,0.00028,"[4.0, 8.0]",12.262381522556392,4.0,4.260191498366324,4.44816141890136,12.25933129202666,3.082988013778024,0.0,0.0,0.0,"[(4.0, 4.349999999999999)]",0.3999999999999986,True
13,3,1407,12.959999999999997,0.0003,0.00028,"[4.0, 8.0]",9.203192518829146,6.499999999999991,7.192113342394007,8.486424496316111,9.2029667306456,2.66415808625415,0.0,0.0,0.0,"[(4.949999999999997, 7.999999999999986)]",3.099999999999989,True
13,3,1407,12.969999999999997,0.0003,0.00028,"[4.0, 8.0]",9.029854007516835,7.999999999999986,8.025391372860007,8.191788976614163,5.446606590601535,0.9966445324454575,0.0,0.0,0.0,"[(4.199999999999999, 7.999999999999986)]",3.8499999999999863,True
13,3,1407,12.979999999999997,0.0003,0.00028,"[4.0, 8.0]",8.730158848726111,4.1499999999999995,3.9475186343025377,3.2836992876044695,7.896243119569158,2.683546333127528,0.0,0.0,0.0,"[(4.0, 4.9999999999999964), (7.949999999999986, 7.999999999999986)]",1.149999999999996,True
13,3,1407,12.989999999999997,0.0003,0.00028,"[4.0, 8.0]",7.211565203272684,4.0,2.3077345579242436,2.3504665379885976,7.211410051081991,1.704276623426575,0.0,0.0,0.0,"[(4.0, 4.349999999999999)]",0.3999999999999986,True
13,3,1407,12.999999999999996,0.0003,0.00028,"[4.0, 8.0]",6.477892799544466,6.499999999999991,4.677646318322551,5.626018637477922,6.46927717387994,2.0480642732663097,0.0,0.0,0.0,"[(4.949999999999997, 7.999999999999986)]",3.099999999999989,True
13,3,1407,13.009999999999996,0.0003,0.00028,"[4.0, 8.0]",6.675633694458974,7.649999999999987,6.025939240045987,6.4709479010779845,5.493439169159615,1.2062889815779154,0.0,0.0,0.0,"[(4.299999999999999, 7.999999999999986)]",3.7499999999999867,True
13,3,1407,13.019999999999996,0.0003,0.00028,"[4.0, 8.0]",6.425547481650136,4.449999999999998,4.494542197943417,4.342949051176101,3.5581114593527827,1.2184964959888358,0.0,0.0,0.0,"[(4.0, 5.899999999999993), (7.149999999999989, 7.999999999999986)]",2.84999999999999,True
13,3,1407,13.029999999999996,0.0003,0.00028,"[4.0, 8.0]",5.993612901204583,4.0,1.2605942148858578,0.2337798857908091,5.993612955272153,1.8121906384445576,0.0,0.0,0.0,"[(4.0, 4.6999999999999975)]",0.7499999999999973,True
13,3,1407,13.039999999999996,0.0003,0.00028,"[4.0, 8.0]",3.5911478607139733,4.0,2.146513678285105,2.3975987825622007,3.588911048630473,1.1410960197730378,0.0,0.0,0.0,"[(4.0, 4.449999999999998), (5.049999999999996, 7.999999999999986)]",3.4999999999999876,True
13,3,1407,13.049999999999995,0.0003,0.00028,"[4.0, 8.0]",5.132332556179961,6.499999999999991,3.9567205618420447,4.705765589432333,5.131949487760499,1.5775243892347253,0.0,0.0,0.0,"[(4.649999999999998, 7.999999999999986)]",3.399999999999988,True
13,3,1407,13.059999999999995,0.0003,0.00028,"[4.0, 8.0]",4.991776703485941,4.9999999999999964,4.407396944113924,4.472865472005082,2.636900047916656,0.5109680846033119,0.0,0.0,0.0,"[(4.0, 7.999999999999986)]",4.049999999999986,True
13,3,1407,13.069999999999995,0.0003,0.00028,"[4.0, 8.0]",4.769652796106047,4.199999999999999,2.2526720437330834,1.8460732315222987,4.05807771663218,1.3843323721695289,0.0,0.0,0.0,"[(4.0, 5.5499999999999945), (7.549999999999987, 7.999999999999986)]",2.0999999999999925,True
13,3,1407,13.079999999999995,0.0003,0.00028,"[4.0, 8.0]",4.203608416100562,4.0,0.812854903136638,0.432922138053704,4.203589496179414,1.1010085920859494,0.0,0.0,0.0,"[(4.0, 4.749999999999997)]",0.7999999999999972,True
13,3,1407,13.089999999999995,0.0003,0.00028,"[4.0, 8.0]",3.2804157966787817,6.549999999999991,2.0862957151413006,2.431972030202543,3.2804157729390955,1.0810309475653812,0.0,0.0,0.0,"[(4.0, 4.299999999999999), (4.749999999999997, 7.999999999999986)]",3.649999999999987,True
13,3,1407,13.099999999999994,0.0003,0.00028,"[4.0, 8.0]",3.9919987157574526,7.449999999999988,3.493069415237463,3.911462152828082,3.661170509819518,0.9123352551817985,0.0,0.0,0.0,"[(4.199999999999999, 7.999999999999986)]",3.8499999999999863,True
13,3,1407,13.109999999999994,0.0003,0.00028,"[4.0, 8.0]",3.815913473032662,4.649999999999998,2.866378683567819,2.846247234161061,1.7598986688875375,0.5876537171682182,0.0,0.0,0.0,"[(4.0, 7.999999999999986)]",4.049999999999986,True
13,3,1407,13.119999999999994,0.0003,0.00028,"[4.0, 8.0]",3.6371503442517366,4.0,1.0046399862421362,0.43096505768487,3.6239372106849257,1.1861823620860468,0.0,0.0,0.0,"[(4.0, 5.399999999999995), (7.749999999999987, 7.999999999999986)]",1.7499999999999938,True
13,3,1407,13.129999999999994,0.0003,0.00028,"[4.0, 8.0]",2.0613806086557895,6.549999999999991,1.2323642775116,1.358372710058846,2.05941292866774,0.6769402500953653,0.0,0.0,0.0,"[(4.0, 7.999999999999986)]",4.049999999999986,True
13,3,1407,13.139999999999993,0.0003,0.00028,"[4.0, 8.0]",3.2383316111140736,6.549999999999991,2.5114963227941627,3.012169614454869,3.235316170808137,1.0066558497782094,0.0,0.0,0.0,"[(4.299999999999999, 7.999999999999986)]",3.7499999999999867,True
13,3,1407,13.149999999999993,0.0003,0.00028,"[4.0, 8.0]",3.090096430406552,4.899999999999997,2.5569963956294575,2.568972524835125,1.7357467940931435,0.3715257078256831,0.0,0.0,0.0,"[(4.0, 7.999999999999986)]",4.049999999999986,True
13,3,1407,13.159999999999993,0.0003,0.00028,"[4.0, 8.0]",2.888036168908696,4.05,0.7425046259887318,0.26263742273583673,2.8874702111807924,0.9502364566653506,0.0,0.0,0.0,"[(4.0, 7.999999999999986)]",4.049999999999986,True
13,3,1407,13.169999999999993,0.0003,0.00028,"[4.0, 8.0]",1.9582401920820347,4.0,0.8118546995491767,0.8666348389256106,1.9578854189303827,0.4865129455788988,0.0,0.0,0.0,"[(4.0, 7.999999999999986)]",4.049999999999986,True
13,3,1407,13.179999999999993,0.0003,0.00028,"[4.0, 8.0]",2.6262412959012993,7.049999999999989,2.140336185944127,2.560590001250195,2.6262130935966987,0.7813733651642749,0.0,0.0,0.0,"[(4.0, 7.999999999999986)]",4.049999999999986,True
13,3,1407,13.189999999999992,0.0003,0.00028,"[4.0, 8.0]",2.4725381171774257,4.6999999999999975,1.7565506087586995,1.7105779403038177,1.2871161502985746,0.42877159446897944,0.0,0.0,0.0,"[(4.0, 7.999999999999986)]",4.049999999999986,True
13,3,1407,13.199999999999992,0.0003,0.00028,"[4.0, 8.0]",2.26761239757579,4.0,0.4290441236497547,0.13359127317556732,2.267603854360624,0.6518044509401459,0.0,0.0,0.0,"[(4.0, 7.999999999999986)]",4.049999999999986,True
13,3,1407,12.85,0.0003,0.0003,"[4.0, 8.0]",18.290991100740584,4.549999999999998,17.012364189264467,17.520803605979864,4.425836292626585,1.3223090308802554,0.8765432098765432,0.6049382716049383,0.0,"[(4.0, 7.399999999999988)]",3.4499999999999877,True
13,3,1407,12.86,0.0003,0.0003,"[4.0, 8.0]",16.81863380848042,4.499999999999998,15.455702575849617,15.915469369584079,4.497101478287341,1.3511007387907041,0.6666666666666666,0.0,0.0,"[(4.0, 7.349999999999988)]",3.399999999999988,True
13,3,1407,12.87,0.0003,0.0003,"[4.0, 8.0]",15.180414091524925,4.449999999999998,13.70901622547106,14.120110591768416,4.611377665039848,1.3948051102359207,0.2716049382716049,0.0,0.0,"[(4.0, 7.2499999999999885)]",3.2999999999999883,True
13,3,1407,12.879999999999999,0.0003,0.0003,"[4.0, 8.0]",13.469616354996127,4.249999999999999,11.832601082670124,12.192980045442816,4.812677507380592,1.4592182601321397,0.0,0.0,0.0,"[(4.0, 7.099999999999989)]",3.149999999999989,True
13,3,1407,12.889999999999999,0.0003,0.0003,"[4.0, 8.0]",11.766703150995504,4.1499999999999995,9.901296865699942,10.212101203453939,5.113978824465771,1.551391691069157,0.0,0.0,0.0,"[(4.0, 6.89999999999999)]",2.9499999999999895,True
13,3,1407,12.899999999999999,0.0003,0.0003,"[4.0, 8.0]",10.037873072027848,4.1,7.869199705530495,8.122185813496538,5.525450492721461,1.6811160676506194,0.0,0.0,0.0,"[(4.0, 6.649999999999991)]",2.6999999999999904,True
13,3,1407,12.909999999999998,0.0003,0.0003,"[4.0, 8.0]",8.145131787477018,4.0,5.537717471308531,5.698548555374046,6.019149314873061,1.8498237554427392,0.0,0.0,0.0,"[(4.0, 6.299999999999992)]",2.3499999999999917,True
13,3,1407,12.919999999999998,0.0003,0.0003,"[4.0, 8.0]",5.836798073158845,4.0,2.7885166318266617,2.648340689460435,5.728325775770688,1.864293678299582,0.0,0.0,0.0,"[(4.0, 5.849999999999993)]",1.8999999999999932,True
13,3,1407,12.929999999999998,0.0003,0.0003,"[4.0, 8.0]",3.0123491975941086,4.0,0.9486743832234357,0.717818570084403,3.011767562042214,0.8628151100635879,0.0,0.0,0.0,"[(4.0, 6.0999999999999925), (6.349999999999992, 7.999999999999986)]",3.8499999999999863,True
13,3,1407,12.939999999999998,0.0003,0.0003,"[4.0, 8.0]",5.569065952736568,7.999999999999986,2.4831682480133983,2.407734615160364,5.568879328907921,1.988341080352914,0.0,0.0,0.0,"[(6.0999999999999925, 7.999999999999986)]",1.949999999999993,True
13,3,1407,12.949999999999998,0.0003,0.0003,"[4.0, 8.0]",9.72863113969035,7.999999999999986,6.324049878861835,7.131177084101447,9.048162361771183,2.921864545457893,0.0,0.0,0.0,"[(5.849999999999993, 7.999999999999986)]",2.199999999999992,True
13,3,1407,12.959999999999997,0.0003,0.0003,"[4.0, 8.0]",13.800996925686938,7.649999999999987,10.737442529472007,11.720962709627909,9.466737348916428,2.9245112990186453,0.0,0.0,0.0,"[(5.699999999999994, 7.999999999999986)]",2.3499999999999917,True
13,3,1407,12.969999999999997,0.0003,0.0003,"[4.0, 8.0]",18.21827934064068,7.649999999999987,15.387147660478393,16.372719458343905,9.114468984753822,2.7794127943335907,0.6296296296296297,0.41975308641975306,0.0,"[(5.599999999999994, 7.999999999999986)]",2.4499999999999913,True
13,3,1407,12.979999999999997,0.0003,0.0003,"[4.0, 8.0]",22.3396208677439,7.999999999999986,19.573856911178808,20.266725604075127,8.389158489806466,2.446064222928318,0.9382716049382716,0.8148148148148148,0.5308641975308642,"[(5.5499999999999945, 7.999999999999986)]",2.499999999999991,True
13,3,1407,12.989999999999997,0.0003,0.0003,"[4.0, 8.0]",23.366352384376377,7.999999999999986,19.271905830455115,18.938618640684084,5.64077793351688,1.45313719290524,1.0,1.0,0.20987654320987653,"[(7.299999999999988, 7.999999999999986)]",0.7499999999999973,True
13,3,1407,12.999999999999996,0.0003,0.0003,"[4.0, 8.0]",18.231257243595017,4.0,8.55964876021235,9.16303163282534,18.19518339513855,4.761063612328641,0.12345679012345678,0.07407407407407407,0.0,"[(4.0, 4.449999999999998)]",0.4999999999999982,True
13,3,1407,13.009999999999996,0.0003,0.0003,"[4.0, 8.0]",13.965900216022861,5.149999999999996,12.224863167079654,13.027224162601545,13.937225397233698,2.9843566312720067,0.0,0.0,0.0,"[(4.499999999999998, 7.999999999999986)]",3.5499999999999874,True
13,3,1407,13.019999999999996,0.0003,0.0003,"[4.0, 8.0]",13.39869321484407,4.0,3.7295545101242373,1.6942361357167752,13.39860423623985,4.19905699690025,0.0,0.0,0.0,"[(4.0, 4.499999999999998)]",0.549999999999998,True
13,3,1407,13.029999999999996,0.0003,0.0003,"[4.0, 8.0]",9.821245046623115,6.499999999999991,7.977700827181557,9.400792352610512,9.819980486941922,2.8525628547731543,0.0,0.0,0.0,"[(4.849999999999997, 7.999999999999986)]",3.1999999999999886,True
13,3,1407,13.039999999999996,0.0003,0.0003,"[4.0, 8.0]",9.478259106497216,4.599999999999998,7.901623244732342,7.871267493364998,3.0539935207843136,1.0135306272476556,0.0,0.0,0.0,"[(4.0, 6.3999999999999915), (6.649999999999991, 7.999999999999986)]",3.8499999999999863,True
13,3,1407,13.049999999999995,0.0003,0.0003,"[4.0, 8.0]",8.86980041559329,4.0,2.082627783199192,0.3714034052897298,8.868742445414622,2.7835822003105903,0.0,0.0,0.0,"[(4.0, 4.599999999999998)]",0.6499999999999977,True
13,3,1407,13.059999999999995,0.0003,0.0003,"[4.0, 8.0]",6.828552417899656,6.549999999999991,4.916372895161785,5.8729139782318285,6.818926321050935,2.171840341690836,0.0,0.0,0.0,"[(4.9999999999999964, 7.999999999999986)]",3.049999999999989,True
13,3,1407,13.069999999999995,0.0003,0.0003,"[4.0, 8.0]",7.09034963391367,4.9999999999999964,6.4655291287284875,6.547936098618916,3.1099226767900996,0.5853242110271291,0.0,0.0,0.0,"[(4.05, 7.999999999999986)]",3.999999999999986,True
13,3,1407,13.079999999999995,0.0003,0.0003,"[4.0, 8.0]",6.780077749808447,4.1,3.3026979812760624,2.776688476874594,5.618513900840501,1.8812706225418847,0.0,0.0,0.0,"[(4.0, 5.199999999999996), (7.849999999999986, 7.999999999999986)]",1.4499999999999948,True
13,3,1407,13.089999999999995,0.0003,0.0003,"[4.0, 8.0]",4.684764098861028,4.0,1.627827729909542,1.7199606475187168,4.682646826655077,1.0766218104977157,0.0,0.0,0.0,"[(4.0, 4.449999999999998), (5.799999999999994, 7.299999999999988)]",2.0499999999999927,True
13,3,1407,13.099999999999994,0.0003,0.0003,"[4.0, 8.0]",5.6198237361573,6.549999999999991,4.655882768629686,5.391338594191315,5.536193362393438,1.49272489049377,0.0,0.0,0.0,"[(4.499999999999998, 7.999999999999986)]",3.5499999999999874,True
13,3,1407,13.109999999999994,0.0003,0.0003,"[4.0, 8.0]",5.359119725323942,4.6999999999999975,4.50565813137482,4.503436404710282,1.6102185285742192,0.5362423984447371,0.0,0.0,0.0,"[(4.0, 7.999999999999986)]",4.049999999999986,True
13,3,1407,13.119999999999994,0.0003,0.0003,"[4.0, 8.0]",5.057244420161643,4.0,1.4468482255382267,0.7175969522659348,5.007830968531906,1.5953757709237104,0.0,0.0,0.0,"[(4.0, 5.049999999999996)]",1.099999999999996,True
13,3,1407,13.129999999999994,0.0003,0.0003,"[4.0, 8.0]",3.3836786771734935,6.549999999999991,2.1313327350236286,2.459313922810358,3.382018261424209,1.1166844523302526,0.0,0.0,0.0,"[(4.0, 4.249999999999999), (4.799999999999997, 7.999999999999986)]",3.5499999999999874,True
13,3,1407,13.139999999999993,0.0003,0.0003,"[4.0, 8.0]",4.395580426140146,7.349999999999988,3.854521106813712,4.351794618263424,3.928482936805426,0.9877072512245137,0.0,0.0,0.0,"[(4.249999999999999, 7.999999999999986)]",3.7999999999999865,True
13,3,1407,13.149999999999993,0.0003,0.0003,"[4.0, 8.0]",4.141989821263923,4.449999999999998,2.8584467690887854,2.75069223511663,2.298831337469124,0.7893371067931909,0.0,0.0,0.0,"[(4.0, 7.999999999999986)]",4.049999999999986,True
13,3,1407,13.159999999999993,0.0003,0.0003,"[4.0, 8.0]",3.209231845947716,4.0,0.6956508226022169,0.545657718360443,3.2084205357359696,0.7473686183763355,0.0,0.0,0.0,"[(4.0, 4.899999999999997), (5.649999999999994, 7.549999999999987)]",2.8999999999999897,True
13,3,1407,13.169999999999993,0.0003,0.0003,"[4.0, 8.0]",3.2681610033603814,6.599999999999991,2.2441180138324865,2.7112533057396337,3.266247647019356,1.0966081909724072,0.0,0.0,0.0,"[(4.0, 4.05), (4.549999999999998, 7.999999999999986)]",3.599999999999987,True
13,3,1407,13.179999999999993,0.0003,0.0003,"[4.0, 8.0]",3.409968238898669,4.899999999999997,2.8791413020370666,2.8790519170565543,1.6267068466381613,0.3575518278699747,0.0,0.0,0.0,"[(4.0, 7.999999999999986)]",4.049999999999986,True
13,3,1407,13.189999999999992,0.0003,0.0003,"[4.0, 8.0]",3.182074260266475,4.0,0.8389108450309072,0.3238918837455007,3.1725544961729195,1.0273557729172815,0.0,0.0,0.0,"[(4.0, 5.749999999999994), (7.449999999999988, 7.999999999999986)]",2.3999999999999915,True
13,3,1407,13.199999999999992,0.0003,0.0003,"[4.0, 8.0]",2.263540476521259,6.599999999999991,1.4090324802719594,1.644593571040307,2.2611934036299255,0.7586063908153674,0.0,0.0,0.0,"[(4.0, 7.999999999999986)]",4.049999999999986,True
13,3,1407,12.85,0.0003,0.00031999999999999997,"[4.0, 8.0]",36.93280500072276,5.899999999999993,36.13011243917816,36.40785563187422,3.2059573332607982,0.8184960939472024,1.0,1.0,1.0,"[(4.0, 7.899999999999986)]",3.949999999999986,True
13,3,1407,12.86,0.0003,0.00031999999999999997,"[4.0, 8.0]",36.05843680636948,5.649999999999994,35.1924581629654,35.49000548554785,3.4529647760367155,0.8877753795070356,1.0,1.0,1.0,"[(4.0, 7.849999999999986)]",3.899999999999986,True
13,3,1407,12.87,0.0003,0.00031999999999999997,"[4.0, 8.0]",34.99541080796811,5.599999999999994,34.071967285260584,34.391265759177415,3.6679694513075773,0.9527457088793618,1.0,1.0,1.0,"[(4.0, 7.7999999999999865)]",3.8499999999999863,True
13,3,1407,12.879999999999999,0.0003,0.00031999999999999997,"[4.0, 8.0]",33.78997144788517,5.5499999999999945,32.82195557220378,33.183671085450776,3.834379870402511,1.0072741103418763,1.0,1.0,1.0,"[(4.0, 7.699999999999987)]",3.7499999999999867,True
13,3,1407,12.889999999999999,0.0003,0.00031999999999999997,"[4.0, 8.0]",32.52003022279388,5.5499999999999945,31.5250866456197,31.902377601371587,3.9387253443433714,1.0489446805482696,1.0,1.0,1.0,"[(4.0, 7.699999999999987)]",3.7499999999999867,True
13,3,1407,12.899999999999999,0.0003,0.00031999999999999997,"[4.0, 8.0]",31.203140718470145,5.499999999999995,30.191971909879893,30.575898494724107,4.0068988395167295,1.0817392145015514,1.0,1.0,1.0,"[(4.0, 7.649999999999987)]",3.699999999999987,True
13,3,1407,12.909999999999998,0.0003,0.00031999999999999997,"[4.0, 8.0]",29.75531144102976,5.499999999999995,28.73622942965549,29.153080178316145,4.047363582491826,1.1098421382931984,1.0,1.0,1.0,"[(4.0, 7.599999999999987)]",3.649999999999987,True
13,3,1407,12.919999999999998,0.0003,0.00031999999999999997,"[4.0, 8.0]",28.095700204133934,5.099999999999996,27.04717330913809,27.504731295371435,4.09165360867123,1.1361205773182455,1.0,1.0,1.0,"[(4.0, 7.599999999999987)]",3.649999999999987,True
13,3,1407,12.929999999999998,0.0003,0.00031999999999999997,"[4.0, 8.0]",26.208262609845118,5.099999999999996,25.12895997331414,25.63185450110651,4.129026159303304,1.1613734466417802,1.0,1.0,1.0,"[(4.0, 7.549999999999987)]",3.599999999999987,True
13,3,1407,12.939999999999998,0.0003,0.00031999999999999997,"[4.0, 8.0]",24.263293550404406,5.049999999999996,23.15313040621579,23.67401813827245,4.151655679620077,1.1858499784959136,1.0,1.0,1.0,"[(4.0, 7.549999999999987)]",3.599999999999987,True
13,3,1407,12.949999999999998,0.0003,0.00031999999999999997,"[4.0, 8.0]",22.36030446209895,4.9999999999999964,21.22299423664995,21.778536079935414,4.16867944552866,1.210757413262761,1.0,1.0,0.8148148148148148,"[(4.0, 7.499999999999988)]",3.5499999999999874,True
13,3,1407,12.959999999999997,0.0003,0.00031999999999999997,"[4.0, 8.0]",20.37643667249941,4.949999999999997,19.204366799688472,19.73704621416386,4.194909429290185,1.2410973978404447,1.0,0.9135802469135802,0.41975308641975306,"[(4.0, 7.499999999999988)]",3.5499999999999874,True
13,3,1407,12.969999999999997,0.0003,0.00031999999999999997,"[4.0, 8.0]",18.097516521961868,4.649999999999998,16.84269441789826,17.314945664707277,4.2880580238987935,1.2874811340566368,0.8641975308641975,0.5679012345679012,0.0,"[(4.0, 7.399999999999988)]",3.4499999999999877,True
13,3,1407,12.979999999999997,0.0003,0.00031999999999999997,"[4.0, 8.0]",15.494549980176753,4.299999999999999,14.070794626889574,14.477628998500098,4.510451609240597,1.3665822968459838,0.37037037037037035,0.0,0.0,"[(4.0, 7.299999999999988)]",3.349999999999988,True
13,3,1407,12.989999999999997,0.0003,0.00031999999999999997,"[4.0, 8.0]",12.872404191566062,4.249999999999999,11.15584366403884,11.5020915079163,4.953036980570056,1.5014114863196215,0.0,0.0,0.0,"[(4.0, 7.049999999999989)]",3.099999999999989,True
13,3,1407,12.999999999999996,0.0003,0.00031999999999999997,"[4.0, 8.0]",10.262458692198646,4.1499999999999995,8.110643507236725,8.397619936128697,5.668768822474795,1.7279240206554483,0.0,0.0,0.0,"[(4.0, 6.69999999999999)]",2.7499999999999902,True
13,3,1407,13.009999999999996,0.0003,0.00031999999999999997,"[4.0, 8.0]",7.233066709624312,4.0,4.299463763831985,4.412871947165255,6.464397311607496,2.035366395827798,0.0,0.0,0.0,"[(4.0, 6.0999999999999925)]",2.1499999999999924,True
13,3,1407,13.019999999999996,0.0003,0.00031999999999999997,"[4.0, 8.0]",2.8800043575007352,4.0,1.0764467078911562,0.964660708978946,2.879965240282446,0.8573098162643509,0.0,0.0,0.0,"[(4.0, 7.999999999999986)]",4.049999999999986,True
13,3,1407,13.029999999999996,0.0003,0.00031999999999999997,"[4.0, 8.0]",9.286840348217902,7.999999999999986,5.422674932279558,6.0434723958251055,9.047918853630424,2.9554717532071946,0.0,0.0,0.0,"[(6.149999999999992, 7.999999999999986)]",1.8999999999999932,True
13,3,1407,13.039999999999996,0.0003,0.00031999999999999997,"[4.0, 8.0]",15.122773730788568,7.999999999999986,11.870177453055383,12.737666542756363,9.446429181640038,2.878756964387698,0.1111111111111111,0.0,0.0,"[(5.799999999999994, 7.999999999999986)]",2.249999999999992,True
13,3,1407,13.049999999999995,0.0003,0.00031999999999999997,"[4.0, 8.0]",20.429158783403466,7.999999999999986,17.462811921415224,18.174851061471525,8.583473108297426,2.5542759046020227,0.7901234567901234,0.6296296296296297,0.18518518518518517,"[(5.699999999999994, 7.999999999999986)]",2.3499999999999917,True
13,3,1407,13.059999999999995,0.0003,0.00031999999999999997,"[4.0, 8.0]",21.759474912023173,7.999999999999986,17.298531602135796,17.298273125885192,6.5453956065466805,1.6261547290692944,1.0,0.5555555555555556,0.08641975308641975,"[(7.399999999999988, 7.999999999999986)]",0.6499999999999977,True
13,3,1407,13.069999999999995,0.0003,0.00031999999999999997,"[4.0, 8.0]",14.696366185383503,5.799999999999994,12.662957140415534,14.556712875888353,14.69022198636019,3.846128251532008,0.0,0.0,0.0,"[(4.749999999999997, 7.999999999999986)]",3.2999999999999883,True
13,3,1407,13.079999999999995,0.0003,0.00031999999999999997,"[4.0, 8.0]",14.038979727277678,4.0,5.180934903614411,3.8920435148577326,13.924864536721952,4.623902329477876,0.0,0.0,0.0,"[(4.0, 4.649999999999998)]",0.6999999999999975,True
13,3,1407,13.089999999999995,0.0003,0.00031999999999999997,"[4.0, 8.0]",10.363620919671801,6.549999999999991,8.67932207946072,9.98677547302957,10.362493688771039,2.7836154538941957,0.0,0.0,0.0,"[(4.749999999999997, 7.999999999999986)]",3.2999999999999883,True
13,3,1407,13.099999999999994,0.0003,0.00031999999999999997,"[4.0, 8.0]",9.705266926613916,4.0,4.6140080030386965,3.8982886255923215,8.15962240368032,2.6428933440007096,0.0,0.0,0.0,"[(4.0, 4.949999999999997)]",0.9999999999999964,True
13,3,1407,13.109999999999994,0.0003,0.00031999999999999997,"[4.0, 8.0]",6.364293199887409,6.549999999999991,4.282628081004783,5.071433323890602,6.355966952902879,2.0292936553445946,0.0,0.0,0.0,"[(4.0, 4.0), (5.149999999999996, 7.949999999999986)]",2.8999999999999897,True
13,3,1407,13.119999999999994,0.0003,0.00031999999999999997,"[4.0, 8.0]",7.605322426395784,7.949999999999986,7.134665977451944,7.253587783653734,3.1203131609881574,0.601170475805777,0.0,0.0,0.0,"[(4.05, 7.999999999999986)]",3.999999999999986,True
13,3,1407,13.129999999999994,0.0003,0.00031999999999999997,"[4.0, 8.0]",6.521839713037876,4.0,1.4042771440813637,0.2907728469142903,6.521778612576269,1.9812255035827586,0.0,0.0,0.0,"[(4.0, 4.649999999999998)]",0.6999999999999975,True
13,3,1407,13.139999999999993,0.0003,0.00031999999999999997,"[4.0, 8.0]",5.390909350615653,6.549999999999991,3.804764976476608,4.564459730807267,5.3878719846215795,1.758584809188097,0.0,0.0,0.0,"[(4.899999999999997, 7.999999999999986)]",3.149999999999989,True
13,3,1407,13.149999999999993,0.0003,0.00031999999999999997,"[4.0, 8.0]",5.842214018209724,4.949999999999997,5.3408895895267525,5.358284302226797,1.9686815515636438,0.3874766158667169,0.0,0.0,0.0,"[(4.0, 7.999999999999986)]",4.049999999999986,True
13,3,1407,13.159999999999993,0.0003,0.00031999999999999997,"[4.0, 8.0]",4.8275756129622325,4.0,0.8999513619802758,0.1597244213433731,4.827407262450624,1.3910647283393678,0.0,0.0,0.0,"[(4.0, 4.749999999999997)]",0.7999999999999972,True
13,3,1407,13.169999999999993,0.0003,0.00031999999999999997,"[4.0, 8.0]",4.142459199638201,6.599999999999991,2.823128891662835,3.3925083266583655,4.140028622899202,1.3824506369123932,0.0,0.0,0.0,"[(4.749999999999997, 7.999999999999986)]",3.2999999999999883,True
13,3,1407,13.179999999999993,0.0003,0.00031999999999999997,"[4.0, 8.0]",4.58171856767751,4.749999999999997,3.9241768455548534,3.8967171906312386,1.2413140119053243,0.4078214314811891,0.0,0.0,0.0,"[(4.0, 7.999999999999986)]",4.049999999999986,True
13,3,1407,13.189999999999992,0.0003,0.00031999999999999997,"[4.0, 8.0]",3.958238265073344,4.0,0.7601859940600169,0.0765245637164845,3.9582365174433947,1.1675801756466158,0.0,0.0,0.0,"[(4.0, 4.9999999999999964)]",1.0499999999999963,True
13,3,1407,13.199999999999992,0.0003,0.00031999999999999997,"[4.0, 8.0]",3.6839218369908657,6.599999999999991,2.668258061026186,3.22085867568904,3.6816576541809765,1.1898365351517906,0.0,0.0,0.0,"[(4.549999999999998, 7.999999999999986)]",3.4999999999999876,True
13,3,1407,12.85,0.0003,0.00033999999999999997,"[4.0, 8.0]",40.00605724184821,7.999999999999986,34.718632360879226,33.758536574884886,7.286159482122542,2.1573085887834043,1.0,1.0,1.0,"[(7.299999999999988, 7.999999999999986)]",0.7499999999999973,True
13,3,1407,12.86,0.0003,0.00033999999999999997,"[4.0, 8.0]",40.39990903962767,7.999999999999986,35.412234360721165,34.43609293725262,6.923664869613624,2.076450251497264,1.0,1.0,1.0,"[(7.199999999999989, 7.999999999999986)]",0.849999999999997,True
13,3,1407,12.87,0.0003,0.00033999999999999997,"[4.0, 8.0]",40.75652652281281,7.999999999999986,36.14020077978433,35.17253207515708,6.473663442505021,1.974775486180891,1.0,1.0,1.0,"[(7.099999999999989, 7.999999999999986)]",0.9499999999999966,True
13,3,1407,12.879999999999999,0.0003,0.00033999999999999997,"[4.0, 8.0]",41.02313133137245,7.999999999999986,36.844508537404174,35.91235566644934,5.939841404156951,1.851078737561144,1.0,1.0,1.0,"[(6.9499999999999895, 7.999999999999986)]",1.099999999999996,True
13,3,1407,12.889999999999999,0.0003,0.00033999999999999997,"[4.0, 8.0]",41.16315032860784,7.999999999999986,37.46707557511789,36.66426362053296,5.346230747837431,1.7119156845326875,1.0,1.0,1.0,"[(6.79999999999999, 7.999999999999986)]",1.2499999999999956,True
13,3,1407,12.899999999999999,0.0003,0.00033999999999999997,"[4.0, 8.0]",41.175990226099714,7.999999999999986,38.00058824300129,37.33868790553722,4.703275491639893,1.5583054498155622,1.0,1.0,1.0,"[(6.499999999999991, 7.999999999999986)]",1.5499999999999945,True
13,3,1407,12.909999999999998,0.0003,0.00033999999999999997,"[4.0, 8.0]",41.04588260393548,7.999999999999986,38.463439820952296,37.9573268568635,3.9780212558566888,1.3799766318366917,1.0,1.0,1.0,"[(6.0999999999999925, 7.999999999999986)]",1.949999999999993,True
13,3,1407,12.919999999999998,0.0003,0.00033999999999999997,"[4.0, 8.0]",40.745899602020295,7.899999999999986,38.84074213758966,38.52725708707803,3.173286840509057,1.1651194036751191,1.0,1.0,1.0,"[(5.149999999999996, 7.999999999999986)]",2.8999999999999897,True
13,3,1407,12.929999999999998,0.0003,0.00033999999999999997,"[4.0, 8.0]",40.34774576245,7.549999999999987,39.05055097260703,38.955402094690236,2.5810759985244687,0.924986342990384,1.0,1.0,1.0,"[(4.0, 7.999999999999986)]",4.049999999999986,True
13,3,1407,12.939999999999998,0.0003,0.00033999999999999997,"[4.0, 8.0]",39.91113203869694,7.299999999999988,39.014665753813716,39.134146205065406,2.196437369100124,0.7095115602144226,1.0,1.0,1.0,"[(4.0, 7.999999999999986)]",4.049999999999986,True
13,3,1407,12.949999999999998,0.0003,0.00033999999999999997,"[4.0, 8.0]",39.41041351858765,6.89999999999999,38.73490401695064,38.841743706376796,1.9611114443081732,0.5684011271623263,1.0,1.0,1.0,"[(4.0, 7.999999999999986)]",4.049999999999986,True
13,3,1407,12.959999999999997,0.0003,0.00033999999999999997,"[4.0, 8.0]",38.80045585529876,6.649999999999991,38.19897620202683,38.34017859022771,1.842551144911468,0.5287871945701812,1.0,1.0,1.0,"[(4.0, 7.999999999999986)]",4.049999999999986,True
13,3,1407,12.969999999999997,0.0003,0.00033999999999999997,"[4.0, 8.0]",37.93842172759857,6.199999999999992,37.291980373978475,37.47205228554014,2.2195365997518692,0.5968021090948842,1.0,1.0,1.0,"[(4.0, 7.999999999999986)]",4.049999999999986,True
13,3,1407,12.979999999999997,0.0003,0.00033999999999999997,"[4.0, 8.0]",36.65571563687496,5.749999999999994,35.92587325958925,36.15725284565308,2.8046326766629974,0.7262162915993995,1.0,1.0,1.0,"[(4.0, 7.999999999999986)]",4.049999999999986,True
13,3,1407,12.989999999999997,0.0003,0.00033999999999999997,"[4.0, 8.0]",35.128368399510016,5.649999999999994,34.28296300019585,34.560842020304634,3.2625435587051292,0.84359974844743,1.0,1.0,1.0,"[(4.0, 7.899999999999986)]",3.949999999999986,True
13,3,1407,12.999999999999996,0.0003,0.00033999999999999997,"[4.0, 8.0]",33.44802189895059,5.649999999999994,32.531135249113746,32.85329654516718,3.5504914048649105,0.9291850664522963,1.0,1.0,1.0,"[(4.0, 7.7999999999999865)]",3.8499999999999863,True
13,3,1407,13.009999999999996,0.0003,0.00033999999999999997,"[4.0, 8.0]",31.431897488971067,5.599999999999994,30.477926059542767,30.832099115750765,3.73175624726219,0.9966375824323938,1.0,1.0,1.0,"[(4.0, 7.749999999999987)]",3.7999999999999865,True
13,3,1407,13.019999999999996,0.0003,0.00033999999999999997,"[4.0, 8.0]",28.81214799700418,5.199999999999996,27.837315897063693,28.232770509854625,3.849546190975655,1.0548253431397834,1.0,1.0,1.0,"[(4.0, 7.649999999999987)]",3.699999999999987,True
13,3,1407,13.029999999999996,0.0003,0.00033999999999999997,"[4.0, 8.0]",25.9242007408192,5.149999999999996,24.901345083472705,25.344444966366908,3.943761830812388,1.1007258836189224,1.0,1.0,1.0,"[(4.0, 7.599999999999987)]",3.649999999999987,True
13,3,1407,13.039999999999996,0.0003,0.00033999999999999997,"[4.0, 8.0]",23.18304629754899,5.099999999999996,22.12561318268726,22.626428060480105,3.9979266310060098,1.1390088309462112,1.0,1.0,0.9135802469135802,"[(4.0, 7.599999999999987)]",3.649999999999987,True
13,3,1407,13.049999999999995,0.0003,0.00033999999999999997,"[4.0, 8.0]",20.227408668798166,4.9999999999999964,19.124095725016964,19.68349773532803,4.0664691340980035,1.1872037379967264,1.0,0.9135802469135802,0.345679012345679,"[(4.0, 7.549999999999987)]",3.599999999999987,True
13,3,1407,13.059999999999995,0.0003,0.00033999999999999997,"[4.0, 8.0]",16.442090600831488,4.749999999999997,15.209682647515036,15.692417089274608,4.291908751615118,1.2847653893170006,0.6419753086419753,0.0,0.0,"[(4.0, 7.449999999999988)]",3.4999999999999876,True
13,3,1407,13.069999999999995,0.0003,0.00033999999999999997,"[4.0, 8.0]",12.371384893584377,4.349999999999999,10.760157610464054,11.183564085444395,5.019803648761098,1.5139929688231977,0.0,0.0,0.0,"[(4.0, 7.099999999999989)]",3.149999999999989,True
13,3,1407,13.079999999999995,0.0003,0.00033999999999999997,"[4.0, 8.0]",8.325097762493863,4.0,5.915963706366413,6.2764758635498925,6.432842060283079,1.9833045900407875,0.0,0.0,0.0,"[(4.0, 6.499999999999991)]",2.549999999999991,True
13,3,1407,13.089999999999995,0.0003,0.00033999999999999997,"[4.0, 8.0]",3.1882401294087552,7.999999999999986,1.1668811383660127,1.035086386736079,3.1882358075306265,0.9201956830631276,0.0,0.0,0.0,"[(4.0, 5.5499999999999945), (6.3999999999999915, 7.999999999999986)]",3.2499999999999885,True
13,3,1407,13.099999999999994,0.0003,0.00033999999999999997,"[4.0, 8.0]",13.842871203566752,7.999999999999986,10.060824356418266,10.685048815083956,9.465899669538562,2.858229642398185,0.0,0.0,0.0,"[(6.0999999999999925, 7.999999999999986)]",1.949999999999993,True
13,3,1407,13.109999999999994,0.0003,0.00033999999999999997,"[4.0, 8.0]",20.83714884151565,7.999999999999986,17.578859701218256,17.938918954645345,7.90973484348196,2.2902730260079993,0.8271604938271605,0.6172839506172839,0.1728395061728395,"[(5.949999999999993, 7.999999999999986)]",2.0999999999999925,True
13,3,1407,13.119999999999994,0.0003,0.00033999999999999997,"[4.0, 8.0]",15.19976979295601,4.0,5.57103378948467,3.645044010647699,15.195187660802231,4.828297533592746,0.024691358024691357,0.0,0.0,"[(4.0, 4.499999999999998), (7.999999999999986, 7.999999999999986)]",0.5999999999999979,True
13,3,1407,13.129999999999994,0.0003,0.00033999999999999997,"[4.0, 8.0]",14.16762137781842,4.0,6.219615741417261,5.341505139205761,12.727522661989749,3.9759370740355573,0.0,0.0,0.0,"[(4.0, 4.649999999999998)]",0.6999999999999975,True
13,3,1407,13.139999999999993,0.0003,0.00033999999999999997,"[4.0, 8.0]",10.813427051603634,7.349999999999988,10.16309250332043,10.764556895139414,5.7667642540945945,1.280408613489984,0.0,0.0,0.0,"[(4.349999999999999, 7.999999999999986)]",3.699999999999987,True
13,3,1407,13.149999999999993,0.0003,0.00033999999999999997,"[4.0, 8.0]",8.679148097916405,4.0,1.9215428173119418,0.4343002551867634,8.678691176036084,2.6418752081450965,0.0,0.0,0.0,"[(4.0, 4.549999999999998)]",0.5999999999999979,True
13,3,1407,13.159999999999993,0.0003,0.00033999999999999997,"[4.0, 8.0]",8.127374208469272,7.699999999999987,7.763063123070888,8.013950937223381,3.152139266886688,0.6794888215726483,0.0,0.0,0.0,"[(4.05, 7.999999999999986)]",3.999999999999986,True
13,3,1407,13.169999999999993,0.0003,0.00033999999999999997,"[4.0, 8.0]",7.134997824492027,4.0,2.544326867616895,1.799431376203421,6.604258668679343,2.029058295588986,0.0,0.0,0.0,"[(4.0, 4.899999999999997)]",0.9499999999999966,True
13,3,1407,13.179999999999993,0.0003,0.00033999999999999997,"[4.0, 8.0]",6.408400292590157,6.599999999999991,5.39546118541081,6.060651029292451,5.613410874537932,1.4413712402302858,0.0,0.0,0.0,"[(4.499999999999998, 7.999999999999986)]",3.5499999999999874,True
13,3,1407,13.189999999999992,0.0003,0.00033999999999999997,"[4.0, 8.0]",5.970551680025209,4.1499999999999995,3.9255055739121336,3.6206113900076007,3.380558454333376,1.1361428639990543,0.0,0.0,0.0,"[(4.0, 5.949999999999993), (7.199999999999989, 7.999999999999986)]",2.84999999999999,True
13,3,1407,13.199999999999992,0.0003,0.00033999999999999997,"[4.0, 8.0]",3.5981432038814387,6.599999999999991,2.2758276438818132,2.7008153305949905,3.5969823396346667,1.2122370425063016,0.0,0.0,0.0,"[(4.0, 4.1), (4.799999999999997, 7.999999999999986)]",3.399999999999988,True
13,3,1407,12.85,0.000325,0.00017999999999999998,"[4.0, 8.0]",2.3382523640215322,6.3999999999999915,1.7961393758604567,2.1591474237000603,2.3374783366856193,0.7315873559494854,0.0,0.0,0.0,"[(4.0, 7.999999999999986)]",4.049999999999986,True
13,3,1407,12.86,0.000325,0.00017999999999999998,"[4.0, 8.0]",2.2978023203910505,7.399999999999988,1.9550218722316188,2.202783372334455,2.2496413873654206,0.5795158771717142,0.0,0.0,0.0,"[(4.0, 7.999999999999986)]",4.049999999999986,True
13,3,1407,12.87,0.000325,0.00017999999999999998,"[4.0, 8.0]",2.2536870425131346,7.849999999999986,1.893914175597864,1.9508451235543207,1.7736202400690828,0.36436659916107017,0.0,0.0,0.0,"[(4.0, 7.999999999999986)]",4.049999999999986,True
13,3,1407,12.879999999999999,0.000325,0.00017999999999999998,"[4.0, 8.0]",2.2069824775913096,4.6999999999999975,1.5901884036753646,1.555666004916255,1.1503137406001358,0.39436067807671765,0.0,0.0,0.0,"[(4.0, 7.999999999999986)]",4.049999999999986,True
13,3,1407,12.889999999999999,0.000325,0.00017999999999999998,"[4.0, 8.0]",2.1636296432147915,4.399999999999999,1.141835662709409,1.0058227022304786,1.7471403592803432,0.6018152475111416,0.0,0.0,0.0,"[(4.0, 7.999999999999986)]",4.049999999999986,True
13,3,1407,12.899999999999999,0.000325,0.00017999999999999998,"[4.0, 8.0]",2.1230063024025365,4.199999999999999,0.7044928647543168,0.396886705167262,2.0833474435941968,0.7044353955227379,0.0,0.0,0.0,"[(4.0, 7.999999999999986)]",4.049999999999986,True
13,3,1407,12.909999999999998,0.000325,0.00017999999999999998,"[4.0, 8.0]",2.078845934133375,4.0,0.42029419905378534,0.07324265958372765,2.078699729127671,0.6278185265209076,0.0,0.0,0.0,"[(4.0, 7.999999999999986)]",4.049999999999986,True
13,3,1407,12.919999999999998,0.000325,0.00017999999999999998,"[4.0, 8.0]",1.8566329526367338,4.0,0.40893457061805394,0.33531625698785955,1.8563612063253254,0.4291839521872924,0.0,0.0,0.0,"[(4.0, 7.999999999999986)]",4.049999999999986,True
13,3,1407,12.929999999999998,0.000325,0.00017999999999999998,"[4.0, 8.0]",1.3240083010243948,4.0,0.6797132931564094,0.747913524113135,1.3238224222973711,0.4037343392824379,0.0,0.0,0.0,"[(4.0, 7.999999999999986)]",4.049999999999986,True
13,3,1407,12.939999999999998,0.000325,0.00017999999999999998,"[4.0, 8.0]",1.6477841364452392,6.449999999999991,1.052803011870191,1.2285566820447622,1.6470945859646116,0.5515155355802324,0.0,0.0,0.0,"[(4.0, 7.999999999999986)]",4.049999999999986,True
13,3,1407,12.949999999999998,0.000325,0.00017999999999999998,"[4.0, 8.0]",1.813642221136381,6.499999999999991,1.3471569866174462,1.6378855070756826,1.813289602374483,0.5933986663462797,0.0,0.0,0.0,"[(4.0, 7.999999999999986)]",4.049999999999986,True
13,3,1407,12.959999999999997,0.000325,0.00017999999999999998,"[4.0, 8.0]",1.7803333842517697,7.449999999999988,1.4873501126211448,1.7001046443686252,1.7752564636215502,0.4844797488984735,0.0,0.0,0.0,"[(4.0, 7.999999999999986)]",4.049999999999986,True
13,3,1407,12.969999999999997,0.000325,0.00017999999999999998,"[4.0, 8.0]",1.738283734806486,7.949999999999986,1.4024788533086943,1.4336913844387136,1.4279342391514456,0.29960200800433173,0.0,0.0,0.0,"[(4.0, 7.999999999999986)]",4.049999999999986,True
13,3,1407,12.979999999999997,0.000325,0.00017999999999999998,"[4.0, 8.0]",1.6916789009172086,4.599999999999998,1.044494160009862,1.0069092479121526,1.1549274436594268,0.3884263284964497,0.0,0.0,0.0,"[(4.0, 7.999999999999986)]",4.049999999999986,True
13,3,1407,12.989999999999997,0.000325,0.00017999999999999998,"[4.0, 8.0]",1.6478593985770429,4.299999999999999,0.6028838953850867,0.3821298059933995,1.5879388967648058,0.5460535898354305,0.0,0.0,0.0,"[(4.0, 7.999999999999986)]",4.049999999999986,True
13,3,1407,12.999999999999996,0.000325,0.00017999999999999998,"[4.0, 8.0]",1.6067186991823275,4.05,0.33801263790426195,0.05666076072992106,1.6065362695356098,0.5056180566588773,0.0,0.0,0.0,"[(4.0, 7.999999999999986)]",4.049999999999986,True
13,3,1407,13.009999999999996,0.000325,0.00017999999999999998,"[4.0, 8.0]",1.4615496902810596,4.0,0.3484047158357107,0.3048797707191865,1.4611000035622566,0.3381124186009748,0.0,0.0,0.0,"[(4.0, 7.999999999999986)]",4.049999999999986,True
13,3,1407,13.019999999999996,0.000325,0.00017999999999999998,"[4.0, 8.0]",1.0845961151329135,6.499999999999991,0.6430791034509519,0.7177887427632001,1.0834153370629311,0.3590691011295184,0.0,0.0,0.0,"[(4.0, 7.999999999999986)]",4.049999999999986,True
13,3,1407,13.029999999999996,0.000325,0.00017999999999999998,"[4.0, 8.0]",1.4274462571396103,6.499999999999991,0.9962746768071847,1.216584995979145,1.4267278358998783,0.4812821948246056,0.0,0.0,0.0,"[(4.0, 7.999999999999986)]",4.049999999999986,True
13,3,1407,13.039999999999996,0.000325,0.00017999999999999998,"[4.0, 8.0]",1.418406046943872,5.599999999999994,1.1597926398802851,1.3592411960675885,1.4179562439653353,0.4195528385323912,0.0,0.0,0.0,"[(4.0, 7.999999999999986)]",4.049999999999986,True
13,3,1407,13.049999999999995,0.000325,0.00017999999999999998,"[4.0, 8.0]",1.3796435364692865,7.999999999999986,1.0829496755386399,1.107348557828594,1.2095545342853604,0.2588001153693339,0.0,0.0,0.0,"[(4.0, 7.999999999999986)]",4.049999999999986,True
13,3,1407,13.059999999999995,0.000325,0.00017999999999999998,"[4.0, 8.0]",1.3331061953344139,4.549999999999998,0.7116321390401305,0.6581260655521727,1.060200106351721,0.35744478908839206,0.0,0.0,0.0,"[(4.0, 7.999999999999986)]",4.049999999999986,True
13,3,1407,13.069999999999995,0.000325,0.00017999999999999998,"[4.0, 8.0]",1.2874908593709615,4.199999999999999,0.3297297014342931,0.0897325514881595,1.2874878651981392,0.439917549577231,0.0,0.0,0.0,"[(4.0, 7.999999999999986)]",4.049999999999986,True
13,3,1407,13.079999999999995,0.000325,0.00017999999999999998,"[4.0, 8.0]",1.2299525625868193,4.0,0.26946597878940715,0.1959847257757326,1.2299174031640125,0.30870966963477925,0.0,0.0,0.0,"[(4.0, 7.999999999999986)]",4.049999999999986,True
13,3,1407,13.089999999999995,0.000325,0.00017999999999999998,"[4.0, 8.0]",0.8573528678879626,6.549999999999991,0.509828888388959,0.5728361330258268,0.8569045530610038,0.2848435743338549,0.0,0.0,0.0,"[(4.0, 7.999999999999986)]",4.049999999999986,True
13,3,1407,13.099999999999994,0.000325,0.00017999999999999998,"[4.0, 8.0]",1.1724503503937258,6.549999999999991,0.8552724278114523,1.0651012732914813,1.1710842080657384,0.397977867402648,0.0,0.0,0.0,"[(4.0, 7.999999999999986)]",4.049999999999986,True
13,3,1407,13.109999999999994,0.000325,0.00017999999999999998,"[4.0, 8.0]",1.1352612683500785,7.7999999999999865,0.9203324088291749,1.005364552986946,1.1286627667311242,0.28652652716178495,0.0,0.0,0.0,"[(4.0, 7.999999999999986)]",4.049999999999986,True
13,3,1407,13.119999999999994,0.000325,0.00017999999999999998,"[4.0, 8.0]",1.095693891348631,4.749999999999997,0.6886595322954068,0.6568739553227423,0.753455219984875,0.23830527966821716,0.0,0.0,0.0,"[(4.0, 7.999999999999986)]",4.049999999999986,True
13,3,1407,13.129999999999994,0.000325,0.00017999999999999998,"[4.0, 8.0]",1.0458793657745027,4.249999999999999,0.27741217120933687,0.0795740085910871,1.0458737422165583,0.3629875699986587,0.0,0.0,0.0,"[(4.0, 7.999999999999986)]",4.049999999999986,True
13,3,1407,13.139999999999993,0.000325,0.00017999999999999998,"[4.0, 8.0]",0.9837381528357232,4.0,0.2519304689646335,0.21507235058261875,0.9835898147766347,0.23475408545548607,0.0,0.0,0.0,"[(4.0, 7.999999999999986)]",4.049999999999986,True
13,3,1407,13.149999999999993,0.000325,0.00017999999999999998,"[4.0, 8.0]",0.8546149276943592,6.549999999999991,0.5329936560712155,0.594876392886732,0.8545371540810957,0.2836036620548775,0.0,0.0,0.0,"[(4.0, 7.999999999999986)]",4.049999999999986,True
13,3,1407,13.159999999999993,0.000325,0.00017999999999999998,"[4.0, 8.0]",0.9475831954925312,5.5499999999999945,0.7611775651521849,0.887142868490602,0.9467003319869077,0.28575327659110883,0.0,0.0,0.0,"[(4.0, 7.999999999999986)]",4.049999999999986,True
13,3,1407,13.169999999999993,0.000325,0.00017999999999999998,"[4.0, 8.0]",0.9105463941865108,4.849999999999997,0.6013006714843158,0.5772689957875712,0.7433976963974817,0.18845816844573138,0.0,0.0,0.0,"[(4.0, 7.999999999999986)]",4.049999999999986,True
13,3,1407,13.179999999999993,0.000325,0.00017999999999999998,"[4.0, 8.0]",0.8606833453817707,4.249999999999999,0.2155408999165407,0.03951695527323159,0.8606791358302862,0.29862251797368994,0.0,0.0,0.0,"[(4.0, 7.999999999999986)]",4.049999999999986,True
13,3,1407,13.189999999999992,0.000325,0.00017999999999999998,"[4.0, 8.0]",0.7618584716912019,4.0,0.2756187005340949,0.29427029537267096,0.7616357132321288,0.1804606779180475,0.0,0.0,0.0,"[(4.0, 7.999999999999986)]",4.049999999999986,True
13,3,1407,13.199999999999992,0.000325,0.00017999999999999998,"[4.0, 8.0]",0.8135620041795957,6.599999999999991,0.5893311346925515,0.7417120989763979,0.8132018497455583,0.28101109927942586,0.0,0.0,0.0,"[(4.0, 7.999999999999986)]",4.049999999999986,True
13,3,1407,12.85,0.000325,0.00019999999999999998,"[4.0, 8.0]",3.435949191968904,4.549999999999998,2.4362860869931433,2.3934336986999156,1.882254800086319,0.6439711934777105,0.0,0.0,0.0,"[(4.0, 7.999999999999986)]",4.049999999999986,True
13,3,1407,12.86,0.000325,0.00019999999999999998,"[4.0, 8.0]",3.37046412018807,4.299999999999999,1.6433835623594124,1.4030098591110325,2.865621106115369,0.9875694443654984,0.0,0.0,0.0,"[(4.0, 7.999999999999986)]",4.049999999999986,True
13,3,1407,12.87,0.000325,0.00019999999999999998,"[4.0, 8.0]",3.297508510722076,4.05,0.8705262619918074,0.3504495647659066,3.297454631227623,1.0656069276265772,0.0,0.0,0.0,"[(4.0, 5.449999999999995), (7.449999999999988, 7.999999999999986)]",2.0999999999999925,True
13,3,1407,12.879999999999999,0.000325,0.00019999999999999998,"[4.0, 8.0]",3.04620249183275,4.0,0.575219469199751,0.3136852031100876,3.046110404623352,0.7799653499300232,0.0,0.0,0.0,"[(4.0, 5.149999999999996), (5.5499999999999945, 7.349999999999988), (7.749999999999987, 7.999999999999986)]",3.349999999999988,True
13,3,1407,12.889999999999999,0.000325,0.00019999999999999998,"[4.0, 8.0]",2.379086402163016,4.0,0.8199549896247406,0.8583351041300735,2.379058960167542,0.565398028284288,0.0,0.0,0.0,"[(4.0, 7.999999999999986)]",4.049999999999986,True
13,3,1407,12.899999999999999,0.000325,0.00019999999999999998,"[4.0, 8.0]",2.1829429389774506,6.449999999999991,1.321474278733504,1.4706502817110223,2.1824116736152317,0.7227643762786379,0.0,0.0,0.0,"[(4.0, 7.999999999999986)]",4.049999999999986,True
13,3,1407,12.909999999999998,0.000325,0.00019999999999999998,"[4.0, 8.0]",2.6716915102112155,6.449999999999991,1.8523325717272634,2.2417036683252887,2.6698125697086383,0.8821046279054507,0.0,0.0,0.0,"[(4.0, 7.999999999999986)]",4.049999999999986,True
13,3,1407,12.919999999999998,0.000325,0.00019999999999999998,"[4.0, 8.0]",2.7444023320334914,7.049999999999989,2.2463732481152947,2.6784125201405695,2.742459712844483,0.8012562221616584,0.0,0.0,0.0,"[(4.0, 7.999999999999986)]",4.049999999999986,True
13,3,1407,12.929999999999998,0.000325,0.00019999999999999998,"[4.0, 8.0]",2.6801304529451238,5.149999999999996,2.305533894135452,2.42106562153246,2.2601896687675613,0.48335702776047657,0.0,0.0,0.0,"[(4.0, 7.999999999999986)]",4.049999999999986,True
13,3,1407,12.939999999999998,0.000325,0.00019999999999999998,"[4.0, 8.0]",2.6153268799062523,4.6999999999999975,1.9446639857336847,1.9291049889518483,1.2921305724950667,0.4273961837031086,0.0,0.0,0.0,"[(4.0, 7.999999999999986)]",4.049999999999986,True
13,3,1407,12.949999999999998,0.000325,0.00019999999999999998,"[4.0, 8.0]",2.556655549516798,4.399999999999999,1.329646091642256,1.179388191379694,2.0792659086337335,0.7163552945309151,0.0,0.0,0.0,"[(4.0, 7.999999999999986)]",4.049999999999986,True
13,3,1407,12.959999999999997,0.000325,0.00019999999999999998,"[4.0, 8.0]",2.4962267763358668,4.1499999999999995,0.7222992313948573,0.33791697657064196,2.4884844989323236,0.8319895766329926,0.0,0.0,0.0,"[(4.0, 7.999999999999986)]",4.049999999999986,True
13,3,1407,12.969999999999997,0.000325,0.00019999999999999998,"[4.0, 8.0]",2.3596846523190576,4.0,0.4466675853355421,0.22379866910433308,2.3596633218614915,0.6237304467351815,0.0,0.0,0.0,"[(4.0, 7.999999999999986)]",4.049999999999986,True
13,3,1407,12.979999999999997,0.000325,0.00019999999999999998,"[4.0, 8.0]",1.7267821728707116,4.0,0.7216178293257905,0.774994239562858,1.7259110641223376,0.44722963533673293,0.0,0.0,0.0,"[(4.0, 7.999999999999986)]",4.049999999999986,True
13,3,1407,12.989999999999997,0.000325,0.00019999999999999998,"[4.0, 8.0]",1.9389991125283097,6.499999999999991,1.241668988133766,1.4648025370273776,1.9389612863312953,0.647305044479179,0.0,0.0,0.0,"[(4.0, 7.999999999999986)]",4.049999999999986,True
13,3,1407,12.999999999999996,0.000325,0.00019999999999999998,"[4.0, 8.0]",2.161244348472527,6.499999999999991,1.6424834305780478,2.006993782981441,2.1611517778188736,0.6986838701985014,0.0,0.0,0.0,"[(4.0, 7.999999999999986)]",4.049999999999986,True
13,3,1407,13.009999999999996,0.000325,0.00019999999999999998,"[4.0, 8.0]",2.1075022330012954,7.649999999999987,1.789102732988628,1.9666381717112877,2.0296932052352683,0.5003329428100806,0.0,0.0,0.0,"[(4.0, 7.999999999999986)]",4.049999999999986,True
13,3,1407,13.019999999999996,0.000325,0.00019999999999999998,"[4.0, 8.0]",2.0437570242777516,4.799999999999997,1.509662099913332,1.4791005689576695,1.2492592631557078,0.33937557051161993,0.0,0.0,0.0,"[(4.0, 7.999999999999986)]",4.049999999999986,True
13,3,1407,13.029999999999996,0.000325,0.00019999999999999998,"[4.0, 8.0]",1.9773165366417675,4.349999999999999,0.8764025308798368,0.6858131880205132,1.7741614360465268,0.612385538563303,0.0,0.0,0.0,"[(4.0, 7.999999999999986)]",4.049999999999986,True
13,3,1407,13.039999999999996,0.000325,0.00019999999999999998,"[4.0, 8.0]",1.9198399275204907,4.05,0.42618463318627936,0.0636676982103139,1.9198366115860168,0.6213848602101842,0.0,0.0,0.0,"[(4.0, 7.999999999999986)]",4.049999999999986,True
13,3,1407,13.049999999999995,0.000325,0.00019999999999999998,"[4.0, 8.0]",1.711139765669345,4.0,0.42098151232477327,0.3710999640668084,1.7104806791929257,0.39239469946840566,0.0,0.0,0.0,"[(4.0, 7.999999999999986)]",4.049999999999986,True
13,3,1407,13.059999999999995,0.000325,0.00019999999999999998,"[4.0, 8.0]",1.4217340073258948,6.549999999999991,0.8699217483776328,0.9587963537030862,1.4209576088230162,0.4697925697977819,0.0,0.0,0.0,"[(4.0, 7.999999999999986)]",4.049999999999986,True
13,3,1407,13.069999999999995,0.000325,0.00019999999999999998,"[4.0, 8.0]",1.7277195386455335,6.69999999999999,1.3133619659963094,1.6131606202466657,1.7258043315738005,0.5694884787933265,0.0,0.0,0.0,"[(4.0, 7.999999999999986)]",4.049999999999986,True
13,3,1407,13.079999999999995,0.000325,0.00019999999999999998,"[4.0, 8.0]",1.6758593284767604,7.7999999999999865,1.3933450866231498,1.5058160717881153,1.6082127240496342,0.38258143532379046,0.0,0.0,0.0,"[(4.0, 7.999999999999986)]",4.049999999999986,True
13,3,1407,13.089999999999995,0.000325,0.00019999999999999998,"[4.0, 8.0]",1.617712824830664,4.6999999999999975,1.050685888745494,1.015802206576424,1.0064100580493414,0.3362168163492182,0.0,0.0,0.0,"[(4.0, 7.999999999999986)]",4.049999999999986,True
13,3,1407,13.099999999999994,0.000325,0.00019999999999999998,"[4.0, 8.0]",1.5487303392442633,4.199999999999999,0.4367045848405883,0.1595815796613833,1.5481312780121959,0.5333085221098725,0.0,0.0,0.0,"[(4.0, 7.999999999999986)]",4.049999999999986,True
13,3,1407,13.109999999999994,0.000325,0.00019999999999999998,"[4.0, 8.0]",1.4483063609001345,4.0,0.3262116438740986,0.25530745220903395,1.4479227494620968,0.35337886223006343,0.0,0.0,0.0,"[(4.0, 7.999999999999986)]",4.049999999999986,True
13,3,1407,13.119999999999994,0.000325,0.00019999999999999998,"[4.0, 8.0]",1.1074952098088846,6.549999999999991,0.6693241594893332,0.7529985305587528,1.1072704785960714,0.3644309986124901,0.0,0.0,0.0,"[(4.0, 7.999999999999986)]",4.049999999999986,True
13,3,1407,13.129999999999994,0.000325,0.00019999999999999998,"[4.0, 8.0]",1.3989150691670937,7.199999999999989,1.1021345754871765,1.36311144375976,1.3985508493987917,0.45554819464114954,0.0,0.0,0.0,"[(4.0, 7.999999999999986)]",4.049999999999986,True
13,3,1407,13.139999999999993,0.000325,0.00019999999999999998,"[4.0, 8.0]",1.344791895430342,4.9999999999999964,1.032636439021517,1.0431006617601326,1.173532715628447,0.25123614150609413,0.0,0.0,0.0,"[(4.0, 7.999999999999986)]",4.049999999999986,True
13,3,1407,13.149999999999993,0.000325,0.00019999999999999998,"[4.0, 8.0]",1.287888504475867,4.449999999999998,0.5544248779978538,0.4320968491334506,1.1721460446780174,0.40325607781387246,0.0,0.0,0.0,"[(4.0, 7.999999999999986)]",4.049999999999986,True
13,3,1407,13.159999999999993,0.000325,0.00019999999999999998,"[4.0, 8.0]",1.2101118140060718,4.0,0.2678832017867483,0.18792484668651238,1.2101088846158248,0.31212824150387586,0.0,0.0,0.0,"[(4.0, 7.999999999999986)]",4.049999999999986,True
13,3,1407,13.169999999999993,0.000325,0.00019999999999999998,"[4.0, 8.0]",0.9395012078783911,6.599999999999991,0.5717848927863057,0.6426823392353577,0.9388032051877376,0.30934905997307793,0.0,0.0,0.0,"[(4.0, 7.999999999999986)]",4.049999999999986,True
13,3,1407,13.179999999999993,0.000325,0.00019999999999999998,"[4.0, 8.0]",1.1480999386591886,5.599999999999994,0.927336151574147,1.0906026133712092,1.1466006251490717,0.3485257955595446,0.0,0.0,0.0,"[(4.0, 7.999999999999986)]",4.049999999999986,True
13,3,1407,13.189999999999992,0.000325,0.00019999999999999998,"[4.0, 8.0]",1.0922564487769995,4.749999999999997,0.6725830235352065,0.6299235300828878,0.7489654795782048,0.24170548585113832,0.0,0.0,0.0,"[(4.0, 7.999999999999986)]",4.049999999999986,True
13,3,1407,13.199999999999992,0.000325,0.00019999999999999998,"[4.0, 8.0]",1.029367453662339,4.1499999999999995,0.2277045025585174,0.048129416822696384,1.0293024311790908,0.3385576361963919,0.0,0.0,0.0,"[(4.0, 7.999999999999986)]",4.049999999999986,True
13,3,1407,12.85,0.000325,0.00021999999999999998,"[4.0, 8.0]",5.242274395593122,4.249999999999999,2.7656630405265514,2.4815963137250776,4.224561413372646,1.4576768230282848,0.0,0.0,0.0,"[(4.0, 5.449999999999995), (7.399999999999988, 7.999999999999986)]",2.1499999999999924,True
13,3,1407,12.86,0.000325,0.00021999999999999998,"[4.0, 8.0]",5.132458529154398,4.0,1.3491280324106414,0.5568843699341964,5.132457846532678,1.6445411830430006,0.0,0.0,0.0,"[(4.0, 4.899999999999997), (7.949999999999986, 7.999999999999986)]",1.0499999999999963,True
13,3,1407,12.87,0.000325,0.00021999999999999998,"[4.0, 8.0]",4.493738495480938,4.0,0.9736660717057005,0.7085164698491803,4.493193588026553,1.0800796907377863,0.0,0.0,0.0,"[(4.0, 4.599999999999998)]",0.6499999999999977,True
13,3,1407,12.879999999999999,0.000325,0.00021999999999999998,"[4.0, 8.0]",3.0050030681197133,4.0,1.7019366374620948,1.896773382761234,3.0046655975057983,0.9613559224173068,0.0,0.0,0.0,"[(4.0, 4.649999999999998), (4.749999999999997, 7.999999999999986)]",3.999999999999986,True
13,3,1407,12.889999999999999,0.000325,0.00021999999999999998,"[4.0, 8.0]",3.885814025316741,6.449999999999991,2.650074583490316,3.1785649468914086,3.883918611920126,1.2707462308548423,0.0,0.0,0.0,"[(4.0, 4.0), (4.6999999999999975, 7.999999999999986)]",3.399999999999988,True
13,3,1407,12.899999999999999,0.000325,0.00021999999999999998,"[4.0, 8.0]",4.157436873880912,6.599999999999991,3.345760724829091,3.9699069999805503,4.156870891414028,1.2198442927708895,0.0,0.0,0.0,"[(4.449999999999998, 7.999999999999986)]",3.599999999999987,True
13,3,1407,12.909999999999998,0.000325,0.00021999999999999998,"[4.0, 8.0]",4.069630671993504,7.649999999999987,3.602340464685801,3.8537749212114143,3.4507018773174623,0.7629499372760329,0.0,0.0,0.0,"[(4.1, 7.999999999999986)]",3.949999999999986,True
13,3,1407,12.919999999999998,0.000325,0.00021999999999999998,"[4.0, 8.0]",3.9738840984136647,4.749999999999997,3.202599951730471,3.1996541010448936,1.7879018588067463,0.5113272819477671,0.0,0.0,0.0,"[(4.0, 7.999999999999986)]",4.049999999999986,True
13,3,1407,12.929999999999998,0.000325,0.00021999999999999998,"[4.0, 8.0]",3.8713762533191205,4.349999999999999,2.0985545652391506,1.871438033033723,3.03277504144997,1.046713510008939,0.0,0.0,0.0,"[(4.0, 6.299999999999992), (6.649999999999991, 7.999999999999986)]",3.7499999999999867,True
13,3,1407,12.939999999999998,0.000325,0.00021999999999999998,"[4.0, 8.0]",3.7681695366386068,4.0,0.9683573832613457,0.36611631359758307,3.7681493546391533,1.2154654768391155,0.0,0.0,0.0,"[(4.0, 5.199999999999996), (7.749999999999987, 7.999999999999986)]",1.5499999999999945,True
13,3,1407,12.949999999999998,0.000325,0.00021999999999999998,"[4.0, 8.0]",3.351857066663764,4.0,0.6841377651017964,0.47683388259877946,3.3517287460713634,0.8181165400454146,0.0,0.0,0.0,"[(4.0, 4.849999999999997), (5.799999999999994, 7.149999999999989)]",2.299999999999992,True
13,3,1407,12.959999999999997,0.000325,0.00021999999999999998,"[4.0, 8.0]",2.3118233006872915,4.0,1.1821470588015162,1.3093989650531102,2.311811082403643,0.6853377881037391,0.0,0.0,0.0,"[(4.0, 7.999999999999986)]",4.049999999999986,True
13,3,1407,12.969999999999997,0.000325,0.00021999999999999998,"[4.0, 8.0]",2.9760599280153226,6.499999999999991,2.0040247614105757,2.397040165884798,2.976048299241712,0.9875269144715443,0.0,0.0,0.0,"[(4.0, 7.999999999999986)]",4.049999999999986,True
13,3,1407,12.979999999999997,0.000325,0.00021999999999999998,"[4.0, 8.0]",3.169914637964019,7.149999999999989,2.631696042767663,3.112975317354893,3.1672321560453427,0.8977801862366217,0.0,0.0,0.0,"[(4.1499999999999995, 7.999999999999986)]",3.899999999999986,True
13,3,1407,12.989999999999997,0.000325,0.00021999999999999998,"[4.0, 8.0]",3.0819667779868047,7.949999999999986,2.6360708915100743,2.701907844933795,2.2592831688559656,0.45475427287897396,0.0,0.0,0.0,"[(4.0, 7.999999999999986)]",4.049999999999986,True
13,3,1407,12.999999999999996,0.000325,0.00021999999999999998,"[4.0, 8.0]",2.9991141503317484,4.599999999999998,2.0428091831984365,2.0064080241990383,1.7538554451394894,0.5910345517053591,0.0,0.0,0.0,"[(4.0, 7.999999999999986)]",4.049999999999986,True
13,3,1407,13.009999999999996,0.000325,0.00021999999999999998,"[4.0, 8.0]",2.913114448468874,4.199999999999999,1.1050928291496678,0.7392532342555593,2.76119844792385,0.9440069325147532,0.0,0.0,0.0,"[(4.0, 7.999999999999986)]",4.049999999999986,True
13,3,1407,13.019999999999996,0.000325,0.00021999999999999998,"[4.0, 8.0]",2.7348198143829796,4.0,0.5147613722346285,0.22701845766794027,2.734782138847795,0.7441495254714932,0.0,0.0,0.0,"[(4.0, 7.999999999999986)]",4.049999999999986,True
13,3,1407,13.029999999999996,0.000325,0.00021999999999999998,"[4.0, 8.0]",1.8142994650228472,4.0,0.9209789827194581,1.005153030850105,1.8126055002340826,0.5317097030833129,0.0,0.0,0.0,"[(4.0, 7.999999999999986)]",4.049999999999986,True
13,3,1407,13.039999999999996,0.000325,0.00021999999999999998,"[4.0, 8.0]",2.371368978995669,6.499999999999991,1.5962893937170675,1.9147715503095624,2.371205922841725,0.794680307182694,0.0,0.0,0.0,"[(4.0, 7.999999999999986)]",4.049999999999986,True
13,3,1407,13.049999999999995,0.000325,0.00021999999999999998,"[4.0, 8.0]",2.4936114641524916,7.2499999999999885,2.0556577187451253,2.455223552035623,2.493486444838974,0.7283754066935275,0.0,0.0,0.0,"[(4.0, 7.999999999999986)]",4.049999999999986,True
13,3,1407,13.059999999999995,0.000325,0.00021999999999999998,"[4.0, 8.0]",2.402113475922099,4.949999999999997,1.9311230402485557,1.9326435128618025,1.6505802583394693,0.3498877890368128,0.0,0.0,0.0,"[(4.0, 7.999999999999986)]",4.049999999999986,True
13,3,1407,13.069999999999995,0.000325,0.00021999999999999998,"[4.0, 8.0]",2.3122733742511237,4.399999999999999,1.1136560574309782,0.9231516114746774,1.9727236362579519,0.6809988676349544,0.0,0.0,0.0,"[(4.0, 7.999999999999986)]",4.049999999999986,True
13,3,1407,13.079999999999995,0.000325,0.00021999999999999998,"[4.0, 8.0]",2.232314162063801,4.05,0.48204972014877107,0.058222036259693986,2.232309779652884,0.7131276980253155,0.0,0.0,0.0,"[(4.0, 7.999999999999986)]",4.049999999999986,True
13,3,1407,13.089999999999995,0.000325,0.00021999999999999998,"[4.0, 8.0]",1.7693586326364628,4.0,0.5861385727379677,0.6142167070570014,1.76879351017869,0.40431421679481533,0.0,0.0,0.0,"[(4.0, 7.999999999999986)]",4.049999999999986,True
13,3,1407,13.099999999999994,0.000325,0.00021999999999999998,"[4.0, 8.0]",1.9397856836226746,6.549999999999991,1.3132238931511875,1.6013233316808857,1.939480013412409,0.6552130430882689,0.0,0.0,0.0,"[(4.0, 7.999999999999986)]",4.049999999999986,True
13,3,1407,13.109999999999994,0.000325,0.00021999999999999998,"[4.0, 8.0]",1.9898219607544596,7.549999999999987,1.6649264499461387,1.910495150386995,1.9816417205193,0.5450705601966916,0.0,0.0,0.0,"[(4.0, 7.999999999999986)]",4.049999999999986,True
13,3,1407,13.119999999999994,0.000325,0.00021999999999999998,"[4.0, 8.0]",1.9133241082758783,4.799999999999997,1.3980101991048335,1.3678830341322294,1.2139166320457506,0.32026712201720525,0.0,0.0,0.0,"[(4.0, 7.999999999999986)]",4.049999999999986,True
13,3,1407,13.129999999999994,0.000325,0.00021999999999999998,"[4.0, 8.0]",1.8174468771051813,4.199999999999999,0.5309044444415674,0.22627162343636656,1.8121246008238703,0.6235677112541125,0.0,0.0,0.0,"[(4.0, 7.999999999999986)]",4.049999999999986,True
13,3,1407,13.139999999999993,0.000325,0.00021999999999999998,"[4.0, 8.0]",1.6208816686268792,4.0,0.4014470030313977,0.34748195886798416,1.6208642085583989,0.3745947110373814,0.0,0.0,0.0,"[(4.0, 7.999999999999986)]",4.049999999999986,True
13,3,1407,13.149999999999993,0.000325,0.00021999999999999998,"[4.0, 8.0]",1.4861355557022937,6.549999999999991,0.9481292424913679,1.1024685795732136,1.4861339132909266,0.4991201099123729,0.0,0.0,0.0,"[(4.0, 7.999999999999986)]",4.049999999999986,True
13,3,1407,13.159999999999993,0.000325,0.00021999999999999998,"[4.0, 8.0]",1.6182462394995336,7.749999999999987,1.3455730515823434,1.4948557060246568,1.5965830731645358,0.4117872874312157,0.0,0.0,0.0,"[(4.0, 7.999999999999986)]",4.049999999999986,True
13,3,1407,13.169999999999993,0.000325,0.00021999999999999998,"[4.0, 8.0]",1.5482945381984279,4.6999999999999975,0.9670568402931681,0.9260254674405433,1.0159267364628066,0.3383482699094871,0.0,0.0,0.0,"[(4.0, 7.999999999999986)]",4.049999999999986,True
13,3,1407,13.179999999999993,0.000325,0.00021999999999999998,"[4.0, 8.0]",1.4543204395143636,4.05,0.29839974954790444,0.08698419972489385,1.4543067531309701,0.4475761812539422,0.0,0.0,0.0,"[(4.0, 7.999999999999986)]",4.049999999999986,True
13,3,1407,13.189999999999992,0.000325,0.00021999999999999998,"[4.0, 8.0]",1.034629725034966,6.599999999999991,0.623947095215517,0.6975331697633246,1.0345017490590558,0.34050001546139086,0.0,0.0,0.0,"[(4.0, 7.999999999999986)]",4.049999999999986,True
13,3,1407,13.199999999999992,0.000325,0.00021999999999999998,"[4.0, 8.0]",1.362017472737012,7.499999999999988,1.1044471833900928,1.3111323373967565,1.3615293525046994,0.4164597017728152,0.0,0.0,0.0,"[(4.0, 7.999999999999986)]",4.049999999999986,True
13,3,1407,12.85,0.000325,0.00023999999999999998,"[4.0, 8.0]",8.497914617365424,7.399999999999988,7.437812130259242,8.272644213051642,8.482446989048668,2.0627574827532564,0.0,0.0,0.0,"[(4.499999999999998, 7.999999999999986)]",3.5499999999999874,True
13,3,1407,12.86,0.000325,0.00023999999999999998,"[4.0, 8.0]",8.324164145300262,4.749999999999997,7.027380030672433,7.0389565202438416,3.5420700564088747,0.9029177531160878,0.0,0.0,0.0,"[(4.05, 7.999999999999986)]",3.999999999999986,True
13,3,1407,12.87,0.000325,0.00023999999999999998,"[4.0, 8.0]",8.141289728648877,4.249999999999999,4.250778135076334,3.8444908096004538,6.727842010686345,2.313834220829241,0.0,0.0,0.0,"[(4.0, 5.099999999999996), (7.749999999999987, 7.999999999999986)]",1.4499999999999948,True
13,3,1407,12.879999999999999,0.000325,0.00023999999999999998,"[4.0, 8.0]",7.739460843473482,4.0,1.7177370662350233,0.741332045202001,7.73938633346507,2.235836552965857,0.0,0.0,0.0,"[(4.0, 4.549999999999998)]",0.5999999999999979,True
13,3,1407,12.889999999999999,0.000325,0.00023999999999999998,"[4.0, 8.0]",5.677987892283123,4.0,2.657134644685631,3.0035794195270213,5.672946338252981,1.5041062242201089,0.0,0.0,0.0,"[(4.0, 4.299999999999999), (5.499999999999995, 7.349999999999988)]",2.249999999999992,True
13,3,1407,12.899999999999999,0.000325,0.00023999999999999998,"[4.0, 8.0]",5.943627892731706,6.449999999999991,4.255428426002736,5.111357395368726,5.930015693208391,1.8791648522164295,0.0,0.0,0.0,"[(4.899999999999997, 7.999999999999986)]",3.149999999999989,True
13,3,1407,12.909999999999998,0.000325,0.00023999999999999998,"[4.0, 8.0]",6.161116377455526,7.199999999999989,5.32503293713993,6.094419420887075,6.069477525110516,1.5342597721168365,0.0,0.0,0.0,"[(4.449999999999998, 7.999999999999986)]",3.599999999999987,True
13,3,1407,12.919999999999998,0.000325,0.00023999999999999998,"[4.0, 8.0]",6.007847911134828,4.899999999999997,5.255416539414584,5.301967419450236,2.9949504551050383,0.6044723050159893,0.0,0.0,0.0,"[(4.0, 7.999999999999986)]",4.049999999999986,True
13,3,1407,12.929999999999998,0.000325,0.00023999999999999998,"[4.0, 8.0]",5.842846501747995,4.349999999999999,3.5409101097169127,3.3034727493994387,4.078495818821843,1.4067591635805043,0.0,0.0,0.0,"[(4.0, 5.599999999999994), (7.299999999999988, 7.999999999999986)]",2.3999999999999915,True
13,3,1407,12.939999999999998,0.000325,0.00023999999999999998,"[4.0, 8.0]",5.648553332370457,4.0,1.3853221596072653,0.4532600492770542,5.6485494838505845,1.7906918717062315,0.0,0.0,0.0,"[(4.0, 4.799999999999997)]",0.849999999999997,True
13,3,1407,12.949999999999998,0.000325,0.00023999999999999998,"[4.0, 8.0]",4.559435118190404,4.0,1.2520754545633137,1.2022783126647578,4.559260394755239,1.0438890759010806,0.0,0.0,0.0,"[(4.0, 4.499999999999998), (6.049999999999993, 6.89999999999999)]",1.4499999999999948,True
13,3,1407,12.959999999999997,0.000325,0.00023999999999999998,"[4.0, 8.0]",3.833018959653179,6.499999999999991,2.4404601183471697,2.769264797445357,3.8294310686278368,1.2445512300759454,0.0,0.0,0.0,"[(4.0, 4.199999999999999), (4.899999999999997, 7.999999999999986)]",3.399999999999988,True
13,3,1407,12.969999999999997,0.000325,0.00023999999999999998,"[4.0, 8.0]",4.670685320776132,6.499999999999991,3.667874582548335,4.3539027314263015,4.6635272509784285,1.406528909775072,0.0,0.0,0.0,"[(4.549999999999998, 7.999999999999986)]",3.4999999999999876,True
13,3,1407,12.979999999999997,0.000325,0.00023999999999999998,"[4.0, 8.0]",4.548691031322057,5.149999999999996,4.0570913378569635,4.20845714615811,3.233034173188715,0.6573495007321142,0.0,0.0,0.0,"[(4.05, 7.999999999999986)]",3.999999999999986,True
13,3,1407,12.989999999999997,0.000325,0.00023999999999999998,"[4.0, 8.0]",4.406044766598168,4.549999999999998,3.118961904564656,3.057704375344423,2.3888876661719944,0.8121455652892792,0.0,0.0,0.0,"[(4.0, 7.999999999999986)]",4.049999999999986,True
13,3,1407,12.999999999999996,0.000325,0.00023999999999999998,"[4.0, 8.0]",4.277101294226496,4.1,1.5467839375586652,1.0052714195553683,4.093872422783089,1.3707153343394858,0.0,0.0,0.0,"[(4.0, 5.349999999999995), (7.649999999999987, 7.999999999999986)]",1.7999999999999936,True
13,3,1407,13.009999999999996,0.000325,0.00023999999999999998,"[4.0, 8.0]",3.8471833635508075,4.0,0.7420102774722173,0.39829670549000273,3.847094356676832,0.999610723176515,0.0,0.0,0.0,"[(4.0, 4.799999999999997)]",0.849999999999997,True
13,3,1407,13.019999999999996,0.000325,0.00023999999999999998,"[4.0, 8.0]",2.6145002085246336,6.499999999999991,1.5834097033226036,1.7841320468092445,2.61293571641104,0.8542718166807189,0.0,0.0,0.0,"[(4.0, 7.999999999999986)]",4.049999999999986,True
13,3,1407,13.029999999999996,0.000325,0.00023999999999999998,"[4.0, 8.0]",3.6102733138994454,6.499999999999991,2.7424950635920973,3.293883082149922,3.6069555254088606,1.1361085014714305,0.0,0.0,0.0,"[(4.449999999999998, 7.999999999999986)]",3.599999999999987,True
13,3,1407,13.039999999999996,0.000325,0.00023999999999999998,"[4.0, 8.0]",3.5368374715522064,7.749999999999987,3.1193858140092305,3.334621567889929,2.9599606623926027,0.6610229591894459,0.0,0.0,0.0,"[(4.0, 7.999999999999986)]",4.049999999999986,True
13,3,1407,13.049999999999995,0.000325,0.00023999999999999998,"[4.0, 8.0]",3.420459444162079,4.649999999999998,2.5271269364192706,2.5038672351026077,1.65774193392419,0.554259520524704,0.0,0.0,0.0,"[(4.0, 7.999999999999986)]",4.049999999999986,True
13,3,1407,13.059999999999995,0.000325,0.00023999999999999998,"[4.0, 8.0]",3.2801089063929956,4.1,1.0407551865817863,0.5798921611375278,3.2240346672678952,1.0796829436977011,0.0,0.0,0.0,"[(4.0, 5.749999999999994), (7.299999999999988, 7.999999999999986)]",2.549999999999991,True
13,3,1407,13.069999999999995,0.000325,0.00023999999999999998,"[4.0, 8.0]",2.7056511044593377,4.0,0.6554871263846261,0.581920881714665,2.705257301207398,0.6142115033085238,0.0,0.0,0.0,"[(4.0, 7.999999999999986)]",4.049999999999986,True
13,3,1407,13.079999999999995,0.000325,0.00023999999999999998,"[4.0, 8.0]",2.328003932765309,6.549999999999991,1.4494353679697147,1.6581798654300886,2.326258818097458,0.7701999681156181,0.0,0.0,0.0,"[(4.0, 7.999999999999986)]",4.049999999999986,True
13,3,1407,13.089999999999995,0.000325,0.00023999999999999998,"[4.0, 8.0]",2.875148566733853,6.79999999999999,2.29844630001051,2.758654269319914,2.874578997550289,0.8748542493898648,0.0,0.0,0.0,"[(4.0, 7.999999999999986)]",4.049999999999986,True
13,3,1407,13.099999999999994,0.000325,0.00023999999999999998,"[4.0, 8.0]",2.741394225962707,4.899999999999997,2.2059792616238756,2.196165372300139,1.6229382254333324,0.36415655174851874,0.0,0.0,0.0,"[(4.0, 7.999999999999986)]",4.049999999999986,True
13,3,1407,13.109999999999994,0.000325,0.00023999999999999998,"[4.0, 8.0]",2.6301442494382963,4.299999999999999,1.1638708596534968,0.8840589614142664,2.3366363331855196,0.8085860956508143,0.0,0.0,0.0,"[(4.0, 7.999999999999986)]",4.049999999999986,True
13,3,1407,13.119999999999994,0.000325,0.00023999999999999998,"[4.0, 8.0]",2.4479557706383694,4.0,0.4625142451958453,0.19751553908871577,2.4479425844241556,0.6676949008165027,0.0,0.0,0.0,"[(4.0, 7.999999999999986)]",4.049999999999986,True
13,3,1407,13.129999999999994,0.000325,0.00023999999999999998,"[4.0, 8.0]",1.9285839027157428,6.549999999999991,1.2042022239491244,1.3824903808149915,1.9270327920770944,0.642204235024418,0.0,0.0,0.0,"[(4.0, 7.999999999999986)]",4.049999999999986,True
13,3,1407,13.139999999999993,0.000325,0.00023999999999999998,"[4.0, 8.0]",2.3153072368958307,7.199999999999989,1.8872128853472268,2.2686721647747503,2.312869084701256,0.6971646961873488,0.0,0.0,0.0,"[(4.0, 7.999999999999986)]",4.049999999999986,True
13,3,1407,13.149999999999993,0.000325,0.00023999999999999998,"[4.0, 8.0]",2.207140973832609,4.849999999999997,1.6760542730106691,1.666803489570961,1.3231323030537527,0.3336768243801631,0.0,0.0,0.0,"[(4.0, 7.999999999999986)]",4.049999999999986,True
13,3,1407,13.159999999999993,0.000325,0.00023999999999999998,"[4.0, 8.0]",2.07479187280906,4.1,0.5203723610558194,0.1495576279942971,2.0747920405508227,0.6979032751105047,0.0,0.0,0.0,"[(4.0, 7.999999999999986)]",4.049999999999986,True
13,3,1407,13.169999999999993,0.000325,0.00023999999999999998,"[4.0, 8.0]",1.6167117182648965,4.0,0.557509968657884,0.5720169245280972,1.615764555366622,0.37020850517191545,0.0,0.0,0.0,"[(4.0, 7.999999999999986)]",4.049999999999986,True
13,3,1407,13.179999999999993,0.000325,0.00023999999999999998,"[4.0, 8.0]",1.9247713864763847,6.599999999999991,1.4591842895320164,1.792960522509107,1.9243515390446557,0.6350605370156038,0.0,0.0,0.0,"[(4.0, 7.999999999999986)]",4.049999999999986,True
13,3,1407,13.189999999999992,0.000325,0.00023999999999999998,"[4.0, 8.0]",1.823385619350371,4.949999999999997,1.3994264751277439,1.391366216680399,1.3016477475361161,0.2866839556711157,0.0,0.0,0.0,"[(4.0, 7.999999999999986)]",4.049999999999986,True
13,3,1407,13.199999999999992,0.000325,0.00023999999999999998,"[4.0, 8.0]",1.7070517656417241,4.1499999999999995,0.43366517267791915,0.1094296846448458,1.7070404725865767,0.5833604632259661,0.0,0.0,0.0,"[(4.0, 7.999999999999986)]",4.049999999999986,True
13,3,1407,12.85,0.000325,0.00026,"[4.0, 8.0]",18.914046515856064,7.549999999999987,16.279311124494885,17.278711044832487,8.810778170068936,2.6806722571953,0.7037037037037037,0.5308641975308642,0.0,"[(5.499999999999995, 7.999999999999986)]",2.549999999999991,True
13,3,1407,12.86,0.000325,0.00026,"[4.0, 8.0]",21.48691422978892,7.599999999999987,18.89996292715023,19.75408502008781,8.484168583434162,2.5291912319708905,0.8888888888888888,0.7530864197530864,0.4691358024691358,"[(5.449999999999995, 7.999999999999986)]",2.5999999999999908,True
13,3,1407,12.87,0.000325,0.00026,"[4.0, 8.0]",23.510549230012128,7.999999999999986,20.546032513383242,20.740431605642154,7.633480294748885,2.0089338525174107,1.0,0.9259259259259259,0.654320987654321,"[(5.799999999999994, 7.999999999999986)]",2.249999999999992,True
13,3,1407,12.879999999999999,0.000325,0.00026,"[4.0, 8.0]",23.119261219833614,7.999999999999986,18.28415661391773,18.376784462129862,7.488421686422157,1.91761576942021,1.0,0.691358024691358,0.14814814814814814,"[(7.449999999999988, 7.999999999999986)]",0.5999999999999979,True
13,3,1407,12.889999999999999,0.000325,0.00026,"[4.0, 8.0]",18.69027499233181,4.0,8.105622552498877,6.920729184427657,18.69002310727726,5.618951607397035,0.1728395061728395,0.1111111111111111,0.0,"[(4.0, 4.549999999999998)]",0.5999999999999979,True
13,3,1407,12.899999999999999,0.000325,0.00026,"[4.0, 8.0]",14.373654497032284,4.0,11.390043302085504,13.045166169709326,14.36635519794784,3.345914597692949,0.0,0.0,0.0,"[(4.0, 4.1499999999999995), (5.099999999999996, 7.699999999999987)]",2.84999999999999,True
13,3,1407,12.909999999999998,0.000325,0.00026,"[4.0, 8.0]",13.234877752330911,4.749999999999997,11.024355163060928,11.130367807106868,9.34668663263663,1.7387057269910662,0.0,0.0,0.0,"[(4.249999999999999, 5.799999999999994), (7.049999999999989, 7.999999999999986)]",2.5999999999999908,True
13,3,1407,12.919999999999998,0.000325,0.00026,"[4.0, 8.0]",12.92536351979253,4.05,4.043908351650692,1.7539188970438233,12.925328140749725,4.466935595595272,0.0,0.0,0.0,"[(4.0, 4.649999999999998)]",0.6999999999999975,True
13,3,1407,12.929999999999998,0.000325,0.00026,"[4.0, 8.0]",9.145605960287991,4.0,5.955904884145337,6.949849981503013,9.126699212165024,2.511547586263677,0.0,0.0,0.0,"[(4.0, 4.199999999999999), (5.349999999999995, 7.549999999999987)]",2.499999999999991,True
13,3,1407,12.939999999999998,0.000325,0.00026,"[4.0, 8.0]",9.159272942565956,7.399999999999988,8.103921037036873,8.971786683158673,9.098318872047283,2.111955696315133,0.0,0.0,0.0,"[(4.499999999999998, 7.999999999999986)]",3.5499999999999874,True
13,3,1407,12.949999999999998,0.000325,0.00026,"[4.0, 8.0]",8.91602886208741,4.599999999999998,7.16337857344589,7.161794583519834,3.4025444776427056,1.1433646320739623,0.0,0.0,0.0,"[(4.0, 5.999999999999993), (6.9499999999999895, 7.999999999999986)]",3.149999999999989,True
13,3,1407,12.959999999999997,0.000325,0.00026,"[4.0, 8.0]",8.665288995643198,4.0,2.981388638833161,2.011089700598161,8.550296999131614,2.8393486132343755,0.0,0.0,0.0,"[(4.0, 4.799999999999997)]",0.849999999999997,True
13,3,1407,12.969999999999997,0.000325,0.00026,"[4.0, 8.0]",6.585595608311042,4.0,2.5105690847658186,2.703974106542038,6.580920150641854,1.5819440227904764,0.0,0.0,0.0,"[(4.0, 4.349999999999999), (6.0999999999999925, 6.84999999999999)]",1.1999999999999957,True
13,3,1407,12.979999999999997,0.000325,0.00026,"[4.0, 8.0]",6.698939674053972,6.499999999999991,5.1276905833365,6.10866701323003,6.68511461896623,2.0618839933675437,0.0,0.0,0.0,"[(4.799999999999997, 7.999999999999986)]",3.2499999999999885,True
13,3,1407,12.989999999999997,0.000325,0.00026,"[4.0, 8.0]",6.6305933457556545,7.849999999999986,6.044714851456348,6.225053946275542,4.03892278824444,0.7908623982344536,0.0,0.0,0.0,"[(4.1499999999999995, 7.999999999999986)]",3.899999999999986,True
13,3,1407,12.999999999999996,0.000325,0.00026,"[4.0, 8.0]",6.420862407456379,4.399999999999999,4.470807874319699,4.295732290859069,3.5749311188241157,1.2265855465449862,0.0,0.0,0.0,"[(4.0, 5.849999999999993), (7.149999999999989, 7.999999999999986)]",2.79999999999999,True
13,3,1407,13.009999999999996,0.000325,0.00026,"[4.0, 8.0]",6.134602459310471,4.0,1.5330404556564807,0.5234029247732261,6.134575947035406,1.9431999957691821,0.0,0.0,0.0,"[(4.0, 4.799999999999997)]",0.849999999999997,True
13,3,1407,13.019999999999996,0.000325,0.00026,"[4.0, 8.0]",3.7743503347934637,4.0,1.9261928909824797,2.136545367668362,3.76991416062868,1.071630753016292,0.0,0.0,0.0,"[(4.0, 4.449999999999998), (5.199999999999996, 7.849999999999986)]",3.1999999999999886,True
13,3,1407,13.029999999999996,0.000325,0.00026,"[4.0, 8.0]",5.126580204288023,6.499999999999991,3.95444027923725,4.6983529043191865,5.124748260146571,1.5612242580260152,0.0,0.0,0.0,"[(4.649999999999998, 7.999999999999986)]",3.399999999999988,True
13,3,1407,13.039999999999996,0.000325,0.00026,"[4.0, 8.0]",5.043014829373745,7.849999999999986,4.566206451160783,4.739366609368202,3.314450914893034,0.6754506433589076,0.0,0.0,0.0,"[(4.05, 7.999999999999986)]",3.999999999999986,True
13,3,1407,13.049999999999995,0.000325,0.00026,"[4.0, 8.0]",4.858183640961275,4.449999999999998,3.333296654506023,3.2215801940753015,2.764451274429199,0.94783881814387,0.0,0.0,0.0,"[(4.0, 7.999999999999986)]",4.049999999999986,True
13,3,1407,13.059999999999995,0.000325,0.00026,"[4.0, 8.0]",4.523671306052468,4.0,0.9387179521355365,0.1449778650053511,4.5236676136894225,1.37290999755594,0.0,0.0,0.0,"[(4.0, 4.899999999999997)]",0.9499999999999966,True
13,3,1407,13.069999999999995,0.000325,0.00026,"[4.0, 8.0]",2.666041623256124,6.549999999999991,1.603818210880118,1.8018660670914182,2.66444666375682,0.8704520673998922,0.0,0.0,0.0,"[(4.0, 7.999999999999986)]",4.049999999999986,True
13,3,1407,13.079999999999995,0.000325,0.00026,"[4.0, 8.0]",4.00310703602137,6.549999999999991,3.0225321331804422,3.622360540820039,4.00248924295198,1.2556732895887062,0.0,0.0,0.0,"[(4.549999999999998, 7.999999999999986)]",3.4999999999999876,True
13,3,1407,13.089999999999995,0.000325,0.00026,"[4.0, 8.0]",3.926463672297664,7.949999999999986,3.4915643008633803,3.5908317212718495,2.5982602630087532,0.5216241015775127,0.0,0.0,0.0,"[(4.0, 7.999999999999986)]",4.049999999999986,True
13,3,1407,13.099999999999994,0.000325,0.00026,"[4.0, 8.0]",3.720906957987808,4.249999999999999,1.8318043411667309,1.4981863333414225,3.072472347650459,1.0565074414340128,0.0,0.0,0.0,"[(4.0, 6.299999999999992), (6.79999999999999, 7.999999999999986)]",3.599999999999987,True
13,3,1407,13.109999999999994,0.000325,0.00026,"[4.0, 8.0]",3.2951898597150326,4.0,0.6123137746085268,0.2930519047582445,3.2949372013077,0.8708868976878985,0.0,0.0,0.0,"[(4.0, 4.9999999999999964), (6.149999999999992, 6.999999999999989)]",1.949999999999993,True
13,3,1407,13.119999999999994,0.000325,0.00026,"[4.0, 8.0]",2.4773792331615376,6.549999999999991,1.5300632654177757,1.7397681311455644,2.477378704622105,0.8187199484258308,0.0,0.0,0.0,"[(4.0, 7.999999999999986)]",4.049999999999986,True
13,3,1407,13.129999999999994,0.000325,0.00026,"[4.0, 8.0]",3.199113055116842,7.449999999999988,2.765508975695556,3.13448892284148,3.0132320656317733,0.7769258175817555,0.0,0.0,0.0,"[(4.05, 7.999999999999986)]",3.999999999999986,True
13,3,1407,13.139999999999993,0.000325,0.00026,"[4.0, 8.0]",3.044502966465601,4.649999999999998,2.2188397234509383,2.1770724392252183,1.5086575792448196,0.5036204038261369,0.0,0.0,0.0,"[(4.0, 7.999999999999986)]",4.049999999999986,True
13,3,1407,13.149999999999993,0.000325,0.00026,"[4.0, 8.0]",2.8827149548609734,4.0,0.6843884173103462,0.19692278930816484,2.8827150496646454,0.9303619613269555,0.0,0.0,0.0,"[(4.0, 7.999999999999986)]",4.049999999999986,True
13,3,1407,13.159999999999993,0.000325,0.00026,"[4.0, 8.0]",1.9075223990309242,6.599999999999991,1.1550579778154253,1.305602466500391,1.9061098603117257,0.6282091079328863,0.0,0.0,0.0,"[(4.0, 7.999999999999986)]",4.049999999999986,True
13,3,1407,13.169999999999993,0.000325,0.00026,"[4.0, 8.0]",2.640621506197572,6.84999999999999,2.1199922322835514,2.5395726228689055,2.6390409673801383,0.7987377039495235,0.0,0.0,0.0,"[(4.0, 7.999999999999986)]",4.049999999999986,True
13,3,1407,13.179999999999993,0.000325,0.00026,"[4.0, 8.0]",2.4612983905183667,4.599999999999998,1.6298367622964773,1.5787777668288352,1.4793426801044745,0.49839593093353857,0.0,0.0,0.0,"[(4.0, 7.999999999999986)]",4.049999999999986,True
13,3,1407,13.189999999999992,0.000325,0.00026,"[4.0, 8.0]",2.292831932313684,4.0,0.4401588072777437,0.0961437622700802,2.2928318730684887,0.6821309905487005,0.0,0.0,0.0,"[(4.0, 7.999999999999986)]",4.049999999999986,True
13,3,1407,13.199999999999992,0.000325,0.00026,"[4.0, 8.0]",1.894835819535857,6.599999999999991,1.212920774960145,1.4498157593139909,1.8940979589486768,0.6419318633442156,0.0,0.0,0.0,"[(4.0, 7.999999999999986)]",4.049999999999986,True
13,3,1407,12.85,0.000325,0.00028,"[4.0, 8.0]",15.22778399001367,4.449999999999998,13.763733769316476,14.193943048226467,4.654452541804773,1.4025502084057102,0.2839506172839506,0.0,0.0,"[(4.0, 7.2499999999999885)]",3.2999999999999883,True
13,3,1407,12.86,0.000325,0.00028,"[4.0, 8.0]",13.6315700285279,4.299999999999999,12.027342507685981,12.413317943941706,4.831602591371174,1.4630295300102185,0.0,0.0,0.0,"[(4.0, 7.149999999999989)]",3.1999999999999886,True
13,3,1407,12.87,0.000325,0.00028,"[4.0, 8.0]",11.866141066220063,4.199999999999999,10.031545106231997,10.369538896916715,5.148074686484962,1.559617120605476,0.0,0.0,0.0,"[(4.0, 6.9499999999999895)]",2.9999999999999893,True
13,3,1407,12.879999999999999,0.000325,0.00028,"[4.0, 8.0]",9.970633494088274,4.1,7.799540185322724,8.081862499040193,5.625367217655083,1.708115898821784,0.0,0.0,0.0,"[(4.0, 6.649999999999991)]",2.6999999999999904,True
13,3,1407,12.889999999999999,0.000325,0.00028,"[4.0, 8.0]",8.0153749977061,4.0,5.387139793549446,5.575516019431117,6.1389781772496015,1.8892369414385657,0.0,0.0,0.0,"[(4.0, 6.299999999999992)]",2.3499999999999917,True
13,3,1407,12.899999999999999,0.000325,0.00028,"[4.0, 8.0]",5.928556430615787,4.0,2.8888655888566355,2.7927233796551194,5.827650651698427,1.9004570563048104,0.0,0.0,0.0,"[(4.0, 5.899999999999993)]",1.949999999999993,True
13,3,1407,12.909999999999998,0.000325,0.00028,"[4.0, 8.0]",3.4993404797161682,4.0,1.078973719106297,0.699038182128206,3.4991925636414023,1.0755980112301253,0.0,0.0,0.0,"[(4.0, 5.749999999999994), (7.499999999999988, 7.999999999999986)]",2.3499999999999917,True
13,3,1407,12.919999999999998,0.000325,0.00028,"[4.0, 8.0]",4.910557409225066,7.999999999999986,1.9684065225971241,1.576702384414044,4.910308492456367,1.6888369680631417,0.0,0.0,0.0,"[(6.199999999999992, 7.999999999999986)]",1.8499999999999934,True
13,3,1407,12.929999999999998,0.000325,0.00028,"[4.0, 8.0]",9.530791783680124,7.999999999999986,5.98763428621388,6.722401976055192,9.018509160117606,2.92073445577602,0.0,0.0,0.0,"[(5.949999999999993, 7.999999999999986)]",2.0999999999999925,True
13,3,1407,12.939999999999998,0.000325,0.00028,"[4.0, 8.0]",13.880525097427368,7.999999999999986,10.757670993345725,11.687789867103874,9.440678680539778,2.9116680437050033,0.0,0.0,0.0,"[(5.749999999999994, 7.999999999999986)]",2.299999999999992,True
13,3,1407,12.949999999999998,0.000325,0.00028,"[4.0, 8.0]",17.8036679465821,7.649999999999987,14.92438612609622,15.835181228666295,9.016986067620907,2.7475115716023226,0.5802469135802469,0.3333333333333333,0.0,"[(5.649999999999994, 7.999999999999986)]",2.3999999999999915,True
13,3,1407,12.959999999999997,0.000325,0.00028,"[4.0, 8.0]",21.195610890900063,7.999999999999986,18.34270667485938,19.007775558048834,8.410398916275424,2.466521439122911,0.8641975308641975,0.7160493827160493,0.345679012345679,"[(5.649999999999994, 7.999999999999986)]",2.3999999999999915,True
13,3,1407,12.969999999999997,0.000325,0.00028,"[4.0, 8.0]",22.695539844199146,7.999999999999986,18.800819975659344,18.21606294495873,6.282990942164851,1.50856758466455,1.0,0.9506172839506173,0.20987654320987653,"[(7.149999999999989, 7.999999999999986)]",0.8999999999999968,True
13,3,1407,12.979999999999997,0.000325,0.00028,"[4.0, 8.0]",16.83705217020235,4.0,8.174241496341287,9.014598842031168,16.81692675641494,4.336126411801604,0.08641975308641975,0.0,0.0,"[(4.0, 4.399999999999999)]",0.4499999999999984,True
13,3,1407,12.989999999999997,0.000325,0.00028,"[4.0, 8.0]",14.005009568835252,5.049999999999996,12.522757342691813,13.01219860526654,12.688980659328108,2.2480289881408253,0.0,0.0,0.0,"[(4.399999999999999, 7.999999999999986)]",3.649999999999987,True
13,3,1407,12.999999999999996,0.000325,0.00028,"[4.0, 8.0]",13.56797260873307,4.0,4.67802113208517,3.2123177447658993,13.567800933050279,4.6538845587707645,0.0,0.0,0.0,"[(4.0, 4.649999999999998)]",0.6999999999999975,True
13,3,1407,13.009999999999996,0.000325,0.00028,"[4.0, 8.0]",9.195071362341155,6.499999999999991,6.734387389052176,7.826694944526294,9.188157812684127,2.687427461985521,0.0,0.0,0.0,"[(4.0, 4.05), (5.199999999999996, 7.7999999999999865)]",2.7499999999999902,True
13,3,1407,13.019999999999996,0.000325,0.00028,"[4.0, 8.0]",9.62445090595996,4.899999999999997,8.772348245934067,8.860774274871044,3.772905079451119,0.7147288393447013,0.0,0.0,0.0,"[(4.1, 7.999999999999986)]",3.949999999999986,True
13,3,1407,13.029999999999996,0.000325,0.00028,"[4.0, 8.0]",9.117246641544575,4.0,2.8487139249045663,1.6612634300476987,9.065392909510347,2.9267203289131167,0.0,0.0,0.0,"[(4.0, 4.6999999999999975)]",0.7499999999999973,True
13,3,1407,13.039999999999996,0.000325,0.00028,"[4.0, 8.0]",5.444622426949937,6.499999999999991,3.5088791519425864,3.9629270245690824,5.444197148027788,1.7196229274934196,0.0,0.0,0.0,"[(4.0, 4.249999999999999), (5.199999999999996, 7.7999999999999865)]",2.9499999999999895,True
13,3,1407,13.049999999999995,0.000325,0.00028,"[4.0, 8.0]",7.32228896770963,6.79999999999999,6.390190962020502,7.188264159348337,6.753397251467929,1.6529700243385828,0.0,0.0,0.0,"[(4.499999999999998, 7.999999999999986)]",3.5499999999999874,True
13,3,1407,13.059999999999995,0.000325,0.00028,"[4.0, 8.0]",6.958302620051532,4.449999999999998,5.281135273124628,5.180524657713253,3.1057031421715773,1.06131571845069,0.0,0.0,0.0,"[(4.0, 6.299999999999992), (6.74999999999999, 7.999999999999986)]",3.649999999999987,True
13,3,1407,13.069999999999995,0.000325,0.00028,"[4.0, 8.0]",5.967601309977864,4.0,1.1486685914333237,0.38961865707105087,5.967599607720924,1.6689287746654595,0.0,0.0,0.0,"[(4.0, 4.599999999999998)]",0.6499999999999977,True
13,3,1407,13.079999999999995,0.000325,0.00028,"[4.0, 8.0]",4.581443403893553,6.549999999999991,2.99289545285019,3.5264166270455,4.581197212676921,1.5018319975796648,0.0,0.0,0.0,"[(4.0, 4.05), (4.949999999999997, 7.999999999999986)]",3.1999999999999886,True
13,3,1407,13.089999999999995,0.000325,0.00028,"[4.0, 8.0]",5.596872402620053,7.399999999999988,5.047650776885224,5.529832746965875,4.41818588288575,1.0419275883763015,0.0,0.0,0.0,"[(4.249999999999999, 7.999999999999986)]",3.7999999999999865,True
13,3,1407,13.099999999999994,0.000325,0.00028,"[4.0, 8.0]",5.267425666906647,4.299999999999999,3.3384286700091113,3.0689812984722953,3.3320060032312373,1.1435322111796173,0.0,0.0,0.0,"[(4.0, 5.999999999999993), (7.099999999999989, 7.999999999999986)]",2.9999999999999893,True
13,3,1407,13.109999999999994,0.000325,0.00028,"[4.0, 8.0]",4.441892397596984,4.0,0.814505350627628,0.33503347737246897,4.441756092504923,1.1914656813523645,0.0,0.0,0.0,"[(4.0, 4.749999999999997)]",0.7999999999999972,True
13,3,1407,13.119999999999994,0.000325,0.00028,"[4.0, 8.0]",3.7003581775977716,6.549999999999991,2.4211162792275855,2.888499311972443,3.7002832833216313,1.2361984211530357,0.0,0.0,0.0,"[(4.0, 4.05), (4.799999999999997, 7.999999999999986)]",3.349999999999988,True
13,3,1407,13.129999999999994,0.000325,0.00028,"[4.0, 8.0]",4.355410887744796,5.249999999999996,3.965473150646807,4.123675301471135,2.7806652798573337,0.5824669356344331,0.0,0.0,0.0,"[(4.0, 7.999999999999986)]",4.049999999999986,True
13,3,1407,13.139999999999993,0.000325,0.00028,"[4.0, 8.0]",4.116192223032181,4.299999999999999,2.308880316515135,2.0402193928883445,3.0089037116308717,1.0355826865326208,0.0,0.0,0.0,"[(4.0, 6.499999999999991), (6.649999999999991, 7.999999999999986)]",3.949999999999986,True
13,3,1407,13.149999999999993,0.000325,0.00028,"[4.0, 8.0]",3.221062732242786,4.0,0.6676422147618967,0.5183373077225726,3.2209703847940863,0.7586006551800848,0.0,0.0,0.0,"[(4.0, 4.949999999999997), (5.699999999999994, 7.449999999999988)]",2.79999999999999,True
13,3,1407,13.159999999999993,0.000325,0.00028,"[4.0, 8.0]",3.5375120593258274,6.599999999999991,2.653494360782255,3.1725906921330327,3.535809720556759,1.1124157274535835,0.0,0.0,0.0,"[(4.399999999999999, 7.999999999999986)]",3.649999999999987,True
13,3,1407,13.169999999999993,0.000325,0.00028,"[4.0, 8.0]",3.464567728389194,4.9999999999999964,3.036956231420143,3.065502687341856,1.8986467016894684,0.3709712069353701,0.0,0.0,0.0,"[(4.0, 7.999999999999986)]",4.049999999999986,True
13,3,1407,13.179999999999993,0.000325,0.00028,"[4.0, 8.0]",3.185086752417847,4.0,0.7710713303904971,0.2508729243787837,3.1845191023697166,1.009218891240698,0.0,0.0,0.0,"[(4.0, 5.649999999999994), (7.549999999999987, 7.999999999999986)]",2.199999999999992,True
13,3,1407,13.189999999999992,0.000325,0.00028,"[4.0, 8.0]",2.031957145237326,6.599999999999991,1.2267385075752513,1.3600626712745831,2.03145353314829,0.671106915376876,0.0,0.0,0.0,"[(4.0, 7.999999999999986)]",4.049999999999986,True
13,3,1407,13.199999999999992,0.000325,0.00028,"[4.0, 8.0]",2.8962806350431887,7.699999999999987,2.5510653078785923,2.7892451962993055,2.486501842588555,0.5980546394257763,0.0,0.0,0.0,"[(4.0, 7.999999999999986)]",4.049999999999986,True
13,3,1407,12.85,0.000325,0.0003,"[4.0, 8.0]",35.6209580530163,5.649999999999994,34.77809924998353,35.05803656037954,3.384501243921875,0.866888974420631,1.0,1.0,1.0,"[(4.0, 7.849999999999986)]",3.899999999999986,True
13,3,1407,12.86,0.000325,0.0003,"[4.0, 8.0]",34.622548500900564,5.599999999999994,33.71890853337836,34.05076089351323,3.61031202645783,0.933969267333986,1.0,1.0,1.0,"[(4.0, 7.7999999999999865)]",3.8499999999999863,True
13,3,1407,12.87,0.000325,0.0003,"[4.0, 8.0]",33.41959568203494,5.5499999999999945,32.46548097339449,32.80845839719012,3.7960239979877954,0.9948644650174682,1.0,1.0,1.0,"[(4.0, 7.749999999999987)]",3.7999999999999865,True
13,3,1407,12.879999999999999,0.000325,0.0003,"[4.0, 8.0]",32.06816616098364,5.5499999999999945,31.078415466065014,31.460465022223087,3.9317404155053914,1.0450799321632374,1.0,1.0,1.0,"[(4.0, 7.699999999999987)]",3.7499999999999867,True
13,3,1407,12.889999999999999,0.000325,0.0003,"[4.0, 8.0]",30.660694201914755,5.5499999999999945,29.64953640522651,30.035903488857105,4.014031703465928,1.0828303028244028,1.0,1.0,1.0,"[(4.0, 7.649999999999987)]",3.699999999999987,True
13,3,1407,12.899999999999999,0.000325,0.0003,"[4.0, 8.0]",29.210012842890517,5.499999999999995,28.189114983960167,28.60678522186669,4.059807851426264,1.1124891287726586,1.0,1.0,1.0,"[(4.0, 7.599999999999987)]",3.649999999999987,True
13,3,1407,12.909999999999998,0.000325,0.0003,"[4.0, 8.0]",27.64850627750244,5.149999999999996,26.60250502039836,27.066714184831362,4.102192495818027,1.1382039958049155,1.0,1.0,1.0,"[(4.0, 7.599999999999987)]",3.649999999999987,True
13,3,1407,12.919999999999998,0.000325,0.0003,"[4.0, 8.0]",25.847904659070235,5.099999999999996,24.770000290825674,25.256539641314436,4.145102092714659,1.1635300188980062,1.0,1.0,1.0,"[(4.0, 7.549999999999987)]",3.599999999999987,True
13,3,1407,12.929999999999998,0.000325,0.0003,"[4.0, 8.0]",23.808313397129513,5.049999999999996,22.69604891944448,23.218240121122893,4.174641675508077,1.1899932033695384,1.0,1.0,0.9629629629629629,"[(4.0, 7.549999999999987)]",3.599999999999987,True
13,3,1407,12.939999999999998,0.000325,0.0003,"[4.0, 8.0]",21.70603331325182,5.049999999999996,20.562340486516632,21.11673498997618,4.201042171139157,1.2188834835063966,1.0,1.0,0.7160493827160493,"[(4.0, 7.499999999999988)]",3.5499999999999874,True
13,3,1407,12.949999999999998,0.000325,0.0003,"[4.0, 8.0]",19.657796593432767,4.9999999999999964,18.475216469835452,19.01542906120628,4.2400858612701295,1.2525627853850583,1.0,0.8271604938271605,0.0,"[(4.0, 7.449999999999988)]",3.4999999999999876,True
13,3,1407,12.959999999999997,0.000325,0.0003,"[4.0, 8.0]",17.53758439058164,4.649999999999998,16.281426852851624,16.76787572507611,4.335089696327326,1.2996855427781322,0.8024691358024691,0.4444444444444444,0.0,"[(4.0, 7.399999999999988)]",3.4499999999999877,True
13,3,1407,12.969999999999997,0.000325,0.0003,"[4.0, 8.0]",15.094641767330991,4.349999999999999,13.680465110415955,14.111423787107665,4.569530976265231,1.3824445222746677,0.20987654320987653,0.0,0.0,"[(4.0, 7.299999999999988)]",3.349999999999988,True
13,3,1407,12.979999999999997,0.000325,0.0003,"[4.0, 8.0]",12.265336090740579,4.249999999999999,10.517428964703907,10.89345308258669,5.123304389500017,1.5507010723020607,0.0,0.0,0.0,"[(4.0, 6.999999999999989)]",3.049999999999989,True
13,3,1407,12.989999999999997,0.000325,0.0003,"[4.0, 8.0]",9.247119121508359,4.0,6.9255643721175595,7.241182431592855,6.092846032525259,1.8633329009068913,0.0,0.0,0.0,"[(4.0, 6.549999999999991)]",2.5999999999999908,True
13,3,1407,12.999999999999996,0.000325,0.0003,"[4.0, 8.0]",6.06954617684533,4.0,3.0048099211547434,2.968566999572107,6.044656121862285,2.0147702075133616,0.0,0.0,0.0,"[(4.0, 5.899999999999993)]",1.949999999999993,True
13,3,1407,13.009999999999996,0.000325,0.0003,"[4.0, 8.0]",3.6458785805587617,7.999999999999986,1.2804364332438642,1.0936268463210097,3.645298185378299,1.0610212702118653,0.0,0.0,0.0,"[(4.0, 4.849999999999997), (6.349999999999992, 7.999999999999986)]",2.5999999999999908,True
13,3,1407,13.019999999999996,0.000325,0.0003,"[4.0, 8.0]",10.732841283758248,7.999999999999986,6.786934558153178,7.470853933603438,9.696714658098188,3.0507477866056814,0.0,0.0,0.0,"[(6.149999999999992, 7.999999999999986)]",1.8999999999999932,True
13,3,1407,13.029999999999996,0.000325,0.0003,"[4.0, 8.0]",17.171096810227255,7.999999999999986,13.942195943114989,14.675556990089815,9.004414591808729,2.7150126097099143,0.4567901234567901,0.09876543209876543,0.0,"[(5.849999999999993, 7.999999999999986)]",2.199999999999992,True
13,3,1407,13.039999999999996,0.000325,0.0003,"[4.0, 8.0]",21.425091072000633,7.999999999999986,18.12577357017082,18.30993391199499,7.731725878529161,2.142310375970734,0.8888888888888888,0.691358024691358,0.24691358024691357,"[(6.0999999999999925, 7.999999999999986)]",1.949999999999993,True
13,3,1407,13.049999999999995,0.000325,0.0003,"[4.0, 8.0]",16.49161943535178,7.999999999999986,8.031368799002403,8.370894607446393,16.36789224290625,5.671180342837276,0.14814814814814814,0.0,0.0,"[(4.0, 4.6999999999999975), (7.749999999999987, 7.999999999999986)]",1.0499999999999963,True
13,3,1407,13.059999999999995,0.000325,0.0003,"[4.0, 8.0]",14.580429239558425,4.849999999999997,13.480701595517713,13.578444425969634,4.837565894002195,0.9015437082155453,0.0,0.0,0.0,"[(4.1499999999999995, 7.999999999999986)]",3.899999999999986,True
13,3,1407,13.069999999999995,0.000325,0.0003,"[4.0, 8.0]",10.289148400368223,4.0,4.770531108868506,5.394881458390078,10.282214228047,2.494491673752533,0.0,0.0,0.0,"[(4.0, 4.249999999999999)]",0.29999999999999893,True
13,3,1407,13.079999999999995,0.000325,0.0003,"[4.0, 8.0]",10.301930035724114,7.749999999999987,9.740959225185986,10.068810893313483,5.005969749224537,1.0163677505036566,0.0,0.0,0.0,"[(4.249999999999999, 7.999999999999986)]",3.7999999999999865,True
13,3,1407,13.089999999999995,0.000325,0.0003,"[4.0, 8.0]",9.460921990178523,4.0,3.369335440234692,2.401189842229545,9.042049421321423,2.841626724628224,0.0,0.0,0.0,"[(4.0, 4.749999999999997)]",0.7999999999999972,True
13,3,1407,13.099999999999994,0.000325,0.0003,"[4.0, 8.0]",7.526282966254022,6.549999999999991,5.820714268333062,6.8375943244652895,7.524863292497855,2.2132039611905348,0.0,0.0,0.0,"[(4.849999999999997, 7.999999999999986)]",3.1999999999999886,True
13,3,1407,13.109999999999994,0.000325,0.0003,"[4.0, 8.0]",7.550166008050363,4.6999999999999975,6.756679124452324,6.746734305332165,1.527973774032886,0.5038504759630745,0.0,0.0,0.0,"[(4.0, 7.999999999999986)]",4.049999999999986,True
13,3,1407,13.119999999999994,0.000325,0.0003,"[4.0, 8.0]",6.49056570786799,4.0,1.4398699885056994,0.38107200533117563,6.49055404833547,1.9657773685504931,0.0,0.0,0.0,"[(4.0, 4.6999999999999975)]",0.7499999999999973,True
13,3,1407,13.129999999999994,0.000325,0.0003,"[4.0, 8.0]",5.867399508852728,6.549999999999991,4.528972924013891,5.3071319540314725,5.867399245398072,1.7080400504765083,0.0,0.0,0.0,"[(4.6999999999999975, 7.999999999999986)]",3.349999999999988,True
13,3,1407,13.139999999999993,0.000325,0.0003,"[4.0, 8.0]",5.8642544027744385,4.799999999999997,5.250118768659123,5.228118653243367,1.3175840758018493,0.38887226368810274,0.0,0.0,0.0,"[(4.0, 7.999999999999986)]",4.049999999999986,True
13,3,1407,13.149999999999993,0.000325,0.0003,"[4.0, 8.0]",5.124481881945714,4.0,1.1868310648513107,0.41548249557532224,5.12401779828572,1.5512141379499724,0.0,0.0,0.0,"[(4.0, 4.899999999999997)]",0.9499999999999966,True
13,3,1407,13.159999999999993,0.000325,0.0003,"[4.0, 8.0]",4.49094305888708,6.599999999999991,3.263412111297545,3.8839075620574097,4.489821316687439,1.4260258015309935,0.0,0.0,0.0,"[(4.649999999999998, 7.999999999999986)]",3.399999999999988,True
13,3,1407,13.169999999999993,0.000325,0.0003,"[4.0, 8.0]",4.7151813751966625,5.049999999999996,4.327866409001842,4.380915516551035,1.9348717690690087,0.3703486027514786,0.0,0.0,0.0,"[(4.0, 7.999999999999986)]",4.049999999999986,True
13,3,1407,13.179999999999993,0.000325,0.0003,"[4.0, 8.0]",4.019106951287288,4.0,0.8178947717754075,0.15891780040159106,4.019093862925577,1.1991760589988882,0.0,0.0,0.0,"[(4.0, 5.049999999999996)]",1.099999999999996,True
13,3,1407,13.189999999999992,0.000325,0.0003,"[4.0, 8.0]",3.3353958264793993,6.599999999999991,2.232341508879323,2.693609869634441,3.33514496605054,1.1247197008993395,0.0,0.0,0.0,"[(4.0, 4.05), (4.599999999999998, 7.999999999999986)]",3.5499999999999874,True
13,3,1407,13.199999999999992,0.000325,0.0003,"[4.0, 8.0]",3.7921360910086848,4.899999999999997,3.3466889008659755,3.3438571638655596,1.4944660335481461,0.3125400757593828,0.0,0.0,0.0,"[(4.0, 7.999999999999986)]",4.049999999999986,True
13,3,1407,12.85,0.000325,0.00031999999999999997,"[4.0, 8.0]",39.03675379763584,7.999999999999986,33.63224175945299,32.64615445828931,7.429055029514235,2.190858365987785,1.0,1.0,1.0,"[(7.299999999999988, 7.999999999999986)]",0.7499999999999973,True
13,3,1407,12.86,0.000325,0.00031999999999999997,"[4.0, 8.0]",39.501933381968385,7.999999999999986,34.39162223686158,33.390571586584606,7.073499868247282,2.111017420188921,1.0,1.0,1.0,"[(7.2499999999999885, 7.999999999999986)]",0.7999999999999972,True
13,3,1407,12.87,0.000325,0.00031999999999999997,"[4.0, 8.0]",39.92509633265547,7.999999999999986,35.188396451323314,34.21599541874291,6.621741121996806,2.0085386756982433,1.0,1.0,1.0,"[(7.149999999999989, 7.999999999999986)]",0.8999999999999968,True
13,3,1407,12.879999999999999,0.000325,0.00031999999999999997,"[4.0, 8.0]",40.24822787467664,7.999999999999986,35.95985639926094,35.003670306667345,6.075892624555358,1.8828533349642669,1.0,1.0,1.0,"[(6.999999999999989, 7.999999999999986)]",1.0499999999999963,True
13,3,1407,12.889999999999999,0.000325,0.00031999999999999997,"[4.0, 8.0]",40.42974352550783,7.999999999999986,36.64205598482371,35.81827195361274,5.460853924780764,1.7389291275961778,1.0,1.0,1.0,"[(6.79999999999999, 7.999999999999986)]",1.2499999999999956,True
13,3,1407,12.899999999999999,0.000325,0.00031999999999999997,"[4.0, 8.0]",40.46645665965286,7.999999999999986,37.22534579851646,36.54704675674547,4.784147995159437,1.5778041163260101,1.0,1.0,1.0,"[(6.549999999999991, 7.999999999999986)]",1.4999999999999947,True
13,3,1407,12.909999999999998,0.000325,0.00031999999999999997,"[4.0, 8.0]",40.342232077239714,7.999999999999986,37.7276768491767,37.217165357679406,4.016456718387616,1.3894404513645844,1.0,1.0,1.0,"[(6.0999999999999925, 7.999999999999986)]",1.949999999999993,True
13,3,1407,12.919999999999998,0.000325,0.00031999999999999997,"[4.0, 8.0]",40.02498032020534,7.849999999999986,38.13018811901093,37.82040889522467,3.161866167416086,1.1611341707057716,1.0,1.0,1.0,"[(5.149999999999996, 7.999999999999986)]",2.8999999999999897,True
13,3,1407,12.929999999999998,0.000325,0.00031999999999999997,"[4.0, 8.0]",39.598815638578074,7.549999999999987,38.33947334602597,38.26127050318457,2.5463751053740395,0.9068842711185366,1.0,1.0,1.0,"[(4.0, 7.999999999999986)]",4.049999999999986,True
13,3,1407,12.939999999999998,0.000325,0.00031999999999999997,"[4.0, 8.0]",39.12492950342051,7.2499999999999885,38.269421548783065,38.417491482711476,2.156717346614151,0.6843165641886462,1.0,1.0,1.0,"[(4.0, 7.999999999999986)]",4.049999999999986,True
13,3,1407,12.949999999999998,0.000325,0.00031999999999999997,"[4.0, 8.0]",38.58092433710273,6.79999999999999,37.92521065868526,38.046523998253925,1.9390994060882605,0.5526551603087454,1.0,1.0,1.0,"[(4.0, 7.999999999999986)]",4.049999999999986,True
13,3,1407,12.959999999999997,0.000325,0.00031999999999999997,"[4.0, 8.0]",37.894166256218654,6.3999999999999915,37.29394990577066,37.43254844114129,1.8325944162851826,0.5389349722153942,1.0,1.0,1.0,"[(4.0, 7.999999999999986)]",4.049999999999986,True
13,3,1407,12.969999999999997,0.000325,0.00031999999999999997,"[4.0, 8.0]",36.924114540796054,6.149999999999992,36.24995320426388,36.43952646561941,2.397487945432168,0.6320868439676939,1.0,1.0,1.0,"[(4.0, 7.999999999999986)]",4.049999999999986,True
13,3,1407,12.979999999999997,0.000325,0.00031999999999999997,"[4.0, 8.0]",35.48183053269274,5.699999999999994,34.70587104043655,34.94652647886989,2.983034988422361,0.7704506644617384,1.0,1.0,1.0,"[(4.0, 7.999999999999986)]",4.049999999999986,True
13,3,1407,12.989999999999997,0.000325,0.00031999999999999997,"[4.0, 8.0]",33.76137771070144,5.649999999999994,32.87655956201248,33.17230099905467,3.413874591090149,0.8853454582451448,1.0,1.0,1.0,"[(4.0, 7.849999999999986)]",3.899999999999986,True
13,3,1407,12.999999999999996,0.000325,0.00031999999999999997,"[4.0, 8.0]",31.89311421538318,5.599999999999994,30.947881549621723,31.25865776413262,3.659863636400118,0.9648058689773281,1.0,1.0,1.0,"[(4.0, 7.749999999999987)]",3.7999999999999865,True
13,3,1407,13.009999999999996,0.000325,0.00031999999999999997,"[4.0, 8.0]",29.68425645539171,5.599999999999994,28.708502407479827,29.049102476114594,3.8180864717171374,1.0255576586197763,1.0,1.0,1.0,"[(4.0, 7.699999999999987)]",3.7499999999999867,True
13,3,1407,13.019999999999996,0.000325,0.00031999999999999997,"[4.0, 8.0]",26.849428767519562,5.199999999999996,25.85169410743679,26.263249982222394,3.918661985044171,1.0778751952836965,1.0,1.0,1.0,"[(4.0, 7.649999999999987)]",3.699999999999987,True
13,3,1407,13.029999999999996,0.000325,0.00031999999999999997,"[4.0, 8.0]",23.734425643181872,5.149999999999996,22.692150852166765,23.185125486435982,4.00312490537025,1.122369291399334,1.0,1.0,0.9753086419753086,"[(4.0, 7.599999999999987)]",3.649999999999987,True
13,3,1407,13.039999999999996,0.000325,0.00031999999999999997,"[4.0, 8.0]",20.788892535525992,5.099999999999996,19.70702105809938,20.221051204849513,4.073855328769511,1.1668659120893246,1.0,0.9753086419753086,0.5802469135802469,"[(4.0, 7.549999999999987)]",3.599999999999987,True
13,3,1407,13.049999999999995,0.000325,0.00031999999999999997,"[4.0, 8.0]",17.60787984705607,4.899999999999997,16.458378412175037,17.01368806181012,4.213858909042468,1.2367427021947315,0.8395061728395061,0.5061728395061729,0.0,"[(4.0, 7.499999999999988)]",3.5499999999999874,True
13,3,1407,13.059999999999995,0.000325,0.00031999999999999997,"[4.0, 8.0]",13.467161203690598,4.399999999999999,12.092683262144984,12.592565296027374,4.734569050490418,1.422612942674102,0.0,0.0,0.0,"[(4.0, 7.299999999999988)]",3.349999999999988,True
13,3,1407,13.069999999999995,0.000325,0.00031999999999999997,"[4.0, 8.0]",8.740139359778293,4.299999999999999,6.569559133006999,7.0458992978291635,6.365537147253869,1.942125069542273,0.0,0.0,0.0,"[(4.0, 6.69999999999999)]",2.7499999999999902,True
13,3,1407,13.079999999999995,0.000325,0.00031999999999999997,"[4.0, 8.0]",3.366089935105338,4.0,1.328836433907693,1.1470038038628796,3.3660849948349774,1.0859167631626396,0.0,0.0,0.0,"[(4.0, 6.049999999999993), (7.199999999999989, 7.999999999999986)]",2.9499999999999895,True
13,3,1407,13.089999999999995,0.000325,0.00031999999999999997,"[4.0, 8.0]",11.529470611656667,7.999999999999986,7.13205436033169,7.55034983064781,9.702582555976576,2.9852076006412567,0.0,0.0,0.0,"[(6.449999999999991, 7.999999999999986)]",1.5999999999999943,True
13,3,1407,13.099999999999994,0.000325,0.00031999999999999997,"[4.0, 8.0]",20.020280512248938,7.999999999999986,16.504407569885082,16.678466337070336,7.738193467876442,2.2395699792939174,0.7037037037037037,0.4567901234567901,0.012345679012345678,"[(6.249999999999992, 7.999999999999986)]",1.7999999999999936,True
13,3,1407,13.109999999999994,0.000325,0.00031999999999999997,"[4.0, 8.0]",11.697125714386418,4.0,5.214269373848986,5.73491539043936,11.681554115721644,3.1171711384403573,0.0,0.0,0.0,"[(4.0, 4.349999999999999)]",0.3999999999999986,True
13,3,1407,13.119999999999994,0.000325,0.00031999999999999997,"[4.0, 8.0]",14.7734274114816,4.0,11.21455997489207,10.817400805506907,6.057069902550918,1.9289084147710849,0.0,0.0,0.0,"[(4.0, 5.199999999999996), (7.7999999999999865, 7.999999999999986)]",1.4999999999999947,True
13,3,1407,13.129999999999994,0.000325,0.00031999999999999997,"[4.0, 8.0]",10.932783855204049,7.299999999999988,10.426101087401873,10.894654762748212,4.3587324274582215,0.9798855522136585,0.0,0.0,0.0,"[(4.199999999999999, 7.999999999999986)]",3.8499999999999863,True
13,3,1407,13.139999999999993,0.000325,0.00031999999999999997,"[4.0, 8.0]",8.763992410060736,4.0,2.42701762420816,1.2579736212552195,8.697896573461122,2.633978465713719,0.0,0.0,0.0,"[(4.0, 4.599999999999998)]",0.6499999999999977,True
13,3,1407,13.149999999999993,0.000325,0.00031999999999999997,"[4.0, 8.0]",8.324155266061648,6.549999999999991,7.358369788654556,8.003423073357984,5.8557802016956835,1.4226198132529533,0.0,0.0,0.0,"[(4.449999999999998, 7.999999999999986)]",3.599999999999987,True
13,3,1407,13.159999999999993,0.000325,0.00031999999999999997,"[4.0, 8.0]",7.058584365312295,4.0,2.6561777724341624,1.9771521139636254,6.339911530075879,1.922202013347881,0.0,0.0,0.0,"[(4.0, 4.899999999999997)]",0.9499999999999966,True
13,3,1407,13.169999999999993,0.000325,0.00031999999999999997,"[4.0, 8.0]",5.431833190353186,6.599999999999991,3.8592264715144364,4.581998064980048,5.427721926124827,1.733518196998663,0.0,0.0,0.0,"[(4.849999999999997, 7.999999999999986)]",3.1999999999999886,True
13,3,1407,13.179999999999993,0.000325,0.00031999999999999997,"[4.0, 8.0]",6.141248834726864,4.349999999999999,4.891711605114661,4.742962067569783,2.206407730859485,0.7562228277572846,0.0,0.0,0.0,"[(4.0, 7.999999999999986)]",4.049999999999986,True
13,3,1407,13.189999999999992,0.000325,0.00031999999999999997,"[4.0, 8.0]",2.9167066874617604,4.0,1.0349067594870995,1.0819233488424564,2.9166676735737727,0.665334008137017,0.0,0.0,0.0,"[(4.0, 7.999999999999986)]",4.049999999999986,True
13,3,1407,13.199999999999992,0.000325,0.00031999999999999997,"[4.0, 8.0]",5.207841075503918,7.549999999999987,4.882429615124163,5.1557720949662365,2.696565430289521,0.6194985490494694,0.0,0.0,0.0,"[(4.0, 7.999999999999986)]",4.049999999999986,True
13,3,1407,12.85,0.000325,0.00033999999999999997,"[4.0, 8.0]",23.73047486666703,7.999999999999986,16.887572538800875,15.96534503818917,9.193451620668185,2.491329361794464,0.7160493827160493,0.345679012345679,0.14814814814814814,"[(7.599999999999987, 7.999999999999986)]",0.4499999999999984,True
13,3,1407,12.86,0.000325,0.00033999999999999997,"[4.0, 8.0]",24.457256088599294,7.999999999999986,17.671955980965475,16.750291318168518,9.115354965205292,2.475602823805758,1.0,0.4691358024691358,0.18518518518518517,"[(7.549999999999987, 7.999999999999986)]",0.4999999999999982,True
13,3,1407,12.87,0.000325,0.00033999999999999997,"[4.0, 8.0]",25.279039804716867,7.999999999999986,18.547299703045407,17.651280220412144,9.040668603565528,2.4594223901167824,1.0,0.6296296296296297,0.2345679012345679,"[(7.549999999999987, 7.999999999999986)]",0.4999999999999982,True
13,3,1407,12.879999999999999,0.000325,0.00033999999999999997,"[4.0, 8.0]",26.142997614080436,7.999999999999986,19.466801706172923,18.602888813018996,8.963559921622995,2.4429264785704667,1.0,1.0,0.2962962962962963,"[(7.549999999999987, 7.999999999999986)]",0.4999999999999982,True
13,3,1407,12.889999999999999,0.000325,0.00033999999999999997,"[4.0, 8.0]",26.993221733747244,7.999999999999986,20.373340500757983,19.483467096101215,8.881932751013952,2.4272408672562293,1.0,1.0,0.4074074074074074,"[(7.549999999999987, 7.999999999999986)]",0.4999999999999982,True
13,3,1407,12.899999999999999,0.000325,0.00033999999999999997,"[4.0, 8.0]",27.82745729629334,7.999999999999986,21.268084080766112,20.348072155402555,8.7992347784752,2.410665243851026,1.0,1.0,0.5679012345679012,"[(7.549999999999987, 7.999999999999986)]",0.4999999999999982,True
13,3,1407,12.909999999999998,0.000325,0.00033999999999999997,"[4.0, 8.0]",28.714493664000752,7.999999999999986,22.220216593542354,21.30893884280046,8.712641763016638,2.393876817812058,1.0,1.0,1.0,"[(7.549999999999987, 7.999999999999986)]",0.4999999999999982,True
13,3,1407,12.919999999999998,0.000325,0.00033999999999999997,"[4.0, 8.0]",29.72809047407246,7.999999999999986,23.305424021475684,22.432620574885807,8.613954990521279,2.375608798806886,1.0,1.0,1.0,"[(7.499999999999988, 7.999999999999986)]",0.549999999999998,True
13,3,1407,12.929999999999998,0.000325,0.00033999999999999997,"[4.0, 8.0]",30.855074940133886,7.999999999999986,24.516062972515005,23.597824934102086,8.505067374770796,2.355470216485903,1.0,1.0,1.0,"[(7.499999999999988, 7.999999999999986)]",0.549999999999998,True
13,3,1407,12.939999999999998,0.000325,0.00033999999999999997,"[4.0, 8.0]",31.984385905286285,7.999999999999986,25.735530245949597,24.821492466071827,8.385560728514484,2.3335232523037925,1.0,1.0,1.0,"[(7.499999999999988, 7.999999999999986)]",0.549999999999998,True
13,3,1407,12.949999999999998,0.000325,0.00033999999999999997,"[4.0, 8.0]",33.04403469981247,7.999999999999986,26.897936010930692,25.99736275996017,8.256641785998635,2.308647374878951,1.0,1.0,1.0,"[(7.499999999999988, 7.999999999999986)]",0.549999999999998,True
13,3,1407,12.959999999999997,0.000325,0.00033999999999999997,"[4.0, 8.0]",34.111643823657914,7.999999999999986,28.086702164210738,27.14243625725367,8.107943182560593,2.2795134849803946,1.0,1.0,1.0,"[(7.449999999999988, 7.999999999999986)]",0.5999999999999979,True
13,3,1407,12.969999999999997,0.000325,0.00033999999999999997,"[4.0, 8.0]",35.30540227997092,7.999999999999986,29.445018143589667,28.5361133104331,7.909053421042586,2.240140138139372,1.0,1.0,1.0,"[(7.449999999999988, 7.999999999999986)]",0.5999999999999979,True
13,3,1407,12.979999999999997,0.000325,0.00033999999999999997,"[4.0, 8.0]",36.58900108968187,7.999999999999986,30.96751143539094,30.04932986800979,7.622722807483854,2.1821679849881055,1.0,1.0,1.0,"[(7.399999999999988, 7.999999999999986)]",0.6499999999999977,True
13,3,1407,12.989999999999997,0.000325,0.00033999999999999997,"[4.0, 8.0]",37.737912885916224,7.999999999999986,32.42588123921148,31.49637564986191,7.250560408004098,2.1033342470085192,1.0,1.0,1.0,"[(7.299999999999988, 7.999999999999986)]",0.7499999999999973,True
13,3,1407,12.999999999999996,0.000325,0.00033999999999999997,"[4.0, 8.0]",38.648616221764485,7.999999999999986,33.727826247625124,32.814703039924574,6.773892056478342,2.0014039600204145,1.0,1.0,1.0,"[(7.2499999999999885, 7.999999999999986)]",0.7999999999999972,True
13,3,1407,13.009999999999996,0.000325,0.00033999999999999997,"[4.0, 8.0]",39.39968387261715,7.999999999999986,35.022154683681265,34.140689855347986,6.112370567507334,1.854674890748648,1.0,1.0,1.0,"[(7.049999999999989, 7.999999999999986)]",0.9999999999999964,True
13,3,1407,13.019999999999996,0.000325,0.00033999999999999997,"[4.0, 8.0]",39.88843043305398,7.999999999999986,36.3621591158897,35.60002815469969,5.066522343714645,1.6154444094367435,1.0,1.0,1.0,"[(6.74999999999999, 7.999999999999986)]",1.2999999999999954,True
13,3,1407,13.029999999999996,0.000325,0.00033999999999999997,"[4.0, 8.0]",39.7974508316408,7.999999999999986,37.38933105554399,36.93080046293056,3.7089496433026596,1.2890221659926775,1.0,1.0,1.0,"[(5.899999999999993, 7.999999999999986)]",2.1499999999999924,True
13,3,1407,13.039999999999996,0.000325,0.00033999999999999997,"[4.0, 8.0]",39.252622989901894,7.699999999999987,37.85111335363914,37.70704618529066,2.6879174195601934,0.9586204062513908,1.0,1.0,1.0,"[(4.0, 7.999999999999986)]",4.049999999999986,True
13,3,1407,13.049999999999995,0.000325,0.00033999999999999997,"[4.0, 8.0]",38.552719059080644,7.199999999999989,37.75107376810707,37.899321482605394,2.1727337791052292,0.6648344793685089,1.0,1.0,1.0,"[(4.0, 7.999999999999986)]",4.049999999999986,True
13,3,1407,13.059999999999995,0.000325,0.00033999999999999997,"[4.0, 8.0]",37.35962956297003,6.3999999999999915,36.72701836493783,36.89581954810207,2.01300307248696,0.5737137958940275,1.0,1.0,1.0,"[(4.0, 7.999999999999986)]",4.049999999999986,True
13,3,1407,13.069999999999995,0.000325,0.00033999999999999997,"[4.0, 8.0]",35.475544418203306,6.149999999999992,34.70751281452456,34.954511068153714,2.7453391652804484,0.7348252844407319,1.0,1.0,1.0,"[(4.0, 7.999999999999986)]",4.049999999999986,True
13,3,1407,13.079999999999995,0.000325,0.00033999999999999997,"[4.0, 8.0]",33.19781152441907,5.699999999999994,32.28978954498695,32.57354625111188,3.3437574005416835,0.8742144216348358,1.0,1.0,1.0,"[(4.0, 7.849999999999986)]",3.899999999999986,True
13,3,1407,13.089999999999995,0.000325,0.00033999999999999997,"[4.0, 8.0]",29.971049004027908,5.649999999999994,28.981291471744836,29.294896670141398,3.712748959267973,0.9765497594493104,1.0,1.0,1.0,"[(4.0, 7.749999999999987)]",3.7999999999999865,True
13,3,1407,13.099999999999994,0.000325,0.00033999999999999997,"[4.0, 8.0]",25.457527547251107,5.649999999999994,24.450506536848472,24.810603906432014,3.890111803713335,1.0458145728874506,1.0,1.0,1.0,"[(4.0, 7.649999999999987)]",3.699999999999987,True
13,3,1407,13.109999999999994,0.000325,0.00033999999999999997,"[4.0, 8.0]",21.248723511039653,5.249999999999996,20.231942061225997,20.649875671283024,3.983239152842099,1.0954918848478359,1.0,1.0,0.7160493827160493,"[(4.0, 7.649999999999987)]",3.699999999999987,True
13,3,1407,13.119999999999994,0.000325,0.00033999999999999997,"[4.0, 8.0]",16.56871177599199,5.199999999999996,15.473538171681431,15.990641877684766,4.25959162220753,1.2004582473530312,0.7283950617283951,0.0,0.0,"[(4.0, 7.549999999999987)]",3.599999999999987,True
13,3,1407,13.129999999999994,0.000325,0.00033999999999999997,"[4.0, 8.0]",9.446721210098998,4.849999999999997,7.792028221484449,8.543692866088557,6.116232102685529,1.7948705397115259,0.0,0.0,0.0,"[(4.0, 7.049999999999989)]",3.099999999999989,True
13,3,1407,13.139999999999993,0.000325,0.00033999999999999997,"[4.0, 8.0]",5.608175842321023,7.999999999999986,1.3550528701807654,0.5953100252112753,5.608027923471409,1.6128815263072118,0.0,0.0,0.0,"[(7.149999999999989, 7.999999999999986)]",0.8999999999999968,True
13,3,1407,13.149999999999993,0.000325,0.00033999999999999997,"[4.0, 8.0]",17.318021374954796,7.999999999999986,13.311827069261435,13.33341013579567,7.794604503005177,2.33650031018672,0.2839506172839506,0.04938271604938271,0.0,"[(6.499999999999991, 7.999999999999986)]",1.5499999999999945,True
13,3,1407,13.159999999999993,0.000325,0.00033999999999999997,"[4.0, 8.0]",15.39842010947483,6.549999999999991,14.194764444824864,14.721440167853473,5.577354943565432,1.363018685988259,0.3950617283950617,0.0,0.0,"[(4.499999999999998, 7.999999999999986)]",3.5499999999999874,True
13,3,1407,13.169999999999993,0.000325,0.00033999999999999997,"[4.0, 8.0]",5.5751539265429315,4.0,2.5800553253238117,2.7824355562082093,5.574553598639014,1.485670666296745,0.0,0.0,0.0,"[(4.0, 4.349999999999999), (5.649999999999994, 7.399999999999988)]",2.199999999999992,True
13,3,1407,13.179999999999993,0.000325,0.00033999999999999997,"[4.0, 8.0]",8.985006155490293,4.0,4.729229813804417,4.144697251091327,6.304261431120717,1.8489066615125915,0.0,0.0,0.0,"[(4.0, 4.949999999999997)]",0.9999999999999964,True
13,3,1407,13.189999999999992,0.000325,0.00033999999999999997,"[4.0, 8.0]",8.845258841162535,6.599999999999991,8.3685319048314,8.696401268218416,2.9408733782064003,0.7139977500204375,0.0,0.0,0.0,"[(4.0, 7.999999999999986)]",4.049999999999986,True
13,3,1407,13.199999999999992,0.000325,0.00033999999999999997,"[4.0, 8.0]",4.444749284462929,4.0,0.7212916685999375,0.23277235620404593,4.444693614052068,1.1404757547611166,0.0,0.0,0.0,"[(4.0, 4.649999999999998)]",0.6999999999999975,True
13,3,1407,12.85,0.00035,0.00017999999999999998,"[4.0, 8.0]",2.3840541184715596,4.0,0.6791566978462584,0.6713148376143125,2.3838421534803587,0.5367842648699465,0.0,0.0,0.0,"[(4.0, 7.999999999999986)]",4.049999999999986,True
13,3,1407,12.86,0.00035,0.00017999999999999998,"[4.0, 8.0]",1.8713808047968208,6.449999999999991,1.0957154359861045,1.1924783144161397,1.8695230147405422,0.6273529955839179,0.0,0.0,0.0,"[(4.0, 7.999999999999986)]",4.049999999999986,True
13,3,1407,12.87,0.00035,0.00017999999999999998,"[4.0, 8.0]",2.43195736612754,6.449999999999991,1.6123757740985452,1.9179746468184264,2.431799135384084,0.8093553735385088,0.0,0.0,0.0,"[(4.0, 7.999999999999986)]",4.049999999999986,True
13,3,1407,12.879999999999999,0.00035,0.00017999999999999998,"[4.0, 8.0]",2.6106766151321192,6.449999999999991,2.0258984110648814,2.436657923081392,2.6104152093906228,0.8081915175979193,0.0,0.0,0.0,"[(4.0, 7.999999999999986)]",4.049999999999986,True
13,3,1407,12.889999999999999,0.00035,0.00017999999999999998,"[4.0, 8.0]",2.56038071388398,7.449999999999988,2.2023015197180764,2.443779143464619,2.448062637173394,0.6071466243009347,0.0,0.0,0.0,"[(4.0, 7.999999999999986)]",4.049999999999986,True
13,3,1407,12.899999999999999,0.00035,0.00017999999999999998,"[4.0, 8.0]",2.5122101563074994,7.899999999999986,2.107156157606592,2.158441801076745,1.844967975827187,0.3756225217852093,0.0,0.0,0.0,"[(4.0, 7.999999999999986)]",4.049999999999986,True
13,3,1407,12.909999999999998,0.00035,0.00017999999999999998,"[4.0, 8.0]",2.460955671122656,4.649999999999998,1.7428033471343674,1.7080615053904757,1.3359190147045934,0.4526887945282312,0.0,0.0,0.0,"[(4.0, 7.999999999999986)]",4.049999999999986,True
13,3,1407,12.919999999999998,0.00035,0.00017999999999999998,"[4.0, 8.0]",2.406070186934935,4.349999999999999,1.1554987649177382,0.9591500186867917,2.066073173486931,0.7119867233096046,0.0,0.0,0.0,"[(4.0, 7.999999999999986)]",4.049999999999986,True
13,3,1407,12.929999999999998,0.00035,0.00017999999999999998,"[4.0, 8.0]",2.3448905976220473,4.1,0.5966181790557441,0.20243547694787956,2.3448908368403294,0.7676244025292185,0.0,0.0,0.0,"[(4.0, 7.999999999999986)]",4.049999999999986,True
13,3,1407,12.939999999999998,0.00035,0.00017999999999999998,"[4.0, 8.0]",2.1868119844647547,4.0,0.4188131225225176,0.24416029484614285,2.186811960978189,0.5539373705699273,0.0,0.0,0.0,"[(4.0, 7.999999999999986)]",4.049999999999986,True
13,3,1407,12.949999999999998,0.00035,0.00017999999999999998,"[4.0, 8.0]",1.7058321222411164,4.0,0.623688031960497,0.6410800392215471,1.7045674172931058,0.4135135442790556,0.0,0.0,0.0,"[(4.0, 7.999999999999986)]",4.049999999999986,True
13,3,1407,12.959999999999997,0.00035,0.00017999999999999998,"[4.0, 8.0]",1.671138963545131,6.499999999999991,1.0189287894848302,1.1293602084146501,1.6710665528462332,0.5543292470474962,0.0,0.0,0.0,"[(4.0, 7.999999999999986)]",4.049999999999986,True
13,3,1407,12.969999999999997,0.00035,0.00017999999999999998,"[4.0, 8.0]",2.0178015220426544,6.499999999999991,1.4423093196009649,1.7531005776825461,2.0176292100761173,0.6682627475637366,0.0,0.0,0.0,"[(4.0, 7.999999999999986)]",4.049999999999986,True
13,3,1407,12.979999999999997,0.00035,0.00017999999999999998,"[4.0, 8.0]",2.000283481723015,7.449999999999988,1.6796346261403035,1.9199364016033504,1.9883050305558743,0.5383740459877416,0.0,0.0,0.0,"[(4.0, 7.999999999999986)]",4.049999999999986,True
13,3,1407,12.989999999999997,0.00035,0.00017999999999999998,"[4.0, 8.0]",1.9476301902902002,7.999999999999986,1.5682783823263575,1.5889759407236734,1.4989515676300242,0.31355771009933414,0.0,0.0,0.0,"[(4.0, 7.999999999999986)]",4.049999999999986,True
13,3,1407,12.999999999999996,0.00035,0.00017999999999999998,"[4.0, 8.0]",1.89964807682001,4.599999999999998,1.1850778037914216,1.1482271063512681,1.2772336077536677,0.4295042070558791,0.0,0.0,0.0,"[(4.0, 7.999999999999986)]",4.049999999999986,True
13,3,1407,13.009999999999996,0.00035,0.00017999999999999998,"[4.0, 8.0]",1.849874405643654,4.299999999999999,0.6801282204262739,0.4326894686804921,1.7774423575086666,0.6114864447783805,0.0,0.0,0.0,"[(4.0, 7.999999999999986)]",4.049999999999986,True
13,3,1407,13.019999999999996,0.00035,0.00017999999999999998,"[4.0, 8.0]",1.789419096637392,4.0,0.3469660975834891,0.1126694242338905,1.7894058648997333,0.5213545208923892,0.0,0.0,0.0,"[(4.0, 7.999999999999986)]",4.049999999999986,True
13,3,1407,13.029999999999996,0.00035,0.00017999999999999998,"[4.0, 8.0]",1.4166448031736856,4.0,0.49918618626094663,0.5252477757614459,1.4159988139816226,0.3340702195854133,0.0,0.0,0.0,"[(4.0, 7.999999999999986)]",4.049999999999986,True
13,3,1407,13.039999999999996,0.00035,0.00017999999999999998,"[4.0, 8.0]",1.4062637058404217,6.499999999999991,0.874746939033593,0.9930224718193625,1.4049674272372228,0.4677598261671898,0.0,0.0,0.0,"[(4.0, 7.999999999999986)]",4.049999999999986,True
13,3,1407,13.049999999999995,0.00035,0.00017999999999999998,"[4.0, 8.0]",1.6272785952593873,6.499999999999991,1.2130126699380424,1.4858412286101073,1.6271139656653406,0.5403780483860413,0.0,0.0,0.0,"[(4.0, 7.999999999999986)]",4.049999999999986,True
13,3,1407,13.059999999999995,0.00035,0.00017999999999999998,"[4.0, 8.0]",1.5745090226821303,5.249999999999996,1.3047406167337696,1.3962620480364751,1.5046912208673036,0.35393003123688804,0.0,0.0,0.0,"[(4.0, 7.999999999999986)]",4.049999999999986,True
13,3,1407,13.069999999999995,0.00035,0.00017999999999999998,"[4.0, 8.0]",1.5198567014718154,4.6999999999999975,0.9730237599823863,0.9272013400655342,0.9701057171866811,0.32416768549703073,0.0,0.0,0.0,"[(4.0, 7.999999999999986)]",4.049999999999986,True
13,3,1407,13.079999999999995,0.00035,0.00017999999999999998,"[4.0, 8.0]",1.4728079359643418,4.349999999999999,0.5288489812976748,0.3247253537039471,1.4264591232358026,0.49373483030262466,0.0,0.0,0.0,"[(4.0, 7.999999999999986)]",4.049999999999986,True
13,3,1407,13.089999999999995,0.00035,0.00017999999999999998,"[4.0, 8.0]",1.4204281175988043,4.0,0.28303539734910677,0.12096807667826504,1.4203278922364269,0.40475345998793105,0.0,0.0,0.0,"[(4.0, 7.999999999999986)]",4.049999999999986,True
13,3,1407,13.099999999999994,0.00035,0.00017999999999999998,"[4.0, 8.0]",0.977939422002889,4.0,0.5456966181880751,0.6037389864343478,0.9777915064841162,0.3076820633559418,0.0,0.0,0.0,"[(4.0, 7.999999999999986)]",4.049999999999986,True
13,3,1407,13.109999999999994,0.00035,0.00017999999999999998,"[4.0, 8.0]",1.3113855956048528,6.549999999999991,0.9116324570705343,1.1225359850226844,1.3111838810089211,0.4457717704377342,0.0,0.0,0.0,"[(4.0, 7.999999999999986)]",4.049999999999986,True
13,3,1407,13.119999999999994,0.00035,0.00017999999999999998,"[4.0, 8.0]",1.291871063479836,7.699999999999987,1.0601398369529318,1.1965833520148874,1.2911802882229495,0.35125337646286214,0.0,0.0,0.0,"[(4.0, 7.999999999999986)]",4.049999999999986,True
13,3,1407,13.129999999999994,0.00035,0.00017999999999999998,"[4.0, 8.0]",1.2323351330803194,4.6999999999999975,0.7347994987731858,0.697330025162955,0.8632698066775208,0.28749881283174283,0.0,0.0,0.0,"[(4.0, 7.999999999999986)]",4.049999999999986,True
13,3,1407,13.139999999999993,0.00035,0.00017999999999999998,"[4.0, 8.0]",1.1845059821572264,4.249999999999999,0.3252824505803941,0.1105647385088985,1.1845010956481998,0.4115671980427001,0.0,0.0,0.0,"[(4.0, 7.999999999999986)]",4.049999999999986,True
13,3,1407,13.149999999999993,0.00035,0.00017999999999999998,"[4.0, 8.0]",1.0877702555996254,4.0,0.29186120643846963,0.269499180533092,1.0872177837699026,0.2528981669818713,0.0,0.0,0.0,"[(4.0, 7.999999999999986)]",4.049999999999986,True
13,3,1407,13.159999999999993,0.00035,0.00017999999999999998,"[4.0, 8.0]",1.0620382813233415,6.599999999999991,0.7074230693865307,0.8518736159468658,1.0618339085479902,0.3610012987299069,0.0,0.0,0.0,"[(4.0, 7.999999999999986)]",4.049999999999986,True
13,3,1407,13.169999999999993,0.00035,0.00017999999999999998,"[4.0, 8.0]",1.0723356285216048,5.499999999999995,0.8681175541481726,0.995707277973603,1.0720326403070115,0.31015813479825066,0.0,0.0,0.0,"[(4.0, 7.999999999999986)]",4.049999999999986,True
13,3,1407,13.179999999999993,0.00035,0.00017999999999999998,"[4.0, 8.0]",1.012462282111723,4.599999999999998,0.5248359479909681,0.46803959427260544,0.8175802138141439,0.2737285536770305,0.0,0.0,0.0,"[(4.0, 7.999999999999986)]",4.049999999999986,True
13,3,1407,13.189999999999992,0.00035,0.00017999999999999998,"[4.0, 8.0]",0.9622664451999445,4.1,0.20897004530438906,0.058494865608355304,0.962265627583,0.3086500195072859,0.0,0.0,0.0,"[(4.0, 7.999999999999986)]",4.049999999999986,True
13,3,1407,13.199999999999992,0.00035,0.00017999999999999998,"[4.0, 8.0]",0.7391128747781605,6.599999999999991,0.4498173254022695,0.5057616216538481,0.7391004160445003,0.24346308866452915,0.0,0.0,0.0,"[(4.0, 7.999999999999986)]",4.049999999999986,True
13,3,1407,12.85,0.00035,0.00019999999999999998,"[4.0, 8.0]",3.6501461020111274,6.3999999999999915,2.427650752265696,2.8608002294998673,3.6475349657223233,1.1992167951077812,0.0,0.0,0.0,"[(4.0, 4.1), (4.6999999999999975, 7.999999999999986)]",3.4999999999999876,True
13,3,1407,12.86,0.00035,0.00019999999999999998,"[4.0, 8.0]",4.01055318235082,6.449999999999991,3.128923046352027,3.715447176890174,4.007415908065631,1.21021094734191,0.0,0.0,0.0,"[(4.449999999999998, 7.999999999999986)]",3.599999999999987,True
13,3,1407,12.87,0.00035,0.00019999999999999998,"[4.0, 8.0]",3.9385315880931984,7.499999999999988,3.4729282485776665,3.779836273333504,3.523952050941376,0.8187730366864002,0.0,0.0,0.0,"[(4.1499999999999995, 7.999999999999986)]",3.899999999999986,True
13,3,1407,12.879999999999999,0.00035,0.00019999999999999998,"[4.0, 8.0]",3.852973085394563,4.849999999999997,3.2505610719684803,3.2625391939497366,2.085261653226399,0.4541320348041564,0.0,0.0,0.0,"[(4.0, 7.999999999999986)]",4.049999999999986,True
13,3,1407,12.889999999999999,0.00035,0.00019999999999999998,"[4.0, 8.0]",3.7706312948698995,4.499999999999998,2.50863946228947,2.430284242357038,2.3174680811574624,0.7957520872734826,0.0,0.0,0.0,"[(4.0, 7.999999999999986)]",4.049999999999986,True
13,3,1407,12.899999999999999,0.00035,0.00019999999999999998,"[4.0, 8.0]",3.6916517741878057,4.199999999999999,1.532168233942235,1.1368990036425783,3.3889671340665584,1.151020409865873,0.0,0.0,0.0,"[(4.0, 5.699999999999994), (7.199999999999989, 7.999999999999986)]",2.5999999999999908,True
13,3,1407,12.909999999999998,0.00035,0.00019999999999999998,"[4.0, 8.0]",3.589005826656112,4.0,0.7704360950815932,0.13144796723906396,3.5889606114006387,1.0976411059075317,0.0,0.0,0.0,"[(4.0, 5.099999999999996), (7.7999999999999865, 7.999999999999986)]",1.399999999999995,True
13,3,1407,12.919999999999998,0.00035,0.00019999999999999998,"[4.0, 8.0]",3.024112316258079,4.0,0.704139915143248,0.6117588593812215,3.0238905479541116,0.6899133622634042,0.0,0.0,0.0,"[(4.0, 4.9999999999999964), (5.249999999999996, 7.699999999999987), (7.949999999999986, 7.999999999999986)]",3.649999999999987,True
13,3,1407,12.929999999999998,0.00035,0.00019999999999999998,"[4.0, 8.0]",2.2069710629748385,6.449999999999991,1.312572020103498,1.4479577809549895,2.2059039685415076,0.730319492828057,0.0,0.0,0.0,"[(4.0, 7.999999999999986)]",4.049999999999986,True
13,3,1407,12.939999999999998,0.00035,0.00019999999999999998,"[4.0, 8.0]",2.945469141834401,6.449999999999991,2.043158742105332,2.453331800952525,2.9429863997921646,0.9718327290119549,0.0,0.0,0.0,"[(4.0, 7.999999999999986)]",4.049999999999986,True
13,3,1407,12.949999999999998,0.00035,0.00019999999999999998,"[4.0, 8.0]",3.0516624626043627,7.049999999999989,2.5124487014433785,2.9723198227795415,3.0514200574616663,0.8762471924454927,0.0,0.0,0.0,"[(4.1, 7.999999999999986)]",3.949999999999986,True
13,3,1407,12.959999999999997,0.00035,0.00019999999999999998,"[4.0, 8.0]",2.981977460638267,7.7999999999999865,2.5917678419097387,2.724882797039971,2.451713404477877,0.5237724212307929,0.0,0.0,0.0,"[(4.0, 7.999999999999986)]",4.049999999999986,True
13,3,1407,12.969999999999997,0.00035,0.00019999999999999998,"[4.0, 8.0]",2.902967796842524,4.6999999999999975,2.1506077420404166,2.1235478470384295,1.4020897058488235,0.4735268085259905,0.0,0.0,0.0,"[(4.0, 7.999999999999986)]",4.049999999999986,True
13,3,1407,12.979999999999997,0.00035,0.00019999999999999998,"[4.0, 8.0]",2.817653960439973,4.299999999999999,1.239381936558228,0.961096830872935,2.5235326304556343,0.8676734269029192,0.0,0.0,0.0,"[(4.0, 7.999999999999986)]",4.049999999999986,True
13,3,1407,12.989999999999997,0.00035,0.00019999999999999998,"[4.0, 8.0]",2.7289953628488126,4.0,0.5608729119160132,0.0743856435231156,2.7288345738327595,0.834611951563627,0.0,0.0,0.0,"[(4.0, 7.999999999999986)]",4.049999999999986,True
13,3,1407,12.999999999999996,0.00035,0.00019999999999999998,"[4.0, 8.0]",2.293378744707072,4.0,0.5786894601445383,0.5227095794243217,2.292704852829301,0.5162645083797903,0.0,0.0,0.0,"[(4.0, 7.999999999999986)]",4.049999999999986,True
13,3,1407,13.009999999999996,0.00035,0.00019999999999999998,"[4.0, 8.0]",1.8166580830926216,6.499999999999991,1.0901846901248107,1.190604844605541,1.8154006221669923,0.5980663769441523,0.0,0.0,0.0,"[(4.0, 7.999999999999986)]",4.049999999999986,True
13,3,1407,13.019999999999996,0.00035,0.00019999999999999998,"[4.0, 8.0]",2.397319737974024,6.499999999999991,1.7425708262050776,2.1215824700443315,2.396550885179935,0.7885481476296455,0.0,0.0,0.0,"[(4.0, 7.999999999999986)]",4.049999999999986,True
13,3,1407,13.029999999999996,0.00035,0.00019999999999999998,"[4.0, 8.0]",2.3586750719001937,7.649999999999987,2.019926592829024,2.2257687089563434,2.239207637921383,0.5491629252048867,0.0,0.0,0.0,"[(4.0, 7.999999999999986)]",4.049999999999986,True
13,3,1407,13.039999999999996,0.00035,0.00019999999999999998,"[4.0, 8.0]",2.2897429649981755,4.799999999999997,1.750512595722954,1.744941764857173,1.3718356691006943,0.3491184939308906,0.0,0.0,0.0,"[(4.0, 7.999999999999986)]",4.049999999999986,True
13,3,1407,13.049999999999995,0.00035,0.00019999999999999998,"[4.0, 8.0]",2.2207023807634387,4.399999999999999,1.0845753898737558,0.9201452270794961,1.8794791137153697,0.6479148981618836,0.0,0.0,0.0,"[(4.0, 7.999999999999986)]",4.049999999999986,True
13,3,1407,13.059999999999995,0.00035,0.00019999999999999998,"[4.0, 8.0]",2.136442722769569,4.0,0.43653073519224717,0.07407125540275661,2.1363654080902843,0.6607992322884731,0.0,0.0,0.0,"[(4.0, 7.999999999999986)]",4.049999999999986,True
13,3,1407,13.069999999999995,0.00035,0.00019999999999999998,"[4.0, 8.0]",1.63142349550178,4.0,0.5940084594095948,0.6296336637628658,1.630844548652683,0.38656418345722393,0.0,0.0,0.0,"[(4.0, 7.999999999999986)]",4.049999999999986,True
13,3,1407,13.079999999999995,0.00035,0.00019999999999999998,"[4.0, 8.0]",1.7411740663482613,6.549999999999991,1.1157687612576268,1.315601694206777,1.740414014002241,0.5837623272494518,0.0,0.0,0.0,"[(4.0, 7.999999999999986)]",4.049999999999986,True
13,3,1407,13.089999999999995,0.00035,0.00019999999999999998,"[4.0, 8.0]",1.9253793654450804,7.199999999999989,1.5526813443709298,1.8882451043445794,1.9246071865253633,0.5957658807041208,0.0,0.0,0.0,"[(4.0, 7.999999999999986)]",4.049999999999986,True
13,3,1407,13.099999999999994,0.00035,0.00019999999999999998,"[4.0, 8.0]",1.843998598866987,4.899999999999997,1.4132691179734609,1.4021410398512215,1.3226314850612735,0.29531858083741186,0.0,0.0,0.0,"[(4.0, 7.999999999999986)]",4.049999999999986,True
13,3,1407,13.109999999999994,0.00035,0.00019999999999999998,"[4.0, 8.0]",1.7753004193788604,4.399999999999999,0.7970285542515698,0.6177945375535996,1.5785676006956963,0.5451500168333919,0.0,0.0,0.0,"[(4.0, 7.999999999999986)]",4.049999999999986,True
13,3,1407,13.119999999999994,0.00035,0.00019999999999999998,"[4.0, 8.0]",1.7050343984420424,4.0,0.34209349442094633,0.09279233573686785,1.7049552038059972,0.5185776214177464,0.0,0.0,0.0,"[(4.0, 7.999999999999986)]",4.049999999999986,True
13,3,1407,13.129999999999994,0.00035,0.00019999999999999998,"[4.0, 8.0]",1.1274234460171906,6.549999999999991,0.6721660666844869,0.7396235872989927,1.1261903932508561,0.3722856302499815,0.0,0.0,0.0,"[(4.0, 7.999999999999986)]",4.049999999999986,True
13,3,1407,13.139999999999993,0.00035,0.00019999999999999998,"[4.0, 8.0]",1.5910458213533758,6.549999999999991,1.1637916013182878,1.433059727417044,1.59086878677088,0.5365980723135937,0.0,0.0,0.0,"[(4.0, 7.999999999999986)]",4.049999999999986,True
13,3,1407,13.149999999999993,0.00035,0.00019999999999999998,"[4.0, 8.0]",1.5298106586240872,7.999999999999986,1.2405933729766725,1.305943206106296,1.406053474150022,0.3104466926989387,0.0,0.0,0.0,"[(4.0, 7.999999999999986)]",4.049999999999986,True
13,3,1407,13.159999999999993,0.00035,0.00019999999999999998,"[4.0, 8.0]",1.4466461738217,4.399999999999999,0.5944535191650931,0.4339565121095237,1.3400240639660366,0.4643479287704748,0.0,0.0,0.0,"[(4.0, 7.999999999999986)]",4.049999999999986,True
13,3,1407,13.169999999999993,0.00035,0.00019999999999999998,"[4.0, 8.0]",1.3821606182855621,4.0,0.2812373483878933,0.1345541721390381,1.382129490383951,0.39070942607539233,0.0,0.0,0.0,"[(4.0, 7.999999999999986)]",4.049999999999986,True
13,3,1407,13.179999999999993,0.00035,0.00019999999999999998,"[4.0, 8.0]",1.1756345965542994,6.599999999999991,0.7427018635597697,0.8633582852971139,1.1754764951432806,0.3938345389930808,0.0,0.0,0.0,"[(4.0, 7.999999999999986)]",4.049999999999986,True
13,3,1407,13.189999999999992,0.00035,0.00019999999999999998,"[4.0, 8.0]",1.295275464993754,7.649999999999987,1.0583967548490083,1.2218313177711653,1.2938503775122818,0.3740892433217703,0.0,0.0,0.0,"[(4.0, 7.999999999999986)]",4.049999999999986,True
13,3,1407,13.199999999999992,0.00035,0.00019999999999999998,"[4.0, 8.0]",1.2198666166381629,4.599999999999998,0.6415702268276935,0.5740487954924509,0.9721241881241096,0.32714338594796155,0.0,0.0,0.0,"[(4.0, 7.999999999999986)]",4.049999999999986,True
13,3,1407,12.85,0.00035,0.00021999999999999998,"[4.0, 8.0]",5.773786193911141,4.0,2.3521664063535574,2.5732432724199654,5.773200603638646,1.4519027207071185,0.0,0.0,0.0,"[(4.0, 4.349999999999999), (5.699999999999994, 7.149999999999989)]",1.8999999999999932,True
13,3,1407,12.86,0.00035,0.00021999999999999998,"[4.0, 8.0]",5.635133937535243,6.449999999999991,3.900862322444782,4.608611316343645,5.627132518822534,1.7905588603228997,0.0,0.0,0.0,"[(4.949999999999997, 7.899999999999986)]",2.9999999999999893,True
13,3,1407,12.87,0.00035,0.00021999999999999998,"[4.0, 8.0]",6.054233816852768,6.84999999999999,5.100692720387391,5.9074084057262946,6.051262333086888,1.6175690775639515,0.0,0.0,0.0,"[(4.499999999999998, 7.999999999999986)]",3.5499999999999874,True
13,3,1407,12.879999999999999,0.00035,0.00021999999999999998,"[4.0, 8.0]",5.91794999297004,7.849999999999986,5.311022856781644,5.443468411684082,3.621229465902491,0.6943719193136845,0.0,0.0,0.0,"[(4.1, 7.999999999999986)]",3.949999999999986,True
13,3,1407,12.889999999999999,0.00035,0.00021999999999999998,"[4.0, 8.0]",5.77961511331694,4.499999999999998,4.303639816000852,4.277757827007354,2.809528310410304,0.9612585686624715,0.0,0.0,0.0,"[(4.0, 7.999999999999986)]",4.049999999999986,True
13,3,1407,12.899999999999999,0.00035,0.00021999999999999998,"[4.0, 8.0]",5.651274044194423,4.1499999999999995,2.4977207362421074,1.9819372579303696,5.050026745612871,1.704665135494366,0.0,0.0,0.0,"[(4.0, 5.199999999999996), (7.699999999999987, 7.999999999999986)]",1.5999999999999943,True
13,3,1407,12.909999999999998,0.00035,0.00021999999999999998,"[4.0, 8.0]",5.347313847790729,4.0,1.0906249618658275,0.24879551821563137,5.347312793707936,1.569039057729999,0.0,0.0,0.0,"[(4.0, 4.6999999999999975)]",0.7499999999999973,True
13,3,1407,12.919999999999998,0.00035,0.00021999999999999998,"[4.0, 8.0]",3.958056820458196,4.0,1.4215323067068344,1.5046731750229618,3.9578645216694053,0.9469895096648588,0.0,0.0,0.0,"[(4.0, 4.499999999999998), (5.449999999999995, 7.499999999999988)]",2.6499999999999906,True
13,3,1407,12.929999999999998,0.00035,0.00021999999999999998,"[4.0, 8.0]",4.081658013965209,6.449999999999991,2.7214609112977692,3.2271846844439738,4.079463395915976,1.3361821003449579,0.0,0.0,0.0,"[(4.0, 4.05), (4.799999999999997, 7.999999999999986)]",3.349999999999988,True
13,3,1407,12.939999999999998,0.00035,0.00021999999999999998,"[4.0, 8.0]",4.5583943496815476,6.649999999999991,3.7340947664900095,4.3733840752006685,4.557832704704653,1.2839581902701593,0.0,0.0,0.0,"[(4.449999999999998, 7.999999999999986)]",3.599999999999987,True
13,3,1407,12.949999999999998,0.00035,0.00021999999999999998,"[4.0, 8.0]",4.446087069320511,7.7999999999999865,3.975226351304621,4.141799148396366,3.2160966406441043,0.662100029605339,0.0,0.0,0.0,"[(4.05, 7.999999999999986)]",3.999999999999986,True
13,3,1407,12.959999999999997,0.00035,0.00021999999999999998,"[4.0, 8.0]",4.331718409639819,4.649999999999998,3.3377570825040106,3.3262350134181755,1.8875337324848287,0.635446067123214,0.0,0.0,0.0,"[(4.0, 7.999999999999986)]",4.049999999999986,True
13,3,1407,12.969999999999997,0.00035,0.00021999999999999998,"[4.0, 8.0]",4.2072570790682375,4.199999999999999,1.8711704958802802,1.4889073505258255,3.7242264231402333,1.2666380286237988,0.0,0.0,0.0,"[(4.0, 5.599999999999994), (7.349999999999988, 7.999999999999986)]",2.3499999999999917,True
13,3,1407,12.979999999999997,0.00035,0.00021999999999999998,"[4.0, 8.0]",3.899288440903588,4.0,0.7342631973735604,0.23940380363681968,3.8992449052683793,1.0928882746354995,0.0,0.0,0.0,"[(4.0, 4.849999999999997)]",0.8999999999999968,True
13,3,1407,12.989999999999997,0.00035,0.00021999999999999998,"[4.0, 8.0]",2.6208451229996794,4.0,1.180176715869013,1.2777733447850934,2.6205358189457106,0.7041221299418603,0.0,0.0,0.0,"[(4.0, 7.999999999999986)]",4.049999999999986,True
13,3,1407,12.999999999999996,0.00035,0.00021999999999999998,"[4.0, 8.0]",3.2068778311252126,6.499999999999991,2.140136043030855,2.5731119853795015,3.205926282471571,1.0649729900313432,0.0,0.0,0.0,"[(4.0, 4.1499999999999995), (4.549999999999998, 7.999999999999986)]",3.699999999999987,True
13,3,1407,13.009999999999996,0.00035,0.00021999999999999998,"[4.0, 8.0]",3.520902168923751,6.84999999999999,2.8935199677364802,3.416914126279054,3.5178324134251926,1.0041848716742996,0.0,0.0,0.0,"[(4.249999999999999, 7.999999999999986)]",3.7999999999999865,True
13,3,1407,13.019999999999996,0.00035,0.00021999999999999998,"[4.0, 8.0]",3.4016129889604234,4.9999999999999964,2.9247596185194777,2.9731855479840834,2.188902106934084,0.4339630440392834,0.0,0.0,0.0,"[(4.0, 7.999999999999986)]",4.049999999999986,True
13,3,1407,13.029999999999996,0.00035,0.00021999999999999998,"[4.0, 8.0]",3.2788233482875535,4.399999999999999,1.9095896937171672,1.7468640285984605,2.3775924703250446,0.818606303180993,0.0,0.0,0.0,"[(4.0, 7.999999999999986)]",4.049999999999986,True
13,3,1407,13.039999999999996,0.00035,0.00021999999999999998,"[4.0, 8.0]",3.169139005975145,4.0,0.8033233269596114,0.28563505734198336,3.169139198068089,1.0288545992013007,0.0,0.0,0.0,"[(4.0, 5.599999999999994), (7.399999999999988, 7.999999999999986)]",2.299999999999992,True
13,3,1407,13.049999999999995,0.00035,0.00021999999999999998,"[4.0, 8.0]",2.639790630295859,4.0,0.6292983353527537,0.5418449220918499,2.6392996289779447,0.6000354541841257,0.0,0.0,0.0,"[(4.0, 7.999999999999986)]",4.049999999999986,True
13,3,1407,13.059999999999995,0.00035,0.00021999999999999998,"[4.0, 8.0]",2.370349407963221,6.549999999999991,1.501414419829767,1.7387289260089016,2.3675553552347424,0.7896018163532198,0.0,0.0,0.0,"[(4.0, 7.999999999999986)]",4.049999999999986,True
13,3,1407,13.069999999999995,0.00035,0.00021999999999999998,"[4.0, 8.0]",2.7860919329819356,7.049999999999989,2.2794433136832657,2.7143873223456794,2.7860913557348717,0.8183129054958689,0.0,0.0,0.0,"[(4.0, 7.999999999999986)]",4.049999999999986,True
13,3,1407,13.079999999999995,0.00035,0.00021999999999999998,"[4.0, 8.0]",2.692538512625862,5.049999999999996,2.2729759871096733,2.3290914104866873,1.9371890834745022,0.38963912033159354,0.0,0.0,0.0,"[(4.0, 7.999999999999986)]",4.049999999999986,True
13,3,1407,13.089999999999995,0.00035,0.00021999999999999998,"[4.0, 8.0]",2.5869132308876672,4.449999999999998,1.419169159350071,1.253024135841244,1.9896453256072342,0.6848188365600036,0.0,0.0,0.0,"[(4.0, 7.999999999999986)]",4.049999999999986,True
13,3,1407,13.099999999999994,0.00035,0.00021999999999999998,"[4.0, 8.0]",2.4374640686632003,4.0,0.4637754992667304,0.1303381526674242,2.4372757540221723,0.7096800248456427,0.0,0.0,0.0,"[(4.0, 7.999999999999986)]",4.049999999999986,True
13,3,1407,13.109999999999994,0.00035,0.00021999999999999998,"[4.0, 8.0]",1.6036906343058002,4.0,0.8027178814204362,0.8618140808824298,1.6036861561585736,0.46056361360889403,0.0,0.0,0.0,"[(4.0, 7.999999999999986)]",4.049999999999986,True
13,3,1407,13.119999999999994,0.00035,0.00021999999999999998,"[4.0, 8.0]",2.2219435426039142,6.549999999999991,1.5702284063137215,1.9182855063420692,2.2212827268560433,0.7455608574312407,0.0,0.0,0.0,"[(4.0, 7.999999999999986)]",4.049999999999986,True
13,3,1407,13.129999999999994,0.00035,0.00021999999999999998,"[4.0, 8.0]",2.184543555434826,7.999999999999986,1.835760351987119,1.9045827172350354,1.8125845803366414,0.38186375490076435,0.0,0.0,0.0,"[(4.0, 7.999999999999986)]",4.049999999999986,True
13,3,1407,13.139999999999993,0.00035,0.00021999999999999998,"[4.0, 8.0]",2.0881390072809154,4.499999999999998,1.123340875481785,0.9999652420704994,1.633852156608081,0.5610346737245131,0.0,0.0,0.0,"[(4.0, 7.999999999999986)]",4.049999999999986,True
13,3,1407,13.149999999999993,0.00035,0.00021999999999999998,"[4.0, 8.0]",1.984877084696879,4.0,0.38851456853651173,0.09752193963563471,1.9848772127821694,0.5945018609462677,0.0,0.0,0.0,"[(4.0, 7.999999999999986)]",4.049999999999986,True
13,3,1407,13.159999999999993,0.00035,0.00021999999999999998,"[4.0, 8.0]",1.491472317166842,6.599999999999991,0.914911074436739,1.0159695029391378,1.4912761299980626,0.4942390802650417,0.0,0.0,0.0,"[(4.0, 7.999999999999986)]",4.049999999999986,True
13,3,1407,13.169999999999993,0.00035,0.00021999999999999998,"[4.0, 8.0]",1.856497552872768,7.149999999999989,1.478156060433313,1.8037409909491737,1.8552392431220817,0.5888383744304944,0.0,0.0,0.0,"[(4.0, 7.999999999999986)]",4.049999999999986,True
13,3,1407,13.179999999999993,0.00035,0.00021999999999999998,"[4.0, 8.0]",1.7425540578851901,4.6999999999999975,1.1419003118303956,1.0880023766304439,1.059141685212352,0.352717154126977,0.0,0.0,0.0,"[(4.0, 7.999999999999986)]",4.049999999999986,True
13,3,1407,13.189999999999992,0.00035,0.00021999999999999998,"[4.0, 8.0]",1.646392289010775,4.1,0.3674101315451245,0.04126661118650885,1.6463450324638578,0.5435315741036117,0.0,0.0,0.0,"[(4.0, 7.999999999999986)]",4.049999999999986,True
13,3,1407,13.199999999999992,0.00035,0.00021999999999999998,"[4.0, 8.0]",1.1723019600631326,6.599999999999991,0.7083769052760264,0.8052308669154187,1.1710595339442031,0.38600805130409055,0.0,0.0,0.0,"[(4.0, 7.999999999999986)]",4.049999999999986,True
13,3,1407,12.85,0.00035,0.00023999999999999998,"[4.0, 8.0]",18.02444231160399,4.0,7.914731780820743,6.547964761453331,18.02443654672022,6.577085996702856,0.24691358024691357,0.13580246913580246,0.0,"[(4.0, 4.6999999999999975), (7.7999999999999865, 7.999999999999986)]",0.9999999999999964,True
13,3,1407,12.86,0.00035,0.00023999999999999998,"[4.0, 8.0]",15.15974104150308,4.0,10.469359632650438,12.180826815900325,15.109862404261495,3.6981181825460494,0.012345679012345678,0.0,0.0,"[(4.0, 4.199999999999999), (5.499999999999995, 7.2499999999999885)]",2.0499999999999927,True
13,3,1407,12.87,0.00035,0.00023999999999999998,"[4.0, 8.0]",13.203650813461847,4.949999999999997,11.4719913435498,11.946694298186342,13.039206370493964,2.333093611302047,0.0,0.0,0.0,"[(4.399999999999999, 7.999999999999986)]",3.649999999999987,True
13,3,1407,12.879999999999999,0.00035,0.00023999999999999998,"[4.0, 8.0]",12.911453066538405,4.199999999999999,6.2752241980732535,5.763342023478636,11.769522919456193,4.057862762311905,0.0,0.0,0.0,"[(4.0, 4.899999999999997), (7.949999999999986, 7.999999999999986)]",1.0499999999999963,True
13,3,1407,12.889999999999999,0.00035,0.00023999999999999998,"[4.0, 8.0]",11.573709481071067,4.0,4.127492577784713,4.409225652664649,11.57095365405328,2.83569812443202,0.0,0.0,0.0,"[(4.0, 4.299999999999999)]",0.34999999999999876,True
13,3,1407,12.899999999999999,0.00035,0.00023999999999999998,"[4.0, 8.0]",8.999412189013881,6.449999999999991,6.857512757050671,8.103715341903726,8.995061236520852,2.63099706049405,0.0,0.0,0.0,"[(4.9999999999999964, 7.899999999999986)]",2.9499999999999895,True
13,3,1407,12.909999999999998,0.00035,0.00023999999999999998,"[4.0, 8.0]",9.013039547960094,7.649999999999987,8.181505870661312,8.674870390563116,7.446573960293426,1.5073642484839973,0.0,0.0,0.0,"[(4.349999999999999, 7.999999999999986)]",3.699999999999987,True
13,3,1407,12.919999999999998,0.00035,0.00023999999999999998,"[4.0, 8.0]",8.77604479002289,4.449999999999998,6.519672730622368,6.41474877739403,4.29180944022242,1.4690709705773286,0.0,0.0,0.0,"[(4.0, 5.649999999999994), (7.2499999999999885, 7.999999999999986)]",2.499999999999991,True
13,3,1407,12.929999999999998,0.00035,0.00023999999999999998,"[4.0, 8.0]",8.419556228153544,4.0,2.15961874151392,0.7154863904334369,8.419400251850073,2.6970605687049805,0.0,0.0,0.0,"[(4.0, 4.649999999999998)]",0.6999999999999975,True
13,3,1407,12.939999999999998,0.00035,0.00023999999999999998,"[4.0, 8.0]",5.788762093578221,4.0,2.7671046423005157,3.1207077254923594,5.786873930371217,1.5391551394284055,0.0,0.0,0.0,"[(4.0, 4.299999999999999), (5.5499999999999945, 7.399999999999988)]",2.249999999999992,True
13,3,1407,12.949999999999998,0.00035,0.00023999999999999998,"[4.0, 8.0]",6.535200454309605,6.449999999999991,4.889788115799578,5.826532818390566,6.53090931227648,2.036815029856956,0.0,0.0,0.0,"[(4.849999999999997, 7.999999999999986)]",3.1999999999999886,True
13,3,1407,12.959999999999997,0.00035,0.00023999999999999998,"[4.0, 8.0]",6.603320616523121,7.549999999999987,5.997000400814531,6.42432590220682,5.194087608008265,1.1428508927494812,0.0,0.0,0.0,"[(4.299999999999999, 7.999999999999986)]",3.7499999999999867,True
13,3,1407,12.969999999999997,0.00035,0.00023999999999999998,"[4.0, 8.0]",6.39744606415433,4.599999999999998,5.091934089830867,5.089340844944948,2.5076255057606076,0.8457794905186006,0.0,0.0,0.0,"[(4.0, 7.999999999999986)]",4.049999999999986,True
13,3,1407,12.979999999999997,0.00035,0.00023999999999999998,"[4.0, 8.0]",6.167678461945528,4.0,2.0594291869353927,1.309331862357851,6.009297095509559,1.9464042422050294,0.0,0.0,0.0,"[(4.0, 4.949999999999997), (7.999999999999986, 7.999999999999986)]",1.0499999999999963,True
13,3,1407,12.989999999999997,0.00035,0.00023999999999999998,"[4.0, 8.0]",4.738435933211799,4.0,1.2908474897257853,1.2403793406289316,4.737402514007571,1.0800008561749166,0.0,0.0,0.0,"[(4.0, 4.499999999999998), (6.249999999999992, 6.74999999999999)]",1.099999999999996,True
13,3,1407,12.999999999999996,0.00035,0.00023999999999999998,"[4.0, 8.0]",4.360923245895314,6.499999999999991,2.873510768298337,3.4134965032837035,4.356055868636772,1.4266192657673413,0.0,0.0,0.0,"[(4.0, 4.05), (4.899999999999997, 7.999999999999986)]",3.2499999999999885,True
13,3,1407,13.009999999999996,0.00035,0.00023999999999999998,"[4.0, 8.0]",5.0959504453819235,6.69999999999999,4.2650186602440865,4.937847527298634,5.01697339139395,1.3448117652209082,0.0,0.0,0.0,"[(4.449999999999998, 7.999999999999986)]",3.599999999999987,True
13,3,1407,13.019999999999996,0.00035,0.00023999999999999998,"[4.0, 8.0]",4.904036616588729,4.849999999999997,4.268804717736107,4.2766198806443505,2.085029801085432,0.4544693520615001,0.0,0.0,0.0,"[(4.0, 7.999999999999986)]",4.049999999999986,True
13,3,1407,13.029999999999996,0.00035,0.00023999999999999998,"[4.0, 8.0]",4.7085903095140145,4.199999999999999,2.3056810149039118,1.9283190697288022,3.898679038218659,1.324545163403165,0.0,0.0,0.0,"[(4.0, 5.599999999999994), (7.449999999999988, 7.999999999999986)]",2.249999999999992,True
13,3,1407,13.039999999999996,0.00035,0.00023999999999999998,"[4.0, 8.0]",4.252476924666361,4.0,0.7916324274096335,0.2585448864267027,4.252284016710224,1.1866814131949062,0.0,0.0,0.0,"[(4.0, 4.799999999999997)]",0.849999999999997,True
13,3,1407,13.049999999999995,0.00035,0.00023999999999999998,"[4.0, 8.0]",2.539682037842335,6.499999999999991,1.5162330917349982,1.6863116263842155,2.5396669999985217,0.8338980436098704,0.0,0.0,0.0,"[(4.0, 7.999999999999986)]",4.049999999999986,True
13,3,1407,13.059999999999995,0.00035,0.00023999999999999998,"[4.0, 8.0]",3.9713411775247973,6.549999999999991,3.0662999989942055,3.64338300791907,3.9703195468698764,1.21127781432312,0.0,0.0,0.0,"[(4.449999999999998, 7.999999999999986)]",3.599999999999987,True
13,3,1407,13.069999999999995,0.00035,0.00023999999999999998,"[4.0, 8.0]",3.8541608577521993,7.999999999999986,3.404346042460963,3.476484703449973,2.340381739111238,0.4583004290264384,0.0,0.0,0.0,"[(4.0, 7.999999999999986)]",4.049999999999986,True
13,3,1407,13.079999999999995,0.00035,0.00023999999999999998,"[4.0, 8.0]",3.7066920827185843,4.399999999999999,2.266901716592819,2.0897342566049018,2.5092351345605732,0.8642955699848648,0.0,0.0,0.0,"[(4.0, 7.999999999999986)]",4.049999999999986,True
13,3,1407,13.089999999999995,0.00035,0.00023999999999999998,"[4.0, 8.0]",3.478699116848078,4.0,0.7007829035646636,0.07943004572970586,3.4786983458524285,1.0518143853227397,0.0,0.0,0.0,"[(4.0, 5.149999999999996), (7.899999999999986, 7.999999999999986)]",1.3499999999999952,True
13,3,1407,13.099999999999994,0.00035,0.00023999999999999998,"[4.0, 8.0]",2.1804562865553385,6.549999999999991,1.3072899066734605,1.4745903877236335,2.1803364653700896,0.713875974744478,0.0,0.0,0.0,"[(4.0, 7.999999999999986)]",4.049999999999986,True
13,3,1407,13.109999999999994,0.00035,0.00023999999999999998,"[4.0, 8.0]",3.186727760394045,6.549999999999991,2.452157252016044,2.9463197998104484,3.183755666466878,0.9903219471715382,0.0,0.0,0.0,"[(4.249999999999999, 7.999999999999986)]",3.7999999999999865,True
13,3,1407,13.119999999999994,0.00035,0.00023999999999999998,"[4.0, 8.0]",3.0739688221200967,5.049999999999996,2.6642687436661405,2.7264601431870403,2.0661791189354224,0.41119035492058004,0.0,0.0,0.0,"[(4.0, 7.999999999999986)]",4.049999999999986,True
13,3,1407,13.129999999999994,0.00035,0.00023999999999999998,"[4.0, 8.0]",2.8962457975921474,4.199999999999999,1.180061893058573,0.8478408126541235,2.645651748413981,0.9076413188105369,0.0,0.0,0.0,"[(4.0, 7.999999999999986)]",4.049999999999986,True
13,3,1407,13.139999999999993,0.00035,0.00023999999999999998,"[4.0, 8.0]",2.461234810417917,4.0,0.5147446967598125,0.393102311120725,2.461172909852869,0.5863606166896761,0.0,0.0,0.0,"[(4.0, 7.999999999999986)]",4.049999999999986,True
13,3,1407,13.149999999999993,0.00035,0.00023999999999999998,"[4.0, 8.0]",2.2682381071610425,6.549999999999991,1.4689211885684963,1.7359200002653226,2.2659489747181345,0.7666141646825761,0.0,0.0,0.0,"[(4.0, 7.999999999999986)]",4.049999999999986,True
13,3,1407,13.159999999999993,0.00035,0.00023999999999999998,"[4.0, 8.0]",2.524768816265004,5.299999999999995,2.190895274342014,2.3304775177463135,2.140935047975461,0.4806019105967622,0.0,0.0,0.0,"[(4.0, 7.999999999999986)]",4.049999999999986,True
13,3,1407,13.169999999999993,0.00035,0.00023999999999999998,"[4.0, 8.0]",2.400075653408113,4.499999999999998,1.3978100449945183,1.2756940775710777,1.7233943228502089,0.5920656933178963,0.0,0.0,0.0,"[(4.0, 7.999999999999986)]",4.049999999999986,True
13,3,1407,13.179999999999993,0.00035,0.00023999999999999998,"[4.0, 8.0]",2.048864719775314,4.0,0.43314434729741674,0.3231458698738929,2.0486972138642976,0.49166519805884434,0.0,0.0,0.0,"[(4.0, 7.999999999999986)]",4.049999999999986,True
13,3,1407,13.189999999999992,0.00035,0.00023999999999999998,"[4.0, 8.0]",1.9791245097759445,6.599999999999991,1.3129338827823416,1.5925956635421814,1.9776169738127156,0.6741787792843206,0.0,0.0,0.0,"[(4.0, 7.999999999999986)]",4.049999999999986,True
13,3,1407,13.199999999999992,0.00035,0.00023999999999999998,"[4.0, 8.0]",2.0681138074598477,5.099999999999996,1.7329225459356525,1.7972036385950827,1.6543292467116095,0.34390579214842476,0.0,0.0,0.0,"[(4.0, 7.999999999999986)]",4.049999999999986,True
13,3,1407,12.85,0.00035,0.00026,"[4.0, 8.0]",9.442486296646665,4.05,7.167706481357843,7.450377319636847,5.828338200952519,1.7701975541100265,0.0,0.0,0.0,"[(4.0, 6.599999999999991)]",2.6499999999999906,True
13,3,1407,12.86,0.00035,0.00026,"[4.0, 8.0]",7.57238911578602,4.0,4.841308724176383,5.014045069581035,6.251032039338398,1.935330617414421,0.0,0.0,0.0,"[(4.0, 6.199999999999992)]",2.249999999999992,True
13,3,1407,12.87,0.00035,0.00026,"[4.0, 8.0]",5.325064383761061,4.0,2.2835384673540764,2.0486629020446268,5.325015108451527,1.8006581718346566,0.0,0.0,0.0,"[(4.0, 5.799999999999994)]",1.8499999999999934,True
13,3,1407,12.879999999999999,0.00035,0.00026,"[4.0, 8.0]",2.7434878932496822,4.0,0.9846927409312006,0.8703993089057531,2.7434774390586245,0.7991099523664837,0.0,0.0,0.0,"[(4.0, 7.999999999999986)]",4.049999999999986,True
13,3,1407,12.889999999999999,0.00035,0.00026,"[4.0, 8.0]",5.727190438394761,7.999999999999986,2.4570794077519706,2.2853155253833006,5.726309846589962,2.015890034717987,0.0,0.0,0.0,"[(6.199999999999992, 7.999999999999986)]",1.8499999999999934,True
13,3,1407,12.899999999999999,0.00035,0.00026,"[4.0, 8.0]",9.463936333538594,7.999999999999986,5.855820936731386,6.5536325654537775,9.014574819683435,2.921500643408295,0.0,0.0,0.0,"[(5.999999999999993, 7.999999999999986)]",2.0499999999999927,True
13,3,1407,12.909999999999998,0.00035,0.00026,"[4.0, 8.0]",13.165279222942948,7.999999999999986,9.916828872559252,10.813474626716085,9.534308277379148,2.941085780520128,0.0,0.0,0.0,"[(5.799999999999994, 7.999999999999986)]",2.249999999999992,True
13,3,1407,12.919999999999998,0.00035,0.00026,"[4.0, 8.0]",17.020696643597585,7.999999999999986,14.087952133833452,14.962784960401528,9.041229674504404,2.758490037468249,0.49382716049382713,0.07407407407407407,0.0,"[(5.649999999999994, 7.999999999999986)]",2.3999999999999915,True
13,3,1407,12.929999999999998,0.00035,0.00026,"[4.0, 8.0]",20.623505905975485,7.999999999999986,17.66706534724304,18.24751367502618,8.36076491631553,2.4315996429325963,0.8148148148148148,0.654320987654321,0.20987654320987653,"[(5.699999999999994, 7.999999999999986)]",2.3499999999999917,True
13,3,1407,12.939999999999998,0.00035,0.00026,"[4.0, 8.0]",21.93683820551999,7.999999999999986,17.883216271919217,17.217688845754488,6.3471871575284915,1.5718501918286027,1.0,0.7160493827160493,0.14814814814814814,"[(7.149999999999989, 7.999999999999986)]",0.8999999999999968,True
13,3,1407,12.949999999999998,0.00035,0.00026,"[4.0, 8.0]",16.358541956249233,4.0,6.894496433751926,5.360241074036853,16.338789150284118,5.142989388779635,0.09876543209876543,0.0,0.0,"[(4.0, 4.599999999999998), (7.949999999999986, 7.999999999999986)]",0.7499999999999973,True
13,3,1407,12.959999999999997,0.00035,0.00026,"[4.0, 8.0]",14.119069400704586,5.799999999999994,12.05341355876431,13.932530100632272,14.115892876882192,3.6752378135870263,0.0,0.0,0.0,"[(4.799999999999997, 7.999999999999986)]",3.2499999999999885,True
13,3,1407,12.969999999999997,0.00035,0.00026,"[4.0, 8.0]",13.69776290732606,4.349999999999999,9.377200245043339,9.084497383864113,8.126309873404562,2.7605887520708663,0.0,0.0,0.0,"[(4.0, 5.149999999999996), (7.749999999999987, 7.999999999999986)]",1.4999999999999947,True
13,3,1407,12.979999999999997,0.00035,0.00026,"[4.0, 8.0]",10.396362208322298,4.0,5.029946905764754,5.638623727579479,10.380238718680815,2.568584175009794,0.0,0.0,0.0,"[(4.0, 4.249999999999999)]",0.29999999999999893,True
13,3,1407,12.989999999999997,0.00035,0.00026,"[4.0, 8.0]",9.754339224468078,7.299999999999988,8.766965183295106,9.65498916432049,8.902274334341465,1.9902813758409283,0.0,0.0,0.0,"[(4.499999999999998, 7.999999999999986)]",3.5499999999999874,True
13,3,1407,12.999999999999996,0.00035,0.00026,"[4.0, 8.0]",9.415200649316208,4.449999999999998,7.361399611341157,7.250512715711741,3.890642650676165,1.3236194922747144,0.0,0.0,0.0,"[(4.0, 5.799999999999994), (7.199999999999989, 7.999999999999986)]",2.6999999999999904,True
13,3,1407,13.009999999999996,0.00035,0.00026,"[4.0, 8.0]",8.58326477272012,4.0,1.910515152464078,0.40695379025881906,8.583257265863617,2.607273091739044,0.0,0.0,0.0,"[(4.0, 4.549999999999998)]",0.5999999999999979,True
13,3,1407,13.019999999999996,0.00035,0.00026,"[4.0, 8.0]",6.448875062496125,6.499999999999991,4.4662621091558945,5.340719173990016,6.436463951228401,2.059817603557967,0.0,0.0,0.0,"[(5.049999999999996, 7.949999999999986)]",2.9499999999999895,True
13,3,1407,13.029999999999996,0.00035,0.00026,"[4.0, 8.0]",7.1712116861598085,7.699999999999987,6.667145926501034,6.963244147944873,4.266108475272045,0.8964810233900586,0.0,0.0,0.0,"[(4.199999999999999, 7.999999999999986)]",3.8499999999999863,True
13,3,1407,13.039999999999996,0.00035,0.00026,"[4.0, 8.0]",6.883323996597353,4.349999999999999,4.86210169333341,4.662247389146498,3.6283514054375265,1.242141479067122,0.0,0.0,0.0,"[(4.0, 5.849999999999993), (7.199999999999989, 7.999999999999986)]",2.7499999999999902,True
13,3,1407,13.049999999999995,0.00035,0.00026,"[4.0, 8.0]",6.139184847467818,4.0,1.246907391291886,0.18928006563821148,6.13918233735047,1.821437325497441,0.0,0.0,0.0,"[(4.0, 4.649999999999998)]",0.6999999999999975,True
13,3,1407,13.059999999999995,0.00035,0.00026,"[4.0, 8.0]",4.571578699728339,6.549999999999991,2.994511487231328,3.5160015426484663,4.565187760774253,1.5022388355697902,0.0,0.0,0.0,"[(4.0, 4.0), (4.949999999999997, 7.999999999999986)]",3.149999999999989,True
13,3,1407,13.069999999999995,0.00035,0.00026,"[4.0, 8.0]",5.558257446795347,7.399999999999988,5.036890927535547,5.487574222460091,4.23882881727339,0.9906929325401181,0.0,0.0,0.0,"[(4.249999999999999, 7.999999999999986)]",3.7999999999999865,True
13,3,1407,13.079999999999995,0.00035,0.00026,"[4.0, 8.0]",5.313876804940506,4.549999999999998,4.184015222275603,4.139776622441166,2.1185572118276026,0.71635073096605,0.0,0.0,0.0,"[(4.0, 7.999999999999986)]",4.049999999999986,True
13,3,1407,13.089999999999995,0.00035,0.00026,"[4.0, 8.0]",4.922242085970559,4.0,1.1990612080811252,0.43541299463481986,4.921353934999506,1.5202506416623183,0.0,0.0,0.0,"[(4.0, 4.949999999999997)]",0.9999999999999964,True
13,3,1407,13.099999999999994,0.00035,0.00026,"[4.0, 8.0]",3.17749909830638,6.549999999999991,1.9604946219456685,2.242261925320225,3.176979064381586,1.0452689859532562,0.0,0.0,0.0,"[(4.0, 4.349999999999999), (4.749999999999997, 7.999999999999986)]",3.699999999999987,True
13,3,1407,13.109999999999994,0.00035,0.00026,"[4.0, 8.0]",4.440997442088659,6.69999999999999,3.7349707233891865,4.297555721622515,4.232609454873139,1.1251314567921615,0.0,0.0,0.0,"[(4.349999999999999, 7.999999999999986)]",3.699999999999987,True
13,3,1407,13.119999999999994,0.00035,0.00026,"[4.0, 8.0]",4.220632783685623,4.749999999999997,3.5252875775871377,3.495120593362932,1.2975199630274172,0.4342101966865924,0.0,0.0,0.0,"[(4.0, 7.999999999999986)]",4.049999999999986,True
13,3,1407,13.129999999999994,0.00035,0.00026,"[4.0, 8.0]",3.8537928130280936,4.0,0.8536603128221338,0.2245011200380178,3.8537928703069526,1.184000590573922,0.0,0.0,0.0,"[(4.0, 5.149999999999996), (7.999999999999986, 7.999999999999986)]",1.2499999999999956,True
13,3,1407,13.139999999999993,0.00035,0.00026,"[4.0, 8.0]",2.2156408697620287,6.549999999999991,1.3180207773735235,1.4463481461119043,2.2138471905644543,0.724933268228327,0.0,0.0,0.0,"[(4.0, 7.999999999999986)]",4.049999999999986,True
13,3,1407,13.149999999999993,0.00035,0.00026,"[4.0, 8.0]",3.583566183230027,6.599999999999991,2.9407539388407593,3.430135798788311,3.5242011181130706,0.984548593524702,0.0,0.0,0.0,"[(4.249999999999999, 7.999999999999986)]",3.7999999999999865,True
13,3,1407,13.159999999999993,0.00035,0.00026,"[4.0, 8.0]",3.335966228813594,4.499999999999998,2.3315079901709153,2.2587972391214475,1.8042979826875563,0.6156117669845625,0.0,0.0,0.0,"[(4.0, 7.999999999999986)]",4.049999999999986,True
13,3,1407,13.169999999999993,0.00035,0.00026,"[4.0, 8.0]",3.079300749194758,4.0,0.6182930313508758,0.08457788282161259,3.079269934347032,0.9331048535816591,0.0,0.0,0.0,"[(4.0, 5.5499999999999945), (7.599999999999987, 7.999999999999986)]",2.0499999999999927,True
13,3,1407,13.179999999999993,0.00035,0.00026,"[4.0, 8.0]",2.522487064686272,6.599999999999991,1.648725554289565,1.9779858018238436,2.520283539315704,0.8564386175583434,0.0,0.0,0.0,"[(4.0, 7.999999999999986)]",4.049999999999986,True
13,3,1407,13.189999999999992,0.00035,0.00026,"[4.0, 8.0]",2.8572979310191924,7.849999999999986,2.529156869268048,2.686420401873625,2.246805507164042,0.5021806930369487,0.0,0.0,0.0,"[(4.0, 7.999999999999986)]",4.049999999999986,True
13,3,1407,13.199999999999992,0.00035,0.00026,"[4.0, 8.0]",2.6432460005549983,4.199999999999999,1.0234431919291198,0.6795654232334656,2.4424887400122524,0.8355902619093745,0.0,0.0,0.0,"[(4.0, 7.999999999999986)]",4.049999999999986,True
13,3,1407,12.85,0.00035,0.00028,"[4.0, 8.0]",32.25023845522744,5.5499999999999945,31.272774943825667,31.631038918286556,3.906883379642583,1.0314206904214804,1.0,1.0,1.0,"[(4.0, 7.699999999999987)]",3.7499999999999867,True
13,3,1407,12.86,0.00035,0.00028,"[4.0, 8.0]",30.96657297943713,5.499999999999995,29.960364211100377,30.36091149662248,4.012744040506178,1.0738395386948585,1.0,1.0,1.0,"[(4.0, 7.649999999999987)]",3.699999999999987,True
13,3,1407,12.87,0.00035,0.00028,"[4.0, 8.0]",29.482405977204035,5.449999999999995,28.456949538588784,28.878762545678242,4.085286944126366,1.1105440024285367,1.0,1.0,1.0,"[(4.0, 7.599999999999987)]",3.649999999999987,True
13,3,1407,12.879999999999999,0.00035,0.00028,"[4.0, 8.0]",27.876200950081113,5.099999999999996,26.836797457571052,27.272249706303803,4.130662863139765,1.140873451047507,1.0,1.0,1.0,"[(4.0, 7.599999999999987)]",3.649999999999987,True
13,3,1407,12.889999999999999,0.00035,0.00028,"[4.0, 8.0]",26.27388062228298,5.099999999999996,25.19949135856241,25.694077409999167,4.17844213033753,1.1651909973253745,1.0,1.0,1.0,"[(4.0, 7.549999999999987)]",3.599999999999987,True
13,3,1407,12.899999999999999,0.00035,0.00028,"[4.0, 8.0]",24.65263413689044,5.049999999999996,23.54914249976195,24.055923773555627,4.206180596842142,1.1867839676053318,1.0,1.0,1.0,"[(4.0, 7.549999999999987)]",3.599999999999987,True
13,3,1407,12.909999999999998,0.00035,0.00028,"[4.0, 8.0]",22.906332727520105,5.049999999999996,21.77421477870449,22.33264721233263,4.231417061453961,1.2096134202119768,1.0,1.0,0.8641975308641975,"[(4.0, 7.499999999999988)]",3.5499999999999874,True
13,3,1407,12.919999999999998,0.00035,0.00028,"[4.0, 8.0]",20.904469187668102,4.9999999999999964,19.738940634332636,20.330974948024526,4.261673873908986,1.2388397083569411,1.0,0.9629629629629629,0.5802469135802469,"[(4.0, 7.499999999999988)]",3.5499999999999874,True
13,3,1407,12.929999999999998,0.00035,0.00028,"[4.0, 8.0]",18.649855507954573,4.949999999999997,17.43888513103977,17.974771963250504,4.318883999333234,1.2802911230728744,0.9259259259259259,0.691358024691358,0.0,"[(4.0, 7.449999999999988)]",3.4999999999999876,True
13,3,1407,12.939999999999998,0.00035,0.00028,"[4.0, 8.0]",16.368484340119515,4.599999999999998,15.05341360190919,15.537117861659322,4.4688780762207045,1.3416545141806246,0.6049382716049383,0.0,0.0,"[(4.0, 7.349999999999988)]",3.399999999999988,True
13,3,1407,12.949999999999998,0.00035,0.00028,"[4.0, 8.0]",14.149955854192772,4.349999999999999,12.662896689729587,13.099374091893921,4.748892705670725,1.4359004004642746,0.0,0.0,0.0,"[(4.0, 7.2499999999999885)]",3.2999999999999883,True
13,3,1407,12.959999999999997,0.00035,0.00028,"[4.0, 8.0]",11.820233929975444,4.249999999999999,10.020913287926682,10.416373067816831,5.292252106041241,1.6006638744406485,0.0,0.0,0.0,"[(4.0, 6.9499999999999895)]",2.9999999999999893,True
13,3,1407,12.969999999999997,0.00035,0.00028,"[4.0, 8.0]",8.947848274388985,4.1499999999999995,6.562354994258834,6.90106378933642,6.279539157892574,1.923642876347434,0.0,0.0,0.0,"[(4.0, 6.499999999999991)]",2.549999999999991,True
13,3,1407,12.979999999999997,0.00035,0.00028,"[4.0, 8.0]",5.221198469399359,4.0,2.1985065056480644,1.9202035067831593,5.2209153809413875,1.8299178389292228,0.0,0.0,0.0,"[(4.0, 5.849999999999993)]",1.8999999999999932,True
13,3,1407,12.989999999999997,0.00035,0.00028,"[4.0, 8.0]",5.447232164683578,7.999999999999986,1.9613397547789713,1.2873706367865487,5.446914339198493,1.7975183589088448,0.0,0.0,0.0,"[(6.499999999999991, 7.999999999999986)]",1.5499999999999945,True
13,3,1407,12.999999999999996,0.00035,0.00028,"[4.0, 8.0]",11.159979020055674,7.999999999999986,7.138671594715051,7.800966917513005,9.839610553080982,3.0734060028684627,0.0,0.0,0.0,"[(6.199999999999992, 7.999999999999986)]",1.8499999999999934,True
13,3,1407,13.009999999999996,0.00035,0.00028,"[4.0, 8.0]",16.466465520214264,7.999999999999986,13.070717806111602,13.752603467428013,9.14268290430902,2.7512800952754928,0.345679012345679,0.0,0.0,"[(5.899999999999993, 7.999999999999986)]",2.1499999999999924,True
13,3,1407,13.019999999999996,0.00035,0.00028,"[4.0, 8.0]",20.76915378044918,7.999999999999986,17.198362291167044,17.126170930508493,7.522533087826689,2.044664535662835,0.8271604938271605,0.5185185185185185,0.1111111111111111,"[(6.449999999999991, 7.999999999999986)]",1.5999999999999943,True
13,3,1407,13.029999999999996,0.00035,0.00028,"[4.0, 8.0]",13.615040383095439,4.0,6.3125990857731455,6.977070292693015,13.612803036657663,3.6201625203558017,0.0,0.0,0.0,"[(4.0, 4.399999999999999)]",0.4499999999999984,True
13,3,1407,13.039999999999996,0.00035,0.00028,"[4.0, 8.0]",14.595064419122822,4.899999999999997,13.64439905188218,13.719196112299436,4.203428255159151,0.7933340836143259,0.0,0.0,0.0,"[(4.1, 7.999999999999986)]",3.949999999999986,True
13,3,1407,13.049999999999995,0.00035,0.00028,"[4.0, 8.0]",12.36217575895509,4.0,3.1591197785534737,2.2203414059868836,12.362032785163924,3.3768138638408702,0.0,0.0,0.0,"[(4.0, 4.399999999999999)]",0.4499999999999984,True
13,3,1407,13.059999999999995,0.00035,0.00028,"[4.0, 8.0]",10.365775887479389,7.399999999999988,9.703047320072084,10.281905151443873,6.11824274093233,1.3262390543169091,0.0,0.0,0.0,"[(4.349999999999999, 7.999999999999986)]",3.699999999999987,True
13,3,1407,13.069999999999995,0.00035,0.00028,"[4.0, 8.0]",9.609025275728614,4.0,4.348990877536761,3.6517668490749857,8.181942906384993,2.571150504178319,0.0,0.0,0.0,"[(4.0, 4.849999999999997)]",0.8999999999999968,True
13,3,1407,13.079999999999995,0.00035,0.00028,"[4.0, 8.0]",5.685586670707384,6.549999999999991,3.6613535271452897,4.171736254427182,5.68303288953755,1.8102867630364223,0.0,0.0,0.0,"[(4.0, 4.05), (5.199999999999996, 7.899999999999986)]",2.84999999999999,True
13,3,1407,13.089999999999995,0.00035,0.00028,"[4.0, 8.0]",7.751226838909031,7.599999999999987,7.326446516541482,7.638357277278761,3.7367947786355646,0.8109030554794965,0.0,0.0,0.0,"[(4.1499999999999995, 7.999999999999986)]",3.899999999999986,True
13,3,1407,13.099999999999994,0.00035,0.00028,"[4.0, 8.0]",7.101924146167377,4.0,2.9949766087439906,2.3442846503313888,6.170769221513034,1.932370493510388,0.0,0.0,0.0,"[(4.0, 4.9999999999999964)]",1.0499999999999963,True
13,3,1407,13.109999999999994,0.00035,0.00028,"[4.0, 8.0]",3.6868069963284205,6.549999999999991,2.234088394326782,2.4583129024840353,3.684517934958107,1.1918595137481267,0.0,0.0,0.0,"[(4.0, 4.349999999999999), (4.9999999999999964, 7.999999999999986)]",3.4499999999999877,True
13,3,1407,13.119999999999994,0.00035,0.00028,"[4.0, 8.0]",6.1176050098521575,6.79999999999999,5.444167262692105,5.9980490026565025,4.677567371418446,1.139769738145407,0.0,0.0,0.0,"[(4.299999999999999, 7.999999999999986)]",3.7499999999999867,True
13,3,1407,13.129999999999994,0.00035,0.00028,"[4.0, 8.0]",5.641180862591649,4.1499999999999995,3.409953734598926,3.083294395996043,3.6646694393149963,1.2274480194478399,0.0,0.0,0.0,"[(4.0, 5.799999999999994), (7.349999999999988, 7.999999999999986)]",2.549999999999991,True
13,3,1407,13.139999999999993,0.00035,0.00028,"[4.0, 8.0]",3.587872218959424,4.0,0.9102414299087952,0.8614201897555698,3.58787122236134,0.784199411916554,0.0,0.0,0.0,"[(4.0, 4.649999999999998), (5.699999999999994, 7.399999999999988)]",2.4499999999999913,True
13,3,1407,13.149999999999993,0.00035,0.00028,"[4.0, 8.0]",4.7696265068417345,6.549999999999991,3.751150734519328,4.35875223802744,4.720097533790928,1.3362003934275537,0.0,0.0,0.0,"[(4.499999999999998, 7.999999999999986)]",3.5499999999999874,True
13,3,1407,13.159999999999993,0.00035,0.00028,"[4.0, 8.0]",4.567335740805368,4.449999999999998,3.506738972291053,3.424853165085704,1.9259415608895667,0.6597894539160549,0.0,0.0,0.0,"[(4.0, 7.999999999999986)]",4.049999999999986,True
13,3,1407,13.169999999999993,0.00035,0.00028,"[4.0, 8.0]",3.848432405258189,4.0,0.7055036510564127,0.08358525800770361,3.8483689300191153,1.106785687836907,0.0,0.0,0.0,"[(4.0, 4.9999999999999964)]",1.0499999999999963,True
13,3,1407,13.179999999999993,0.00035,0.00028,"[4.0, 8.0]",3.748823613729358,6.599999999999991,2.761661896349611,3.2942802757227057,3.7465637340883826,1.1758508777269099,0.0,0.0,0.0,"[(4.499999999999998, 7.999999999999986)]",3.5499999999999874,True
13,3,1407,13.189999999999992,0.00035,0.00028,"[4.0, 8.0]",3.777818066187761,4.849999999999997,3.285988810114413,3.2722356499084473,1.2841795119289312,0.3146865838810145,0.0,0.0,0.0,"[(4.0, 7.999999999999986)]",4.049999999999986,True
13,3,1407,13.199999999999992,0.00035,0.00028,"[4.0, 8.0]",3.2046196922845227,4.0,0.5902323926918382,0.06508395007404924,3.2045778869581696,0.9296024806317392,0.0,0.0,0.0,"[(4.0, 5.299999999999995), (7.899999999999986, 7.999999999999986)]",1.4999999999999947,True
13,3,1407,12.85,0.00035,0.0003,"[4.0, 8.0]",39.23619782905742,7.999999999999986,34.35604905073862,33.381788824540315,6.80298596386281,2.0556405341939743,1.0,1.0,1.0,"[(7.199999999999989, 7.999999999999986)]",0.849999999999997,True
13,3,1407,12.86,0.00035,0.0003,"[4.0, 8.0]",39.563866237715274,7.999999999999986,35.08755044468867,34.131115047680424,6.314405903193197,1.9430597219878778,1.0,1.0,1.0,"[(7.049999999999989, 7.999999999999986)]",0.9999999999999964,True
13,3,1407,12.87,0.00035,0.0003,"[4.0, 8.0]",39.7974805999042,7.999999999999986,35.8240986170823,34.952246045537116,5.696592333492951,1.7987923594771913,1.0,1.0,1.0,"[(6.89999999999999, 7.999999999999986)]",1.149999999999996,True
13,3,1407,12.879999999999999,0.00035,0.0003,"[4.0, 8.0]",39.8767328027671,7.999999999999986,36.493848173753356,35.77675836220933,4.968848697464452,1.6260264035935674,1.0,1.0,1.0,"[(6.599999999999991, 7.999999999999986)]",1.4499999999999948,True
13,3,1407,12.889999999999999,0.00035,0.0003,"[4.0, 8.0]",39.77910362414905,7.999999999999986,37.03194046681026,36.48365403423141,4.18192193242718,1.4349232880781926,1.0,1.0,1.0,"[(6.199999999999992, 7.999999999999986)]",1.8499999999999934,True
13,3,1407,12.899999999999999,0.00035,0.0003,"[4.0, 8.0]",39.51701518553986,7.899999999999986,37.4253043931227,37.05603795517154,3.3981769059597866,1.2318698755877107,1.0,1.0,1.0,"[(5.5499999999999945, 7.999999999999986)]",2.499999999999991,True
13,3,1407,12.909999999999998,0.00035,0.0003,"[4.0, 8.0]",39.168360370618565,7.699999999999987,37.67294668318157,37.4990019366437,2.7672974445391105,1.0118009282555007,1.0,1.0,1.0,"[(4.0, 7.999999999999986)]",4.049999999999986,True
13,3,1407,12.919999999999998,0.00035,0.0003,"[4.0, 8.0]",38.74044286140494,7.349999999999988,37.72225460062537,37.76843196140907,2.3138689235848133,0.7792199510250505,1.0,1.0,1.0,"[(4.0, 7.999999999999986)]",4.049999999999986,True
13,3,1407,12.929999999999998,0.00035,0.0003,"[4.0, 8.0]",38.17687230034571,6.9499999999999895,37.471534969384514,37.59697324192999,1.9943007672220077,0.5892440065796918,1.0,1.0,1.0,"[(4.0, 7.999999999999986)]",4.049999999999986,True
13,3,1407,12.939999999999998,0.00035,0.0003,"[4.0, 8.0]",37.49878752377287,6.649999999999991,36.88994364212531,37.02166266373855,1.8550415236857773,0.5319548402486889,1.0,1.0,1.0,"[(4.0, 7.999999999999986)]",4.049999999999986,True
13,3,1407,12.949999999999998,0.00035,0.0003,"[4.0, 8.0]",36.687327186597244,6.199999999999992,36.039204769715106,36.22225547241406,2.2063996910560277,0.5958520793778868,1.0,1.0,1.0,"[(4.0, 7.999999999999986)]",4.049999999999986,True
13,3,1407,12.959999999999997,0.00035,0.0003,"[4.0, 8.0]",35.62288930073703,6.0999999999999925,34.9010224680022,35.12988889433447,2.7313446447484324,0.7072321806341926,1.0,1.0,1.0,"[(4.0, 7.999999999999986)]",4.049999999999986,True
13,3,1407,12.969999999999997,0.00035,0.0003,"[4.0, 8.0]",34.155564351998684,5.699999999999994,33.321984628036546,33.60427836709767,3.2228617790303566,0.8310524930294809,1.0,1.0,1.0,"[(4.0, 7.899999999999986)]",3.949999999999986,True
13,3,1407,12.979999999999997,0.00035,0.0003,"[4.0, 8.0]",32.18091192362671,5.649999999999994,31.25140576648307,31.556774349534393,3.597530321115549,0.9395353673012011,1.0,1.0,1.0,"[(4.0, 7.7999999999999865)]",3.8499999999999863,True
13,3,1407,12.989999999999997,0.00035,0.0003,"[4.0, 8.0]",29.965735498480534,5.599999999999994,28.98664777560352,29.324416781037744,3.8090370222250947,1.013735534307912,1.0,1.0,1.0,"[(4.0, 7.699999999999987)]",3.7499999999999867,True
13,3,1407,12.999999999999996,0.00035,0.0003,"[4.0, 8.0]",27.70738485210427,5.599999999999994,26.713467708310514,27.079783898454014,3.9100581982426768,1.0622832985855448,1.0,1.0,1.0,"[(4.0, 7.649999999999987)]",3.699999999999987,True
13,3,1407,13.009999999999996,0.00035,0.0003,"[4.0, 8.0]",25.177349172898648,5.149999999999996,24.15742735179812,24.585703453292133,3.9885311739165665,1.102235683927105,1.0,1.0,1.0,"[(4.0, 7.599999999999987)]",3.649999999999987,True
13,3,1407,13.019999999999996,0.00035,0.0003,"[4.0, 8.0]",22.032289439971,5.099999999999996,20.965459033999352,21.455862774919453,4.074714233765555,1.1478987747142153,1.0,1.0,0.7901234567901234,"[(4.0, 7.549999999999987)]",3.599999999999987,True
13,3,1407,13.029999999999996,0.00035,0.0003,"[4.0, 8.0]",18.58321820865848,5.049999999999996,17.457873219089937,18.009089117326212,4.2014997927179465,1.2128140219236994,0.9382716049382716,0.7160493827160493,0.0,"[(4.0, 7.499999999999988)]",3.5499999999999874,True
13,3,1407,13.039999999999996,0.00035,0.0003,"[4.0, 8.0]",15.316335051727778,4.799999999999997,14.079826629490299,14.63509056216887,4.478574259340617,1.3230627905031804,0.3950617283950617,0.0,0.0,"[(4.0, 7.399999999999988)]",3.4499999999999877,True
13,3,1407,13.049999999999995,0.00035,0.0003,"[4.0, 8.0]",11.697481994391145,4.349999999999999,10.134730799930365,10.668725672231023,5.286274909991066,1.5841239781940368,0.0,0.0,0.0,"[(4.0, 7.099999999999989)]",3.149999999999989,True
13,3,1407,13.059999999999995,0.00035,0.0003,"[4.0, 8.0]",6.377828095524993,4.249999999999999,3.7810835099201148,4.132608819371185,6.3277755482450395,2.1198614528823567,0.0,0.0,0.0,"[(4.0, 6.349999999999992)]",2.3999999999999915,True
13,3,1407,13.069999999999995,0.00035,0.0003,"[4.0, 8.0]",7.843831178142978,7.999999999999986,3.060847226625518,2.70816511266226,7.843611088792967,2.619453002873783,0.0,0.0,0.0,"[(6.84999999999999, 7.999999999999986)]",1.1999999999999957,True
13,3,1407,13.079999999999995,0.00035,0.0003,"[4.0, 8.0]",15.419016741684853,7.999999999999986,11.431085877315326,11.800196286771442,9.00160218617145,2.6993046696632743,0.08641975308641975,0.0,0.0,"[(6.349999999999992, 7.999999999999986)]",1.699999999999994,True
13,3,1407,13.089999999999995,0.00035,0.0003,"[4.0, 8.0]",19.479079644097695,7.999999999999986,15.210457116975007,14.399447204431247,6.507659291590381,1.8443850846058674,0.41975308641975306,0.20987654320987653,0.0,"[(7.049999999999989, 7.999999999999986)]",0.9999999999999964,True
13,3,1407,13.099999999999994,0.00035,0.0003,"[4.0, 8.0]",15.343283125189878,5.249999999999996,14.965304706098419,15.172316540653188,3.2169083608716704,0.657625893172991,0.8148148148148148,0.0,0.0,"[(4.05, 7.999999999999986)]",3.999999999999986,True
13,3,1407,13.109999999999994,0.00035,0.0003,"[4.0, 8.0]",8.509680846980341,4.0,3.4234831236784182,3.6892900992958593,8.508818522336444,2.046863853997578,0.0,0.0,0.0,"[(4.0, 4.299999999999999)]",0.34999999999999876,True
13,3,1407,13.119999999999994,0.00035,0.0003,"[4.0, 8.0]",10.729341681343294,4.849999999999997,10.309544875306344,10.319728853964474,1.167533096039124,0.2813762867166336,0.0,0.0,0.0,"[(4.0, 7.999999999999986)]",4.049999999999986,True
13,3,1407,13.129999999999994,0.00035,0.0003,"[4.0, 8.0]",4.533501272844789,6.549999999999991,2.747972206526084,3.1046866906355874,4.531482231663365,1.4490851409800354,0.0,0.0,0.0,"[(4.0, 4.249999999999999), (5.199999999999996, 7.899999999999986)]",3.049999999999989,True
13,3,1407,13.139999999999993,0.00035,0.0003,"[4.0, 8.0]",8.244969479350853,7.7999999999999865,7.984493254909592,8.117554382524006,2.1054881075491263,0.4392042299968278,0.0,0.0,0.0,"[(4.0, 7.999999999999986)]",4.049999999999986,True
13,3,1407,13.149999999999993,0.00035,0.0003,"[4.0, 8.0]",6.596206023364254,4.0,1.9570597662327647,1.1705711208157137,6.370715196175978,1.8944845742722198,0.0,0.0,0.0,"[(4.0, 4.799999999999997)]",0.849999999999997,True
13,3,1407,13.159999999999993,0.00035,0.0003,"[4.0, 8.0]",6.490992322707183,6.549999999999991,5.535708455055942,6.117643627216751,5.1674135051732915,1.312003241421,0.0,0.0,0.0,"[(4.449999999999998, 7.999999999999986)]",3.599999999999987,True
13,3,1407,13.169999999999993,0.00035,0.0003,"[4.0, 8.0]",6.174546386185073,4.349999999999999,5.023187823150341,4.895077637078591,2.040956734548426,0.6983171310627148,0.0,0.0,0.0,"[(4.0, 7.999999999999986)]",4.049999999999986,True
13,3,1407,13.179999999999993,0.00035,0.0003,"[4.0, 8.0]",2.589798347020918,6.599999999999991,1.517590707976198,1.6602934916595298,2.5892517577748375,0.8479647911151961,0.0,0.0,0.0,"[(4.0, 7.999999999999986)]",4.049999999999986,True
13,3,1407,13.189999999999992,0.00035,0.0003,"[4.0, 8.0]",5.250492229186418,7.449999999999988,4.918024905943685,5.214755951633015,2.711295267752862,0.6319414507169004,0.0,0.0,0.0,"[(4.0, 7.999999999999986)]",4.049999999999986,True
13,3,1407,13.199999999999992,0.00035,0.0003,"[4.0, 8.0]",4.490850250752264,4.0,1.4728219736093278,0.9293324146465642,4.197947222991433,1.2768232934202997,0.0,0.0,0.0,"[(4.0, 5.249999999999996), (7.949999999999986, 7.999999999999986)]",1.399999999999995,True
13,3,1407,12.85,0.00035,0.00031999999999999997,"[4.0, 8.0]",23.60834790720217,7.999999999999986,16.774829097297715,15.846050655222179,9.180525303332088,2.491464315157904,0.691358024691358,0.3333333333333333,0.14814814814814814,"[(7.549999999999987, 7.999999999999986)]",0.4999999999999982,True
13,3,1407,12.86,0.00035,0.00031999999999999997,"[4.0, 8.0]",24.399514818047408,7.999999999999986,17.620771982306966,16.717245293495843,9.10081504532654,2.4754241032054085,1.0,0.4567901234567901,0.18518518518518517,"[(7.549999999999987, 7.999999999999986)]",0.4999999999999982,True
13,3,1407,12.87,0.00035,0.00031999999999999997,"[4.0, 8.0]",25.28289952444097,7.999999999999986,18.562839044453206,17.68795256811083,9.02186369922688,2.4587885585522176,1.0,0.6296296296296297,0.2345679012345679,"[(7.549999999999987, 7.999999999999986)]",0.4999999999999982,True
13,3,1407,12.879999999999999,0.00035,0.00031999999999999997,"[4.0, 8.0]",26.21085790572748,7.999999999999986,19.55141616295642,18.65358806019648,8.935194983097396,2.442444198198184,1.0,1.0,0.30864197530864196,"[(7.549999999999987, 7.999999999999986)]",0.4999999999999982,True
13,3,1407,12.889999999999999,0.00035,0.00031999999999999997,"[4.0, 8.0]",27.121623040524078,7.999999999999986,20.52467743228161,19.593018050831713,8.848826606099312,2.425454042399323,1.0,1.0,0.43209876543209874,"[(7.549999999999987, 7.999999999999986)]",0.4999999999999982,True
13,3,1407,12.899999999999999,0.00035,0.00031999999999999997,"[4.0, 8.0]",28.017002813415655,7.999999999999986,21.48545510528878,20.572677372144955,8.76017535739749,2.408041535171032,1.0,1.0,0.6172839506172839,"[(7.549999999999987, 7.999999999999986)]",0.4999999999999982,True
13,3,1407,12.909999999999998,0.00035,0.00031999999999999997,"[4.0, 8.0]",28.973311576793392,7.999999999999986,22.50540106380276,21.62259619784484,8.671722627787304,2.38997857352842,1.0,1.0,1.0,"[(7.549999999999987, 7.999999999999986)]",0.4999999999999982,True
13,3,1407,12.919999999999998,0.00035,0.00031999999999999997,"[4.0, 8.0]",30.05470812333595,7.999999999999986,23.664918339362625,22.752642083274033,8.567280957552224,2.370719350202138,1.0,1.0,1.0,"[(7.499999999999988, 7.999999999999986)]",0.549999999999998,True
13,3,1407,12.929999999999998,0.00035,0.00031999999999999997,"[4.0, 8.0]",31.246992226640327,7.999999999999986,24.954181986583475,24.024805836452895,8.442272776641094,2.3475806001047226,1.0,1.0,1.0,"[(7.499999999999988, 7.999999999999986)]",0.549999999999998,True
13,3,1407,12.939999999999998,0.00035,0.00031999999999999997,"[4.0, 8.0]",32.43068073705289,7.999999999999986,26.249176228085183,25.349415867760996,8.302294667519885,2.3218128910823452,1.0,1.0,1.0,"[(7.499999999999988, 7.999999999999986)]",0.549999999999998,True
13,3,1407,12.949999999999998,0.00035,0.00031999999999999997,"[4.0, 8.0]",33.5401585038061,7.999999999999986,27.47964300504033,26.526800669707523,8.154309631827793,2.2910873023035743,1.0,1.0,1.0,"[(7.449999999999988, 7.999999999999986)]",0.5999999999999979,True
13,3,1407,12.959999999999997,0.00035,0.00031999999999999997,"[4.0, 8.0]",34.635261419187266,7.999999999999986,28.732088277755786,27.82967369155535,7.962288048034171,2.253289815893695,1.0,1.0,1.0,"[(7.449999999999988, 7.999999999999986)]",0.5999999999999979,True
13,3,1407,12.969999999999997,0.00035,0.00031999999999999997,"[4.0, 8.0]",35.836296379797446,7.999999999999986,30.149299146777498,29.20529804890799,7.700559301633874,2.1994397711007387,1.0,1.0,1.0,"[(7.399999999999988, 7.999999999999986)]",0.6499999999999977,True
13,3,1407,12.979999999999997,0.00035,0.00031999999999999997,"[4.0, 8.0]",37.07493040901811,7.999999999999986,31.714692390176587,30.767572658231717,7.309917277322537,2.1168263338583952,1.0,1.0,1.0,"[(7.349999999999988, 7.999999999999986)]",0.6999999999999975,True
13,3,1407,12.989999999999997,0.00035,0.00031999999999999997,"[4.0, 8.0]",38.101084771555584,7.999999999999986,33.18035877431263,32.258915021778726,6.774351975850031,2.0017993799135008,1.0,1.0,1.0,"[(7.2499999999999885, 7.999999999999986)]",0.7999999999999972,True
13,3,1407,12.999999999999996,0.00035,0.00031999999999999997,"[4.0, 8.0]",38.81681401372024,7.999999999999986,34.441743836839294,33.577113243252995,6.109814771806626,1.8537504328454932,1.0,1.0,1.0,"[(7.049999999999989, 7.999999999999986)]",0.9999999999999964,True
13,3,1407,13.009999999999996,0.00035,0.00031999999999999997,"[4.0, 8.0]",39.250338845243704,7.999999999999986,35.618981506580184,34.81614673369358,5.195715630021375,1.644577166131748,1.0,1.0,1.0,"[(6.79999999999999, 7.999999999999986)]",1.2499999999999956,True
13,3,1407,13.019999999999996,0.00035,0.00031999999999999997,"[4.0, 8.0]",39.21222085913287,7.999999999999986,36.684056228769116,36.18255426916426,3.846539865059853,1.3237348643520477,1.0,1.0,1.0,"[(6.049999999999993, 7.999999999999986)]",1.999999999999993,True
13,3,1407,13.029999999999996,0.00035,0.00031999999999999997,"[4.0, 8.0]",38.59457355319605,7.649999999999987,37.23143982185182,37.09823117121376,2.6513225617394554,0.942170621987055,1.0,1.0,1.0,"[(4.0, 7.999999999999986)]",4.049999999999986,True
13,3,1407,13.039999999999996,0.00035,0.00031999999999999997,"[4.0, 8.0]",37.88125236847993,7.149999999999989,37.09477527124784,37.23873517289212,2.171367923659467,0.6566479129535183,1.0,1.0,1.0,"[(4.0, 7.999999999999986)]",4.049999999999986,True
13,3,1407,13.049999999999995,0.00035,0.00031999999999999997,"[4.0, 8.0]",36.89461872924406,6.649999999999991,36.25854383156386,36.419150919225835,2.04790288415694,0.5752137395831598,1.0,1.0,1.0,"[(4.0, 7.999999999999986)]",4.049999999999986,True
13,3,1407,13.059999999999995,0.00035,0.00031999999999999997,"[4.0, 8.0]",35.07436497607359,6.149999999999992,34.301305012031705,34.51998649306419,2.701047550536053,0.729475199072918,1.0,1.0,1.0,"[(4.0, 7.999999999999986)]",4.049999999999986,True
13,3,1407,13.069999999999995,0.00035,0.00031999999999999997,"[4.0, 8.0]",32.38704283117112,5.699999999999994,31.453297570379494,31.752633345363442,3.4215232197580256,0.8962345386975287,1.0,1.0,1.0,"[(4.0, 7.849999999999986)]",3.899999999999986,True
13,3,1407,13.079999999999995,0.00035,0.00031999999999999997,"[4.0, 8.0]",29.468389952737336,5.699999999999994,28.45879525782831,28.758843433546502,3.7541054264041662,0.9854765529450459,1.0,1.0,1.0,"[(4.0, 7.749999999999987)]",3.7999999999999865,True
13,3,1407,13.089999999999995,0.00035,0.00031999999999999997,"[4.0, 8.0]",25.666442323459663,5.649999999999994,24.634347503631993,24.979324869920205,3.9244915945468826,1.0446806727176208,1.0,1.0,1.0,"[(4.0, 7.649999999999987)]",3.699999999999987,True
13,3,1407,13.099999999999994,0.00035,0.00031999999999999997,"[4.0, 8.0]",20.61276311078382,5.249999999999996,19.585533106714145,20.007078562430326,4.04694746900228,1.1067960734065365,1.0,0.9629629629629629,0.5061728395061729,"[(4.0, 7.599999999999987)]",3.649999999999987,True
13,3,1407,13.109999999999994,0.00035,0.00031999999999999997,"[4.0, 8.0]",15.963471651940736,5.199999999999996,14.844649582491156,15.369348890672715,4.401629459987564,1.227484984508465,0.6172839506172839,0.0,0.0,"[(4.0, 7.499999999999988)]",3.5499999999999874,True
13,3,1407,13.119999999999994,0.00035,0.00031999999999999997,"[4.0, 8.0]",10.368730165657553,4.899999999999997,8.841903716516981,9.657860457451081,5.928449008519559,1.6999067319973278,0.0,0.0,0.0,"[(4.0, 7.149999999999989)]",3.1999999999999886,True
13,3,1407,13.129999999999994,0.00035,0.00031999999999999997,"[4.0, 8.0]",7.367299040552366,7.999999999999986,2.006129320640766,0.928382251679065,7.36729112897101,2.3248964605805984,0.0,0.0,0.0,"[(7.199999999999989, 7.999999999999986)]",0.849999999999997,True
13,3,1407,13.139999999999993,0.00035,0.00031999999999999997,"[4.0, 8.0]",17.450250831807075,7.999999999999986,13.125863272016412,12.978255049556104,7.8483576973907,2.3770847254108416,0.2716049382716049,0.04938271604938271,0.0,"[(6.69999999999999, 7.999999999999986)]",1.3499999999999952,True
13,3,1407,13.149999999999993,0.00035,0.00031999999999999997,"[4.0, 8.0]",14.667193522592585,6.049999999999993,13.49543911139268,13.90866438932771,4.476392900945207,1.1518347927648747,0.0,0.0,0.0,"[(4.399999999999999, 7.999999999999986)]",3.649999999999987,True
13,3,1407,13.159999999999993,0.00035,0.00031999999999999997,"[4.0, 8.0]",9.376029708125984,6.549999999999991,7.683829268646426,8.47206475004884,7.55656115906476,1.9372783993621676,0.0,0.0,0.0,"[(4.799999999999997, 7.999999999999986)]",3.2499999999999885,True
13,3,1407,13.169999999999993,0.00035,0.00031999999999999997,"[4.0, 8.0]",9.920371653584176,4.0,7.424734057796799,7.103387829364421,3.791161124078976,1.111481648824619,0.0,0.0,0.0,"[(4.0, 5.649999999999994), (7.449999999999988, 7.999999999999986)]",2.299999999999992,True
13,3,1407,13.179999999999993,0.00035,0.00031999999999999997,"[4.0, 8.0]",8.908864063219635,6.599999999999991,8.535931855375013,8.791792462710541,2.303185814828578,0.5602633465990178,0.0,0.0,0.0,"[(4.0, 7.999999999999986)]",4.049999999999986,True
13,3,1407,13.189999999999992,0.00035,0.00031999999999999997,"[4.0, 8.0]",5.439284587331116,4.0,1.3850312038187387,0.7060983053951264,5.3260989304591035,1.517296355198024,0.0,0.0,0.0,"[(4.0, 4.849999999999997)]",0.8999999999999968,True
13,3,1407,13.199999999999992,0.00035,0.00031999999999999997,"[4.0, 8.0]",7.060074878671814,6.79999999999999,6.719727692976332,6.985774221882567,2.2972126323411475,0.5535553954330155,0.0,0.0,0.0,"[(4.0, 7.999999999999986)]",4.049999999999986,True
13,3,1407,12.85,0.00035,0.00033999999999999997,"[4.0, 8.0]",6.057003427347926,7.999999999999986,1.0383184323817716,0.3232348399308383,6.0549558322585275,1.4936529502993239,0.0,0.0,0.0,"[(7.549999999999987, 7.999999999999986)]",0.4999999999999982,True
13,3,1407,12.86,0.00035,0.00033999999999999997,"[4.0, 8.0]",6.667113921362557,7.999999999999986,1.3258686584144326,0.5867723795828719,6.603917379892001,1.6533488647320485,0.0,0.0,0.0,"[(7.599999999999987, 7.999999999999986)]",0.4499999999999984,True
13,3,1407,12.87,0.00035,0.00033999999999999997,"[4.0, 8.0]",7.362060292014235,7.999999999999986,1.7210317184002364,0.9744217358428495,7.131670909910684,1.8100750788955726,0.0,0.0,0.0,"[(7.599999999999987, 7.999999999999986)]",0.4499999999999984,True
13,3,1407,12.879999999999999,0.00035,0.00033999999999999997,"[4.0, 8.0]",8.114715694415873,7.999999999999986,2.212997491738963,1.464479769139517,7.595013791347111,1.9489471018351454,0.0,0.0,0.0,"[(7.599999999999987, 7.999999999999986)]",0.4499999999999984,True
13,3,1407,12.889999999999999,0.00035,0.00033999999999999997,"[4.0, 8.0]",8.859441430577666,7.999999999999986,2.765154893830187,2.002479110321354,7.9510569128620014,2.0589652699431857,0.0,0.0,0.0,"[(7.599999999999987, 7.999999999999986)]",0.4499999999999984,True
13,3,1407,12.899999999999999,0.00035,0.00033999999999999997,"[4.0, 8.0]",9.603063297566857,7.999999999999986,3.3670754903871956,2.5869753116115186,8.223703735015448,2.143259880031608,0.0,0.0,0.0,"[(7.599999999999987, 7.999999999999986)]",0.4499999999999984,True
13,3,1407,12.909999999999998,0.00035,0.00033999999999999997,"[4.0, 8.0]",10.403603950620964,7.999999999999986,4.061062794246568,3.2638994375191483,8.433491001331252,2.2119306975817175,0.0,0.0,0.0,"[(7.599999999999987, 7.999999999999986)]",0.4499999999999984,True
13,3,1407,12.919999999999998,0.00035,0.00033999999999999997,"[4.0, 8.0]",11.340691704799784,7.999999999999986,4.909472801664521,4.089330318286061,8.605150658177807,2.2671997296636217,0.0,0.0,0.0,"[(7.599999999999987, 7.999999999999986)]",0.4499999999999984,True
13,3,1407,12.929999999999998,0.00035,0.00033999999999999997,"[4.0, 8.0]",12.398512559153794,7.999999999999986,5.911810342793005,5.10056145618092,8.728170845114725,2.307658621658618,0.0,0.0,0.0,"[(7.599999999999987, 7.999999999999986)]",0.4499999999999984,True
13,3,1407,12.939999999999998,0.00035,0.00033999999999999997,"[4.0, 8.0]",13.4794399907728,7.999999999999986,6.966604215244204,6.182850544724751,8.787913675648781,2.330394569941732,0.0,0.0,0.0,"[(7.599999999999987, 7.999999999999986)]",0.4499999999999984,True
13,3,1407,12.949999999999998,0.00035,0.00033999999999999997,"[4.0, 8.0]",14.510466049730748,7.999999999999986,8.00440129420431,7.2446615101954235,8.79476349304904,2.338179571070767,0.0,0.0,0.0,"[(7.599999999999987, 7.999999999999986)]",0.4499999999999984,True
13,3,1407,12.959999999999997,0.00035,0.00033999999999999997,"[4.0, 8.0]",15.587800615892496,7.999999999999986,9.095965810971144,8.330648580130806,8.784327939980948,2.3389091522972203,0.024691358024691357,0.0,0.0,"[(7.599999999999987, 7.999999999999986)]",0.4499999999999984,True
13,3,1407,12.969999999999997,0.00035,0.00033999999999999997,"[4.0, 8.0]",16.846406895974805,7.999999999999986,10.38115542300552,9.586280185588544,8.74878272910227,2.334444046556513,0.07407407407407407,0.0,0.0,"[(7.549999999999987, 7.999999999999986)]",0.4999999999999982,True
13,3,1407,12.979999999999997,0.00035,0.00033999999999999997,"[4.0, 8.0]",18.29715659287758,7.999999999999986,11.873948170831243,11.067286428804712,8.689706335063347,2.3254285491256983,0.13580246913580246,0.04938271604938271,0.0,"[(7.549999999999987, 7.999999999999986)]",0.4999999999999982,True
13,3,1407,12.989999999999997,0.00035,0.00033999999999999997,"[4.0, 8.0]",19.745794267620912,7.999999999999986,13.369054733953295,12.598647010895663,8.620313762864697,2.312237840098511,0.20987654320987653,0.1111111111111111,0.0,"[(7.549999999999987, 7.999999999999986)]",0.4999999999999982,True
13,3,1407,12.999999999999996,0.00035,0.00033999999999999997,"[4.0, 8.0]",21.114879141527425,7.999999999999986,14.785377855350438,14.021646383404725,8.549809045076382,2.298354788037699,0.345679012345679,0.1728395061728395,0.04938271604938271,"[(7.549999999999987, 7.999999999999986)]",0.4999999999999982,True
13,3,1407,13.009999999999996,0.00035,0.00033999999999999997,"[4.0, 8.0]",22.60529709829946,7.999999999999986,16.326043203712636,15.524828355287902,8.47034328727398,2.282303149056357,0.6049382716049383,0.2839506172839506,0.1111111111111111,"[(7.549999999999987, 7.999999999999986)]",0.4999999999999982,True
13,3,1407,13.019999999999996,0.00035,0.00033999999999999997,"[4.0, 8.0]",24.43019142203516,7.999999999999986,18.210447326471332,17.423596364595745,8.379004628915144,2.2654170067367665,1.0,0.5802469135802469,0.19753086419753085,"[(7.549999999999987, 7.999999999999986)]",0.4999999999999982,True
13,3,1407,13.029999999999996,0.00035,0.00033999999999999997,"[4.0, 8.0]",26.371848402173846,7.999999999999986,20.21821724414671,19.432340257482004,8.278077073213037,2.2467889730718777,1.0,1.0,0.4074074074074074,"[(7.499999999999988, 7.999999999999986)]",0.549999999999998,True
13,3,1407,13.039999999999996,0.00035,0.00033999999999999997,"[4.0, 8.0]",28.122895332159473,7.999999999999986,22.047429872149028,21.224758966217458,8.168027575738176,2.2275170337837937,1.0,1.0,0.8888888888888888,"[(7.499999999999988, 7.999999999999986)]",0.549999999999998,True
13,3,1407,13.049999999999995,0.00035,0.00033999999999999997,"[4.0, 8.0]",29.951167640620113,7.999999999999986,23.97184236772921,23.18461069340127,8.030191719870583,2.203390744526669,1.0,1.0,1.0,"[(7.499999999999988, 7.999999999999986)]",0.549999999999998,True
13,3,1407,13.059999999999995,0.00035,0.00033999999999999997,"[4.0, 8.0]",32.21403519993832,7.999999999999986,26.38595211178286,25.565133786521038,7.834192435811872,2.1673769874731366,1.0,1.0,1.0,"[(7.449999999999988, 7.999999999999986)]",0.5999999999999979,True
13,3,1407,13.069999999999995,0.00035,0.00033999999999999997,"[4.0, 8.0]",34.442370110306896,7.999999999999986,28.853426778018683,28.004858910647073,7.533598290309293,2.108258676799794,1.0,1.0,1.0,"[(7.399999999999988, 7.999999999999986)]",0.6499999999999977,True
13,3,1407,13.079999999999995,0.00035,0.00033999999999999997,"[4.0, 8.0]",36.206866395485484,7.999999999999986,30.96588499683475,30.11619587229775,7.1064265096767265,2.02071423159773,1.0,1.0,1.0,"[(7.349999999999988, 7.999999999999986)]",0.6999999999999975,True
13,3,1407,13.089999999999995,0.00035,0.00033999999999999997,"[4.0, 8.0]",37.84944963083192,7.999999999999986,33.25279975913055,32.46907129788876,6.315439483951668,1.8521458133443605,1.0,1.0,1.0,"[(7.199999999999989, 7.999999999999986)]",0.849999999999997,True
13,3,1407,13.099999999999994,0.00035,0.00033999999999999997,"[4.0, 8.0]",38.841718158861006,7.999999999999986,35.549188034981555,34.77630974813209,4.701174042794079,1.4946430512064897,1.0,1.0,1.0,"[(6.649999999999991, 7.999999999999986)]",1.399999999999995,True
13,3,1407,13.109999999999994,0.00035,0.00033999999999999997,"[4.0, 8.0]",38.440104669409976,7.849999999999986,36.69018751993758,36.38276160459989,2.952131057123175,1.0590205336533958,1.0,1.0,1.0,"[(4.0, 7.999999999999986)]",4.049999999999986,True
13,3,1407,13.119999999999994,0.00035,0.00033999999999999997,"[4.0, 8.0]",37.413000798116485,7.099999999999989,36.61412835392758,36.78119042267949,2.3712820573410127,0.6859642135000984,1.0,1.0,1.0,"[(4.0, 7.999999999999986)]",4.049999999999986,True
13,3,1407,13.129999999999994,0.00035,0.00033999999999999997,"[4.0, 8.0]",35.10101667186218,6.249999999999992,34.24433086585919,34.469750317592414,2.657951112513416,0.7841295131020967,1.0,1.0,1.0,"[(4.0, 7.999999999999986)]",4.049999999999986,True
13,3,1407,13.139999999999993,0.00035,0.00033999999999999997,"[4.0, 8.0]",31.653450563695124,5.799999999999994,30.612882112045387,30.924680653255106,3.520463283441284,0.9673302120459136,1.0,1.0,1.0,"[(4.0, 7.849999999999986)]",3.899999999999986,True
13,3,1407,13.149999999999993,0.00035,0.00033999999999999997,"[4.0, 8.0]",26.734288763746807,5.749999999999994,25.602390859701252,25.94436344301,3.9525798137435117,1.0527682250304742,1.0,1.0,1.0,"[(4.0, 7.699999999999987)]",3.7499999999999867,True
13,3,1407,13.159999999999993,0.00035,0.00033999999999999997,"[4.0, 8.0]",19.517699598698574,5.699999999999994,18.375118888252267,18.71129409003255,4.239408358590659,1.1153842177624314,1.0,0.8641975308641975,0.0,"[(4.0, 7.599999999999987)]",3.649999999999987,True
13,3,1407,13.169999999999993,0.00035,0.00033999999999999997,"[4.0, 8.0]",12.964176949102988,5.649999999999994,11.660156807235651,12.170551539238838,5.336874765139351,1.406540011355821,0.0,0.0,0.0,"[(4.0, 7.399999999999988)]",3.4499999999999877,True
13,3,1407,13.179999999999993,0.00035,0.00033999999999999997,"[4.0, 8.0]",9.687593796098458,7.999999999999986,3.1673724352814268,1.780164280759196,8.984477970432708,2.726657962576071,0.0,0.0,0.0,"[(7.399999999999988, 7.999999999999986)]",0.6499999999999977,True
13,3,1407,13.189999999999992,0.00035,0.00033999999999999997,"[4.0, 8.0]",9.868010878683286,7.999999999999986,3.904457539147325,3.4857265158669466,9.865778366171844,3.0444233992470084,0.0,0.0,0.0,"[(7.2499999999999885, 7.999999999999986)]",0.7999999999999972,True
13,3,1407,13.199999999999992,0.00035,0.00033999999999999997,"[4.0, 8.0]",5.438909972386878,6.049999999999993,4.879549877146367,5.000430524650069,1.461925578511777,0.38768017147029793,0.0,0.0,0.0,"[(4.0, 7.999999999999986)]",4.049999999999986,True
