pump_GHz,Idc_A,Ip0_A,band_GHz,peak_gain_db,peak_frequency_GHz,mean_in_band_gain_db,median_in_band_gain_db,ripple_peak_to_peak_db,ripple_std_db,fraction_above_15db,fraction_above_17db,fraction_above_20db,bandwidth_regions_GHz,total_3db_bandwidth_GHz,finite,minimum_in_band_gain_db,maximum_in_band_gain_db,strict_qualified
12.96,0.00027499999999999996,0.00028,"[4.0, 8.0]",13.121484495302338,4.0,10.718453938045005,12.281224192124583,11.119825438097552,3.1838336795828477,0.0,0.0,0.0,"[(4.0, 4.0), (5.200000000000001, 7.800000000000003)]",3.0000000000000027,True,2.001659057204787,13.121484495302338,False
12.98,0.00027499999999999996,0.00028,"[4.0, 8.0]",11.565319638715872,4.0,3.0816671401961937,1.093633244701203,11.540996687240199,3.76376427334954,0.0,0.0,0.0,"[(4.0, 4.4)]",0.6000000000000005,True,0.024322951475673347,11.565319638715872,False
13.0,0.00027499999999999996,0.00028,"[4.0, 8.0]",8.43470213164718,7.400000000000003,7.593385376840398,8.297274673874302,6.316872184223281,1.6168870101242534,0.0,0.0,0.0,"[(4.4, 8.000000000000004)]",3.8000000000000034,True,2.117829947423899,8.43470213164718,False
13.02,0.00027499999999999996,0.00028,"[4.0, 8.0]",7.302191281479753,4.0,1.828287304020403,0.5528343849118497,7.301071243279173,2.4005230957237815,0.0,0.0,0.0,"[(4.0, 4.6000000000000005)]",0.8000000000000007,True,0.0011200382005800134,7.302191281479753,False
13.04,0.00027499999999999996,0.00028,"[4.0, 8.0]",6.140103063832213,6.600000000000002,5.025358070773226,5.832417420438968,5.756839141138719,1.6560005173210062,0.0,0.0,0.0,"[(4.6000000000000005, 8.000000000000004)]",3.600000000000003,True,0.3832639226934945,6.140103063832213,False
13.059999999999999,0.00027499999999999996,0.00028,"[4.0, 8.0]",5.616319194097079,4.0,2.8189699968091864,2.3607859273079077,4.4539496806443175,1.5103914105494685,0.0,0.0,0.0,"[(4.0, 5.400000000000001), (7.800000000000003, 8.000000000000004)]",2.0000000000000018,True,1.162369513452761,5.616319194097079,False
13.079999999999998,0.00027499999999999996,0.00028,"[4.0, 8.0]",3.76463426540099,6.600000000000002,2.460750832333072,2.9647517341418688,3.701714809481284,1.294339721176359,0.0,0.0,0.0,"[(4.800000000000001, 8.000000000000004)]",3.400000000000003,True,0.06291945591970574,3.76463426540099,False
13.099999999999998,0.00027499999999999996,0.00028,"[4.0, 8.0]",4.300478342720345,4.4,3.2894734050943946,3.203614879472923,1.8493754843976489,0.6423416479049125,0.0,0.0,0.0,"[(4.0, 8.000000000000004)]",4.200000000000004,True,2.4511028583226957,4.300478342720345,False
13.119999999999997,0.00027499999999999996,0.00028,"[4.0, 8.0]",1.816740358372052,4.0,0.8966674521586964,0.9784041880149621,1.8125411014983026,0.5224260098624878,0.0,0.0,0.0,"[(4.0, 8.000000000000004)]",4.200000000000004,True,0.004199256873749473,1.816740358372052,False
13.139999999999997,0.00027499999999999996,0.00028,"[4.0, 8.0]",3.410193287550289,5.000000000000001,3.05095359744559,3.0688229885245257,1.219303412062089,0.28428877759776117,0.0,0.0,0.0,"[(4.0, 8.000000000000004)]",4.200000000000004,True,2.1908898754882,3.410193287550289,False
13.159999999999997,0.00027499999999999996,0.00028,"[4.0, 8.0]",1.5067182455084058,4.0,0.622780934550245,0.6260384472574152,1.489324064934872,0.3900207853913662,0.0,0.0,0.0,"[(4.0, 8.000000000000004)]",4.200000000000004,True,0.01739418057353371,1.5067182455084058,False
13.179999999999996,0.00027499999999999996,0.00028,"[4.0, 8.0]",2.6736096137692473,4.800000000000001,2.323802541477362,2.330013095494964,0.9337600058973137,0.23777111028710096,0.0,0.0,0.0,"[(4.0, 8.000000000000004)]",4.200000000000004,True,1.7398496078719337,2.6736096137692473,False
13.199999999999996,0.00027499999999999996,0.00028,"[4.0, 8.0]",1.1659054664849462,6.600000000000002,0.679423941014479,0.7655328744787013,1.1514475172928995,0.38334244488878205,0.0,0.0,0.0,"[(4.0, 8.000000000000004)]",4.200000000000004,True,0.014457949192046637,1.1659054664849462,False
13.219999999999995,0.00027499999999999996,0.00028,"[4.0, 8.0]",2.061246290167631,4.4,1.2545116782543815,1.1090036876538183,1.3677630025069396,0.48562203903524476,0.0,0.0,0.0,"[(4.0, 8.000000000000004)]",4.200000000000004,True,0.6934832876606912,2.061246290167631,False
13.239999999999995,0.00027499999999999996,0.00028,"[4.0, 8.0]",1.8740826842495084,6.400000000000002,1.5344592524579315,1.8190210192982441,1.7264723665400736,0.5239684361973529,0.0,0.0,0.0,"[(4.0, 8.000000000000004)]",4.200000000000004,True,0.14761031770943472,1.8740826842495084,False
13.259999999999994,0.00027499999999999996,0.00028,"[4.0, 8.0]",0.8232098236254458,6.600000000000002,0.4810032420018408,0.544611215695751,0.8149652520377191,0.2725029953358512,0.0,0.0,0.0,"[(4.0, 8.000000000000004)]",4.200000000000004,True,0.008244571587726708,0.8232098236254458,False
13.279999999999994,0.00027499999999999996,0.00028,"[4.0, 8.0]",1.2350831805710867,4.0,0.24474592365578723,0.024716416597810247,1.2350406966777816,0.3858142822803236,0.0,0.0,0.0,"[(4.0, 8.000000000000004)]",4.200000000000004,True,4.248389330507743e-05,1.2350831805710867,False
13.299999999999994,0.00027499999999999996,0.00028,"[4.0, 8.0]",1.1054433651873075,4.0,0.25036454375182365,0.042142480301531234,1.1054432280251423,0.3627184320020926,0.0,0.0,0.0,"[(4.0, 8.000000000000004)]",4.200000000000004,True,1.3716216519183826e-07,1.1054433651873075,False
12.96,0.00027499999999999996,0.0003,"[4.0, 8.0]",9.060538002564657,8.000000000000004,5.691572076914369,5.956148655727339,6.871093765619678,2.254159353449608,0.0,0.0,0.0,"[(6.000000000000002, 8.000000000000004)]",2.200000000000002,True,2.0323764392228667,9.060538002564657,False
12.98,0.00027499999999999996,0.0003,"[4.0, 8.0]",16.49660190675364,8.000000000000004,13.618361779950217,14.141472792097147,7.101176236623337,2.292868790673727,0.4,0.0,0.0,"[(5.800000000000002, 8.000000000000004)]",2.400000000000002,True,9.345797941071096,16.49660190675364,False
13.0,0.00027499999999999996,0.0003,"[4.0, 8.0]",23.506006209095155,8.000000000000004,20.798715702115118,21.322554589300445,6.9309322008582726,2.180926883124773,1.0,0.95,0.65,"[(5.600000000000001, 8.000000000000004)]",2.6000000000000023,True,16.527148824316008,23.506006209095155,False
13.02,0.00027499999999999996,0.0003,"[4.0, 8.0]",21.442349387374165,8.000000000000004,16.59420239436046,16.621877929620837,8.685812578373708,2.9716111784962824,0.65,0.5,0.15,"[(4.0, 5.000000000000001), (7.800000000000003, 8.000000000000004)]",1.6000000000000014,True,12.286112788520098,21.442349387374165,False
13.04,0.00027499999999999996,0.0003,"[4.0, 8.0]",12.862415269547864,4.4,10.302265288587659,10.172315837712983,4.847411197341801,1.6778946374206056,0.0,0.0,0.0,"[(4.0, 5.600000000000001), (7.400000000000003, 8.000000000000004)]",2.6000000000000023,True,8.015004072206063,12.862415269547864,False
13.059999999999999,0.00027499999999999996,0.0003,"[4.0, 8.0]",9.0607014973221,6.200000000000002,8.139690034804985,8.955919954315936,6.071504226084095,1.6412813499061456,0.0,0.0,0.0,"[(4.4, 8.000000000000004)]",3.8000000000000034,True,2.989197271238005,9.0607014973221,False
13.079999999999998,0.00027499999999999996,0.0003,"[4.0, 8.0]",5.772342065796531,4.0,1.313351995362696,0.814770537973232,5.755438682231216,1.6002355446972731,0.0,0.0,0.0,"[(4.0, 4.4)]",0.6000000000000005,True,0.01690338356531504,5.772342065796531,False
13.099999999999998,0.00027499999999999996,0.0003,"[4.0, 8.0]",6.341136507291409,4.800000000000001,5.755037704025001,5.763539311957979,1.112491824014338,0.3688409869895469,0.0,0.0,0.0,"[(4.0, 8.000000000000004)]",4.200000000000004,True,5.228644683277071,6.341136507291409,False
13.119999999999997,0.00027499999999999996,0.0003,"[4.0, 8.0]",2.415676221030597,6.600000000000002,1.420677287786519,1.5432953302145431,2.3874376857138597,0.7849752776048193,0.0,0.0,0.0,"[(4.0, 8.000000000000004)]",4.200000000000004,True,0.028238535316737198,2.415676221030597,False
13.139999999999997,0.00027499999999999996,0.0003,"[4.0, 8.0]",4.6902860389375185,4.4,3.784670295652442,3.694784216596526,1.6628994881755386,0.578003633709246,0.0,0.0,0.0,"[(4.0, 8.000000000000004)]",4.200000000000004,True,3.02738655076198,4.6902860389375185,False
13.159999999999997,0.00027499999999999996,0.0003,"[4.0, 8.0]",3.309590500977696,6.600000000000002,2.2652117455467073,2.7477293979507884,3.2885672528814767,1.1159612203239595,0.0,0.0,0.0,"[(4.4, 8.000000000000004)]",3.8000000000000034,True,0.021023248096219332,3.309590500977696,False
13.179999999999996,0.00027499999999999996,0.0003,"[4.0, 8.0]",3.4247998629332725,4.0,1.5057284912557807,1.1308459672480329,2.877489363430589,0.9551804451531835,0.0,0.0,0.0,"[(4.0, 8.000000000000004)]",4.200000000000004,True,0.5473104995026837,3.4247998629332725,False
13.199999999999996,0.00027499999999999996,0.0003,"[4.0, 8.0]",3.1344753192072328,6.600000000000002,2.6357593496865626,3.017842424735949,2.5343879259999564,0.7442126167130217,0.0,0.0,0.0,"[(4.0, 8.000000000000004)]",4.200000000000004,True,0.6000873932072761,3.1344753192072328,False
13.219999999999995,0.00027499999999999996,0.0003,"[4.0, 8.0]",1.3855248407568854,4.0,0.4154884771640578,0.38987032354790374,1.3836910486592124,0.33002520405949515,0.0,0.0,0.0,"[(4.0, 8.000000000000004)]",4.200000000000004,True,0.0018337920976728918,1.3855248407568854,False
13.239999999999995,0.00027499999999999996,0.0003,"[4.0, 8.0]",2.2538091642669027,4.2,1.1603118738163243,0.9328633852767055,1.7276637566823942,0.6041294154914127,0.0,0.0,0.0,"[(4.0, 8.000000000000004)]",4.200000000000004,True,0.5261454075845086,2.2538091642669027,False
13.259999999999994,0.00027499999999999996,0.0003,"[4.0, 8.0]",2.0231304347166863,8.000000000000004,1.812613315892347,1.8760012016093617,1.0674601709797575,0.2583724648113835,0.0,0.0,0.0,"[(4.0, 8.000000000000004)]",4.200000000000004,True,0.9543542526024185,2.0231304347166863,False
13.279999999999994,0.00027499999999999996,0.0003,"[4.0, 8.0]",1.7534024283145877,6.600000000000002,1.3541955868312994,1.628056641386049,1.6913561218483102,0.5299302978839435,0.0,0.0,0.0,"[(4.0, 8.000000000000004)]",4.200000000000004,True,0.06204630646627748,1.7534024283145877,False
13.299999999999994,0.00027499999999999996,0.0003,"[4.0, 8.0]",1.4889708617124484,6.600000000000002,1.1404446686072174,1.3818846123083985,1.455246184107797,0.46182486204229495,0.0,0.0,0.0,"[(4.0, 8.000000000000004)]",4.200000000000004,True,0.03372467760465127,1.4889708617124484,False
12.96,0.00027499999999999996,0.00031999999999999997,"[4.0, 8.0]",17.108670397332105,5.000000000000001,16.068514816806648,16.464170905238817,3.6653529355325176,1.0793650274940711,0.8,0.2,0.0,"[(4.0, 7.400000000000003)]",3.600000000000003,True,12.885316412025524,17.108670397332105,False
12.98,0.00027499999999999996,0.00031999999999999997,"[4.0, 8.0]",13.078272539673746,5.000000000000001,11.961780003696811,12.393058748928308,3.819915638959822,1.1447473799746866,0.0,0.0,0.0,"[(4.0, 7.400000000000003)]",3.600000000000003,True,8.720181543105936,13.078272539673746,False
13.0,0.00027499999999999996,0.00031999999999999997,"[4.0, 8.0]",8.633057391294102,5.000000000000001,7.350370217855998,7.906963042658001,4.230092312316815,1.3162327349242882,0.0,0.0,0.0,"[(4.0, 7.200000000000003)]",3.400000000000003,True,3.879235207873214,8.633057391294102,False
13.02,0.00027499999999999996,0.00031999999999999997,"[4.0, 8.0]",2.693689142329011,4.4,1.3910109730664966,1.4283181937505034,2.6839045196726095,1.0264548293399989,0.0,0.0,0.0,"[(4.0, 8.000000000000004)]",4.200000000000004,True,0.009784622656401391,2.693689142329011,False
13.04,0.00027499999999999996,0.00031999999999999997,"[4.0, 8.0]",8.872527179498283,8.000000000000004,5.132226551707466,5.121293925140724,6.498043229931596,2.1319514910036452,0.0,0.0,0.0,"[(6.400000000000002, 8.000000000000004)]",1.8000000000000016,True,2.1084326459505713,8.872527179498283,False
13.059999999999999,0.00027499999999999996,0.00031999999999999997,"[4.0, 8.0]",19.29638662017735,8.000000000000004,16.364160538534428,16.665440705188097,6.326645933705002,2.031954397811145,0.7,0.45,0.0,"[(5.800000000000002, 8.000000000000004)]",2.400000000000002,True,12.870755087011641,19.29638662017735,False
13.079999999999998,0.00027499999999999996,0.00031999999999999997,"[4.0, 8.0]",23.232501300196652,8.000000000000004,19.809657708509935,19.738360675599814,3.7935203093990637,0.9616272194194161,1.0,1.0,0.4,"[(7.400000000000003, 8.000000000000004)]",0.8000000000000007,True,18.542936554553776,23.232501300196652,False
13.099999999999998,0.00027499999999999996,0.00031999999999999997,"[4.0, 8.0]",11.25141790689831,4.0,4.409562003352024,3.3655126453086193,10.60060591477676,3.4706977886554413,0.0,0.0,0.0,"[(4.0, 4.6000000000000005)]",0.8000000000000007,True,0.6508119921215494,11.25141790689831,False
13.119999999999997,0.00027499999999999996,0.00031999999999999997,"[4.0, 8.0]",8.978076826302622,4.2,7.248419318134583,7.029546483738031,3.0141069009064,1.0267083382925213,0.0,0.0,0.0,"[(4.0, 6.400000000000002), (6.8000000000000025, 8.000000000000004)]",4.0000000000000036,True,5.963969925396222,8.978076826302622,False
13.139999999999997,0.00027499999999999996,0.00031999999999999997,"[4.0, 8.0]",7.030422957953463,7.400000000000003,6.709748693876628,6.991897453462352,2.092309898082859,0.5741096158079617,0.0,0.0,0.0,"[(4.0, 8.000000000000004)]",4.200000000000004,True,4.938113059870604,7.030422957953463,False
13.159999999999997,0.00027499999999999996,0.00031999999999999997,"[4.0, 8.0]",3.9159940208936144,6.600000000000002,2.586324011971457,3.125435495451332,3.9088597613759632,1.335961883931712,0.0,0.0,0.0,"[(4.800000000000001, 8.000000000000004)]",3.400000000000003,True,0.007134259517650993,3.9159940208936144,False
13.179999999999996,0.00027499999999999996,0.00031999999999999997,"[4.0, 8.0]",4.186080536827402,4.0,1.5478029948853227,1.0377503204029266,3.7736977252503476,1.2049433720913607,0.0,0.0,0.0,"[(4.0, 5.400000000000001), (7.800000000000003, 8.000000000000004)]",2.0000000000000018,True,0.412382811577054,4.186080536827402,False
13.199999999999996,0.00027499999999999996,0.00031999999999999997,"[4.0, 8.0]",4.14484743522613,8.000000000000004,3.9203521461370228,3.9704244824742334,1.1180705420443005,0.2681092896363374,0.0,0.0,0.0,"[(4.0, 8.000000000000004)]",4.200000000000004,True,3.02640094606598,4.14484743522613,False
13.219999999999995,0.00027499999999999996,0.00031999999999999997,"[4.0, 8.0]",2.824424425866769,6.600000000000002,1.9591302759019324,2.3662573129623943,2.8210529933717754,0.9294614514557813,0.0,0.0,0.0,"[(4.0, 8.000000000000004)]",4.200000000000004,True,0.003371432494993516,2.824424425866769,False
13.239999999999995,0.00027499999999999996,0.00031999999999999997,"[4.0, 8.0]",1.3750622664137235,4.0,0.3670661971726543,0.3223362370756082,1.3705441523468935,0.32873281023207507,0.0,0.0,0.0,"[(4.0, 8.000000000000004)]",4.200000000000004,True,0.004518114066830113,1.3750622664137235,False
13.259999999999994,0.00027499999999999996,0.00031999999999999997,"[4.0, 8.0]",2.306901011847703,4.0,0.7978449993388352,0.4795281295223147,2.129808776120332,0.6917776574117613,0.0,0.0,0.0,"[(4.0, 8.000000000000004)]",4.200000000000004,True,0.17709223572737093,2.306901011847703,False
13.279999999999994,0.00027499999999999996,0.00031999999999999997,"[4.0, 8.0]",2.081390019848242,4.2,1.3159112674779307,1.165923867664346,1.2741566735345082,0.4535483352814445,0.0,0.0,0.0,"[(4.0, 8.000000000000004)]",4.200000000000004,True,0.8072333463137339,2.081390019848242,False
13.299999999999994,0.00027499999999999996,0.00031999999999999997,"[4.0, 8.0]",1.7173638948538752,4.2,0.8719097296816122,0.6866269931421409,1.324299898306971,0.46663468922080115,0.0,0.0,0.0,"[(4.0, 8.000000000000004)]",4.200000000000004,True,0.39306399654690416,1.7173638948538752,False
12.96,0.00027499999999999996,0.00033999999999999997,"[4.0, 8.0]",35.44881626154069,5.800000000000002,34.450614261511724,34.74436001278501,3.104719190708863,0.9364995762869498,1.0,1.0,1.0,"[(4.0, 7.600000000000003)]",3.8000000000000034,True,31.645174916834602,35.44881626154069,False
12.98,0.00027499999999999996,0.00033999999999999997,"[4.0, 8.0]",32.556044243130444,5.600000000000001,31.491970804793624,31.795668639577755,3.377782431466116,0.988001550455446,1.0,1.0,1.0,"[(4.0, 7.600000000000003)]",3.8000000000000034,True,28.476139205125143,32.556044243130444,False
13.0,0.00027499999999999996,0.00033999999999999997,"[4.0, 8.0]",29.273242946759666,5.600000000000001,28.195816399735076,28.492460136116897,3.495297166565102,1.0045571137407778,1.0,1.0,1.0,"[(4.0, 7.600000000000003)]",3.8000000000000034,True,25.09183911783397,29.273242946759666,False
13.02,0.00027499999999999996,0.00033999999999999997,"[4.0, 8.0]",25.20589452914566,5.600000000000001,24.14341192606506,24.45642836823349,3.5277168504413616,1.0052949547686683,1.0,1.0,1.0,"[(4.0, 7.600000000000003)]",3.8000000000000034,True,21.033604226063183,25.20589452914566,False
13.04,0.00027499999999999996,0.00033999999999999997,"[4.0, 8.0]",20.4574761684766,5.600000000000001,19.432250481012808,19.73497469105865,3.521648748441873,1.0057710706587932,1.0,0.95,0.4,"[(4.0, 7.600000000000003)]",3.8000000000000034,True,16.335104374453415,20.4574761684766,False
13.059999999999999,0.00027499999999999996,0.00033999999999999997,"[4.0, 8.0]",14.849667814743768,5.200000000000001,13.808455322442422,14.16586315788582,3.639539746892064,1.049381524220245,0.0,0.0,0.0,"[(4.0, 7.400000000000003)]",3.600000000000003,True,10.639521660313338,14.849667814743768,False
13.079999999999998,0.00027499999999999996,0.00033999999999999997,"[4.0, 8.0]",8.000173634448057,5.200000000000001,6.75574474773259,7.276094016935042,4.357259415017044,1.3045092414053876,0.0,0.0,0.0,"[(4.0, 7.200000000000003)]",3.400000000000003,True,3.0782040623909053,8.000173634448057,False
13.099999999999998,0.00027499999999999996,0.00033999999999999997,"[4.0, 8.0]",6.878421341094446,8.000000000000004,2.7596956080797357,2.227003827319016,5.647840390205375,1.8173109112361745,0.0,0.0,0.0,"[(6.8000000000000025, 8.000000000000004)]",1.4000000000000012,True,0.818179193186802,6.878421341094446,False
13.119999999999997,0.00027499999999999996,0.00033999999999999997,"[4.0, 8.0]",20.365255699300427,8.000000000000004,17.336014342136817,17.329297274042776,5.320048650707445,1.708445318774459,0.9,0.55,0.05,"[(6.000000000000002, 8.000000000000004)]",2.200000000000002,True,14.861775828714602,20.365255699300427,False
13.139999999999997,0.00027499999999999996,0.00033999999999999997,"[4.0, 8.0]",14.461210828400441,6.600000000000002,13.922112580285079,14.252772392805092,2.289820976133912,0.7135279231687667,0.0,0.0,0.0,"[(4.0, 8.000000000000004)]",4.200000000000004,True,12.171389852266529,14.461210828400441,False
13.159999999999997,0.00027499999999999996,0.00033999999999999997,"[4.0, 8.0]",9.32564231494872,4.2,8.277672872653609,8.141796767841448,1.8073800212797035,0.5914927633957892,0.0,0.0,0.0,"[(4.0, 8.000000000000004)]",4.200000000000004,True,7.518262293669016,9.32564231494872,False
13.179999999999996,0.00027499999999999996,0.00033999999999999997,"[4.0, 8.0]",7.134885062280601,4.6000000000000005,6.785117503183548,6.772086634891103,0.6931004002592847,0.23218041594616423,0.0,0.0,0.0,"[(4.0, 8.000000000000004)]",4.200000000000004,True,6.441784662021316,7.134885062280601,False
13.199999999999996,0.00027499999999999996,0.00033999999999999997,"[4.0, 8.0]",5.8414615128833045,6.8000000000000025,5.483048049690199,5.753802213478644,1.8708506351211978,0.5415929040189106,0.0,0.0,0.0,"[(4.0, 8.000000000000004)]",4.200000000000004,True,3.9706108777621067,5.8414615128833045,False
13.219999999999995,0.00027499999999999996,0.00033999999999999997,"[4.0, 8.0]",4.028676762238427,6.600000000000002,3.1361033024490834,3.5993234478159515,3.383143957633842,1.0307210799258255,0.0,0.0,0.0,"[(4.4, 8.000000000000004)]",3.8000000000000034,True,0.6455328046045848,4.028676762238427,False
13.239999999999995,0.00027499999999999996,0.00033999999999999997,"[4.0, 8.0]",2.1332822059069585,6.600000000000002,1.3241839481990447,1.5973029563292833,2.1290027073141418,0.7481655418946276,0.0,0.0,0.0,"[(4.0, 8.000000000000004)]",4.200000000000004,True,0.004279498592816682,2.1332822059069585,False
13.259999999999994,0.00027499999999999996,0.00033999999999999997,"[4.0, 8.0]",0.990639954111458,4.0,0.38422959351878105,0.36686910428447705,0.9864561688569959,0.2507582523438846,0.0,0.0,0.0,"[(4.0, 8.000000000000004)]",4.200000000000004,True,0.004183785254462061,0.990639954111458,False
13.279999999999994,0.00027499999999999996,0.00033999999999999997,"[4.0, 8.0]",1.3702042411875555,4.0,0.2564884001757653,0.12648584967148563,1.37019785894688,0.3646957795799337,0.0,0.0,0.0,"[(4.0, 8.000000000000004)]",4.200000000000004,True,6.382240675568065e-06,1.3702042411875555,False
13.299999999999994,0.00027499999999999996,0.00033999999999999997,"[4.0, 8.0]",0.7746742065405408,6.600000000000002,0.4422152704087246,0.4933007988246746,0.7706122465860026,0.2570235622305391,0.0,0.0,0.0,"[(4.0, 8.000000000000004)]",4.200000000000004,True,0.004061959954538152,0.7746742065405408,False
12.96,0.00027499999999999996,0.00035999999999999997,"[4.0, 8.0]",42.0504940620896,8.000000000000004,38.26480667816311,37.632482277132866,4.812796510062846,1.5112817148306346,1.0,1.0,1.0,"[(7.000000000000003, 8.000000000000004)]",1.200000000000001,True,36.833417621268424,42.0504940620896,False
12.98,0.00027499999999999996,0.00035999999999999997,"[4.0, 8.0]",41.90064943279918,8.000000000000004,39.392836310805514,38.79868441578732,3.5708496437300496,1.2120581495817973,1.0,1.0,1.0,"[(6.000000000000002, 8.000000000000004)]",2.200000000000002,True,38.23231439492189,41.90064943279918,False
13.0,0.00027499999999999996,0.00035999999999999997,"[4.0, 8.0]",41.259170986435436,7.600000000000003,39.925706577221966,39.7522810775774,2.5672580975053663,0.89162592632277,1.0,1.0,1.0,"[(4.0, 8.000000000000004)]",4.200000000000004,True,38.69191288893007,41.259170986435436,True
13.02,0.00027499999999999996,0.00035999999999999997,"[4.0, 8.0]",40.31034025193546,6.8000000000000025,39.55019436841708,39.740394682304654,2.3916519480963245,0.6903072570018666,1.0,1.0,1.0,"[(4.0, 8.000000000000004)]",4.200000000000004,True,37.91868830383913,40.31034025193546,True
13.04,0.00027499999999999996,0.00035999999999999997,"[4.0, 8.0]",38.6514749120069,6.200000000000002,37.82038218128902,38.06262567254345,2.7310298918019953,0.790168868258309,1.0,1.0,1.0,"[(4.0, 8.000000000000004)]",4.200000000000004,True,35.9204450202049,38.6514749120069,True
13.059999999999999,0.00027499999999999996,0.00035999999999999997,"[4.0, 8.0]",35.541485704677605,5.800000000000002,34.521546799513104,34.808298427983736,2.9707982949897414,0.955356970838723,1.0,1.0,1.0,"[(4.0, 7.800000000000003)]",4.0000000000000036,True,31.97600321948348,35.541485704677605,True
13.079999999999998,0.00027499999999999996,0.00035999999999999997,"[4.0, 8.0]",31.036324357906615,5.600000000000001,29.911382412824736,30.227056948953873,3.323150229010704,1.0237651661657425,1.0,1.0,1.0,"[(4.0, 7.600000000000003)]",3.8000000000000034,True,27.031427591574282,31.036324357906615,False
13.099999999999998,0.00027499999999999996,0.00035999999999999997,"[4.0, 8.0]",24.58998945742377,5.600000000000001,23.44894205429596,23.7495406030937,3.482534640591375,1.019528754209566,1.0,1.0,1.0,"[(4.0, 7.600000000000003)]",3.8000000000000034,True,20.462081347876243,24.58998945742377,False
13.119999999999997,0.00027499999999999996,0.00035999999999999997,"[4.0, 8.0]",17.615318964471285,5.600000000000001,16.517258285951876,16.832850962116588,3.546778983280749,1.0110856865334543,0.9,0.45,0.0,"[(4.0, 7.600000000000003)]",3.8000000000000034,True,13.4607677182035,17.615318964471285,False
13.139999999999997,0.00027499999999999996,0.00035999999999999997,"[4.0, 8.0]",7.176480809798606,5.200000000000001,5.822885696841878,6.266141252086134,4.675161538093686,1.3318690598257719,0.0,0.0,0.0,"[(4.0, 7.200000000000003)]",3.400000000000003,True,1.8691321817763165,7.176480809798606,False
13.159999999999997,0.00027499999999999996,0.00035999999999999997,"[4.0, 8.0]",15.838554991264282,8.000000000000004,12.370212695826526,11.851394601625394,4.625339916082142,1.4584361814814364,0.1,0.0,0.0,"[(6.600000000000002, 8.000000000000004)]",1.6000000000000014,True,10.862146051399105,15.838554991264282,False
13.179999999999996,0.00027499999999999996,0.00035999999999999997,"[4.0, 8.0]",14.9278797111913,6.600000000000002,14.691887429902257,14.752044614125115,0.7174260958341172,0.21247840247615576,0.0,0.0,0.0,"[(4.0, 8.000000000000004)]",4.200000000000004,True,14.210453615357183,14.9278797111913,False
13.199999999999996,0.00027499999999999996,0.00035999999999999997,"[4.0, 8.0]",5.2488866188570515,4.2,3.302690499363058,3.012843197759735,2.9824446093569077,0.8785067150396279,0.0,0.0,0.0,"[(4.0, 8.000000000000004)]",4.200000000000004,True,2.266442009500144,5.2488866188570515,False
13.219999999999995,0.00027499999999999996,0.00035999999999999997,"[4.0, 8.0]",0.884352767645134,4.0,0.2893999085754096,0.26443136378002974,0.8834775478854231,0.2366455625922852,0.0,0.0,0.0,"[(4.0, 8.000000000000004)]",4.200000000000004,True,0.0002584676661937042,0.884352767645134,False
13.239999999999995,0.00027499999999999996,0.00035999999999999997,"[4.0, 8.0]",1.5542772854257227,6.600000000000002,0.88466380095188,1.033755349774931,1.5514074271371123,0.5445822333006967,0.0,0.0,0.0,"[(4.0, 8.000000000000004)]",4.200000000000004,True,0.002869858288610432,1.5542772854257227,False
13.259999999999994,0.00027499999999999996,0.00035999999999999997,"[4.0, 8.0]",1.465078563584916,6.600000000000002,0.8478117519077616,0.9974019795326842,1.4627729568421388,0.516309976165479,0.0,0.0,0.0,"[(4.0, 8.000000000000004)]",4.200000000000004,True,0.002305606742777101,1.465078563584916,False
13.279999999999994,0.00027499999999999996,0.00035999999999999997,"[4.0, 8.0]",1.6756672491998787,6.600000000000002,1.034654779524817,1.2476524859482416,1.6755214472133106,0.5893165570816365,0.0,0.0,0.0,"[(4.0, 8.000000000000004)]",4.200000000000004,True,0.00014580198656821166,1.6756672491998787,False
13.299999999999994,0.00027499999999999996,0.00035999999999999997,"[4.0, 8.0]",2.6495569579440277,6.600000000000002,2.136339186726114,2.437377873592655,2.098803985253663,0.6317045346247252,0.0,0.0,0.0,"[(4.0, 8.000000000000004)]",4.200000000000004,True,0.5507529726903647,2.6495569579440277,False
12.96,0.00027499999999999996,0.00037999999999999997,"[4.0, 8.0]",31.46133807897613,8.000000000000004,24.91185663608759,24.254947496858552,7.293594697514973,2.0758017742351798,1.0,1.0,1.0,"[(7.600000000000003, 8.000000000000004)]",0.6000000000000005,True,22.84465961395204,31.46133807897613,False
12.98,0.00027499999999999996,0.00037999999999999997,"[4.0, 8.0]",33.252238855454564,8.000000000000004,26.85084114361407,26.198288740386673,7.148773341569296,2.037822894809039,1.0,1.0,1.0,"[(7.600000000000003, 8.000000000000004)]",0.6000000000000005,True,24.8322259207276,33.252238855454564,False
13.0,0.00027499999999999996,0.00037999999999999997,"[4.0, 8.0]",35.073155733621405,8.000000000000004,28.8456703059978,28.197647266415856,6.969256655570231,1.9930369406693413,1.0,1.0,1.0,"[(7.600000000000003, 8.000000000000004)]",0.6000000000000005,True,26.885804433984152,35.073155733621405,False
13.02,0.00027499999999999996,0.00037999999999999997,"[4.0, 8.0]",37.11468725618837,8.000000000000004,31.17717888299192,30.536444900477484,6.706470608552763,1.9295860683473112,1.0,1.0,1.0,"[(7.600000000000003, 8.000000000000004)]",0.6000000000000005,True,29.297857403126002,37.11468725618837,False
13.04,0.00027499999999999996,0.00037999999999999997,"[4.0, 8.0]",39.179564622302124,8.000000000000004,33.711981075070476,33.08842095830815,6.280790839224871,1.8260474308392258,1.0,1.0,1.0,"[(7.400000000000003, 8.000000000000004)]",0.8000000000000007,True,31.94770013579374,39.179564622302124,False
13.059999999999999,0.00027499999999999996,0.00037999999999999997,"[4.0, 8.0]",40.9225968927257,8.000000000000004,36.35647001527148,35.766037485237874,5.460349016423251,1.6273806306896248,1.0,1.0,1.0,"[(7.200000000000003, 8.000000000000004)]",1.0000000000000009,True,34.79338563574857,40.9225968927257,False
13.079999999999998,0.00027499999999999996,0.00037999999999999997,"[4.0, 8.0]",41.54881841889272,8.000000000000004,38.587771010819175,37.968562207610546,3.9206949175405583,1.2661152894658554,1.0,1.0,1.0,"[(6.600000000000002, 8.000000000000004)]",1.6000000000000014,True,37.39443497881062,41.54881841889272,False
13.099999999999998,0.00027499999999999996,0.00037999999999999997,"[4.0, 8.0]",40.448449328369676,7.400000000000003,39.44766642182911,39.52014189239178,2.5901003823073836,0.7964589074405124,1.0,1.0,1.0,"[(4.0, 8.000000000000004)]",4.200000000000004,True,37.85834894606229,40.448449328369676,True
13.119999999999997,0.00027499999999999996,0.00037999999999999997,"[4.0, 8.0]",38.32542237516576,6.200000000000002,37.40836667737469,37.70597253589608,3.224264442685552,0.900573025246319,1.0,1.0,1.0,"[(4.2, 8.000000000000004)]",4.0000000000000036,True,35.101157932480206,38.32542237516576,False
13.139999999999997,0.00027499999999999996,0.00037999999999999997,"[4.0, 8.0]",32.658394862842854,5.800000000000002,31.44895849049028,31.77789724621423,3.6910989292428056,1.1204845214121721,1.0,1.0,1.0,"[(4.2, 7.600000000000003)]",3.600000000000003,True,28.787497636445526,32.658394862842854,False
13.159999999999997,0.00027499999999999996,0.00037999999999999997,"[4.0, 8.0]",23.479956143204777,5.800000000000002,22.238705487505925,22.57589257330065,3.4771852749669705,1.1115560845451817,1.0,1.0,1.0,"[(4.2, 7.600000000000003)]",3.600000000000003,True,19.329621232782845,23.479956143204777,False
13.179999999999996,0.00027499999999999996,0.00037999999999999997,"[4.0, 8.0]",11.699240062092857,5.800000000000002,10.395160999749292,10.769135512403203,4.1012078968712435,1.2032438664911085,0.0,0.0,0.0,"[(4.2, 7.400000000000003)]",3.400000000000003,True,6.839843803466367,11.699240062092857,False
13.199999999999996,0.00027499999999999996,0.00037999999999999997,"[4.0, 8.0]",15.62231162608504,8.000000000000004,11.946505664869564,11.553704693894492,4.652478111406179,1.3069513294868293,0.05,0.0,0.0,"[(4.0, 4.0), (7.000000000000003, 8.000000000000004)]",1.4000000000000012,True,10.462319892284253,15.62231162608504,False
13.219999999999995,0.00027499999999999996,0.00037999999999999997,"[4.0, 8.0]",3.297385736790639,4.0,0.4878664165648261,0.24009844345229997,3.2902762346877115,0.7224386859616424,0.0,0.0,0.0,"[(4.0, 4.6000000000000005), (6.200000000000002, 6.400000000000002), (6.8000000000000025, 7.000000000000003), (7.400000000000003, 7.400000000000003)]",1.8000000000000016,True,0.007109502102927468,3.297385736790639,False
13.239999999999995,0.00027499999999999996,0.00037999999999999997,"[4.0, 8.0]",7.100669887183909,8.000000000000004,6.962404343759434,6.968428873073837,0.2982421471118144,0.06248565088524124,0.0,0.0,0.0,"[(4.0, 8.000000000000004)]",4.200000000000004,True,6.749288384245103,7.100669887183909,False
13.259999999999994,0.00027499999999999996,0.00037999999999999997,"[4.0, 8.0]",1.525048741493473,4.0,0.5219355822237726,0.31653265660425756,1.3896919182943133,0.44195884424026705,0.0,0.0,0.0,"[(4.0, 8.000000000000004)]",4.200000000000004,True,0.1353568231991598,1.525048741493473,False
13.279999999999994,0.00027499999999999996,0.00037999999999999997,"[4.0, 8.0]",1.9791916857350014,6.600000000000002,1.346401496224226,1.587232062908176,1.8890545531440768,0.6140918926318935,0.0,0.0,0.0,"[(4.0, 8.000000000000004)]",4.200000000000004,True,0.09013713259092462,1.9791916857350014,False
13.299999999999994,0.00027499999999999996,0.00037999999999999997,"[4.0, 8.0]",3.594548452928874,6.8000000000000025,3.3913635906355046,3.5478265613713056,1.0748542705748747,0.3072023592711514,0.0,0.0,0.0,"[(4.0, 8.000000000000004)]",4.200000000000004,True,2.5196941823539993,3.594548452928874,False
12.96,0.0003,0.00028,"[4.0, 8.0]",13.47383734586397,8.000000000000004,10.340228177297707,10.777231788588086,7.150819981539552,2.3177618446895516,0.0,0.0,0.0,"[(5.800000000000002, 8.000000000000004)]",2.400000000000002,True,6.23086746483386,13.47383734586397,False
12.98,0.0003,0.00028,"[4.0, 8.0]",21.007087423971523,8.000000000000004,18.230528799566414,18.74569047921741,6.959411404592773,2.2239537364338724,0.85,0.7,0.3,"[(5.600000000000001, 8.000000000000004)]",2.6000000000000023,True,14.005669542436879,21.007087423971523,False
13.0,0.0003,0.00028,"[4.0, 8.0]",24.202535194446643,8.000000000000004,20.76627016444853,20.365502801190985,3.7663282897764425,1.0159427022577363,1.0,1.0,0.9,"[(7.200000000000003, 8.000000000000004)]",1.0000000000000009,True,19.79269310980046,24.202535194446643,False
13.02,0.0003,0.00028,"[4.0, 8.0]",13.324167929000419,5.400000000000001,12.233371600239098,13.071510461970012,8.751253101647698,2.1575919520474796,0.0,0.0,0.0,"[(4.4, 8.000000000000004)]",3.8000000000000034,True,4.5729148273527205,13.324167929000419,False
13.04,0.0003,0.00028,"[4.0, 8.0]",7.683304752665351,6.600000000000002,5.243333301619807,6.187630431805276,7.669881492060715,2.467153763047727,0.0,0.0,0.0,"[(5.200000000000001, 7.800000000000003)]",2.8000000000000025,True,0.01342326060463616,7.683304752665351,False
13.059999999999999,0.0003,0.00028,"[4.0, 8.0]",8.356662359286881,4.0,4.6559985707612785,4.140622438775998,5.946241855801526,1.9585948384939953,0.0,0.0,0.0,"[(4.0, 5.000000000000001), (8.000000000000004, 8.000000000000004)]",1.4000000000000012,True,2.410420503485355,8.356662359286881,False
13.079999999999998,0.0003,0.00028,"[4.0, 8.0]",6.643715743696566,6.600000000000002,5.526370252156011,6.251716472033517,5.410385149839863,1.5452645142714752,0.0,0.0,0.0,"[(4.6000000000000005, 8.000000000000004)]",3.600000000000003,True,1.233330593856703,6.643715743696566,False
13.099999999999998,0.0003,0.00028,"[4.0, 8.0]",5.073570968744708,4.0,1.3665266611166809,0.604324415670203,5.0327997379227005,1.602969990158208,0.0,0.0,0.0,"[(4.0, 4.800000000000001)]",1.0000000000000009,True,0.040771230822007176,5.073570968744708,False
13.119999999999997,0.0003,0.00028,"[4.0, 8.0]",5.116445921462837,6.600000000000002,4.418506450641322,4.922822581463557,3.6108630375025426,1.0289790494398265,0.0,0.0,0.0,"[(4.2, 8.000000000000004)]",4.0000000000000036,True,1.5055828839602947,5.116445921462837,False
13.139999999999997,0.0003,0.00028,"[4.0, 8.0]",3.4969801248239185,4.0,0.7356453333496175,0.13022406676530307,3.4969800389088226,1.0910747323337238,0.0,0.0,0.0,"[(4.0, 5.200000000000001), (8.000000000000004, 8.000000000000004)]",1.6000000000000014,True,8.591509613950714e-08,3.4969801248239185,False
13.159999999999997,0.0003,0.00028,"[4.0, 8.0]",3.9007307467539802,7.800000000000003,3.6420678751955813,3.8037861212882214,1.6560187749851552,0.4281411509619637,0.0,0.0,0.0,"[(4.0, 8.000000000000004)]",4.200000000000004,True,2.244711971768825,3.9007307467539802,False
13.179999999999996,0.0003,0.00028,"[4.0, 8.0]",1.5022317509160175,4.0,0.5468503610734617,0.532311243118927,1.4984322161395935,0.37160680228852216,0.0,0.0,0.0,"[(4.0, 8.000000000000004)]",4.200000000000004,True,0.003799534776424013,1.5022317509160175,False
13.199999999999996,0.0003,0.00028,"[4.0, 8.0]",2.9709309407338846,4.6000000000000005,2.4528303389140955,2.4309764128166513,0.9544727897578418,0.32053171519657836,0.0,0.0,0.0,"[(4.0, 8.000000000000004)]",4.200000000000004,True,2.016458150976043,2.9709309407338846,False
13.219999999999995,0.0003,0.00028,"[4.0, 8.0]",2.3247669535766984,6.600000000000002,1.6307243897925285,1.9814120264601578,2.3246118406869107,0.7704851676000957,0.0,0.0,0.0,"[(4.0, 8.000000000000004)]",4.200000000000004,True,0.0001551128897875262,2.3247669535766984,False
13.239999999999995,0.0003,0.00028,"[4.0, 8.0]",1.4730939608240399,4.0,0.2894278264120114,0.15922985037166598,1.4721461739499464,0.3918923845370236,0.0,0.0,0.0,"[(4.0, 8.000000000000004)]",4.200000000000004,True,0.0009477868740933877,1.4730939608240399,False
13.259999999999994,0.0003,0.00028,"[4.0, 8.0]",1.9116893719632346,4.2,1.0398795202949798,0.8591489108958946,1.4018124755057118,0.49488425696565597,0.0,0.0,0.0,"[(4.0, 8.000000000000004)]",4.200000000000004,True,0.509876896457523,1.9116893719632346,False
13.279999999999994,0.0003,0.00028,"[4.0, 8.0]",1.6910609525886358,5.000000000000001,1.4495423738029722,1.4516541215443608,0.6446618705465277,0.1621025669037141,0.0,0.0,0.0,"[(4.0, 8.000000000000004)]",4.200000000000004,True,1.046399082042108,1.6910609525886358,False
13.299999999999994,0.0003,0.00028,"[4.0, 8.0]",1.4366044760281387,5.000000000000001,1.2162378179031745,1.223734480874474,0.615512990273879,0.14996546065594657,0.0,0.0,0.0,"[(4.0, 8.000000000000004)]",4.200000000000004,True,0.8210914857542597,1.4366044760281387,False
12.96,0.0003,0.0003,"[4.0, 8.0]",16.484197775074914,5.000000000000001,15.433249631593915,15.834457163641163,3.7009958291079457,1.0893038589798814,0.75,0.0,0.0,"[(4.0, 7.400000000000003)]",3.600000000000003,True,12.223852846606116,16.484197775074914,False
12.98,0.0003,0.0003,"[4.0, 8.0]",12.154975829667938,5.000000000000001,11.004339544786497,11.45506007161603,3.9384624775198684,1.1813242148240808,0.0,0.0,0.0,"[(4.0, 7.400000000000003)]",3.600000000000003,True,7.659702517713165,12.154975829667938,False
13.0,0.0003,0.0003,"[4.0, 8.0]",7.225843519224354,5.000000000000001,5.838326539647755,6.4162725629093575,4.518276386114474,1.4216034753501492,0.0,0.0,0.0,"[(4.0, 7.000000000000003)]",3.200000000000003,True,2.1941679317425096,7.225843519224354,False
13.02,0.0003,0.0003,"[4.0, 8.0]",2.4958258453460265,8.000000000000004,0.5743434001105271,0.5026238073615614,2.075083998842138,0.5371819959169108,0.0,0.0,0.0,"[(4.0, 8.000000000000004)]",4.200000000000004,True,0.0007513837738639282,2.4958258453460265,False
13.04,0.0003,0.0003,"[4.0, 8.0]",12.920229345278623,8.000000000000004,9.414977049478008,9.517406421888005,6.471160583479088,2.1007064468884233,0.0,0.0,0.0,"[(6.200000000000002, 8.000000000000004)]",2.0000000000000018,True,6.224390040619385,12.920229345278623,False
13.059999999999999,0.0003,0.0003,"[4.0, 8.0]",22.812222184915694,8.000000000000004,19.86243025496858,20.010022111958456,5.8123718050485245,1.8163003687725354,1.0,0.95,0.5,"[(5.800000000000002, 8.000000000000004)]",2.400000000000002,True,16.818404995947926,22.812222184915694,False
13.079999999999998,0.0003,0.0003,"[4.0, 8.0]",13.613107827392897,6.600000000000002,11.136360805872567,12.65493531367789,11.941808737863626,3.3799142858209454,0.0,0.0,0.0,"[(5.000000000000001, 7.800000000000003)]",3.0000000000000027,True,1.6712990895292705,13.613107827392897,False
13.099999999999998,0.0003,0.0003,"[4.0, 8.0]",9.522891349726962,6.600000000000002,8.275939041797788,9.014163341188034,5.693286220557921,1.6348332967242813,0.0,0.0,0.0,"[(4.6000000000000005, 8.000000000000004)]",3.600000000000003,True,3.8296051291690407,9.522891349726962,False
13.119999999999997,0.0003,0.0003,"[4.0, 8.0]",3.26689052843167,4.0,1.1515359430995153,1.172326954433149,3.2668877188986376,0.8225459627097006,0.0,0.0,0.0,"[(4.0, 4.6000000000000005), (5.400000000000001, 7.600000000000003)]",3.200000000000003,True,2.8095330326621345e-06,3.26689052843167,False
13.139999999999997,0.0003,0.0003,"[4.0, 8.0]",6.3568938037455265,4.0,4.276783439115462,3.9564975715931228,3.3202210050244543,1.0862750826919043,0.0,0.0,0.0,"[(4.0, 5.800000000000002), (7.200000000000003, 8.000000000000004)]",3.0000000000000027,True,3.036672798721072,6.3568938037455265,False
13.159999999999997,0.0003,0.0003,"[4.0, 8.0]",5.519375776956521,7.000000000000003,5.202186226293804,5.489507320086427,1.9581077445737964,0.5499329595794502,0.0,0.0,0.0,"[(4.0, 8.000000000000004)]",4.200000000000004,True,3.561268032382724,5.519375776956521,False
13.179999999999996,0.0003,0.0003,"[4.0, 8.0]",1.8732625853999463,6.600000000000002,1.0666791714372612,1.1721477668898617,1.8697149894161618,0.6290078812305434,0.0,0.0,0.0,"[(4.0, 8.000000000000004)]",4.200000000000004,True,0.00354759598378454,1.8732625853999463,False
13.199999999999996,0.0003,0.0003,"[4.0, 8.0]",3.8215477302282292,4.0,2.2391606921029013,1.952658681063614,2.4642900061532074,0.8182317026012209,0.0,0.0,0.0,"[(4.0, 8.000000000000004)]",4.200000000000004,True,1.3572577240750219,3.8215477302282292,False
13.219999999999995,0.0003,0.0003,"[4.0, 8.0]",3.4691307948737653,5.800000000000002,3.2325527978348028,3.4432811849776197,1.5438634258971533,0.4257904136010996,0.0,0.0,0.0,"[(4.0, 8.000000000000004)]",4.200000000000004,True,1.925267368976612,3.4691307948737653,False
13.239999999999995,0.0003,0.0003,"[4.0, 8.0]",2.406603111707758,6.600000000000002,1.6781776994825581,2.0260148059137215,2.3988395842995165,0.7873312921995054,0.0,0.0,0.0,"[(4.0, 8.000000000000004)]",4.200000000000004,True,0.00776352740824176,2.406603111707758,False
13.259999999999994,0.0003,0.0003,"[4.0, 8.0]",0.9100083473541315,4.0,0.38300005035898615,0.3874918040142514,0.9014108468043038,0.23883091020757455,0.0,0.0,0.0,"[(4.0, 8.000000000000004)]",4.200000000000004,True,0.008597500549827655,0.9100083473541315,False
13.279999999999994,0.0003,0.0003,"[4.0, 8.0]",1.5639867016129092,4.0,0.29345408049948074,0.02120167370074329,1.5637020049882144,0.4737281582095692,0.0,0.0,0.0,"[(4.0, 8.000000000000004)]",4.200000000000004,True,0.0002846966246946718,1.5639867016129092,False
13.299999999999994,0.0003,0.0003,"[4.0, 8.0]",1.1659842035852976,4.0,0.215339750377815,0.092769222866802,1.1652618639642476,0.3196532699657006,0.0,0.0,0.0,"[(4.0, 8.000000000000004)]",4.200000000000004,True,0.0007223396210500379,1.1659842035852976,False
12.96,0.0003,0.00031999999999999997,"[4.0, 8.0]",35.91140786862979,5.800000000000002,34.972475708827055,35.25327071204234,2.849301537244152,0.8863753513305376,1.0,1.0,1.0,"[(4.0, 7.800000000000003)]",4.0000000000000036,True,32.37513967288984,35.91140786862979,True
12.98,0.0003,0.00031999999999999997,"[4.0, 8.0]",33.03438748149631,5.600000000000001,31.991874609848754,32.292573855514405,3.2671585555737224,0.9706160994729547,1.0,1.0,1.0,"[(4.0, 7.600000000000003)]",3.8000000000000034,True,29.066888609643073,33.03438748149631,False
13.0,0.0003,0.00031999999999999997,"[4.0, 8.0]",29.659565500855173,5.600000000000001,28.574316238687935,28.863430408404778,3.4614523205106735,1.0031507908671768,1.0,1.0,1.0,"[(4.0, 7.600000000000003)]",3.8000000000000034,True,25.499768130442778,29.659565500855173,False
13.02,0.0003,0.00031999999999999997,"[4.0, 8.0]",25.402543878806426,5.600000000000001,24.320109660806832,24.628098351713653,3.5340295001864774,1.0095230884813402,1.0,1.0,1.0,"[(4.0, 7.600000000000003)]",3.8000000000000034,True,21.20895642684754,25.402543878806426,False
13.04,0.0003,0.00031999999999999997,"[4.0, 8.0]",20.4012496992707,5.600000000000001,19.347347096586404,19.661744881469367,3.5526102089427987,1.0107729566933188,1.0,0.95,0.4,"[(4.0, 7.600000000000003)]",3.8000000000000034,True,16.229539840335466,20.4012496992707,False
13.059999999999999,0.0003,0.00031999999999999997,"[4.0, 8.0]",14.42861019265834,5.200000000000001,13.371812653969451,13.720140594546738,3.704083229753392,1.0625237023955765,0.0,0.0,0.0,"[(4.0, 7.400000000000003)]",3.600000000000003,True,10.126511072560579,14.42861019265834,False
13.079999999999998,0.0003,0.00031999999999999997,"[4.0, 8.0]",6.911347548696528,5.200000000000001,5.562949480251444,6.1394551205979075,4.677624102808509,1.3922114456976087,0.0,0.0,0.0,"[(4.0, 7.200000000000003)]",3.400000000000003,True,1.6679826513579463,6.911347548696528,False
13.099999999999998,0.0003,0.00031999999999999997,"[4.0, 8.0]",10.302646695771767,8.000000000000004,6.154436104027721,5.689847456884948,5.927137247558079,1.8976597998620492,0.0,0.0,0.0,"[(6.8000000000000025, 8.000000000000004)]",1.4000000000000012,True,3.98039347786419,10.302646695771767,False
13.119999999999997,0.0003,0.00031999999999999997,"[4.0, 8.0]",22.6922639755568,8.000000000000004,19.590913011783513,19.451854487787912,4.936021317137456,1.5602262967227767,1.0,1.0,0.4,"[(6.200000000000002, 8.000000000000004)]",2.0000000000000018,True,17.459177459327734,22.6922639755568,False
13.139999999999997,0.0003,0.00031999999999999997,"[4.0, 8.0]",9.790121255320635,4.2,7.055693240307269,6.748987418745012,4.5414130825248495,1.4059467509256738,0.0,0.0,0.0,"[(4.0, 5.200000000000001), (7.600000000000003, 8.000000000000004)]",2.0000000000000018,True,5.248708172795785,9.790121255320635,False
13.159999999999997,0.0003,0.00031999999999999997,"[4.0, 8.0]",3.0574464878257697,4.0,0.6277959518514006,0.07260956947690164,3.054034769210648,0.9785839440494656,0.0,0.0,0.0,"[(4.0, 5.400000000000001), (6.600000000000002, 6.600000000000002), (7.800000000000003, 8.000000000000004)]",2.200000000000002,True,0.0034117186151214262,3.0574464878257697,False
13.179999999999996,0.0003,0.00031999999999999997,"[4.0, 8.0]",4.870962356417175,4.0,2.4609484375647,2.032663709378952,3.592196222089555,1.1421550032739365,0.0,0.0,0.0,"[(4.0, 5.600000000000001), (7.600000000000003, 8.000000000000004)]",2.400000000000002,True,1.2787661343276202,4.870962356417175,False
13.199999999999996,0.0003,0.00031999999999999997,"[4.0, 8.0]",5.430903532255797,4.2,4.643940741399696,4.52172434489092,1.333127485340265,0.44674720062294637,0.0,0.0,0.0,"[(4.0, 8.000000000000004)]",4.200000000000004,True,4.0977760469155315,5.430903532255797,False
13.219999999999995,0.0003,0.00031999999999999997,"[4.0, 8.0]",4.658221380349265,7.600000000000003,4.507967096607211,4.630265581130548,0.9816067073229604,0.26674316273559606,0.0,0.0,0.0,"[(4.0, 8.000000000000004)]",4.200000000000004,True,3.6766146730263047,4.658221380349265,False
13.239999999999995,0.0003,0.00031999999999999997,"[4.0, 8.0]",3.8048681821207504,6.600000000000002,3.2980956357213267,3.617815951535354,2.2764174353625317,0.6659277448544524,0.0,0.0,0.0,"[(4.0, 8.000000000000004)]",4.200000000000004,True,1.5284507467582187,3.8048681821207504,False
13.259999999999994,0.0003,0.00031999999999999997,"[4.0, 8.0]",2.6190035237102514,6.600000000000002,1.9121507790928558,2.2601322688934804,2.4795505964526865,0.7821066307016303,0.0,0.0,0.0,"[(4.0, 8.000000000000004)]",4.200000000000004,True,0.13945292725756492,2.6190035237102514,False
13.279999999999994,0.0003,0.00031999999999999997,"[4.0, 8.0]",1.8037946572621635,6.600000000000002,1.1735744235915226,1.4258559643468605,1.79336451264126,0.6233231963883019,0.0,0.0,0.0,"[(4.0, 8.000000000000004)]",4.200000000000004,True,0.010430144620903348,1.8037946572621635,False
13.299999999999994,0.0003,0.00031999999999999997,"[4.0, 8.0]",2.049803259773894,6.600000000000002,1.5297367630175134,1.8163225219877757,1.936976936442857,0.6083113043564697,0.0,0.0,0.0,"[(4.0, 8.000000000000004)]",4.200000000000004,True,0.11282632333103709,2.049803259773894,False
12.96,0.0003,0.00033999999999999997,"[4.0, 8.0]",40.567906542777195,8.000000000000004,35.72766388188876,35.069363673847675,5.793493730478303,1.741675313682951,1.0,1.0,1.0,"[(7.200000000000003, 8.000000000000004)]",1.0000000000000009,True,34.07070451377754,40.567906542777195,False
12.98,0.0003,0.00033999999999999997,"[4.0, 8.0]",41.188654184796015,8.000000000000004,37.409891689235984,36.78450751205872,4.789829422255671,1.4999231449791288,1.0,1.0,1.0,"[(7.000000000000003, 8.000000000000004)]",1.200000000000001,True,35.98687754092402,41.188654184796015,False
13.0,0.0003,0.00033999999999999997,"[4.0, 8.0]",41.01156938585198,8.000000000000004,38.62680543708043,38.064478081356924,3.4324522122518246,1.175309440255315,1.0,1.0,1.0,"[(6.000000000000002, 8.000000000000004)]",2.200000000000002,True,37.50460466275825,41.01156938585198,False
13.02,0.0003,0.00033999999999999997,"[4.0, 8.0]",40.195708276346416,7.400000000000003,39.095154315208895,39.06856924944462,2.4817438415800055,0.8092565242273083,1.0,1.0,1.0,"[(4.0, 8.000000000000004)]",4.200000000000004,True,37.71396443476641,40.195708276346416,True
13.04,0.0003,0.00033999999999999997,"[4.0, 8.0]",38.877689693991236,6.600000000000002,38.13010609923411,38.36040022486945,2.591356824268189,0.7277102170222407,1.0,1.0,1.0,"[(4.0, 8.000000000000004)]",4.200000000000004,True,36.28633286972305,38.877689693991236,True
13.059999999999999,0.0003,0.00033999999999999997,"[4.0, 8.0]",36.241066661830466,6.200000000000002,35.267557763267654,35.56034435758506,3.055763751449682,0.9239605490951955,1.0,1.0,1.0,"[(4.2, 7.800000000000003)]",3.8000000000000034,True,33.00642818294786,36.241066661830466,False
13.079999999999998,0.0003,0.00033999999999999997,"[4.0, 8.0]",31.84266941906737,5.800000000000002,30.702278063250116,31.02067231893451,3.24420437447705,1.0457080375792747,1.0,1.0,1.0,"[(4.2, 7.600000000000003)]",3.600000000000003,True,27.903232052004512,31.84266941906737,False
13.099999999999998,0.0003,0.00033999999999999997,"[4.0, 8.0]",25.192843137806253,5.600000000000001,24.008208680510887,24.331349944885496,3.501237725024456,1.0577609258657685,1.0,1.0,1.0,"[(4.0, 7.600000000000003)]",3.8000000000000034,True,21.02138578572812,25.192843137806253,False
13.119999999999997,0.0003,0.00033999999999999997,"[4.0, 8.0]",17.89189473206585,5.600000000000001,16.73501477228726,17.04192503394289,3.6013006708369613,1.0446661596393223,0.9,0.5,0.0,"[(4.0, 7.600000000000003)]",3.8000000000000034,True,13.645799639376584,17.89189473206585,False
13.139999999999997,0.0003,0.00033999999999999997,"[4.0, 8.0]",6.615339312857362,5.600000000000001,5.156455751870863,5.578669852954993,4.966508027657187,1.422456830717955,0.0,0.0,0.0,"[(4.0, 7.200000000000003)]",3.400000000000003,True,1.0117937186352528,6.615339312857362,False
13.159999999999997,0.0003,0.00033999999999999997,"[4.0, 8.0]",18.33522756323768,8.000000000000004,14.876650839134362,14.367628760918045,4.415998499331115,1.3641874521356037,0.35,0.1,0.0,"[(6.600000000000002, 8.000000000000004)]",1.6000000000000014,True,13.521777888518278,18.33522756323768,False
13.179999999999996,0.0003,0.00033999999999999997,"[4.0, 8.0]",10.509157265185872,8.000000000000004,9.675106081842824,9.921325423713231,2.9953959731688835,0.6838899594733305,0.0,0.0,0.0,"[(4.2, 8.000000000000004)]",4.0000000000000036,True,7.336538100202078,10.509157265185872,False
13.199999999999996,0.0003,0.00033999999999999997,"[4.0, 8.0]",3.8144429822375474,6.600000000000002,3.0588193565588497,3.2851054682327963,2.2836160288949383,0.6542386137236276,0.0,0.0,0.0,"[(4.0, 8.000000000000004)]",4.200000000000004,True,1.5308269533426089,3.8144429822375474,False
13.219999999999995,0.0003,0.00033999999999999997,"[4.0, 8.0]",4.8378868883488595,6.600000000000002,4.12535622289186,4.433867043157102,2.375929836698145,0.7420234236763236,0.0,0.0,0.0,"[(4.0, 8.000000000000004)]",4.200000000000004,True,2.4619570516507143,4.8378868883488595,False
13.239999999999995,0.0003,0.00033999999999999997,"[4.0, 8.0]",4.4805988642770584,6.600000000000002,3.8571192611979868,4.165493517746253,2.3198042807292487,0.7019955216315807,0.0,0.0,0.0,"[(4.0, 8.000000000000004)]",4.200000000000004,True,2.1607945835478097,4.4805988642770584,False
13.259999999999994,0.0003,0.00033999999999999997,"[4.0, 8.0]",3.7234172250177626,6.600000000000002,3.120170888833698,3.434502920071531,2.325595851144056,0.6989902068541619,0.0,0.0,0.0,"[(4.0, 8.000000000000004)]",4.200000000000004,True,1.3978213738737066,3.7234172250177626,False
13.279999999999994,0.0003,0.00033999999999999997,"[4.0, 8.0]",3.291121620866889,6.600000000000002,2.790943378190033,3.077658260479643,2.0648308512438156,0.613058533604884,0.0,0.0,0.0,"[(4.0, 8.000000000000004)]",4.200000000000004,True,1.2262907696230736,3.291121620866889,False
13.299999999999994,0.0003,0.00033999999999999997,"[4.0, 8.0]",2.7907320066186236,8.000000000000004,2.6688713432367366,2.7075711776579054,0.6325100407761113,0.15277877522727495,0.0,0.0,0.0,"[(4.0, 8.000000000000004)]",4.200000000000004,True,2.154070548025385,2.7907320066186236,False
12.96,0.0003,0.00035999999999999997,"[4.0, 8.0]",27.14002249378329,8.000000000000004,20.500919023799007,19.838292844538017,7.399197569140888,2.098521018665053,1.0,1.0,0.5,"[(7.600000000000003, 8.000000000000004)]",0.6000000000000005,True,18.368721022969748,27.14002249378329,False
12.98,0.0003,0.00035999999999999997,"[4.0, 8.0]",29.113148615825143,8.000000000000004,22.58945280260423,21.93716779249865,7.264304700707125,2.0626413725850186,1.0,1.0,1.0,"[(7.600000000000003, 8.000000000000004)]",0.6000000000000005,True,20.506463071031874,29.113148615825143,False
13.0,0.0003,0.00035999999999999997,"[4.0, 8.0]",31.146833095801647,8.000000000000004,24.749230694509016,24.10545757333829,7.128214904253209,2.026629187880463,1.0,1.0,1.0,"[(7.600000000000003, 8.000000000000004)]",0.6000000000000005,True,22.71571569500241,31.146833095801647,False
13.02,0.0003,0.00035999999999999997,"[4.0, 8.0]",33.50163106932758,8.000000000000004,27.291265849432754,26.66634534658347,6.950038720689598,1.981626062253548,1.0,1.0,1.0,"[(7.600000000000003, 8.000000000000004)]",0.6000000000000005,True,25.320592983293196,33.50163106932758,False
13.04,0.0003,0.00035999999999999997,"[4.0, 8.0]",36.02633487036161,8.000000000000004,30.112355664424683,29.495902670644668,6.672102758023517,1.9129005168372573,1.0,1.0,1.0,"[(7.600000000000003, 8.000000000000004)]",0.6000000000000005,True,28.229719328452614,36.02633487036161,False
13.059999999999999,0.0003,0.00035999999999999997,"[4.0, 8.0]",38.55765811673829,8.000000000000004,33.211303475028444,32.610278262408215,6.152221446012849,1.7875450644394768,1.0,1.0,1.0,"[(7.400000000000003, 8.000000000000004)]",0.8000000000000007,True,31.47472868134415,38.55765811673829,False
13.079999999999998,0.0003,0.00035999999999999997,"[4.0, 8.0]",40.40152178467629,8.000000000000004,36.209758629680465,35.64334124916092,5.100144465100925,1.5293711856290855,1.0,1.0,1.0,"[(7.200000000000003, 8.000000000000004)]",1.0000000000000009,True,34.73189553209184,40.40152178467629,False
13.099999999999998,0.0003,0.00035999999999999997,"[4.0, 8.0]",40.30540466834111,7.800000000000003,38.498565235376866,38.10299020846058,2.8828206931520484,1.0031622187822604,1.0,1.0,1.0,"[(4.0, 8.000000000000004)]",4.200000000000004,True,37.42258397518906,40.30540466834111,True
13.119999999999997,0.0003,0.00035999999999999997,"[4.0, 8.0]",38.72240065974304,6.8000000000000025,37.87728128576005,38.114194906751095,3.0364926690109684,0.8403853853642689,1.0,1.0,1.0,"[(4.2, 8.000000000000004)]",4.0000000000000036,True,35.68590799073207,38.72240065974304,False
13.139999999999997,0.0003,0.00035999999999999997,"[4.0, 8.0]",33.89586150377284,6.200000000000002,32.66002833873327,33.0151733397865,4.03010240894595,1.1692879037196557,1.0,1.0,1.0,"[(4.4, 7.800000000000003)]",3.600000000000003,True,29.865759094826892,33.89586150377284,False
13.159999999999997,0.0003,0.00035999999999999997,"[4.0, 8.0]",24.625917659168508,5.800000000000002,23.28276618058187,23.623820817503073,3.977679746305867,1.2152846622595115,1.0,1.0,1.0,"[(4.2, 7.600000000000003)]",3.600000000000003,True,20.379837530162042,24.625917659168508,False
13.179999999999996,0.0003,0.00035999999999999997,"[4.0, 8.0]",12.405525826073532,5.800000000000002,10.95003131326141,11.374657698889848,4.24117405913689,1.3176510201222607,0.0,0.0,0.0,"[(4.2, 7.400000000000003)]",3.400000000000003,True,7.323249434402966,12.405525826073532,False
13.199999999999996,0.0003,0.00035999999999999997,"[4.0, 8.0]",17.067260481654397,8.000000000000004,13.25048093291366,12.93209902660688,4.654204571233292,1.3083596730097435,0.1,0.0,0.0,"[(4.0, 4.0), (7.200000000000003, 8.000000000000004)]",1.200000000000001,True,11.826839148891503,17.067260481654397,False
13.219999999999995,0.0003,0.00035999999999999997,"[4.0, 8.0]",10.391950746826504,4.0,9.199967979100924,9.01555305083592,1.8099379728391884,0.5472794039970853,0.0,0.0,0.0,"[(4.0, 8.000000000000004)]",4.200000000000004,True,8.582012773987316,10.391950746826504,False
13.239999999999995,0.0003,0.00035999999999999997,"[4.0, 8.0]",3.3263099104084226,8.000000000000004,3.0677096454631885,3.10569399372344,0.7691447200603707,0.1710553936718998,0.0,0.0,0.0,"[(4.0, 8.000000000000004)]",4.200000000000004,True,2.4580994345611034,3.3263099104084226,False
13.259999999999994,0.0003,0.00035999999999999997,"[4.0, 8.0]",1.749118376809432,6.600000000000002,1.3038474752064366,1.457334892447144,1.2800554018474484,0.4078012995541032,0.0,0.0,0.0,"[(4.0, 8.000000000000004)]",4.200000000000004,True,0.46906297496198374,1.749118376809432,False
13.279999999999994,0.0003,0.00035999999999999997,"[4.0, 8.0]",4.033076755693087,6.600000000000002,3.5970586735458268,3.814274207109881,1.6215593721934738,0.49054018210845696,0.0,0.0,0.0,"[(4.0, 8.000000000000004)]",4.200000000000004,True,2.4115173834996133,4.033076755693087,False
13.299999999999994,0.0003,0.00035999999999999997,"[4.0, 8.0]",3.358156232104511,4.2,3.075442530478644,3.028530669829955,0.4995589416206694,0.17495883404314078,0.0,0.0,0.0,"[(4.0, 8.000000000000004)]",4.200000000000004,True,2.8585972904838415,3.358156232104511,False
12.96,0.0003,0.00037999999999999997,"[4.0, 8.0]",11.640732582240005,8.000000000000004,5.21556571142034,4.59353855460472,6.9913855368182745,2.006584998152888,0.0,0.0,0.0,"[(7.600000000000003, 8.000000000000004)]",0.6000000000000005,True,3.1367887539211523,11.640732582240005,False
12.98,0.0003,0.00037999999999999997,"[4.0, 8.0]",13.305689183037877,8.000000000000004,6.806581432381027,6.188780800032873,7.165000442702329,2.05813794891945,0.0,0.0,0.0,"[(7.600000000000003, 8.000000000000004)]",0.6000000000000005,True,4.63953857102922,13.305689183037877,False
13.0,0.0003,0.00037999999999999997,"[4.0, 8.0]",15.055167651946768,8.000000000000004,8.542274940623797,7.928122278361169,7.232383895258024,2.0769172831494487,0.0,0.0,0.0,"[(7.600000000000003, 8.000000000000004)]",0.6000000000000005,True,6.337267041756495,15.055167651946768,False
13.02,0.0003,0.00037999999999999997,"[4.0, 8.0]",17.16473001516095,8.000000000000004,10.689157679513192,10.077071177055778,7.233504822524521,2.0765482509588233,0.05,0.0,0.0,"[(7.600000000000003, 8.000000000000004)]",0.6000000000000005,True,8.479120001967635,17.16473001516095,False
13.04,0.0003,0.00037999999999999997,"[4.0, 8.0]",19.594835756000506,8.000000000000004,13.179347338088169,12.570373883559204,7.1830423072666285,2.0585576833920225,0.2,0.05,0.0,"[(7.600000000000003, 8.000000000000004)]",0.6000000000000005,True,10.98409379361927,19.594835756000506,False
13.059999999999999,0.0003,0.00037999999999999997,"[4.0, 8.0]",22.422721507586076,8.000000000000004,16.10128188310822,15.491805134482153,7.114272544319547,2.030534024346773,0.6,0.3,0.05,"[(7.600000000000003, 8.000000000000004)]",0.6000000000000005,True,13.93592770118147,22.422721507586076,False
13.079999999999998,0.0003,0.00037999999999999997,"[4.0, 8.0]",25.60089946560739,8.000000000000004,19.379689518335194,18.77157474439104,7.007190077102489,1.9956881307295964,1.0,1.0,0.35,"[(7.600000000000003, 8.000000000000004)]",0.6000000000000005,True,17.25954112376766,25.60089946560739,False
13.099999999999998,0.0003,0.00037999999999999997,"[4.0, 8.0]",29.630731273881427,8.000000000000004,23.55145786091427,22.94756898020561,6.859621601598079,1.9475818255828434,1.0,1.0,1.0,"[(7.600000000000003, 8.000000000000004)]",0.6000000000000005,True,21.492791332127126,29.630731273881427,False
13.119999999999997,0.0003,0.00037999999999999997,"[4.0, 8.0]",33.57152224102694,8.000000000000004,27.724399611588147,27.140604657650062,6.62928528424634,1.8807044249827036,1.0,1.0,1.0,"[(7.600000000000003, 8.000000000000004)]",0.6000000000000005,True,25.760822666091766,33.57152224102694,False
13.139999999999997,0.0003,0.00037999999999999997,"[4.0, 8.0]",38.1028973842514,8.000000000000004,32.958406960054035,32.436855390981194,5.959951952090833,1.7052339999239492,1.0,1.0,1.0,"[(7.400000000000003, 8.000000000000004)]",0.8000000000000007,True,31.22073879778923,38.1028973842514,False
13.159999999999997,0.0003,0.00037999999999999997,"[4.0, 8.0]",40.27481022621817,8.000000000000004,37.62246826987401,37.0018473499114,3.5362897526155237,1.1386467323861522,1.0,1.0,1.0,"[(6.400000000000002, 8.000000000000004)]",1.8000000000000016,True,36.563186821833106,40.27481022621817,False
13.179999999999996,0.0003,0.00037999999999999997,"[4.0, 8.0]",37.76206144910517,6.400000000000002,36.702397035814116,37.095261364478965,4.093270461109441,1.120587892075069,1.0,1.0,1.0,"[(4.4, 8.000000000000004)]",3.8000000000000034,True,33.66879098799573,37.76206144910517,False
13.199999999999996,0.0003,0.00037999999999999997,"[4.0, 8.0]",28.745954264930766,6.200000000000002,27.148223145560156,27.586342520976885,5.347812484907308,1.5051016532605246,1.0,1.0,1.0,"[(4.6000000000000005, 7.600000000000003)]",3.200000000000003,True,23.398141780023458,28.745954264930766,False
13.219999999999995,0.0003,0.00037999999999999997,"[4.0, 8.0]",12.42805078193405,5.800000000000002,10.553193337945704,11.099186529275404,6.294858314901812,1.7797088632286837,0.0,0.0,0.0,"[(4.6000000000000005, 7.400000000000003)]",3.0000000000000027,True,6.133192467032239,12.42805078193405,False
13.239999999999995,0.0003,0.00037999999999999997,"[4.0, 8.0]",15.760334531533777,4.4,8.553453548191305,8.176354555781915,15.004845901267194,5.384487111305902,0.2,0.0,0.0,"[(4.0, 5.200000000000001)]",1.4000000000000012,True,0.7554886302665837,15.760334531533777,False
13.259999999999994,0.0003,0.00037999999999999997,"[4.0, 8.0]",8.987646817942199,6.600000000000002,8.80555179245197,8.938734995588884,1.0597773966068242,0.2743910228948315,0.0,0.0,0.0,"[(4.0, 8.000000000000004)]",4.200000000000004,True,7.927869421335375,8.987646817942199,False
13.279999999999994,0.0003,0.00037999999999999997,"[4.0, 8.0]",0.3637416025081097,4.0,0.1688164236058653,0.1534178048758657,0.2486168239561497,0.05521866682273961,0.0,0.0,0.0,"[(4.0, 8.000000000000004)]",4.200000000000004,True,0.1110904720348262,0.3637416025081097,False
13.299999999999994,0.0003,0.00037999999999999997,"[4.0, 8.0]",4.535050324689765,5.800000000000002,4.48281635657554,4.5098173066185705,0.2469077071184218,0.06391812437052917,0.0,0.0,0.0,"[(4.0, 8.000000000000004)]",4.200000000000004,True,4.288142617571343,4.535050324689765,False
12.96,0.000325,0.00028,"[4.0, 8.0]",13.22728577605157,5.000000000000001,12.097057323185968,12.5485066713787,3.9069350512720824,1.1666614801383897,0.0,0.0,0.0,"[(4.0, 7.400000000000003)]",3.600000000000003,True,8.763827062817871,13.22728577605157,False
12.98,0.000325,0.00028,"[4.0, 8.0]",8.269834403679761,5.000000000000001,6.916765993065866,7.523241458398692,4.506901246467905,1.3992136438623486,0.0,0.0,0.0,"[(4.0, 7.200000000000003)]",3.400000000000003,True,3.2103163944746242,8.269834403679761,False
13.0,0.000325,0.00028,"[4.0, 8.0]",2.1723286963798065,4.4,1.0553379040645325,0.9379652856284846,2.16437093837389,0.8225886845842137,0.0,0.0,0.0,"[(4.0, 8.000000000000004)]",4.200000000000004,True,0.007957758005916369,2.1723286963798065,False
13.02,0.000325,0.00028,"[4.0, 8.0]",10.61972607362043,8.000000000000004,6.720843916462013,6.7067018244076415,6.71280191629725,2.197404981230908,0.0,0.0,0.0,"[(6.400000000000002, 8.000000000000004)]",1.8000000000000016,True,3.607051920439428,10.61972607362043,False
13.04,0.000325,0.00028,"[4.0, 8.0]",20.44070807171343,8.000000000000004,17.36006995088956,17.523906355447927,6.069289252838338,1.9265209919679198,0.85,0.55,0.1,"[(6.000000000000002, 8.000000000000004)]",2.200000000000002,True,14.192197443949148,20.44070807171343,False
13.059999999999999,0.000325,0.00028,"[4.0, 8.0]",10.256684727643929,4.0,4.41223194211679,4.962934085649054,10.107571396583547,2.9165769784313977,0.0,0.0,0.0,"[(4.0, 4.2)]",0.40000000000000036,True,0.14911333106038185,10.256684727643929,False
13.079999999999998,0.000325,0.00028,"[4.0, 8.0]",5.702361104315891,4.0,2.155486883205138,2.2197445369732574,5.696917794260271,1.4818290813504238,0.0,0.0,0.0,"[(4.0, 4.4), (6.000000000000002, 6.8000000000000025)]",1.6000000000000014,True,0.005443310055619552,5.702361104315891,False
13.099999999999998,0.000325,0.00028,"[4.0, 8.0]",7.359089139712013,4.0,3.456632939108536,2.8483627508064893,5.9255132478727415,1.8923759965861644,0.0,0.0,0.0,"[(4.0, 5.000000000000001), (8.000000000000004, 8.000000000000004)]",1.4000000000000012,True,1.4335758918392716,7.359089139712013,False
13.119999999999997,0.000325,0.00028,"[4.0, 8.0]",7.165727948917838,5.600000000000001,6.9456532773884465,7.11040595704692,1.4201356452545184,0.3788252337975909,0.0,0.0,0.0,"[(4.0, 8.000000000000004)]",4.200000000000004,True,5.74559230366332,7.165727948917838,False
13.139999999999997,0.000325,0.00028,"[4.0, 8.0]",3.305110470181096,6.600000000000002,2.0562985150092894,2.455102574301002,3.285668381934847,1.1488616439680006,0.0,0.0,0.0,"[(4.6000000000000005, 8.000000000000004)]",3.600000000000003,True,0.019442088246248598,3.305110470181096,False
13.159999999999997,0.000325,0.00028,"[4.0, 8.0]",4.5830937478332014,4.0,2.3861535262629947,2.004317710502119,3.3107812158742753,1.0648634651482252,0.0,0.0,0.0,"[(4.0, 5.800000000000002), (7.400000000000003, 8.000000000000004)]",2.8000000000000025,True,1.272312531958926,4.5830937478332014,False
13.179999999999996,0.000325,0.00028,"[4.0, 8.0]",4.411717174541676,6.8000000000000025,4.038985603791362,4.341517487462174,2.088626189456001,0.5943720964881531,0.0,0.0,0.0,"[(4.0, 8.000000000000004)]",4.200000000000004,True,2.3230909850856745,4.411717174541676,False
13.199999999999996,0.000325,0.00028,"[4.0, 8.0]",1.056007518318118,6.600000000000002,0.601085058803309,0.6662225894725101,1.0560010634197095,0.3493327975371847,0.0,0.0,0.0,"[(4.0, 8.000000000000004)]",4.200000000000004,True,6.454898408427808e-06,1.056007518318118,False
13.219999999999995,0.000325,0.00028,"[4.0, 8.0]",3.1033075134500603,4.0,1.7527408738058425,1.498053097401677,2.0934364480055843,0.7007951222087198,0.0,0.0,0.0,"[(4.0, 8.000000000000004)]",4.200000000000004,True,1.009871065444476,3.1033075134500603,False
13.239999999999995,0.000325,0.00028,"[4.0, 8.0]",2.804842566990608,8.000000000000004,2.615539269137588,2.6559846025380454,0.9271314041790808,0.2200516885425987,0.0,0.0,0.0,"[(4.0, 8.000000000000004)]",4.200000000000004,True,1.8764666252377868,2.804842566990608,False
13.259999999999994,0.000325,0.00028,"[4.0, 8.0]",2.3246629828969443,6.600000000000002,1.786685746714572,2.1059862984048885,2.1475710914057347,0.6622120487221412,0.0,0.0,0.0,"[(4.0, 8.000000000000004)]",4.200000000000004,True,0.17709189149120963,2.3246629828969443,False
13.279999999999994,0.000325,0.00028,"[4.0, 8.0]",1.4256610809407837,6.600000000000002,0.8922920049715855,1.0854966683140126,1.4172412463446713,0.5053621391478333,0.0,0.0,0.0,"[(4.0, 8.000000000000004)]",4.200000000000004,True,0.008419834596112485,1.4256610809407837,False
13.299999999999994,0.000325,0.00028,"[4.0, 8.0]",1.38133149616871,6.600000000000002,0.9006160343759275,1.105823644975871,1.3805105438457734,0.4855189626022054,0.0,0.0,0.0,"[(4.0, 8.000000000000004)]",4.200000000000004,True,0.0008209523229365579,1.38133149616871,False
12.96,0.000325,0.0003,"[4.0, 8.0]",34.498015537997915,5.800000000000002,33.52786047918321,33.81562798253652,2.985872890588201,0.9121858764052895,1.0,1.0,1.0,"[(4.0, 7.800000000000003)]",4.0000000000000036,True,30.82022433225676,34.498015537997915,True
12.98,0.000325,0.0003,"[4.0, 8.0]",31.294402144317402,5.600000000000001,30.231618552356235,30.537446305743334,3.3574162215303858,0.9865979591957129,1.0,1.0,1.0,"[(4.0, 7.600000000000003)]",3.8000000000000034,True,27.237211406983125,31.294402144317402,False
13.0,0.000325,0.0003,"[4.0, 8.0]",27.598957363585065,5.600000000000001,26.50586552620473,26.80141768061135,3.5154403000875405,1.0119353906283766,1.0,1.0,1.0,"[(4.0, 7.600000000000003)]",3.8000000000000034,True,23.393265746808495,27.598957363585065,False
13.02,0.000325,0.0003,"[4.0, 8.0]",22.99225428092759,5.600000000000001,21.91099457533756,22.225576110426708,3.565612702257443,1.015475816060885,1.0,1.0,0.95,"[(4.0, 7.600000000000003)]",3.8000000000000034,True,18.772142438442426,22.99225428092759,False
13.04,0.000325,0.0003,"[4.0, 8.0]",17.597119878200886,5.600000000000001,16.539855964348714,16.848691747734854,3.6201867382690622,1.0314933322728834,0.9,0.45,0.0,"[(4.0, 7.400000000000003)]",3.600000000000003,True,13.35263497114408,17.597119878200886,False
13.059999999999999,0.000325,0.0003,"[4.0, 8.0]",11.004478478480948,5.200000000000001,9.836280985269775,10.251075326611605,4.140812631797984,1.1908037890503207,0.0,0.0,0.0,"[(4.0, 7.400000000000003)]",3.600000000000003,True,6.20750696579908,11.004478478480948,False
13.079999999999998,0.000325,0.0003,"[4.0, 8.0]",1.8766758958851852,8.000000000000004,0.7528143224304822,0.8415566285088258,1.3179447167124188,0.47368590608151206,0.0,0.0,0.0,"[(4.0, 8.000000000000004)]",4.200000000000004,True,0.010467499841761334,1.8766758958851852,False
13.099999999999998,0.000325,0.0003,"[4.0, 8.0]",17.88854515041011,8.000000000000004,14.465541791873253,14.213302798415874,5.142482718663468,1.656539610333661,0.4,0.1,0.0,"[(6.400000000000002, 8.000000000000004)]",1.8000000000000016,True,12.442857275062183,17.88854515041011,False
13.119999999999997,0.000325,0.0003,"[4.0, 8.0]",11.102303741819142,6.000000000000002,9.613851425162087,9.902264425338096,3.6134655398741504,1.0798618407058505,0.0,0.0,0.0,"[(4.0, 4.0), (4.4, 7.600000000000003)]",3.600000000000003,True,5.987647237299294,11.102303741819142,False
13.139999999999997,0.000325,0.0003,"[4.0, 8.0]",10.369124173800582,6.8000000000000025,10.14631881442877,10.287812443653234,0.97942349110658,0.2964444169248804,0.0,0.0,0.0,"[(4.0, 8.000000000000004)]",4.200000000000004,True,9.389700682694002,10.369124173800582,False
13.159999999999997,0.000325,0.0003,"[4.0, 8.0]",7.790740000304815,6.600000000000002,7.4285619768955184,7.64115937710484,1.5489921425593636,0.4612891790142769,0.0,0.0,0.0,"[(4.0, 8.000000000000004)]",4.200000000000004,True,6.241747857745452,7.790740000304815,False
13.179999999999996,0.000325,0.0003,"[4.0, 8.0]",4.661866845210516,6.600000000000002,3.6672042497982744,4.120421738483301,3.5130120245949037,1.0777264028412212,0.0,0.0,0.0,"[(4.4, 8.000000000000004)]",3.8000000000000034,True,1.148854820615612,4.661866845210516,False
13.199999999999996,0.000325,0.0003,"[4.0, 8.0]",1.5024633300433141,4.0,0.3050810164445851,0.19025797198968225,1.4975406451022413,0.4029309637802707,0.0,0.0,0.0,"[(4.0, 8.000000000000004)]",4.200000000000004,True,0.0049226849410728135,1.5024633300433141,False
13.219999999999995,0.000325,0.0003,"[4.0, 8.0]",3.6923263478582817,4.0,2.039646932045918,1.7388107677603184,2.4585930938845375,0.7860561392010705,0.0,0.0,0.0,"[(4.0, 8.000000000000004)]",4.200000000000004,True,1.2337332539737442,3.6923263478582817,False
13.239999999999995,0.000325,0.0003,"[4.0, 8.0]",3.547934796048839,4.2,2.981046099983342,2.8906065141303587,0.9964850638928606,0.34921407648173936,0.0,0.0,0.0,"[(4.0, 8.000000000000004)]",4.200000000000004,True,2.5514497321559784,3.547934796048839,False
13.259999999999994,0.000325,0.0003,"[4.0, 8.0]",3.105714731274763,8.000000000000004,2.9590610702604634,2.997043087345907,0.7377767053000506,0.1768309378882002,0.0,0.0,0.0,"[(4.0, 8.000000000000004)]",4.200000000000004,True,2.364859473969178,3.105714731274763,False
13.279999999999994,0.000325,0.0003,"[4.0, 8.0]",2.661187030759809,7.400000000000003,2.4579309605930684,2.6493157066129003,1.2699933502205047,0.35726792608353414,0.0,0.0,0.0,"[(4.0, 8.000000000000004)]",4.200000000000004,True,1.3911936805393041,2.661187030759809,False
13.299999999999994,0.000325,0.0003,"[4.0, 8.0]",2.159653595735999,5.000000000000001,1.9942195206782862,1.9992830790184724,0.594159334893281,0.13593961598315032,0.0,0.0,0.0,"[(4.0, 8.000000000000004)]",4.200000000000004,True,1.5654942608427178,2.159653595735999,False
12.96,0.000325,0.00031999999999999997,"[4.0, 8.0]",39.67149627177819,8.000000000000004,34.690001308317555,34.028426440027005,5.918466571248345,1.7712347999653866,1.0,1.0,1.0,"[(7.400000000000003, 8.000000000000004)]",0.8000000000000007,True,33.00518847254694,39.67149627177819,False
12.98,0.000325,0.00031999999999999997,"[4.0, 8.0]",40.44015343792629,8.000000000000004,36.539314630450605,35.91232946434182,4.9055038287989206,1.525635310107391,1.0,1.0,1.0,"[(7.000000000000003, 8.000000000000004)]",1.200000000000001,True,35.0901382510326,40.44015343792629,False
13.0,0.000325,0.00031999999999999997,"[4.0, 8.0]",40.31722228858815,8.000000000000004,37.87754591620251,37.2969953848134,3.486558010607226,1.1861324340377777,1.0,1.0,1.0,"[(6.000000000000002, 8.000000000000004)]",2.200000000000002,True,36.74381942236359,40.31722228858815,False
13.02,0.000325,0.00031999999999999997,"[4.0, 8.0]",39.44986468946867,7.400000000000003,38.36931588827723,38.35936458591378,2.48843753798144,0.803549446461779,1.0,1.0,1.0,"[(4.0, 8.000000000000004)]",4.200000000000004,True,36.96142715148723,39.44986468946867,True
13.04,0.000325,0.00031999999999999997,"[4.0, 8.0]",38.00667662729586,6.600000000000002,37.24340940462387,37.47114576811755,2.6754244208980964,0.7521970306200882,1.0,1.0,1.0,"[(4.0, 8.000000000000004)]",4.200000000000004,True,35.331252206397764,38.00667662729586,True
13.059999999999999,0.000325,0.00031999999999999997,"[4.0, 8.0]",35.05157846992144,6.200000000000002,34.0325480660423,34.33592929700938,3.1803304223233617,0.9674928779070004,1.0,1.0,1.0,"[(4.2, 7.800000000000003)]",3.8000000000000034,True,31.659736318077655,35.05157846992144,False
13.079999999999998,0.000325,0.00031999999999999997,"[4.0, 8.0]",30.21433327856712,5.800000000000002,29.037260910417483,29.362906596667216,3.330263867128277,1.0778198047232121,1.0,1.0,1.0,"[(4.2, 7.600000000000003)]",3.600000000000003,True,26.172284715125986,30.21433327856712,False
13.099999999999998,0.000325,0.00031999999999999997,"[4.0, 8.0]",23.04286707857826,5.600000000000001,21.83219538155477,22.162885443997247,3.558078475489868,1.0796165799666049,1.0,1.0,0.9,"[(4.2, 7.600000000000003)]",3.600000000000003,True,18.802837705535843,23.04286707857826,False
13.119999999999997,0.000325,0.00031999999999999997,"[4.0, 8.0]",15.167457555277135,5.600000000000001,13.949698625175207,14.276562952618947,3.81137723831179,1.1028780690696434,0.2,0.0,0.0,"[(4.0, 7.400000000000003)]",3.600000000000003,True,10.66236281941064,15.167457555277135,False
13.139999999999997,0.000325,0.00031999999999999997,"[4.0, 8.0]",3.014656233669278,8.000000000000004,0.5897245945089626,0.5567221849345133,2.16611068871608,0.522792233562792,0.0,0.0,0.0,"[(4.0, 8.000000000000004)]",4.200000000000004,True,0.017289699656520947,3.014656233669278,False
13.159999999999997,0.000325,0.00031999999999999997,"[4.0, 8.0]",20.137591181161024,8.000000000000004,16.039815901397635,16.407483557464918,10.206262263297905,2.661654161547167,0.7,0.45,0.0,"[(6.400000000000002, 8.000000000000004)]",1.8000000000000016,True,9.480248943184943,20.137591181161024,False
13.179999999999996,0.000325,0.00031999999999999997,"[4.0, 8.0]",10.546330085555304,6.600000000000002,10.366093837648615,10.400113563288663,0.5105817005960489,0.14163442160463038,0.0,0.0,0.0,"[(4.0, 8.000000000000004)]",4.200000000000004,True,10.035748384959255,10.546330085555304,False
13.199999999999996,0.000325,0.00031999999999999997,"[4.0, 8.0]",8.102644792141387,7.000000000000003,8.001089299181938,8.059708576387534,0.4617295440172233,0.1256165090949207,0.0,0.0,0.0,"[(4.0, 8.000000000000004)]",4.200000000000004,True,7.640915248124164,8.102644792141387,False
13.219999999999995,0.000325,0.00031999999999999997,"[4.0, 8.0]",6.1639736509466285,8.000000000000004,6.087308443008998,6.095758449300892,0.21759576624217036,0.04611163754104249,0.0,0.0,0.0,"[(4.0, 8.000000000000004)]",4.200000000000004,True,5.9360598017399635,6.1639736509466285,False
13.239999999999995,0.000325,0.00031999999999999997,"[4.0, 8.0]",4.849351437879546,4.800000000000001,4.713704865610971,4.714012608735055,0.2620029018412362,0.08194836366959855,0.0,0.0,0.0,"[(4.0, 8.000000000000004)]",4.200000000000004,True,4.58734853603831,4.849351437879546,False
13.259999999999994,0.000325,0.00031999999999999997,"[4.0, 8.0]",3.998848989745839,4.800000000000001,3.859581186806667,3.864341938732484,0.2551131613960975,0.08000997456186555,0.0,0.0,0.0,"[(4.0, 8.000000000000004)]",4.200000000000004,True,3.7437358283497413,3.998848989745839,False
13.279999999999994,0.000325,0.00031999999999999997,"[4.0, 8.0]",3.2568651725742166,4.6000000000000005,3.038833259717056,3.025118374334101,0.4117094532081804,0.1400412850873673,0.0,0.0,0.0,"[(4.0, 8.000000000000004)]",4.200000000000004,True,2.845155719366036,3.2568651725742166,False
13.299999999999994,0.000325,0.00031999999999999997,"[4.0, 8.0]",2.381823446009335,4.0,1.3062991258131142,1.097560638790865,1.5893133710874525,0.5157775013373961,0.0,0.0,0.0,"[(4.0, 8.000000000000004)]",4.200000000000004,True,0.7925100749218825,2.381823446009335,False
12.96,0.000325,0.00033999999999999997,"[4.0, 8.0]",24.90070829362024,8.000000000000004,18.235993669964795,17.574789329721952,7.4249879082365275,2.1066063034436455,1.0,0.6,0.2,"[(7.600000000000003, 8.000000000000004)]",0.6000000000000005,True,16.081389733524954,24.90070829362024,False
12.98,0.000325,0.00033999999999999997,"[4.0, 8.0]",27.03162262290615,8.000000000000004,20.474987987885488,19.821039432355214,7.3135298819962955,2.0738388255344873,1.0,1.0,0.45,"[(7.600000000000003, 8.000000000000004)]",0.6000000000000005,True,18.36182911669175,27.03162262290615,False
13.0,0.000325,0.00033999999999999997,"[4.0, 8.0]",29.22759202732704,8.000000000000004,22.788398430062,22.144243683388808,7.1788251612818605,2.037987199270531,1.0,1.0,1.0,"[(7.600000000000003, 8.000000000000004)]",0.6000000000000005,True,20.722378449932553,29.22759202732704,False
13.02,0.000325,0.00033999999999999997,"[4.0, 8.0]",31.774129552226253,8.000000000000004,25.509464805281173,24.87604545489937,7.015588603165831,1.99547140720935,1.0,1.0,1.0,"[(7.600000000000003, 8.000000000000004)]",0.6000000000000005,True,23.502566889376496,31.774129552226253,False
13.04,0.000325,0.00033999999999999997,"[4.0, 8.0]",34.536287976997386,8.000000000000004,28.53475889999755,27.928148665212696,6.7638028197106195,1.931238718668822,1.0,1.0,1.0,"[(7.600000000000003, 8.000000000000004)]",0.6000000000000005,True,26.609856971978125,34.536287976997386,False
13.059999999999999,0.000325,0.00033999999999999997,"[4.0, 8.0]",37.36327733506367,8.000000000000004,31.875186125418168,31.281843888744824,6.29191222064048,1.815374182621471,1.0,1.0,1.0,"[(7.400000000000003, 8.000000000000004)]",0.8000000000000007,True,30.092950249731093,37.36327733506367,False
13.079999999999998,0.000325,0.00033999999999999997,"[4.0, 8.0]",39.52883481546989,8.000000000000004,35.15083055108188,34.613430785933105,5.263652009248638,1.5646936542229941,1.0,1.0,1.0,"[(7.200000000000003, 8.000000000000004)]",1.0000000000000009,True,33.63760693683149,39.52883481546989,False
13.099999999999998,0.000325,0.00033999999999999997,"[4.0, 8.0]",39.63432748315694,7.800000000000003,37.72495238392295,37.276451175856884,2.934028207818841,1.0240264765591183,1.0,1.0,1.0,"[(4.0, 8.000000000000004)]",4.200000000000004,True,36.7002992753381,39.63432748315694,True
13.119999999999997,0.000325,0.00033999999999999997,"[4.0, 8.0]",37.991850981610334,6.8000000000000025,37.11471764955052,37.37011011342038,3.1909730379816637,0.8801533452197684,1.0,1.0,1.0,"[(4.2, 8.000000000000004)]",4.0000000000000036,True,34.80087794362867,37.991850981610334,False
13.139999999999997,0.000325,0.00033999999999999997,"[4.0, 8.0]",32.78532313749802,6.200000000000002,31.470705862483765,31.848009234608064,4.330182370888334,1.2453027067040834,1.0,1.0,1.0,"[(4.4, 7.600000000000003)]",3.400000000000003,True,28.455140766609684,32.78532313749802,False
13.159999999999997,0.000325,0.00033999999999999997,"[4.0, 8.0]",22.849744460603493,5.800000000000002,21.43764565485009,21.801629662139355,4.289505453234064,1.2867335806118265,1.0,1.0,0.8,"[(4.4, 7.600000000000003)]",3.400000000000003,True,18.482792868859878,22.849744460603493,False
13.179999999999996,0.000325,0.00033999999999999997,"[4.0, 8.0]",9.292182973625017,5.800000000000002,7.447213096534644,8.010812954842306,5.336369301997464,1.6970276541710874,0.0,0.0,0.0,"[(4.4, 7.200000000000003)]",3.0000000000000027,True,2.8833402088804165,9.292182973625017,False
13.199999999999996,0.000325,0.00033999999999999997,"[4.0, 8.0]",19.75763262712834,8.000000000000004,14.515519594887536,15.654079824459721,19.23651410204922,4.475333984306199,0.6,0.3,0.0,"[(6.600000000000002, 8.000000000000004)]",1.6000000000000014,True,0.11932902246176456,19.75763262712834,False
13.219999999999995,0.000325,0.00033999999999999997,"[4.0, 8.0]",9.440703790109387,7.000000000000003,8.417876506509272,8.991516293514692,4.774586761027645,1.2776638832181364,0.0,0.0,0.0,"[(4.4, 8.000000000000004)]",3.8000000000000034,True,4.666117029081742,9.440703790109387,False
13.239999999999995,0.000325,0.00033999999999999997,"[4.0, 8.0]",3.5631284568109374,4.0,3.4084147312200157,3.4104243600596225,0.32831121816957465,0.08027626361713927,0.0,0.0,0.0,"[(4.0, 8.000000000000004)]",4.200000000000004,True,3.2102111663546524,3.5631284568109374,False
13.259999999999994,0.000325,0.00033999999999999997,"[4.0, 8.0]",5.463303857775901,6.600000000000002,5.230449108339995,5.3383310874752095,0.8187123645506009,0.25176744292051506,0.0,0.0,0.0,"[(4.0, 8.000000000000004)]",4.200000000000004,True,4.6445914932253,5.463303857775901,False
13.279999999999994,0.000325,0.00033999999999999997,"[4.0, 8.0]",4.279106178469775,4.800000000000001,4.219450209841625,4.226950528952758,0.14842876707346964,0.033515399049274974,0.0,0.0,0.0,"[(4.0, 8.000000000000004)]",4.200000000000004,True,4.130677411396305,4.279106178469775,False
13.299999999999994,0.000325,0.00033999999999999997,"[4.0, 8.0]",1.7893029191154612,4.0,0.7155590694185456,0.5083303038598974,1.479261636610695,0.4563580620120082,0.0,0.0,0.0,"[(4.0, 8.000000000000004)]",4.200000000000004,True,0.31004128250476637,1.7893029191154612,False
12.96,0.000325,0.00035999999999999997,"[4.0, 8.0]",8.345937045602652,8.000000000000004,2.4813068882482643,1.8582559420467497,6.04812512217009,1.7228603326381604,0.0,0.0,0.0,"[(7.600000000000003, 8.000000000000004)]",0.6000000000000005,True,0.8094466271494054,8.345937045602652,False
12.98,0.000325,0.00035999999999999997,"[4.0, 8.0]",10.101532658702128,8.000000000000004,3.8976521122268055,3.268512607834352,6.658806223134642,1.9136848922422074,0.0,0.0,0.0,"[(7.600000000000003, 8.000000000000004)]",0.6000000000000005,True,1.9453423581847176,10.101532658702128,False
13.0,0.000325,0.00035999999999999997,"[4.0, 8.0]",11.954564319558019,8.000000000000004,5.588695195407793,4.96792640319817,6.991810261234479,2.018096618077948,0.0,0.0,0.0,"[(7.600000000000003, 8.000000000000004)]",0.6000000000000005,True,3.4728316750141457,11.954564319558019,False
13.02,0.000325,0.00035999999999999997,"[4.0, 8.0]",14.202924655035085,8.000000000000004,7.777629419376419,7.172075248251603,7.150819963032118,2.066613703031225,0.0,0.0,0.0,"[(7.600000000000003, 8.000000000000004)]",0.6000000000000005,True,5.581084778409011,14.202924655035085,False
13.04,0.000325,0.00035999999999999997,"[4.0, 8.0]",16.790239793817612,8.000000000000004,10.381203488517732,9.775702775118242,7.191979271539365,2.073587282862763,0.05,0.0,0.0,"[(7.600000000000003, 8.000000000000004)]",0.6000000000000005,True,8.160696936784658,16.790239793817612,False
13.059999999999999,0.000325,0.00035999999999999997,"[4.0, 8.0]",19.81148107378616,8.000000000000004,13.46532750161802,12.861829358424554,7.1452231505477375,2.055060455238291,0.2,0.1,0.0,"[(7.600000000000003, 8.000000000000004)]",0.6000000000000005,True,11.262432369625637,19.81148107378616,False
13.079999999999998,0.000325,0.00035999999999999997,"[4.0, 8.0]",23.186750296180975,8.000000000000004,16.939584036139532,16.33913869510218,7.051666787329333,2.0204123021085754,0.85,0.4,0.1,"[(7.600000000000003, 8.000000000000004)]",0.6000000000000005,True,14.772269120079661,23.186750296180975,False
13.099999999999998,0.000325,0.00035999999999999997,"[4.0, 8.0]",27.48405128527707,8.000000000000004,21.358527192740063,20.761346445432977,6.92755491015626,1.9745427207393076,1.0,1.0,0.65,"[(7.600000000000003, 8.000000000000004)]",0.6000000000000005,True,19.246897894611273,27.48405128527707,False
13.119999999999997,0.000325,0.00035999999999999997,"[4.0, 8.0]",31.710707486751804,8.000000000000004,25.791677796439707,25.209346388153257,6.7165865498483015,1.9097494265047863,1.0,1.0,1.0,"[(7.600000000000003, 8.000000000000004)]",0.6000000000000005,True,23.766840003158244,31.710707486751804,False
13.139999999999997,0.000325,0.00035999999999999997,"[4.0, 8.0]",36.72770888780051,8.000000000000004,31.40362761082368,30.87491643630039,6.147094717685928,1.7491439375765452,1.0,1.0,1.0,"[(7.400000000000003, 8.000000000000004)]",0.8000000000000007,True,29.578857577742244,36.72770888780051,False
13.159999999999997,0.000325,0.00035999999999999997,"[4.0, 8.0]",39.5994661126746,8.000000000000004,36.63284711651445,36.11311891635617,3.836232843246897,1.192355154653706,1.0,1.0,1.0,"[(6.600000000000002, 8.000000000000004)]",1.6000000000000014,True,35.50543669928412,39.5994661126746,False
13.179999999999996,0.000325,0.00035999999999999997,"[4.0, 8.0]",37.174184123626894,6.600000000000002,36.07271665913609,36.50943795140343,4.35139299087006,1.1907760919660952,1.0,1.0,1.0,"[(4.4, 8.000000000000004)]",3.8000000000000034,True,32.822791132756834,37.174184123626894,False
13.199999999999996,0.000325,0.00035999999999999997,"[4.0, 8.0]",27.761650534930222,6.200000000000002,26.026188693159344,26.507463633765386,5.90241185231411,1.6447673715147084,1.0,1.0,1.0,"[(4.6000000000000005, 7.600000000000003)]",3.200000000000003,True,21.859238682616112,27.761650534930222,False
13.219999999999995,0.000325,0.00035999999999999997,"[4.0, 8.0]",10.000987832686821,5.800000000000002,7.5554736396833295,8.342284709591372,8.706344717303082,2.424577195527801,0.0,0.0,0.0,"[(4.800000000000001, 7.200000000000003)]",2.6000000000000023,True,1.2946431153837388,10.000987832686821,False
13.239999999999995,0.000325,0.00035999999999999997,"[4.0, 8.0]",14.950300803189258,6.8000000000000025,11.000413580445798,13.386159920845454,14.915921590615289,4.787341528259098,0.0,0.0,0.0,"[(5.400000000000001, 8.000000000000004)]",2.8000000000000025,True,0.03437921257396918,14.950300803189258,False
13.259999999999994,0.000325,0.00035999999999999997,"[4.0, 8.0]",6.491600282360724,7.000000000000003,5.277591320501957,5.922934436851911,5.096575034550452,1.4501527484786148,0.0,0.0,0.0,"[(4.6000000000000005, 8.000000000000004)]",3.600000000000003,True,1.395025247810272,6.491600282360724,False
13.279999999999994,0.000325,0.00035999999999999997,"[4.0, 8.0]",4.726547427065638,6.000000000000002,4.6881119271511364,4.691829045726455,0.10523381961371303,0.030852577652057303,0.0,0.0,0.0,"[(4.0, 8.000000000000004)]",4.200000000000004,True,4.617355783678889,4.726547427065638,False
13.299999999999994,0.000325,0.00035999999999999997,"[4.0, 8.0]",2.3243545536578867,4.2,2.0448385607194686,1.9975701543907332,0.42726028240953595,0.1281552662536063,0.0,0.0,0.0,"[(4.0, 8.000000000000004)]",4.200000000000004,True,1.8970942712483507,2.3243545536578867,False
12.96,0.000325,0.00037999999999999997,"[4.0, 8.0]",8.84537605790097,5.800000000000002,6.3288340892466435,6.903020231454959,6.934255571803196,2.2006289779022192,0.0,0.0,0.0,"[(4.6000000000000005, 7.000000000000003)]",2.6000000000000023,True,0.9117712176994709,8.84537605790097,False
12.98,0.000325,0.00037999999999999997,"[4.0, 8.0]",7.447828058024649,5.800000000000002,5.076044684415349,5.586206673974773,6.369023569826764,2.0474750537148396,0.0,0.0,0.0,"[(4.6000000000000005, 7.000000000000003)]",2.6000000000000023,True,0.34178095643959566,7.447828058024649,False
13.0,0.000325,0.00037999999999999997,"[4.0, 8.0]",6.030159365552881,5.800000000000002,3.846208070877141,4.26209090830992,5.607520000140941,1.842355281189204,0.0,0.0,0.0,"[(4.6000000000000005, 7.000000000000003)]",2.6000000000000023,True,0.03073358157380613,6.030159365552881,False
13.02,0.000325,0.00037999999999999997,"[4.0, 8.0]",4.3822030345105105,5.800000000000002,2.514255632351478,2.780160201881875,4.364302786436378,1.503335934352771,0.0,0.0,0.0,"[(4.6000000000000005, 7.200000000000003)]",2.8000000000000025,True,0.01790024807413243,4.3822030345105105,False
13.04,0.000325,0.00037999999999999997,"[4.0, 8.0]",2.6566269367396527,5.800000000000002,1.3037437726871637,1.318594937254637,2.65398778009829,0.9742928262113235,0.0,0.0,0.0,"[(4.0, 8.000000000000004)]",4.200000000000004,True,0.0026391566413630357,2.6566269367396527,False
13.059999999999999,0.000325,0.00037999999999999997,"[4.0, 8.0]",2.4773944471222658,8.000000000000004,0.5186348146996391,0.522619156406131,1.3772659986369675,0.389186277150086,0.0,0.0,0.0,"[(4.0, 8.000000000000004)]",4.200000000000004,True,0.00501041930214081,2.4773944471222658,False
13.079999999999998,0.000325,0.00037999999999999997,"[4.0, 8.0]",4.884515201638911,8.000000000000004,0.7371809511921747,0.1660233319218245,3.520732564451772,1.0231305080264352,0.0,0.0,0.0,"[(4.0, 4.0), (7.600000000000003, 8.000000000000004)]",0.8000000000000007,True,0.0016901828567232287,4.884515201638911,False
13.099999999999998,0.000325,0.00037999999999999997,"[4.0, 8.0]",8.395425649462695,8.000000000000004,2.776316631502019,2.13323005414399,6.003542250442972,1.8038005605149532,0.0,0.0,0.0,"[(4.0, 4.0), (7.600000000000003, 8.000000000000004)]",0.8000000000000007,True,0.9441885044957866,8.395425649462695,False
13.119999999999997,0.000325,0.00037999999999999997,"[4.0, 8.0]",12.132657479316817,8.000000000000004,6.094869612985667,5.4662497881051895,6.822901323111688,2.057799293374323,0.0,0.0,0.0,"[(4.0, 4.0), (7.600000000000003, 8.000000000000004)]",0.8000000000000007,True,3.858136914958127,12.132657479316817,False
13.139999999999997,0.000325,0.00037999999999999997,"[4.0, 8.0]",17.207472254851062,8.000000000000004,11.13339590878533,10.519480376801148,6.955565539544358,2.084162976116638,0.05,0.0,0.0,"[(4.0, 4.0), (7.600000000000003, 8.000000000000004)]",0.8000000000000007,True,8.837636725896473,17.207472254851062,False
13.159999999999997,0.000325,0.00037999999999999997,"[4.0, 8.0]",23.411901008999685,8.000000000000004,17.443651108920545,16.847587624960326,6.834223622557932,2.028578988371045,1.0,0.45,0.15,"[(4.0, 4.0), (7.600000000000003, 8.000000000000004)]",0.8000000000000007,True,15.215342711542384,23.411901008999685,False
13.179999999999996,0.000325,0.00037999999999999997,"[4.0, 8.0]",30.36179830456979,8.000000000000004,24.58940565757863,24.02239177554462,6.6192837136290485,1.9384814204879974,1.0,1.0,1.0,"[(7.600000000000003, 8.000000000000004)]",0.6000000000000005,True,22.46886277180424,30.36179830456979,False
13.199999999999996,0.000325,0.00037999999999999997,"[4.0, 8.0]",37.50278242681749,8.000000000000004,32.64522703309927,32.2119919587328,5.711544095176471,1.6377121075639942,1.0,1.0,1.0,"[(7.400000000000003, 8.000000000000004)]",0.8000000000000007,True,30.882622794979014,37.50278242681749,False
13.219999999999995,0.000325,0.00037999999999999997,"[4.0, 8.0]",37.98411677900609,7.000000000000003,36.81711128783806,37.22651450405857,4.344181269122693,1.1776844430603322,1.0,1.0,1.0,"[(4.4, 8.000000000000004)]",3.8000000000000034,True,33.639935509883394,37.98411677900609,False
13.239999999999995,0.000325,0.00037999999999999997,"[4.0, 8.0]",24.9547650489652,6.200000000000002,22.774994084418882,23.4596650158797,7.772244859253096,2.1458165259410724,1.0,1.0,0.85,"[(4.800000000000001, 7.600000000000003)]",3.0000000000000027,True,17.182520189712104,24.9547650489652,False
13.259999999999994,0.000325,0.00037999999999999997,"[4.0, 8.0]",17.461649323761367,8.000000000000004,11.177783410871305,10.976070113961505,14.193162481696854,3.505749646587422,0.15,0.0,0.0,"[(4.0, 4.0), (7.400000000000003, 8.000000000000004)]",1.0000000000000009,True,2.479745463584814,17.461649323761367,False
13.279999999999994,0.000325,0.00037999999999999997,"[4.0, 8.0]",9.52126552991437,5.600000000000001,9.075703085026387,9.410799609294106,3.20661164360049,0.8034981582685626,0.0,0.0,0.0,"[(4.2, 8.000000000000004)]",4.0000000000000036,True,6.31465388631388,9.52126552991437,False
13.299999999999994,0.000325,0.00037999999999999997,"[4.0, 8.0]",6.277750168278949,6.600000000000002,6.149346880069133,6.241642735884906,0.6982294935108175,0.1866793852122542,0.0,0.0,0.0,"[(4.0, 8.000000000000004)]",4.200000000000004,True,5.579520674768132,6.277750168278949,False
12.96,0.00035,0.00028,"[4.0, 8.0]",30.86563255603449,5.600000000000001,29.813424020356972,30.11211913444921,3.366999178546326,0.9822541679955082,1.0,1.0,1.0,"[(4.0, 7.600000000000003)]",3.8000000000000034,True,26.80732210549275,30.86563255603449,False
12.98,0.00035,0.00028,"[4.0, 8.0]",27.049854691185654,5.600000000000001,25.965735715462518,26.267698922313343,3.5370576687463853,1.014072690982077,1.0,1.0,1.0,"[(4.0, 7.600000000000003)]",3.8000000000000034,True,22.83232491489529,27.049854691185654,False
13.0,0.00035,0.00028,"[4.0, 8.0]",22.856014358159484,5.600000000000001,21.783958087396023,22.099585317058427,3.5863241353252526,1.0216907078084416,1.0,1.0,0.9,"[(4.0, 7.600000000000003)]",3.8000000000000034,True,18.6083291747581,22.856014358159484,False
13.02,0.00035,0.00028,"[4.0, 8.0]",17.751290841284117,5.600000000000001,16.698899320989508,17.017993733160594,3.6422906344690364,1.0409264319800615,0.9,0.5,0.0,"[(4.0, 7.400000000000003)]",3.600000000000003,True,13.472387193255123,17.751290841284117,False
13.04,0.00035,0.00028,"[4.0, 8.0]",11.690434945409574,5.200000000000001,10.534876392294018,10.94865230737069,4.107950938041199,1.1831236230257733,0.0,0.0,0.0,"[(4.0, 7.400000000000003)]",3.600000000000003,True,6.916613993812942,11.690434945409574,False
13.059999999999999,0.00035,0.00028,"[4.0, 8.0]",2.652759299688465,5.200000000000001,1.5196414109355998,1.7254200916103355,2.6497305557605846,0.9690931069294071,0.0,0.0,0.0,"[(4.0, 8.000000000000004)]",4.200000000000004,True,0.003028743927880433,2.652759299688465,False
13.079999999999998,0.00035,0.00028,"[4.0, 8.0]",14.660807280932211,8.000000000000004,10.821613474620904,10.466266825159721,5.5554746901645515,1.8008770736913071,0.0,0.0,0.0,"[(6.600000000000002, 8.000000000000004)]",1.6000000000000014,True,8.740195403367641,14.660807280932211,False
13.099999999999998,0.00035,0.00028,"[4.0, 8.0]",6.152474320863792,8.000000000000004,0.8570478746307064,0.58960122247596,3.0176618646812874,0.8279623037062227,0.0,0.0,0.0,"[(8.000000000000004, 8.000000000000004)]",0.20000000000000018,True,0.025214826454473163,6.152474320863792,False
13.119999999999997,0.00035,0.00028,"[4.0, 8.0]",7.075830090004023,6.600000000000002,5.656381130491027,6.124955077547405,4.33174834302994,1.3606779322118048,0.0,0.0,0.0,"[(4.800000000000001, 8.000000000000004)]",3.400000000000003,True,2.7440817469740835,7.075830090004023,False
13.139999999999997,0.00035,0.00028,"[4.0, 8.0]",3.4862088515170826,6.600000000000002,2.2159098055919944,2.5879652239833706,3.445365861249369,1.1389754551255555,0.0,0.0,0.0,"[(4.6000000000000005, 8.000000000000004)]",3.600000000000003,True,0.040842990267713625,3.4862088515170826,False
13.159999999999997,0.00035,0.00028,"[4.0, 8.0]",2.9788334929229676,4.0,0.7753748892372372,0.33024472346090444,2.940398303183599,0.9208689162090155,0.0,0.0,0.0,"[(4.0, 8.000000000000004)]",4.200000000000004,True,0.03843518973936863,2.9788334929229676,False
13.179999999999996,0.00035,0.00028,"[4.0, 8.0]",5.401457051333653,4.2,4.5744808733355935,4.445794391496044,1.3753863574783631,0.4565186823103743,0.0,0.0,0.0,"[(4.0, 8.000000000000004)]",4.200000000000004,True,4.0260706938552895,5.401457051333653,False
13.199999999999996,0.00035,0.00028,"[4.0, 8.0]",4.820289368041139,6.600000000000002,4.424739584133148,4.683202731734195,1.8484722265447084,0.5382441820906798,0.0,0.0,0.0,"[(4.0, 8.000000000000004)]",4.200000000000004,True,2.9718171414964303,4.820289368041139,False
13.219999999999995,0.00035,0.00028,"[4.0, 8.0]",2.3526908525455092,6.600000000000002,1.549200098800829,1.8562616449695446,2.3504398849521233,0.7851185934378597,0.0,0.0,0.0,"[(4.0, 8.000000000000004)]",4.200000000000004,True,0.0022509675933859385,2.3526908525455092,False
13.239999999999995,0.00035,0.00028,"[4.0, 8.0]",1.216681389651761,4.0,0.2528456509644898,0.17257079860475824,1.2131298134476423,0.3080895288276051,0.0,0.0,0.0,"[(4.0, 8.000000000000004)]",4.200000000000004,True,0.0018649414734999152,1.216681389651761,False
13.259999999999994,0.00035,0.00028,"[4.0, 8.0]",2.307156185298315,4.0,0.7999713237248589,0.49891346852293394,2.0889981143993017,0.657487617119201,0.0,0.0,0.0,"[(4.0, 8.000000000000004)]",4.200000000000004,True,0.21815807089901332,2.307156185298315,False
13.279999999999994,0.00035,0.00028,"[4.0, 8.0]",2.2950650030049693,4.0,1.219480875387909,1.0059780261490905,1.6235706577692794,0.5400617247568047,0.0,0.0,0.0,"[(4.0, 8.000000000000004)]",4.200000000000004,True,0.6714943452356898,2.2950650030049693,False
13.299999999999994,0.00035,0.00028,"[4.0, 8.0]",1.7527403155365906,4.0,0.5639945175743002,0.31472939162415137,1.6364612944915964,0.5213275401920217,0.0,0.0,0.0,"[(4.0, 8.000000000000004)]",4.200000000000004,True,0.11627902104499412,1.7527403155365906,False
12.96,0.00035,0.0003,"[4.0, 8.0]",39.66060584084761,8.000000000000004,35.320217708456504,34.670141388294255,5.3355117007183,1.634411125680622,1.0,1.0,1.0,"[(7.200000000000003, 8.000000000000004)]",1.0000000000000009,True,33.76734349693744,39.66060584084761,False
12.98,0.00035,0.0003,"[4.0, 8.0]",39.85618086511838,8.000000000000004,36.92755620952949,36.2697618537628,3.9778686073032716,1.3051980106400323,1.0,1.0,1.0,"[(6.400000000000002, 8.000000000000004)]",1.8000000000000016,True,35.68126687418228,39.85618086511838,False
13.0,0.00035,0.0003,"[4.0, 8.0]",39.1592121228813,7.600000000000003,37.73158363676148,37.51221931309681,2.637215185620633,0.9214745297304986,1.0,1.0,1.0,"[(4.0, 8.000000000000004)]",4.200000000000004,True,36.52199693726067,39.1592121228813,True
13.02,0.00035,0.0003,"[4.0, 8.0]",38.013282690168836,6.8000000000000025,37.24447342468524,37.44030222285263,2.5062581334687835,0.7105778473428387,1.0,1.0,1.0,"[(4.0, 8.000000000000004)]",4.200000000000004,True,35.50702455670005,38.013282690168836,True
13.04,0.00035,0.0003,"[4.0, 8.0]",35.803788990387986,6.200000000000002,34.869385782530586,35.16268776285909,3.0200663252313618,0.8848722923789394,1.0,1.0,1.0,"[(4.2, 8.000000000000004)]",4.0000000000000036,True,32.783722665156624,35.803788990387986,False
13.059999999999999,0.00035,0.0003,"[4.0, 8.0]",31.640656406054962,5.800000000000002,30.502058075292354,30.821351098406733,3.2781486523931633,1.0541489203067893,1.0,1.0,1.0,"[(4.2, 7.600000000000003)]",3.600000000000003,True,27.736867290481886,31.640656406054962,False
13.079999999999998,0.00035,0.0003,"[4.0, 8.0]",25.87090464169552,5.600000000000001,24.660473660714594,24.99361089463027,3.515035399642663,1.0925548075687563,1.0,1.0,1.0,"[(4.2, 7.600000000000003)]",3.600000000000003,True,21.651639373919018,25.87090464169552,False
13.099999999999998,0.00035,0.0003,"[4.0, 8.0]",17.88484586738652,5.600000000000001,16.658397344924552,16.99404729257452,3.719606101611321,1.0916978093217198,0.9,0.5,0.0,"[(4.0, 7.400000000000003)]",3.600000000000003,True,13.475352446484312,17.88484586738652,False
13.119999999999997,0.00035,0.0003,"[4.0, 8.0]",8.502382466895067,5.600000000000001,6.967890679876227,7.44570422507085,5.1436935620684725,1.4495287979543976,0.0,0.0,0.0,"[(4.2, 7.200000000000003)]",3.200000000000003,True,2.4903132402691623,8.502382466895067,False
13.139999999999997,0.00035,0.0003,"[4.0, 8.0]",15.94242463941788,8.000000000000004,11.874857792168394,11.256189695220915,5.110047786447092,1.5136196632069694,0.05,0.0,0.0,"[(7.000000000000003, 8.000000000000004)]",1.200000000000001,True,10.306270596104067,15.94242463941788,False
13.159999999999997,0.00035,0.0003,"[4.0, 8.0]",11.668510963412409,7.000000000000003,10.614207055788116,11.201514926917858,5.127856396492772,1.3118929458291029,0.0,0.0,0.0,"[(4.4, 8.000000000000004)]",3.8000000000000034,True,6.5406545669196365,11.668510963412409,False
13.179999999999996,0.00035,0.0003,"[4.0, 8.0]",0.44423409615593623,6.600000000000002,0.2645802313960926,0.2681846636755226,0.3881672073438386,0.10264467664937568,0.0,0.0,0.0,"[(4.0, 8.000000000000004)]",4.200000000000004,True,0.05606688881209767,0.44423409615593623,False
13.199999999999996,0.00035,0.0003,"[4.0, 8.0]",0.5608178103025563,6.600000000000002,0.27627806984152975,0.3021446594501303,0.559490439281936,0.18818332664725027,0.0,0.0,0.0,"[(4.0, 8.000000000000004)]",4.200000000000004,True,0.0013273710206203313,0.5608178103025563,False
13.219999999999995,0.00035,0.0003,"[4.0, 8.0]",0.716848477663013,4.0,0.13305208488631545,0.038106494632295373,0.7164586064300142,0.21625821976527598,0.0,0.0,0.0,"[(4.0, 8.000000000000004)]",4.200000000000004,True,0.00038987123299871225,0.716848477663013,False
13.239999999999995,0.00035,0.0003,"[4.0, 8.0]",1.241077207052995,4.0,0.2363102490902222,0.030962416412750247,1.2410384918330022,0.37729380182775574,0.0,0.0,0.0,"[(4.0, 8.000000000000004)]",4.200000000000004,True,3.871521999282827e-05,1.241077207052995,False
13.259999999999994,0.00035,0.0003,"[4.0, 8.0]",1.7575383192344876,4.0,0.4596101360464012,0.20323486970243076,1.704924095355917,0.5194206190661855,0.0,0.0,0.0,"[(4.0, 8.000000000000004)]",4.200000000000004,True,0.0526142238785706,1.7575383192344876,False
13.279999999999994,0.00035,0.0003,"[4.0, 8.0]",1.6008269148957925,4.0,0.3665341179080488,0.11974260551453542,1.5853895554280173,0.479356889050825,0.0,0.0,0.0,"[(4.0, 8.000000000000004)]",4.200000000000004,True,0.01543735946777517,1.6008269148957925,False
13.299999999999994,0.00035,0.0003,"[4.0, 8.0]",0.6887098502243951,6.600000000000002,0.3829377785997453,0.40979548075135186,0.6886802337457645,0.2325987047606693,0.0,0.0,0.0,"[(4.0, 8.000000000000004)]",4.200000000000004,True,2.9616478630679658e-05,0.6887098502243951,False
12.96,0.00035,0.00031999999999999997,"[4.0, 8.0]",24.80309807841379,8.000000000000004,18.149565444102496,17.48869251664312,7.41695120647875,2.1045167168094334,1.0,0.6,0.15,"[(7.600000000000003, 8.000000000000004)]",0.6000000000000005,True,16.00273527170104,24.80309807841379,False
12.98,0.00035,0.00031999999999999997,"[4.0, 8.0]",27.101882514784833,8.000000000000004,20.5511560412267,19.899298008462672,7.302353248765865,2.0714729357531687,1.0,1.0,0.5,"[(7.600000000000003, 8.000000000000004)]",0.6000000000000005,True,18.443037823889647,27.101882514784833,False
13.0,0.00035,0.00031999999999999997,"[4.0, 8.0]",29.444673884435822,8.000000000000004,23.02424244806823,22.381256240063664,7.163865416436018,2.0336263775918524,1.0,1.0,1.0,"[(7.600000000000003, 8.000000000000004)]",0.6000000000000005,True,20.967669694936333,29.444673884435822,False
13.02,0.00035,0.00031999999999999997,"[4.0, 8.0]",32.13849441003595,8.000000000000004,25.920650227472198,25.28930619007904,6.97565936282788,1.9843551880256443,1.0,1.0,1.0,"[(7.600000000000003, 8.000000000000004)]",0.6000000000000005,True,23.92622372081517,32.13849441003595,False
13.04,0.00035,0.00031999999999999997,"[4.0, 8.0]",34.99618102831844,8.000000000000004,29.111075191878836,28.506147068405934,6.66928179305194,1.9066513551682616,1.0,1.0,1.0,"[(7.600000000000003, 8.000000000000004)]",0.6000000000000005,True,27.211261735514558,34.99618102831844,False
13.059999999999999,0.00035,0.00031999999999999997,"[4.0, 8.0]",37.72820111214334,8.000000000000004,32.55145031357098,31.976327243342713,6.007501728257854,1.7467488146312542,1.0,1.0,1.0,"[(7.400000000000003, 8.000000000000004)]",0.8000000000000007,True,30.844647851269062,37.72820111214334,False
13.079999999999998,0.00035,0.00031999999999999997,"[4.0, 8.0]",39.33606724700296,8.000000000000004,35.67623328321295,35.124039237569995,4.58895339892927,1.401668680481506,1.0,1.0,1.0,"[(7.000000000000003, 8.000000000000004)]",1.200000000000001,True,34.32734520019863,39.33606724700296,False
13.099999999999998,0.00035,0.00031999999999999997,"[4.0, 8.0]",38.4709773259632,7.400000000000003,37.29222680722678,37.248834763032406,2.773279772752332,0.8566578425873141,1.0,1.0,1.0,"[(4.0, 8.000000000000004)]",4.200000000000004,True,35.697697553210865,38.4709773259632,True
13.119999999999997,0.00035,0.00031999999999999997,"[4.0, 8.0]",36.04068738194593,6.200000000000002,34.98919702084264,35.35130229312117,3.8192735706510135,1.056969308427407,1.0,1.0,1.0,"[(4.2, 8.000000000000004)]",4.0000000000000036,True,32.221413811294916,36.04068738194593,False
13.139999999999997,0.00035,0.00031999999999999997,"[4.0, 8.0]",29.02855913656959,6.200000000000002,27.62487112684027,28.013932820123884,4.526345936236265,1.323755857603724,1.0,1.0,1.0,"[(4.4, 7.600000000000003)]",3.400000000000003,True,24.502213200333326,29.02855913656959,False
13.159999999999997,0.00035,0.00031999999999999997,"[4.0, 8.0]",17.869323166713276,5.800000000000002,16.39838734134034,16.777041195576196,4.4187479133257686,1.3368361787233907,0.8,0.45,0.0,"[(4.4, 7.400000000000003)]",3.200000000000003,True,13.221997054111972,17.869323166713276,False
13.179999999999996,0.00035,0.00031999999999999997,"[4.0, 8.0]",7.398197846765036,8.000000000000004,1.7699349490450724,0.8457515727495939,6.2321209386818825,1.9604291327254706,0.0,0.0,0.0,"[(4.0, 4.0), (7.600000000000003, 8.000000000000004)]",0.8000000000000007,True,0.009253985222148568,7.398197846765036,False
13.199999999999996,0.00035,0.00031999999999999997,"[4.0, 8.0]",15.366291116099646,6.8000000000000025,13.225902448588988,14.684631634806077,12.029862060343117,3.1047742937509453,0.35,0.0,0.0,"[(5.000000000000001, 8.000000000000004)]",3.200000000000003,True,3.336429055756529,15.366291116099646,False
13.219999999999995,0.00035,0.00031999999999999997,"[4.0, 8.0]",7.979854298531681,4.0,7.544030200420321,7.489000896655295,0.6597092744037116,0.19133157155427358,0.0,0.0,0.0,"[(4.0, 8.000000000000004)]",4.200000000000004,True,7.320145024127969,7.979854298531681,False
13.239999999999995,0.00035,0.00031999999999999997,"[4.0, 8.0]",6.39012479196947,7.000000000000003,6.2337061855250155,6.310044774307073,0.6695298868579149,0.17623224903594584,0.0,0.0,0.0,"[(4.0, 8.000000000000004)]",4.200000000000004,True,5.720594905111555,6.39012479196947,False
13.259999999999994,0.00035,0.00031999999999999997,"[4.0, 8.0]",3.4695537816772024,4.2,3.0719453365973326,3.01802273628929,0.6154636123963679,0.18113168612522665,0.0,0.0,0.0,"[(4.0, 8.000000000000004)]",4.200000000000004,True,2.8540901692808345,3.4695537816772024,False
13.279999999999994,0.00035,0.00031999999999999997,"[4.0, 8.0]",1.325873752812594,4.0,0.5114793127603944,0.3527553024249107,1.1209019992219453,0.3471252648689904,0.0,0.0,0.0,"[(4.0, 8.000000000000004)]",4.200000000000004,True,0.20497175359064862,1.325873752812594,False
13.299999999999994,0.00035,0.00031999999999999997,"[4.0, 8.0]",1.8614678123029358,6.600000000000002,1.3609499109737493,1.5752101561896987,1.6283685256377256,0.5150508928979026,0.0,0.0,0.0,"[(4.0, 8.000000000000004)]",4.200000000000004,True,0.23309928666521026,1.8614678123029358,False
12.96,0.00035,0.00033999999999999997,"[4.0, 8.0]",7.163277525732977,8.000000000000004,1.658064171675802,1.038926888126312,5.430652082677786,1.5321601114543089,0.0,0.0,0.0,"[(7.600000000000003, 8.000000000000004)]",0.6000000000000005,True,0.26575896592995524,7.163277525732977,False
12.98,0.00035,0.00033999999999999997,"[4.0, 8.0]",9.042936386589913,8.000000000000004,2.996850125740242,2.3661957337122397,6.371556014510083,1.827240401252064,0.0,0.0,0.0,"[(7.600000000000003, 8.000000000000004)]",0.6000000000000005,True,1.1769545003684116,9.042936386589913,False
13.0,0.00035,0.00033999999999999997,"[4.0, 8.0]",11.036705094466617,8.000000000000004,4.7176184902876,4.088327542451281,6.89674582582472,1.9912572606661867,0.0,0.0,0.0,"[(7.600000000000003, 8.000000000000004)]",0.6000000000000005,True,2.6449581994425437,11.036705094466617,False
13.02,0.00035,0.00033999999999999997,"[4.0, 8.0]",13.453315211899035,8.000000000000004,7.021515167666257,6.404645837009115,7.14960012774402,2.069499854726707,0.0,0.0,0.0,"[(7.600000000000003, 8.000000000000004)]",0.6000000000000005,True,4.82334262514573,13.453315211899035,False
13.04,0.00035,0.00033999999999999997,"[4.0, 8.0]",16.21966188658427,8.000000000000004,9.793942010361159,9.191468570781346,7.20967986964486,2.084949261527716,0.0,0.0,0.0,"[(7.600000000000003, 8.000000000000004)]",0.6000000000000005,True,7.557044956538763,16.21966188658427,False
13.059999999999999,0.00035,0.00033999999999999997,"[4.0, 8.0]",19.442610119967046,8.000000000000004,13.085193824413162,12.485303773773477,7.170017889529342,2.0656355095003653,0.2,0.05,0.0,"[(7.600000000000003, 8.000000000000004)]",0.6000000000000005,True,10.860884208144716,19.442610119967046,False
13.079999999999998,0.00035,0.00033999999999999997,"[4.0, 8.0]",23.042427774062325,8.000000000000004,16.784316158228236,16.183561884322653,7.076651030791902,2.030447156792736,0.75,0.4,0.1,"[(7.600000000000003, 8.000000000000004)]",0.6000000000000005,True,14.597047071591122,23.042427774062325,False
13.099999999999998,0.00035,0.00033999999999999997,"[4.0, 8.0]",27.591108407086793,8.000000000000004,21.47471414984478,20.880018338737962,6.930274581469643,1.979110506881794,1.0,1.0,0.7,"[(7.600000000000003, 8.000000000000004)]",0.6000000000000005,True,19.347684297618216,27.591108407086793,False
13.119999999999997,0.00035,0.00033999999999999997,"[4.0, 8.0]",32.03504644794235,8.000000000000004,26.155135996485342,25.581544743061496,6.690660091023332,1.9049655740410545,1.0,1.0,1.0,"[(7.600000000000003, 8.000000000000004)]",0.6000000000000005,True,24.12653877602218,32.03504644794235,False
13.139999999999997,0.00035,0.00033999999999999997,"[4.0, 8.0]",37.039379118924835,8.000000000000004,31.96222330453502,31.459669400560568,5.929016571297449,1.6906328037254985,1.0,1.0,1.0,"[(7.400000000000003, 8.000000000000004)]",0.8000000000000007,True,30.19393512377521,37.039379118924835,False
13.159999999999997,0.00035,0.00033999999999999997,"[4.0, 8.0]",38.66232547026898,8.000000000000004,36.624416818619025,36.07925861999581,3.0765314260357144,1.0210057311310226,1.0,1.0,1.0,"[(4.2, 8.000000000000004)]",4.0000000000000036,True,35.576633964249886,38.66232547026898,False
13.179999999999996,0.00035,0.00033999999999999997,"[4.0, 8.0]",35.128450974531034,6.200000000000002,33.73130079888908,34.24403859663555,5.288191392821378,1.4482272546085888,1.0,1.0,1.0,"[(4.6000000000000005, 7.800000000000003)]",3.400000000000003,True,29.840259581709656,35.128450974531034,False
13.199999999999996,0.00035,0.00033999999999999997,"[4.0, 8.0]",23.6377792185934,6.200000000000002,21.795425151739703,22.29789483368384,6.260451680487698,1.7424587616140268,1.0,1.0,0.8,"[(4.800000000000001, 7.600000000000003)]",3.0000000000000027,True,17.377327538105703,23.6377792185934,False
13.219999999999995,0.00035,0.00033999999999999997,"[4.0, 8.0]",7.882569115642531,4.0,1.9725001564767495,0.548400456180413,7.882465728527193,2.437451479468092,0.0,0.0,0.0,"[(4.0, 4.2), (7.800000000000003, 8.000000000000004)]",0.8000000000000007,True,0.00010338711533809008,7.882569115642531,False
13.239999999999995,0.00035,0.00033999999999999997,"[4.0, 8.0]",11.944276441811306,6.000000000000002,11.225280456498295,11.871738686717048,5.27832831560192,1.3439373089360482,0.0,0.0,0.0,"[(4.4, 8.000000000000004)]",3.8000000000000034,True,6.665948126209386,11.944276441811306,False
13.259999999999994,0.00035,0.00033999999999999997,"[4.0, 8.0]",6.21544079717295,4.0,4.808090021213315,4.572715487352541,2.054278114429099,0.6286284901361134,0.0,0.0,0.0,"[(4.0, 8.000000000000004)]",4.200000000000004,True,4.161162682743851,6.21544079717295,False
13.279999999999994,0.00035,0.00033999999999999997,"[4.0, 8.0]",5.201097298548255,7.000000000000003,4.95450334210196,5.073719139689057,1.008623212775026,0.27765457028599877,0.0,0.0,0.0,"[(4.0, 8.000000000000004)]",4.200000000000004,True,4.192474085773229,5.201097298548255,False
13.299999999999994,0.00035,0.00033999999999999997,"[4.0, 8.0]",1.2178853804904604,6.600000000000002,0.9994963639963578,1.0768494036154266,0.647499019733854,0.207461308487437,0.0,0.0,0.0,"[(4.0, 8.000000000000004)]",4.200000000000004,True,0.5703863607566063,1.2178853804904604,False
12.96,0.00035,0.00035999999999999997,"[4.0, 8.0]",11.41225376193435,5.800000000000002,8.735814793379031,9.38616753789934,7.548904135163334,2.3812640477005353,0.0,0.0,0.0,"[(4.800000000000001, 7.000000000000003)]",2.400000000000002,True,2.4791776206221554,11.41225376193435,False
12.98,0.00035,0.00035999999999999997,"[4.0, 8.0]",9.858812413453714,5.800000000000002,7.283913193921268,7.8993870909329384,7.1807510965407015,2.2789865195370025,0.0,0.0,0.0,"[(4.6000000000000005, 7.000000000000003)]",2.6000000000000023,True,1.4814264598187936,9.858812413453714,False
13.0,0.00035,0.00035999999999999997,"[4.0, 8.0]",8.271415312223866,5.800000000000002,5.822349120028298,6.378422275824302,6.6929783441695045,2.146661026436971,0.0,0.0,0.0,"[(4.6000000000000005, 7.000000000000003)]",2.6000000000000023,True,0.6521510078716621,8.271415312223866,False
13.02,0.00035,0.00035999999999999997,"[4.0, 8.0]",6.4238850779294365,5.800000000000002,4.166739086202641,4.6184128406294604,5.865641935804395,1.919269653915283,0.0,0.0,0.0,"[(4.6000000000000005, 7.000000000000003)]",2.6000000000000023,True,0.06906906434096317,6.4238850779294365,False
13.04,0.00035,0.00035999999999999997,"[4.0, 8.0]",4.3916913543669756,5.800000000000002,2.490937526675704,2.7513603851448756,4.38210403175542,1.5172651269716408,0.0,0.0,0.0,"[(4.6000000000000005, 7.200000000000003)]",2.8000000000000025,True,0.009587322611555846,4.3916913543669756,False
13.059999999999999,0.00035,0.00035999999999999997,"[4.0, 8.0]",2.229490795917334,5.800000000000002,1.0475775095690634,0.9680304882524083,2.2294418239250215,0.8075583286586397,0.0,0.0,0.0,"[(4.0, 8.000000000000004)]",4.200000000000004,True,4.8971992312515695e-05,2.229490795917334,False
13.079999999999998,0.00035,0.00035999999999999997,"[4.0, 8.0]",3.613666776058422,8.000000000000004,0.49082067242043276,0.3036321679433911,2.3265052864069045,0.5946212290406566,0.0,0.0,0.0,"[(4.0, 4.2), (7.600000000000003, 8.000000000000004)]",1.0000000000000009,True,0.0038511775193119857,3.613666776058422,False
13.099999999999998,0.00035,0.00035999999999999997,"[4.0, 8.0]",7.2537131156877885,8.000000000000004,1.9001537906751829,1.2380984692097572,5.4784304295698645,1.6546186084943404,0.0,0.0,0.0,"[(4.0, 4.0), (7.600000000000003, 8.000000000000004)]",0.8000000000000007,True,0.31712225333972444,7.2537131156877885,False
13.119999999999997,0.00035,0.00035999999999999997,"[4.0, 8.0]",11.221016297524605,8.000000000000004,5.180942119855873,4.536408552389021,6.8210059978799675,2.076344545403377,0.0,0.0,0.0,"[(4.0, 4.0), (7.600000000000003, 8.000000000000004)]",0.8000000000000007,True,2.934408932617411,11.221016297524605,False
13.139999999999997,0.00035,0.00035999999999999997,"[4.0, 8.0]",16.590542762338,8.000000000000004,10.494103305758665,9.874784843823187,7.014761086064798,2.125358902761927,0.05,0.0,0.0,"[(4.0, 4.0), (7.600000000000003, 8.000000000000004)]",0.8000000000000007,True,8.141208999114081,16.590542762338,False
13.159999999999997,0.00035,0.00035999999999999997,"[4.0, 8.0]",23.157031681426012,8.000000000000004,17.17360963258564,16.568338882034404,6.880644684884503,2.0632536394174625,0.9,0.45,0.15,"[(4.0, 4.0), (7.600000000000003, 8.000000000000004)]",0.8000000000000007,True,14.89044960775354,23.157031681426012,False
13.179999999999996,0.00035,0.00035999999999999997,"[4.0, 8.0]",30.45865284227236,8.000000000000004,24.702419152110853,24.128180516752277,6.635975616104815,1.9608379906289575,1.0,1.0,1.0,"[(4.0, 4.0), (7.600000000000003, 8.000000000000004)]",0.8000000000000007,True,22.539710559139724,30.45865284227236,False
13.199999999999996,0.00035,0.00035999999999999997,"[4.0, 8.0]",37.55371993547988,8.000000000000004,32.981407838086554,32.583026567332496,5.4611959780631345,1.5620053719356557,1.0,1.0,1.0,"[(7.400000000000003, 8.000000000000004)]",0.8000000000000007,True,31.281197754948646,37.55371993547988,False
13.219999999999995,0.00035,0.00035999999999999997,"[4.0, 8.0]",36.703933873307165,6.8000000000000025,35.36999294179049,35.91802717826525,5.53451093870758,1.502289460098707,1.0,1.0,1.0,"[(4.6000000000000005, 8.000000000000004)]",3.600000000000003,True,31.169422934599584,36.703933873307165,False
13.239999999999995,0.00035,0.00035999999999999997,"[4.0, 8.0]",21.02638246524183,6.200000000000002,18.63619796059418,19.40848906583515,8.720922614683634,2.3851827838272146,0.9,0.75,0.4,"[(5.000000000000001, 7.400000000000003)]",2.6000000000000023,True,12.305459850558197,21.02638246524183,False
13.259999999999994,0.00035,0.00035999999999999997,"[4.0, 8.0]",16.941396134069336,5.200000000000001,13.177101368578382,13.993784779833849,14.338377020732487,3.859697287443429,0.4,0.0,0.0,"[(4.800000000000001, 6.000000000000002), (7.400000000000003, 8.000000000000004)]",2.200000000000002,True,2.603019113336849,16.941396134069336,False
13.279999999999994,0.00035,0.00035999999999999997,"[4.0, 8.0]",4.1769895260687475,6.8000000000000025,2.5658591065082277,3.045575062532855,4.135296508582645,1.3940395396449972,0.0,0.0,0.0,"[(4.0, 4.2), (5.400000000000001, 8.000000000000004)]",3.200000000000003,True,0.04169301748610257,4.1769895260687475,False
13.299999999999994,0.00035,0.00035999999999999997,"[4.0, 8.0]",3.744622314985458,7.000000000000003,2.9921657351964868,3.352006214697231,2.855609336608982,0.8434414602926922,0.0,0.0,0.0,"[(4.0, 8.000000000000004)]",4.200000000000004,True,0.8890129783764762,3.744622314985458,False
12.96,0.00035,0.00037999999999999997,"[4.0, 8.0]",28.28134170121025,5.800000000000002,25.159566648802517,25.96630600131261,8.79869619784866,2.8274127444906383,1.0,1.0,0.9,"[(4.800000000000001, 7.000000000000003)]",2.400000000000002,True,17.92950586954377,28.28134170121025,False
12.98,0.00035,0.00037999999999999997,"[4.0, 8.0]",26.935261003445454,6.000000000000002,23.855575117771455,24.645313312846927,8.711544028885715,2.7955534787156537,1.0,1.0,0.9,"[(4.800000000000001, 7.000000000000003)]",2.400000000000002,True,16.741772664885918,26.935261003445454,False
13.0,0.00035,0.00037999999999999997,"[4.0, 8.0]",25.539143813812192,6.000000000000002,22.497209139167587,23.286595653638955,8.635928309108401,2.7634134898837797,1.0,0.95,0.8,"[(4.800000000000001, 7.000000000000003)]",2.400000000000002,True,15.517013235178332,25.539143813812192,False
13.02,0.00035,0.00037999999999999997,"[4.0, 8.0]",23.876195121686838,5.800000000000002,20.85537909066688,21.616579644444663,8.569234316093683,2.7291570860817203,1.0,0.9,0.65,"[(4.800000000000001, 7.000000000000003)]",2.400000000000002,True,14.016238183740136,23.876195121686838,False
13.04,0.00035,0.00037999999999999997,"[4.0, 8.0]",21.948340641949343,5.800000000000002,18.983182937229166,19.74241009072121,8.456191818558871,2.693320844079465,0.9,0.75,0.5,"[(4.800000000000001, 7.000000000000003)]",2.400000000000002,True,12.276984102984638,21.948340641949343,False
13.059999999999999,0.00035,0.00037999999999999997,"[4.0, 8.0]",19.717336771439626,6.000000000000002,16.80037281704118,17.542591647608848,8.318986444744532,2.6450557780640858,0.7,0.55,0.0,"[(4.800000000000001, 7.000000000000003)]",2.400000000000002,True,10.243808769556356,19.717336771439626,False
13.079999999999998,0.00035,0.00037999999999999997,"[4.0, 8.0]",17.228192422877452,5.800000000000002,14.36619077844558,15.092763227213258,8.153231158359569,2.591177214476713,0.5,0.2,0.0,"[(4.800000000000001, 7.000000000000003)]",2.400000000000002,True,7.9837725889589715,17.228192422877452,False
13.099999999999998,0.00035,0.00037999999999999997,"[4.0, 8.0]",14.051166619527498,5.800000000000002,11.269507478006702,11.954976899788866,7.877166784001401,2.5122078319145538,0.0,0.0,0.0,"[(4.800000000000001, 7.000000000000003)]",2.400000000000002,True,5.11419531706836,14.051166619527498,False
13.119999999999997,0.00035,0.00037999999999999997,"[4.0, 8.0]",10.865684848446218,5.800000000000002,8.184706705818606,8.827597862776265,7.489153997370772,2.3998327319373276,0.0,0.0,0.0,"[(4.800000000000001, 7.000000000000003)]",2.400000000000002,True,2.4646939694785037,10.865684848446218,False
13.139999999999997,0.00035,0.00037999999999999997,"[4.0, 8.0]",6.6899826026206375,5.800000000000002,4.293121890901408,4.771268520423812,6.176827400691001,2.055369508128214,0.0,0.0,0.0,"[(4.800000000000001, 7.000000000000003)]",2.400000000000002,True,0.12512697066693484,6.6899826026206375,False
13.159999999999997,0.00035,0.00037999999999999997,"[4.0, 8.0]",1.9788273363106144,5.800000000000002,0.9275609622295281,0.8859492265385951,1.978146716214768,0.6898261131556911,0.0,0.0,0.0,"[(4.0, 8.000000000000004)]",4.200000000000004,True,0.0006806200958465678,1.9788273363106144,False
13.179999999999996,0.00035,0.00037999999999999997,"[4.0, 8.0]",7.6566864888410935,8.000000000000004,2.2639002544349642,1.5445937908861318,5.996967347200452,1.9243611578895907,0.0,0.0,0.0,"[(4.0, 4.2), (7.600000000000003, 8.000000000000004)]",1.0000000000000009,True,0.3774006593759742,7.6566864888410935,False
13.199999999999996,0.00035,0.00037999999999999997,"[4.0, 8.0]",15.53341293921246,8.000000000000004,9.606698614839766,8.959724043107794,7.120888517042496,2.3049233826963067,0.0,0.0,0.0,"[(4.0, 4.2), (7.600000000000003, 8.000000000000004)]",1.0000000000000009,True,7.031108071489226,15.53341293921246,False
13.219999999999995,0.00035,0.00037999999999999997,"[4.0, 8.0]",25.581137429791404,8.000000000000004,19.847837171310577,19.22279806044449,6.786778621664407,2.187756853653378,1.0,1.0,0.4,"[(4.0, 4.0), (7.600000000000003, 8.000000000000004)]",0.8000000000000007,True,17.38804188654659,25.581137429791404,False
13.239999999999995,0.00035,0.00037999999999999997,"[4.0, 8.0]",36.995226541413395,8.000000000000004,32.38237207095209,31.973947167245818,5.615820727660289,1.6330651870534603,1.0,1.0,1.0,"[(4.0, 4.0), (7.400000000000003, 8.000000000000004)]",1.0000000000000009,True,30.480116442211926,36.995226541413395,False
13.259999999999994,0.00035,0.00037999999999999997,"[4.0, 8.0]",33.606918104339485,6.400000000000002,31.218363280961256,32.174844953940436,9.412551191366667,2.603489869031108,1.0,1.0,1.0,"[(5.000000000000001, 7.600000000000003)]",2.8000000000000025,True,24.194366912972818,33.606918104339485,False
13.279999999999994,0.00035,0.00037999999999999997,"[4.0, 8.0]",16.959066736153176,4.0,3.98884555844588,1.836479416660362,16.95216308444057,4.956944962280515,0.05,0.0,0.0,"[(4.0, 4.2)]",0.40000000000000036,True,0.0069036517126061965,16.959066736153176,False
13.299999999999994,0.00035,0.00037999999999999997,"[4.0, 8.0]",6.612010368224285,4.0,2.9558205906024986,3.0866775814987344,6.557946217259767,1.7189368260130131,0.0,0.0,0.0,"[(4.0, 4.4), (6.200000000000002, 7.000000000000003)]",1.6000000000000014,True,0.054064150964517915,6.612010368224285,False
12.96,0.000375,0.00028,"[4.0, 8.0]",39.146712861969256,8.000000000000004,36.80506297446987,36.264178138342245,3.4130054595807167,1.1804458890638638,1.0,1.0,1.0,"[(5.800000000000002, 8.000000000000004)]",2.400000000000002,True,35.675086707327665,39.146712861969256,False
12.98,0.000375,0.00028,"[4.0, 8.0]",38.29881495500286,7.400000000000003,37.22796450502293,37.21902166175524,2.444345927574382,0.7980695301006591,1.0,1.0,1.0,"[(4.0, 8.000000000000004)]",4.200000000000004,True,35.85446902742848,38.29881495500286,True
13.0,0.000375,0.00028,"[4.0, 8.0]",37.08489152042327,6.600000000000002,36.34921606876368,36.57280750555963,2.496328411574126,0.7040289804830845,1.0,1.0,1.0,"[(4.0, 8.000000000000004)]",4.200000000000004,True,34.588563108849144,37.08489152042327,True
13.02,0.000375,0.00028,"[4.0, 8.0]",34.71885494007036,6.200000000000002,33.774701635734864,34.06627879732579,2.940027952922602,0.8943903511824577,1.0,1.0,1.0,"[(4.0, 7.800000000000003)]",4.0000000000000036,True,31.52899555566335,34.71885494007036,True
13.04,0.000375,0.00028,"[4.0, 8.0]",30.688551586001672,5.800000000000002,29.563138281263996,29.87934442039173,3.2419580899539717,1.0394441401959786,1.0,1.0,1.0,"[(4.2, 7.600000000000003)]",3.600000000000003,True,26.724151309486118,30.688551586001672,False
13.059999999999999,0.000375,0.00028,"[4.0, 8.0]",25.0875980636063,5.600000000000001,23.89416387376098,24.224060690677117,3.544457445507753,1.075917069432726,1.0,1.0,1.0,"[(4.2, 7.600000000000003)]",3.600000000000003,True,20.83735515408058,25.0875980636063,False
13.079999999999998,0.000375,0.00028,"[4.0, 8.0]",18.324177420516932,5.600000000000001,17.11754063844549,17.437230797246542,3.7200132986374648,1.0813969881766339,0.95,0.6,0.0,"[(4.0, 7.400000000000003)]",3.600000000000003,True,13.915415711492365,18.324177420516932,False
13.099999999999998,0.000375,0.00028,"[4.0, 8.0]",8.543717611528871,5.600000000000001,6.995460209734006,7.5068131686643955,5.2504643011369945,1.47231128241023,0.0,0.0,0.0,"[(4.0, 7.200000000000003)]",3.400000000000003,True,2.4178359613690175,8.543717611528871,False
13.119999999999997,0.000375,0.00028,"[4.0, 8.0]",12.63327506546931,8.000000000000004,7.892567101016932,7.196174759978004,6.015578859588443,1.7785906386858812,0.0,0.0,0.0,"[(7.200000000000003, 8.000000000000004)]",1.0000000000000009,True,6.002462457629431,12.63327506546931,False
13.139999999999997,0.000375,0.00028,"[4.0, 8.0]",15.222293233803377,6.000000000000002,15.037393582864988,15.081853371613754,0.7896315243879446,0.1766917353233605,0.7,0.0,0.0,"[(4.0, 8.000000000000004)]",4.200000000000004,True,14.432661709415433,15.222293233803377,False
13.159999999999997,0.000375,0.00028,"[4.0, 8.0]",7.68314089213443,8.000000000000004,7.316385955983367,7.361954462173809,1.0020312094191883,0.21356031168349732,0.0,0.0,0.0,"[(4.0, 8.000000000000004)]",4.200000000000004,True,6.548353293121946,7.68314089213443,False
13.179999999999996,0.000375,0.00028,"[4.0, 8.0]",6.114202459999208,4.2,5.66898000118667,5.635829975124262,0.7250920301222399,0.19811421123088216,0.0,0.0,0.0,"[(4.0, 8.000000000000004)]",4.200000000000004,True,5.389110429876968,6.114202459999208,False
13.199999999999996,0.000375,0.00028,"[4.0, 8.0]",5.9181216803335115,4.2,5.785352592032618,5.7787867705361045,0.26217079831355683,0.08203264485662086,0.0,0.0,0.0,"[(4.0, 8.000000000000004)]",4.200000000000004,True,5.655950882019955,5.9181216803335115,False
13.219999999999995,0.000375,0.00028,"[4.0, 8.0]",5.176492085889399,7.000000000000003,5.039664339829349,5.1428655422269465,0.7084992544494604,0.20450490006686575,0.0,0.0,0.0,"[(4.0, 8.000000000000004)]",4.200000000000004,True,4.467992831439939,5.176492085889399,False
13.239999999999995,0.000375,0.00028,"[4.0, 8.0]",4.236364899974271,6.600000000000002,3.9030227599108804,4.103157954163203,1.4519865952215243,0.42587935481640815,0.0,0.0,0.0,"[(4.0, 8.000000000000004)]",4.200000000000004,True,2.784378304752747,4.236364899974271,False
13.259999999999994,0.000375,0.00028,"[4.0, 8.0]",3.2521027224965033,6.600000000000002,2.7369438994261213,3.014624039877723,2.040271729858854,0.6096604492124487,0.0,0.0,0.0,"[(4.0, 8.000000000000004)]",4.200000000000004,True,1.2118309926376496,3.2521027224965033,False
13.279999999999994,0.000375,0.00028,"[4.0, 8.0]",2.6178783986974263,6.600000000000002,2.081967337370007,2.364563547181579,2.0455399763992044,0.6211044579829823,0.0,0.0,0.0,"[(4.0, 8.000000000000004)]",4.200000000000004,True,0.572338422298222,2.6178783986974263,False
13.299999999999994,0.000375,0.00028,"[4.0, 8.0]",2.5222229971330323,6.600000000000002,2.274816088048994,2.4654431734655424,1.29377305532608,0.37164031405553033,0.0,0.0,0.0,"[(4.0, 8.000000000000004)]",4.200000000000004,True,1.2284499418069523,2.5222229971330323,False
12.96,0.000375,0.0003,"[4.0, 8.0]",26.867482746838075,8.000000000000004,20.258911575013705,19.597286378185114,7.358539017409612,2.0909751423438228,1.0,1.0,0.4,"[(7.600000000000003, 8.000000000000004)]",0.6000000000000005,True,18.1538786747991,26.867482746838075,False
12.98,0.000375,0.0003,"[4.0, 8.0]",29.29972935549214,8.000000000000004,22.833953780134983,22.182572800710524,7.21874350667008,2.052991384538791,1.0,1.0,1.0,"[(7.600000000000003, 8.000000000000004)]",0.6000000000000005,True,20.775974444483722,29.29972935549214,False
13.0,0.000375,0.0003,"[4.0, 8.0]",31.753811969753638,8.000000000000004,25.46605087426535,24.837270019612752,7.033059270901646,2.0046443880435145,1.0,1.0,1.0,"[(7.600000000000003, 8.000000000000004)]",0.6000000000000005,True,23.469800243921092,31.753811969753638,False
13.02,0.000375,0.0003,"[4.0, 8.0]",34.45311654312904,8.000000000000004,28.498153203041568,27.877403524305745,6.727168133200941,1.9294969094170862,1.0,1.0,1.0,"[(7.600000000000003, 8.000000000000004)]",0.6000000000000005,True,26.596720048361682,34.45311654312904,False
13.04,0.000375,0.0003,"[4.0, 8.0]",37.02273374256557,8.000000000000004,31.714794065268684,31.12186640555698,6.1346076077005804,1.7837920834835097,1.0,1.0,1.0,"[(7.400000000000003, 8.000000000000004)]",0.8000000000000007,True,29.979263884736895,37.02273374256557,False
13.059999999999999,0.000375,0.0003,"[4.0, 8.0]",38.73330790647649,8.000000000000004,34.82083030058749,34.26022484887255,4.8432396272851435,1.4684132797813656,1.0,1.0,1.0,"[(7.000000000000003, 8.000000000000004)]",1.200000000000001,True,33.4063282356954,38.73330790647649,False
13.079999999999998,0.000375,0.0003,"[4.0, 8.0]",38.26932824197985,7.800000000000003,36.676691914109696,36.35982162776037,2.8053168345686075,0.9561620100313113,1.0,1.0,1.0,"[(4.0, 8.000000000000004)]",4.200000000000004,True,35.46401140741124,38.26932824197985,True
13.099999999999998,0.000375,0.0003,"[4.0, 8.0]",36.12601493216502,6.400000000000002,35.178631142623935,35.485524511574454,3.5016590088239354,0.9669368292660379,1.0,1.0,1.0,"[(4.2, 8.000000000000004)]",4.0000000000000036,True,32.624355923341085,36.12601493216502,False
13.119999999999997,0.000375,0.0003,"[4.0, 8.0]",31.203304825543412,6.200000000000002,29.86092148202921,30.243460118261478,4.392601943332156,1.2710167861856827,1.0,1.0,1.0,"[(4.4, 7.600000000000003)]",3.400000000000003,True,26.810702882211256,31.203304825543412,False
13.139999999999997,0.000375,0.0003,"[4.0, 8.0]",21.919086267422117,5.800000000000002,20.4795387225108,20.85431237436847,4.3728068702249026,1.317019813848932,1.0,1.0,0.7,"[(4.4, 7.600000000000003)]",3.400000000000003,True,17.442160534923868,21.919086267422117,False
13.159999999999997,0.000375,0.0003,"[4.0, 8.0]",8.0973290296104,5.800000000000002,5.986994382611128,6.639376764149695,6.137710178732766,1.948969833909443,0.0,0.0,0.0,"[(4.6000000000000005, 7.200000000000003)]",2.8000000000000025,True,0.9147110575702622,8.0973290296104,False
13.179999999999996,0.000375,0.0003,"[4.0, 8.0]",13.680551226744814,4.0,9.356125009855791,10.758542073937733,13.611250437330641,4.198730756017549,0.0,0.0,0.0,"[(4.0, 4.2), (6.200000000000002, 8.000000000000004)]",2.400000000000002,True,0.06930078941417318,13.680551226744814,False
13.199999999999996,0.000375,0.0003,"[4.0, 8.0]",10.380532806168778,6.8000000000000025,9.394565637017983,9.970113609686127,4.778739855893875,1.273609623151906,0.0,0.0,0.0,"[(4.4, 8.000000000000004)]",3.8000000000000034,True,5.601792950274904,10.380532806168778,False
13.219999999999995,0.000375,0.0003,"[4.0, 8.0]",0.5387628135873016,7.000000000000003,0.33657056164370897,0.3839664782467807,0.5275343126785967,0.16811022443367335,0.0,0.0,0.0,"[(4.0, 8.000000000000004)]",4.200000000000004,True,0.0112285009087049,0.5387628135873016,False
13.239999999999995,0.000375,0.0003,"[4.0, 8.0]",1.9644239830503714,6.600000000000002,1.6906121828355114,1.7653934246922902,0.81077993020701,0.23173588430493586,0.0,0.0,0.0,"[(4.0, 8.000000000000004)]",4.200000000000004,True,1.1536440528433614,1.9644239830503714,False
13.259999999999994,0.000375,0.0003,"[4.0, 8.0]",2.9630891515430817,6.600000000000002,2.526515160742049,2.710433001937779,1.4277300388236749,0.4451578869341586,0.0,0.0,0.0,"[(4.0, 8.000000000000004)]",4.200000000000004,True,1.5353591127194068,2.9630891515430817,False
13.279999999999994,0.000375,0.0003,"[4.0, 8.0]",3.423270741254068,6.600000000000002,3.018582386037352,3.219742827603132,1.5077779440169854,0.4551855471169259,0.0,0.0,0.0,"[(4.0, 8.000000000000004)]",4.200000000000004,True,1.9154927972370825,3.423270741254068,False
13.299999999999994,0.000375,0.0003,"[4.0, 8.0]",3.0978517138191943,8.000000000000004,3.0275569084476865,3.0318897596160745,0.2593048165969152,0.059675167216104094,0.0,0.0,0.0,"[(4.0, 8.000000000000004)]",4.200000000000004,True,2.833987321735182,3.0978517138191943,False
12.96,0.000375,0.00031999999999999997,"[4.0, 8.0]",8.049673274052484,8.000000000000004,2.19326048516126,1.5597399242437529,5.996590959020453,1.7003436936475467,0.0,0.0,0.0,"[(7.600000000000003, 8.000000000000004)]",0.6000000000000005,True,0.5733449709418944,8.049673274052484,False
12.98,0.000375,0.00031999999999999997,"[4.0, 8.0]",10.123041927115256,8.000000000000004,3.8338529134848756,3.2007487894851074,6.770191446560647,1.9451589562693206,0.0,0.0,0.0,"[(7.600000000000003, 8.000000000000004)]",0.6000000000000005,True,1.8482998446574554,10.123041927115256,False
13.0,0.000375,0.00031999999999999997,"[4.0, 8.0]",12.305404571023796,8.000000000000004,5.839683330426778,5.224626424368977,7.134881406485469,2.0586895780941488,0.0,0.0,0.0,"[(7.600000000000003, 8.000000000000004)]",0.6000000000000005,True,3.671565620175896,12.305404571023796,False
13.02,0.000375,0.00031999999999999997,"[4.0, 8.0]",14.9169556895638,8.000000000000004,8.421918097969435,7.812596917751841,7.263267510815211,2.0972068317574752,0.0,0.0,0.0,"[(7.600000000000003, 8.000000000000004)]",0.6000000000000005,True,6.18255688691519,14.9169556895638,False
13.04,0.000375,0.00031999999999999997,"[4.0, 8.0]",17.90431204921272,8.000000000000004,11.455452481116003,10.84994166643748,7.2541482297706,2.089279469138531,0.1,0.0,0.0,"[(7.600000000000003, 8.000000000000004)]",0.6000000000000005,True,9.20946133996409,17.90431204921272,False
13.059999999999999,0.000375,0.00031999999999999997,"[4.0, 8.0]",21.35587046161679,8.000000000000004,15.00448275990133,14.40090634465552,7.171418849976007,2.0587740566536947,0.4,0.2,0.0,"[(7.600000000000003, 8.000000000000004)]",0.6000000000000005,True,12.788352987559108,21.35587046161679,False
13.079999999999998,0.000375,0.00031999999999999997,"[4.0, 8.0]",25.194085366671885,8.000000000000004,18.961164068265482,18.36055207252177,7.051073826830809,2.016855739782825,1.0,0.85,0.3,"[(7.600000000000003, 8.000000000000004)]",0.6000000000000005,True,16.795105340693745,25.194085366671885,False
13.099999999999998,0.000375,0.00031999999999999997,"[4.0, 8.0]",29.96687852990334,8.000000000000004,23.931407691499672,23.336520630591828,6.854349785676181,1.9518501229586127,1.0,1.0,1.0,"[(7.600000000000003, 8.000000000000004)]",0.6000000000000005,True,21.841513700245045,29.96687852990334,False
13.119999999999997,0.000375,0.00031999999999999997,"[4.0, 8.0]",34.402516081377,8.000000000000004,28.79540751067289,28.242899137002066,6.444964983175808,1.8318108849944528,1.0,1.0,1.0,"[(7.600000000000003, 8.000000000000004)]",0.6000000000000005,True,26.853177275700617,34.402516081377,False
13.139999999999997,0.000375,0.00031999999999999997,"[4.0, 8.0]",38.200568903521976,8.000000000000004,34.256897988135826,33.81167646193988,4.829421166029007,1.4133121044185082,1.0,1.0,1.0,"[(7.200000000000003, 8.000000000000004)]",1.0000000000000009,True,32.832635053923,38.200568903521976,False
13.159999999999997,0.000375,0.00031999999999999997,"[4.0, 8.0]",36.948452672665205,7.000000000000003,35.89790065848619,36.19649676329422,3.786039315287077,1.0353612416266174,1.0,1.0,1.0,"[(4.2, 8.000000000000004)]",4.0000000000000036,True,33.16241335737813,36.948452672665205,False
13.179999999999996,0.000375,0.00031999999999999997,"[4.0, 8.0]",29.981482766629544,6.200000000000002,28.216713119816518,28.76134088396095,6.153492270054652,1.7028889944607744,1.0,1.0,1.0,"[(4.6000000000000005, 7.600000000000003)]",3.200000000000003,True,23.82799049657489,29.981482766629544,False
13.199999999999996,0.000375,0.00031999999999999997,"[4.0, 8.0]",15.728016808025496,6.200000000000002,13.695551220633106,14.288122317923989,7.131022145562964,1.961617055439708,0.35,0.0,0.0,"[(4.800000000000001, 7.400000000000003)]",2.8000000000000025,True,8.596994662462532,15.728016808025496,False
13.219999999999995,0.000375,0.00031999999999999997,"[4.0, 8.0]",16.105548826141735,4.4,8.109884848302997,7.6398140299812685,15.823478230774999,4.927455955906426,0.15,0.0,0.0,"[(4.0, 4.800000000000001)]",1.0000000000000009,True,0.28207059536673623,16.105548826141735,False
13.239999999999995,0.000375,0.00031999999999999997,"[4.0, 8.0]",8.73655436918959,4.2,7.487973383522369,7.287050338771724,2.1593830228248727,0.7807187691282003,0.0,0.0,0.0,"[(4.0, 8.000000000000004)]",4.200000000000004,True,6.577171346364718,8.73655436918959,False
13.259999999999994,0.000375,0.00031999999999999997,"[4.0, 8.0]",4.982431008557999,7.000000000000003,4.270558217223433,4.628029281920094,2.917480375559777,0.8231371437290326,0.0,0.0,0.0,"[(4.0, 8.000000000000004)]",4.200000000000004,True,2.064950632998222,4.982431008557999,False
13.279999999999994,0.000375,0.00031999999999999997,"[4.0, 8.0]",1.1181759546467986,4.0,0.9554009200057478,0.9497249715090956,0.22735883323510098,0.04988962818542563,0.0,0.0,0.0,"[(4.0, 8.000000000000004)]",4.200000000000004,True,0.8714344060314763,1.1181759546467986,False
13.299999999999994,0.000375,0.00031999999999999997,"[4.0, 8.0]",4.18280715606822,6.400000000000002,4.087018685711324,4.139975146548122,0.4007379884597788,0.11679150134834106,0.0,0.0,0.0,"[(4.0, 8.000000000000004)]",4.200000000000004,True,3.7820691676084413,4.18280715606822,False
12.96,0.000375,0.00033999999999999997,"[4.0, 8.0]",11.887013257178005,5.800000000000002,9.187446919651272,9.846278466747776,7.653902221676792,2.404193003634339,0.0,0.0,0.0,"[(4.800000000000001, 7.000000000000003)]",2.400000000000002,True,2.80509252571077,11.887013257178005,False
12.98,0.000375,0.00033999999999999997,"[4.0, 8.0]",10.200852747535208,5.800000000000002,7.595383290655056,8.217834908247799,7.2879148281599395,2.306159491737376,0.0,0.0,0.0,"[(4.800000000000001, 7.000000000000003)]",2.400000000000002,True,1.6520408532872888,10.200852747535208,False
13.0,0.000375,0.00033999999999999997,"[4.0, 8.0]",8.485697386979352,5.800000000000002,5.996794745284781,6.565622981027262,6.804371618370331,2.173654536836164,0.0,0.0,0.0,"[(4.6000000000000005, 7.000000000000003)]",2.6000000000000023,True,0.7046783931905959,8.485697386979352,False
13.02,0.000375,0.00033999999999999997,"[4.0, 8.0]",6.4655135727752455,5.800000000000002,4.191832916963216,4.65262078192235,5.924446054600118,1.9418769497398294,0.0,0.0,0.0,"[(4.6000000000000005, 7.000000000000003)]",2.6000000000000023,True,0.058634383722588265,6.4655135727752455,False
13.04,0.000375,0.00033999999999999997,"[4.0, 8.0]",4.271148839328582,5.800000000000002,2.3860192252876167,2.628220850836297,4.270812600774736,1.4968688356915025,0.0,0.0,0.0,"[(4.6000000000000005, 7.200000000000003)]",2.8000000000000025,True,0.00033623855384560793,4.271148839328582,False
13.059999999999999,0.000375,0.00033999999999999997,"[4.0, 8.0]",1.9629257361841634,5.800000000000002,0.9137539214877352,0.7686126390240844,1.9628980572530033,0.6995513645318949,0.0,0.0,0.0,"[(4.0, 8.000000000000004)]",4.200000000000004,True,2.7678931160160305e-05,1.9629257361841634,False
13.079999999999998,0.000375,0.00033999999999999997,"[4.0, 8.0]",4.345667374934176,8.000000000000004,0.5858045864783656,0.1899021946242344,2.979155704466778,0.8260493411246358,0.0,0.0,0.0,"[(4.0, 4.0), (7.600000000000003, 8.000000000000004)]",0.8000000000000007,True,0.005112061275924121,4.345667374934176,False
13.099999999999998,0.000375,0.00033999999999999997,"[4.0, 8.0]",8.375308535400674,8.000000000000004,2.6408050447007723,1.9669721445160588,6.134887133969242,1.8643562995349847,0.0,0.0,0.0,"[(4.0, 4.0), (7.600000000000003, 8.000000000000004)]",0.8000000000000007,True,0.7544237911466595,8.375308535400674,False
13.119999999999997,0.000375,0.00033999999999999997,"[4.0, 8.0]",12.648240319463202,8.000000000000004,6.495657928892383,5.852845344465782,7.027910808822268,2.1463854409859264,0.0,0.0,0.0,"[(4.0, 4.0), (7.600000000000003, 8.000000000000004)]",0.8000000000000007,True,4.143357437036748,12.648240319463202,False
13.139999999999997,0.000375,0.00033999999999999997,"[4.0, 8.0]",18.382129076787542,8.000000000000004,12.274491222777764,11.651891202732557,7.049823019751386,2.1369704503559754,0.15,0.0,0.0,"[(4.0, 4.0), (7.600000000000003, 8.000000000000004)]",0.8000000000000007,True,9.903470044733808,18.382129076787542,False
13.159999999999997,0.000375,0.00033999999999999997,"[4.0, 8.0]",25.332265142892094,8.000000000000004,19.370678863369307,18.769171867182564,6.868144255334176,2.0580495959287064,1.0,1.0,0.35,"[(4.0, 4.0), (7.600000000000003, 8.000000000000004)]",0.8000000000000007,True,17.091711690329607,25.332265142892094,False
13.179999999999996,0.000375,0.00033999999999999997,"[4.0, 8.0]",32.82351132667815,8.000000000000004,27.24400854822621,26.696729556739093,6.478952091220627,1.9038318285371398,1.0,1.0,1.0,"[(4.0, 4.0), (7.600000000000003, 8.000000000000004)]",0.8000000000000007,True,25.137129708193605,32.82351132667815,False
13.199999999999996,0.000375,0.00033999999999999997,"[4.0, 8.0]",38.01908071337142,8.000000000000004,34.8207451942291,34.49706574651094,4.051615328433293,1.1927725374682012,1.0,1.0,1.0,"[(6.8000000000000025, 8.000000000000004)]",1.4000000000000012,True,33.63378421930974,38.01908071337142,False
13.219999999999995,0.000375,0.00033999999999999997,"[4.0, 8.0]",33.21971605981767,6.400000000000002,31.260495479839875,31.99706877660514,7.548811990135942,2.074285984882058,1.0,1.0,1.0,"[(4.800000000000001, 7.600000000000003)]",3.0000000000000027,True,25.67090406968173,33.21971605981767,False
13.239999999999995,0.000375,0.00033999999999999997,"[4.0, 8.0]",12.746221190764293,6.200000000000002,9.380217158800027,10.65774686859601,12.706008608313638,3.5375067899215673,0.0,0.0,0.0,"[(5.200000000000001, 7.200000000000003)]",2.200000000000002,True,0.04021258245065448,12.746221190764293,False
13.259999999999994,0.000375,0.00033999999999999997,"[4.0, 8.0]",12.403644555571807,5.400000000000001,10.860217412801424,11.626887151556563,10.141257173846352,2.401101122454375,0.0,0.0,0.0,"[(4.6000000000000005, 8.000000000000004)]",3.600000000000003,True,2.2623873817254547,12.403644555571807,False
13.279999999999994,0.000375,0.00033999999999999997,"[4.0, 8.0]",7.808232572781474,5.600000000000001,7.526500156734573,7.770523170914744,2.032639881078876,0.5234500891223369,0.0,0.0,0.0,"[(4.0, 8.000000000000004)]",4.200000000000004,True,5.775592691702598,7.808232572781474,False
13.299999999999994,0.000375,0.00033999999999999997,"[4.0, 8.0]",4.102073688712514,4.0,3.300218670454117,3.16852812551065,1.1551493737913079,0.3466674575385483,0.0,0.0,0.0,"[(4.0, 8.000000000000004)]",4.200000000000004,True,2.9469243149212065,4.102073688712514,False
12.96,0.000375,0.00035999999999999997,"[4.0, 8.0]",29.788622205396656,6.000000000000002,26.681495145254814,27.478443327495906,8.802954505757413,2.8274014902268383,1.0,1.0,1.0,"[(4.800000000000001, 7.000000000000003)]",2.400000000000002,True,19.46908639924563,29.788622205396656,False
12.98,0.000375,0.00035999999999999997,"[4.0, 8.0]",28.346176215662524,6.000000000000002,25.25870946945905,26.060281706937715,8.755301126764248,2.8037530299017535,1.0,1.0,0.95,"[(4.800000000000001, 7.000000000000003)]",2.400000000000002,True,18.161049085399668,28.346176215662524,False
13.0,0.000375,0.00035999999999999997,"[4.0, 8.0]",26.846921934890112,6.000000000000002,23.787036907554306,24.58180550708309,8.698804448585467,2.774367017953341,1.0,1.0,0.85,"[(4.800000000000001, 7.000000000000003)]",2.400000000000002,True,16.80023795409484,26.846921934890112,False
13.02,0.000375,0.00035999999999999997,"[4.0, 8.0]",25.04007774505936,6.000000000000002,22.014569647288447,22.791389384280627,8.62216821114097,2.74415811364668,1.0,0.9,0.75,"[(4.800000000000001, 7.000000000000003)]",2.400000000000002,True,15.178170987399914,25.04007774505936,False
13.04,0.000375,0.00035999999999999997,"[4.0, 8.0]",22.98212053384681,5.800000000000002,19.994016368012506,20.752967082385208,8.532613380763138,2.7054484711626525,0.95,0.8,0.6,"[(4.800000000000001, 7.000000000000003)]",2.400000000000002,True,13.262485338337571,22.98212053384681,False
13.059999999999999,0.000375,0.00035999999999999997,"[4.0, 8.0]",20.58969880245149,6.000000000000002,17.65093728367779,18.397462170740667,8.414808928743192,2.6662140667014644,0.8,0.65,0.3,"[(4.800000000000001, 7.000000000000003)]",2.400000000000002,True,11.06394265103333,20.58969880245149,False
13.079999999999998,0.000375,0.00035999999999999997,"[4.0, 8.0]",17.9305305697069,6.000000000000002,15.044198754290102,15.78127072264533,8.25465167268639,2.613861563674684,0.6,0.3,0.0,"[(4.800000000000001, 7.000000000000003)]",2.400000000000002,True,8.611016264021275,17.9305305697069,False
13.099999999999998,0.000375,0.00035999999999999997,"[4.0, 8.0]",14.54369509779184,5.800000000000002,11.729341831740573,12.43085227133776,8.022759242378482,2.5451807870006995,0.0,0.0,0.0,"[(4.800000000000001, 7.000000000000003)]",2.400000000000002,True,5.516953828341569,14.54369509779184,False
13.119999999999997,0.000375,0.00035999999999999997,"[4.0, 8.0]",11.159781455272242,5.800000000000002,8.428338569803753,9.088751143483329,7.668892102666322,2.447333277426523,0.0,0.0,0.0,"[(4.800000000000001, 7.000000000000003)]",2.400000000000002,True,2.6069873338809146,11.159781455272242,False
13.139999999999997,0.000375,0.00035999999999999997,"[4.0, 8.0]",6.7061276155998275,5.800000000000002,4.258147886074011,4.743017684941774,6.292322339019469,2.091959269656305,0.0,0.0,0.0,"[(4.800000000000001, 7.000000000000003)]",2.400000000000002,True,0.08485834960483724,6.7061276155998275,False
13.159999999999997,0.000375,0.00035999999999999997,"[4.0, 8.0]",2.313897305005939,8.000000000000004,0.8281024616143139,0.8432492997976415,1.657525287301887,0.5921413571938529,0.0,0.0,0.0,"[(4.0, 8.000000000000004)]",4.200000000000004,True,0.022296882381676788,2.313897305005939,False
13.179999999999996,0.000375,0.00035999999999999997,"[4.0, 8.0]",8.814170022685255,8.000000000000004,3.08358475954127,2.35742100903705,6.77806041951815,2.1582796033487894,0.0,0.0,0.0,"[(4.0, 4.2), (7.600000000000003, 8.000000000000004)]",1.0000000000000009,True,0.8591627376111497,8.814170022685255,False
13.199999999999996,0.000375,0.00035999999999999997,"[4.0, 8.0]",17.18786676634935,8.000000000000004,11.249877149727658,10.615770631261386,7.325643155844261,2.3466208097189987,0.1,0.0,0.0,"[(4.0, 4.2), (7.600000000000003, 8.000000000000004)]",1.0000000000000009,True,8.624358253595098,17.18786676634935,False
13.219999999999995,0.000375,0.00035999999999999997,"[4.0, 8.0]",27.74553923937068,8.000000000000004,22.05336911826449,21.4351498540028,6.766728471484363,2.1983280640846954,1.0,1.0,0.8,"[(4.0, 4.2), (7.600000000000003, 8.000000000000004)]",1.0000000000000009,True,19.578953316670553,27.74553923937068,False
13.239999999999995,0.000375,0.00035999999999999997,"[4.0, 8.0]",37.61975726948167,8.000000000000004,34.12805070394999,33.920995478681064,4.411699578595922,1.231685487961457,1.0,1.0,1.0,"[(7.000000000000003, 8.000000000000004)]",1.200000000000001,True,32.76050235448544,37.61975726948167,False
13.259999999999994,0.000375,0.00035999999999999997,"[4.0, 8.0]",28.42731728191664,6.400000000000002,25.5514395320954,26.585602071287745,10.832661330818834,3.0114057459926875,1.0,1.0,0.9,"[(5.200000000000001, 7.400000000000003)]",2.400000000000002,True,17.594655951097806,28.42731728191664,False
13.279999999999994,0.000375,0.00035999999999999997,"[4.0, 8.0]",17.6905790203545,5.600000000000001,14.060143451927384,15.594073430039742,16.657356293191658,4.328065842970392,0.6,0.25,0.0,"[(5.200000000000001, 8.000000000000004)]",3.0000000000000027,True,1.033222727162843,17.6905790203545,False
13.299999999999994,0.000375,0.00035999999999999997,"[4.0, 8.0]",8.246440173056364,5.600000000000001,7.604128658567525,8.114355546912899,4.543783551004587,1.1728251473077433,0.0,0.0,0.0,"[(4.2, 8.000000000000004)]",4.0000000000000036,True,3.7026566220517765,8.246440173056364,False
12.96,0.000375,0.00037999999999999997,"[4.0, 8.0]",43.46144787488184,6.400000000000002,41.58840357940263,42.3227493364936,6.894272342001884,1.982118805124565,1.0,1.0,1.0,"[(4.6000000000000005, 7.400000000000003)]",3.0000000000000027,True,36.50124760334685,43.46144787488184,False
12.98,0.000375,0.00037999999999999997,"[4.0, 8.0]",43.019384295028296,6.200000000000002,40.909350308626266,41.775710100182806,7.482715102378471,2.1781957574351813,1.0,1.0,1.0,"[(4.800000000000001, 7.400000000000003)]",2.8000000000000025,True,35.494906858752316,43.019384295028296,False
13.0,0.000375,0.00037999999999999997,"[4.0, 8.0]",42.44531195405946,6.200000000000002,40.10594224943474,40.98802829176141,8.026933109628239,2.354508725062773,1.0,1.0,1.0,"[(4.800000000000001, 7.200000000000003)]",2.6000000000000023,True,34.418378844431224,42.44531195405946,False
13.02,0.000375,0.00037999999999999997,"[4.0, 8.0]",41.57759904036745,6.000000000000002,39.0110703003726,39.89178833269786,8.55475323756609,2.525758802406214,1.0,1.0,1.0,"[(4.800000000000001, 7.200000000000003)]",2.6000000000000023,True,33.02284580280136,41.57759904036745,False
13.04,0.000375,0.00037999999999999997,"[4.0, 8.0]",40.41580692612389,6.000000000000002,37.62918416928246,38.51204179070777,9.02850029094741,2.674297267218688,1.0,1.0,1.0,"[(4.800000000000001, 7.200000000000003)]",2.6000000000000023,True,31.387306635176483,40.41580692612389,False
13.059999999999999,0.000375,0.00037999999999999997,"[4.0, 8.0]",38.846798817932545,6.000000000000002,35.886114129344705,36.76333319681265,9.392526150979947,2.785847121845365,1.0,1.0,1.0,"[(5.000000000000001, 7.000000000000003)]",2.200000000000002,True,29.454272666952598,38.846798817932545,False
13.079999999999998,0.000375,0.00037999999999999997,"[4.0, 8.0]",36.880893047380745,6.000000000000002,33.81477107129995,34.689446019610784,9.60901809993128,2.8599597264269714,1.0,1.0,1.0,"[(5.000000000000001, 7.000000000000003)]",2.200000000000002,True,27.271874947449465,36.880893047380745,False
13.099999999999998,0.000375,0.00037999999999999997,"[4.0, 8.0]",34.15672501916743,6.000000000000002,31.030024876853957,31.887817230888814,9.732000071100614,2.8992696083685834,1.0,1.0,1.0,"[(5.000000000000001, 7.000000000000003)]",2.200000000000002,True,24.424724948066817,34.15672501916743,False
13.119999999999997,0.000375,0.00037999999999999997,"[4.0, 8.0]",31.304928030305685,6.000000000000002,28.162951848976796,29.017015669551377,9.7460410062601,2.903766373002733,1.0,1.0,1.0,"[(5.000000000000001, 7.000000000000003)]",2.200000000000002,True,21.558887024045585,31.304928030305685,False
13.139999999999997,0.000375,0.00037999999999999997,"[4.0, 8.0]",27.417933972800487,6.000000000000002,24.277532967101664,25.10410049929756,9.688615276448981,2.884045860842675,1.0,1.0,0.85,"[(5.000000000000001, 7.000000000000003)]",2.200000000000002,True,17.729318696351505,27.417933972800487,False
13.159999999999997,0.000375,0.00037999999999999997,"[4.0, 8.0]",22.628385482236585,6.000000000000002,19.52693464495973,20.337076095346298,9.539669069997124,2.8402960352675986,0.95,0.75,0.55,"[(5.000000000000001, 7.000000000000003)]",2.200000000000002,True,13.08871641223946,22.628385482236585,False
13.179999999999996,0.000375,0.00037999999999999997,"[4.0, 8.0]",17.17391201653053,6.000000000000002,14.148273256638769,14.942364767168133,9.316446337496945,2.7797043337484184,0.45,0.15,0.0,"[(5.000000000000001, 7.000000000000003)]",2.200000000000002,True,7.857465679033584,17.17391201653053,False
13.199999999999996,0.000375,0.00037999999999999997,"[4.0, 8.0]",10.652920369996524,6.000000000000002,7.729761246950626,8.46767581251859,8.73984373262446,2.657035562749075,0.0,0.0,0.0,"[(5.000000000000001, 7.000000000000003)]",2.200000000000002,True,1.913076637372064,10.652920369996524,False
13.219999999999995,0.000375,0.00037999999999999997,"[4.0, 8.0]",2.443169367950194,6.000000000000002,1.2129665827974976,1.0614525724508779,2.42552578772738,0.8791861578767388,0.0,0.0,0.0,"[(4.0, 8.000000000000004)]",4.200000000000004,True,0.017643580222813753,2.443169367950194,False
13.239999999999995,0.000375,0.00037999999999999997,"[4.0, 8.0]",14.35361572212302,4.0,8.189358154673062,7.4196329180180145,9.152678351027422,2.7409030652265476,0.0,0.0,0.0,"[(4.0, 4.2), (7.800000000000003, 8.000000000000004)]",0.8000000000000007,True,5.200937371095598,14.35361572212302,False
13.259999999999994,0.000375,0.00037999999999999997,"[4.0, 8.0]",29.074826415019025,8.000000000000004,23.585611955628927,22.906011512110123,8.070641233173312,2.4648010993926563,1.0,1.0,1.0,"[(4.0, 4.2), (7.600000000000003, 8.000000000000004)]",1.0000000000000009,True,20.86613595347027,29.074826415019025,False
13.279999999999994,0.000375,0.00037999999999999997,"[4.0, 8.0]",36.036255990021175,7.000000000000003,34.106246296552314,35.03791268071774,8.799092975748984,2.3676680118685134,1.0,1.0,1.0,"[(4.800000000000001, 8.000000000000004)]",3.400000000000003,True,27.23716301427219,36.036255990021175,False
13.299999999999994,0.000375,0.00037999999999999997,"[4.0, 8.0]",17.950215414042205,5.000000000000001,7.182514427542289,7.175629858326641,17.924584518653088,6.493048139876518,0.2,0.1,0.0,"[(4.800000000000001, 5.400000000000001)]",0.8000000000000007,True,0.025630895389117878,17.950215414042205,False
12.96,0.00039999999999999996,0.00028,"[4.0, 8.0]",30.9621604967074,8.000000000000004,24.54462240127102,23.87121525764824,7.191049603883968,2.053352205641058,1.0,1.0,1.0,"[(7.600000000000003, 8.000000000000004)]",0.6000000000000005,True,22.518306866904666,30.9621604967074,False
12.98,0.00039999999999999996,0.00028,"[4.0, 8.0]",33.40517690011493,8.000000000000004,27.254317638462254,26.594650697200013,6.933144946775716,1.98962137619976,1.0,1.0,1.0,"[(7.600000000000003, 8.000000000000004)]",0.6000000000000005,True,25.3061765958703,33.40517690011493,False
13.0,0.00039999999999999996,0.00028,"[4.0, 8.0]",35.65330537408367,8.000000000000004,29.9418778604667,29.30228780671441,6.52468988438963,1.890227814797621,1.0,1.0,1.0,"[(7.400000000000003, 8.000000000000004)]",0.8000000000000007,True,28.107472477071433,35.65330537408367,False
13.02,0.00039999999999999996,0.00028,"[4.0, 8.0]",37.62923428933576,8.000000000000004,32.8148916299268,32.22544541009063,5.703694583924744,1.6907472036750313,1.0,1.0,1.0,"[(7.200000000000003, 8.000000000000004)]",1.0000000000000009,True,31.190748401140482,37.62923428933576,False
13.04,0.00039999999999999996,0.00028,"[4.0, 8.0]",38.40781505277096,8.000000000000004,35.28265941065237,34.68042605682088,4.10328881548341,1.30733448032124,1.0,1.0,1.0,"[(6.600000000000002, 8.000000000000004)]",1.6000000000000014,True,34.042097665825835,38.40781505277096,False
13.059999999999999,0.00039999999999999996,0.00028,"[4.0, 8.0]",37.39349892852429,7.400000000000003,36.266864399883026,36.252847705810716,2.6807663540800633,0.8347244440361701,1.0,1.0,1.0,"[(4.0, 8.000000000000004)]",4.200000000000004,True,34.712732574444225,37.39349892852429,True
13.079999999999998,0.00039999999999999996,0.00028,"[4.0, 8.0]",35.229316164304706,6.200000000000002,34.266672784233165,34.595316714742395,3.4555385284876756,0.9629539141870517,1.0,1.0,1.0,"[(4.2, 8.000000000000004)]",4.0000000000000036,True,31.77377763581703,35.229316164304706,False
13.099999999999998,0.00039999999999999996,0.00028,"[4.0, 8.0]",29.569523817203994,5.800000000000002,28.26447249206955,28.630857687388453,4.137750235174337,1.2352344820483714,1.0,1.0,1.0,"[(4.4, 7.600000000000003)]",3.400000000000003,True,25.431773582029656,29.569523817203994,False
13.119999999999997,0.00039999999999999996,0.00028,"[4.0, 8.0]",21.931927083243288,5.800000000000002,20.544114152433146,20.898274383025853,4.08194751772022,1.2630666851943542,1.0,1.0,0.7,"[(4.4, 7.600000000000003)]",3.400000000000003,True,17.47289497192169,21.931927083243288,False
13.139999999999997,0.00039999999999999996,0.00028,"[4.0, 8.0]",10.2335378618639,5.800000000000002,8.454946357715283,9.00725341839541,5.406877418446779,1.6556039224458998,0.0,0.0,0.0,"[(4.4, 7.200000000000003)]",3.0000000000000027,True,3.685047025787833,10.2335378618639,False
13.159999999999997,0.00039999999999999996,0.00028,"[4.0, 8.0]",16.693679887846397,8.000000000000004,10.358639741533873,11.178626823629333,14.926929684164595,4.270092996280407,0.15,0.0,0.0,"[(7.000000000000003, 8.000000000000004)]",1.200000000000001,True,1.2294092484407038,16.693679887846397,False
13.179999999999996,0.00039999999999999996,0.00028,"[4.0, 8.0]",11.00815296031293,5.000000000000001,10.766404252689279,10.749759625816584,0.4341347457797866,0.1437412822379237,0.0,0.0,0.0,"[(4.0, 8.000000000000004)]",4.200000000000004,True,10.574018214533144,11.00815296031293,False
13.199999999999996,0.00039999999999999996,0.00028,"[4.0, 8.0]",8.384612301473398,7.000000000000003,8.101759216686025,8.253403700877389,1.2902135374397599,0.34647031117075355,0.0,0.0,0.0,"[(4.0, 8.000000000000004)]",4.200000000000004,True,7.094398764033638,8.384612301473398,False
13.219999999999995,0.00039999999999999996,0.00028,"[4.0, 8.0]",5.826144860389018,7.000000000000003,5.723597816162967,5.761088508972517,0.4741662700111773,0.11406326291714511,0.0,0.0,0.0,"[(4.0, 8.000000000000004)]",4.200000000000004,True,5.351978590377841,5.826144860389018,False
13.239999999999995,0.00039999999999999996,0.00028,"[4.0, 8.0]",4.232410864737683,4.2,3.9272416499084777,3.88722113494316,0.4845915335508053,0.14055658391894715,0.0,0.0,0.0,"[(4.0, 8.000000000000004)]",4.200000000000004,True,3.7478193311868777,4.232410864737683,False
13.259999999999994,0.00039999999999999996,0.00028,"[4.0, 8.0]",3.5149242172090474,4.2,2.9816451520687726,2.8852013450022884,0.8327107677703451,0.2690277126160732,0.0,0.0,0.0,"[(4.0, 8.000000000000004)]",4.200000000000004,True,2.682213449438702,3.5149242172090474,False
13.279999999999994,0.00039999999999999996,0.00028,"[4.0, 8.0]",2.743352044553583,4.0,1.8903079272639203,1.7322575131781308,1.2685231294110773,0.4045745650905152,0.0,0.0,0.0,"[(4.0, 8.000000000000004)]",4.200000000000004,True,1.4748289151425056,2.743352044553583,False
13.299999999999994,0.00039999999999999996,0.00028,"[4.0, 8.0]",0.8877497288138212,4.0,0.14860469979363963,0.01484426807055657,0.8874995111023357,0.2556471184776368,0.0,0.0,0.0,"[(4.0, 8.000000000000004)]",4.200000000000004,True,0.00025021771148551726,0.8877497288138212,False
12.96,0.00039999999999999996,0.0003,"[4.0, 8.0]",11.104969144080034,8.000000000000004,4.616940814259168,3.983978696136731,7.07188615663385,2.0229700904846095,0.0,0.0,0.0,"[(7.600000000000003, 8.000000000000004)]",0.6000000000000005,True,2.5314020183525643,11.104969144080034,False
12.98,0.00039999999999999996,0.0003,"[4.0, 8.0]",13.40952945242796,8.000000000000004,6.810060718386437,6.180939384133939,7.3180123112478555,2.0997166821557336,0.0,0.0,0.0,"[(7.600000000000003, 8.000000000000004)]",0.6000000000000005,True,4.596872087031906,13.40952945242796,False
13.0,0.00039999999999999996,0.0003,"[4.0, 8.0]",15.80480289552796,8.000000000000004,9.212801305824717,8.588216136099106,7.367627705885032,2.1139777438467022,0.0,0.0,0.0,"[(7.600000000000003, 8.000000000000004)]",0.6000000000000005,True,6.964580909409842,15.80480289552796,False
13.02,0.00039999999999999996,0.0003,"[4.0, 8.0]",18.65123414422715,8.000000000000004,12.125975719585309,11.505626407245176,7.322621766982998,2.0978929256665904,0.1,0.05,0.0,"[(7.600000000000003, 8.000000000000004)]",0.6000000000000005,True,9.888622814354392,18.65123414422715,False
13.04,0.00039999999999999996,0.0003,"[4.0, 8.0]",21.86579914340971,8.000000000000004,15.444402076184435,14.828796479944717,7.229018617849025,2.065302761600624,0.45,0.25,0.05,"[(7.600000000000003, 8.000000000000004)]",0.6000000000000005,True,13.240364451258436,21.86579914340971,False
13.059999999999999,0.00039999999999999996,0.0003,"[4.0, 8.0]",25.559286769423593,8.000000000000004,19.266930351850483,18.657513619676557,7.099818051399392,2.022747427890964,1.0,1.0,0.3,"[(7.600000000000003, 8.000000000000004)]",0.6000000000000005,True,17.110460018399415,25.559286769423593,False
13.079999999999998,0.00039999999999999996,0.0003,"[4.0, 8.0]",29.57747445592828,8.000000000000004,23.476738957705418,22.873698533078702,6.914566598790945,1.9646440831180336,1.0,1.0,1.0,"[(7.600000000000003, 8.000000000000004)]",0.6000000000000005,True,21.389979319396552,29.57747445592828,False
13.099999999999998,0.00039999999999999996,0.0003,"[4.0, 8.0]",34.24353302897666,8.000000000000004,28.61996941768112,28.051914103944625,6.473803369431764,1.8376063654798158,1.0,1.0,1.0,"[(7.600000000000003, 8.000000000000004)]",0.6000000000000005,True,26.68120662393283,34.24353302897666,False
13.119999999999997,0.00039999999999999996,0.0003,"[4.0, 8.0]",37.46691590193305,8.000000000000004,33.14636044112352,32.67980997767671,5.217213970598788,1.5131410160321588,1.0,1.0,1.0,"[(7.200000000000003, 8.000000000000004)]",1.0000000000000009,True,31.60368806521529,37.46691590193305,False
13.139999999999997,0.00039999999999999996,0.0003,"[4.0, 8.0]",37.02761296729684,7.400000000000003,35.78652076627168,35.76823744780093,3.200078664400543,0.9250592657941851,1.0,1.0,1.0,"[(4.2, 8.000000000000004)]",4.0000000000000036,True,33.8275343028963,37.02761296729684,False
13.159999999999997,0.00039999999999999996,0.0003,"[4.0, 8.0]",31.995096913465602,6.200000000000002,30.400419822691553,30.914944773916176,5.673303999151365,1.5654570478669534,1.0,1.0,1.0,"[(4.6000000000000005, 7.600000000000003)]",3.200000000000003,True,26.321792914314237,31.995096913465602,False
13.179999999999996,0.00039999999999999996,0.0003,"[4.0, 8.0]",20.205362729189247,6.200000000000002,18.37529413939537,18.877107963139686,6.158830754769953,1.7285544558557218,0.95,0.8,0.2,"[(4.6000000000000005, 7.400000000000003)]",3.0000000000000027,True,14.046531974419294,20.205362729189247,False
13.199999999999996,0.00039999999999999996,0.0003,"[4.0, 8.0]",11.264323803746226,8.000000000000004,3.595609722623608,2.9715925402358465,8.941643815078768,2.4288404654191433,0.0,0.0,0.0,"[(7.600000000000003, 8.000000000000004)]",0.6000000000000005,True,1.0065683851882685,11.264323803746226,False
13.219999999999995,0.00039999999999999996,0.0003,"[4.0, 8.0]",11.87796054916442,5.600000000000001,11.282534026843912,11.707454244111624,4.396239110829081,1.0778699760946908,0.0,0.0,0.0,"[(4.2, 8.000000000000004)]",4.0000000000000036,True,7.48172143833534,11.87796054916442,False
13.239999999999995,0.00039999999999999996,0.0003,"[4.0, 8.0]",4.189511512737343,4.0,1.334177418462672,0.8246359425868754,3.801712210907853,1.1147742989382625,0.0,0.0,0.0,"[(4.0, 5.200000000000001)]",1.4000000000000012,True,0.3877993018294896,4.189511512737343,False
13.259999999999994,0.00039999999999999996,0.0003,"[4.0, 8.0]",5.6354179482151325,6.600000000000002,5.568809738850288,5.591672241341931,0.21877512487298745,0.06412324138934349,0.0,0.0,0.0,"[(4.0, 8.000000000000004)]",4.200000000000004,True,5.416642823342145,5.6354179482151325,False
13.279999999999994,0.00039999999999999996,0.0003,"[4.0, 8.0]",4.467499520652071,7.000000000000003,4.374556513274609,4.415499794863836,0.3791420875245972,0.0999171768989103,0.0,0.0,0.0,"[(4.0, 8.000000000000004)]",4.200000000000004,True,4.088357433127474,4.467499520652071,False
13.299999999999994,0.00039999999999999996,0.0003,"[4.0, 8.0]",0.40141269736647867,4.0,0.09628895548609583,0.03480343564172715,0.39419062398326987,0.12096445346659376,0.0,0.0,0.0,"[(4.0, 8.000000000000004)]",4.200000000000004,True,0.007222073383208766,0.40141269736647867,False
12.96,0.00039999999999999996,0.00031999999999999997,"[4.0, 8.0]",10.214687361150263,5.800000000000002,7.610393966965967,8.236015427420392,7.379923031029517,2.3096328838139777,0.0,0.0,0.0,"[(4.6000000000000005, 7.000000000000003)]",2.6000000000000023,True,1.596234245802458,10.214687361150263,False
12.98,0.00039999999999999996,0.00031999999999999997,"[4.0, 8.0]",8.40682523920558,5.800000000000002,5.929684932103752,6.500547195345623,6.852931493159718,2.1719583335884263,0.0,0.0,0.0,"[(4.6000000000000005, 7.000000000000003)]",2.6000000000000023,True,0.6128692535729714,8.40682523920558,False
13.0,0.00039999999999999996,0.00031999999999999997,"[4.0, 8.0]",6.5817095020317495,5.800000000000002,4.281925488965977,4.753138557210387,6.041351067343498,1.9616692578948176,0.0,0.0,0.0,"[(4.6000000000000005, 7.000000000000003)]",2.6000000000000023,True,0.05406102022395529,6.5817095020317495,False
13.02,0.00039999999999999996,0.00031999999999999997,"[4.0, 8.0]",4.467138961384803,5.800000000000002,2.5358016500272162,2.8072558509285184,4.465083650035763,1.5504109348630366,0.0,0.0,0.0,"[(4.6000000000000005, 7.200000000000003)]",2.8000000000000025,True,0.002055311349040599,4.467138961384803,False
13.04,0.00039999999999999996,0.00031999999999999997,"[4.0, 8.0]",2.270641743360365,5.800000000000002,1.0707286859473941,0.9749690431867586,2.27052754827392,0.8218817999641509,0.0,0.0,0.0,"[(4.0, 8.000000000000004)]",4.200000000000004,True,0.00011419508644536512,2.270641743360365,False
13.059999999999999,0.00039999999999999996,0.00031999999999999997,"[4.0, 8.0]",4.016845600460387,8.000000000000004,0.5331477035759697,0.2939262317104321,2.65795139371732,0.6847632838112045,0.0,0.0,0.0,"[(4.0, 4.0), (7.600000000000003, 8.000000000000004)]",0.8000000000000007,True,0.0004894446957449731,4.016845600460387,False
13.079999999999998,0.00039999999999999996,0.00031999999999999997,"[4.0, 8.0]",7.362354402131857,8.000000000000004,1.8500586457782036,1.164594644865237,5.619096919900762,1.6843340305490737,0.0,0.0,0.0,"[(4.0, 4.0), (7.600000000000003, 8.000000000000004)]",0.8000000000000007,True,0.25570874454962694,7.362354402131857,False
13.099999999999998,0.00039999999999999996,0.00031999999999999997,"[4.0, 8.0]",11.88148418970396,8.000000000000004,5.663405738851642,5.014300440868455,7.0479081535328305,2.138501840813807,0.0,0.0,0.0,"[(4.0, 4.0), (7.600000000000003, 8.000000000000004)]",0.8000000000000007,True,3.3431903998972197,11.88148418970396,False
13.119999999999997,0.00039999999999999996,0.00031999999999999997,"[4.0, 8.0]",16.507156191433225,8.000000000000004,10.295744212493746,9.66460591636801,7.14198639004865,2.1600689494749155,0.05,0.0,0.0,"[(4.0, 4.0), (7.600000000000003, 8.000000000000004)]",0.8000000000000007,True,7.908397638494694,16.507156191433225,False
13.139999999999997,0.00039999999999999996,0.00031999999999999997,"[4.0, 8.0]",22.62472382059292,8.000000000000004,16.552699861878306,15.941262269409474,6.985389491838241,2.094636585419559,0.65,0.35,0.05,"[(4.0, 4.0), (7.600000000000003, 8.000000000000004)]",0.8000000000000007,True,14.238498805387067,22.62472382059292,False
13.159999999999997,0.00039999999999999996,0.00031999999999999997,"[4.0, 8.0]",29.87127745364397,8.000000000000004,24.048754150436743,23.47149762664359,6.714812485730352,1.9843680620870021,1.0,1.0,1.0,"[(4.0, 4.0), (7.600000000000003, 8.000000000000004)]",0.8000000000000007,True,21.860291098121735,29.87127745364397,False
13.179999999999996,0.00039999999999999996,0.00031999999999999997,"[4.0, 8.0]",36.462701580107925,8.000000000000004,31.805357365986303,31.397711196409226,5.566776203225459,1.5939740494531498,1.0,1.0,1.0,"[(7.400000000000003, 8.000000000000004)]",0.8000000000000007,True,30.064853061573587,36.462701580107925,False
13.199999999999996,0.00039999999999999996,0.00031999999999999997,"[4.0, 8.0]",36.15210884710099,7.000000000000003,34.90292105697547,35.33503480811311,4.877056804820043,1.30801658990113,1.0,1.0,1.0,"[(4.6000000000000005, 8.000000000000004)]",3.600000000000003,True,31.275052042280947,36.15210884710099,False
13.219999999999995,0.00039999999999999996,0.00031999999999999997,"[4.0, 8.0]",24.6973422620774,6.200000000000002,22.34172648431988,23.101868665337054,8.462974856955771,2.3308579087103727,1.0,0.95,0.85,"[(5.000000000000001, 7.400000000000003)]",2.6000000000000023,True,16.234367405121628,24.6973422620774,False
13.239999999999995,0.00039999999999999996,0.00031999999999999997,"[4.0, 8.0]",16.688944691883776,4.4,8.341495357326663,8.795748319434795,16.351849614839942,4.915955090839473,0.15,0.0,0.0,"[(4.0, 4.6000000000000005)]",0.8000000000000007,True,0.33709507704383385,16.688944691883776,False
13.259999999999994,0.00039999999999999996,0.00031999999999999997,"[4.0, 8.0]",9.586153051095314,5.200000000000001,8.976196022971507,9.122371540480081,3.1163043008330007,0.6938649111789282,0.0,0.0,0.0,"[(4.2, 8.000000000000004)]",4.0000000000000036,True,6.469848750262313,9.586153051095314,False
13.279999999999994,0.00039999999999999996,0.00031999999999999997,"[4.0, 8.0]",4.47636513201451,4.0,1.769796266776622,1.2753961009160075,3.753712748706146,1.153128119246993,0.0,0.0,0.0,"[(4.0, 5.400000000000001), (7.800000000000003, 8.000000000000004)]",2.0000000000000018,True,0.7226523833083636,4.47636513201451,False
13.299999999999994,0.00039999999999999996,0.00031999999999999997,"[4.0, 8.0]",3.7664217821738806,7.000000000000003,3.3680803005902424,3.5584348941854245,1.5677269686767557,0.4474848241380263,0.0,0.0,0.0,"[(4.0, 8.000000000000004)]",4.200000000000004,True,2.198694813497125,3.7664217821738806,False
12.96,0.00039999999999999996,0.00033999999999999997,"[4.0, 8.0]",29.14216559903387,5.800000000000002,26.065202689221753,26.86071394860351,8.66370869077998,2.7981471421071573,1.0,1.0,1.0,"[(4.800000000000001, 7.000000000000003)]",2.400000000000002,True,18.87005398636701,29.14216559903387,False
12.98,0.00039999999999999996,0.00033999999999999997,"[4.0, 8.0]",27.57048823494599,5.800000000000002,24.517911320816726,25.304570701972647,8.619464152655716,2.773230497499922,1.0,1.0,0.9,"[(4.800000000000001, 7.000000000000003)]",2.400000000000002,True,17.419999876040826,27.57048823494599,False
13.0,0.00039999999999999996,0.00033999999999999997,"[4.0, 8.0]",25.945523856402552,6.000000000000002,22.919756773756255,23.6976469529869,8.560141647872008,2.7493965020922873,1.0,1.0,0.8,"[(4.800000000000001, 7.000000000000003)]",2.400000000000002,True,15.963427266174781,25.945523856402552,False
13.02,0.00039999999999999996,0.00033999999999999997,"[4.0, 8.0]",23.989214114385117,6.000000000000002,21.001647011683374,21.77129998955872,8.486506945109328,2.7149141426674306,1.0,0.9,0.7,"[(4.800000000000001, 7.000000000000003)]",2.400000000000002,True,14.1604687136397,23.989214114385117,False
13.04,0.00039999999999999996,0.00033999999999999997,"[4.0, 8.0]",21.77136056687509,6.000000000000002,18.825258002524706,19.581538493903267,8.387706902536696,2.67808828831025,0.9,0.7,0.45,"[(4.800000000000001, 7.000000000000003)]",2.400000000000002,True,12.108604836811335,21.77136056687509,False
13.059999999999999,0.00039999999999999996,0.00033999999999999997,"[4.0, 8.0]",19.217754804003448,5.800000000000002,16.308827913235177,17.041319983201596,8.27606146213625,2.634389706508972,0.7,0.5,0.0,"[(4.800000000000001, 7.000000000000003)]",2.400000000000002,True,9.747789606015312,19.217754804003448,False
13.079999999999998,0.00039999999999999996,0.00033999999999999997,"[4.0, 8.0]",16.37585061120125,5.800000000000002,13.517639846605471,14.239793274468706,8.125810920560006,2.584553686848526,0.4,0.0,0.0,"[(4.800000000000001, 7.000000000000003)]",2.400000000000002,True,7.117296142099735,16.37585061120125,False
13.099999999999998,0.00039999999999999996,0.00033999999999999997,"[4.0, 8.0]",12.762726866826188,5.800000000000002,9.982205020666504,10.664419865663149,7.8464202016350635,2.5073606587615016,0.0,0.0,0.0,"[(4.800000000000001, 7.000000000000003)]",2.400000000000002,True,3.877422084101576,12.762726866826188,False
13.119999999999997,0.00039999999999999996,0.00033999999999999997,"[4.0, 8.0]",9.164819092844906,5.800000000000002,6.4971500708376215,7.11161066707507,7.302550673549376,2.3579547467728403,0.0,0.0,0.0,"[(4.800000000000001, 7.000000000000003)]",2.400000000000002,True,1.0917626255201962,9.164819092844906,False
13.139999999999997,0.00039999999999999996,0.00033999999999999997,"[4.0, 8.0]",4.449510182533049,5.800000000000002,2.398598379932513,2.619808762828957,4.449019176637996,1.6103568647706359,0.0,0.0,0.0,"[(4.6000000000000005, 7.200000000000003)]",2.8000000000000025,True,0.0004910058950535704,4.449510182533049,False
13.159999999999997,0.00039999999999999996,0.00033999999999999997,"[4.0, 8.0]",5.191279995604596,8.000000000000004,0.895380464469207,0.18168194991374015,4.037861944371011,1.2437964847366652,0.0,0.0,0.0,"[(4.0, 4.2), (7.600000000000003, 8.000000000000004)]",1.0000000000000009,True,0.0005519427509737822,5.191279995604596,False
13.179999999999996,0.00039999999999999996,0.00033999999999999997,"[4.0, 8.0]",12.547933428198409,8.000000000000004,6.474031075848335,5.80263764729157,7.488058941144439,2.3979331238655917,0.0,0.0,0.0,"[(4.0, 4.2), (7.600000000000003, 8.000000000000004)]",1.0000000000000009,True,3.8236344140231204,12.547933428198409,False
13.199999999999996,0.00039999999999999996,0.00033999999999999997,"[4.0, 8.0]",21.44367972513196,8.000000000000004,15.55571724559012,14.916207791560101,7.171972249388347,2.308750056957318,0.5,0.3,0.05,"[(4.0, 4.2), (7.600000000000003, 8.000000000000004)]",1.0000000000000009,True,12.970126697617566,21.44367972513196,False
13.219999999999995,0.00039999999999999996,0.00033999999999999997,"[4.0, 8.0]",32.25561917700298,8.000000000000004,26.806762669827503,26.240199558984322,6.51771910731205,2.0543467074850126,1.0,1.0,1.0,"[(4.0, 4.0), (7.600000000000003, 8.000000000000004)]",0.8000000000000007,True,24.463129456342774,32.25561917700298,False
13.239999999999995,0.00039999999999999996,0.00033999999999999997,"[4.0, 8.0]",36.065517181181036,7.200000000000003,34.564429027060804,35.065216908076096,6.036082826088837,1.5853426065345628,1.0,1.0,1.0,"[(4.6000000000000005, 8.000000000000004)]",3.600000000000003,True,30.0294343550922,36.065517181181036,False
13.259999999999994,0.00039999999999999996,0.00033999999999999997,"[4.0, 8.0]",18.459989446200776,6.200000000000002,15.066307077302005,16.343988347188624,13.73400756971412,3.690765730712521,0.6,0.4,0.0,"[(5.200000000000001, 7.400000000000003)]",2.400000000000002,True,4.725981876486657,18.459989446200776,False
13.279999999999994,0.00039999999999999996,0.00033999999999999997,"[4.0, 8.0]",12.676062543365052,6.8000000000000025,9.347505182389813,11.042789590898575,12.09789958588303,3.7859326647610145,0.0,0.0,0.0,"[(5.600000000000001, 7.800000000000003)]",2.400000000000002,True,0.578162957482024,12.676062543365052,False
13.299999999999994,0.00039999999999999996,0.00033999999999999997,"[4.0, 8.0]",6.015210109888493,4.0,2.152216566178587,1.34950347799851,5.634181202245743,1.876454717010513,0.0,0.0,0.0,"[(4.0, 5.000000000000001)]",1.200000000000001,True,0.3810289076427501,6.015210109888493,False
12.96,0.00039999999999999996,0.00035999999999999997,"[4.0, 8.0]",43.13784299327303,6.400000000000002,41.47919485016116,42.18265319794028,6.279920644107044,1.7677857825527001,1.0,1.0,1.0,"[(4.6000000000000005, 7.600000000000003)]",3.200000000000003,True,36.84848294697833,43.13784299327303,False
12.98,0.00039999999999999996,0.00035999999999999997,"[4.0, 8.0]",42.73278848249361,6.200000000000002,40.82690892722802,41.576508935201346,6.981789633903752,2.010845783605607,1.0,1.0,1.0,"[(4.6000000000000005, 7.400000000000003)]",3.0000000000000027,True,35.75099884858986,42.73278848249361,False
13.0,0.00039999999999999996,0.00035999999999999997,"[4.0, 8.0]",42.20451365741202,6.200000000000002,40.0179482507557,40.8826150428171,7.650532263767744,2.230095416238372,1.0,1.0,1.0,"[(4.800000000000001, 7.400000000000003)]",2.8000000000000025,True,34.55398139364428,42.20451365741202,False
13.02,0.00039999999999999996,0.00035999999999999997,"[4.0, 8.0]",41.35031794426933,6.200000000000002,38.89251746872593,39.768720626283525,8.294567207893884,2.4430741922752297,1.0,1.0,1.0,"[(4.800000000000001, 7.200000000000003)]",2.6000000000000023,True,33.055750736375444,41.35031794426933,False
13.04,0.00039999999999999996,0.00035999999999999997,"[4.0, 8.0]",40.15551289033199,6.000000000000002,37.443952178141735,38.32747833183778,8.859005670444251,2.622615383637673,1.0,1.0,1.0,"[(4.800000000000001, 7.200000000000003)]",2.6000000000000023,True,31.29650721988774,40.15551289033199,False
13.059999999999999,0.00039999999999999996,0.00035999999999999997,"[4.0, 8.0]",38.50161093710616,6.000000000000002,35.591555019577136,36.462039923116166,9.283271336280247,2.759306342777864,1.0,1.0,1.0,"[(5.000000000000001, 7.200000000000003)]",2.400000000000002,True,29.21833960082591,38.50161093710616,False
13.079999999999998,0.00039999999999999996,0.00035999999999999997,"[4.0, 8.0]",36.42958354574907,6.000000000000002,33.375504943169155,34.244205378351154,9.586128325773661,2.8523785085542004,1.0,1.0,1.0,"[(5.000000000000001, 7.000000000000003)]",2.200000000000002,True,26.843455219975407,36.42958354574907,False
13.099999999999998,0.00039999999999999996,0.00035999999999999997,"[4.0, 8.0]",33.53625454497688,6.000000000000002,30.40271445757666,31.253250593555663,9.72264223644305,2.898776145549621,1.0,1.0,1.0,"[(5.000000000000001, 7.000000000000003)]",2.200000000000002,True,23.813612308533827,33.53625454497688,False
13.119999999999997,0.00039999999999999996,0.00035999999999999997,"[4.0, 8.0]",30.48539318099976,6.000000000000002,27.3349431588573,28.18475688749053,9.758849539487844,2.9073748136569932,1.0,1.0,1.0,"[(5.000000000000001, 7.000000000000003)]",2.200000000000002,True,20.726543641511917,30.48539318099976,False
13.139999999999997,0.00039999999999999996,0.00035999999999999997,"[4.0, 8.0]",26.33649624360188,6.000000000000002,23.195222938039954,24.027960719951214,9.696082021423809,2.8845269786195273,1.0,0.95,0.85,"[(5.000000000000001, 7.000000000000003)]",2.200000000000002,True,16.64041422217807,26.33649624360188,False
13.159999999999997,0.00039999999999999996,0.00035999999999999997,"[4.0, 8.0]",21.239026085948897,6.000000000000002,18.15139807230118,18.967348212605394,9.527615998209301,2.8388763610917547,0.85,0.65,0.35,"[(5.000000000000001, 7.000000000000003)]",2.200000000000002,True,11.711410087739596,21.239026085948897,False
13.179999999999996,0.00039999999999999996,0.00035999999999999997,"[4.0, 8.0]",15.46943118557438,6.000000000000002,12.440232354065419,13.236860099853065,9.327493857027155,2.786000539677717,0.25,0.0,0.0,"[(5.000000000000001, 7.000000000000003)]",2.200000000000002,True,6.141937328547224,15.46943118557438,False
13.199999999999996,0.00039999999999999996,0.00035999999999999997,"[4.0, 8.0]",8.545868934702646,6.000000000000002,5.677146126038357,6.347423452932579,8.121613108815678,2.5555540244705557,0.0,0.0,0.0,"[(5.000000000000001, 7.000000000000003)]",2.200000000000002,True,0.42425582588696886,8.545868934702646,False
13.219999999999995,0.00039999999999999996,0.00035999999999999997,"[4.0, 8.0]",5.354965281772475,4.0,1.034567255254896,0.3581706851825451,5.335690739291738,1.4197105676493342,0.0,0.0,0.0,"[(4.0, 4.2), (7.800000000000003, 8.000000000000004)]",0.8000000000000007,True,0.019274542480736696,5.354965281772475,False
13.239999999999995,0.00039999999999999996,0.00035999999999999997,"[4.0, 8.0]",18.49693687066707,4.0,12.328142981161273,11.56767096841194,9.153692814135386,2.7321465295571428,0.25,0.05,0.0,"[(4.0, 4.2), (7.800000000000003, 8.000000000000004)]",0.8000000000000007,True,9.343244056531685,18.49693687066707,False
13.259999999999994,0.00039999999999999996,0.00035999999999999997,"[4.0, 8.0]",33.355261698300296,8.000000000000004,28.17907438842002,27.63177055515845,6.6930419281341464,2.189925143926065,1.0,1.0,1.0,"[(4.0, 4.2), (7.600000000000003, 8.000000000000004)]",1.0000000000000009,True,25.673756513519077,33.355261698300296,False
13.279999999999994,0.00039999999999999996,0.00035999999999999997,"[4.0, 8.0]",31.49229894945577,6.400000000000002,28.19595861838968,29.592895453089877,13.029559756815242,3.6529128575512138,1.0,1.0,0.95,"[(5.200000000000001, 7.600000000000003)]",2.6000000000000023,True,18.462739192640527,31.49229894945577,False
13.299999999999994,0.00039999999999999996,0.00035999999999999997,"[4.0, 8.0]",13.414899657996129,7.800000000000003,10.320065899856907,11.292999242147111,13.107356515599676,3.441883151045951,0.0,0.0,0.0,"[(5.000000000000001, 6.400000000000002), (7.000000000000003, 8.000000000000004)]",2.8000000000000025,True,0.3075431423964536,13.414899657996129,False
12.96,0.00039999999999999996,0.00037999999999999997,"[4.0, 8.0]",43.782442308268855,8.000000000000004,35.34448560794634,34.542571823737305,10.393467292550202,3.093653110443632,1.0,1.0,1.0,"[(7.800000000000003, 8.000000000000004)]",0.40000000000000036,True,31.889871332276233,43.782442308268855,False
12.98,0.00039999999999999996,0.00037999999999999997,"[4.0, 8.0]",44.089955464627394,8.000000000000004,36.16054535162348,35.40252561341451,9.954239851807031,2.9673845555752947,1.0,1.0,1.0,"[(7.600000000000003, 8.000000000000004)]",0.6000000000000005,True,32.82093519223301,44.089955464627394,False
13.0,0.00039999999999999996,0.00037999999999999997,"[4.0, 8.0]",44.32884905476876,8.000000000000004,36.984653719543395,36.298890279752726,9.444713816223171,2.822872380485235,1.0,1.0,1.0,"[(7.600000000000003, 8.000000000000004)]",0.6000000000000005,True,33.78078987463205,44.32884905476876,False
13.02,0.00039999999999999996,0.00037999999999999997,"[4.0, 8.0]",44.51419686734241,8.000000000000004,37.94786927353648,37.33903500786155,8.751064843144391,2.6208910661729594,1.0,1.0,1.0,"[(7.600000000000003, 8.000000000000004)]",0.6000000000000005,True,34.936141491576024,44.51419686734241,False
13.04,0.00039999999999999996,0.00037999999999999997,"[4.0, 8.0]",44.54231275042009,8.000000000000004,38.98352947613805,38.500198990882225,7.844984192323821,2.355055746866484,1.0,1.0,1.0,"[(7.400000000000003, 8.000000000000004)]",0.8000000000000007,True,36.23099156130166,44.54231275042009,False
13.059999999999999,0.00039999999999999996,0.00037999999999999997,"[4.0, 8.0]",44.30041853825763,8.000000000000004,40.050943142735676,39.74961734604023,6.577867927550898,1.9915861320383998,1.0,1.0,1.0,"[(4.0, 4.0), (7.200000000000003, 8.000000000000004)]",1.200000000000001,True,37.67980551053978,44.30041853825763,False
13.079999999999998,0.00039999999999999996,0.00037999999999999997,"[4.0, 8.0]",44.083136985734,7.800000000000003,41.00939692185348,40.804232239510604,4.909117456060031,1.54704467292325,1.0,1.0,1.0,"[(4.2, 4.4), (6.8000000000000025, 8.000000000000004)]",1.8000000000000016,True,39.17401952967397,44.083136985734,False
13.099999999999998,0.00039999999999999996,0.00037999999999999997,"[4.0, 8.0]",43.73595224083992,7.400000000000003,41.78031020058327,41.44002322632702,3.696944245358921,1.083607716392333,1.0,1.0,1.0,"[(4.2, 8.000000000000004)]",4.0000000000000036,True,40.039007995481,43.73595224083992,False
13.119999999999997,0.00039999999999999996,0.00037999999999999997,"[4.0, 8.0]",43.370288751269285,7.200000000000003,41.90533419210093,41.84592434659098,4.9508732937779385,1.1687754976963485,1.0,1.0,1.0,"[(4.4, 8.000000000000004)]",3.8000000000000034,True,38.41941545749135,43.370288751269285,False
13.139999999999997,0.00039999999999999996,0.00037999999999999997,"[4.0, 8.0]",42.69365798690009,6.600000000000002,41.003371954228115,41.74505835835092,7.08028491339639,1.886593935715284,1.0,1.0,1.0,"[(4.6000000000000005, 7.600000000000003)]",3.200000000000003,True,35.6133730735037,42.69365798690009,False
13.159999999999997,0.00039999999999999996,0.00037999999999999997,"[4.0, 8.0]",41.02443568254705,6.200000000000002,38.451859685614075,39.36499299753105,9.352517756989602,2.625568734219154,1.0,1.0,1.0,"[(5.000000000000001, 7.400000000000003)]",2.6000000000000023,True,31.671917925557448,41.02443568254705,False
13.179999999999996,0.00039999999999999996,0.00037999999999999997,"[4.0, 8.0]",37.4690848279737,6.200000000000002,34.33607758404541,35.28005056945341,10.592389268235998,3.026711603078763,1.0,1.0,1.0,"[(5.000000000000001, 7.200000000000003)]",2.400000000000002,True,26.876695559737705,37.4690848279737,False
13.199999999999996,0.00039999999999999996,0.00037999999999999997,"[4.0, 8.0]",32.014997652534475,6.200000000000002,28.659208140107104,29.587820970425987,11.028941676468278,3.165024185723143,1.0,1.0,1.0,"[(5.000000000000001, 7.000000000000003)]",2.200000000000002,True,20.986055976066197,32.014997652534475,False
13.219999999999995,0.00039999999999999996,0.00037999999999999997,"[4.0, 8.0]",24.490424028774807,6.200000000000002,21.114386278569558,22.029747911995955,11.023021296307036,3.1691873806133612,0.95,0.9,0.7,"[(5.000000000000001, 7.000000000000003)]",2.200000000000002,True,13.467402732467772,24.490424028774807,False
13.239999999999995,0.00039999999999999996,0.00037999999999999997,"[4.0, 8.0]",14.463909486436544,6.200000000000002,11.116455825570743,12.023936236342028,10.9341740796748,3.1565068566286425,0.0,0.0,0.0,"[(5.000000000000001, 7.000000000000003)]",2.200000000000002,True,3.5297354067617426,14.463909486436544,False
13.259999999999994,0.00039999999999999996,0.00037999999999999997,"[4.0, 8.0]",5.768376242022204,4.0,1.3477211663914903,1.1588908227305819,5.751899516923576,1.3187632351009426,0.0,0.0,0.0,"[(4.0, 4.2), (8.000000000000004, 8.000000000000004)]",0.6000000000000005,True,0.01647672509862845,5.768376242022204,False
13.279999999999994,0.00039999999999999996,0.00037999999999999997,"[4.0, 8.0]",24.271436598628625,4.0,16.659962840225177,15.775026234380471,10.998980196335934,3.1684481589282942,0.6,0.4,0.2,"[(4.0, 4.2), (8.000000000000004, 8.000000000000004)]",0.6000000000000005,True,13.272456402292692,24.271436598628625,False
13.299999999999994,0.00039999999999999996,0.00037999999999999997,"[4.0, 8.0]",35.15335498474755,7.000000000000003,32.63098190451499,34.07072079483505,11.95013640514815,3.26572726222081,1.0,1.0,1.0,"[(5.000000000000001, 8.000000000000004)]",3.200000000000003,True,23.2032185795994,35.15335498474755,False
