pattern,supercell_repeats,device_length_mm,pump_GHz,Idc_A,Ip0_A,band_GHz,peak_gain_db,peak_frequency_GHz,mean_in_band_gain_db,median_in_band_gain_db,ripple_peak_to_peak_db,ripple_std_db,fraction_above_15db,fraction_above_17db,fraction_above_20db,bandwidth_regions_GHz,total_3db_bandwidth_GHz,finite,minimum_in_band_gain_db,maximum_in_band_gain_db,strict_pass
13-3-13,2200,127.6,12.399999999999995,0.00035,0.00029,"[4.0, 8.0]",37.151756770693694,7.0,34.56300264468039,34.13296034060016,4.707875503368001,1.7295242682926844,1.0,1.0,1.0,"[(4.0, 4.0), (5.0, 5.0), (6.0, 6.0), (7.0, 7.0)]",2.0,True,32.44388126732569,37.151756770693694,False
13-3-13,1200,69.6,11.999999999999996,0.00035,0.00029,"[4.0, 8.0]",38.65004496178856,7.0,36.1510351351386,36.49387970668113,5.648541886985754,1.791211987259816,1.0,1.0,1.0,"[(4.5, 4.5), (5.5, 6.0), (7.0, 7.5)]",2.5,True,33.001503074802805,38.65004496178856,False
13-3-13,900,52.2,11.599999999999998,0.00045,0.00021999999999999998,"[4.0, 8.0]",40.45160076881572,7.0,37.50208997193328,37.956886829559274,5.724847308484456,1.8999419259010613,1.0,1.0,1.0,"[(4.0, 4.0), (5.0, 7.0)]",3.0,True,34.72675346033127,40.45160076881572,False
13-3-13,900,52.2,12.799999999999994,0.00045,0.00029,"[4.0, 8.0]",38.25662730314568,8.0,34.93468340363271,34.19943081125293,6.314618016023132,2.256296756027181,1.0,1.0,1.0,"[(4.5, 4.5), (5.5, 5.5), (6.5, 6.5), (8.0, 8.0)]",2.0,True,31.942009287122545,38.25662730314568,False
13-3-13,900,52.2,12.399999999999995,0.00035,0.00029,"[4.0, 8.0]",38.55756814666196,8.0,34.78612101172398,34.836328157908405,7.436474210028486,2.529113957567258,1.0,1.0,1.0,"[(6.5, 8.0)]",2.0,True,31.12109393663347,38.55756814666196,False
13-3-13,1600,92.8,11.799999999999997,0.00035,0.00029,"[4.0, 8.0]",39.26223749750132,4.0,35.942363382577454,36.888611041044605,8.12185594652162,2.921311743204759,1.0,1.0,1.0,"[(4.0, 4.0), (5.0, 7.0)]",3.0,True,31.140381550979697,39.26223749750132,False
13-3-13,900,52.2,12.599999999999994,0.00045,0.00021999999999999998,"[4.0, 8.0]",31.918319433092254,7.0,27.889592655732717,28.096716073665124,8.359009416813745,2.7459168982880686,1.0,1.0,1.0,"[(7.0, 8.0)]",1.5,True,23.55931001627851,31.918319433092254,False
13-3-13,1200,69.6,11.999999999999996,0.00045,0.00021999999999999998,"[4.0, 8.0]",37.14953702670297,7.5,33.76877553362206,34.3575374136358,8.81167997047702,3.223742261094508,1.0,1.0,1.0,"[(4.5, 4.5), (5.5, 5.5), (6.5, 8.0)]",3.0,True,28.337857056225953,37.14953702670297,False
13-3-13,1200,69.6,12.199999999999996,0.00045,0.00021999999999999998,"[4.0, 8.0]",37.882102563474824,7.5,33.690965933099214,34.443823548281756,8.892913134386998,3.266076544733481,1.0,1.0,1.0,"[(6.5, 8.0)]",2.0,True,28.989189429087826,37.882102563474824,False
13-3-13,900,52.2,11.0,0.00045,0.00029,"[4.0, 8.0]",43.96224606922337,8.0,39.30299397264763,38.73664623196548,9.002697800595115,3.139945516934261,1.0,1.0,1.0,"[(5.5, 6.0), (8.0, 8.0)]",1.5,True,34.959548268628254,43.96224606922337,False
13-3-13,1600,92.8,12.399999999999995,0.00035,0.00029,"[4.0, 8.0]",36.51998054205913,7.5,33.16016424648648,34.96732093757433,9.10580244503759,3.2398785786291766,1.0,1.0,1.0,"[(4.0, 4.0), (6.0, 6.5), (7.5, 8.0)]",2.5,True,27.41417809702154,36.51998054205913,False
13-3-13,900,52.2,11.2,0.00045,0.00029,"[4.0, 8.0]",44.578400516771595,5.5,40.70457584897157,40.9476568934556,9.655231187014927,3.058003544053215,1.0,1.0,1.0,"[(5.5, 6.0), (7.5, 8.0)]",2.0,True,34.92316932975667,44.578400516771595,False
13-3-13,1200,69.6,12.799999999999994,0.00045,0.00029,"[4.0, 8.0]",39.56886301463623,8.0,34.39662084579363,33.209185395465774,9.82784585373993,3.2834821096320685,1.0,1.0,1.0,"[(5.5, 5.5), (6.5, 6.5), (8.0, 8.0)]",1.5,True,29.7410171608963,39.56886301463623,False
13-3-13,1200,69.6,11.799999999999997,0.00035,0.00029,"[4.0, 8.0]",39.45276922204682,7.0,35.5747358323748,35.36340031185536,10.30779529002433,2.9572663490053572,1.0,1.0,1.0,"[(4.0, 4.0), (5.5, 6.0), (7.0, 7.0)]",2.0,True,29.144973932022488,39.45276922204682,False
13-3-13,900,52.2,11.599999999999998,0.00045,0.00029,"[4.0, 8.0]",42.287437568537534,5.0,39.07291273725588,39.786232343817204,10.37152247732313,3.024799727756165,1.0,1.0,1.0,"[(4.5, 5.0), (6.5, 7.0), (8.0, 8.0)]",2.5,True,31.915915091214405,42.287437568537534,False
13-3-13,900,52.2,11.399999999999999,0.00045,0.00029,"[4.0, 8.0]",44.92596839426983,4.5,40.28405061324156,40.891610461482344,10.651067071428713,3.7687605850947565,1.0,1.0,1.0,"[(4.5, 5.0), (6.5, 6.5), (7.5, 7.5)]",2.0,True,34.27490132284112,44.92596839426983,False
13-3-13,2200,127.6,12.399999999999995,0.00045,0.00029,"[4.0, 8.0]",41.640489711691686,7.0,37.64592562840082,38.85285587196827,10.976918126258713,3.4330088234202227,1.0,1.0,1.0,"[(4.5, 5.5), (7.0, 7.0), (8.0, 8.0)]",2.5,True,30.663571585432972,41.640489711691686,False
13-3-13,1200,69.6,11.599999999999998,0.00035,0.00029,"[4.0, 8.0]",41.71987672127861,7.5,36.681724368867464,37.275578644981834,11.046096616544851,3.1594224300456095,1.0,1.0,1.0,"[(7.0, 7.5)]",1.0,True,30.67378010473376,41.71987672127861,False
13-3-13,900,52.2,11.2,0.00045,0.00021999999999999998,"[4.0, 8.0]",40.51568796216259,5.5,35.879395038535606,36.348537388968765,11.38698751709309,3.3601716177804373,1.0,1.0,1.0,"[(5.5, 6.0)]",1.0,True,29.128700445069498,40.51568796216259,False
13-3-13,900,52.2,12.599999999999994,0.00045,0.00029,"[4.0, 8.0]",40.92665036242138,5.5,35.58756743288715,36.59102216880562,11.442914618653987,4.248639176347209,1.0,1.0,1.0,"[(5.5, 6.0), (7.0, 7.0)]",1.5,True,29.48373574376739,40.92665036242138,False
13-3-13,900,52.2,11.999999999999996,0.00045,0.00021999999999999998,"[4.0, 8.0]",39.81893137129476,7.5,34.5392016333975,36.47921084727439,11.694639387105,4.110110678326576,1.0,1.0,1.0,"[(6.5, 7.5)]",1.5,True,28.12429198418976,39.81893137129476,False
13-3-13,2200,127.6,13.399999999999991,0.00045,0.00029,"[4.0, 8.0]",37.48022005672301,5.0,33.187882404439605,35.012389049944446,11.703673282552742,4.2784319040805405,1.0,1.0,1.0,"[(4.0, 4.0), (5.0, 5.0), (6.0, 6.0), (7.0, 7.5)]",2.5,True,25.77654677417027,37.48022005672301,False
13-3-13,1600,92.8,12.199999999999996,0.00045,0.00021999999999999998,"[4.0, 8.0]",38.764307885907826,7.5,33.56675407049184,33.88190204533294,11.73632702214007,3.444234549123544,1.0,1.0,1.0,"[(4.5, 4.5), (7.5, 7.5)]",1.0,True,27.027980863767755,38.764307885907826,False
13-3-13,1600,92.8,13.199999999999992,0.00035,0.00021999999999999998,"[4.0, 8.0]",31.30647839477667,7.0,25.277799321275964,23.960003567251086,11.810565298912543,4.092681365943302,1.0,1.0,0.8888888888888888,"[(5.0, 5.0), (6.5, 7.0)]",1.5,True,19.495913095864125,31.30647839477667,False
13-3-13,1200,69.6,11.799999999999997,0.00045,0.00029,"[4.0, 8.0]",43.53636191537612,6.5,37.25270303900222,36.945755061368494,11.918866132969743,4.245349734759437,1.0,1.0,1.0,"[(6.5, 6.5), (7.5, 8.0)]",1.5,True,31.617495782406376,43.53636191537612,False
13-3-13,1200,69.6,11.2,0.00035,0.00029,"[4.0, 8.0]",41.949305014971536,8.0,36.90612978443922,37.70625554252808,11.926069652406067,3.2287308174338176,1.0,1.0,1.0,"[(5.0, 5.0), (6.5, 6.5), (8.0, 8.0)]",1.5,True,30.02323536256547,41.949305014971536,False
13-3-13,2200,127.6,12.199999999999996,0.00035,0.00029,"[4.0, 8.0]",41.36581312007026,7.5,34.81718472124694,33.45588224009759,12.41906586127891,3.75043678234601,1.0,1.0,1.0,"[(7.5, 7.5)]",0.5,True,28.946747258791348,41.36581312007026,False
13-3-13,2200,127.6,11.2,0.00035,0.00029,"[4.0, 8.0]",44.97032665687195,4.0,39.97298102185035,40.246777498298954,12.637759755702447,4.076415097104363,1.0,1.0,1.0,"[(4.0, 4.0), (5.0, 5.0), (6.5, 7.0)]",2.0,True,32.3325669011695,44.97032665687195,False
13-3-13,1200,69.6,12.399999999999995,0.00045,0.00021999999999999998,"[4.0, 8.0]",34.51043051365653,7.5,28.667460196142112,30.038046304611825,12.807209449572131,4.732554725982892,1.0,1.0,1.0,"[(5.0, 5.0), (7.5, 8.0)]",1.5,True,21.7032210640844,34.51043051365653,False
13-3-13,1200,69.6,12.999999999999993,0.00025,0.00021999999999999998,"[4.0, 8.0]",38.08000573520482,7.0,30.77621090109359,27.831499963605687,12.823885143332383,4.730203271052606,1.0,1.0,1.0,"[(7.0, 7.5)]",1.0,True,25.25612059187244,38.08000573520482,False
13-3-13,1200,69.6,12.399999999999995,0.00035,0.00029,"[4.0, 8.0]",39.98646471627204,6.5,33.46737868251396,34.983061324604506,13.055157656740384,4.323317216254109,1.0,1.0,1.0,"[(6.0, 6.5), (7.5, 7.5)]",1.5,True,26.931307059531655,39.98646471627204,False
13-3-13,900,52.2,11.2,0.00035,0.00029,"[4.0, 8.0]",41.54576894713899,8.0,32.90200636204411,31.433842925042356,13.090978077148144,4.091674563041169,1.0,1.0,1.0,"[(8.0, 8.0)]",0.5,True,28.454790869990845,41.54576894713899,False
13-3-13,900,52.2,12.399999999999995,0.00045,0.00021999999999999998,"[4.0, 8.0]",34.82202035350587,6.5,28.40542494530986,27.605136912739535,13.136616809757385,4.867381504073616,1.0,1.0,1.0,"[(5.5, 7.0)]",2.0,True,21.685403543748485,34.82202035350587,False
13-3-13,2200,127.6,11.599999999999998,0.00045,0.00015,"[4.0, 8.0]",31.663378931493156,7.5,25.09302264899704,24.865570756455313,13.144575958114558,3.6527487388230857,1.0,1.0,0.8888888888888888,"[(6.0, 6.0), (7.5, 7.5)]",1.0,True,18.518802973378598,31.663378931493156,False
13-3-13,1200,69.6,13.399999999999991,0.00045,0.00029,"[4.0, 8.0]",35.39556974471868,5.5,30.836282724028095,31.29565904041209,13.238655340633095,4.093886085295533,1.0,1.0,1.0,"[(4.5, 4.5), (5.5, 6.5)]",2.0,True,22.156914404085583,35.39556974471868,False
13-3-13,1600,92.8,11.2,0.00045,0.00021999999999999998,"[4.0, 8.0]",44.369313565670005,4.0,36.29390312776505,35.393010931199655,13.246808614091336,4.256450803422553,1.0,1.0,1.0,"[(4.0, 4.0)]",0.5,True,31.12250495157867,44.369313565670005,False
13-3-13,1600,92.8,11.399999999999999,0.00045,0.00029,"[4.0, 8.0]",49.17491711279872,4.5,39.71170960688801,38.63155822202859,13.56286706923877,3.8720772982795415,1.0,1.0,1.0,"[(4.5, 4.5)]",0.5,True,35.61205004355995,49.17491711279872,False
13-3-13,1600,92.8,11.599999999999998,0.00045,0.00021999999999999998,"[4.0, 8.0]",40.988214943616875,6.0,35.09086622731871,37.71928646501864,13.65284442283351,4.767118065288186,1.0,1.0,1.0,"[(4.0, 4.0), (5.5, 6.0), (8.0, 8.0)]",2.0,True,27.335370520783364,40.988214943616875,False
13-3-13,2200,127.6,11.0,0.00045,0.00021999999999999998,"[4.0, 8.0]",39.99724211965242,5.5,35.04940316351255,37.3219770028274,13.70869759235952,4.618044337630686,1.0,1.0,1.0,"[(5.5, 7.0), (8.0, 8.0)]",2.5,True,26.2885445272929,39.99724211965242,False
13-3-13,2200,127.6,11.599999999999998,0.00035,0.00029,"[4.0, 8.0]",42.27536869535272,5.0,35.85446803247513,36.033088543011644,13.739737851805284,4.915348890827231,1.0,1.0,1.0,"[(5.0, 5.0), (7.0, 7.5)]",1.5,True,28.535630843547434,42.27536869535272,False
13-3-13,1600,92.8,11.599999999999998,0.00045,0.00029,"[4.0, 8.0]",45.62887248895373,7.0,40.12248001494337,39.47982710533612,13.92674932864983,3.8368555252885495,1.0,1.0,1.0,"[(5.0, 5.0), (7.0, 7.0)]",1.0,True,31.702123160303902,45.62887248895373,False
13-3-13,1600,92.8,12.199999999999996,0.00035,0.00029,"[4.0, 8.0]",40.05620069024389,7.0,33.23791984608959,33.24294218307238,14.010785273520199,4.587732451938133,1.0,1.0,1.0,"[(5.5, 6.0), (7.0, 7.0)]",1.5,True,26.045415416723692,40.05620069024389,False
13-3-13,1600,92.8,11.0,0.00035,0.00029,"[4.0, 8.0]",45.132379807855884,5.5,37.387230386026104,35.61493470594995,14.19120344952562,4.9421591120385795,1.0,1.0,1.0,"[(5.0, 5.5)]",1.0,True,30.941176358330264,45.132379807855884,False
13-3-13,1200,69.6,11.599999999999998,0.00045,0.00021999999999999998,"[4.0, 8.0]",39.99025252648784,7.5,36.58817630400595,38.12474713506934,14.50979284487342,4.173204823583732,1.0,1.0,1.0,"[(5.0, 6.5), (7.5, 8.0)]",3.0,True,25.480459681614423,39.99025252648784,False
13-3-13,2200,127.6,11.0,0.00035,0.00029,"[4.0, 8.0]",45.510266314395906,5.5,37.578944548661475,37.821480693186956,14.72934629230857,5.5067238356808,1.0,1.0,1.0,"[(5.0, 6.0)]",1.5,True,30.780920022087336,45.510266314395906,False
13-3-13,900,52.2,12.199999999999996,0.00045,0.00029,"[4.0, 8.0]",44.06726380107556,5.0,37.933610669148564,40.269722794755545,14.754068920395014,5.0304959577422785,1.0,1.0,1.0,"[(5.0, 5.0), (6.0, 6.0), (7.5, 7.5)]",1.5,True,29.31319488068055,44.06726380107556,False
13-3-13,1600,92.8,11.2,0.00035,0.00029,"[4.0, 8.0]",42.49225077954386,4.0,37.07239989818559,37.85722552085416,14.941981550615722,4.444672844431219,1.0,1.0,1.0,"[(4.0, 4.0), (5.0, 5.0), (6.5, 6.5)]",1.5,True,27.550269228928137,42.49225077954386,False
13-3-13,900,52.2,12.999999999999993,0.00025,0.00021999999999999998,"[4.0, 8.0]",38.171852853090876,8.0,31.16306367014085,30.271312163259697,14.962846542247743,4.956744064946447,1.0,1.0,1.0,"[(7.0, 8.0)]",1.5,True,23.209006310843133,38.171852853090876,False
13-3-13,1200,69.6,11.799999999999997,0.00045,0.00021999999999999998,"[4.0, 8.0]",38.34500484175513,4.5,33.78136059558222,34.71920360415092,14.987931623762726,4.476080885538535,1.0,1.0,1.0,"[(4.5, 5.0), (7.0, 7.0), (8.0, 8.0)]",2.0,True,23.3570732179924,38.34500484175513,False
13-3-13,900,52.2,13.199999999999992,0.00025,0.00029,"[4.0, 8.0]",39.98485585335379,8.0,34.27582918231204,34.25124434205086,15.027488140920642,5.105194943256437,1.0,1.0,1.0,"[(6.5, 8.0)]",2.0,True,24.95736771243315,39.98485585335379,False
13-3-13,900,52.2,11.599999999999998,0.00035,0.00029,"[4.0, 8.0]",40.767826728884046,8.0,33.55856931064583,33.09332853055657,15.045166520463145,4.485352746709514,1.0,1.0,1.0,"[(7.5, 8.0)]",1.0,True,25.7226602084209,40.767826728884046,False
13-3-13,1200,69.6,11.2,0.00045,0.00029,"[4.0, 8.0]",45.15756296194104,7.5,37.39691889932415,35.94454805364758,15.331152914049113,5.301282785234019,1.0,1.0,1.0,"[(4.5, 4.5), (7.5, 8.0)]",1.5,True,29.826410047891926,45.15756296194104,False
13-3-13,900,52.2,13.199999999999992,0.00035,0.00021999999999999998,"[4.0, 8.0]",36.43084819122467,7.0,31.09153920964259,31.55065568149642,15.751823598026839,4.543653597549282,1.0,1.0,1.0,"[(7.0, 8.0)]",1.5,True,20.67902459319783,36.43084819122467,False
13-3-13,2200,127.6,12.399999999999995,0.00045,0.00021999999999999998,"[4.0, 8.0]",40.19906978092934,7.5,32.78664964793039,33.59131745121409,15.828758041640505,4.7079195234417455,1.0,1.0,1.0,"[(7.5, 7.5)]",0.5,True,24.370311739288837,40.19906978092934,False
13-3-13,1600,92.8,12.599999999999994,0.00045,0.00029,"[4.0, 8.0]",43.92727910959422,4.5,39.38777980169254,39.49410994805461,16.010239355300584,4.472487204466546,1.0,1.0,1.0,"[(4.5, 4.5), (6.0, 6.0), (7.0, 7.0), (8.0, 8.0)]",2.0,True,27.917039754293633,43.92727910959422,False
13-3-13,2200,127.6,11.399999999999999,0.00035,0.00021999999999999998,"[4.0, 8.0]",38.02486044217912,4.5,32.862114264327666,34.95750740736612,16.365585486144,6.079341464185764,1.0,1.0,1.0,"[(4.0, 4.5), (7.5, 8.0)]",2.0,True,21.65927495603512,38.02486044217912,False
13-3-13,1200,69.6,13.199999999999992,0.00025,0.00029,"[4.0, 8.0]",41.87062314433732,8.0,35.40160472108745,35.925253916839964,16.37513733877237,4.899484307009858,1.0,1.0,1.0,"[(7.0, 8.0)]",1.5,True,25.495485805564954,41.87062314433732,False
13-3-13,1200,69.6,13.199999999999992,0.00035,0.00021999999999999998,"[4.0, 8.0]",34.702786113851325,7.0,27.865181675049264,28.408742583176043,16.899771073492474,6.312215256234657,1.0,1.0,0.7777777777777778,"[(6.0, 7.5)]",2.0,True,17.80301504035885,34.702786113851325,False
13-3-13,900,52.2,12.399999999999995,0.00045,0.00029,"[4.0, 8.0]",43.56917853810161,7.5,38.0353025550818,39.47818349241791,17.104207161864053,4.759501537390635,1.0,1.0,1.0,"[(5.0, 5.0), (7.0, 7.5)]",1.5,True,26.464971376237557,43.56917853810161,False
13-3-13,1600,92.8,11.2,0.00045,0.00029,"[4.0, 8.0]",49.260036081712784,5.5,40.786277878665125,41.964681649986005,17.136040257978436,4.92796639912587,1.0,1.0,1.0,"[(5.5, 5.5)]",0.5,True,32.12399582373435,49.260036081712784,False
13-3-13,900,52.2,11.799999999999997,0.00045,0.00021999999999999998,"[4.0, 8.0]",39.82610432733555,7.0,34.86394824232486,36.76371725803834,17.158759643407215,5.061632021113773,1.0,1.0,1.0,"[(5.5, 5.5), (6.5, 7.5)]",2.0,True,22.667344683928334,39.82610432733555,False
13-3-13,900,52.2,13.399999999999991,0.00045,0.00029,"[4.0, 8.0]",42.619582841631285,7.5,33.45932517332435,34.03684704745216,17.22843314694385,5.537852800923376,1.0,1.0,1.0,"[(7.5, 7.5)]",0.5,True,25.391149694687435,42.619582841631285,False
13-3-13,900,52.2,13.399999999999991,0.00035,0.00029,"[4.0, 8.0]",40.487262194810825,7.0,34.11804057857719,37.40806962427744,17.357113348026402,6.512007929635011,1.0,1.0,1.0,"[(5.0, 5.0), (6.5, 7.5)]",2.0,True,23.130148846784422,40.487262194810825,False
13-3-13,900,52.2,11.799999999999997,0.00045,0.00029,"[4.0, 8.0]",43.50457998883523,6.5,39.4283639680795,41.01267614868558,17.6390700902826,5.0456108347580315,1.0,1.0,1.0,"[(5.0, 6.5), (7.5, 8.0)]",3.0,True,25.86550989855263,43.50457998883523,False
13-3-13,1600,92.8,13.199999999999992,0.00025,0.00029,"[4.0, 8.0]",47.20670755531881,7.5,37.66898652731021,38.15305434895686,17.810958840810315,4.745215518333231,1.0,1.0,1.0,"[(7.5, 7.5)]",0.5,True,29.395748714508493,47.20670755531881,False
13-3-13,900,52.2,11.999999999999996,0.00035,0.00029,"[4.0, 8.0]",40.28364457909829,7.5,30.938233974044742,33.46434542381694,17.848474957065072,5.838436338344164,1.0,1.0,1.0,"[(7.5, 7.5)]",0.5,True,22.43516962203322,40.28364457909829,False
13-3-13,1200,69.6,11.2,0.00045,0.00021999999999999998,"[4.0, 8.0]",43.64036732819208,5.5,36.526297793746366,38.706138507085946,17.94006011873127,5.396305806179638,1.0,1.0,1.0,"[(5.5, 6.0)]",1.0,True,25.700307209460806,43.64036732819208,False
13-3-13,1600,92.8,11.999999999999996,0.00035,0.00029,"[4.0, 8.0]",39.903215591863834,7.0,34.93149900292937,36.92438153444662,17.960309677821016,5.700466604949412,1.0,1.0,1.0,"[(4.5, 4.5), (5.5, 5.5), (6.5, 7.5)]",2.5,True,21.942905914042818,39.903215591863834,False
13-3-13,1600,92.8,11.999999999999996,0.00045,0.00021999999999999998,"[4.0, 8.0]",41.06048515826407,7.5,35.12747428953757,36.2963719069986,18.20090897765596,5.094990121889192,1.0,1.0,1.0,"[(5.5, 5.5), (7.5, 8.0)]",1.5,True,22.859576180608112,41.06048515826407,False
13-3-13,2200,127.6,11.0,0.00045,0.00015,"[4.0, 8.0]",35.593316966265704,7.0,27.020528218488295,26.945737227576583,18.240067059123373,5.585916510702984,1.0,1.0,0.8888888888888888,"[(6.0, 6.0), (7.0, 7.0)]",1.0,True,17.35324990714233,35.593316966265704,False
13-3-13,1600,92.8,11.999999999999996,0.00045,0.00029,"[4.0, 8.0]",46.422149395170706,5.0,38.80876451625007,40.182295206098544,18.328968949569543,5.221554480126324,1.0,1.0,1.0,"[(5.0, 5.0), (7.0, 7.0)]",1.0,True,28.093180445601163,46.422149395170706,False
13-3-13,2200,127.6,11.999999999999996,0.00035,0.00029,"[4.0, 8.0]",42.36613615191338,7.5,37.17724537032946,38.54481369772408,18.578416916918986,5.018258550251135,1.0,1.0,1.0,"[(4.5, 4.5), (6.5, 7.5)]",2.0,True,23.787719234994395,42.36613615191338,False
13-3-13,2200,127.6,12.799999999999994,0.00045,0.00029,"[4.0, 8.0]",44.391067893450185,7.5,37.231921110044716,40.009562306649116,18.61624054809093,6.233671894893137,1.0,1.0,1.0,"[(4.5, 4.5), (7.5, 7.5)]",1.0,True,25.774827345359256,44.391067893450185,False
13-3-13,2200,127.6,11.799999999999997,0.00045,0.00021999999999999998,"[4.0, 8.0]",41.935481467870616,8.0,35.874689043897504,36.37788278316078,18.786642531282297,5.462745671102289,1.0,1.0,1.0,"[(5.5, 5.5), (7.0, 7.0), (8.0, 8.0)]",1.5,True,23.14883893658832,41.935481467870616,False
13-3-13,2200,127.6,13.399999999999991,0.00025,0.00029,"[4.0, 8.0]",42.199956230215754,7.0,33.022646859924855,32.00102288283572,18.830936396628225,6.165911200232536,1.0,1.0,1.0,"[(5.0, 5.0), (7.0, 7.0)]",1.0,True,23.36901983358753,42.199956230215754,False
13-3-13,1600,92.8,11.0,0.00045,0.00021999999999999998,"[4.0, 8.0]",44.30177753554108,5.5,35.65938573703622,36.98058444324532,18.88531978105497,5.569187196116751,1.0,1.0,1.0,"[(5.5, 5.5)]",0.5,True,25.416457754486107,44.30177753554108,False
13-3-13,1200,69.6,11.999999999999996,0.00045,0.00029,"[4.0, 8.0]",45.01735847652487,6.0,36.77876999723634,38.7077245661093,19.053310176925784,5.976389444264349,1.0,1.0,1.0,"[(6.0, 6.0)]",0.5,True,25.964048299599085,45.01735847652487,False
13-3-13,1200,69.6,12.199999999999996,0.00035,0.00029,"[4.0, 8.0]",41.65695246246158,7.5,34.86870785602767,37.083221903079455,19.440512737232083,5.315704372949874,1.0,1.0,1.0,"[(7.5, 7.5)]",0.5,True,22.2164397252295,41.65695246246158,False
13-3-13,2200,127.6,12.599999999999994,0.00045,0.00029,"[4.0, 8.0]",47.970077478858116,7.5,39.69298141516193,39.55762346594583,19.580882165622505,5.901659032819413,1.0,1.0,1.0,"[(7.5, 8.0)]",1.0,True,28.38919531323561,47.970077478858116,False
13-3-13,900,52.2,11.0,0.00035,0.00029,"[4.0, 8.0]",41.330069695502345,5.5,35.16696267970713,34.59418150164119,19.93815755024102,5.7246115734252925,1.0,1.0,1.0,"[(4.0, 4.0), (5.5, 5.5), (7.0, 7.0)]",1.5,True,21.391912145261326,41.330069695502345,False
13-3-13,1600,92.8,12.399999999999995,0.00045,0.00029,"[4.0, 8.0]",43.54564137632104,7.5,35.43692718393153,35.36052088966339,19.94994310366169,6.023739547181325,1.0,1.0,1.0,"[(5.5, 5.5), (7.5, 8.0)]",1.5,True,23.595698272659355,43.54564137632104,False
13-3-13,2200,127.6,11.2,0.00045,0.00029,"[4.0, 8.0]",50.564928576381824,5.5,41.556226374027204,40.62033861713678,20.00876711273638,5.304316669166628,1.0,1.0,1.0,"[(5.5, 5.5)]",0.5,True,30.556161463645445,50.564928576381824,False
13-3-13,1200,69.6,11.0,0.00045,0.00029,"[4.0, 8.0]",48.10722289049654,5.5,37.07727782672037,35.15483757210397,20.26489505872441,6.667199162270781,1.0,1.0,1.0,"[(5.5, 5.5)]",0.5,True,27.842327831772128,48.10722289049654,False
13-3-13,900,52.2,11.999999999999996,0.00045,0.00029,"[4.0, 8.0]",43.60353519420994,5.0,36.406838248634045,39.82165498702811,20.407903882626666,6.665759237764616,1.0,1.0,1.0,"[(5.0, 5.0), (6.0, 6.0), (7.5, 7.5)]",1.5,True,23.195631311583274,43.60353519420994,False
13-3-13,2200,127.6,11.0,0.00045,0.00029,"[4.0, 8.0]",57.45516164135758,5.5,42.45936496796301,40.569969903686534,20.796593471230928,6.151680640343757,1.0,1.0,1.0,"[(5.5, 5.5)]",0.5,True,36.65856817012665,57.45516164135758,False
13-3-13,900,52.2,11.799999999999997,0.00035,0.00029,"[4.0, 8.0]",41.96255949449765,7.5,31.27568754948371,30.50457078285128,20.999204742568807,5.94527688393362,1.0,1.0,1.0,"[(7.5, 7.5)]",0.5,True,20.96335475192884,41.96255949449765,False
13-3-13,1200,69.6,12.199999999999996,0.00045,0.00029,"[4.0, 8.0]",48.395046074836124,7.5,40.287683286007166,41.30948904138684,21.075896320527068,5.650770073215081,1.0,1.0,1.0,"[(7.5, 7.5)]",0.5,True,27.319149754309056,48.395046074836124,False
13-3-13,2200,127.6,13.199999999999992,0.00035,0.00021999999999999998,"[4.0, 8.0]",41.336021008388485,7.5,30.78833642543444,31.290754501431216,21.181054101528474,5.783785194179621,1.0,1.0,1.0,"[(7.5, 7.5)]",0.5,True,20.15496690686001,41.336021008388485,False
13-3-13,1200,69.6,11.399999999999999,0.00045,0.00029,"[4.0, 8.0]",49.353836380403315,4.5,39.04934154522054,39.701301977180364,21.255532419072964,5.739982027792599,1.0,1.0,1.0,"[(4.5, 4.5)]",0.5,True,28.098303961330352,49.353836380403315,False
13-3-13,900,52.2,12.199999999999996,0.00035,0.00029,"[4.0, 8.0]",42.949498361352106,7.5,32.657509657336476,32.78720504775701,21.44463163966261,5.579166113841312,1.0,1.0,1.0,"[(7.5, 7.5)]",0.5,True,21.504866721689496,42.949498361352106,False
13-3-13,2200,127.6,11.599999999999998,0.00045,0.00021999999999999998,"[4.0, 8.0]",49.08922828301784,5.5,37.5842095405126,34.68822239279912,21.53045144244697,6.290716051463952,1.0,1.0,1.0,"[(5.5, 5.5)]",0.5,True,27.558776840570868,49.08922828301784,False
13-3-13,1600,92.8,11.799999999999997,0.00045,0.00021999999999999998,"[4.0, 8.0]",39.41269303372533,7.0,33.881311726487276,36.38817774336349,21.564466852395988,6.503929572559227,1.0,1.0,0.8888888888888888,"[(4.5, 4.5), (5.5, 6.0), (7.0, 7.0)]",2.0,True,17.848226181329345,39.41269303372533,False
13-3-13,2200,127.6,11.2,0.00045,0.00021999999999999998,"[4.0, 8.0]",43.608127786587126,5.5,36.6432383873632,38.572670706522835,21.64032807439693,6.384112090303033,1.0,1.0,1.0,"[(5.5, 6.0)]",1.0,True,21.967799712190196,43.608127786587126,False
13-3-13,1600,92.8,11.599999999999998,0.00035,0.00029,"[4.0, 8.0]",45.31519440291169,7.5,36.30049572610311,37.02182810439129,21.650590885717907,5.978950845408427,1.0,1.0,1.0,"[(7.5, 7.5)]",0.5,True,23.664603517193786,45.31519440291169,False
13-3-13,2200,127.6,12.999999999999993,0.00045,0.00029,"[4.0, 8.0]",40.57286746942296,5.5,28.90625332179607,30.066845460894356,21.6716469000741,6.986376748496611,1.0,1.0,0.8888888888888888,"[(5.5, 5.5)]",0.5,True,18.901220569348858,40.57286746942296,False
13-3-13,2200,127.6,11.799999999999997,0.00035,0.00029,"[4.0, 8.0]",42.070832909149274,4.5,35.08500679199037,37.40712544724724,21.81650795116871,6.379239314776776,1.0,1.0,1.0,"[(4.5, 4.5), (7.0, 7.0)]",1.0,True,20.254324957980565,42.070832909149274,False
13-3-13,2200,127.6,11.999999999999996,0.00045,0.00021999999999999998,"[4.0, 8.0]",44.86047814795068,8.0,33.961589721903955,33.89261914677818,22.085630476406557,5.771397745154018,1.0,1.0,1.0,"[(8.0, 8.0)]",0.5,True,22.774847671544123,44.86047814795068,False
13-3-13,1600,92.8,12.799999999999994,0.00045,0.00029,"[4.0, 8.0]",40.46318016404356,8.0,29.09279562706257,29.973286831213194,23.006656986799623,6.323206539467573,1.0,1.0,0.8888888888888888,"[(8.0, 8.0)]",0.5,True,17.456523177243934,40.46318016404356,False
13-3-13,1200,69.6,11.0,0.00035,0.00029,"[4.0, 8.0]",43.08065482283119,8.0,34.03842644295431,35.72107210434421,23.470140551145214,6.451415249049132,1.0,1.0,0.8888888888888888,"[(8.0, 8.0)]",0.5,True,19.61051427168598,43.08065482283119,False
13-3-13,1200,69.6,12.399999999999995,0.00045,0.00029,"[4.0, 8.0]",44.4989672478379,7.5,33.77960900151029,33.1884269016163,23.565884396738852,7.558235287443278,1.0,1.0,1.0,"[(5.5, 5.5), (7.5, 7.5)]",1.0,True,20.93308285109905,44.4989672478379,False
13-3-13,2200,127.6,11.799999999999997,0.00045,0.00029,"[4.0, 8.0]",59.45442763927162,7.0,42.67385914836876,39.34071609680056,24.334809688712447,8.686289587196471,1.0,1.0,1.0,"[(6.5, 7.0)]",1.0,True,35.119617950559174,59.45442763927162,False
13-3-13,2200,127.6,11.399999999999999,0.00045,0.00029,"[4.0, 8.0]",51.902687012205945,5.5,40.41405201422217,40.9350576664724,24.6115544257018,6.718832345881168,1.0,1.0,1.0,"[(5.5, 5.5)]",0.5,True,27.291132586504144,51.902687012205945,False
13-3-13,1600,92.8,13.399999999999991,0.00045,0.00029,"[4.0, 8.0]",54.30674010574612,7.0,37.593632416090195,35.19489337201037,24.709276607329727,7.020601049312164,1.0,1.0,1.0,"[(7.0, 7.0)]",0.5,True,29.597463498416396,54.30674010574612,False
13-3-13,1200,69.6,11.0,0.00045,0.00021999999999999998,"[4.0, 8.0]",43.888401770223695,5.5,34.90021593488795,37.39088142769073,25.11853679668738,6.9813876324294535,1.0,1.0,0.8888888888888888,"[(5.5, 5.5)]",0.5,True,18.769864973536315,43.888401770223695,False
13-3-13,1200,69.6,12.599999999999994,0.00045,0.00029,"[4.0, 8.0]",42.62017402056856,7.0,35.68259064035406,35.61775147897166,25.328592234536853,7.134457664525677,1.0,1.0,0.8888888888888888,"[(5.5, 6.0), (7.0, 7.0)]",1.5,True,17.29158178603171,42.62017402056856,False
13-3-13,1600,92.8,12.199999999999996,0.00045,0.00029,"[4.0, 8.0]",45.99151919773711,8.0,38.446304846760924,41.784690774204805,27.080241897140027,8.078410121309114,1.0,1.0,0.8888888888888888,"[(6.0, 6.0), (7.5, 8.0)]",1.5,True,18.911277300597085,45.99151919773711,False
13-3-13,1600,92.8,11.0,0.00045,0.00029,"[4.0, 8.0]",57.57656423565635,5.5,37.69595149471465,34.74263960521745,28.23812123857829,8.481365367841601,1.0,1.0,1.0,"[(5.5, 5.5)]",0.5,True,29.338442997078058,57.57656423565635,False
13-3-13,1200,69.6,11.599999999999998,0.00045,0.00029,"[4.0, 8.0]",48.3031770450497,6.0,39.08373480804582,40.48058525577197,28.750234590127565,8.438432813917318,1.0,1.0,0.8888888888888888,"[(5.5, 6.0)]",1.0,True,19.552942454922135,48.3031770450497,False
13-3-13,2200,127.6,13.199999999999992,0.00025,0.00029,"[4.0, 8.0]",56.25835907166321,7.5,40.840533688511556,40.769536030492034,31.01995595882892,7.609152838305992,1.0,1.0,1.0,"[(7.5, 7.5)]",0.5,True,25.238403112834288,56.25835907166321,False
13-3-13,2200,127.6,12.199999999999996,0.00045,0.00029,"[4.0, 8.0]",61.06144337258705,6.0,38.50312185793594,35.28906054440559,32.937840234132445,9.534869629209858,1.0,1.0,1.0,"[(6.0, 6.0)]",0.5,True,28.123603138454605,61.06144337258705,False
13-3-13,2200,127.6,11.599999999999998,0.00045,0.00029,"[4.0, 8.0]",69.31633627345026,5.5,43.85783842113945,40.03993091342682,37.11436739734687,11.370626995310651,1.0,1.0,1.0,"[(5.5, 5.5)]",0.5,True,32.20196887610339,69.31633627345026,False
13-3-13,1600,92.8,13.399999999999991,0.00035,0.00029,"[4.0, 8.0]",66.15548210570763,5.5,40.60686819590596,38.36251469371072,37.38075013575959,10.382926442310564,1.0,1.0,1.0,"[(5.5, 5.5)]",0.5,True,28.774731969948043,66.15548210570763,False
13-3-13,2200,127.6,11.999999999999996,0.00045,0.00029,"[4.0, 8.0]",77.56834644318889,5.0,44.73992534945259,43.48522479584092,52.815193532032474,14.820402452172516,1.0,1.0,1.0,"[(5.0, 5.0)]",0.5,True,24.753152911156413,77.56834644318889,False
13-3-13,2200,127.6,12.199999999999996,0.00045,0.00021999999999999998,"[4.0, 8.0]",41.30105411002803,4.5,32.70220265741635,33.021998534678275,24.439152473950365,7.524889521944077,1.0,0.8888888888888888,0.8888888888888888,"[(4.5, 4.5), (5.5, 5.5), (8.0, 8.0)]",1.5,True,16.86190163607767,41.30105411002803,False
13-3-13,1600,92.8,11.799999999999997,0.00045,0.00029,"[4.0, 8.0]",44.084677129473214,4.0,34.91935402503269,37.95435942632381,27.376998435693,7.649513227195436,1.0,0.8888888888888888,0.8888888888888888,"[(4.0, 4.0)]",0.5,True,16.707678693780213,44.084677129473214,False
13-3-13,1600,92.8,12.999999999999993,0.00025,0.00021999999999999998,"[4.0, 8.0]",38.334023514478275,7.5,28.110099977499825,28.865538433816162,21.81368950295115,7.417360319341235,1.0,0.8888888888888888,0.7777777777777778,"[(7.5, 8.0)]",1.0,True,16.520334011527126,38.334023514478275,False
13-3-13,1200,69.6,11.0,0.00045,0.00015,"[4.0, 8.0]",37.1939147126006,7.5,27.867242958803583,28.75016366782987,20.68163224229472,6.482284057888444,1.0,0.8888888888888888,0.8888888888888888,"[(7.0, 7.5)]",1.0,True,16.51228247030588,37.1939147126006,False
13-3-13,2200,127.6,12.599999999999994,0.00045,0.00021999999999999998,"[4.0, 8.0]",37.60731729033128,8.0,29.236477303047977,30.059176455219337,21.70394423673486,5.56162390706615,1.0,0.8888888888888888,0.8888888888888888,"[(8.0, 8.0)]",0.5,True,15.903373053596422,37.60731729033128,False
13-3-13,1600,92.8,11.0,0.00045,0.00015,"[4.0, 8.0]",34.82889773542564,8.0,26.643111369266137,25.263685043431035,18.97817813375333,6.023659038297699,1.0,0.8888888888888888,0.8888888888888888,"[(6.5, 6.5), (7.5, 8.0)]",1.5,True,15.850719601672312,34.82889773542564,False
13-3-13,1200,69.6,12.599999999999994,0.00045,0.00021999999999999998,"[4.0, 8.0]",32.34955100252082,6.5,26.056779201701197,29.077672214805336,16.684567736115426,5.73239445598228,1.0,0.8888888888888888,0.7777777777777778,"[(6.0, 7.0)]",1.5,True,15.664983266405395,32.34955100252082,False
13-3-13,900,52.2,11.0,0.00045,0.00021999999999999998,"[4.0, 8.0]",40.66570210091861,8.0,34.189381203027345,38.4261862271416,25.651338610037193,8.120218743256455,1.0,0.8888888888888888,0.8888888888888888,"[(5.0, 6.5), (8.0, 8.0)]",2.5,True,15.014363490881415,40.66570210091861,False
13-3-13,900,52.2,11.0,0.00045,0.00015,"[4.0, 8.0]",39.19203421360467,7.5,27.58708366696699,29.188234407727414,24.20125835246691,6.895665128519291,0.8888888888888888,0.8888888888888888,0.8888888888888888,"[(7.5, 7.5)]",0.5,True,14.990775861137761,39.19203421360467,False
13-3-13,900,52.2,12.999999999999993,0.00045,0.00029,"[4.0, 8.0]",24.677990622344005,8.0,20.959885331471437,21.229142560539323,9.78342493203512,2.818802545279887,0.8888888888888888,0.8888888888888888,0.7777777777777778,"[(5.0, 5.0), (7.0, 8.0)]",2.0,True,14.894565690308886,24.677990622344005,False
13-3-13,900,52.2,11.399999999999999,0.00045,0.00021999999999999998,"[4.0, 8.0]",40.87519389246533,6.0,32.98903032457197,34.994950417838446,26.288665453171127,7.6550454354164374,0.8888888888888888,0.8888888888888888,0.8888888888888888,"[(5.5, 6.5)]",1.5,True,14.586528439294206,40.87519389246533,False
13-3-13,1600,92.8,11.599999999999998,0.00045,0.00015,"[4.0, 8.0]",30.134789655590488,8.0,24.037221925292528,25.88595293487512,16.83242096491608,5.209527644209764,0.8888888888888888,0.8888888888888888,0.7777777777777778,"[(5.0, 5.0), (6.5, 6.5), (8.0, 8.0)]",1.5,True,13.30236869067441,30.134789655590488,False
13-3-13,1600,92.8,12.599999999999994,0.00045,0.00021999999999999998,"[4.0, 8.0]",34.28306830082164,4.5,26.50899380298034,27.08424646251054,21.034562846954806,5.92266427247905,0.8888888888888888,0.8888888888888888,0.8888888888888888,"[(4.5, 4.5), (7.0, 7.0)]",1.0,True,13.248505453866832,34.28306830082164,False
13-3-13,1600,92.8,13.399999999999991,0.00025,0.00029,"[4.0, 8.0]",58.16882615710033,5.0,41.213533510683405,39.77931088160845,45.09158649264138,12.022187407986094,0.8888888888888888,0.8888888888888888,0.8888888888888888,"[(5.0, 5.0)]",0.5,True,13.077239664458942,58.16882615710033,False
13-3-13,900,52.2,13.399999999999991,0.00025,0.00029,"[4.0, 8.0]",39.729746641358055,7.5,30.964297622488743,33.097491577664776,26.861906965118525,8.880004888945468,0.8888888888888888,0.8888888888888888,0.7777777777777778,"[(5.0, 6.0), (7.5, 7.5)]",2.0,True,12.86783967623953,39.729746641358055,False
13-3-13,900,52.2,12.199999999999996,0.00045,0.00021999999999999998,"[4.0, 8.0]",42.78105209776818,7.5,32.246205611224646,34.34057187806187,30.522245474715774,8.04597591157273,0.8888888888888888,0.8888888888888888,0.8888888888888888,"[(7.5, 7.5)]",0.5,True,12.258806623052408,42.78105209776818,False
13-3-13,1200,69.6,12.999999999999993,0.00045,0.00029,"[4.0, 8.0]",37.33602169858613,7.0,26.862356039106444,26.977858116432024,25.68324698651828,8.142989982397133,0.8888888888888888,0.8888888888888888,0.7777777777777778,"[(7.0, 7.5)]",1.0,True,11.652774712067849,37.33602169858613,False
13-3-13,2200,127.6,11.399999999999999,0.00045,0.00021999999999999998,"[4.0, 8.0]",42.613762283784396,5.0,31.856817693801936,34.88928890746534,31.88294891583316,9.799303509356795,0.8888888888888888,0.8888888888888888,0.8888888888888888,"[(5.0, 5.0), (7.0, 7.0)]",1.0,True,10.730813367951233,42.613762283784396,False
13-3-13,1600,92.8,11.599999999999998,0.00035,0.00021999999999999998,"[4.0, 8.0]",38.36034177855064,7.5,26.94548892653895,29.043538868870886,29.867979239699494,8.076595044969904,0.8888888888888888,0.8888888888888888,0.8888888888888888,"[(7.5, 7.5)]",0.5,True,8.492362538851145,38.36034177855064,False
13-3-13,1600,92.8,12.399999999999995,0.00045,0.00021999999999999998,"[4.0, 8.0]",36.52310329575015,7.5,25.837572150161755,24.943682296641914,28.6610913256592,7.843743498640156,0.8888888888888888,0.8888888888888888,0.8888888888888888,"[(6.5, 6.5), (7.5, 7.5)]",1.0,True,7.862011970090946,36.52310329575015,False
13-3-13,900,52.2,13.399999999999991,0.00035,0.00021999999999999998,"[4.0, 8.0]",33.00793913986348,5.5,26.45149107889903,28.88376595256091,26.403263168998397,7.349235237839982,0.8888888888888888,0.8888888888888888,0.8888888888888888,"[(4.5, 5.5), (8.0, 8.0)]",2.0,True,6.604675970865085,33.00793913986348,False
13-3-13,1200,69.6,11.399999999999999,0.00035,0.00029,"[4.0, 8.0]",39.028365723571305,7.0,32.48364005436413,36.284306397839956,32.8233683838147,9.762385641272084,0.8888888888888888,0.8888888888888888,0.8888888888888888,"[(5.0, 7.0)]",2.5,True,6.204997339756603,39.028365723571305,False
13-3-13,1600,92.8,11.399999999999999,0.00035,0.00029,"[4.0, 8.0]",42.66606797755366,7.5,34.85881955396101,38.350609112611195,36.74616928136309,10.686919631308836,0.8888888888888888,0.8888888888888888,0.8888888888888888,"[(5.0, 5.5), (7.0, 7.5)]",2.0,True,5.919898696190571,42.66606797755366,False
13-3-13,900,52.2,11.399999999999999,0.00035,0.00029,"[4.0, 8.0]",41.15110526995137,7.5,32.38839358078414,35.3285700816033,35.23249337277853,9.945261712447312,0.8888888888888888,0.8888888888888888,0.8888888888888888,"[(5.5, 5.5), (7.5, 7.5)]",1.0,True,5.918611897172842,41.15110526995137,False
13-3-13,2200,127.6,13.399999999999991,0.00035,0.00029,"[4.0, 8.0]",41.837326208612794,8.0,31.58906651710724,34.376636693721736,36.770461024158855,10.350483787298385,0.8888888888888888,0.8888888888888888,0.8888888888888888,"[(5.0, 5.0), (8.0, 8.0)]",1.0,True,5.06686518445394,41.837326208612794,False
13-3-13,900,52.2,12.999999999999993,0.00025,0.00029,"[4.0, 8.0]",37.17161582936611,7.5,28.28180059058551,34.97046735375335,32.607779650232025,10.32517625298512,0.8888888888888888,0.8888888888888888,0.7777777777777778,"[(4.0, 4.5), (7.0, 8.0)]",2.5,True,4.563836179134087,37.17161582936611,False
13-3-13,2200,127.6,11.399999999999999,0.00035,0.00029,"[4.0, 8.0]",41.04043192980602,6.5,34.65792116093883,39.215383642316525,36.65246689836664,10.916398709334528,0.8888888888888888,0.8888888888888888,0.8888888888888888,"[(4.5, 4.5), (5.5, 7.5)]",3.0,True,4.387965031439379,41.04043192980602,False
13-3-13,2200,127.6,11.599999999999998,0.00035,0.00021999999999999998,"[4.0, 8.0]",35.778381462626974,6.5,29.90654433545014,32.19206217459825,31.64043788080401,9.319567723856075,0.8888888888888888,0.8888888888888888,0.8888888888888888,"[(4.0, 4.5), (6.5, 7.0)]",2.0,True,4.137943581822963,35.778381462626974,False
13-3-13,1200,69.6,11.599999999999998,0.00035,0.00021999999999999998,"[4.0, 8.0]",36.50618444857006,7.0,26.712517054408213,31.007574939568755,32.63705808425041,10.07812100287482,0.8888888888888888,0.8888888888888888,0.7777777777777778,"[(6.5, 7.0)]",1.0,True,3.8691263643196487,36.50618444857006,False
13-3-13,1600,92.8,13.399999999999991,0.00035,0.00021999999999999998,"[4.0, 8.0]",38.44209317732619,7.5,27.2613824313127,30.61413512653679,35.01820751276917,10.733459672910968,0.8888888888888888,0.8888888888888888,0.7777777777777778,"[(6.0, 6.0), (7.5, 7.5)]",1.0,True,3.423885664557017,38.44209317732619,False
13-3-13,1600,92.8,11.2,0.00035,0.00021999999999999998,"[4.0, 8.0]",39.65515084703583,8.0,28.905855971694525,29.644984261725106,36.40298549137566,10.141638848607643,0.8888888888888888,0.8888888888888888,0.8888888888888888,"[(8.0, 8.0)]",0.5,True,3.2521653556601655,39.65515084703583,False
13-3-13,900,52.2,11.2,0.00035,0.00021999999999999998,"[4.0, 8.0]",37.64807656494291,6.0,30.32695795427179,33.3930645097187,34.71055972810657,10.186109722456296,0.8888888888888888,0.8888888888888888,0.8888888888888888,"[(5.5, 6.5)]",1.5,True,2.937516836836342,37.64807656494291,False
13-3-13,2200,127.6,11.2,0.00035,0.00021999999999999998,"[4.0, 8.0]",40.99439214964619,8.0,30.68208365460771,34.30768324161144,38.18830982749719,11.496484742739177,0.8888888888888888,0.8888888888888888,0.7777777777777778,"[(4.5, 4.5), (7.5, 8.0)]",1.5,True,2.8060823221489932,40.99439214964619,False
13-3-13,1600,92.8,13.199999999999992,0.00045,0.00021999999999999998,"[4.0, 8.0]",35.63842770255726,7.5,23.791161269492587,23.097691846409035,35.48806549878223,9.999895753533028,0.8888888888888888,0.8888888888888888,0.8888888888888888,"[(4.0, 4.0), (7.5, 7.5)]",1.0,True,0.15036220377503484,35.63842770255726,False
13-3-13,1200,69.6,12.999999999999993,0.00025,0.00029,"[4.0, 8.0]",40.08222318027428,8.0,28.31818441613416,32.46374885270389,40.34154984459974,11.30734401045788,0.8888888888888888,0.8888888888888888,0.8888888888888888,"[(4.0, 4.0), (8.0, 8.0)]",1.0,True,-0.2593266643254569,40.08222318027428,False
13-3-13,2200,127.6,12.999999999999993,0.00025,0.00021999999999999998,"[4.0, 8.0]",37.59967679364921,7.5,27.676103766584333,31.136702736671452,38.12228972091269,10.592136005242315,0.8888888888888888,0.8888888888888888,0.8888888888888888,"[(7.0, 7.5)]",1.0,True,-0.5226129272634841,37.59967679364921,False
13-3-13,1200,69.6,11.2,0.00035,0.00021999999999999998,"[4.0, 8.0]",38.74091398448427,8.0,26.76867599993374,33.69883942901653,39.26545551112247,11.275714911552619,0.8888888888888888,0.8888888888888888,0.8888888888888888,"[(8.0, 8.0)]",0.5,True,-0.5245415266381955,38.74091398448427,False
13-3-13,2200,127.6,11.399999999999999,0.00045,0.00015,"[4.0, 8.0]",32.60273453786177,7.5,23.72016762923048,25.623652714087708,33.29242058639912,9.156811898735382,0.8888888888888888,0.8888888888888888,0.8888888888888888,"[(7.5, 7.5)]",0.5,True,-0.6896860485373473,32.60273453786177,False
13-3-13,1200,69.6,13.199999999999992,0.00045,0.00021999999999999998,"[4.0, 8.0]",33.295988075682516,4.5,25.171934656750672,28.720155830991825,35.49339276707114,10.612765560674418,0.8888888888888888,0.8888888888888888,0.7777777777777778,"[(4.5, 5.0), (7.5, 8.0)]",2.0,True,-2.1974046913886256,33.295988075682516,False
13-3-13,900,52.2,13.199999999999992,0.00035,0.00029,"[4.0, 8.0]",36.45335240426149,8.0,25.555691173241257,26.85320014225535,39.634605343970755,11.013140716244717,0.8888888888888888,0.8888888888888888,0.8888888888888888,"[(8.0, 8.0)]",0.5,True,-3.1812529397092666,36.45335240426149,False
13-3-13,1600,92.8,11.399999999999999,0.00045,0.00015,"[4.0, 8.0]",34.66854478564061,8.0,25.71316479074604,28.888114211179783,39.463972682828526,11.195717665725184,0.8888888888888888,0.8888888888888888,0.8888888888888888,"[(6.0, 6.0), (8.0, 8.0)]",1.0,True,-4.795427897187912,34.66854478564061,False
13-3-13,1600,92.8,11.399999999999999,0.00045,0.00021999999999999998,"[4.0, 8.0]",39.55773013059723,5.5,32.545092098168396,34.855474339064955,22.919093026160716,8.650326225068213,1.0,0.7777777777777778,0.7777777777777778,"[(5.0, 5.5), (7.0, 7.5)]",2.0,True,16.638637104436512,39.55773013059723,False
13-3-13,1600,92.8,11.399999999999999,0.00035,0.00021999999999999998,"[4.0, 8.0]",37.313657827445475,8.0,27.584125980496708,29.614244852646117,24.029582456438824,7.553152726885557,0.8888888888888888,0.7777777777777778,0.7777777777777778,"[(8.0, 8.0)]",0.5,True,13.284075371006649,37.313657827445475,False
13-3-13,1200,69.6,11.399999999999999,0.00045,0.00021999999999999998,"[4.0, 8.0]",40.8412379865721,5.5,29.906556170411356,33.63534440300305,32.32013456308787,10.01800167959912,0.8888888888888888,0.7777777777777778,0.7777777777777778,"[(5.5, 6.0)]",1.0,True,8.521103423484227,40.8412379865721,False
13-3-13,900,52.2,11.399999999999999,0.00035,0.00021999999999999998,"[4.0, 8.0]",37.720853204386685,8.0,29.31862115011703,33.691089530609915,30.893111394945073,10.540657819930852,0.7777777777777778,0.7777777777777778,0.7777777777777778,"[(5.5, 6.5), (8.0, 8.0)]",2.0,True,6.827741809441612,37.720853204386685,False
13-3-13,2200,127.6,11.799999999999997,0.00035,0.00021999999999999998,"[4.0, 8.0]",36.471550047727405,6.0,25.414312451516693,29.00067746095461,29.84820298391845,10.397105817578643,0.7777777777777778,0.7777777777777778,0.7777777777777778,"[(5.0, 5.0), (6.0, 6.0)]",1.0,True,6.6233470638089535,36.471550047727405,False
13-3-13,1200,69.6,11.799999999999997,0.00035,0.00021999999999999998,"[4.0, 8.0]",33.370682699127194,6.5,24.581786419823143,28.52616897529355,27.598099763115723,9.948570683098895,0.7777777777777778,0.7777777777777778,0.7777777777777778,"[(6.0, 7.0)]",1.5,True,5.77258293601147,33.370682699127194,False
13-3-13,900,52.2,11.599999999999998,0.00035,0.00021999999999999998,"[4.0, 8.0]",34.74494737190793,6.0,26.552063096251135,32.022915598092936,31.346151977127153,10.15272010073425,0.8888888888888888,0.7777777777777778,0.7777777777777778,"[(5.0, 7.0)]",2.5,True,3.398795394780773,34.74494737190793,False
13-3-13,1200,69.6,13.199999999999992,0.00035,0.00029,"[4.0, 8.0]",38.38824655762336,7.0,25.750305635727923,24.161179684754856,35.27099234471567,11.144594332617313,0.7777777777777778,0.7777777777777778,0.7777777777777778,"[(7.0, 8.0)]",1.5,True,3.1172542129076914,38.38824655762336,False
13-3-13,2200,127.6,13.199999999999992,0.00025,0.00021999999999999998,"[4.0, 8.0]",47.39706834020445,7.5,25.051896138520036,29.109105934001718,45.408559184018166,14.174133957236027,0.7777777777777778,0.7777777777777778,0.6666666666666666,"[(7.5, 7.5)]",0.5,True,1.9885091561862835,47.39706834020445,False
13-3-13,1600,92.8,13.199999999999992,0.00035,0.00029,"[4.0, 8.0]",39.35768345770343,8.0,28.958463524126948,35.97565115729685,38.112558013405334,12.578309348497367,0.7777777777777778,0.7777777777777778,0.7777777777777778,"[(4.5, 4.5), (7.5, 8.0)]",1.5,True,1.2451254442981003,39.35768345770343,False
13-3-13,2200,127.6,13.399999999999991,0.00045,0.00021999999999999998,"[4.0, 8.0]",34.95500683576656,7.5,22.995345606100106,27.236487853628944,33.84925123845497,10.89208431438178,0.7777777777777778,0.7777777777777778,0.7777777777777778,"[(7.5, 7.5)]",0.5,True,1.1057555973115933,34.95500683576656,False
13-3-13,1600,92.8,12.799999999999994,0.00025,0.00021999999999999998,"[4.0, 8.0]",38.38967863987645,8.0,25.464334718675627,31.962342633891684,37.46900379854838,13.756533706104808,0.7777777777777778,0.7777777777777778,0.6666666666666666,"[(7.5, 8.0)]",1.0,True,0.920674841328074,38.38967863987645,False
13-3-13,900,52.2,11.799999999999997,0.00035,0.00021999999999999998,"[4.0, 8.0]",30.71374650144474,6.0,22.694241894390874,27.8858113490492,30.000187854793705,10.018473350707948,0.7777777777777778,0.7777777777777778,0.7777777777777778,"[(5.0, 7.0)]",2.5,True,0.7135586466510325,30.71374650144474,False
13-3-13,2200,127.6,11.2,0.00045,0.00015,"[4.0, 8.0]",33.34898686715095,8.0,24.234708697282034,28.651261256504487,33.10066718299345,10.571213231609882,0.7777777777777778,0.7777777777777778,0.7777777777777778,"[(5.5, 5.5), (6.5, 6.5), (8.0, 8.0)]",1.5,True,0.2483196841575028,33.34898686715095,False
13-3-13,900,52.2,13.399999999999991,0.00045,0.00021999999999999998,"[4.0, 8.0]",37.46703181253383,7.0,24.148254594917145,27.05616523291112,37.354446907752205,12.555901373583557,0.7777777777777778,0.7777777777777778,0.7777777777777778,"[(5.5, 5.5), (7.0, 7.0)]",1.0,True,0.11258490478162572,37.46703181253383,False
13-3-13,1600,92.8,13.399999999999991,0.00025,0.00015,"[4.0, 8.0]",29.541675442443,8.0,22.166532438396427,27.426793805659855,29.558559006865902,10.21784871312425,0.7777777777777778,0.7777777777777778,0.7777777777777778,"[(5.0, 6.0), (7.0, 8.0)]",3.0,True,-0.016883564422900427,29.541675442443,False
13-3-13,900,52.2,11.0,0.00035,0.00021999999999999998,"[4.0, 8.0]",38.115898639283465,6.0,27.69386275794953,34.62894415309961,38.3009377172335,13.831647581624269,0.7777777777777778,0.7777777777777778,0.7777777777777778,"[(5.5, 6.0), (7.5, 7.5)]",1.5,True,-0.18503907795003782,38.115898639283465,False
13-3-13,1200,69.6,12.799999999999994,0.00025,0.00021999999999999998,"[4.0, 8.0]",32.74606949797129,8.0,21.390457774713596,26.059204080985104,32.96034794627642,11.744652585923426,0.7777777777777778,0.7777777777777778,0.7777777777777778,"[(7.0, 7.0), (8.0, 8.0)]",1.0,True,-0.21427844830513185,32.74606949797129,False
13-3-13,2200,127.6,12.799999999999994,0.00025,0.00021999999999999998,"[4.0, 8.0]",37.685954147012964,8.0,22.902284225340786,21.35596441078114,38.33253762265064,12.395693134391385,0.7777777777777778,0.7777777777777778,0.7777777777777778,"[(7.5, 8.0)]",1.0,True,-0.6465834756376747,37.685954147012964,False
13-3-13,1600,92.8,11.0,0.00035,0.00021999999999999998,"[4.0, 8.0]",37.21929448193577,6.0,25.62222394637406,30.782479888235315,37.97862259863644,14.1501148271271,0.7777777777777778,0.7777777777777778,0.7777777777777778,"[(6.0, 6.5), (8.0, 8.0)]",1.5,True,-0.7593281167006711,37.21929448193577,False
13-3-13,1600,92.8,11.799999999999997,0.00035,0.00021999999999999998,"[4.0, 8.0]",37.19526654405917,7.5,26.68706607040369,33.84315998084536,38.383788986934775,14.019635785229687,0.7777777777777778,0.7777777777777778,0.7777777777777778,"[(6.5, 7.5)]",1.5,True,-1.1885224428756012,37.19526654405917,False
13-3-13,1200,69.6,11.399999999999999,0.00045,0.00015,"[4.0, 8.0]",31.504880698595986,6.5,20.96565493509396,24.4359385871404,32.76608886221327,9.829386991580721,0.7777777777777778,0.7777777777777778,0.7777777777777778,"[(6.5, 6.5)]",0.5,True,-1.2612081636172854,31.504880698595986,False
13-3-13,900,52.2,11.599999999999998,0.00045,0.00015,"[4.0, 8.0]",26.527564659234756,6.0,18.66313289467005,23.401895233999408,27.93421670234733,9.530379172364615,0.7777777777777778,0.7777777777777778,0.6666666666666666,"[(5.5, 6.5), (8.0, 8.0)]",2.0,True,-1.4066520431125764,26.527564659234756,False
13-3-13,1200,69.6,11.0,0.00035,0.00021999999999999998,"[4.0, 8.0]",38.96817554587576,7.5,25.185410999860515,28.953828523570113,40.60390860662578,13.62128316609707,0.7777777777777778,0.7777777777777778,0.6666666666666666,"[(4.5, 4.5), (6.5, 6.5), (7.5, 7.5)]",1.5,True,-1.6357330607500196,38.96817554587576,False
13-3-13,1600,92.8,12.799999999999994,0.00035,0.00015,"[4.0, 8.0]",31.46715736000056,8.0,18.775238629974567,20.802682583856416,33.41165112238242,11.48113987276349,0.7777777777777778,0.7777777777777778,0.5555555555555556,"[(7.5, 8.0)]",1.0,True,-1.9444937623818637,31.46715736000056,False
13-3-13,900,52.2,11.399999999999999,0.00045,0.00015,"[4.0, 8.0]",33.78118082359814,8.0,21.830492103278203,27.464455040882342,37.19354558430397,11.790972539798268,0.7777777777777778,0.7777777777777778,0.7777777777777778,"[(8.0, 8.0)]",0.5,True,-3.4123647607058283,33.78118082359814,False
13-3-13,1600,92.8,11.2,0.00045,0.00015,"[4.0, 8.0]",34.76937632609528,7.5,21.86010120036876,25.07422236642773,38.74113492572292,11.064549836969848,0.7777777777777778,0.7777777777777778,0.7777777777777778,"[(7.5, 7.5)]",0.5,True,-3.9717585996276368,34.76937632609528,False
13-3-13,1200,69.6,11.599999999999998,0.00045,0.00015,"[4.0, 8.0]",34.68718811285116,8.0,20.21369359299093,24.163360643225552,41.3233191404953,11.768453240597575,0.7777777777777778,0.7777777777777778,0.6666666666666666,"[(8.0, 8.0)]",0.5,True,-6.636131027644144,34.68718811285116,False
13-3-13,900,52.2,11.2,0.00045,0.00015,"[4.0, 8.0]",33.369591362428224,7.5,23.494157080215906,29.81180950669268,41.66758154950937,13.058197586134002,0.7777777777777778,0.7777777777777778,0.7777777777777778,"[(5.5, 6.0), (7.5, 8.0)]",2.0,True,-8.297990187081146,33.369591362428224,False
13-3-13,1600,92.8,13.399999999999991,0.00045,0.00021999999999999998,"[4.0, 8.0]",41.205775225689514,8.0,23.940231200845222,26.195024729860673,49.739533703347945,14.368197968138999,0.7777777777777778,0.7777777777777778,0.7777777777777778,"[(8.0, 8.0)]",0.5,True,-8.533758477658433,41.205775225689514,False
13-3-13,1200,69.6,13.399999999999991,0.00035,0.00029,"[4.0, 8.0]",37.849244951311064,6.5,25.558150878559225,31.664627106858,46.89538158210071,13.995590434620278,0.7777777777777778,0.7777777777777778,0.7777777777777778,"[(5.0, 5.0), (6.5, 6.5)]",1.0,True,-9.04613663078965,37.849244951311064,False
13-3-13,1200,69.6,11.399999999999999,0.00035,0.00021999999999999998,"[4.0, 8.0]",37.1700796934812,7.0,24.907748172544554,28.259013884248017,32.50652803399368,11.297881022596126,0.6666666666666666,0.6666666666666666,0.6666666666666666,"[(6.5, 7.0)]",1.0,True,4.663551659487514,37.1700796934812,False
13-3-13,1600,92.8,12.999999999999993,0.00025,0.00029,"[4.0, 8.0]",42.33464769394294,8.0,26.513688348082123,30.852110370562368,37.67901869892043,12.564310719029859,0.6666666666666666,0.6666666666666666,0.6666666666666666,"[(8.0, 8.0)]",0.5,True,4.655628995022508,42.33464769394294,False
13-3-13,1600,92.8,12.999999999999993,0.00045,0.00029,"[4.0, 8.0]",30.429447695520974,7.5,20.36564923523836,23.288263110110666,25.919176561586603,9.9096411410283,0.6666666666666666,0.6666666666666666,0.6666666666666666,"[(5.0, 5.5), (7.5, 8.0)]",2.0,True,4.510271133934372,30.429447695520974,False
13-3-13,900,52.2,12.799999999999994,0.00025,0.00021999999999999998,"[4.0, 8.0]",39.21918120012376,8.0,23.312995341353872,27.736315433117,38.051189185584505,13.329582466921124,0.6666666666666666,0.6666666666666666,0.6666666666666666,"[(8.0, 8.0)]",0.5,True,1.16799201453925,39.21918120012376,False
13-3-13,2200,127.6,12.999999999999993,0.00025,0.00029,"[4.0, 8.0]",43.037931063022114,8.0,24.319985704386777,28.79605758528195,41.95062720217722,14.658676683553294,0.6666666666666666,0.6666666666666666,0.6666666666666666,"[(8.0, 8.0)]",0.5,True,1.087303860844894,43.037931063022114,False
13-3-13,900,52.2,13.199999999999992,0.00045,0.00021999999999999998,"[4.0, 8.0]",34.13328676522972,7.5,23.80642613779203,27.212705590267994,33.189903691344476,10.91165313323708,0.7777777777777778,0.6666666666666666,0.6666666666666666,"[(5.5, 5.5), (7.5, 8.0)]",1.5,True,0.9433830738852401,34.13328676522972,False
13-3-13,1200,69.6,13.399999999999991,0.00045,0.00021999999999999998,"[4.0, 8.0]",30.549683765970904,4.5,15.52307326278099,19.33640983165626,30.70841151928217,10.379442529865331,0.6666666666666666,0.6666666666666666,0.4444444444444444,"[(4.5, 4.5)]",0.5,True,-0.15872775331126415,30.549683765970904,False
13-3-13,1600,92.8,12.999999999999993,0.00045,0.00015,"[4.0, 8.0]",27.581044182235566,8.0,18.174646202416223,23.765395827119473,27.920363568948073,10.513733826837708,0.6666666666666666,0.6666666666666666,0.6666666666666666,"[(5.5, 5.5), (7.5, 8.0)]",1.5,True,-0.3393193867125063,27.581044182235566,False
13-3-13,2200,127.6,11.0,0.00035,0.00021999999999999998,"[4.0, 8.0]",36.739873966736056,8.0,24.16763428457224,32.977701266244495,37.715778756109195,14.738946243548442,0.6666666666666666,0.6666666666666666,0.6666666666666666,"[(5.5, 6.0), (7.5, 8.0)]",2.0,True,-0.9759047893731371,36.739873966736056,False
13-3-13,2200,127.6,12.199999999999996,0.00025,0.00015,"[4.0, 8.0]",37.72853473987499,7.5,17.530941567702648,20.995266638779505,38.90874437227458,13.91123927865195,0.6666666666666666,0.6666666666666666,0.6666666666666666,"[(7.5, 7.5)]",0.5,True,-1.1802096323995934,37.72853473987499,False
13-3-13,1600,92.8,12.399999999999995,0.00025,0.00015,"[4.0, 8.0]",32.874021111274516,8.0,18.716866559173557,22.05606180403963,34.08449281505426,12.465169559786576,0.6666666666666666,0.6666666666666666,0.6666666666666666,"[(7.5, 8.0)]",1.0,True,-1.210471703779744,32.874021111274516,False
13-3-13,2200,127.6,12.399999999999995,0.00025,0.00015,"[4.0, 8.0]",37.965068841024134,7.5,19.054393724221306,21.689914071262724,39.37511995795419,13.408467776778364,0.6666666666666666,0.6666666666666666,0.6666666666666666,"[(7.0, 7.5)]",1.0,True,-1.4100511169300591,37.965068841024134,False
13-3-13,1600,92.8,12.999999999999993,0.00035,0.00021999999999999998,"[4.0, 8.0]",35.24643213698459,8.0,21.19937242484782,31.75387229842417,36.81783753648225,15.704886246389425,0.6666666666666666,0.6666666666666666,0.6666666666666666,"[(4.5, 4.5), (8.0, 8.0)]",1.0,True,-1.5714053994976604,35.24643213698459,False
13-3-13,1200,69.6,12.999999999999993,0.00045,0.00015,"[4.0, 8.0]",30.983515618299148,8.0,17.3006091277429,18.206071860622778,32.571090916248586,10.935758346506036,0.6666666666666666,0.6666666666666666,0.4444444444444444,"[(8.0, 8.0)]",0.5,True,-1.587575297949442,30.983515618299148,False
13-3-13,2200,127.6,13.199999999999992,0.00045,0.00021999999999999998,"[4.0, 8.0]",41.85954803303245,7.5,23.6891586202823,24.598452269659845,44.063391799027436,15.611991663043598,0.6666666666666666,0.6666666666666666,0.6666666666666666,"[(5.5, 5.5), (7.5, 8.0)]",1.5,True,-2.2038437659949803,41.85954803303245,False
13-3-13,1600,92.8,11.2,0.00025,0.00015,"[4.0, 8.0]",35.72489540474654,7.0,20.163396770585948,26.616959644991972,38.206732661640444,14.834174461097001,0.6666666666666666,0.6666666666666666,0.6666666666666666,"[(7.0, 7.5)]",1.0,True,-2.4818372568939044,35.72489540474654,False
13-3-13,2200,127.6,13.199999999999992,0.00035,0.00029,"[4.0, 8.0]",41.00702400037916,8.0,24.229351008941908,33.37053877757134,43.52956505783053,18.24576359539906,0.6666666666666666,0.6666666666666666,0.6666666666666666,"[(5.5, 5.5), (7.5, 8.0)]",1.5,True,-2.5225410574513702,41.00702400037916,False
13-3-13,1200,69.6,11.2,0.00045,0.00015,"[4.0, 8.0]",35.895751147036734,7.5,22.457691516137768,27.012956644405904,38.51531610773133,13.177861217659363,0.6666666666666666,0.6666666666666666,0.6666666666666666,"[(6.5, 6.5), (7.5, 8.0)]",1.5,True,-2.619564960694597,35.895751147036734,False
13-3-13,2200,127.6,12.599999999999994,0.00025,0.00015,"[4.0, 8.0]",38.290254161540595,7.5,19.105368491226727,24.041491412380477,41.05045821787202,14.368215680041278,0.6666666666666666,0.6666666666666666,0.6666666666666666,"[(7.5, 7.5)]",0.5,True,-2.7602040563314247,38.290254161540595,False
13-3-13,2200,127.6,12.999999999999993,0.00035,0.00021999999999999998,"[4.0, 8.0]",35.19865994868136,8.0,20.139064109611528,27.382664737760084,37.964925306981726,14.98398215215152,0.6666666666666666,0.6666666666666666,0.6666666666666666,"[(7.5, 8.0)]",1.0,True,-2.7662653583003656,35.19865994868136,False
13-3-13,2200,127.6,11.2,0.00025,0.00015,"[4.0, 8.0]",38.973098739469435,7.5,18.972528834204656,21.45507469663487,42.14201376575483,15.218182053083643,0.6666666666666666,0.6666666666666666,0.5555555555555556,"[(6.5, 6.5), (7.5, 7.5)]",1.0,True,-3.168915026285397,38.973098739469435,False
13-3-13,1200,69.6,11.2,0.00025,0.00015,"[4.0, 8.0]",30.25535231655629,7.0,15.394591880638322,19.597683919176397,33.72844044145038,12.732785082041495,0.6666666666666666,0.6666666666666666,0.3333333333333333,"[(4.0, 4.0), (7.0, 7.5)]",1.5,True,-3.4730881248940926,30.25535231655629,False
13-3-13,1600,92.8,12.599999999999994,0.00025,0.00015,"[4.0, 8.0]",32.95295716168039,7.5,16.267053568485085,18.734346684038623,47.32020880037143,15.564662395799877,0.6666666666666666,0.6666666666666666,0.4444444444444444,"[(7.0, 7.5)]",1.0,True,-14.367251638691043,32.95295716168039,False
13-3-13,1200,69.6,11.999999999999996,0.00035,0.00021999999999999998,"[4.0, 8.0]",23.19903107788868,6.0,14.707802584462534,17.764998528946677,20.349020964830444,7.701289552298282,0.5555555555555556,0.5555555555555556,0.3333333333333333,"[(5.5, 6.5)]",1.5,True,2.850010113058237,23.19903107788868,False
13-3-13,2200,127.6,12.799999999999994,0.00025,0.00015,"[4.0, 8.0]",34.244095556397255,6.5,18.14233024501901,23.795547327394992,32.24526594736122,12.557632115994316,0.5555555555555556,0.5555555555555556,0.5555555555555556,"[(6.5, 6.5), (7.5, 7.5)]",1.0,True,1.998829609036039,34.244095556397255,False
13-3-13,1200,69.6,13.399999999999991,0.00025,0.00029,"[4.0, 8.0]",30.428028633604423,4.0,16.94105226433124,19.544285169914733,30.073744227078045,10.700564334698251,0.5555555555555556,0.5555555555555556,0.4444444444444444,"[(4.0, 4.0), (5.0, 5.0)]",1.0,True,0.35428440652637827,30.428028633604423,False
13-3-13,2200,127.6,12.799999999999994,0.00035,0.00015,"[4.0, 8.0]",30.956876993888894,7.0,17.342348712022606,17.800129007049964,30.97227516610408,10.364153860544658,0.7777777777777778,0.5555555555555556,0.3333333333333333,"[(7.0, 7.5)]",1.0,True,-0.015398172215186752,30.956876993888894,False
13-3-13,900,52.2,12.999999999999993,0.00035,0.00021999999999999998,"[4.0, 8.0]",37.1879672035065,8.0,18.524420262540332,26.111648710268586,37.422290531820124,14.943936260970757,0.5555555555555556,0.5555555555555556,0.5555555555555556,"[(8.0, 8.0)]",0.5,True,-0.23432332831362307,37.1879672035065,False
13-3-13,1200,69.6,12.199999999999996,0.00025,0.00015,"[4.0, 8.0]",27.332574189665657,8.0,13.193003601900061,17.72106804184848,27.979032148471976,10.579613891625149,0.5555555555555556,0.5555555555555556,0.3333333333333333,"[(7.5, 8.0)]",1.0,True,-0.6464579588063212,27.332574189665657,False
13-3-13,1600,92.8,11.399999999999999,0.00025,0.00015,"[4.0, 8.0]",36.966793431117146,7.5,19.151409581090068,24.79269933022391,37.67007694327671,15.295848840600758,0.5555555555555556,0.5555555555555556,0.5555555555555556,"[(7.0, 7.5)]",1.0,True,-0.7032835121595633,36.966793431117146,False
13-3-13,2200,127.6,12.599999999999994,0.00025,0.00021999999999999998,"[4.0, 8.0]",36.5127002148079,8.0,16.719013935431935,24.405413356047777,37.34670611525677,15.153262592830906,0.5555555555555556,0.5555555555555556,0.5555555555555556,"[(8.0, 8.0)]",0.5,True,-0.8340059004488733,36.5127002148079,False
13-3-13,2200,127.6,12.799999999999994,0.00025,0.00029,"[4.0, 8.0]",36.676757362726,4.0,17.403024660033843,18.135693988702634,37.81513982470381,15.809792044390043,0.5555555555555556,0.5555555555555556,0.4444444444444444,"[(4.0, 4.5)]",1.0,True,-1.1383824619778153,36.676757362726,False
13-3-13,2200,127.6,11.599999999999998,0.00025,0.00015,"[4.0, 8.0]",38.104282361845875,7.5,16.861177389653456,24.54585230679504,39.29786600823015,15.022478945895788,0.5555555555555556,0.5555555555555556,0.5555555555555556,"[(7.5, 7.5)]",0.5,True,-1.1935836463842733,38.104282361845875,False
13-3-13,1600,92.8,11.599999999999998,0.00025,0.00015,"[4.0, 8.0]",36.060940721925434,7.5,16.971022716964033,24.564442822897327,37.27134959223314,16.081442770510247,0.5555555555555556,0.5555555555555556,0.5555555555555556,"[(7.5, 8.0)]",1.0,True,-1.2104088703077096,36.060940721925434,False
13-3-13,1200,69.6,12.599999999999994,0.00025,0.00021999999999999998,"[4.0, 8.0]",36.175155163941135,7.5,16.838983173588872,24.593689126781506,37.41131789562084,15.32349206297342,0.5555555555555556,0.5555555555555556,0.5555555555555556,"[(7.5, 8.0)]",1.0,True,-1.2361627316797057,36.175155163941135,False
13-3-13,2200,127.6,11.799999999999997,0.00025,0.00015,"[4.0, 8.0]",37.932161598735355,7.5,15.381129132871457,18.71286717675947,39.179053402717294,15.083177673473994,0.5555555555555556,0.5555555555555556,0.4444444444444444,"[(7.0, 7.5)]",1.0,True,-1.2468918039819352,37.932161598735355,False
13-3-13,1600,92.8,12.599999999999994,0.00025,0.00021999999999999998,"[4.0, 8.0]",38.759184318991664,8.0,18.896737649261215,26.22053758833177,40.19437746178977,16.148020633788516,0.5555555555555556,0.5555555555555556,0.5555555555555556,"[(8.0, 8.0)]",0.5,True,-1.4351931427981044,38.759184318991664,False
13-3-13,1600,92.8,11.799999999999997,0.00025,0.00015,"[4.0, 8.0]",33.79864318018095,8.0,16.761042009101082,24.882481984837455,35.47547923769767,14.853664186528475,0.5555555555555556,0.5555555555555556,0.5555555555555556,"[(7.5, 8.0)]",1.0,True,-1.6768360575167156,33.79864318018095,False
13-3-13,900,52.2,12.799999999999994,0.00025,0.00029,"[4.0, 8.0]",41.08621458046008,8.0,16.731369182358087,24.21027169470705,42.795131985150256,15.94261363401415,0.5555555555555556,0.5555555555555556,0.5555555555555556,"[(8.0, 8.0)]",0.5,True,-1.7089174046901778,41.08621458046008,False
13-3-13,1600,92.8,12.199999999999996,0.00025,0.00015,"[4.0, 8.0]",34.44585506181605,8.0,17.77371590559136,24.48503427616105,36.209794121030036,13.7198363442683,0.6666666666666666,0.5555555555555556,0.5555555555555556,"[(7.5, 8.0)]",1.0,True,-1.7639390592139867,34.44585506181605,False
13-3-13,1600,92.8,11.999999999999996,0.00025,0.00015,"[4.0, 8.0]",34.22174918163263,8.0,16.771481320609624,24.09779222677681,36.22083047619334,14.065290791061342,0.5555555555555556,0.5555555555555556,0.5555555555555556,"[(7.5, 8.0)]",1.0,True,-1.999081294560707,34.22174918163263,False
13-3-13,1200,69.6,12.799999999999994,0.00025,0.00029,"[4.0, 8.0]",44.14723775307735,8.0,16.105202457792373,23.096352740922534,46.34912188888104,15.478783306680219,0.5555555555555556,0.5555555555555556,0.5555555555555556,"[(8.0, 8.0)]",0.5,True,-2.2018841358036862,44.14723775307735,False
13-3-13,1200,69.6,12.999999999999993,0.00035,0.00021999999999999998,"[4.0, 8.0]",33.00942566192703,8.0,15.699192795827596,19.286579971740622,35.288618942805954,12.813070337330002,0.6666666666666666,0.5555555555555556,0.4444444444444444,"[(7.5, 8.0)]",1.0,True,-2.2791932808789204,33.00942566192703,False
13-3-13,2200,127.6,12.999999999999993,0.00045,0.00015,"[4.0, 8.0]",32.84582901544985,7.5,16.384339283545867,19.72465971223723,35.36029359006832,11.448093200080727,0.6666666666666666,0.5555555555555556,0.4444444444444444,"[(7.5, 7.5)]",0.5,True,-2.514464574618472,32.84582901544985,False
13-3-13,2200,127.6,11.399999999999999,0.00025,0.00015,"[4.0, 8.0]",38.72196199476292,7.5,17.892394551243576,25.555262069685423,41.35590603891337,14.551292747984874,0.6666666666666666,0.5555555555555556,0.5555555555555556,"[(7.5, 7.5)]",0.5,True,-2.6339440441504456,38.72196199476292,False
13-3-13,1200,69.6,11.0,0.00025,0.00015,"[4.0, 8.0]",31.26753259212792,7.0,15.057634094331096,20.09580178888907,33.91311242399208,13.010802357853809,0.5555555555555556,0.5555555555555556,0.5555555555555556,"[(4.0, 4.0), (7.0, 7.0)]",1.0,True,-2.645579831864162,31.26753259212792,False
13-3-13,1600,92.8,12.799999999999994,0.00025,0.00029,"[4.0, 8.0]",40.249126009646325,8.0,17.461269280943107,27.138015244583347,43.63577122608238,17.07938458108438,0.5555555555555556,0.5555555555555556,0.5555555555555556,"[(8.0, 8.0)]",0.5,True,-3.3866452164360576,40.249126009646325,False
13-3-13,2200,127.6,13.399999999999991,0.00035,0.00015,"[4.0, 8.0]",27.60427639720586,5.5,13.196826691865722,19.84460450414328,31.32380554980677,12.783017976154605,0.5555555555555556,0.5555555555555556,0.4444444444444444,"[(5.5, 5.5), (7.0, 7.5)]",1.5,True,-3.7195291526009093,27.60427639720586,False
13-3-13,1600,92.8,11.0,0.00025,0.00015,"[4.0, 8.0]",36.85854397679523,6.5,18.182399832225432,29.730044155231464,40.586609685536274,16.349232827286777,0.5555555555555556,0.5555555555555556,0.5555555555555556,"[(6.5, 7.0)]",1.0,True,-3.7280657087410445,36.85854397679523,False
13-3-13,1600,92.8,12.999999999999993,0.00035,0.00015,"[4.0, 8.0]",32.16228650421443,7.0,14.167473414030944,21.53933096767792,36.367646262035734,14.338844167777907,0.5555555555555556,0.5555555555555556,0.5555555555555556,"[(7.0, 7.0)]",0.5,True,-4.205359757821308,32.16228650421443,False
13-3-13,1200,69.6,13.399999999999991,0.00025,0.00021999999999999998,"[4.0, 8.0]",26.3397875721672,6.0,12.365748320609127,19.002444435768375,31.130426087504805,12.443362120820762,0.5555555555555556,0.5555555555555556,0.3333333333333333,"[(6.0, 7.0)]",1.5,True,-4.790638515337605,26.3397875721672,False
13-3-13,1600,92.8,12.799999999999994,0.00025,0.00015,"[4.0, 8.0]",33.796777391345294,7.0,14.563278584407884,17.772665093660297,41.714255449757104,13.883523434835867,0.5555555555555556,0.5555555555555556,0.4444444444444444,"[(7.0, 7.0)]",0.5,True,-7.917478058411813,33.796777391345294,False
13-3-13,2200,127.6,13.199999999999992,0.00045,0.00015,"[4.0, 8.0]",30.425380561468675,6.0,12.792674527295846,18.59077769332736,39.34527501105785,15.58670942056813,0.5555555555555556,0.5555555555555556,0.4444444444444444,"[(6.0, 6.5), (7.5, 7.5)]",1.5,True,-8.919894449589178,30.425380561468675,False
13-3-13,1600,92.8,13.199999999999992,0.00025,0.00021999999999999998,"[4.0, 8.0]",36.846727346731726,6.0,15.761735253445433,27.08153135759311,46.78045891403086,18.68901382455282,0.5555555555555556,0.5555555555555556,0.5555555555555556,"[(6.0, 6.0), (7.5, 7.5)]",1.0,True,-9.93373156729913,36.846727346731726,False
13-3-13,2200,127.6,13.199999999999992,0.00025,0.00015,"[4.0, 8.0]",34.12932857305092,5.5,12.844742403733989,20.655319339178035,45.31478286558398,15.849060218325201,0.5555555555555556,0.5555555555555556,0.5555555555555556,"[(5.5, 5.5)]",0.5,True,-11.18545429253306,34.12932857305092,False
13-3-13,900,52.2,13.199999999999992,0.00025,0.00021999999999999998,"[4.0, 8.0]",37.310756558620376,6.5,15.041465635528754,24.768767569448137,49.20578610186761,17.70045623454497,0.5555555555555556,0.5555555555555556,0.5555555555555556,"[(6.5, 6.5)]",0.5,True,-11.895029543247235,37.310756558620376,False
13-3-13,2200,127.6,12.999999999999993,0.00035,0.00015,"[4.0, 8.0]",34.25697550848541,6.5,16.612381526205294,13.229887164011956,31.652831062565983,11.62419396212136,0.4444444444444444,0.4444444444444444,0.4444444444444444,"[(6.5, 6.5), (7.5, 7.5)]",1.0,True,2.6041444459194274,34.25697550848541,False
13-3-13,1600,92.8,11.0,0.00025,0.00029,"[4.0, 8.0]",41.193693221404345,7.0,18.30953919679348,3.9263683192327536,40.866420996745006,18.246162620011905,0.4444444444444444,0.4444444444444444,0.4444444444444444,"[(7.0, 7.5)]",1.0,True,0.3272722246593413,41.193693221404345,False
13-3-13,1200,69.6,11.999999999999996,0.00025,0.00015,"[4.0, 8.0]",28.253839529777736,8.0,12.874187853120093,16.475125455962402,28.480571243125805,11.319332146870174,0.5555555555555556,0.4444444444444444,0.3333333333333333,"[(7.5, 8.0)]",1.0,True,-0.22673171334806963,28.253839529777736,False
13-3-13,2200,127.6,11.0,0.00025,0.00015,"[4.0, 8.0]",35.91633905133779,7.5,14.238170365467008,16.716478998876635,36.26874991908702,12.924524680351835,0.5555555555555556,0.4444444444444444,0.4444444444444444,"[(7.5, 7.5)]",0.5,True,-0.3524108677492302,35.91633905133779,False
13-3-13,900,52.2,11.2,0.00025,0.00021999999999999998,"[4.0, 8.0]",39.182622090573226,8.0,14.893831990805658,2.4258051231795528,39.69645464748807,16.322023019542893,0.4444444444444444,0.4444444444444444,0.4444444444444444,"[(7.5, 8.0)]",1.0,True,-0.5138325569148403,39.182622090573226,False
13-3-13,1600,92.8,13.199999999999992,0.00035,0.00015,"[4.0, 8.0]",28.585112637062807,6.0,12.123198563905582,9.907339795168635,29.202362876926824,11.465042620244828,0.4444444444444444,0.4444444444444444,0.3333333333333333,"[(5.5, 6.0)]",1.0,True,-0.6172502398640171,28.585112637062807,False
13-3-13,1200,69.6,11.2,0.00025,0.00021999999999999998,"[4.0, 8.0]",39.062916832167495,7.5,15.861867202972583,1.5607178735141685,39.74760991929722,17.623059300333612,0.4444444444444444,0.4444444444444444,0.4444444444444444,"[(7.5, 7.5)]",0.5,True,-0.6846930871297221,39.062916832167495,False
13-3-13,900,52.2,11.0,0.00025,0.00029,"[4.0, 8.0]",30.713706956978058,8.0,12.459092286610094,2.640931391172081,31.70530683136068,13.176517822034876,0.4444444444444444,0.4444444444444444,0.4444444444444444,"[(7.0, 7.0), (8.0, 8.0)]",1.0,True,-0.9915998743826213,30.713706956978058,False
13-3-13,2200,127.6,11.999999999999996,0.00025,0.00015,"[4.0, 8.0]",38.66699488210425,7.5,16.34692679156738,16.35950399956336,39.794538960294936,13.617550019893962,0.6666666666666666,0.4444444444444444,0.4444444444444444,"[(7.5, 7.5)]",0.5,True,-1.1275440781906878,38.66699488210425,False
13-3-13,1600,92.8,11.999999999999996,0.00035,0.00021999999999999998,"[4.0, 8.0]",23.45253417408001,6.5,14.299510809063785,16.84086407220904,24.613058750695792,8.969644644303468,0.6666666666666666,0.4444444444444444,0.3333333333333333,"[(5.5, 6.5)]",1.5,True,-1.1605245766157826,23.45253417408001,False
13-3-13,1200,69.6,12.599999999999994,0.00035,0.00015,"[4.0, 8.0]",28.69683119104925,8.0,11.071285614298716,9.018136196749293,29.940709120640363,11.821010154500739,0.4444444444444444,0.4444444444444444,0.3333333333333333,"[(8.0, 8.0)]",0.5,True,-1.2438779295911155,28.69683119104925,False
13-3-13,1200,69.6,12.399999999999995,0.00025,0.00021999999999999998,"[4.0, 8.0]",38.589061773071606,8.0,13.446446147276053,3.962848397004697,39.89889646198855,15.190164326495955,0.4444444444444444,0.4444444444444444,0.4444444444444444,"[(8.0, 8.0)]",0.5,True,-1.3098346889169448,38.589061773071606,False
13-3-13,1200,69.6,11.0,0.00025,0.00029,"[4.0, 8.0]",42.99876863279205,7.5,16.931554824337848,1.5624941837440858,44.33604647255068,19.738691223161783,0.4444444444444444,0.4444444444444444,0.4444444444444444,"[(7.0, 8.0)]",1.5,True,-1.337277839758625,42.99876863279205,False
13-3-13,1200,69.6,11.799999999999997,0.00025,0.00015,"[4.0, 8.0]",28.250959806790796,8.0,12.55920102941382,15.939363558208917,29.842115872764467,12.39142781954137,0.5555555555555556,0.4444444444444444,0.3333333333333333,"[(7.5, 8.0)]",1.0,True,-1.5911560659736692,28.250959806790796,False
13-3-13,1600,92.8,12.599999999999994,0.00035,0.00015,"[4.0, 8.0]",32.70658329964586,8.0,14.208709566508162,15.777301239746455,34.31554644680657,13.419557769497,0.5555555555555556,0.4444444444444444,0.4444444444444444,"[(8.0, 8.0)]",0.5,True,-1.6089631471607158,32.70658329964586,False
13-3-13,1200,69.6,12.799999999999994,0.00035,0.00015,"[4.0, 8.0]",28.789043154769537,8.0,15.15407480543266,16.88048926204257,30.43710527806653,10.320368417125248,0.5555555555555556,0.4444444444444444,0.4444444444444444,"[(7.5, 8.0)]",1.0,True,-1.6480621232969916,28.789043154769537,False
13-3-13,900,52.2,12.399999999999995,0.00025,0.00021999999999999998,"[4.0, 8.0]",34.819037190714816,8.0,11.648055354696298,2.681472170673204,36.71514107431405,13.766505955178008,0.4444444444444444,0.4444444444444444,0.3333333333333333,"[(8.0, 8.0)]",0.5,True,-1.8961038835992312,34.819037190714816,False
13-3-13,900,52.2,11.399999999999999,0.00025,0.00015,"[4.0, 8.0]",21.31273689487395,7.5,10.148128274446274,8.854211586249992,23.235799663967416,8.808213369289712,0.4444444444444444,0.4444444444444444,0.1111111111111111,"[(4.0, 4.0), (7.0, 7.5)]",1.5,True,-1.9230627690934663,21.31273689487395,False
13-3-13,1200,69.6,11.599999999999998,0.00025,0.00015,"[4.0, 8.0]",28.68936644040542,7.5,12.940083419126845,15.850872908961977,30.674294428276678,12.750783713034274,0.5555555555555556,0.4444444444444444,0.4444444444444444,"[(7.5, 8.0)]",1.0,True,-1.984927987871259,28.68936644040542,False
13-3-13,1600,92.8,12.399999999999995,0.00025,0.00021999999999999998,"[4.0, 8.0]",35.4069386174148,7.5,13.485653232717981,2.1935858224557157,37.41837538048267,16.02406388620388,0.4444444444444444,0.4444444444444444,0.4444444444444444,"[(4.0, 4.0), (7.5, 7.5)]",1.0,True,-2.011436763067869,35.4069386174148,False
13-3-13,2200,127.6,12.199999999999996,0.00025,0.00021999999999999998,"[4.0, 8.0]",38.25170702738677,8.0,13.787870468286311,1.9846600682321696,40.27603527359588,16.13597196607664,0.4444444444444444,0.4444444444444444,0.4444444444444444,"[(8.0, 8.0)]",0.5,True,-2.0243282462091114,38.25170702738677,False
13-3-13,2200,127.6,11.2,0.00025,0.00021999999999999998,"[4.0, 8.0]",38.53851987383805,7.5,15.050117697206382,2.4495623934198516,40.582875128226824,16.97247324473449,0.4444444444444444,0.4444444444444444,0.4444444444444444,"[(7.5, 7.5)]",0.5,True,-2.044355254388778,38.53851987383805,False
13-3-13,1600,92.8,11.2,0.00035,0.00015,"[4.0, 8.0]",38.7639309450265,7.5,14.562481849721856,3.8318158201220602,41.07798544487691,15.432828677584665,0.4444444444444444,0.4444444444444444,0.4444444444444444,"[(7.0, 7.5)]",1.0,True,-2.3140544998504056,38.7639309450265,False
13-3-13,1600,92.8,12.199999999999996,0.00025,0.00021999999999999998,"[4.0, 8.0]",33.07421088140949,8.0,11.700243247525362,0.7247768083373622,35.44744747181804,13.822634387192261,0.4444444444444444,0.4444444444444444,0.4444444444444444,"[(8.0, 8.0)]",0.5,True,-2.3732365904085424,33.07421088140949,False
13-3-13,2200,127.6,12.399999999999995,0.00025,0.00021999999999999998,"[4.0, 8.0]",36.1405084743316,7.5,16.14592175318466,14.082382357178274,38.52963448818158,16.414736196853923,0.4444444444444444,0.4444444444444444,0.4444444444444444,"[(4.0, 4.0), (7.5, 8.0)]",1.5,True,-2.389126013849982,36.1405084743316,False
13-3-13,900,52.2,12.599999999999994,0.00025,0.00021999999999999998,"[4.0, 8.0]",37.47778987518019,8.0,15.414945840017493,14.877884300076968,40.00249751233696,15.464715143067703,0.4444444444444444,0.4444444444444444,0.4444444444444444,"[(8.0, 8.0)]",0.5,True,-2.5247076371567663,37.47778987518019,False
13-3-13,1200,69.6,11.399999999999999,0.00025,0.00015,"[4.0, 8.0]",29.481597265753088,7.5,14.344828369469067,16.056413124399636,32.18952850440793,12.47796821900425,0.5555555555555556,0.4444444444444444,0.4444444444444444,"[(7.0, 7.5)]",1.0,True,-2.70793123865484,29.481597265753088,False
13-3-13,900,52.2,11.2,0.00035,0.00015,"[4.0, 8.0]",35.01169557512106,8.0,12.587020521166693,3.4449316159029344,37.86528594919604,13.440394174341234,0.4444444444444444,0.4444444444444444,0.3333333333333333,"[(7.5, 8.0)]",1.0,True,-2.853590374074981,35.01169557512106,False
13-3-13,1600,92.8,11.2,0.00025,0.00021999999999999998,"[4.0, 8.0]",40.185712924994625,7.5,14.677267756587945,1.21996369258595,43.06095583745782,17.237609581279916,0.4444444444444444,0.4444444444444444,0.4444444444444444,"[(7.0, 7.5)]",1.0,True,-2.8752429124631935,40.185712924994625,False
13-3-13,900,52.2,11.999999999999996,0.00035,0.00021999999999999998,"[4.0, 8.0]",19.339639099254946,6.0,12.318488514177659,15.578485167686598,22.306871884480433,7.504513635566862,0.5555555555555556,0.4444444444444444,0.0,"[(5.5, 7.0)]",2.0,True,-2.9672327852254874,19.339639099254946,False
13-3-13,1200,69.6,11.0,0.00035,0.00015,"[4.0, 8.0]",38.65337357985006,7.5,15.838973764026283,4.4724557125534075,41.79223355406765,16.36014521658871,0.4444444444444444,0.4444444444444444,0.4444444444444444,"[(7.5, 7.5)]",0.5,True,-3.1388599742175898,38.65337357985006,False
13-3-13,1200,69.6,12.399999999999995,0.00025,0.00015,"[4.0, 8.0]",26.42654207517046,7.5,12.627001326827951,14.296821684075836,29.934187949115504,10.722335533754071,0.4444444444444444,0.4444444444444444,0.3333333333333333,"[(7.5, 8.0)]",1.0,True,-3.5076458739450445,26.42654207517046,False
13-3-13,900,52.2,11.0,0.00025,0.00021999999999999998,"[4.0, 8.0]",38.591263959791135,7.0,14.810799607671242,8.945948689993545,42.66382601180008,16.75213443567345,0.4444444444444444,0.4444444444444444,0.3333333333333333,"[(7.0, 7.5)]",1.0,True,-4.072562052008946,38.591263959791135,False
13-3-13,2200,127.6,11.0,0.00025,0.00029,"[4.0, 8.0]",41.5350996278158,7.5,16.870048602952,0.8129280355275004,45.77051668153391,20.16711740255307,0.4444444444444444,0.4444444444444444,0.4444444444444444,"[(7.0, 8.0)]",1.5,True,-4.235417053718115,41.5350996278158,False
13-3-13,1200,69.6,13.199999999999992,0.00025,0.00021999999999999998,"[4.0, 8.0]",37.3362401845249,6.0,17.28790365303495,15.063959277229246,41.65888610467179,16.62860730574375,0.5555555555555556,0.4444444444444444,0.4444444444444444,"[(6.0, 6.0), (7.0, 7.0)]",1.0,True,-4.322645920146892,37.3362401845249,False
13-3-13,1200,69.6,11.2,0.00035,0.00015,"[4.0, 8.0]",38.30786453304691,7.5,13.660472694225595,1.8317082572694048,43.00366086291946,16.312753831654078,0.4444444444444444,0.4444444444444444,0.4444444444444444,"[(7.5, 7.5)]",0.5,True,-4.695796329872551,38.30786453304691,False
13-3-13,2200,127.6,11.2,0.00035,0.00015,"[4.0, 8.0]",33.85743920408934,8.0,13.388538920115375,3.6745004411256312,38.75463305884327,14.76743516004684,0.4444444444444444,0.4444444444444444,0.4444444444444444,"[(8.0, 8.0)]",0.5,True,-4.8971938547539295,33.85743920408934,False
13-3-13,1600,92.8,11.0,0.00035,0.00015,"[4.0, 8.0]",39.304764450843685,7.5,12.13408152490305,3.5990681087446523,46.008711717754174,15.070893813695747,0.4444444444444444,0.4444444444444444,0.3333333333333333,"[(7.5, 7.5)]",0.5,True,-6.703947266910487,39.304764450843685,False
13-3-13,900,52.2,11.0,0.00035,0.00015,"[4.0, 8.0]",33.22854156745291,7.5,13.447764985198003,4.417309750598375,40.24049059085287,14.605113480939304,0.4444444444444444,0.4444444444444444,0.4444444444444444,"[(7.5, 7.5)]",0.5,True,-7.011949023399966,33.22854156745291,False
13-3-13,1200,69.6,11.0,0.00025,0.00021999999999999998,"[4.0, 8.0]",41.65789713832767,7.5,13.86291724584713,5.642367988165626,48.94306245543419,17.1510110500307,0.4444444444444444,0.4444444444444444,0.4444444444444444,"[(7.5, 7.5)]",0.5,True,-7.285165317106515,41.65789713832767,False
13-3-13,2200,127.6,11.0,0.00025,0.00021999999999999998,"[4.0, 8.0]",39.52348729814546,7.0,15.632645122687926,6.422251505598872,47.1555708497782,18.734087568212672,0.4444444444444444,0.4444444444444444,0.4444444444444444,"[(7.0, 7.5)]",1.0,True,-7.6320835516327366,39.52348729814546,False
13-3-13,1200,69.6,12.999999999999993,0.00035,0.00015,"[4.0, 8.0]",27.48426878131397,7.0,12.818111319975085,15.64859534601884,35.24393041917884,10.80172890564525,0.5555555555555556,0.4444444444444444,0.2222222222222222,"[(7.0, 7.5)]",1.0,True,-7.759661637864868,27.48426878131397,False
13-3-13,2200,127.6,13.199999999999992,0.00035,0.00015,"[4.0, 8.0]",33.51148563063448,5.5,12.352257007851321,9.769397587685301,49.84609623755226,16.48748521937127,0.4444444444444444,0.4444444444444444,0.4444444444444444,"[(5.5, 5.5)]",0.5,True,-16.334610606917778,33.51148563063448,False
13-3-13,2200,127.6,11.999999999999996,0.00035,0.00021999999999999998,"[4.0, 8.0]",33.975618715847496,7.5,14.547138748309095,15.15356940795304,32.979342882153354,10.238843161279135,0.5555555555555556,0.3333333333333333,0.2222222222222222,"[(7.5, 7.5)]",0.5,True,0.9962758336941445,33.975618715847496,False
13-3-13,1200,69.6,11.399999999999999,0.00025,0.00021999999999999998,"[4.0, 8.0]",36.55595528685875,7.5,12.623675296253209,2.9607222048235933,36.308960575533014,14.77526568361514,0.3333333333333333,0.3333333333333333,0.3333333333333333,"[(7.5, 7.5)]",0.5,True,0.24699471132573325,36.55595528685875,False
13-3-13,1200,69.6,11.599999999999998,0.00035,0.00015,"[4.0, 8.0]",34.94751054836855,8.0,9.579895983747239,2.2994751815434227,35.07454654720072,12.483202237792026,0.3333333333333333,0.3333333333333333,0.3333333333333333,"[(8.0, 8.0)]",0.5,True,-0.127035998832173,34.94751054836855,False
13-3-13,900,52.2,12.599999999999994,0.00025,0.00029,"[4.0, 8.0]",31.978676394936997,4.0,9.678198426636676,0.9603343281620424,32.28925484504267,12.993379656318783,0.3333333333333333,0.3333333333333333,0.2222222222222222,"[(4.0, 4.0), (8.0, 8.0)]",1.0,True,-0.3105784501056729,31.978676394936997,False
13-3-13,2200,127.6,11.599999999999998,0.00035,0.00015,"[4.0, 8.0]",31.498596831961304,8.0,10.213585889716256,1.8469067304234768,31.96519660270695,13.287992129358228,0.3333333333333333,0.3333333333333333,0.3333333333333333,"[(8.0, 8.0)]",0.5,True,-0.4665997707456455,31.498596831961304,False
13-3-13,2200,127.6,12.399999999999995,0.00035,0.00015,"[4.0, 8.0]",23.088762753231144,8.0,8.223401139586205,1.3059652821841827,23.579001330299246,9.74937760827628,0.3333333333333333,0.3333333333333333,0.2222222222222222,"[(4.5, 4.5), (8.0, 8.0)]",1.0,True,-0.49023857706810037,23.088762753231144,False
13-3-13,2200,127.6,11.0,0.00035,0.00015,"[4.0, 8.0]",35.09990283293228,7.0,10.681857638157304,2.9274591390119378,35.62316512731773,13.103140957674405,0.3333333333333333,0.3333333333333333,0.3333333333333333,"[(7.0, 7.0)]",0.5,True,-0.5232622943854538,35.09990283293228,False
13-3-13,1200,69.6,11.599999999999998,0.00025,0.00021999999999999998,"[4.0, 8.0]",36.52005628531546,7.5,12.170984172590087,1.761040900149033,37.11214083382818,15.538750087926605,0.3333333333333333,0.3333333333333333,0.3333333333333333,"[(7.5, 7.5)]",0.5,True,-0.592084548512719,36.52005628531546,False
13-3-13,900,52.2,11.399999999999999,0.00025,0.00021999999999999998,"[4.0, 8.0]",39.50650838382349,8.0,11.949337778523658,1.352718657262181,40.44836651048194,15.188099263291946,0.3333333333333333,0.3333333333333333,0.3333333333333333,"[(8.0, 8.0)]",0.5,True,-0.9418581266584498,39.50650838382349,False
13-3-13,900,52.2,11.799999999999997,0.00025,0.00021999999999999998,"[4.0, 8.0]",36.80023043610784,8.0,8.614668913007252,0.5777085731745659,38.08394471796425,12.750953857759646,0.3333333333333333,0.3333333333333333,0.1111111111111111,"[(8.0, 8.0)]",0.5,True,-1.283714281856415,36.80023043610784,False
13-3-13,900,52.2,11.599999999999998,0.00025,0.00021999999999999998,"[4.0, 8.0]",40.63268335476215,8.0,9.804662026432103,0.4123830919044771,41.96887959079812,14.786522562323487,0.3333333333333333,0.3333333333333333,0.3333333333333333,"[(8.0, 8.0)]",0.5,True,-1.3361962360359665,40.63268335476215,False
13-3-13,2200,127.6,11.999999999999996,0.00025,0.00021999999999999998,"[4.0, 8.0]",39.59731542164437,8.0,12.300294011458371,1.349382108118197,41.08837961179608,16.14404792406915,0.3333333333333333,0.3333333333333333,0.3333333333333333,"[(8.0, 8.0)]",0.5,True,-1.491064190151714,39.59731542164437,False
13-3-13,900,52.2,11.599999999999998,0.00025,0.00015,"[4.0, 8.0]",21.260142140242305,7.5,9.349253633252196,6.621564087630584,22.772587854862344,8.810361332499264,0.4444444444444444,0.3333333333333333,0.2222222222222222,"[(7.5, 8.0)]",1.0,True,-1.5124457146200396,21.260142140242305,False
13-3-13,2200,127.6,11.799999999999997,0.00035,0.00015,"[4.0, 8.0]",29.026882382579746,8.0,7.378806486619437,-0.21751776025285832,30.66461770300224,11.744050995393145,0.3333333333333333,0.3333333333333333,0.2222222222222222,"[(8.0, 8.0)]",0.5,True,-1.6377353204224943,29.026882382579746,False
13-3-13,1600,92.8,11.999999999999996,0.00025,0.00021999999999999998,"[4.0, 8.0]",36.46000440307627,8.0,9.746026168656558,0.5059341030695927,38.256746312520555,14.331652477175814,0.3333333333333333,0.3333333333333333,0.3333333333333333,"[(8.0, 8.0)]",0.5,True,-1.7967419094442887,36.46000440307627,False
13-3-13,2200,127.6,12.599999999999994,0.00025,0.00029,"[4.0, 8.0]",36.43452233212025,4.0,9.692136964688656,2.308103187031959,38.269801871222185,13.856498379508492,0.3333333333333333,0.3333333333333333,0.3333333333333333,"[(4.0, 4.0)]",0.5,True,-1.835279539101934,36.43452233212025,False
13-3-13,1600,92.8,11.399999999999999,0.00035,0.00015,"[4.0, 8.0]",35.06098919503065,7.5,10.458870764303137,2.2007322422983915,36.93124384383264,13.510301219653645,0.3333333333333333,0.3333333333333333,0.3333333333333333,"[(7.5, 7.5)]",0.5,True,-1.8702546488019873,35.06098919503065,False
13-3-13,1200,69.6,12.199999999999996,0.00025,0.00021999999999999998,"[4.0, 8.0]",39.63203664172021,8.0,11.452134878903744,-0.4320222833076922,41.64382102497106,15.39349386694379,0.4444444444444444,0.3333333333333333,0.3333333333333333,"[(8.0, 8.0)]",0.5,True,-2.0117843832508466,39.63203664172021,False
13-3-13,1600,92.8,12.799999999999994,0.00045,0.00015,"[4.0, 8.0]",33.356282916104625,8.0,8.454565051238129,1.3663429380593375,35.383175673864905,12.469176158663338,0.3333333333333333,0.3333333333333333,0.2222222222222222,"[(8.0, 8.0)]",0.5,True,-2.0268927577602827,33.356282916104625,False
13-3-13,2200,127.6,11.399999999999999,0.00035,0.00015,"[4.0, 8.0]",37.344403228633546,7.5,11.760503508316042,1.7398392064540371,39.448452816230166,15.630944450924211,0.3333333333333333,0.3333333333333333,0.3333333333333333,"[(7.5, 7.5)]",0.5,True,-2.1040495875966205,37.344403228633546,False
13-3-13,1600,92.8,12.599999999999994,0.00025,0.00029,"[4.0, 8.0]",26.41399054481777,8.0,7.604525316902216,0.5121549155029174,28.67781354581839,11.398136389931015,0.3333333333333333,0.3333333333333333,0.2222222222222222,"[(4.0, 4.0), (8.0, 8.0)]",1.0,True,-2.263823001000615,26.41399054481777,False
13-3-13,1200,69.6,11.799999999999997,0.00025,0.00021999999999999998,"[4.0, 8.0]",36.59571283046992,8.0,10.120100510699755,-0.02150636577281117,38.8650632546636,15.531433092418204,0.3333333333333333,0.3333333333333333,0.3333333333333333,"[(8.0, 8.0)]",0.5,True,-2.2693504241936853,36.59571283046992,False
13-3-13,900,52.2,11.2,0.00025,0.00015,"[4.0, 8.0]",21.426730348522604,7.0,10.92177638951808,13.52777094488715,23.73320148594125,9.10454551842643,0.4444444444444444,0.3333333333333333,0.2222222222222222,"[(4.0, 4.0), (7.0, 7.5)]",1.5,True,-2.3064711374186464,21.426730348522604,False
13-3-13,2200,127.6,12.599999999999994,0.00035,0.00015,"[4.0, 8.0]",24.481944316332974,7.5,9.682707022744458,8.749399132090256,26.864926673731325,10.198846244199297,0.3333333333333333,0.3333333333333333,0.2222222222222222,"[(5.0, 5.0), (7.5, 7.5)]",1.0,True,-2.3829823573983515,24.481944316332974,False
13-3-13,1600,92.8,11.599999999999998,0.00035,0.00015,"[4.0, 8.0]",31.67636281992796,7.5,9.17225140764962,-0.17114790145884812,34.15497458078933,14.074748916847657,0.3333333333333333,0.3333333333333333,0.3333333333333333,"[(4.0, 4.0), (7.5, 7.5)]",1.0,True,-2.478611760861368,31.67636281992796,False
13-3-13,1200,69.6,11.999999999999996,0.00025,0.00021999999999999998,"[4.0, 8.0]",39.248998579191124,8.0,10.071058857519432,-0.3516632057575565,41.799828551157965,15.461930754488376,0.3333333333333333,0.3333333333333333,0.2222222222222222,"[(8.0, 8.0)]",0.5,True,-2.5508299719668392,39.248998579191124,False
13-3-13,1600,92.8,11.0,0.00025,0.00021999999999999998,"[4.0, 8.0]",40.4201630972443,7.5,11.305541562980535,1.0062527778251655,43.05824704517697,15.555330035141772,0.3333333333333333,0.3333333333333333,0.3333333333333333,"[(7.5, 7.5)]",0.5,True,-2.6380839479326723,40.4201630972443,False
13-3-13,2200,127.6,11.799999999999997,0.00025,0.00021999999999999998,"[4.0, 8.0]",37.85375665150795,7.5,11.131098502374536,1.4079959223703797,40.6741334736129,16.3876652401726,0.3333333333333333,0.3333333333333333,0.3333333333333333,"[(7.5, 8.0)]",1.0,True,-2.820376822104947,37.85375665150795,False
13-3-13,1200,69.6,11.399999999999999,0.00035,0.00015,"[4.0, 8.0]",32.94235813855665,8.0,9.357353361142746,1.2455247133356997,36.15576451802965,14.491845379080987,0.3333333333333333,0.3333333333333333,0.3333333333333333,"[(7.5, 8.0)]",1.0,True,-3.213406379472998,32.94235813855665,False
13-3-13,1600,92.8,12.399999999999995,0.00035,0.00015,"[4.0, 8.0]",34.49796994738168,8.0,10.525109873643872,0.8789311494436657,37.734428235246114,13.263447307659888,0.3333333333333333,0.3333333333333333,0.3333333333333333,"[(8.0, 8.0)]",0.5,True,-3.236458287864439,34.49796994738168,False
13-3-13,900,52.2,11.0,0.00025,0.00015,"[4.0, 8.0]",22.30967512711036,7.0,10.404835317808473,13.186969213281248,26.277554820490643,9.617386748295486,0.4444444444444444,0.3333333333333333,0.2222222222222222,"[(4.0, 4.0), (7.0, 7.0)]",1.0,True,-3.967879693380284,22.30967512711036,False
13-3-13,1600,92.8,11.399999999999999,0.00025,0.00021999999999999998,"[4.0, 8.0]",40.80993843586256,7.5,11.347436046646955,-0.25439757559685305,44.825348380492734,17.84324491888619,0.3333333333333333,0.3333333333333333,0.3333333333333333,"[(7.5, 8.0)]",1.0,True,-4.015409944630169,40.80993843586256,False
13-3-13,2200,127.6,11.599999999999998,0.00025,0.00021999999999999998,"[4.0, 8.0]",33.25071670914595,4.0,10.621455001628574,1.2454801099570638,37.43548203028245,15.899543439695865,0.3333333333333333,0.3333333333333333,0.3333333333333333,"[(4.0, 4.0), (7.5, 8.0)]",1.5,True,-4.184765321136504,33.25071670914595,False
13-3-13,1600,92.8,11.799999999999997,0.00025,0.00021999999999999998,"[4.0, 8.0]",37.2226343495616,8.0,10.72428466264797,-0.09944896257260122,41.88421868996913,16.565325852030558,0.3333333333333333,0.3333333333333333,0.3333333333333333,"[(7.5, 8.0)]",1.0,True,-4.66158434040753,37.2226343495616,False
13-3-13,2200,127.6,12.999999999999993,0.00025,0.00015,"[4.0, 8.0]",34.12060913029109,6.0,9.836017863746203,0.6058726787593396,39.11687275577397,14.762806297137395,0.3333333333333333,0.3333333333333333,0.3333333333333333,"[(6.0, 6.5)]",1.0,True,-4.996263625482876,34.12060913029109,False
13-3-13,1200,69.6,12.799999999999994,0.00045,0.00015,"[4.0, 8.0]",28.954433137173584,4.0,6.56933042084188,-1.496723511761884,36.31836121025913,13.203217976844341,0.3333333333333333,0.3333333333333333,0.3333333333333333,"[(4.0, 4.0)]",0.5,True,-7.363928073085541,28.954433137173584,False
13-3-13,1600,92.8,13.399999999999991,0.00025,0.00021999999999999998,"[4.0, 8.0]",29.669464086350107,5.0,11.428494293950656,13.11546207140399,37.55317730616871,13.474790542838022,0.3333333333333333,0.3333333333333333,0.3333333333333333,"[(4.0, 4.0), (5.0, 5.0)]",1.0,True,-7.883713219818606,29.669464086350107,False
13-3-13,1200,69.6,12.799999999999994,0.00025,0.00015,"[4.0, 8.0]",26.889887343749933,7.0,11.13342323525633,8.338430221722067,35.21277874742071,10.717429478160925,0.4444444444444444,0.3333333333333333,0.2222222222222222,"[(7.0, 7.0)]",0.5,True,-8.322891403670774,26.889887343749933,False
13-3-13,1600,92.8,13.199999999999992,0.00045,0.00015,"[4.0, 8.0]",33.22882770621134,6.5,8.501718767724574,2.6585779679059933,42.145119181989614,15.828170176945445,0.3333333333333333,0.3333333333333333,0.3333333333333333,"[(6.5, 6.5)]",0.5,True,-8.916291475778271,33.22882770621134,False
13-3-13,2200,127.6,13.399999999999991,0.00035,0.00021999999999999998,"[4.0, 8.0]",27.35374515553595,4.0,7.313052358971573,1.3018834409521882,36.656667374504174,12.969307982392328,0.3333333333333333,0.3333333333333333,0.3333333333333333,"[(4.0, 4.5)]",1.0,True,-9.302922218968222,27.35374515553595,False
13-3-13,1200,69.6,12.599999999999994,0.00025,0.00015,"[4.0, 8.0]",25.800555435556532,7.5,11.37957318436036,13.085710978091402,36.728838270202736,11.360039289107391,0.3333333333333333,0.3333333333333333,0.3333333333333333,"[(7.0, 7.5)]",1.0,True,-10.928282834646206,25.800555435556532,False
13-3-13,1200,69.6,13.199999999999992,0.00045,0.00015,"[4.0, 8.0]",25.21077509591514,6.5,6.8862691626705415,3.0888488276241506,43.59595907043776,13.300368123563189,0.3333333333333333,0.3333333333333333,0.3333333333333333,"[(6.0, 6.5)]",1.0,True,-18.385183974522615,25.21077509591514,False
13-3-13,1200,69.6,12.199999999999996,0.00035,0.00015,"[4.0, 8.0]",26.260457732206653,8.0,6.752068553175348,0.7839683246634239,25.977908801113987,9.707960074408188,0.2222222222222222,0.2222222222222222,0.2222222222222222,"[(8.0, 8.0)]",0.5,True,0.28254893109266604,26.260457732206653,False
13-3-13,1200,69.6,11.799999999999997,0.00035,0.00015,"[4.0, 8.0]",33.639918903802524,8.0,7.529277494710603,0.7717993925277217,33.4985496411714,11.237759305302257,0.2222222222222222,0.2222222222222222,0.1111111111111111,"[(8.0, 8.0)]",0.5,True,0.14136926263112168,33.639918903802524,False
13-3-13,900,52.2,12.999999999999993,0.00045,0.00015,"[4.0, 8.0]",20.804601121634583,8.0,11.43412400974913,11.520848703950222,21.388570782042862,7.081655770387498,0.3333333333333333,0.2222222222222222,0.1111111111111111,"[(7.5, 8.0)]",1.0,True,-0.5839696604082788,20.804601121634583,False
13-3-13,2200,127.6,12.799999999999994,0.00045,0.00015,"[4.0, 8.0]",20.393828437229086,8.0,6.671648005789262,2.0339402850118873,21.184212454370144,8.101229858286604,0.2222222222222222,0.2222222222222222,0.1111111111111111,"[(5.0, 5.0), (8.0, 8.0)]",1.0,True,-0.7903840171410572,20.393828437229086,False
13-3-13,900,52.2,11.999999999999996,0.00025,0.00021999999999999998,"[4.0, 8.0]",33.17843360560176,8.0,8.71357391698643,2.897896881258513,34.08331829474545,11.536908756183006,0.3333333333333333,0.2222222222222222,0.2222222222222222,"[(8.0, 8.0)]",0.5,True,-0.9048846891436955,33.17843360560176,False
13-3-13,900,52.2,11.399999999999999,0.00035,0.00015,"[4.0, 8.0]",33.23521269633777,8.0,9.329818609399943,3.1667776778584145,34.29655960382875,11.474392550375926,0.3333333333333333,0.2222222222222222,0.2222222222222222,"[(8.0, 8.0)]",0.5,True,-1.0613469074909792,33.23521269633777,False
13-3-13,1200,69.6,12.399999999999995,0.00035,0.00015,"[4.0, 8.0]",26.75516467528544,8.0,8.325504263233093,-0.22080018336439047,27.87377809956389,10.990871095546549,0.2222222222222222,0.2222222222222222,0.2222222222222222,"[(4.0, 4.0), (8.0, 8.0)]",1.0,True,-1.1186134242784498,26.75516467528544,False
13-3-13,900,52.2,12.799999999999994,0.00035,0.00015,"[4.0, 8.0]",19.656974629915528,8.0,9.400062743072592,10.792567332888424,20.792338731930684,6.812566510652201,0.2222222222222222,0.2222222222222222,0.0,"[(7.5, 8.0)]",1.0,True,-1.1353641020151575,19.656974629915528,False
13-3-13,900,52.2,11.799999999999997,0.00025,0.00015,"[4.0, 8.0]",20.590562078124172,8.0,8.399455841793658,5.382108570318413,21.728040944594866,8.410632844087022,0.3333333333333333,0.2222222222222222,0.1111111111111111,"[(7.5, 8.0)]",1.0,True,-1.1374788664706927,20.590562078124172,False
13-3-13,900,52.2,11.2,0.00025,0.00029,"[4.0, 8.0]",40.787090726868044,8.0,9.242999564272147,1.3422077990986658,41.96556084892249,15.487931894977521,0.2222222222222222,0.2222222222222222,0.2222222222222222,"[(8.0, 8.0)]",0.5,True,-1.1784701220544471,40.787090726868044,False
13-3-13,900,52.2,11.999999999999996,0.00025,0.00015,"[4.0, 8.0]",19.982522918507076,8.0,8.104417104863295,6.105977634094671,21.166760357458134,7.925985308634331,0.2222222222222222,0.2222222222222222,0.0,"[(7.5, 8.0)]",1.0,True,-1.1842374389510566,19.982522918507076,False
13-3-13,1600,92.8,11.2,0.00025,0.00029,"[4.0, 8.0]",39.524303170695404,8.0,9.158517719703953,0.6903925029970099,40.756836528057455,15.918961413275284,0.2222222222222222,0.2222222222222222,0.2222222222222222,"[(7.5, 8.0)]",1.0,True,-1.2325333573620494,39.524303170695404,False
13-3-13,2200,127.6,11.399999999999999,0.00025,0.00029,"[4.0, 8.0]",41.5368995632486,8.0,8.146926898540237,2.622485854953233,42.79423112998824,13.844434898578887,0.2222222222222222,0.2222222222222222,0.2222222222222222,"[(8.0, 8.0)]",0.5,True,-1.257331566739637,41.5368995632486,False
13-3-13,900,52.2,12.199999999999996,0.00025,0.00015,"[4.0, 8.0]",19.852080726160192,8.0,8.398132271317486,8.809309603619145,21.14311988812622,7.621350208827834,0.2222222222222222,0.2222222222222222,0.0,"[(7.5, 8.0)]",1.0,True,-1.2910391619660275,19.852080726160192,False
13-3-13,2200,127.6,12.799999999999994,0.00035,0.00021999999999999998,"[4.0, 8.0]",28.616405773659466,4.0,5.90310927168392,0.2372447730858298,29.99457436524133,10.434907687490023,0.2222222222222222,0.2222222222222222,0.2222222222222222,"[(4.0, 4.0)]",0.5,True,-1.3781685915818644,28.616405773659466,False
13-3-13,900,52.2,12.199999999999996,0.00025,0.00021999999999999998,"[4.0, 8.0]",33.09021705104394,8.0,9.761817480288885,3.0223661621484155,34.69877889305161,12.113915718896354,0.3333333333333333,0.2222222222222222,0.2222222222222222,"[(8.0, 8.0)]",0.5,True,-1.6085618420076635,33.09021705104394,False
13-3-13,900,52.2,11.399999999999999,0.00025,0.00029,"[4.0, 8.0]",37.17538679905689,8.0,6.251074035638876,0.8858073816665688,38.80061944352563,12.295685210375702,0.2222222222222222,0.2222222222222222,0.1111111111111111,"[(8.0, 8.0)]",0.5,True,-1.6252326444687464,37.17538679905689,False
13-3-13,1200,69.6,11.999999999999996,0.00035,0.00015,"[4.0, 8.0]",28.744660815818968,8.0,5.376019922650595,-0.16779674377760317,30.582095250584615,10.522339210671483,0.2222222222222222,0.2222222222222222,0.1111111111111111,"[(8.0, 8.0)]",0.5,True,-1.8374344347656468,28.744660815818968,False
13-3-13,1600,92.8,12.799999999999994,0.00035,0.00021999999999999998,"[4.0, 8.0]",32.658367254076516,4.5,7.539030394484517,0.896466797091665,34.666505847188986,13.260698119642864,0.2222222222222222,0.2222222222222222,0.2222222222222222,"[(4.0, 4.5)]",1.0,True,-2.008138593112473,32.658367254076516,False
13-3-13,2200,127.6,11.2,0.00025,0.00029,"[4.0, 8.0]",35.026834910743325,7.5,8.545986763356268,1.7543782303350355,37.16351699175204,14.000320490219478,0.2222222222222222,0.2222222222222222,0.2222222222222222,"[(7.5, 8.0)]",1.0,True,-2.136682081008712,35.026834910743325,False
13-3-13,1600,92.8,11.799999999999997,0.00035,0.00015,"[4.0, 8.0]",30.903093717035656,4.0,8.791844252079013,1.9835932022336586,33.07064992539357,12.793561546126636,0.3333333333333333,0.2222222222222222,0.2222222222222222,"[(4.0, 4.0), (8.0, 8.0)]",1.0,True,-2.16755620835791,30.903093717035656,False
13-3-13,1600,92.8,12.199999999999996,0.00035,0.00015,"[4.0, 8.0]",35.168403077735306,8.0,7.6268059258052325,1.1227908991635793,37.35068126868876,12.788528511874727,0.2222222222222222,0.2222222222222222,0.2222222222222222,"[(8.0, 8.0)]",0.5,True,-2.182278190953454,35.168403077735306,False
13-3-13,900,52.2,11.599999999999998,0.00035,0.00015,"[4.0, 8.0]",29.571996387029028,8.0,6.577105361937754,1.3767859443130448,31.79727955582299,10.114698086152119,0.2222222222222222,0.2222222222222222,0.1111111111111111,"[(8.0, 8.0)]",0.5,True,-2.2252831687939607,29.571996387029028,False
13-3-13,900,52.2,12.799999999999994,0.00045,0.00015,"[4.0, 8.0]",19.437376727474632,4.0,6.0135056689126385,2.883262019607053,21.664944761739594,7.924744567793284,0.2222222222222222,0.2222222222222222,0.0,"[(4.0, 4.0), (8.0, 8.0)]",1.0,True,-2.227568034264962,19.437376727474632,False
13-3-13,900,52.2,12.399999999999995,0.00035,0.00015,"[4.0, 8.0]",19.31087504520349,8.0,5.242920223070271,0.17538557411838682,21.586723338341777,7.90730635791715,0.2222222222222222,0.2222222222222222,0.0,"[(4.0, 4.0), (8.0, 8.0)]",1.0,True,-2.2758482931382877,19.31087504520349,False
13-3-13,1200,69.6,11.399999999999999,0.00025,0.00029,"[4.0, 8.0]",44.26214480590917,8.0,7.389510346479726,1.8043761847835271,46.95445751572331,14.411559569545595,0.2222222222222222,0.2222222222222222,0.1111111111111111,"[(8.0, 8.0)]",0.5,True,-2.692312709814142,44.26214480590917,False
13-3-13,1600,92.8,11.999999999999996,0.00035,0.00015,"[4.0, 8.0]",33.04244532952181,8.0,6.511174955600168,-0.06276613344073217,35.88887872142125,13.429379696928354,0.2222222222222222,0.2222222222222222,0.2222222222222222,"[(8.0, 8.0)]",0.5,True,-2.846433391899437,33.04244532952181,False
13-3-13,2200,127.6,11.999999999999996,0.00035,0.00015,"[4.0, 8.0]",26.23345964415107,8.0,5.227507539833651,1.0778455879128834,29.110010422783752,9.45656222515556,0.2222222222222222,0.2222222222222222,0.1111111111111111,"[(8.0, 8.0)]",0.5,True,-2.876550778632682,26.23345964415107,False
13-3-13,1600,92.8,12.999999999999993,0.00035,0.00029,"[4.0, 8.0]",34.17279903370586,4.0,5.87371876452109,0.6574186341247222,37.103412281415764,11.559209969480873,0.2222222222222222,0.2222222222222222,0.1111111111111111,"[(4.0, 4.0)]",0.5,True,-2.9306132477099083,34.17279903370586,False
13-3-13,1200,69.6,11.2,0.00025,0.00029,"[4.0, 8.0]",39.86060237239451,8.0,8.9063291015885,0.96387474768425,42.82541515874017,16.099347863335485,0.2222222222222222,0.2222222222222222,0.2222222222222222,"[(7.5, 8.0)]",1.0,True,-2.964812786345658,39.86060237239451,False
13-3-13,2200,127.6,13.199999999999992,0.00045,0.00029,"[4.0, 8.0]",31.99722924119437,4.0,5.952107506958092,0.9673211894927782,35.25823171296311,10.822008796978169,0.2222222222222222,0.2222222222222222,0.1111111111111111,"[(4.0, 4.0)]",0.5,True,-3.26100247176874,31.99722924119437,False
13-3-13,900,52.2,13.199999999999992,0.00045,0.00015,"[4.0, 8.0]",21.568267979479046,6.5,6.12779805116394,1.8212325573700772,24.90847444255413,8.988508467948037,0.3333333333333333,0.2222222222222222,0.1111111111111111,"[(6.5, 6.5)]",0.5,True,-3.340206463075086,21.568267979479046,False
13-3-13,1200,69.6,12.599999999999994,0.00025,0.00029,"[4.0, 8.0]",35.1739242208001,8.0,8.505939186418301,0.7161410964966719,38.76411427472234,13.381852856619666,0.3333333333333333,0.2222222222222222,0.2222222222222222,"[(8.0, 8.0)]",0.5,True,-3.590190053922235,35.1739242208001,False
13-3-13,900,52.2,12.599999999999994,0.00035,0.00015,"[4.0, 8.0]",20.59678888454509,8.0,6.728029861974305,0.8284645294608944,24.222582068940948,8.753043372531634,0.2222222222222222,0.2222222222222222,0.1111111111111111,"[(4.0, 4.0), (8.0, 8.0)]",1.0,True,-3.625793184395856,20.59678888454509,False
13-3-13,2200,127.6,11.399999999999999,0.00025,0.00021999999999999998,"[4.0, 8.0]",35.28178393474013,7.5,8.172499278496035,1.3237459365876099,38.98702707633477,12.832108312314432,0.2222222222222222,0.2222222222222222,0.2222222222222222,"[(7.5, 7.5)]",0.5,True,-3.705243141594635,35.28178393474013,False
13-3-13,1600,92.8,13.399999999999991,0.00045,0.00015,"[4.0, 8.0]",20.93655186030311,4.0,3.735408237722351,-1.822200858848211,24.719591166120658,9.178370530098933,0.2222222222222222,0.2222222222222222,0.1111111111111111,"[(4.0, 4.0), (5.0, 5.0)]",1.0,True,-3.783039305817548,20.93655186030311,False
13-3-13,1600,92.8,11.399999999999999,0.00025,0.00029,"[4.0, 8.0]",42.836679495985884,8.0,6.883168792032925,0.5972029536349643,46.8038620964115,15.014507115885785,0.2222222222222222,0.2222222222222222,0.2222222222222222,"[(8.0, 8.0)]",0.5,True,-3.967182600425616,42.836679495985884,False
13-3-13,1200,69.6,13.199999999999992,0.00045,0.00029,"[4.0, 8.0]",32.974169917542,4.5,5.372716747455486,-0.9348165261825976,36.949850488973354,12.030272332567362,0.2222222222222222,0.2222222222222222,0.2222222222222222,"[(4.5, 4.5)]",0.5,True,-3.9756805714313517,32.974169917542,False
13-3-13,900,52.2,12.399999999999995,0.00025,0.00015,"[4.0, 8.0]",19.11269290169409,8.0,8.523240891055572,8.60457287600992,23.287123546114632,7.822164935089938,0.2222222222222222,0.2222222222222222,0.0,"[(7.5, 8.0)]",1.0,True,-4.174430644420542,19.11269290169409,False
13-3-13,1600,92.8,11.599999999999998,0.00025,0.00021999999999999998,"[4.0, 8.0]",34.96645417764079,7.5,8.802281209437512,0.4826831128423442,39.64131474291288,14.388996130831408,0.3333333333333333,0.2222222222222222,0.2222222222222222,"[(7.5, 8.0)]",1.0,True,-4.6748605652720885,34.96645417764079,False
13-3-13,1200,69.6,12.999999999999993,0.00025,0.00015,"[4.0, 8.0]",26.42777113668624,6.5,6.529628417382259,1.1901034495817382,31.841895976758586,10.90350696517772,0.3333333333333333,0.2222222222222222,0.2222222222222222,"[(6.5, 6.5)]",0.5,True,-5.414124840072349,26.42777113668624,False
13-3-13,1600,92.8,12.999999999999993,0.00025,0.00015,"[4.0, 8.0]",30.778073127571844,6.5,6.779582362450235,-0.5265100243074687,37.116192319302606,13.18912539261178,0.2222222222222222,0.2222222222222222,0.2222222222222222,"[(6.0, 6.5)]",1.0,True,-6.338119191730759,30.778073127571844,False
13-3-13,1600,92.8,13.199999999999992,0.00045,0.00029,"[4.0, 8.0]",34.026354923549526,4.5,5.406313821523663,-0.11150349084952665,41.89544215592357,15.485316096018568,0.2222222222222222,0.2222222222222222,0.2222222222222222,"[(4.0, 4.5)]",1.0,True,-7.869087232374045,34.026354923549526,False
13-3-13,2200,127.6,13.399999999999991,0.00025,0.00015,"[4.0, 8.0]",24.814697782980236,5.0,1.882273606222215,0.046374351005665844,33.80533027950728,12.425561445442176,0.2222222222222222,0.2222222222222222,0.2222222222222222,"[(4.5, 5.0)]",1.0,True,-8.990632496527045,24.814697782980236,False
13-3-13,1200,69.6,13.399999999999991,0.00035,0.00021999999999999998,"[4.0, 8.0]",23.341426542605916,4.0,2.3237206634612075,-3.6725173451910376,32.481755288979805,11.86847327613248,0.2222222222222222,0.2222222222222222,0.2222222222222222,"[(4.0, 4.5)]",1.0,True,-9.140328746373891,23.341426542605916,False
13-3-13,1600,92.8,13.199999999999992,0.00025,0.00015,"[4.0, 8.0]",26.227233029729376,5.5,5.670446565678075,-0.2470068170754134,35.970404422034115,11.504441668933948,0.2222222222222222,0.2222222222222222,0.2222222222222222,"[(5.5, 5.5)]",0.5,True,-9.743171392304737,26.227233029729376,False
13-3-13,900,52.2,13.399999999999991,0.00025,0.00021999999999999998,"[4.0, 8.0]",22.958132552994197,4.5,4.589264729654442,-0.05496953768924264,32.81462155903211,11.749640099390813,0.3333333333333333,0.2222222222222222,0.2222222222222222,"[(4.0, 4.5)]",1.0,True,-9.856489006037917,22.958132552994197,False
13-3-13,1200,69.6,13.199999999999992,0.00035,0.00015,"[4.0, 8.0]",20.69329942265736,6.0,3.0751451816737236,1.7285672677980677,44.36686257590361,12.430328588316941,0.2222222222222222,0.2222222222222222,0.1111111111111111,"[(5.5, 6.0)]",1.0,True,-23.673563153246246,20.69329942265736,False
13-3-13,900,52.2,11.799999999999997,0.00045,0.00015,"[4.0, 8.0]",17.35249426325789,6.0,9.46412179952213,12.056048742277369,15.61602391626214,6.2483713937756145,0.3333333333333333,0.1111111111111111,0.0,"[(5.5, 6.5)]",1.5,True,1.7364703469957479,17.35249426325789,False
13-3-13,2200,127.6,12.199999999999996,0.00035,0.00015,"[4.0, 8.0]",22.87193120494329,8.0,6.431062194312479,1.4499160138074842,22.952664672465605,8.299437934963553,0.3333333333333333,0.1111111111111111,0.1111111111111111,"[(8.0, 8.0)]",0.5,True,-0.08073346752231414,22.87193120494329,False
13-3-13,2200,127.6,12.999999999999993,0.00045,0.00021999999999999998,"[4.0, 8.0]",21.457864928296267,4.0,8.041943191727455,6.534250271176005,21.781525965315623,7.293216729973949,0.2222222222222222,0.1111111111111111,0.1111111111111111,"[(4.0, 4.0)]",0.5,True,-0.3236610370193563,21.457864928296267,False
13-3-13,900,52.2,11.999999999999996,0.00035,0.00015,"[4.0, 8.0]",19.987652320786395,8.0,4.33219401139066,1.1563743553265469,20.467803703088062,6.488073863546221,0.1111111111111111,0.1111111111111111,0.0,"[(8.0, 8.0)]",0.5,True,-0.48015138230166843,19.987652320786395,False
13-3-13,900,52.2,12.199999999999996,0.00035,0.00015,"[4.0, 8.0]",18.806447614175326,8.0,4.651445519933304,1.6707216724871368,19.579178798929284,6.579974708193426,0.1111111111111111,0.1111111111111111,0.0,"[(8.0, 8.0)]",0.5,True,-0.7727311847539573,18.806447614175326,False
13-3-13,900,52.2,13.199999999999992,0.00045,0.00029,"[4.0, 8.0]",28.69002617707708,4.0,5.08406283007486,0.5154968872512471,29.515942734953637,9.707410588156103,0.2222222222222222,0.1111111111111111,0.1111111111111111,"[(4.0, 4.0)]",0.5,True,-0.8259165578765572,28.69002617707708,False
13-3-13,900,52.2,12.999999999999993,0.00035,0.00029,"[4.0, 8.0]",36.11533055778641,4.0,4.943689020447627,0.378483668084472,37.03856366881513,11.308880196345182,0.1111111111111111,0.1111111111111111,0.1111111111111111,"[(4.0, 4.0)]",0.5,True,-0.9232331110287196,36.11533055778641,False
13-3-13,900,52.2,12.399999999999995,0.00025,0.00029,"[4.0, 8.0]",22.20145381763606,4.0,3.2724286916153478,-0.3783513637525581,23.217970932997996,7.468760045751913,0.1111111111111111,0.1111111111111111,0.1111111111111111,"[(4.0, 4.0)]",0.5,True,-1.0165171153619355,22.20145381763606,False
13-3-13,900,52.2,12.799999999999994,0.00035,0.00021999999999999998,"[4.0, 8.0]",29.015470416251205,4.0,6.040288128639013,1.5617612804627963,30.68497862260287,9.522289766502418,0.1111111111111111,0.1111111111111111,0.1111111111111111,"[(4.0, 4.0)]",0.5,True,-1.6695082063516664,29.015470416251205,False
13-3-13,1200,69.6,11.799999999999997,0.00045,0.00015,"[4.0, 8.0]",17.871276905642095,6.0,8.35535470476212,7.607432457828526,19.872842706947672,6.938396834815778,0.3333333333333333,0.1111111111111111,0.0,"[(5.5, 6.5)]",1.5,True,-2.001565801305577,17.871276905642095,False
13-3-13,1600,92.8,11.799999999999997,0.00025,0.00029,"[4.0, 8.0]",30.605138841627717,8.0,3.119445735761503,-0.24398690986251392,32.69606191044527,9.776380653616567,0.1111111111111111,0.1111111111111111,0.1111111111111111,"[(8.0, 8.0)]",0.5,True,-2.0909230688175593,30.605138841627717,False
13-3-13,1200,69.6,12.799999999999994,0.00035,0.00021999999999999998,"[4.0, 8.0]",21.43419494601087,4.0,3.1847733444955058,-0.13955005973780982,23.575036320670794,7.360634912099756,0.1111111111111111,0.1111111111111111,0.1111111111111111,"[(4.0, 4.0)]",0.5,True,-2.1408413746599257,21.43419494601087,False
13-3-13,900,52.2,11.799999999999997,0.00035,0.00015,"[4.0, 8.0]",24.54238839911618,8.0,4.260278195223408,-0.07240328442537575,26.721977607035818,8.317173737666273,0.1111111111111111,0.1111111111111111,0.1111111111111111,"[(8.0, 8.0)]",0.5,True,-2.179589207919638,24.54238839911618,False
13-3-13,1600,92.8,11.599999999999998,0.00025,0.00029,"[4.0, 8.0]",36.800723762806406,8.0,4.62654091414305,1.083471838843892,39.05119725157935,11.43857326307388,0.1111111111111111,0.1111111111111111,0.1111111111111111,"[(8.0, 8.0)]",0.5,True,-2.250473488772946,36.800723762806406,False
13-3-13,1200,69.6,12.999999999999993,0.00045,0.00021999999999999998,"[4.0, 8.0]",29.07062356055496,4.0,2.685585230766437,-0.4691737717249503,31.463038474372496,9.356606132368041,0.1111111111111111,0.1111111111111111,0.1111111111111111,"[(4.0, 4.0)]",0.5,True,-2.3924149138175377,29.07062356055496,False
13-3-13,1200,69.6,12.599999999999994,0.00045,0.00015,"[4.0, 8.0]",22.54971392958835,4.0,1.6632781531680965,-1.3425335581700257,25.019413228232604,7.655006146881114,0.1111111111111111,0.1111111111111111,0.1111111111111111,"[(4.0, 4.0)]",0.5,True,-2.4696992986442545,22.54971392958835,False
13-3-13,2200,127.6,12.399999999999995,0.00025,0.00029,"[4.0, 8.0]",35.80372046727718,4.0,4.550940897936813,-0.35468466302896606,38.30178639417192,11.558409269367965,0.1111111111111111,0.1111111111111111,0.1111111111111111,"[(4.0, 4.0)]",0.5,True,-2.4980659268947396,35.80372046727718,False
13-3-13,900,52.2,13.399999999999991,0.00025,0.00015,"[4.0, 8.0]",18.092333462993697,5.0,7.544173742867745,8.039855408506927,20.607267190932134,6.528455067680153,0.2222222222222222,0.1111111111111111,0.0,"[(5.0, 5.5)]",1.0,True,-2.5149337279384367,18.092333462993697,False
13-3-13,2200,127.6,12.599999999999994,0.00035,0.00021999999999999998,"[4.0, 8.0]",25.605667590948737,4.0,2.216662056218596,-0.38467639986555735,28.419399722166936,8.356538640335158,0.1111111111111111,0.1111111111111111,0.1111111111111111,"[(4.0, 4.0)]",0.5,True,-2.8137321312182,25.605667590948737,False
13-3-13,2200,127.6,11.599999999999998,0.00025,0.00029,"[4.0, 8.0]",40.90202472843003,8.0,4.656171483022494,0.9921139946691311,44.46889480012262,12.921248064120451,0.1111111111111111,0.1111111111111111,0.1111111111111111,"[(8.0, 8.0)]",0.5,True,-3.566870071692593,40.90202472843003,False
13-3-13,900,52.2,12.999999999999993,0.00045,0.00021999999999999998,"[4.0, 8.0]",22.332376075891524,4.0,1.4795667618023922,-0.5299433070600696,26.060649320055994,7.456208121593095,0.1111111111111111,0.1111111111111111,0.1111111111111111,"[(4.0, 4.0)]",0.5,True,-3.728273244164471,22.332376075891524,False
13-3-13,1200,69.6,12.399999999999995,0.00025,0.00029,"[4.0, 8.0]",30.024093124428248,4.0,4.408633289719465,0.4291882247071215,33.926035489167475,9.966425978671527,0.1111111111111111,0.1111111111111111,0.1111111111111111,"[(4.0, 4.0)]",0.5,True,-3.9019423647392255,30.024093124428248,False
13-3-13,1200,69.6,12.999999999999993,0.00035,0.00029,"[4.0, 8.0]",33.407556138276675,4.0,3.468103674219978,0.23437892010705802,37.41833510651658,10.723284926297065,0.1111111111111111,0.1111111111111111,0.1111111111111111,"[(4.0, 4.0)]",0.5,True,-4.010778968239903,33.407556138276675,False
13-3-13,900,52.2,11.599999999999998,0.00025,0.00029,"[4.0, 8.0]",41.489584307238644,8.0,5.2256187199102495,1.6661797869270545,45.56823337221816,12.967014279962672,0.1111111111111111,0.1111111111111111,0.1111111111111111,"[(8.0, 8.0)]",0.5,True,-4.078649064979516,41.489584307238644,False
13-3-13,1600,92.8,12.599999999999994,0.00045,0.00015,"[4.0, 8.0]",25.56112956254999,4.0,3.3078321712582213,1.0885537239822614,29.66392574739163,8.087159742279455,0.1111111111111111,0.1111111111111111,0.1111111111111111,"[(4.0, 4.0)]",0.5,True,-4.102796184841642,25.56112956254999,False
13-3-13,2200,127.6,12.999999999999993,0.00035,0.00029,"[4.0, 8.0]",33.381882995979225,4.0,3.2754247165298347,-0.10115944978736152,37.55690729438755,10.792997954481784,0.1111111111111111,0.1111111111111111,0.1111111111111111,"[(4.0, 4.0)]",0.5,True,-4.175024298408322,33.381882995979225,False
13-3-13,1600,92.8,12.399999999999995,0.00025,0.00029,"[4.0, 8.0]",31.327598131263294,4.0,2.9844107777107323,0.24585538282046077,35.66578645171644,10.198966281786912,0.1111111111111111,0.1111111111111111,0.1111111111111111,"[(4.0, 4.0)]",0.5,True,-4.338188320453151,31.327598131263294,False
13-3-13,2200,127.6,11.999999999999996,0.00045,0.00015,"[4.0, 8.0]",19.670366874228755,4.0,3.3096540182925067,2.2734479901899842,24.016087747011152,6.294148755340817,0.1111111111111111,0.1111111111111111,0.0,"[(4.0, 4.0)]",0.5,True,-4.3457208727823975,19.670366874228755,False
13-3-13,900,52.2,12.599999999999994,0.00025,0.00015,"[4.0, 8.0]",18.41209633211918,7.5,7.488088655409184,8.9741249400816,22.895712600415518,8.042423274246477,0.3333333333333333,0.1111111111111111,0.0,"[(7.0, 8.0)]",1.5,True,-4.4836162682963385,18.41209633211918,False
13-3-13,1200,69.6,13.399999999999991,0.00025,0.00015,"[4.0, 8.0]",18.614871583320365,4.5,1.3233351443002916,-1.1500898586232864,23.31478076591133,6.689106143252391,0.1111111111111111,0.1111111111111111,0.0,"[(4.5, 4.5)]",0.5,True,-4.699909182590963,18.614871583320365,False
13-3-13,1200,69.6,11.799999999999997,0.00025,0.00029,"[4.0, 8.0]",27.876320810350087,8.0,2.970605369333558,0.36894415185450846,32.950557683921616,8.9936814294942,0.1111111111111111,0.1111111111111111,0.1111111111111111,"[(8.0, 8.0)]",0.5,True,-5.074236873571526,27.876320810350087,False
13-3-13,2200,127.6,11.799999999999997,0.00025,0.00029,"[4.0, 8.0]",19.24030184999285,8.0,2.0849414073797323,0.5195886136498697,25.038194330796287,6.55977390369498,0.1111111111111111,0.1111111111111111,0.0,"[(8.0, 8.0)]",0.5,True,-5.797892480803436,19.24030184999285,False
13-3-13,1600,92.8,12.999999999999993,0.00045,0.00021999999999999998,"[4.0, 8.0]",26.380607923039857,4.0,1.8511377459003207,0.2285561935223745,32.46704296099365,9.024970183494274,0.1111111111111111,0.1111111111111111,0.1111111111111111,"[(4.0, 4.0)]",0.5,True,-6.086435037953794,26.380607923039857,False
13-3-13,1200,69.6,11.599999999999998,0.00025,0.00029,"[4.0, 8.0]",41.06881759959289,8.0,4.05734784063665,0.21755963280517465,47.2478053322285,13.286411400825592,0.1111111111111111,0.1111111111111111,0.1111111111111111,"[(8.0, 8.0)]",0.5,True,-6.178987732635615,41.06881759959289,False
13-3-13,900,52.2,11.799999999999997,0.00025,0.00029,"[4.0, 8.0]",23.420550460914086,8.0,2.2737099247792507,0.8373348777243548,29.711396869719895,7.865519515726827,0.1111111111111111,0.1111111111111111,0.1111111111111111,"[(8.0, 8.0)]",0.5,True,-6.290846408805809,23.420550460914086,False
13-3-13,2200,127.6,13.399999999999991,0.00025,0.00021999999999999998,"[4.0, 8.0]",30.44749526232886,6.5,5.6936440731787545,-0.9271000157821603,38.82103120770175,11.956122747822642,0.3333333333333333,0.1111111111111111,0.1111111111111111,"[(6.5, 6.5)]",0.5,True,-8.373535945372888,30.44749526232886,False
13-3-13,900,52.2,12.799999999999994,0.00025,0.00015,"[4.0, 8.0]",17.39332013228723,7.0,5.156585242659701,4.7357070657037665,28.39247679627634,8.527323641674242,0.1111111111111111,0.1111111111111111,0.0,"[(7.0, 7.5)]",1.0,True,-10.999156663989114,17.39332013228723,False
13-3-13,900,52.2,12.999999999999993,0.00035,0.00015,"[4.0, 8.0]",18.12572936816831,7.0,5.799824501658126,5.037395344125111,36.93868565419567,10.291271297889573,0.1111111111111111,0.1111111111111111,0.0,"[(7.0, 7.0)]",0.5,True,-18.81295628602736,18.12572936816831,False
13-3-13,900,52.2,11.999999999999996,0.00045,0.00015,"[4.0, 8.0]",4.76916981457366,7.5,3.390264176414067,3.696487410133995,2.841582134859067,0.9708183506587826,0.0,0.0,0.0,"[(4.0, 8.0)]",4.5,True,1.927587679714593,4.76916981457366,False
13-3-13,1600,92.8,12.599999999999994,0.00035,0.00029,"[4.0, 8.0]",11.069530152475792,8.0,5.785871577151364,5.446422450122479,9.376344783675444,2.923452038507549,0.0,0.0,0.0,"[(4.5, 4.5), (6.5, 6.5), (8.0, 8.0)]",1.5,True,1.6931853688003486,11.069530152475792,False
13-3-13,2200,127.6,12.599999999999994,0.00035,0.00029,"[4.0, 8.0]",10.733214558052659,7.5,6.643074882950368,8.119442272302805,9.185692043323098,3.6439835368773603,0.0,0.0,0.0,"[(5.5, 7.5)]",2.5,True,1.5475225147295602,10.733214558052659,False
13-3-13,900,52.2,12.399999999999995,0.00045,0.00015,"[4.0, 8.0]",3.2407488053572777,7.0,1.7569479084670176,1.9696690382975959,2.9645266495439517,1.0432416640510327,0.0,0.0,0.0,"[(4.0, 8.0)]",4.5,True,0.27622215581332593,3.2407488053572777,False
13-3-13,900,52.2,12.599999999999994,0.00035,0.00029,"[4.0, 8.0]",12.15897339063552,6.5,8.248974787688145,10.653394585899454,12.054088271087156,4.246412722074795,0.0,0.0,0.0,"[(5.5, 7.5)]",2.5,True,0.10488511954836299,12.15897339063552,False
13-3-13,1200,69.6,12.199999999999996,0.00045,0.00015,"[4.0, 8.0]",4.629683110092121,7.0,2.969438570694595,3.1598850422118923,4.68802756654614,1.473698286478388,0.0,0.0,0.0,"[(4.5, 8.0)]",4.0,True,-0.05834445645401884,4.629683110092121,False
13-3-13,1200,69.6,12.399999999999995,0.00035,0.00021999999999999998,"[4.0, 8.0]",1.9376605179364188,6.5,0.7980804122100082,0.8233840369813747,2.002251297140193,0.7912167857497471,0.0,0.0,0.0,"[(4.0, 8.0)]",4.5,True,-0.06459077920377451,1.9376605179364188,False
13-3-13,1200,69.6,12.599999999999994,0.00035,0.00029,"[4.0, 8.0]",5.670479456685288,8.0,2.098435389208093,2.2417993078490364,5.842186532510861,1.985661806943087,0.0,0.0,0.0,"[(4.0, 4.5), (8.0, 8.0)]",1.5,True,-0.17170707582557318,5.670479456685288,False
13-3-13,1200,69.6,12.199999999999996,0.00025,0.00029,"[4.0, 8.0]",12.86951362694192,4.0,2.2653457633260117,0.3949353326794678,13.470952487370326,4.275553270934261,0.0,0.0,0.0,"[(4.0, 4.0)]",0.5,True,-0.6014388604284056,12.86951362694192,False
13-3-13,1200,69.6,12.799999999999994,0.00035,0.00029,"[4.0, 8.0]",0.5311514865588209,7.0,0.04433630506791649,0.04835229105998097,1.2250980810793637,0.4018214203994374,0.0,0.0,0.0,"[(4.0, 8.0)]",4.5,True,-0.6939465945205427,0.5311514865588209,False
13-3-13,1200,69.6,12.599999999999994,0.00035,0.00021999999999999998,"[4.0, 8.0]",2.4918740862102955,4.0,0.31953477466791563,0.14230952663684712,3.340201943036924,0.98928212228164,0.0,0.0,0.0,"[(4.0, 4.0), (5.5, 8.0)]",3.5,True,-0.8483278568266285,2.4918740862102955,False
13-3-13,1600,92.8,12.799999999999994,0.00035,0.00029,"[4.0, 8.0]",3.2301106070746437,8.0,1.3518510565271527,1.549812263165245,4.092045285070811,1.3371387003733284,0.0,0.0,0.0,"[(4.5, 4.5), (5.5, 8.0)]",3.5,True,-0.8619346779961672,3.2301106070746437,False
13-3-13,900,52.2,12.799999999999994,0.00035,0.00029,"[4.0, 8.0]",3.2023352120141824,8.0,1.454498189948,2.08309017743575,4.285258275025496,1.4261301560554511,0.0,0.0,0.0,"[(5.5, 8.0)]",3.0,True,-1.0829230630113136,3.2023352120141824,False
13-3-13,2200,127.6,12.199999999999996,0.00025,0.00029,"[4.0, 8.0]",12.427904413688884,4.0,2.085841807120806,-0.4160200452436703,13.67065852993537,4.52869274808425,0.0,0.0,0.0,"[(4.0, 4.0)]",0.5,True,-1.2427541162464855,12.427904413688884,False
13-3-13,1200,69.6,12.399999999999995,0.00045,0.00015,"[4.0, 8.0]",2.8826140947439436,8.0,0.5486186622567536,0.12431836423313235,4.154221319520008,1.3977558118524853,0.0,0.0,0.0,"[(4.0, 5.0), (7.0, 8.0)]",3.0,True,-1.2716072247760648,2.8826140947439436,False
13-3-13,1600,92.8,11.999999999999996,0.00025,0.00029,"[4.0, 8.0]",9.515722495980132,8.0,1.2521700571099228,0.58308655186489,10.840585002580092,3.0666793691114362,0.0,0.0,0.0,"[(8.0, 8.0)]",0.5,True,-1.3248625065999602,9.515722495980132,False
13-3-13,900,52.2,12.199999999999996,0.00035,0.00021999999999999998,"[4.0, 8.0]",5.4784652112428045,8.0,3.2867680574452387,4.000728361069165,7.058849745670548,1.9225237234690682,0.0,0.0,0.0,"[(4.5, 5.0), (6.0, 8.0)]",3.5,True,-1.5803845344277432,5.4784652112428045,False
13-3-13,1600,92.8,12.199999999999996,0.00025,0.00029,"[4.0, 8.0]",16.321448392008687,4.0,1.7200353088438953,-0.04266825217288861,17.992768706740314,5.405063889527474,0.1111111111111111,0.0,0.0,"[(4.0, 4.0)]",0.5,True,-1.6713203147316267,16.321448392008687,False
13-3-13,1600,92.8,12.399999999999995,0.00045,0.00015,"[4.0, 8.0]",2.8148317135775813,8.0,0.9774383814085241,0.994775134857424,4.503778221810073,1.3144096111644628,0.0,0.0,0.0,"[(4.0, 4.0), (5.0, 8.0)]",4.0,True,-1.688946508232492,2.8148317135775813,False
13-3-13,1200,69.6,11.999999999999996,0.00045,0.00015,"[4.0, 8.0]",8.038508579920101,6.0,4.3688445123703525,4.636854344851204,9.804758139187419,3.203079903665307,0.0,0.0,0.0,"[(5.5, 7.0)]",2.0,True,-1.7662495592673177,8.038508579920101,False
13-3-13,2200,127.6,12.399999999999995,0.00035,0.00021999999999999998,"[4.0, 8.0]",1.647271508580714,8.0,-0.22201377937416858,0.21994731001993023,3.4965443984518134,1.1311354236127769,0.0,0.0,0.0,"[(4.0, 4.0), (5.5, 5.5), (6.5, 8.0)]",3.0,True,-1.8492728898710995,1.647271508580714,False
13-3-13,1600,92.8,12.799999999999994,0.00045,0.00021999999999999998,"[4.0, 8.0]",5.359249303290953,7.5,2.4526038760493134,2.4116598845120993,7.22054674858102,1.9931661832799525,0.0,0.0,0.0,"[(5.0, 5.5), (6.5, 7.5)]",2.5,True,-1.8612974452900666,5.359249303290953,False
13-3-13,1200,69.6,12.199999999999996,0.00035,0.00021999999999999998,"[4.0, 8.0]",6.105361392143408,6.5,2.5921701730899533,1.843841397829495,8.0744882834201,2.811061289473135,0.0,0.0,0.0,"[(5.5, 7.0)]",2.0,True,-1.9691268912766933,6.105361392143408,False
13-3-13,1600,92.8,12.599999999999994,0.00035,0.00021999999999999998,"[4.0, 8.0]",10.413945875924838,4.0,0.5543678518270504,-0.31694537220194297,12.425763519742105,3.547719821609142,0.0,0.0,0.0,"[(4.0, 4.0)]",0.5,True,-2.011817643817266,10.413945875924838,False
13-3-13,1600,92.8,12.199999999999996,0.00045,0.00015,"[4.0, 8.0]",4.4995664162879425,8.0,0.2663343591755108,-0.21207185693149014,6.89230817879591,2.099289434351114,0.0,0.0,0.0,"[(7.0, 8.0)]",1.5,True,-2.392741762507968,4.4995664162879425,False
13-3-13,1600,92.8,11.999999999999996,0.00045,0.00015,"[4.0, 8.0]",5.5041289356886764,7.5,1.4680519671891152,2.072522783052912,8.04398929317512,2.5711279718998363,0.0,0.0,0.0,"[(4.5, 4.5), (7.0, 7.5)]",1.5,True,-2.539860357486444,5.5041289356886764,False
13-3-13,900,52.2,12.199999999999996,0.00025,0.00029,"[4.0, 8.0]",5.601214837570108,4.0,0.48692871218666867,0.15531270716021017,8.359936998378398,2.1693787036604357,0.0,0.0,0.0,"[(4.0, 4.0)]",0.5,True,-2.7587221608082895,5.601214837570108,False
13-3-13,2200,127.6,12.199999999999996,0.00035,0.00021999999999999998,"[4.0, 8.0]",5.186863404835407,7.5,1.0031395399891823,0.47172461233600227,8.015819652771814,2.1685514442514786,0.0,0.0,0.0,"[(7.5, 8.0)]",1.0,True,-2.8289562479364063,5.186863404835407,False
13-3-13,2200,127.6,12.799999999999994,0.00035,0.00029,"[4.0, 8.0]",0.6337324412498473,4.0,-0.9977744779817256,-1.1371651530346498,3.5243345757521505,1.328748057054833,0.0,0.0,0.0,"[(4.0, 5.5), (7.0, 8.0)]",3.5,True,-2.890602134502303,0.6337324412498473,False
13-3-13,900,52.2,12.599999999999994,0.00045,0.00015,"[4.0, 8.0]",13.174268943685082,4.0,1.104036628546061,-0.10526862358247352,16.427980485884714,4.948480901193632,0.0,0.0,0.0,"[(4.0, 4.0)]",0.5,True,-3.253711542199631,13.174268943685082,False
13-3-13,2200,127.6,12.599999999999994,0.00045,0.00015,"[4.0, 8.0]",10.70190842132895,4.0,1.4359537601235322,0.7882312394480213,13.981132820346113,3.853991151729815,0.0,0.0,0.0,"[(4.0, 4.0)]",0.5,True,-3.279224399017164,10.70190842132895,False
13-3-13,900,52.2,12.399999999999995,0.00035,0.00021999999999999998,"[4.0, 8.0]",0.2692289575492773,6.5,-1.1032490986197594,-1.2712460350464037,3.555516289333467,1.1368413489306672,0.0,0.0,0.0,"[(4.0, 4.0), (5.0, 8.0)]",4.0,True,-3.2862873317841896,0.2692289575492773,False
13-3-13,900,52.2,12.199999999999996,0.00045,0.00015,"[4.0, 8.0]",2.9179632729756393,6.5,0.4556872263342691,1.2291416099183796,6.254537484741325,1.8082087117750154,0.0,0.0,0.0,"[(4.0, 4.0), (5.0, 7.0)]",3.0,True,-3.336574211765686,2.9179632729756393,False
13-3-13,2200,127.6,11.799999999999997,0.00045,0.00015,"[4.0, 8.0]",11.97705005207694,7.0,3.787870209259357,2.166915843678476,15.500504354386353,5.4902952292435065,0.0,0.0,0.0,"[(5.0, 5.0), (6.5, 7.0)]",1.5,True,-3.523454302309412,11.97705005207694,False
13-3-13,1200,69.6,13.399999999999991,0.00035,0.00015,"[4.0, 8.0]",13.284021336793629,5.5,5.638842105713163,5.435931145261435,16.94668703780761,4.9983932044504185,0.0,0.0,0.0,"[(5.5, 6.0)]",1.0,True,-3.662665701013981,13.284021336793629,False
13-3-13,900,52.2,12.799999999999994,0.00045,0.00021999999999999998,"[4.0, 8.0]",0.8334136529437326,4.5,-1.512248442633239,-1.8324695892865015,4.898343875033374,1.4663261887339463,0.0,0.0,0.0,"[(4.0, 4.5), (5.5, 6.5), (8.0, 8.0)]",3.0,True,-4.064930222089641,0.8334136529437326,False
13-3-13,1600,92.8,11.799999999999997,0.00045,0.00015,"[4.0, 8.0]",14.199345951752573,6.0,5.361432422966548,5.175226486344573,18.394247321760677,5.810016273110851,0.0,0.0,0.0,"[(6.0, 6.0)]",0.5,True,-4.194901370008105,14.199345951752573,False
13-3-13,1200,69.6,12.799999999999994,0.00045,0.00021999999999999998,"[4.0, 8.0]",4.147180435923752,7.5,1.3343775204090838,0.7810633597362306,8.384980750456673,2.5016843946450895,0.0,0.0,0.0,"[(4.0, 4.5), (7.5, 8.0)]",2.0,True,-4.2378003145329215,4.147180435923752,False
13-3-13,1600,92.8,12.399999999999995,0.00035,0.00021999999999999998,"[4.0, 8.0]",4.064011266613091,7.0,1.6128703016224517,2.3608273280455445,8.315549466699773,2.3143238320505235,0.0,0.0,0.0,"[(5.0, 8.0)]",3.5,True,-4.2515382000866815,4.064011266613091,False
13-3-13,2200,127.6,12.799999999999994,0.00045,0.00021999999999999998,"[4.0, 8.0]",10.91171151334249,4.5,5.260924855376316,5.818259092198467,15.194989386903126,3.942115008067663,0.0,0.0,0.0,"[(4.5, 5.0)]",1.0,True,-4.283277873560635,10.91171151334249,False
13-3-13,1600,92.8,12.199999999999996,0.00035,0.00021999999999999998,"[4.0, 8.0]",6.353237175882672,7.5,2.045087462167863,2.1681074696165457,10.717819235946067,2.65525717337951,0.0,0.0,0.0,"[(7.5, 8.0)]",1.0,True,-4.364582060063394,6.353237175882672,False
13-3-13,1600,92.8,13.399999999999991,0.00035,0.00015,"[4.0, 8.0]",12.121579527044375,4.0,-0.09243266557076978,0.05487542315373155,16.798605244054382,4.728097199474214,0.0,0.0,0.0,"[(4.0, 4.0)]",0.5,True,-4.677025717010007,12.121579527044375,False
13-3-13,900,52.2,11.999999999999996,0.00025,0.00029,"[4.0, 8.0]",3.2361619699803086,8.0,-0.5673931386840972,-0.4621249785649445,8.076792784060753,2.38389508203366,0.0,0.0,0.0,"[(5.5, 5.5), (7.5, 8.0)]",1.5,True,-4.840630814080446,3.2361619699803086,False
13-3-13,1200,69.6,11.999999999999996,0.00025,0.00029,"[4.0, 8.0]",4.369613629439623,8.0,0.720664800663441,1.2054711228085153,9.62961038896613,2.467154059613511,0.0,0.0,0.0,"[(6.0, 7.0), (8.0, 8.0)]",2.0,True,-5.259996759526507,4.369613629439623,False
13-3-13,2200,127.6,12.399999999999995,0.00045,0.00015,"[4.0, 8.0]",10.807923961024507,4.0,0.5259694108035011,0.5579511802667189,16.200073971129164,4.301028656692215,0.0,0.0,0.0,"[(4.0, 4.0)]",0.5,True,-5.3921500101046576,10.807923961024507,False
13-3-13,2200,127.6,11.999999999999996,0.00025,0.00029,"[4.0, 8.0]",5.366669444876136,8.0,-0.5998597366186045,-0.560134858124505,11.066909135413717,2.6563960841554692,0.0,0.0,0.0,"[(8.0, 8.0)]",0.5,True,-5.70023969053758,5.366669444876136,False
13-3-13,900,52.2,13.399999999999991,0.00045,0.00015,"[4.0, 8.0]",13.163599765112776,4.0,2.190975912274911,1.272448021544624,19.55866145921997,6.343074842012346,0.0,0.0,0.0,"[(4.0, 4.5)]",1.0,True,-6.395061694107191,13.163599765112776,False
13-3-13,900,52.2,12.999999999999993,0.00025,0.00015,"[4.0, 8.0]",14.714176482521701,6.5,2.5629567006901453,0.14578958923155771,21.461868298767612,7.5378295403886675,0.0,0.0,0.0,"[(6.0, 6.5)]",1.0,True,-6.747691816245911,14.714176482521701,False
13-3-13,1200,69.6,13.199999999999992,0.00025,0.00015,"[4.0, 8.0]",16.16808626588358,5.5,1.2313066966555932,-2.3767905769666107,23.352921705085777,7.747681765816337,0.1111111111111111,0.0,0.0,"[(5.5, 5.5)]",0.5,True,-7.184835439202194,16.16808626588358,False
13-3-13,900,52.2,12.599999999999994,0.00035,0.00021999999999999998,"[4.0, 8.0]",1.528799523616768,8.0,-0.7256234871053198,0.6272284180989223,10.531122660960879,3.1954284724019733,0.0,0.0,0.0,"[(5.0, 8.0)]",3.5,True,-9.00232313734411,1.528799523616768,False
13-3-13,900,52.2,13.199999999999992,0.00025,0.00015,"[4.0, 8.0]",11.940482662327863,5.5,-0.474347568896698,0.33598190385990634,21.79765959987777,7.4781880688436395,0.0,0.0,0.0,"[(5.5, 5.5)]",0.5,True,-9.857176937549907,11.940482662327863,False
13-3-13,2200,127.6,12.199999999999996,0.00045,0.00015,"[4.0, 8.0]",6.616954283987644,4.0,2.111047761956937,3.1098877926615627,17.156916430468705,4.641361996140442,0.0,0.0,0.0,"[(4.0, 4.0), (5.5, 5.5), (6.5, 7.0)]",2.0,True,-10.539962146481061,6.616954283987644,False
13-3-13,1200,69.6,13.399999999999991,0.00045,0.00015,"[4.0, 8.0]",-0.3110053396678512,8.0,-4.063264094300725,-3.1730899499649743,10.705836165047241,3.3954166753467336,0.0,0.0,0.0,"[(5.5, 6.5), (7.5, 8.0)]",2.5,True,-11.016841504715092,-0.3110053396678512,False
13-3-13,900,52.2,13.399999999999991,0.00035,0.00015,"[4.0, 8.0]",1.0762444188873967,4.0,-1.8548818733022623,-0.3434393883487369,12.288000660355353,3.675681138213691,0.0,0.0,0.0,"[(4.0, 5.5), (6.5, 6.5), (7.5, 7.5)]",3.0,True,-11.211756241467956,1.0762444188873967,False
13-3-13,900,52.2,13.199999999999992,0.00035,0.00015,"[4.0, 8.0]",13.912396161847163,6.0,3.448422138646988,2.986953747016397,26.222387447701617,7.432563225368224,0.0,0.0,0.0,"[(5.5, 6.0)]",1.0,True,-12.309991285854455,13.912396161847163,False
13-3-13,2200,127.6,13.399999999999991,0.00045,0.00015,"[4.0, 8.0]",14.859056960348818,4.0,-2.366896099819105,-2.5799446654146188,27.729365844679457,7.3978640367051005,0.0,0.0,0.0,"[(4.0, 4.0)]",0.5,True,-12.87030888433064,14.859056960348818,False
