frequency_GHz,S11_13_3_13_dB,S21_13_3_13_dB,bloch_phase_13_3_13_rad_per_mm,group_delay_13_3_13_ps_per_mm,S11_16_2_16_dB,S21_16_2_16_dB,bloch_phase_16_2_16_rad_per_mm,group_delay_16_2_16_ps_per_mm,S11_15_4_15_dB,S21_15_4_15_dB,bloch_phase_15_4_15_rad_per_mm,group_delay_15_4_15_ps_per_mm
3.0,-27.615588120274566,-0.007526634384957763,11.528517835594199,612.2002741197549,-22.598838619353447,-0.02393848673379692,11.512112400406098,611.2056184207984,-21.872571650738664,-0.02831011143871229,11.539166746260584,613.6950666370342
3.05,-27.509321981313843,-0.007715554389516051,11.720846223964227,612.2125970115377,-22.49357228459233,-0.02453473696586964,11.704128308472454,611.217027442145,-21.787351173692997,-0.028878601207439084,11.731964737549701,613.7039334792804
3.0999999999999996,-27.40305584235312,-0.007904474394074339,11.913174612334252,612.2249199033204,-22.38830594983121,-0.025130987197942357,11.896144216538813,611.2284364634917,-21.702130696647327,-0.029447090976165876,11.924762728838822,613.7128003215266
3.1499999999999995,-27.30222327830702,-0.008092504004089738,12.1055184861068,612.2501351160195,-22.28884228418296,-0.025721718789028614,12.08817446160423,611.2516182274672,-21.621775411748796,-0.030004100352302936,12.117571862530525,613.7318031297602
3.1999999999999993,-27.201390714260924,-0.008280533614105136,12.297862359879344,612.2753503287187,-22.189378618534704,-0.026312450380114875,12.280204706669647,611.2747999914429,-21.541420126850266,-0.030561109728439995,12.31038099622223,613.7508059379938
3.249999999999999,-27.105783329302874,-0.008467083480975073,12.490222434620161,612.3015594430707,-22.095583806400935,-0.02689501464984912,12.472249745799767,611.2987809861658,-21.46580626238037,-0.031104551956004246,12.503202867144447,613.7721862121749
3.299999999999999,-27.01017594434482,-0.008653633347845007,12.68258250936098,612.3277685574229,-22.001788994267166,-0.027477578919583367,12.664294784929886,611.3227619808886,-21.390192397910468,-0.0316479941835685,12.696024738066667,613.793566486356
3.3499999999999988,-26.919572070154985,-0.008838180029350733,12.874959318477968,612.3549791892794,-21.913348344629643,-0.028050573563405734,12.856355165402041,611.3475345966401,-21.319223980341953,-0.032175685285133704,12.888860739003292,613.8171091218023
3.3999999999999986,-26.828968195965146,-0.009022726710856459,13.067336127594956,612.3821898211361,-21.824907694992117,-0.028623568207228105,13.0484155458742,611.3723072123918,-21.248255562773437,-0.03270337638669891,13.081696739939915,613.8406517572487
3.4499999999999984,-26.743187346645165,-0.009204704809096322,13.25973039622423,612.410396337568,-21.74163503029582,-0.029184983922901968,13.240491715191379,611.3978545131724,-21.181832994209817,-0.03321325946616692,13.274548195410357,613.8662498296607
3.4999999999999982,-26.657406497325187,-0.009386682907336186,13.452124664853502,612.4386028540001,-21.65836236559953,-0.029746399638575834,13.43256788450856,611.4234018139532,-21.1154104256462,-0.033723142545634924,13.467399650880802,613.8918479020728
3.549999999999998,-26.57628805447632,-0.009565526348081116,13.64453691932441,612.4677607531795,-21.580054353001994,-0.030294491479487182,13.624660368665696,611.4497335914825,-21.053456288130455,-0.03421310203142471,13.66026781930392,613.9194765230051
3.599999999999998,-26.49516961162745,-0.009744369788826044,13.836949173795324,612.496918652359,-21.501746340404463,-0.03084258332039853,13.816752852822832,611.476065369012,-20.991502150614714,-0.034703061517214494,13.853135987727038,613.9471051439375
3.6499999999999977,-26.418546237630764,-0.009919564590754243,14.029380083321337,612.5270064848648,-21.42824450392688,-0.031375467399520865,14.008862111627549,611.5031817478307,-20.93393026369299,-0.0351711715374312,14.046022162346501,613.9766802236826
3.6999999999999975,-26.34192286363408,-0.010094759392682442,14.22181099284735,612.5570943173708,-21.354742667449297,-0.031908351478643196,14.200971370432267,611.5302981266497,-20.876358376771265,-0.035639281557647895,14.238908336965963,614.0062553034277
3.7499999999999973,-26.269676892346748,-0.010265718388006707,14.414261056803689,612.5880815373921,-21.28587674810134,-0.03242438346544662,14.393097930036001,611.5582018405181,-20.82308844446708,-0.03608370062781285,14.431813670530385,614.037731680612
3.799999999999997,-26.197430921059418,-0.010436677383330971,14.606711120760027,612.6190687574134,-21.217010828753384,-0.032940415452250044,14.585224489639735,611.5861055543866,-20.769818512162892,-0.03652811969797779,14.624719004094805,614.0692080577962
3.849999999999997,-26.12943714083059,-0.010602866996635669,14.799180969975149,612.6510942795871,-21.15265549598901,-0.033437784686372575,14.77736881328545,611.614802765126,-20.720790086043802,-0.03694698407225332,14.8176447330964,614.1025686164597
3.899999999999997,-26.061443360601757,-0.010769056609940366,14.991650819190275,612.683119801761,-21.088300163224634,-0.033935153920495106,14.969513136931164,611.6434999758657,-20.671761659924716,-0.037365848446528835,15.01057046209799,614.1359291751231
3.9499999999999966,-25.99757793685832,-0.010929981628087893,15.184141127604684,612.7161408756408,-21.02832121462031,-0.034412267507534774,15.161675758513475,611.673016478424,-20.626932147512218,-0.03775727839519653,15.20351771777682,614.1710348529984
3.9999999999999964,-25.93371251311488,-0.011090906646235417,15.376631436019096,612.7491619495207,-20.96834226601598,-0.03488938109457444,15.353838380095782,611.7025329809823,-20.582102635099723,-0.03814870834386422,15.396464973455647,614.2061405308737
4.049999999999996,-25.873878047473468,-0.01124603883012982,15.569142780739465,612.7831120431745,-20.91262618844944,-0.03534464622112934,15.546019795272535,611.7328339000022,-20.54140318224456,-0.03851120638124173,15.589434817553126,614.2430094679836
4.099999999999996,-25.814043581832053,-0.011401171014024224,15.761654125459838,612.8170621368283,-20.8569101108829,-0.035799911347684225,15.738201210449292,611.7631348190223,-20.5007037293894,-0.038873704418619245,15.782404661650604,614.2798784050935
4.149999999999996,-25.758139722242664,-0.01155003650038009,15.954187096820174,612.8519479132176,-20.805383268278653,-0.03623155839532574,15.930401909289436,611.7942498383592,-20.46409912632588,-0.03920563810256457,15.97539824820222,614.3185172666869
4.199999999999996,-25.70223586265327,-0.011698901986735953,16.14672006818051,612.886833689607,-20.753856425674407,-0.03666320544296725,16.122602608129583,611.8253648576962,-20.42749452326236,-0.03953757178650989,16.168391834753834,614.3571561282802
4.249999999999996,-25.650200113197737,-0.011840964537161805,16.33927525166041,612.9227137414407,-20.70637823425169,-0.03707018452775596,16.314823123592802,611.8573099254614,-20.394964108786656,-0.03983733680412378,16.3614102338768,614.3975245745327
4.299999999999995,-25.598164363742203,-0.011983027087587658,16.531830435140307,612.9585937932745,-20.65890004282897,-0.03747716361254467,16.507043639056022,611.8892549932268,-20.362433694310955,-0.040137101821737665,16.55442863299977,614.4378930207852
4.349999999999995,-25.549901498095632,-0.012117857820805813,16.724408494703543,612.9954710332939,-20.61542182490247,-0.037857810736181455,16.69928448125225,611.9220046078555,-20.333925929894583,-0.040403551804560615,16.747472948037057,614.4799977832099
4.399999999999995,-25.501638632449062,-0.012252688554023968,16.916986554266778,613.0323482733133,-20.571943606975967,-0.038238457859818234,16.89152532344848,611.9547542224841,-20.305418165478212,-0.040670001787383565,16.940517263074348,614.5221025456347
4.449999999999995,-25.45709418128727,-0.012379843665279909,17.109588079053207,613.070192478615,-20.532385646686183,-0.03859152701521314,17.083786993291188,611.9883297012839,-20.280911155586843,-0.040901896417351986,17.13358857260224,614.5659548620187
4.499999999999995,-25.41254973012548,-0.012506998776535848,17.30218960383964,613.1080366839166,-20.4928276863964,-0.03894459617060803,17.2760486631339,612.0219051800836,-20.256404145695473,-0.04113379104732041,17.326659882130134,614.6098071784027
4.5499999999999945,-25.37167511369617,-0.012626000577512144,17.494815219833818,613.1468595892898,-20.457135632491955,-0.039268779264437254,17.468331697521144,612.0563249124184,-20.235901407606924,-0.04132983675079234,17.519759303613423,614.6553739629455
4.599999999999994,-25.330800497266857,-0.012745002378488439,17.687440835828003,613.185682494663,-20.42144357858751,-0.03959296235826647,17.660614731908392,612.0907446447532,-20.21539866951838,-0.041525882454264265,17.712858725096712,614.7009407474883
4.649999999999994,-25.293545686749635,-0.012855440261141993,17.880091146916154,613.2255332092286,-20.389556576024077,-0.03988716978188558,17.852919654862394,612.1260117784557,-20.198897476192,-0.041685027657032775,17.90598729553483,614.7482147171498
4.699999999999994,-25.256290876232413,-0.012965878143795545,18.07274145800431,613.2653839237944,-20.357669573460644,-0.04018137720550469,18.045224577816402,612.1612789121582,-20.182396282865618,-0.04184417285980128,18.099115865972948,614.7954886868114
4.749999999999994,-25.222592237448588,-0.013067424225233956,18.265417151883337,613.3062366166097,-20.329540713333557,-0.040444554160309794,18.237551930190907,612.1973761400685,-20.169879981434057,-0.04196570460444174,18.292274693678554,614.8445315698368
4.799999999999994,-25.18889359866476,-0.013168970306672367,18.458092845762366,613.3470893094251,-20.30141185320647,-0.0407077311151149,18.429879282565416,612.2334733679787,-20.157363680002497,-0.042087236349082194,18.485433521384163,614.8935744528623
4.849999999999993,-25.158748579306305,-0.01326115721194812,18.65079449385837,613.388940905639,-20.277006627258736,-0.04093887195846166,18.622229566633827,612.2704296135778,-20.148864667826427,-0.042170163992963694,18.678623720926687,614.9443659801877
4.899999999999993,-25.12860355994785,-0.013353344117223873,18.843496141954375,613.430792501853,-20.252601401311,-0.04117001280180841,18.81457985070224,612.3073858591771,-20.140365655650353,-0.04225309163684519,18.87181392046922,614.9951575075131
4.949999999999993,-25.101950275240608,-0.013435930890085039,19.036224428100287,613.4736911770254,-20.231876783801447,-0.04136836575683916,19.00695364366462,612.3452170068329,-20.135878761166033,-0.04229700351524832,19.065036574690467,615.0477493519996
4.999999999999993,-25.075296990533364,-0.013518517662946204,19.228952714246198,613.516589852198,-20.211152166291896,-0.0415667187118699,19.199327436626998,612.3830481544886,-20.13139186668171,-0.042340915393651445,19.25825922891172,615.100341196486
5.049999999999993,-25.05213294186941,-0.013591122100926396,19.42170827040731,613.5605266084498,-20.194112841368987,-0.04173123610760069,19.39172526071763,612.4217488423366,-20.130957868834,-0.04234516825463182,19.45151551731516,615.1547513965419
5.0999999999999925,-25.02896889320546,-0.013663726538906587,19.614463826568425,613.6044633647017,-20.177073516446082,-0.041895753503331475,19.584123084808265,612.4604495301845,-20.130523870986284,-0.042349421115612185,19.6447718057186,615.2091615965978
5.149999999999992,-25.009283283264676,-0.013726041737174354,19.8072473252706,613.64943140322,-20.163673096532968,-0.04202605750488781,19.776545510489296,612.5000442896692,-20.13416012612079,-0.04231381940518901,19.83806283381376,615.2654029830637
5.199999999999992,-24.989597673323896,-0.013788356935442118,20.000030823972775,613.6943994417383,-20.150272676619856,-0.04215636150644415,19.968967936170326,612.5396390491538,-20.1377963812553,-0.042278217694765835,20.03135386190892,615.3216443695298
5.249999999999992,-24.973373143415674,-0.013840142836950323,20.19284288863767,613.7404247339057,-20.140523047138647,-0.04225167642188704,20.16141551650317,612.5801156850705,-20.145554655797994,-0.042202460177563975,20.224680825322977,615.3797761363306
5.299999999999992,-24.957148613507457,-0.013891928738458525,20.385654953302566,613.7864500260731,-20.130773417657437,-0.042346991337329935,20.353863096836008,612.620592320987,-20.153312930340693,-0.04212670266036211,20.41800778873704,615.4379079031315
5.349999999999992,-24.94438393196623,-0.013932946687374357,20.57849628909264,613.8335315785857,-20.12466104245332,-0.04240696800494877,20.546336386957854,612.6619859472526,-20.16523732484671,-0.04201079488832579,20.611371867364806,615.497974807831
5.3999999999999915,-24.931619250425005,-0.013973964636290187,20.77133762488272,613.8806131310982,-20.1185486672492,-0.042466944672567584,20.7388096770797,612.7033795735182,-20.17716171935273,-0.04189488711628947,20.804735945992572,615.5580417125304
5.449999999999991,-24.922330071738543,-0.014003965462531152,20.964208853971414,613.9287658666301,-20.116092265114723,-0.042491095328230775,20.931309274177412,612.7457022541798,-20.193313478715307,-0.04173890987516295,20.998138391705243,615.6200847717898
5.499999999999991,-24.913040893052084,-0.014033966288772116,21.157080083060105,613.976918602162,-20.113635862980242,-0.04251524598389396,21.123808871275127,612.7880249348414,-20.209465238077886,-0.04158293263403642,21.191540837417914,615.6821278310491
5.549999999999991,-24.907229910979865,-0.014052800507048564,21.349981929362265,614.0262449191365,-20.11482759200044,-0.042503526101760565,21.31633534564603,612.8312713090314,-20.22992291597841,-0.04138704631514516,21.384982881653354,615.7461978300423
5.599999999999991,-24.901418928907646,-0.014071634725325008,21.54288377566442,614.0755712361112,-20.11601932102064,-0.042491806219627164,21.50886182001694,612.8745176832215,-20.250380593878937,-0.04119115999625388,21.578424925888793,615.8102678290354
5.649999999999991,-24.899105386003463,-0.014079146683597525,21.735816990031125,614.1259820440255,-20.120880002636202,-0.04244406962360167,21.701415762111232,612.9187236840633,-20.275202509540687,-0.040955972409162544,21.771907884336727,615.8764267847397
5.69999999999999,-24.896791843099276,-0.01408665864187004,21.92875020439783,614.1763928519399,-20.125740684251767,-0.042396333027576165,21.89396970420552,612.9629296849049,-20.300024425202437,-0.0407207848220712,21.965390842784657,615.9425857404441
5.74999999999999,-24.898001859599095,-0.01408272872696499,22.121715398789508,614.227913402548,-20.134314695291224,-0.042312391293083236,22.086551729475424,613.0080969371136,-20.32930570365958,-0.040446813040612074,22.15891602481578,616.0108859879882
5.79999999999999,-24.899211876098914,-0.014078798812059937,22.31468059318119,614.2794339531561,-20.14288870633068,-0.04222844955859029,22.279133754745324,613.0532641893224,-20.358586982116723,-0.04017284125915294,22.3524412068469,616.0791862355323
5.84999999999999,-24.903962608661082,-0.014063390113991407,22.507678550181215,614.3321498397484,-20.155184886705715,-0.04210864797483107,22.471744455682703,613.0994079814883,-20.39243168171932,-0.03986078143198088,22.546009993917203,616.14972281088
5.89999999999999,-24.90871334122325,-0.014047981415922875,22.70067650718124,614.3848657263409,-20.16748106708075,-0.04198884639107183,22.664355156620083,613.1455517736542,-20.426276381321912,-0.03954872160480881,22.7395787809875,616.2202593862278
5.9499999999999895,-24.917071223575245,-0.014020955351805047,22.893707946309735,614.4387164038728,-20.18356956609508,-0.04183312664331869,22.856995167889377,613.1927103769606,-20.4647934872831,-0.039199499921408455,22.933192601893396,616.2930913086257
5.999999999999989,-24.925429105927243,-0.013993929287687217,23.086739385438236,614.4925670814048,-20.199658065109407,-0.04167740689556554,23.049635179158667,613.239868980267,-20.503310593244287,-0.038850278238008094,23.126806422799287,616.3659232310235
6.049999999999989,-24.937418645003998,-0.013955339778461619,23.279805013195432,614.547594373443,-20.219561545301676,-0.04148636786949144,23.24230514134473,613.288041708006,-20.546619648447766,-0.03846500342494449,23.32046673316253,616.4411560192317
6.099999999999989,-24.949408184080752,-0.01391675026923602,23.472870640952628,614.6026216654811,-20.239465025493946,-0.041295328843417335,23.434975103530792,613.336214435745,-20.58992870365125,-0.03807972861188088,23.51412704352577,616.5163888074399
6.149999999999989,-24.96509063147063,-0.013866598533164158,23.665971229415693,614.6588838779735,-20.26326403543078,-0.041069206811539444,23.627675650435112,613.385428182826,-20.63819214563299,-0.03765941462496831,23.707835404741562,616.594121005022
6.199999999999989,-24.98077307886051,-0.013816446797092296,23.859071817878753,614.715146090466,-20.28706304536761,-0.040843084779661545,23.820376197339428,613.434641929907,-20.686455587614727,-0.03723910063805573,23.90154376595735,616.671853202604
6.2499999999999885,-25.0002096092539,-0.01375479138055553,24.052208146817325,614.7726420946635,-20.314821283736247,-0.0405824877595539,24.013108003344005,613.4849352679337,-20.73979120480887,-0.036785443841155153,24.095301757480943,616.7521595460954
6.299999999999988,-25.019646139647296,-0.013693135964018763,24.2453444757559,614.8301380988612,-20.342579522104884,-0.04032189073944625,24.20583980934858,613.5352286059605,-20.793126822003018,-0.03633178704425456,24.289059749004533,616.8324658895868
6.349999999999988,-25.042902978372656,-0.013620084777211595,24.43851731582872,614.8889065563625,-20.374370776854633,-0.040027531953447264,24.39860355672541,613.5866166399353,-20.851735040823968,-0.03584607051602005,24.48286902614782,616.9154940648428
6.399999999999988,-25.06615981709802,-0.013547033590404422,24.631690155901538,614.9476750138637,-20.406162031604385,-0.03973317316744827,24.59136730410223,613.6380046739101,-20.91034325964492,-0.035360353987785524,24.67667830329111,616.9985222400991
6.449999999999988,-25.093326603658667,-0.013462689634197103,24.82490033546185,615.0077206918108,-20.44205561598573,-0.039406016230285404,24.784163686214818,613.6905119823049,-20.974393045812388,-0.034844438584167275,24.87054063109687,617.0844174115182
6.499999999999988,-25.120493390219313,-0.01337834567798978,25.018110515022165,615.067766369758,-20.477949200367075,-0.039078859293122534,24.976960068327404,613.7430192906995,-21.038442831979854,-0.03432852318054902,25.06440295890263,617.1703125829373
6.549999999999987,-25.151660023522158,-0.013282878791191948,25.211358810719275,615.1291241850129,-20.518069822362616,-0.03871957379652598,25.169789798333955,613.7966832587508,-21.10814919680898,-0.033784211850056284,25.258320175101723,617.2591747870626
6.599999999999987,-25.182826656825007,-0.013187411904394113,25.404607106416385,615.1904820002677,-20.558190444358154,-0.038360288299929414,25.362619528340506,613.8503472268022,-21.177855561638108,-0.03323990051956355,25.452237391300816,617.348036991188
6.649999999999987,-25.218077703570575,-0.01308107605063062,25.597894390481358,615.2532088347715,-20.60263966534404,-0.03796998388103086,25.555483346584204,613.905206931698,-21.253454259059747,-0.03266913623657918,25.64621138664564,617.4400386619583
6.699999999999987,-25.253328750316147,-0.012974740196867125,25.79118167454633,615.3159356692754,-20.64708888632993,-0.0375796794621323,25.7483471648279,613.9600666365938,-21.329052956481384,-0.032098371953594815,25.840185381990462,617.5320403327287
6.749999999999987,-25.29279550604673,-0.012857726216816141,25.98450879510842,615.3800168608219,-20.695979524363658,-0.03715958041609398,25.941245833572808,614.0161460519537,-21.410788022002567,-0.031503387654872365,26.03421821089876,617.6273651668077
6.7999999999999865,-25.332262261777313,-0.012740712236765154,26.177835915670514,615.4440980523686,-20.744870162397387,-0.03673948137005566,26.13414450231771,614.0722254673138,-21.49252308752375,-0.030908403356149906,26.22825103980706,617.7226900008869
6.849999999999986,-25.376050605135088,-0.01261335481447928,26.37120372653572,615.509581937829,-20.7983449826855,-0.0362907825627451,26.327078792033138,614.1295743724817,-21.580671772505863,-0.03029151431657614,26.422344823871263,617.8215046635364
6.899999999999986,-25.419838948492863,-0.012485997392193401,26.56457153740093,615.5750658232894,-20.851819802973615,-0.03584208375543454,26.52001308174856,614.1869232776495,-21.66882045748798,-0.029674625277002372,26.616438607935464,617.9203193261859
6.949999999999986,-25.468103979158126,-0.012348572170485678,26.75798094744042,615.6420332888941,-20.910028075810228,-0.0353661637083178,26.71298381725313,614.2455922138614,-21.763699965712142,-0.02903821047930919,26.810595611011063,618.022859701545
6.999999999999986,-25.516369009823386,-0.012211146948777951,26.951390357479912,615.7090007544988,-20.96823634864684,-0.03489024366120104,26.9059545527577,614.3042611500734,-21.85857947393631,-0.028401795681616004,27.004752614086655,618.1254000769042
7.049999999999986,-25.569248246926296,-0.012064058593186808,27.14484232214431,615.7774444907649,-21.031346617384074,-0.034388573324235824,27.098962568032725,614.3642847542976,-21.960521725739678,-0.027748490494535046,27.19897525418683,618.2318860272941
7.099999999999985,-25.622127484029207,-0.011916970237595663,27.33829428680871,615.8458882270311,-21.09445688612131,-0.0338869029872706,27.291970583307748,614.4243083585218,-22.062463977543047,-0.027095185307454084,27.393197894287006,618.3383719776841
7.149999999999985,-25.679796580309446,-0.011760611228094547,27.53178970578381,615.9158602853014,-21.162656431528664,-0.03336104226506622,27.485016746697944,614.4857623738342,-22.171836893918016,-0.026427745381133082,27.587488711554386,618.4490756851808
7.199999999999985,-25.73746567658969,-0.011604252218593429,27.725285124758916,615.9858323435717,-21.23085597693602,-0.03283518154286184,27.678062910088144,614.5472163891465,-22.281209810292992,-0.025760305454812078,27.78177952882176,618.5597793926776
7.249999999999985,-25.800115980714633,-0.011439028513337132,27.918825018905004,616.0574263322835,-21.304344705585013,-0.032286859819197745,27.871148150756383,614.6101524636473,-22.398419284830844,-0.02508160038139219,27.976141283303615,618.674982128304
7.299999999999985,-25.862766284839577,-0.011273804808080833,28.11236491305109,616.1290203209954,-21.377833434234006,-0.03173853809553365,28.064233391424626,614.673088538148,-22.5156287593687,-0.0244028953079723,28.170503037785465,618.7901848639307
7.3499999999999845,-25.930593843371565,-0.011100234333430528,28.305950299685783,616.2022227642285,-21.45683688130324,-0.03116955073552617,28.25735864261854,614.7375633742394,-22.64113023940405,-0.023715872468606396,28.36493862308001,618.9102076102218
7.399999999999984,-25.998421401903556,-0.01092666385878022,28.499535686320478,616.2754252074616,-21.535840328372473,-0.030600563375518683,28.450483893812457,614.8020382103307,-22.7666317194394,-0.023028849629240487,28.559374208374553,619.030230356513
7.449999999999984,-26.071661007077378,-0.010745247441693284,28.69316756936972,616.3502899720628,-21.62063024578516,-0.030012654705997264,28.643650155949263,614.8681393922949,-22.90091084013046,-0.02233666895725003,28.753886787887613,619.1554404402357
7.499999999999984,-26.144900612251202,-0.010563831024606346,28.886799452418963,616.425154736664,-21.70542016319785,-0.029424746036475838,28.836816418086062,614.9342405742592,-23.035189960821526,-0.02164448828525957,28.948399367400672,619.2806505239582
7.549999999999984,-26.223801645299936,-0.010375136070353702,29.08047891689145,616.5017417241949,-21.79626143336071,-0.028820003283626768,29.030024734475045,615.0020598345541,-23.178790137265835,-0.020950343726965442,29.142992296326888,619.4114209212913
7.599999999999984,-26.302702678348673,-0.010186441116101055,29.27415838136394,616.5783287117258,-21.887102703523567,-0.028215260530777695,29.223233050864025,615.069879094849,-23.322390313710144,-0.02025619916867132,29.337585225253104,619.5421913186243
7.6499999999999835,-26.387557834226996,-0.009991017377866812,29.467886506460133,616.6567555672597,-21.984318887484328,-0.02759567405171334,29.41648453719679,615.1395005224115,-23.475914502205843,-0.019563358567546686,29.532262135693987,619.678969801838
7.699999999999983,-26.47241299010532,-0.009795593639632566,29.66161463155633,616.7351824227934,-22.08153507144509,-0.026976087572648976,29.609736023529557,615.209121949974,-23.629438690701544,-0.018870517966422053,29.726939046134873,619.8157482850518
7.749999999999983,-26.563518731471817,-0.009594136874533152,29.85539265012209,616.8154928566449,-22.18547616774321,-0.02634380529379627,29.803031828784682,615.2806404715819,-23.793527133566368,-0.01818242619537907,29.921703855972304,619.9590442901975
7.799999999999983,-26.654624472838318,-0.009392680109433735,30.049170668687857,616.8958032904965,-22.289417264041337,-0.02571152301494356,29.996327634039808,615.3521589931898,-23.957615576431195,-0.017494334424336087,30.116468665809734,620.1023402953434
7.849999999999983,-26.752329762326582,-0.009185855709275628,30.24299971485165,616.9780721742515,-22.400481822188723,-0.02506871437864581,30.189668993197408,615.4257082556111,-24.132962135833292,-0.01681450250723141,30.311325647321436,620.2527415168051
7.899999999999983,-26.85003505181485,-0.008979031309117516,30.436828761015445,617.0603410580063,-22.51154638033611,-0.02442590574234806,30.383010352355,615.4992575180324,-24.30830869523539,-0.01613467059012674,30.50618262883314,620.4031427382666
7.949999999999982,-26.95473109254698,-0.008767501927913033,30.63071016170954,617.1446688140594,-22.630173603065085,-0.023774879745372113,30.576398582339127,615.5749742653195,-24.495651445429896,-0.01546670790425557,30.701136438419546,620.5612624313427
7.999999999999982,-27.059427133279108,-0.008555972546708547,30.824591562403636,617.2289965701126,-22.748800825794063,-0.023123853748396164,30.769786812323247,615.6506910126066,-24.682994195624406,-0.014798745218384405,30.89609024800595,620.7193821244186
8.049999999999983,-27.171548521694074,-0.008340487836653762,31.018526577950993,617.3153853160183,-22.875492686797795,-0.022466936915015955,30.96322331995167,615.7287233403944,-24.883112902772933,-0.014146304905301266,31.091145928584123,620.8859589739867
8.099999999999982,-27.28366991010904,-0.008125003126598985,31.212461593498347,617.4017740619241,-23.002184547801527,-0.02181002008163577,31.156659827580075,615.8067556681822,-25.083231609921455,-0.013493864592218158,31.286201609162287,621.0525358235548
8.14999999999998,-27.403705474432723,-0.007906336176764192,31.406451553492236,617.4903887163969,-23.13750976026067,-0.021149610933953,31.350146115879276,615.887269547655,-25.296905481399865,-0.012860691561675821,31.48136474539143,621.2284136889011
8.199999999999982,-27.523741038756413,-0.007687669226929388,31.600441513486125,617.5790033708695,-23.27283497271982,-0.020489201786270207,31.54363240417849,615.9677834271279,-25.51057935287829,-0.012227518531133469,31.676527881620583,621.4042915542474
8.249999999999982,-27.65221932068429,-0.007466654991500439,31.794487885492483,617.6698498773682,-23.417437703268565,-0.019827753969006243,31.737170088531816,616.0509668948943,-25.73855443847038,-0.011617431200798676,31.871804576842635,621.5904009514321
8.299999999999981,-27.780697602612165,-0.007245640756071498,31.988534257498838,617.7606963838667,-23.5620404338173,-0.019166306151742307,31.930707772885135,616.1341503626608,-25.966529524062473,-0.011007343870463916,32.06708127206468,621.7765103486167
8.34999999999998,-27.91824860823035,-0.007023081667276936,32.18263837857969,617.8539969473584,-23.716648762435064,-0.018506355326424175,32.12429859261283,616.2202360616204,-26.209443048057974,-0.010424199535291861,32.262478280259806,621.9739367457034
8.39999999999998,-28.055799613848546,-0.006800522578482366,32.37674249966055,617.9472975108501,-23.871257091052836,-0.01784640450110602,32.317889412340534,616.3063217605802,-26.452356572053485,-0.009841055200119799,32.457875288454936,622.17136314279
8.449999999999982,-28.203119591590358,-0.006577324737970786,32.57090611661285,618.0431812110654,-24.03671885444151,-0.0171904845561543,32.511535275173635,616.395593336242,-26.710633434034623,-0.00928871510095315,32.653400077004484,622.3813446528175
8.49999999999998,-28.35043956933217,-0.006354126897459214,32.76506973356514,618.1390649112807,-24.202180617830184,-0.016534564611202597,32.70518113800673,616.4848649119039,-26.96891029601576,-0.00873637500178653,32.84892486555402,622.5913261628449
8.54999999999998,-28.508307315563233,-0.0061312218189773435,32.95929434565728,618.2376314095461,-24.379474945236137,-0.01588529342892098,32.89888413970494,616.5775611709879,-27.242524471417887,-0.00821877423177378,33.04458574429686,622.8153135047631
8.59999999999998,-28.66617506179431,-0.005908316740495466,33.15351895774941,618.3361979078118,-24.5567692726421,-0.015236022246639346,33.09258714140314,616.6702574300721,-27.516138646820032,-0.007701173461761026,33.24024662303971,623.0393008466813
8.64999999999998,-28.835502228973617,-0.005686571693655681,33.347806437016445,618.4375881226348,-24.747024163007687,-0.014595945096955897,33.28634948979087,616.7667274328755,-27.804319160317576,-0.007222242556120631,33.4360528823844,623.278959286634
8.69999999999998,-29.004829396152925,-0.005464826646815904,33.54209391628347,618.5389783374578,-24.937279053373267,-0.013955867947272473,33.480111838178594,616.8631974356791,-28.092499673815112,-0.006743311650480269,33.63185914172907,623.5186177265864
8.749999999999979,-29.18664714709326,-0.0052452156919793325,33.736445939077214,618.6433548042043,-25.14183845309907,-0.01332761426001408,33.67393606765763,616.9638561769214,-28.393204515334943,-0.006306984536755558,33.82782118414965,623.7758919882996
8.79999999999998,-29.368464898033608,-0.005025604737142754,33.93079796187096,618.7477312709506,-25.346397852824882,-0.012699360572755669,33.86776029713668,617.0645149181636,-28.69390935685479,-0.0058706574230308495,34.023783226570224,624.0331662500128
8.84999999999998,-29.56395890241797,-0.004809152011427949,34.12521660447445,618.8553024935777,-25.56681409874063,-0.012085659196273978,34.06164913702921,617.1698102899162,-29.003066264993002,-0.005480907502022677,34.21991278628713,624.3103605768996
8.899999999999979,-29.759452906802327,-0.004592699285713153,34.31963524707793,618.9628737162049,-25.787230344656376,-0.011471957819792314,34.25553797692172,617.2751056616688,-29.312223173131212,-0.0050911575810145375,34.41604234600403,624.5875549037866
8.949999999999978,-29.969984486709905,-0.004380411914898866,34.51412244785678,619.0737119498207,-26.025390259700252,-0.010875426557715066,34.44949452446731,617.3855902323919,-29.622646792590086,-0.004751896432888018,34.612352721088996,624.8873372107352
8.999999999999979,-30.180516066617496,-0.004168124544084572,34.70860964863562,619.1845501834365,-26.263550174744143,-0.010278895295637804,34.6434510720129,617.4960748031151,-29.933070412048973,-0.0044126352847615085,34.808663096173966,625.1871195176838
9.04999999999998,-30.407681493922833,-0.003961030837897871,34.9031675746713,619.2988534127231,-26.521708830116108,-0.00970220494381071,34.837478750911714,617.6123595218181,-30.233126675477266,-0.004127766845497388,35.005169373448155,625.5126872294471
9.099999999999978,-30.63484692122817,-0.003753937131711178,35.097725500706964,619.4131566420098,-26.77986748548807,-0.009125514591983646,35.03150642981053,617.7286442405211,-30.53318293890554,-0.0038428984062333013,35.20167565072233,625.8382549412106
9.149999999999977,-30.880485429397257,-0.003553114307989479,35.29235633915997,619.531376629078,-27.060787025425046,-0.008571320309966874,35.22560910504331,617.8514268935335,-30.8055698434019,-0.003616312877964985,35.398395146259894,626.1933329018684
9.199999999999978,-31.126123937566366,-0.0033522914842677755,35.48698717761298,619.6495966161461,-27.341706565362042,-0.008017126027950091,35.4197117802761,617.9742095465458,-31.077956747898263,-0.0033897273496966856,35.595114641797466,626.5484108625265
9.249999999999979,-31.39238438642706,-0.003158797953964532,35.68169366326581,619.7719914435276,-27.648790446637296,-0.007488011598288698,35.61389375240719,618.1044506962701,-31.299624921097525,-0.0032252075294715438,35.79206712319671,626.9376218558308
9.299999999999978,-31.658644835287756,-0.002965304423661298,35.87640014891862,619.8943862709091,-27.95587432791255,-0.006958897168627335,35.80807572453828,618.2346918459943,-31.52129309429676,-0.0030606877092464345,35.989019604595946,627.3268328491351
9.349999999999977,-31.948026111798175,-0.0027802693533189315,36.071184793247845,620.020955277592,-28.293421110021,-0.006457680821683769,36.00234206562673,618.3735883678645,-31.666007903724644,-0.002961999161236562,36.18622819709242,627.7557244734743
9.399999999999977,-32.23740738830861,-0.002595234282976562,36.26596943757707,620.1475242842749,-28.63096789212948,-0.005956464474740199,36.196608406715185,618.5124848897347,-31.810722713152497,-0.002863310613226717,36.383436789588906,628.1846160978134
9.449999999999978,-32.552805758614646,-0.002419763097730862,36.46083497453453,620.278841750298,-29.00448015194163,-0.005485550608715642,36.39096492136336,618.6611914012873,-31.85540055080182,-0.002834122811443307,36.58092823209863,628.6597942857468
9.499999999999977,-32.86820412892068,-0.002244291912485173,36.65570051149197,620.4101592163212,-29.377992411753787,-0.0050146367426911155,36.58532143601153,618.8098979128399,-31.9000783884511,-0.0028049350096599306,36.77841967460835,629.1349724736803
9.549999999999976,-33.21295379433186,-0.0020795208087602043,36.850650174215815,620.5465014850012,-29.794673414599927,-0.004576636938995787,36.779774647213685,618.9699305529825,-31.833073684684486,-0.002848899996183893,36.976225393626564,629.6647180072264
9.599999999999977,-33.55770345974307,-0.0019147497050352345,37.04559983693966,620.6828437536811,-30.211354417446103,-0.004138637135300457,36.97422785841584,619.1299631931253,-31.766068980917815,-0.0028928649827078905,37.17403111264479,630.1944635407725
9.649999999999977,-33.93551074731986,-0.0017618415965311833,37.24063670664498,620.8246210130834,-30.68091040213759,-0.0037360865109566837,37.16878547601066,619.3032979773135,-31.592212756871813,-0.003013465696999339,37.37218825302511,630.7889916291144
9.699999999999976,-34.31331803489666,-0.0016089334880271431,37.43567357635029,620.9663982724854,-31.15046638682909,-0.003333535886612941,37.36334309360547,619.4766327615017,-31.418356532825772,-0.0031340664112908187,37.57034539340542,631.3835197174564
9.749999999999975,-34.72809315346419,-0.0014690333476161184,37.63080140163276,621.114157493664,-31.686384899991367,-0.002968936697036444,37.55801412372146,619.6656079852719,-31.156806582855662,-0.0033347307916525492,37.7688982184535,632.0556154568882
9.799999999999976,-35.14286827203174,-0.001329133207205095,37.825929226915235,621.2619167148425,-32.22230341315369,-0.0026043375074599516,37.75268515383746,619.854583209042,-30.895256632885506,-0.0035353951720143244,37.9674510435016,632.72771119632
9.849999999999977,-35.598124429714176,-0.001203424363246163,38.02115177633406,621.4159951927566,-32.84415053595174,-0.0022797463276608343,37.94748024470216,620.0623013429938,-30.571862202040137,-0.0038194028954919006,38.16645276429691,633.4935929508524
9.899999999999975,-36.05338058739661,-0.0010777155192872425,38.21637432575287,621.5700736706705,-33.4659976587498,-0.001955155147861748,38.142275335566865,620.2700194769458,-30.248467771194747,-0.0041034106189695085,38.36545448509223,634.259474705385
9.949999999999974,-36.550857438253594,-0.0009673724212272205,38.41169577176106,621.7310738486528,-34.20360162704498,-0.0016735382181210126,38.337207391988315,620.5002872414296,-29.888161361044716,-0.00447391994140569,38.56496974553774,635.1399545139712
9.999999999999975,-37.04833428911062,-0.0008570293231672022,38.607017217769254,621.8920740266352,-34.94120559534024,-0.0013919212883802881,38.532139448409765,620.7305550059136,-29.527854950894653,-0.004844429263841928,38.76448500598326,636.0204343225575
10.049999999999976,-37.58462657659136,-0.0007632393386720984,38.802442085978626,622.0607311399107,-35.843557358254195,-0.0011549749828942428,38.72722390228138,620.9880151041683,-29.150485965401387,-0.005304466740452988,38.9645931703379,637.0425879732628
10.099999999999975,-38.120918864072095,-0.000669449354177006,38.997866954187984,622.2293882531859,-36.7459091211682,-0.0009180286774082282,38.92230835615298,621.2454752024232,-28.773116979908128,-0.005764504217064074,39.16470133469252,638.064741623968
10.149999999999974,-38.68043880277292,-0.0005934072347783846,39.19340034097539,622.4064652602061,-37.9017531268297,-0.0007284161887141938,39.11756394647574,621.5368167340127,-28.392613140722656,-0.006316942867704803,39.365501071298,639.2643352846874
10.199999999999974,-39.23995874147378,-0.0005173651153797692,39.388933727762804,622.5835422672261,-39.057597132491374,-0.0005388037000201762,39.3128195367985,621.8281582656024,-28.01210930153717,-0.006869381518345596,39.566300807903474,640.4639289454069
10.249999999999975,-39.78153520764792,-0.00046025582734833623,39.58458111750192,622.7697908845757,-40.65356960429157,-0.0003982655696557116,39.508270101236235,622.1614498049057,-27.637380597597147,-0.007516758731616714,39.76791642611083,641.8892375761764
10.299999999999974,-40.32311167382203,-0.00040314653931691475,39.78022850724103,622.9560395019253,-42.24954207609193,-0.0002577274392912765,39.70372066567397,622.4947413442092,-27.26265189365714,-0.008164135944887857,39.96953204431817,643.3145462069459
10.349999999999973,-40.763199950550444,-0.00036615842723454483,39.97599594094364,623.152447859479,-44.789913913790556,-0.00016791326448417507,39.89939508249728,622.8795144345561,-26.898929411775036,-0.008909299328906297,40.17212287657305,645.0317786785752
10.399999999999974,-41.20328822727882,-0.0003291703151521844,40.171763374646254,623.3488562170327,-47.330285751489775,-7.809908967709749e-05,40.095069499320594,623.2642875249031,-26.535206929892926,-0.009654462712924814,40.37471370882794,646.7490111502046
10.449999999999974,-41.42050047964141,-0.0003134945397311879,40.36765757840666,623.5565130088763,-52.30404439139681,-3.6581266510192314e-05,40.291003583883914,623.7177613310951,-26.18528027175637,-0.010499521351578889,40.57848726500225,648.8513677650573
10.499999999999973,-41.63771273200388,-0.0002978187643102034,40.56355178216704,623.76416980072,-57.277803031304956,4.936556656685653e-06,40.48693766844721,624.171235137287,-25.83535361361983,-0.011344579990232985,40.78226082117655,650.9537243799099
10.549999999999972,-41.54048530322378,-0.0003046129909092082,40.75958016509034,623.9843782838263,-53.52499858687533,-1.324598130633493e-05,40.68318193726177,624.714339136296,-25.50047238101952,-0.012291812006094369,40.98749355267001,653.5768319096363
10.599999999999973,-41.44325787444351,-0.0003114072175082252,40.95560854801365,624.2045867669327,-49.77219414244092,-3.142851926938797e-05,40.879426206076346,625.2574431353049,-25.165591148419203,-0.01323904402195584,41.19272628416348,656.1999394393631
10.649999999999974,-41.05511746090816,-0.00034188928243691745,41.151779473915155,624.4388138833294,-46.60735015141994,-0.00011054929588836519,41.07604277525302,625.9158556271009,-24.846010399122445,-0.014290854074785536,41.39979613447577,659.546311928195
10.699999999999973,-40.666977047372654,-0.0003723713473656212,41.34795039981666,624.6730409997263,-43.4425061603994,-0.0001896700725073721,41.2726593444297,626.5742681188968,-24.526429649825705,-0.015342664127615249,41.60686598478806,662.8926844170272
10.749999999999972,-40.10230742289633,-0.00042768189643375623,41.54427312121521,624.9229678190507,-41.57896651205492,-0.00032639116002558977,41.46973099878316,627.3922784295605,-24.221876512380224,-0.01650001259822448,41.81630389197235,667.2797237240892
10.799999999999972,-39.537637798419894,-0.00048299244550190643,41.74059584261377,625.172894638375,-39.715426863711066,-0.00046311224754384307,41.66680265313663,628.2102887402243,-23.917323374934742,-0.017657361068833807,42.02574179915665,671.666763031152
10.849999999999973,-38.90778002620148,-0.000564277422801588,41.93708083581909,625.440497531718,-38.39944934712345,-0.0006556671046533014,41.86444716438633,629.2620651271956,-23.627216472059864,-0.018922372204043122,42.23832456565217,677.6187605839457
10.899999999999972,-38.27792225398304,-0.0006455624001012814,42.133565829024406,625.708100425061,-37.08347183053619,-0.0008482219617627846,42.06209167563602,630.3138415141669,-23.337109569185007,-0.020187383339252456,42.45090733214769,683.5707581367401
10.94999999999997,-37.64930626079791,-0.000753937823860575,42.33022483013649,625.9958394071539,-36.06618856994302,-0.0010989650599970099,42.260485031177694,631.6909168044875,-23.060720084657376,-0.02156184406498934,42.6678247400464,692.0151001535454
10.999999999999972,-37.02069026761275,-0.0008623132476198879,42.52688383124857,626.2835783892469,-35.04890530934998,-0.0013497081582312768,42.45887838671937,633.0679920948085,-22.78433060012974,-0.022936304790726336,42.884742147945126,700.4594421703524
11.049999999999972,-36.423102492265855,-0.0009989468399844697,42.723730407922815,626.5942135211392,-34.21899616773191,-0.0016731408488814743,42.65825338181528,634.9470270376358,-22.52087220289957,-0.024421503475429412,43.107936387578405,713.206873058542
11.099999999999971,-35.825514716919,-0.0011355804323490626,42.92057698459704,626.9048486530316,-33.38908702611397,-0.0019965735395317016,42.85762837691118,636.8260619804636,-22.25741380566942,-0.025906702160132498,43.331130627211685,725.9543039467335
11.14999999999997,-35.268864329932455,-0.0013015425849589026,43.117626341328446,627.2415239827325,-32.68825004343531,-0.0023661413791031404,43.058382997401736,639.5145940856926,-22.00607679244729,-0.027505327738309143,43.56406692920259,747.100519526543
11.19999999999997,-34.712213942945915,-0.0014675047375687655,43.314675698059844,627.5781993124334,-31.98741306075669,-0.0027357092186746186,43.259137617892314,642.2031261909223,-21.754739779225154,-0.029103953316485912,43.79700323119351,768.2467351063581
11.249999999999972,-34.19742358191434,-0.001663873762942261,43.51194535343105,627.944923176527,-31.380525709712046,-0.003138865542364147,43.4618911220725,646.2917967983076,-21.514832040196918,-0.030804374098906587,44.046770589033486,809.8473273444305
11.29999999999997,-33.68263322088282,-0.0018602427883157668,43.70921500880225,628.3116470406206,-30.773638358667473,-0.0035420218660536795,43.66464462625269,650.3804674056934,-21.2749243011687,-0.03250479488132726,44.296537946873464,851.4479195825129
11.34999999999997,-33.20705116090794,-0.0020880578560634124,43.90672520433258,628.7132050193969,-30.23919023133221,-0.0040864096652931834,43.87053722176049,657.1220075985353,-21.04560447388674,-0.0343244108651825,44.581751094848414,989.7549229847592
11.39999999999997,-32.73146910093306,-0.0023158729238110854,44.10423539986292,629.1147629981732,-29.70474210399697,-0.004630797464532792,44.07642981726831,663.8635477913791,-20.81628464660478,-0.03614402684903789,44.86696424282339,1128.061926387069
11.44999999999997,-32.29131335556734,-0.0025761785870177245,44.30200966787259,629.5568656781313,-29.226313609773428,-0.005182361820098839,44.287654990705995,676.6177829370905,-20.596944859091995,-0.03807246399847341,45.29053330699478,1094.3860524383424
11.49999999999997,-31.85115761020165,-0.0028364842502243744,44.499783935882235,629.9989683580894,-28.747885115549934,-0.00573392617566487,44.49888016414367,689.3720180828052,-20.37760507157922,-0.04000090114790893,45.714102371166256,1060.7101784895133
11.549999999999969,-31.44254219379224,-0.003130265712151419,44.697849694025166,630.4886156576347,-28.315931830110113,-0.006448386336696474,44.720800204225846,720.955378250609,-20.167589579878815,-0.04203649731215693,45.95699716786099,723.6446269712153
11.59999999999997,-31.033926777382828,-0.003424047174078495,44.89591545216809,630.9782629571799,-27.883978544670303,-0.007162846497728203,44.942720244308035,752.5387384184252,-19.957574088178408,-0.044072093476405075,46.199891964555626,386.57907545272207
11.64999999999997,-30.653260130711832,-0.003752269912224435,45.09430502912139,631.5240312394684,-27.489648977593102,-0.0078222160890821,45.19363423865725,876.4821031910193,-19.756213185280206,-0.0462594286284862,46.19989196455577,193.28953772637254
11.699999999999969,-30.272593484040865,-0.004080492650370384,45.29269460607468,632.069799521757,-27.095319410515934,-0.008481585680435938,45.444548233006486,1000.4254679636648,-19.554852282382015,-0.04844676378056734,46.199891964555775,1.1671709350647528e-10
11.749999999999968,-29.916694316273773,-0.004444009975527172,45.49144619686809,632.6827800654854,-26.733155952151808,-0.0092562082797708,45.82222009878097,800.754455505804,-19.36175875243534,-0.05072376359279039,46.199891964555775,0.0
11.799999999999969,-29.560795148506685,-0.004807527300683994,45.690197787661496,633.2957606092141,-26.370992493787686,-0.010030830879105758,46.19989196455553,601.0834430477408,-19.16866522248866,-0.053000763405013585,46.19989196455577,0.0
11.84999999999997,-29.226897532025255,-0.005207455439880524,45.889357658683984,633.9892958234124,-26.036183465816606,-0.010866426187187146,46.199891964555775,300.5417215239935,-18.983360527024608,-0.05532651230577722,46.19989196455577,7.7441107833832e-12
11.899999999999968,-28.89299991554385,-0.005607383579077064,46.088517529706465,634.6828310376108,-25.70137443784555,-0.011702021495268543,46.199891964555775,1.9226450497038003e-10,-18.798055831560568,-0.0576522612065408,46.199891964555775,1.548822156677108e-11
11.949999999999967,-28.578733692921684,-0.006043982600000084,46.28814064255345,635.4739792053712,-25.390236378157653,-0.012588219582392219,46.199891964555775,3.872055391691462e-12,-18.619927905671553,-0.060159386091221796,46.199891964555775,1.1616166175084567e-11
11.999999999999968,-28.264467470299522,-0.006480581620923144,46.48776375540043,636.2651273731317,-25.079098318469754,-0.013474417669515957,46.199891964555775,7.74411078338554e-12,-18.441799979782537,-0.062666510975903,46.19989196455578,7.74411078339049e-12
12.049999999999969,-27.96778093928816,-0.006955482806706432,46.687917812531616,637.1765687555026,-24.788721650513107,-0.014556867798110829,46.199891964555775,108.78084225628267,-18.270584519365904,-0.06524834327561943,46.19989196455578,1.1616166175079617e-11
12.099999999999968,-27.671094408276822,-0.007430383992489728,46.88807186966279,638.0880101378734,-24.498344982556482,-0.01563931792670579,46.19989196455578,217.56168451262326,-18.099369058949282,-0.06783017557533581,46.19989196455579,1.5488221566773554e-11
12.149999999999967,-27.390233838735096,-0.007944018882986596,47.08884033353018,639.1488349926543,-24.225573933148095,-0.015958961350632205,46.336590002509226,483.7747743887113,-17.934633009240567,-0.07051447137482446,46.199891964555796,2.3232332350158952e-11
12.199999999999967,-27.109373269193373,-0.008457653773483509,47.28960879739758,640.2096598474353,-23.95280288373971,-0.016278604774558145,46.47328804046277,749.9878642649095,-17.769896959531856,-0.07319876717431326,46.1998919645558,3.097644313354711e-11
12.249999999999968,-26.84282116804944,-0.009010757402951044,47.49109592635697,641.4587924126249,-23.697588203873075,-0.017877545442061084,46.80782127544044,829.8084229487173,-17.61155755598773,-0.07581077096136526,46.19989196455581,158.57416545147103
12.299999999999967,-26.576269066905528,-0.009563861032418585,47.69258305531635,642.7079249778146,-23.442373524006463,-0.019476486109564786,47.14235451041822,909.6289816324032,-17.45321815244362,-0.07842277474841713,46.199891964555825,317.14833090300687
12.349999999999966,-26.32271226745058,-0.010157099993684157,47.894921225459804,644.1981722142835,-23.20128642041027,-0.0207273004108856,47.37935802067827,816.6787295359541,-17.299748719346702,-0.08176109493499069,46.39916213784837,675.6869654719857
12.399999999999967,-26.069155467995635,-0.010750338954949777,48.09725939560327,645.6884194507527,-22.960199316814077,-0.021978114712206228,47.616361530938256,723.7284774393851,-17.146279286249783,-0.08509941512156487,46.59843231114106,1034.2256000411123
12.449999999999967,-25.827453381662934,-0.011384285259777893,48.30061922447071,647.4934091350149,-22.73224698651436,-0.02321807443465136,47.83409003426171,701.9383555786616,-16.999388485396324,-0.08786068557207366,47.048985247297104,1105.8265769268448
12.499999999999966,-25.585751295330248,-0.012018231564606014,48.50397905333815,649.2983988192774,-22.504294656214665,-0.02445803415709644,48.05181853758515,680.1482337179868,-16.852497684542872,-0.09062195602258197,47.49953818345329,1177.4275538123813
12.549999999999965,-25.354908987243146,-0.012694069556854117,48.70858544041435,651.5232238876571,-22.288349720498235,-0.025741573581991927,48.2614397731418,670.2944236666335,-16.710509271335614,-0.09369737020957598,47.788784797935456,1019.4419198125148
12.599999999999966,-25.12406667915604,-0.013369907549102271,48.91319182749057,653.7480489560372,-22.072404784781803,-0.02702511300688749,48.47106100869845,660.440613615288,-16.568520858128352,-0.09677278439657033,48.07803141241753,861.4562858124877
12.649999999999967,-24.90321909797716,-0.014092766410559822,49.11934745399415,656.5451991742049,-21.867452351617366,-0.028369545554251814,48.676406849115025,655.0120437426559,-16.431531775203037,-0.09995762631611033,48.33005374571488,818.0583359630626
12.699999999999966,-24.682371516798298,-0.014815625272017378,49.325503080497725,659.3423493923731,-21.662499918452944,-0.029713978101616127,48.8817526895316,649.583473870027,-16.294542692277734,-0.10314246823565028,48.58207607901219,774.6603861137163
12.749999999999964,-24.470761849992975,-0.015577919461953575,49.53362447020448,662.9428631727785,-21.467634827368556,-0.031116896538280203,49.0845521829957,646.2541169985597,-16.162326262915524,-0.10642684240031687,48.81678722132324,753.0211331690475
12.799999999999965,-24.25915218318765,-0.016340213651889826,49.741745859911255,666.5433769531846,-21.272769736284168,-0.03251981497494436,49.28735167645981,642.9247601270936,-16.03010983355331,-0.10971121656498366,49.05149836363428,731.3818802243927
12.849999999999966,-24.056049825461397,-0.017142734039411956,49.9524260254715,671.3209285732789,-21.087202081633716,-0.03397625325462102,49.488513723640956,640.7377512503216,-15.902479106080362,-0.1130764894402077,49.27632800969957,718.5134605200286
12.899999999999965,-23.85294746773516,-0.017945254426934086,50.16310619103174,676.0984801933739,-20.901634426983275,-0.03543269153429765,49.6896757708221,638.5507423735506,-15.77484837860742,-0.1164417623154317,49.50115765576484,705.6450408156711
12.949999999999964,-23.657754626014277,-0.01878163396989807,50.377231229167236,682.6879949960876,-20.724674841470677,-0.03694342480693862,49.88972698787796,637.043224623779,-15.651598532025282,-0.11989056193328568,49.719697864953275,697.2289273837528
12.999999999999964,-23.462561784293392,-0.01961801351286211,50.59135626730274,689.2775097988027,-20.547715255958078,-0.038454158079579685,50.08977820493383,635.5357068740078,-15.528348685443142,-0.12333936155113984,49.93823807414171,688.8128139518373
13.049999999999965,-23.274759052352795,-0.02050657545843905,50.810317061380964,698.8335609297156,-20.37876435162439,-0.040017179507777154,50.28904584943984,634.4600297920124,-15.409293059547139,-0.12686763502677506,50.1524917201552,682.9621902558687
13.099999999999964,-23.086956320412213,-0.021395137404015996,51.02927785545917,708.3896120606304,-20.209813447290713,-0.0415802009359746,50.48831349394584,633.3843527100173,-15.290237433651145,-0.13039590850241023,50.36674536616868,677.1115665599023
13.149999999999963,-22.90606229150096,-0.022326928167420552,51.25541138160675,723.2769801458786,-20.04833662060097,-0.04319313554313251,50.68701297531433,632.5975817599365,-15.175210386641348,-0.13399968501451012,50.577933464788245,672.8649473240256
13.199999999999964,-22.7251682625897,-0.02325871893082517,51.48154490775434,738.1643482311314,-19.886859793911224,-0.04480607015029051,50.88571245668283,631.8108108098558,-15.060183339631552,-0.1376034615266102,50.78912156340782,668.61832808815
13.249999999999964,-22.550721887849463,-0.024247765525469693,51.71921372031572,764.1854933139275,-19.732378619537403,-0.04646707885260043,51.08399141565411,631.2250460314415,-14.949026700808298,-0.14127805975109187,50.99803875030369,665.4359511309708
13.299999999999963,-22.37627551310924,-0.025236812120114218,51.956882532877096,790.2066383967308,-19.577897445163593,-0.04812808755491032,51.282270374625384,630.6392812530274,-14.837870061985054,-0.14495265797557347,51.20695593719957,662.2535741737926
13.349999999999962,-22.207905122343572,-0.02623706214101395,52.215715194316715,847.593425648366,-19.429977740009043,-0.04983422885992679,51.480233762264035,630.1978909772905,-14.730438779022164,-0.14869341377224166,51.41414494299128,659.8093665776798
13.399999999999963,-22.039534731577906,-0.02723731216191372,52.47454785575636,904.9802129000267,-19.282058034854494,-0.05154037016494335,51.67819714990269,629.7565007015537,-14.623007496059271,-0.15243416956891,51.621333948783,657.3651589815674
13.449999999999964,-21.87691818780206,-0.028273969848802784,52.78433103201489,1125.2550499912215,-19.140322596198803,-0.05328964577558394,51.875921441494924,629.4216455982436,-14.519161896557158,-0.1562372712638189,51.82717965382776,655.451351630896
13.499999999999963,-21.71430164402623,-0.029310627535691837,53.09411420827344,1345.5298870825304,-18.998587157543124,-0.05503892138622451,52.07364573308715,629.0867904949333,-14.41531629705505,-0.1600403729587277,52.03302535887251,653.5375442802251
13.549999999999962,-21.557027672370552,-0.030478135837064907,53.629752393703605,1099.012268141601,-18.86269127238914,-0.05682829478735095,52.27118832939277,628.8325238027027,-14.314929352066212,-0.16390059932358175,52.23780940341893,652.0159209626617
13.599999999999962,-21.39975370071487,-0.03164564413843812,54.16539057913395,852.4946492003147,-18.726795387235153,-0.05861766818847748,52.4687309256984,628.5782571104721,-14.214542407077372,-0.167760825688436,52.44259344796536,650.4942976450983
13.649999999999963,-21.247724399283914,-0.03265665279774473,54.16539057913435,426.2473246003803,-18.596428786446644,-0.060444218172940385,52.66613569634168,628.3860484994136,-14.117493629872898,-0.1716732290910719,52.64652702475571,649.2695815171255
13.699999999999962,-21.095695097852964,-0.0336676614570512,54.16539057913436,3.270946731861151e-10,-18.466062185658142,-0.06227076815740326,52.86354046698495,628.1938398883552,-14.020444852668431,-0.17558563249370773,52.85046060154607,648.0448653891531
13.749999999999961,-20.948341736970875,-0.035004086020156075,54.16539057913436,7.09604866136462e-24,-18.340940712673653,-0.06413164055626254,53.060841526826394,628.0504354985553,-13.926621989934635,-0.1795450771472192,53.05370562241633,647.0495992760641
13.799999999999962,-20.80098837608878,-0.03634051058326125,54.16539057913436,-9.079302297758163e-12,-18.215819239689164,-0.06599251295512192,53.25814258666784,627.9070311087555,-13.832799127200836,-0.18350452180073085,53.25695064328661,646.0543331629752
13.849999999999962,-20.658281654382975,-0.03747281142305754,54.16539057913435,-6.934141761093054e-24,-18.095683923839015,-0.06788479148262314,53.45536715004013,627.8022778723898,-13.742095579013238,-0.18750577257345452,53.459633531793266,645.239422244395
13.899999999999961,-20.515574932677175,-0.03860511226285364,54.165390579134346,9.079302297758163e-12,-17.975548607988877,-0.06977707001012431,53.652591713412406,627.6975246360242,-13.651392030825644,-0.19150702334617806,53.66231642029992,644.4245113258148
13.94999999999996,-20.37728777919399,-0.04006663338937824,54.16539057913435,1.588877902108376e-11,-17.860168438546182,-0.07169723723048949,53.849761136454724,627.6278461747651,-13.563708867976256,-0.19554467386901905,53.86453739390814,643.7710891986933
13.999999999999961,-20.239000625710794,-0.04152815451590315,54.16539057913437,2.269825574440783e-11,-17.744788269103484,-0.07361740445085474,54.04693055949705,627.5581677135061,-13.476025705126869,-0.1995823243918602,54.06675836751636,643.117667071572
14.049999999999962,-20.1067999117694,-0.042807583297973746,54.16539057913437,1.7023691808314194e-11,-17.636116463004658,-0.07557320741710079,54.244051352229114,627.5234849984588,-13.39268778438329,-0.2036635148441208,54.26844054177969,642.622140743832
14.09999999999996,-19.974599197828017,-0.044087012080044154,54.16539057913437,1.134912787221101e-11,-17.52744465690584,-0.0775290103833468,54.44117214496118,627.4888022834115,-13.309349863639717,-0.20774470529638125,54.470122716043015,642.1266144160923
14.14999999999996,-19.842398483886633,-0.04536644086211456,54.16539057913437,5.674563936107826e-12,-17.41877285080702,-0.07948481334959281,54.63829293769324,627.4541195683643,-13.226011942896143,-0.21182589574864175,54.67180489030635,641.6310880883524
14.19999999999996,-19.710197769945243,-0.04664586964418502,54.16539057913437,4.435900880558649e-24,-17.310101044708198,-0.08144061631583889,54.8354137304253,627.4194368533169,-13.142674022152569,-0.21590708620090235,54.87348706456968,641.1355617606127
14.249999999999961,-19.58566210298949,-0.047997735652083685,54.16539057913437,163.22032711035578,-17.209756991839285,-0.08343242585593168,55.03251219640081,627.4168204657653,-13.064847480492627,-0.2200274364728718,55.074642244462815,640.783047559565
14.29999999999996,-19.461126436033748,-0.04934960165998236,54.16539057913437,326.4406542208333,-17.109412938970383,-0.08542423539602442,55.2296106623763,627.4142040782137,-12.987020938832694,-0.22414778674484112,55.27579742435593,640.4305333585176
14.349999999999959,-19.336590769078004,-0.050701467667881035,54.16539057913437,489.66098133131084,-17.009068886101478,-0.08741604493611717,55.4267091283518,627.4115876906621,-12.90919439717276,-0.22826813701681045,55.47695260424906,640.0780191574701
14.39999999999996,-19.21205510212226,-0.05205333367577976,54.16539057913437,652.8813084417942,-16.908724833232572,-0.08940785447621,55.6238075943273,627.4089713031105,-12.831367855512823,-0.23238848728877992,55.678107784142185,639.7255049564226
14.44999999999996,-19.094468596287978,-0.053656965770998044,54.57560800358749,752.9451469376356,-16.816065037317042,-0.09142169927484284,55.82092181136024,627.4325856474343,-12.758745824164452,-0.2365247072438366,55.878903993586086,639.4878138110963
14.49999999999996,-18.97688209045371,-0.055260597866216475,54.98582542804093,853.0089854334217,-16.723405241401522,-0.09343554407347561,56.01803602839317,627.4561999917579,-12.686123792816087,-0.24066092719889312,56.07970020302997,639.2501226657702
14.549999999999958,-18.859295584619442,-0.056864229961434906,55.396042852494375,953.072823929208,-16.630745445486003,-0.0954493888721084,56.2151502454261,627.4798143360816,-12.613501761467724,-0.24479714715394965,56.28049641247387,639.0124315204441
14.599999999999959,-18.741709078785167,-0.05846786205665339,55.80626027694784,1053.1366624249977,-16.538085649570476,-0.09746323367074125,56.41226446245904,627.5034286804054,-12.540879730119356,-0.24893336710900632,56.48129262191777,638.774740375118
14.64999999999996,-18.630573081630423,-0.060047866234869914,56.05774813287466,979.2531360908569,-16.452561967753965,-0.09948460142655642,56.609422277755066,627.5464608499123,-12.473187438944306,-0.2530617455065271,56.681850418806114,638.6205811721169
14.699999999999958,-18.51943708447569,-0.061627870413086365,56.30923598880135,905.3696097565767,-16.36703828593746,-0.10150596918237152,56.806580093051075,627.5894930194194,-12.405495147769262,-0.2571901239040477,56.882408215694454,638.4664219691159
14.749999999999957,-18.408301087320957,-0.06320787459130281,56.56072384472803,831.4860834222964,-16.281514604120957,-0.10352733693818662,57.0037379083471,627.6325251889264,-12.33780285659422,-0.26131850230156833,57.08296601258279,638.3122627661149
14.799999999999958,-18.29716509016622,-0.06478787876951932,56.81221170065472,757.6025570880133,-16.195990922304453,-0.1055487046940018,57.200895723643114,627.6755573584334,-12.270110565419172,-0.2654468806990891,57.28352380947114,638.158103563114
14.849999999999959,-18.19203248063282,-0.06644328657559191,57.03673957026572,742.797865674512,-16.11713277383284,-0.107562736433169,57.39811809231413,627.733581135921,-12.207101401361157,-0.26954344527052243,57.48393257457933,638.066664669198
14.899999999999958,-18.086899871099433,-0.06809869438166452,57.2612674398767,727.9931742610615,-16.038274625361236,-0.10957676817233615,57.59534046098513,627.7916049134086,-12.144092237303148,-0.27364000984195563,57.68434133968752,637.9752257752821
14.949999999999957,-17.98176726156604,-0.06975410218773713,57.48579530948768,713.188482847611,-15.959416476889633,-0.11159079991150328,57.792562829656134,627.8496286908962,-12.08108307324514,-0.27773657441338884,57.88475010479571,637.8837868813662
14.999999999999957,-17.87663465203265,-0.0714095099938098,57.71032317909866,698.38379143416,-15.880558328418026,-0.11360483165067049,57.98978519832714,627.9076524683841,-12.018073909187128,-0.28183313898482215,58.0851588699039,637.7923479874503
15.049999999999958,-17.777071060274125,-0.07313767020481851,57.92460278719883,692.2626916247124,-15.80795729526891,-0.11559663502875028,58.187088843281636,627.9775595428259,-11.959525511433863,-0.2858738861222563,58.285486855786345,637.7493572183912
15.099999999999957,-17.677507468515607,-0.07486583041582723,58.13888239529899,686.1415918152724,-15.7353562621198,-0.11758843840682999,58.38439248823613,628.0474666172678,-11.900977113680604,-0.28991463325969025,58.485814841668784,637.7063664493322
15.149999999999956,-17.57794387675709,-0.07659399062683594,58.35316200339915,680.0204920058324,-15.662755228970692,-0.1195802417849097,58.58169613319061,628.1173736917096,-11.842428715927342,-0.2939553803971242,58.68614282755122,637.6633756802732
15.199999999999957,-17.47838028499857,-0.07832215083784473,58.56744161149932,673.8993921963922,-15.590154195821581,-0.12157204516298947,58.778999778145106,628.1872807661516,-11.78388031817408,-0.29799612753455834,58.88647081343367,637.6203849112142
15.249999999999957,-17.384034033952243,-0.08011703252037354,58.776585479355724,670.6840911569265,-15.523457576784356,-0.12352656535561443,58.976397842457324,628.2667230477084,-11.729592261883928,-0.30195718549856243,59.086771530954465,637.6157711053629
15.299999999999956,-17.289687782905926,-0.08191191420290234,58.985729347212114,667.4687901174634,-15.45676095774714,-0.1254810855482393,59.17379590676952,628.3461653292652,-11.67530420559378,-0.3059182434625663,59.28707224847525,637.6111572995117
15.349999999999955,-17.195341531859608,-0.08370679588543113,59.194873215068505,664.2534890780004,-15.390064338709921,-0.12743560574086416,59.37119397108172,628.4256076108221,-11.621016149303632,-0.3098793014265702,59.48737296599603,637.6065434936604
15.399999999999956,-17.100995280813287,-0.08550167756796,59.4040170829249,661.0381880385371,-15.323367719672701,-0.1293901259334891,59.568592035393934,628.5050498923788,-11.566728093013483,-0.31384035939057425,59.68767368351682,637.6019296878092
15.449999999999957,-17.011549907310766,-0.0873565275069182,59.61021575812534,659.1388754661765,-15.262267424669295,-0.13129253123804682,59.766095340578914,628.5924809345847,-11.516519477301193,-0.3176982010507029,59.88799007364041,637.6285900261188
15.499999999999956,-16.922104533808255,-0.08921137744587639,59.816414433325775,657.2395628938172,-15.201167129665896,-0.13319493654260445,59.96359864576391,628.6799119767905,-11.466310861588909,-0.3215560427108314,60.08830646376399,637.6552503644283
15.549999999999955,-16.832659160305745,-0.09106622738483458,60.02261310852621,655.3402503214578,-15.140066834662495,-0.13509734184716204,60.1611019509489,628.7673430189966,-11.416102245876624,-0.3254138843709598,60.28862285388759,637.6819107027379
15.599999999999955,-16.74321378680323,-0.09292107732379283,60.228811783726655,653.4409377490985,-15.078966539659094,-0.13699974715171973,60.35860525613389,628.8547740612024,-11.365893630164338,-0.3292717260310884,60.48893924401117,637.7085710410475
15.649999999999956,-16.65838709528615,-0.09483062697168082,60.43318215844369,652.2388626341484,-15.023181530292703,-0.13883583084681403,60.556223058622,628.9490641704224,-11.319600360761273,-0.33300331068751027,60.68930696627035,637.7612920591583
15.699999999999955,-16.57356040376908,-0.09674017661956877,60.63755253316073,651.0367875191989,-14.967396520926318,-0.1406719145419082,60.75384086111011,629.0433542796424,-11.27330709135821,-0.33673489534393186,60.889674688529524,637.8140130772694
15.749999999999954,-16.488733712252003,-0.09864972626745673,60.841922907877766,649.8347124042496,-14.911611511559935,-0.14250799823700236,60.951458663598224,629.1376443888623,-11.22701382195515,-0.34046648000035346,61.090042410788676,637.8667340953803
15.799999999999955,-16.403907020734927,-0.10055927591534476,61.04629328259481,648.6326372893001,-14.85582650219355,-0.1443440819320966,61.14907646608635,629.2319344980823,-11.180720552552087,-0.34419806465677516,61.29041013304786,637.9194551134913
15.849999999999955,-16.323448638113398,-0.10251722742230969,61.2494708135151,647.8388845852305,-14.805136911174387,-0.14609916865327066,61.346816748162894,629.3321869243131,-11.13819500232344,-0.3477810284663812,61.490859025541994,637.994350930838
15.899999999999954,-16.242990255491875,-0.1044751789292746,61.45264834443538,647.0451318811614,-14.75444732015523,-0.1478542553744446,61.544557030239424,629.4324393505439,-11.0956694520948,-0.3513639922759869,61.69130791803613,638.0692467481848
15.949999999999953,-16.162531872870353,-0.10643313043623952,61.65582587535566,646.2513791770923,-14.703757729136074,-0.14960934209561855,61.742297312315955,629.5326917767745,-11.053143901866159,-0.3549469560855927,61.89175681053026,638.1441425655316
15.999999999999954,-16.082073490248828,-0.1083910819432045,61.859003406275946,645.4576264730231,-14.653068138116915,-0.15136442881679255,61.9400375943925,629.6329442030053,-11.010618351637516,-0.35852991989519856,62.09220570302441,638.2190383828785
16.049999999999955,-16.005758403955635,-0.11039086539937858,62.06137886286191,644.9207488431028,-14.607269994471935,-0.153024794094956,62.13790735870923,629.7385629797774,-10.971726361152195,-0.3619429138456613,62.29276165900324,638.3133808899553
16.09999999999995,-15.929443317662452,-0.11239064885555256,62.26375431944784,644.3838712131828,-14.561471850826962,-0.15468515937311927,62.33577712302593,629.8441817565495,-10.932834370666878,-0.3653559077961236,62.49331761498204,638.4077233970321
16.149999999999952,-15.853128231369263,-0.11439043231172669,62.46612977603379,643.8469935832627,-14.515673707181985,-0.15634552465128265,62.53364688734264,629.9498005333213,-10.893942380181558,-0.36876890174658616,62.69387357096086,638.5020659041087
16.199999999999953,-15.776813145076074,-0.1163902157679008,62.66850523261974,643.3101159533427,-14.469875563537009,-0.15800588992944606,62.73151665165937,630.0554193100934,-10.855050389696238,-0.3721818956970487,62.89442952693969,638.5964084111855
16.249999999999954,-15.704439495195667,-0.11842487445105312,62.870333442885595,642.9439373613387,-14.428791941865823,-0.15955839604054195,62.929522382674456,630.165963711132,-10.819671643223177,-0.37540442084473197,63.09511552801555,638.7081164488891
16.299999999999955,-15.632065845315264,-0.12045953313420549,63.072161653151454,642.5777587693351,-14.387708320194642,-0.16111090215163776,63.12752811368954,630.2765081121706,-10.78429289675012,-0.37862694599241503,63.295801529091406,638.8198244865928
16.34999999999995,-15.559692195434865,-0.12249419181735771,63.2739898634173,642.2115801773315,-14.346624698523463,-0.16266340826273346,63.325533844704616,630.3870525132093,-10.748914150277065,-0.38184947114009793,63.496487530167265,638.9315325242962
16.399999999999952,-15.487318545554462,-0.12452885050051007,63.475818073683165,641.8454015853277,-14.30554107685228,-0.16421591437382926,63.5235395757197,630.4975969142479,-10.713535403804006,-0.385071996287781,63.697173531243116,639.0432405619998
16.449999999999953,-15.418703482645494,-0.12659107423201962,63.67727322308947,641.5975286282596,-14.269018543506428,-0.16564823084126185,63.72168716841898,630.6126519481203,-10.681561130716796,-0.38808477801799807,63.898010240142426,639.1708762933503
16.49999999999995,-15.350088419736535,-0.12865329796352906,63.87872837249578,641.3496556711917,-14.232496010160581,-0.16708054730869423,63.919834761118246,630.7277069819927,-10.64958685762959,-0.3910975597482147,64.0988469490417,639.2985120247006
16.54999999999995,-15.28147335682757,-0.13071552169503867,64.08018352190209,641.1017827141237,-14.195973476814732,-0.1685128637761267,64.11798235381754,630.8427620158651,-10.617612584542384,-0.39411034147843155,64.29968365794102,639.426147756051
16.59999999999995,-15.212858293918606,-0.13277774542654824,64.28163867130841,640.8539097570557,-14.159450943468883,-0.16994518024355917,64.31612994651681,630.9578170497375,-10.585638311455176,-0.3971231232086484,64.50052036684032,639.5537834874013
16.649999999999952,-15.14783796706397,-0.1348599281807568,64.48284390888551,640.6910579849665,-14.127357654576272,-0.17124582666168456,64.51442484237124,631.0771498677326,-10.556970842088365,-0.3999082259315752,64.70152715149693,639.6964341406838
16.699999999999953,-15.082817640209335,-0.1369421109349654,64.68404914646261,640.5282062128772,-14.095264365683665,-0.17254647307980983,64.71271973822567,631.1964826857277,-10.528303372721558,-0.4026933286545018,64.90253393615355,639.8390847939663
16.74999999999995,-15.017797313354704,-0.1390242936891738,64.8852543840397,640.365354440788,-14.063171076791061,-0.17384711949793502,64.91101463408008,631.3158155037228,-10.499635903354752,-0.40547843137742823,65.10354072081014,639.9817354472488
16.79999999999995,-14.95277698650007,-0.14110647644338237,65.0864596216168,640.2025026686988,-14.031077787898454,-0.17514776591606027,65.1093095299345,631.4351483217179,-10.470968433987945,-0.4082635341003548,65.30454750546677,640.1243861005312
16.84999999999995,-14.891193794552708,-0.14320098462392772,65.28750547987846,640.102873298143,-14.003301254976243,-0.1763062370999465,65.30775703871727,631.5586406361164,-10.445520777061247,-0.4108044204844241,65.50574273456158,640.2814555739585
16.89999999999995,-14.829610602605353,-0.1452954928044729,65.4885513381401,640.0032439275872,-13.97552472205404,-0.1774647082838325,65.5062045475,631.6821329505148,-10.420073120134555,-0.41334530686849297,65.70693796365637,640.4385250473857
16.94999999999995,-14.768027410657995,-0.14739000098501825,65.68959719640176,639.9036145570315,-13.947748189131834,-0.1786231794677186,65.70465205628277,631.8056252649134,-10.394625463207861,-0.41588619325256204,65.9081331927512,640.595594520813
16.99999999999995,-14.706444218710635,-0.1494845091655636,65.89064305466343,639.8039851864756,-13.91997165620963,-0.17978165065160467,65.90309956506553,631.9291175793119,-10.369177806281167,-0.41842707963663106,66.109328421846,640.7526639942405
17.04999999999995,-14.64816124461024,-0.15158312276952748,66.09159789632163,639.7523483529859,-13.896417200482974,-0.18078851026475762,66.10170483095811,632.0566548086582,-10.346872700149042,-0.4207087583893399,66.31072996514567,640.9239172409405
17.09999999999995,-14.589878270509844,-0.15368173637349136,66.29255273797983,639.7007115194962,-13.872862744756326,-0.1817953698779104,66.30031009685068,632.1841920380044,-10.324567594016921,-0.4229904371420485,66.51213150844535,641.0951704876405
17.14999999999995,-14.531595296409456,-0.1557803499774551,66.49350757963803,639.6490746860067,-13.849308289029677,-0.1828022294910631,66.49891536274325,632.3117292673508,-10.3022624878848,-0.4252721158947569,66.71353305174502,641.2664237343406
17.19999999999995,-14.473312322309063,-0.157878963581419,66.69446242129624,639.5974378525169,-13.825753833303027,-0.18380908910421587,66.69752062863583,632.4392664966971,-10.279957381752677,-0.42755379464746546,66.9149345950447,641.4376769810407
17.24999999999995,-14.418212912397314,-0.15997349131665728,66.8953785020405,639.583204419851,-13.806344096300254,-0.1846560868425962,66.8962886734368,632.5708105031312,-10.260726555052129,-0.4295629411161709,67.11656023049288,641.623193177744
17.299999999999947,-14.363113502485572,-0.16206801905189538,67.09629458278475,639.5689709871851,-13.786934359297485,-0.18550308458097636,67.09505671823776,632.7023545095653,-10.241495728351582,-0.43157208758487586,67.31818586594106,641.8087093744474
17.349999999999948,-14.308014092573828,-0.16416254678713366,67.29721066352903,639.5547375545193,-13.767524622294715,-0.18635008231935657,67.29382476303874,632.8338985159994,-10.222264901651036,-0.433581234053581,67.51981150138926,641.9942255711508
17.39999999999995,-14.252914682662082,-0.16625707452237193,67.49812674427329,639.5405041218534,-13.748114885291946,-0.18719708005773678,67.49259280783971,632.9654425224336,-10.203034074950489,-0.43559038052228616,67.72143713683747,642.1797417678541
17.44999999999995,-14.200885848953213,-0.16833887589393814,67.69904581341349,639.5562181518973,-13.732788022738399,-0.18787716023545187,67.69152867987968,633.1010538098926,-10.186818162239348,-0.4373153822694028,67.92330493319368,642.3798958720298
17.49999999999995,-14.148857015244346,-0.17042067726550433,67.89996488255369,639.5719321819411,-13.717461160184856,-0.1885572404131668,67.89046455191964,633.2366650973518,-10.17060224952821,-0.4390403840165192,68.1251727295499,642.5800499762056
17.549999999999947,-14.096828181535484,-0.17250247863707038,68.10088395169387,639.5876462119851,-13.702134297631314,-0.1892373205908817,68.08940042395959,633.3722763848108,-10.154386336817074,-0.44076538576363544,68.32704052590611,642.7802040803813
17.599999999999948,-14.044799347826617,-0.17458428000863657,68.30180302083409,639.6033602420289,-13.686807435077771,-0.18991740076859662,68.28833629599956,633.5078876722699,-10.138170424105937,-0.4424903875107518,68.52890832226234,642.9803581845568
17.64999999999995,-13.995737162954947,-0.17664483611591297,68.50275859524342,639.64337447663,-13.675516295225181,-0.1904248633650679,68.48744516914007,633.647653875843,-10.124917987738886,-0.44392147942948273,68.73103699984115,643.1958288099001
17.699999999999946,-13.946674978083285,-0.17870539222318924,68.70371416965276,639.6833887112313,-13.664225155372598,-0.19093232596153895,68.68655404228058,633.7874200794164,-10.111665551371841,-0.4453525713482133,68.93316567741994,643.4112994352433
17.749999999999947,-13.89761279321162,-0.1807659483304656,68.9046697440621,639.7234029458325,-13.652934015520012,-0.19143978855801005,68.8856629154211,633.9271862829896,-10.098413115004794,-0.44678366326694396,69.13529435499875,643.6267700605866
17.799999999999947,-13.848550608339952,-0.182826504437742,69.10562531847144,639.7634171804337,-13.641642875667428,-0.19194725115448116,69.08477178856162,634.066952486563,-10.085160678637747,-0.4482147551856746,69.33742303257758,643.8422406859299
17.849999999999948,-13.802360414229845,-0.18485723367434787,69.30664495435202,639.8235935228535,-13.634355081430128,-0.19227773345920146,69.28405893138428,634.2109737582381,-10.074828293087013,-0.4493440315409099,69.53983236568071,644.0740330950879
17.89999999999995,-13.756170220119738,-0.18688796291095366,69.50766459023258,639.8837698652732,-13.627067287192832,-0.1926082157639216,69.48334607420693,634.3549950299132,-10.064495907536282,-0.450473307896145,69.74224169878384,644.3058255042458
17.949999999999946,-13.709980026009637,-0.18891869214755933,69.70868422611315,639.943946207693,-13.619779492955537,-0.1929386980686417,69.68263321702959,634.4990163015882,-10.05416352198555,-0.4516025842513799,69.94465103188696,644.5376179134038
17.999999999999947,-13.663789831899532,-0.19094942138416515,69.90970386199373,640.0041225501126,-13.612491698718241,-0.19326918037336183,69.88192035985224,634.6430375732633,-10.04383113643482,-0.4527318606066149,70.1470603649901,644.7694103225617
18.049999999999947,-13.620384451050294,-0.19294177224479653,70.11081067604728,640.081384288153,-13.609188923274491,-0.19341974184970548,70.081391197928,634.7915489243252,-10.036383085142802,-0.45355332834247475,70.34977160043273,645.0188851645102
18.099999999999945,-13.576979070201062,-0.1949341231054277,70.31191749010083,640.1586460261933,-13.605886147830745,-0.19357030332604894,70.28086203600375,634.9400602753872,-10.028935033850788,-0.4543747960783342,70.55248283587534,645.2683600064586
18.149999999999945,-13.533573689351828,-0.19692647396605906,70.51302430415438,640.2359077642336,-13.602583372386999,-0.19372086480239237,70.48033287407952,635.0885716264492,-10.021486982558773,-0.45519626381419365,70.75519407131797,645.5178348484071
18.199999999999946,-13.490168308502593,-0.19891882482669038,70.71413111820793,640.3131695022739,-13.599280596943252,-0.19387142627873583,70.67980371215528,635.237082977511,-10.014038931266757,-0.45601773155005315,70.95790530676058,645.7673096903555
18.249999999999947,-13.449449771905465,-0.20086518647086357,70.91534493401541,640.405098865808,-13.599957923377042,-0.19384050849806397,70.8794641047135,635.3902702848587,-10.00944622374308,-0.45652740367823563,71.1609416385283,646.0362417656245
18.299999999999947,-13.40873123530834,-0.20281154811503668,71.11655874982289,640.4970282293419,-13.600635249810837,-0.1938095907173919,71.07912449727175,635.5434575922066,-10.004853516219406,-0.45703707580641784,71.36397797029602,646.3051738408932
18.349999999999945,-13.368012698711215,-0.20475790975920966,71.31777256563036,640.5889575928759,-13.60131257624463,-0.19377867293671985,71.27878488982998,635.6966448995544,-10.00026080869573,-0.45754674793459993,71.56701430206373,646.574105916162
18.399999999999945,-13.32729416211409,-0.20670427140338277,71.51898638143784,640.6808869564098,-13.601989902678426,-0.19374775515604778,71.47844528238822,635.8498322069022,-9.995668101172056,-0.4580564200627821,71.77005063383143,646.8430379914308
18.449999999999946,-13.289207772407885,-0.20859542387381372,71.72032423918188,640.7856209080231,-13.606656213063706,-0.193535144329053,71.67830112215948,636.0082031882495,-9.993908909380071,-0.45825227966561316,71.97343776929964,647.1337092474141
18.499999999999943,-13.251121382701685,-0.21048657634424447,71.92166209692593,640.8903548596364,-13.611322523448992,-0.19332253350205805,71.87815696193073,636.1665741695969,-9.99214971758809,-0.45844813926844385,72.17682490476783,647.4243805033973
18.549999999999944,-13.213034992995482,-0.21237772881467537,72.12299995467,640.9950888112497,-13.615988833834278,-0.19310992267506308,72.078012801702,636.3249451509441,-9.990390525796109,-0.4586439988712746,72.38021204023603,647.7150517593805
18.599999999999945,-13.174948603289279,-0.21426888128510627,72.32433781241403,641.0998227628631,-13.620655144219564,-0.1928973118480681,72.27786864147328,636.4833161322915,-9.988631334004127,-0.45883985847410536,72.58359917570424,648.0057230153637
18.649999999999945,-13.13942737306481,-0.21609661311652073,72.52581485335189,641.2160324356813,-13.629332334588739,-0.19250477566875127,72.47792706372073,636.6473314996837,-9.98969040744981,-0.4587219053972878,72.78736604401787,648.3210502803934
18.699999999999946,-13.103906142840346,-0.21792434494793514,72.72729189428975,641.3322421084996,-13.63800952495792,-0.19211223948943423,72.67798548596821,636.8113468670758,-9.990749480895497,-0.45860395232046985,72.99113291233152,648.636377545423
18.749999999999943,-13.068384912615882,-0.2197520767793494,72.9287689352276,641.4484517813178,-13.646686715327098,-0.19171970331011723,72.87804390821567,636.975362234468,-9.991808554341183,-0.4584859992436519,73.19489978064514,648.9517048104525
18.799999999999944,-13.032863682391417,-0.22157980861076382,73.13024597616545,641.5646614541361,-13.655363905696277,-0.1913271671308002,73.07810233046314,637.1393776018602,-9.99286762778687,-0.45836804616683396,73.39866664895878,649.2670320754822
18.849999999999945,-12.999846627569736,-0.2233360342114202,73.33187590067304,641.6912779864451,-13.668088373275067,-0.19075769601144282,73.27837038581303,637.3095886077232,-9.996735909257717,-0.45793829375793965,73.60284628828244,649.6105561302654
18.89999999999994,-12.96682957274806,-0.2250922598120764,73.53350582518058,641.817894518754,-13.68081284085386,-0.19018822489208528,73.47863844116291,637.4797996135861,-10.000604190728568,-0.457508541349045,73.80702592760606,649.9540801850487
18.949999999999942,-12.933812517926382,-0.22684848541273273,73.73513574968817,641.9445110510629,-13.693537308432655,-0.1896187537727277,73.67890649651281,637.6500106194491,-10.004472472199419,-0.4570787889401503,74.0112055669297,650.2976042398319
18.999999999999943,-12.900795463104703,-0.22860471101338903,73.93676567419574,642.071127583372,-13.706261776011448,-0.1890492826533701,73.8791745518627,637.8202216253121,-10.00834075367027,-0.4566490365312556,74.21538520625334,650.6411282946152
19.049999999999944,-12.870226714446263,-0.2302816648165614,74.13856093718778,642.2073436078684,-13.723082450677516,-0.18830678325957148,74.07966076102663,637.9974227021381,-10.015015568103067,-0.45591138446659185,74.42001544468447,651.0175964362696
19.099999999999945,-12.839657965787822,-0.23195861861973366,74.34035620017983,642.3435596323649,-13.73990312534359,-0.18756428386577267,74.28014697019057,638.1746237789642,-10.021690382535867,-0.4551737324019277,74.62464568311557,651.3940645779242
19.14999999999994,-12.809089217129387,-0.23363557242290584,74.54215146317185,642.4797756568613,-13.756723800009661,-0.18682178447197392,74.48063317935448,638.3518248557903,-10.028365196968668,-0.4544360803372637,74.82927592154667,651.7705327195786
19.199999999999942,-12.778520468470948,-0.2353125262260781,74.74394672616388,642.615991681358,-13.773544474675735,-0.18607928507817512,74.68111938851843,638.5290259326163,-10.03504001140147,-0.45369842827259954,75.03390615997778,652.147000861233
19.249999999999943,-12.750329533198363,-0.2369038079456717,74.94591899888094,642.7611555254256,-13.794526107969652,-0.1851698057501247,74.88183279874924,638.7131672139918,-10.044518504251252,-0.4526596587508971,75.23903196693993,652.5624919155437
19.29999999999994,-12.722138597925785,-0.2384950896652651,75.147891271598,642.9063193694934,-13.815507741263573,-0.18426032642207413,75.08254620898005,638.8973084953675,-10.053996997101038,-0.45162088922919436,75.44415777390206,652.9779829698541
19.34999999999994,-12.693947662653203,-0.24008637138485858,75.34986354431506,643.051483213561,-13.836489374557496,-0.18335084709402352,75.28325961921087,639.0814497767432,-10.063475489950825,-0.45058211970749157,75.6492835808642,653.3934740241647
19.39999999999994,-12.665756727380622,-0.24167765310445208,75.55183581703211,643.1966470576288,-13.85747100785142,-0.1824413677659729,75.4839730294417,639.2655910581187,-10.07295398280061,-0.4495433501857887,75.85440938782637,653.8089650784752
19.449999999999942,-12.639917096766004,-0.24317511485523366,75.75399591655702,643.3503759999954,-13.882697463989267,-0.181369862307968,75.68492203612306,639.4590128925025,-10.085241605454529,-0.4482118230092307,76.06008386917256,654.2707228828664
19.499999999999943,-12.61407746615139,-0.24467257660601516,75.95615601608193,643.5041049423621,-13.907923920127118,-0.18029835684996293,75.88587104280442,639.6524347268863,-10.097529228108451,-0.4468802958326723,76.26575835051874,654.7324806872575
19.54999999999994,-12.588237835536775,-0.24617003835679652,76.15831611560684,643.6578338847287,-13.933150376264969,-0.17922685139195793,76.08682004948577,639.84585656127,-10.109816850762371,-0.445548768656114,76.47143283186492,655.1942384916485
19.59999999999994,-12.562398204922161,-0.24766750010757801,76.36047621513173,643.8115628270954,-13.958376832402822,-0.17815534593395288,76.28776905616714,640.0392783956538,-10.122104473416293,-0.4442172414795556,76.67710731321111,655.6559962960398
19.64999999999994,-12.53886815498736,-0.24906432690068478,76.56283485082157,643.9736362632342,-13.987936476622073,-0.17693348290213773,76.48896858848912,640.2435207739372,-10.137224095039057,-0.4426013955993748,76.88339364411407,656.1739522469688
19.69999999999994,-12.515338105052564,-0.2504611536937913,76.76519348651142,644.135709699373,-14.017496120841326,-0.1757116198703225,76.69016812081108,640.4477631522209,-10.152343716661825,-0.44098554971919374,77.089679975017,656.691908197898
19.74999999999994,-12.491808055117765,-0.25185798048689795,76.96755212220127,644.2977831355118,-14.047055765060582,-0.17448975683850718,76.89136765313306,640.6520055305045,-10.167463338284595,-0.4393697038390126,77.29596630591998,657.2098641488271
19.79999999999994,-12.468278005182968,-0.2532548072800046,77.16991075789112,644.4598565716504,-14.076615409279839,-0.17326789380669186,77.09256718545504,640.8562479087881,-10.182582959907364,-0.4377538579588314,77.50225263682293,657.7278200997564
19.84999999999994,-12.447019884354052,-0.2545446549752138,77.37247819238908,644.6301777366227,-14.11062573329573,-0.17191127402772546,77.29402950922054,641.072607786272,-10.200553466803694,-0.43586549803661123,77.70922888345738,658.315163719392
19.89999999999994,-12.42576176352514,-0.2558345026704228,77.57504562688705,644.800498901595,-14.144636057311628,-0.17055465424875887,77.49549183298605,641.2889676637561,-10.218523973700028,-0.43397713811439076,77.91620513009184,658.9025073390276
19.94999999999994,-12.404503642696229,-0.25712435036563175,77.77761306138498,644.9708200665673,-14.178646381327521,-0.1691980344697924,77.69695415675154,641.5053275412401,-10.23649448059636,-0.4320887781921704,78.12318137672628,659.4898509586633
19.99999999999994,-12.383245521867314,-0.2584141980608408,77.98018049588295,645.1411412315393,-14.212656705343418,-0.16784141469082584,77.89841648051703,641.7216874187241,-10.254464987492694,-0.43020041826994987,78.33015762336073,660.0771945782989
20.04999999999994,-12.364225628699575,-0.2595911585493849,78.18296719534929,645.3195256903026,-14.251242387255548,-0.1663529366038333,78.10015978452032,641.952606878745,-10.275309985365402,-0.4280529614197457,78.53792010978415,660.7512903744314
20.099999999999937,-12.34520573553184,-0.2607681190379288,78.38575389481565,645.4979101490659,-14.289828069167681,-0.1648644585168407,78.3019030885236,642.1835263387658,-10.296154983238111,-0.42590550456954135,78.74568259620756,661.425386170564
20.149999999999938,-12.326185842364103,-0.2619450795264728,78.588540594282,645.6762946078292,-14.328413751079816,-0.163375980429848,78.50364639252689,642.4144457987867,-10.316999981110822,-0.42375804771933684,78.95344508263098,662.0994819666967
20.19999999999994,-12.307165949196365,-0.2631220400150167,78.79132729374835,645.8546790665924,-14.366999432991953,-0.1618875023428553,78.70538969653016,642.6453652588075,-10.337844978983533,-0.4216105908691324,79.16120756905441,662.7735777628293
20.24999999999994,-12.29035450375902,-0.26418077742914203,78.99434305729044,646.041153727544,-14.41031369798672,-0.16027031196636857,78.90743238419901,642.8944201010867,-10.361591882042596,-0.41921894943170945,79.36987800320962,663.5600077511249
20.29999999999994,-12.273543058321675,-0.26523951484326713,79.19735882083253,646.2276283884958,-14.453627962981491,-0.1586531215898817,79.10947507186785,643.1434749433658,-10.385338785101661,-0.41682730799428624,79.57854843736483,664.3464377394207
20.349999999999937,-12.256731612884332,-0.2662982522573922,79.4003745843746,646.4141030494474,-14.49694222797626,-0.15703593121339496,79.31151775953668,643.3925297856449,-10.409085688160726,-0.41443566655686315,79.78721887152003,665.1328677277165
20.399999999999938,-12.239920167446988,-0.26735698967151733,79.60339034791672,646.600577710399,-14.540256492971034,-0.1554187408369081,79.5135604472055,643.6415846279241,-10.432832591219793,-0.41204402511943994,79.99588930567523,665.9192977160122
20.44999999999994,-12.225290662779214,-0.2682925870523452,79.806645709323,646.7955684021969,-14.588464266573686,-0.15369241896554253,79.71592969429908,643.916683401306,-10.459507739868696,-0.40942252195665174,80.20562830623768,666.8473670741207
20.499999999999936,-12.210661158111444,-0.26922818443317287,80.00990107072928,646.9905590939949,-14.636672040176341,-0.15196609709417694,79.91829894139262,644.191782174688,-10.4861828885176,-0.4068010187938634,80.41536730680012,667.7754364322292
20.549999999999937,-12.196031653443672,-0.2701637818140006,80.21315643213558,647.1855497857928,-14.684879813779,-0.15023977522281123,80.12066818848618,644.46688094807,-10.512858037166508,-0.4041795156310749,80.62510630736259,668.7035057903378
20.599999999999937,-12.1814021487759,-0.2710993791948283,80.41641179354187,647.3805404775908,-14.733087587381657,-0.14851345335144553,80.32303743557974,644.7419797214519,-10.539533185815415,-0.4015580124682864,80.83484530792504,669.6315751484464
20.649999999999938,-12.16893154758274,-0.2719075801502244,80.61991762214386,647.5842822219676,-14.786369532867147,-0.14671748767914064,80.52577152187695,645.0438432428973,-10.569185098418783,-0.39873326980087653,81.04584823478221,670.7467416788814
20.69999999999994,-12.156460946389585,-0.27271578110562034,80.82342345074584,647.7880239663442,-14.839651478352643,-0.1449215220068357,80.72850560817416,645.3457067643427,-10.598837011022155,-0.39590852713346647,81.25685116163937,671.8619082093167
20.749999999999936,-12.143990345196428,-0.2735239820610162,81.02692927934781,647.991765710721,-14.892933423838135,-0.14312555633453086,80.93123969447137,645.6475702857881,-10.628488923625525,-0.3930837844660566,81.46785408849654,672.977074739752
20.799999999999937,-12.131519744003272,-0.2743321830164121,81.2304351079498,648.1955074550979,-14.946215369323632,-0.14132959066222592,81.13397378076859,645.9494338072335,-10.658140836228897,-0.39025904179864646,81.6788570153537,674.0922412701872
20.849999999999937,-12.121188529914642,-0.27500926159622907,81.43420252820998,648.4083970804187,-15.00481929131513,-0.13945767824197683,81.33710169363924,646.2830877047356,-10.6908077493369,-0.3872295652593998,81.8913987350998,675.4748785461956
20.899999999999935,-12.110857315826017,-0.2756863401760458,81.63796994847016,648.6212867057396,-15.063423213306631,-0.1375857658217278,81.54022960650988,646.6167416022378,-10.723474662444906,-0.3842000887201531,82.10394045484588,676.857515822204
20.949999999999935,-12.10052610173739,-0.2763634187558626,81.84173736873035,648.8341763310605,-15.122027135298136,-0.1357138534014786,81.74335751938051,646.9503954997399,-10.756141575552913,-0.38117061218090614,82.31648217459198,678.2401530982128
20.999999999999936,-12.090194887648762,-0.27704049733567937,82.04550478899054,649.0470659563815,-15.180631057289641,-0.13384194098122942,81.94648543225117,647.284049397242,-10.78880848866092,-0.37814113564165924,82.52902389433807,679.6227903742214
21.049999999999937,-12.081986469404793,-0.27758337305451813,82.24954566757887,649.2696892801767,-15.244808729366305,-0.13188216192006494,82.15005808225497,647.6758202590103,-10.824509431776857,-0.37495184445228763,82.74350176768235,681.372085778402
21.099999999999937,-12.073778051160824,-0.2781262487733567,82.4535865461672,649.492312603972,-15.308986401442978,-0.12992238285890034,82.35363073225878,648.0675911207785,-10.860210374892798,-0.3717625532629158,82.95797964102664,683.1213811825831
21.149999999999935,-12.065569632916857,-0.27866912449219516,82.65762742475553,649.7149359277672,-15.373164073519645,-0.12796260379773589,82.55720338226256,648.4593619825467,-10.895911318008736,-0.3685732620735442,83.17245751437092,684.870676586764
21.199999999999935,-12.05736121467289,-0.2792120002110337,82.86166830334386,649.9375592515627,-15.437341745596317,-0.12600282473657126,82.76077603226636,648.8511328443151,-10.931612261124677,-0.3653839708841724,83.3869353877152,686.6199719909451
21.249999999999936,-12.051262290725402,-0.2796182243612537,83.0659952370429,650.1705028043351,-15.50732342688226,-0.12402033385695135,82.964888572706,649.3090052152778,-10.970414351542816,-0.36204324797058623,83.60387356633387,688.9121687477634
21.299999999999933,-12.045163366777917,-0.28002444851147346,83.2703221707419,650.4034463571077,-15.577305108168206,-0.12203784297733154,83.16900111314561,649.7668775862406,-11.009216441960957,-0.3587025250570002,83.82081174495254,691.2043655045821
21.349999999999934,-12.039064442830432,-0.2804306726616933,83.47464910444094,650.63638990988,-15.647286789454157,-0.12005535209771159,83.37311365358522,650.2247499572036,-11.048018532379102,-0.3553618021434139,84.03774992357121,693.496562261401
21.399999999999935,-12.032965518882946,-0.2808368968119131,83.67897603813998,650.8693334626525,-15.717268470740107,-0.11807286121809164,83.57722619402486,650.6826223281663,-11.086820622797244,-0.35202107922982756,84.2546881021899,695.7887590182199
21.449999999999935,-12.028965393280169,-0.2811045628073387,83.88360236773158,651.1137490133477,-15.793448572441761,-0.11604835224997388,83.78194960281019,651.2491017505038,-11.12872951251909,-0.3485897126498177,84.47492689432761,698.8924000456694
21.499999999999936,-12.024965267677393,-0.2813722288027642,84.08822869732317,651.3581645640428,-15.869628674143424,-0.11402384328185607,83.98667301159549,651.8155811728413,-11.17063840224094,-0.34515834606980766,84.69516568646534,701.9960410731201
21.549999999999933,-12.020965142074617,-0.2816398947981896,84.29285502691476,651.6025801147379,-15.94580877584508,-0.11199933431373839,84.1913964203808,652.3820605951788,-11.212547291962787,-0.3417269794897979,84.91540447860305,705.0996821005705
21.599999999999934,-12.016965016471842,-0.28190756079361506,84.49748135650638,651.8469956654329,-16.021988877546743,-0.10997482534562057,84.39611982916612,652.9485400175164,-11.254456181684636,-0.3382956129097879,85.13564327074077,708.203323128021
21.649999999999935,-12.015056065038314,-0.28203570089868046,84.7024225734842,652.1039331488097,-16.10458660135616,-0.10797099612297653,84.60165608767905,653.6520665826503,-11.29961638771559,-0.3346393045297913,85.36038175004042,712.6789532742697
21.699999999999932,-12.01314711360479,-0.2821638410037456,84.90736379046199,652.3608706321863,-16.18718432516558,-0.10596716690033266,84.80719234619195,654.3555931477842,-11.344776593746545,-0.3309829961497946,85.58512022934006,717.1545834205198
21.749999999999932,-12.011238162171265,-0.28229198110881076,85.11230500743982,652.6178081155631,-16.269782048975003,-0.10396333767768864,85.01272860470489,655.0591197129183,-11.389936799777503,-0.3273266877697977,85.80985870863972,721.6302135667703
21.799999999999933,-12.00932921073774,-0.28242012121387594,85.31724622441763,652.8747455989397,-16.352379772784428,-0.10195950845504463,85.21826486321781,655.7626462780524,-11.435097005808462,-0.32367037938980076,86.03459718793938,726.1058437130208
21.849999999999934,-12.009506377211194,-0.28240822938800836,85.52251830833741,653.1453387290891,-16.44202224423928,-0.09987893224999798,85.42475642711403,656.6968350796643,-11.483418707740903,-0.32006883910230505,86.26608446550722,733.0537411857433
21.899999999999935,-12.009683543684648,-0.28239633756214055,85.72779039225718,653.4159318592385,-16.53166471569414,-0.09779835604495124,85.63124799101026,657.6310238812766,-11.531740409673349,-0.31646729881480945,86.49757174307506,740.0016386584692
21.949999999999932,-12.009860710158105,-0.28238444573627275,85.93306247617694,653.6865249893879,-16.621307187148997,-0.09571777983990465,85.83773955490646,658.5652126828888,-11.580062111605791,-0.3128657585273141,86.7290590206429,746.9495361311945
21.999999999999932,-12.01003787663156,-0.28237255391040494,86.13833456009672,653.9571181195373,-16.71094965860386,-0.09363720363485789,86.0442311188027,659.4994014845009,-11.628383813538237,-0.3092642182398185,86.96054629821073,753.8974336039204
22.049999999999933,-12.012298924972857,-0.2822208436813417,86.34395585178638,654.243162646698,-16.807898196764484,-0.09162958310966988,86.25211524985659,660.829525514241,-11.679996567829129,-0.3055237694875435,87.20274674843695,765.9663920908323
22.09999999999993,-12.014559973314157,-0.28206913345227824,86.549577143476,654.5292071738586,-16.90484673492511,-0.08962196258448211,86.45999938091047,662.1596495439816,-11.73160932212002,-0.30178332073526865,87.44494719866316,778.0353505777501
22.14999999999993,-12.016821021655456,-0.2819174232232148,86.75519843516565,654.8152517010194,-17.001795273085744,-0.0876143420592942,86.66788351196438,663.489773573722,-11.783222076410915,-0.2980428719829935,87.68714764888938,790.1043090646689
22.199999999999932,-12.019082069996756,-0.2817657129941514,86.9608197268553,655.1012962281801,-17.098743811246376,-0.0856067215341063,86.87576764301828,664.8198976034627,-11.83483483070181,-0.29430242323071837,87.9293480991156,802.1732675515877
22.249999999999932,-12.023427132823986,-0.2814750669334578,87.1668107190832,655.4047751837786,-17.203728310457503,-0.08372217583175855,87.08560217321866,666.8655848001065,-11.889747815967047,-0.29057842710557996,88.19116797773862,828.6028793526667
22.299999999999933,-12.027772195651218,-0.2811844208727641,87.37280171131107,655.7082541393771,-17.308712809668645,-0.08183763012941096,87.29543670341903,668.9112719967512,-11.944660801232287,-0.28685443098044155,88.45298785636164,855.0324911537651
22.34999999999993,-12.03211725847845,-0.2808937748120704,87.57879270353894,656.0117330949757,-17.413697308879776,-0.0799530844270635,87.50527123361941,670.956959193396,-11.999573786497523,-0.2831304348553034,88.71480773498466,881.4621029548615
22.39999999999993,-12.036462321305684,-0.28060312875137666,87.78478369576682,656.3152120505742,-17.518681808090914,-0.0780685387247159,87.71510576381979,673.0026463900407,-12.054486771762763,-0.279406438730165,88.97662761360769,907.8917147559598
22.449999999999932,-12.042893430580332,-0.28017527981970514,87.9911677132624,656.6384549830399,-17.63202237842529,-0.075941778792284,87.9281312675685,676.4998957318643,-12.112753050986155,-0.27565561755516277,89.2852529232511,1021.4264414347277
22.49999999999993,-12.04932453985498,-0.27974743088803344,88.19755173075797,656.9616979155057,-17.74536294875967,-0.07381501885985192,88.14115677131718,679.9971450736897,-12.171019330209548,-0.27190479638016085,89.59387823289453,1134.961168113605
22.54999999999993,-12.055755649129631,-0.27931958195636175,88.40393574825356,657.2849408479715,-17.858703519094057,-0.07168825892741969,88.3541822750659,683.4943944155152,-12.229285609432944,-0.2681539752051586,89.90250354253799,1248.4958947924904
22.59999999999993,-12.062186758404282,-0.27889173302469006,88.61031976574914,657.6081837804372,-17.972044089428447,-0.06956149899498745,88.56720777881462,686.9916437573407,-12.28755188865634,-0.26440315403015635,90.21112885218146,1362.030621471376
22.64999999999993,-12.070709875056084,-0.2783289115018868,88.81712315607459,657.9542434549271,-18.094899243862884,-0.06746817649526084,88.78583185528703,694.2665324189815,-12.349073718397413,-0.2608334396377255,90.75829262141353,1239.232512489152
22.699999999999932,-12.079232991707887,-0.2777660899790834,89.02392654640002,658.3003031294169,-18.217754398297334,-0.06537485399553428,89.00445593175944,701.5414210806273,-12.410595548138492,-0.25726372524529495,91.30545639064594,1116.4344035065924
22.74999999999993,-12.087756108359692,-0.27720326845628,89.23072993672547,658.6463628039068,-18.340609552731777,-0.06328153149580787,89.22308000823185,708.8163097422727,-12.472117377879565,-0.2536940108528646,91.85262015987831,993.6362945240412
22.79999999999993,-12.096279225011495,-0.27664044693347656,89.43753332705091,658.9924224783965,-18.463464707166228,-0.061188208996081316,89.44170408470427,716.0911984039186,-12.533639207620643,-0.250124296460434,92.39978392911073,870.8381855414816
22.84999999999993,-12.10690093387208,-0.2759456492998217,89.64478708737137,659.3651909704543,-18.59662102162412,-0.06014033654040594,89.67301337787306,740.2569549615368,-12.598788654761227,-0.24626613710306797,92.39978392911152,653.1286391562917
22.899999999999928,-12.117522642732665,-0.2752508516661667,89.85204084769181,659.737959462512,-18.729777336082016,-0.05909246408473212,89.90432267104185,764.4227115191776,-12.663938101901813,-0.24240797774570175,92.39978392911152,435.4190927709822
22.94999999999993,-12.128144351593251,-0.2745560540325116,90.05929460801227,660.1107279545697,-18.862933650539922,-0.05804459162905823,90.13563196421066,788.5884680768198,-12.729087549042402,-0.23854981838833528,92.39978392911154,217.70954638565732
22.99999999999993,-12.13876606045384,-0.27386125639885656,90.26654836833272,660.4834964466274,-18.99608996499783,-0.056996719173384336,90.36694125737945,812.7542246344622,-12.794236996182994,-0.23469165903096884,92.39978392911154,3.3249220370421155e-10
23.04999999999993,-12.151495840575533,-0.2730381164048527,90.47428862806308,660.8882604386228,-19.13979315376209,-0.05484278694362562,90.64630050446775,811.7762683097753,-12.862734630609005,-0.23094868765871002,92.39978392911154,1.936027695847547e-11
23.09999999999993,-12.164225620697232,-0.2722149764108487,90.68202888779344,661.2930244306182,-19.283496342526362,-0.05268885471386533,90.92565975155613,810.7983119850528,-12.931232265035021,-0.22720571628645134,92.39978392911154,1.5488221566781396e-11
23.149999999999928,-12.17695540081893,-0.2713918364168447,90.88976914752377,661.6977884226136,-19.42719953129063,-0.050534922484105196,91.20501899864448,809.8203556603303,-12.999729899461032,-0.22346274491419296,92.39978392911155,1.1616166175087594e-11
23.19999999999993,-12.189685180940629,-0.2705686964228407,91.09750940725414,662.102552414609,-19.570902720054907,-0.048380990254344905,91.48437824573286,808.8423993356078,-13.068227533887047,-0.2197197735419343,92.39978392911155,7.744110783393519e-12
23.24999999999993,-12.204530790754859,-0.269624500874565,91.30578045044153,662.5452385046385,-19.727421666685313,-0.0469638277246261,91.7132296665775,697.6888866544069,-13.140112020976126,-0.21611992063773272,92.39978392911155,5.8080830875437285e-12
23.299999999999926,-12.219376400569091,-0.2686803053262892,91.51405149362893,662.9879245946681,-19.883940613315726,-0.04554666519490845,91.94208108742205,586.5353739730574,-13.211996508065205,-0.21252006773353158,92.39978392911155,3.872055391696827e-12
23.349999999999927,-12.234222010383325,-0.2677361097780133,91.72232253681635,663.4306106846979,-20.04045955994615,-0.044129502665190695,92.17093250826665,475.3818612917001,-13.28388099515429,-0.20892021482933018,92.39978392911155,1.936027695849789e-12
23.399999999999928,-12.24906762019756,-0.26679191422973747,91.93059358000376,663.8732967747275,-20.196978506576574,-0.04271234013547294,92.39978392911122,364.2283486103426,-13.355765482243374,-0.20532036192512879,92.39978392911155,2.7515468374108888e-24
23.44999999999993,-12.266044455701172,-0.26572733028244794,92.13944643122873,664.3596217828102,-20.367017964811563,-0.04103608425026046,92.39978392911154,273.17126145776984,-13.43105519432452,-0.20180362650904346,92.39978392911155,0.0
23.49999999999993,-12.283021291204786,-0.2646627463351582,92.34829928245371,664.8459467908931,-20.53705742304657,-0.0393598283650476,92.39978392911154,182.11417430522562,-13.506344906405669,-0.19828689109295825,92.39978392911155,0.0
23.549999999999926,-12.299998126708399,-0.2635981623878685,92.55715213367867,665.3322717989761,-20.707096881281565,-0.03768357247983487,92.39978392911155,91.05708715268784,-13.581634618486815,-0.19477015567687325,92.39978392911155,0.0
23.599999999999927,-12.316974962212015,-0.2625335784405788,92.76600498490366,665.818596807059,-20.87713633951657,-0.036007316594622016,92.39978392911155,1.4362367504444966e-10,-13.656924330567966,-0.19125342026078804,92.39978392911155,0.0
23.649999999999928,-12.336103592845246,-0.26135093456428027,92.97549829614918,666.3603169991733,-21.062882554686357,-0.034510846152495576,92.39978392911155,100.04713739601763,-13.735594828234714,-0.18784289688021227,92.39978392911155,0.0
23.699999999999925,-12.35523222347848,-0.2601682906879817,93.18499160739469,666.9020371912876,-21.248628769856154,-0.03301437571036951,92.39978392911155,200.09427479216967,-13.814265325901461,-0.1844323734996369,92.39978392911155,0.0
23.749999999999925,-12.374360854111714,-0.258985646811683,93.39448491864022,667.4437573834019,-21.434374985025965,-0.031517905268243336,92.39978392911155,300.1414121883289,-13.892935823568214,-0.1810218501190613,92.39978392911155,0.0
23.799999999999926,-12.393489484744949,-0.25780300293538433,93.60397822988575,667.9854775755163,-21.620121200195776,-0.030021434826117167,92.39978392911155,400.18854958448804,-13.971606321234967,-0.17761132673848568,92.39978392911155,0.0
23.849999999999927,-12.41477918863437,-0.256514031844788,93.8141925724514,668.5984446415493,-21.823757053015648,-0.028733174683952718,92.65122981059635,509.14451789017795,-14.053604725401723,-0.1743196286366452,92.39978392911155,0.0
23.899999999999928,-12.436068892523796,-0.2552250607541915,94.02440691501708,669.2114117075826,-22.027392905835548,-0.02744491454178858,92.90267569208152,618.1004861958812,-14.135603129568484,-0.17102793053480492,92.39978392911155,0.0
23.949999999999925,-12.457358596413219,-0.2539360896635951,94.23462125758272,669.8243787736156,-22.23102875865543,-0.026156654399624536,93.15412157356668,727.0564545015768,-14.21760153373524,-0.16773623243296484,92.39978392911155,0.0
23.999999999999925,-12.478648300302643,-0.25264711857299865,94.4448356001484,670.4373458396489,-22.434664611475327,-0.0248683942574604,93.40556745505185,836.01242280728,-14.299599937902,-0.16444453433112455,92.39978392911155,0.0
24.049999999999926,-12.502113375446275,-0.25125755941403366,94.65586946565914,671.1341661712662,-22.659037610204336,-0.023704205344492368,93.679403670727,828.2070182767991,-14.384849890663505,-0.16128517115109117,92.39978392911155,188.0058985297149
24.099999999999923,-12.525578450589906,-0.2498680002550686,94.86690333116988,671.8309865028835,-22.883410608933364,-0.022540016431524604,93.95323988640214,820.4016137461443,-14.47009984342501,-0.15812580797105819,92.39978392911155,376.01179705969696
24.149999999999924,-12.54904352573354,-0.24847844109610348,95.07793719668065,672.5278068345011,-23.1077836076624,-0.021375827518556757,94.2270761020773,812.596209215489,-14.555349796186519,-0.154966444791025,92.39978392911155,564.0176955896924
24.199999999999925,-12.572508600877173,-0.24708888193713835,95.28897106219141,673.2246271661186,-23.332156606391443,-0.020211638605588913,94.50091231775248,804.7908046848338,-14.640599748948027,-0.15180708161099182,92.39978392911155,752.0235941196877
24.249999999999925,-12.598182503734538,-0.2456107663792169,95.50093670526482,674.0369147273407,-23.58101004467964,-0.019174104445416725,94.73274107801227,783.5069320051113,-14.728986922524848,-0.1487916419656475,92.87229428883356,883.8175726543357
24.299999999999926,-12.623856406591905,-0.24413265082129532,95.71290234833823,674.8492022885629,-23.829863482967877,-0.01813657028524473,94.964569838272,762.2230593253686,-14.817374096101675,-0.14577620232030342,93.34480464855626,1015.6115511888999
24.349999999999923,-12.649530309449272,-0.24265453526337383,95.92486799141163,675.6614898497851,-24.078716921256095,-0.017099036125072804,95.19639859853172,740.9391866456274,-14.905761269678493,-0.14276076267495955,93.81731500827894,1147.4055297234545
24.399999999999924,-12.675204212306639,-0.24117641970545223,96.13683363448503,676.4737774110075,-24.327570359544332,-0.016061501964900807,95.42822735879145,719.6553139658847,-14.99414844325532,-0.13974532302961545,94.28982536800164,1279.1995082580186
24.449999999999925,-12.703078056312224,-0.23959830315489447,96.34990900130373,677.4376563183439,-24.605876912102797,-0.015152492486270527,95.64857136802614,713.1095992090234,-15.085526688091237,-0.13688323175731895,94.62105976380309,1199.2726519850949
24.499999999999922,-12.730951900317807,-0.23802018660433663,96.56298436812243,678.4015352256806,-24.884183464661287,-0.014243483007640502,95.86891537726079,706.5638844521844,-15.176904932927153,-0.1340211404850229,94.9522941596043,1119.3457957118608
24.549999999999923,-12.758825744323394,-0.2364420700537787,96.77605973494114,679.3654141330172,-25.162490017219795,-0.013334473529010411,96.08925938649547,700.0181696953451,-15.268283177763076,-0.13115904921272664,95.28352855540555,1039.4189394386212
24.599999999999923,-12.78669958832898,-0.23486395350322078,96.98913510175984,680.329293040354,-25.440796569778307,-0.012425464050380322,96.30960339573014,693.4724549385058,-15.359661422598998,-0.12829695794043036,95.61476295120677,959.4920831653817
24.649999999999924,-12.816803492522954,-0.23319960674161908,97.20352323674864,681.4865388201307,-25.7554893134273,-0.011643971178136302,96.52498098047582,690.4742350984797,-15.453836826960071,-0.1255957884099734,95.88639521133554,926.9251082586778
24.699999999999925,-12.84690739671693,-0.23153525998001726,97.41791137173745,682.6437845999078,-26.070182057076355,-0.010862478305892483,96.74035856522147,687.4760152584589,-15.548012231321147,-0.12289461887951668,96.15802747146421,894.3581333520478
24.749999999999922,-12.877011300910903,-0.22987091321841555,97.63229950672623,683.8010303796849,-26.384874800725388,-0.010080985433648718,96.95573614996712,684.4777954184385,-15.642187635682218,-0.12019344934906016,96.42965973159288,861.7911584454204
24.799999999999923,-12.90711520510488,-0.22820656645681373,97.84668764171502,684.9582761594619,-26.69956754437444,-0.009299492561404898,97.17111373471279,681.4795755784179,-15.736363040043294,-0.11749227981860344,96.70129199172155,829.2241835387905
24.849999999999923,-12.939471264094212,-0.2264773241471681,98.06267148440585,686.3905971662631,-27.06056891576943,-0.00864159629914659,97.38392239560886,679.8801648676452,-15.833095235799107,-0.11495731881142261,96.95067665222977,815.8297327738372
24.89999999999992,-12.971827323083545,-0.22474808183752248,98.27865532709666,687.8229181730645,-27.421570287164467,-0.007983700036888523,97.59673105650491,678.2807541568749,-15.929827431554916,-0.11242235780424223,97.20006131273796,802.4352820089148
24.94999999999992,-13.004183382072881,-0.22301883952787674,98.49463916978749,689.2552391798661,-27.78257165855953,-0.007325803774630409,97.80953971740098,676.6813434461044,-16.026559627310732,-0.10988739679706166,97.44944597324616,789.0408312439916
24.999999999999922,-13.036539441062219,-0.221289597218231,98.71062301247832,690.6875601866676,-28.14357302995459,-0.0066679075123722955,98.02234837829705,675.081932735334,-16.12329182306655,-0.1073524357898811,97.69883063375435,775.6463804790683
25.049999999999923,-13.071161241742123,-0.21948929877656587,98.92861096278916,692.4980939779323,-28.565977359434207,-0.006130479946244431,98.23370620549149,674.1643829850751,-16.222274825051077,-0.10498736307836587,97.93679896738549,768.4232581152512
25.099999999999923,-13.105783042422031,-0.21768900033490063,99.1465989131,694.3086277691975,-28.988381688913915,-0.005593052380116756,98.44506403268593,673.2468332348171,-16.32125782703561,-0.1026222903668509,98.1747673010166,761.2001357514438
25.14999999999992,-13.140404843101935,-0.21588870189323553,99.36458686341082,696.1191615604628,-29.410786018393594,-0.005055624813989119,98.65642185988035,672.3292834845594,-16.420240829020134,-0.10025721765533611,98.41273563464769,753.9770133876368
25.19999999999992,-13.175026643781845,-0.21408840345157026,99.58257481372166,697.929695351728,-29.833190347873302,-0.004518197247861443,98.8677796870748,671.4117337343014,-16.519223831004663,-0.09789214494382115,98.65070396827879,746.7538910238293
25.249999999999922,-13.211990379678392,-0.21224924941492654,99.80310902413865,700.3294450080286,-30.34143494965264,-0.0040956035851673345,99.0782822939271,670.870278346095,-16.620084936162502,-0.09569869550465082,98.8819349422637,742.3600584189892
25.29999999999992,-13.248954115574941,-0.21041009537828287,100.02364323455564,702.7291946643302,-30.84967955143208,-0.003673009922473436,99.28878490077939,670.3288229578892,-16.72094604132034,-0.09350524606548091,99.11316591624858,737.9662258141539
25.34999999999992,-13.285917851471494,-0.2085709413416391,100.24417744497264,705.1289443206317,-31.357924153211552,-0.003250416259779507,99.49928750763169,669.7873675696833,-16.82180714647818,-0.09131179662631085,99.34439689023348,733.5723932093182
25.39999999999992,-13.322881587368045,-0.2067317873049953,100.46471165538964,707.5286939769334,-31.866168754991023,-0.002827822597085578,99.70979011448398,669.2459121814775,-16.922668251636022,-0.08911834718714079,99.57562786421838,729.1785606044824
25.44999999999992,-13.362129575050918,-0.2048799959547133,100.68873083441302,710.8587469118457,-32.50364766500766,-0.0025137903031097796,99.91978711586256,668.9317839888247,-17.024951140225575,-0.08709652741246639,99.80255329206354,726.3162432461164
25.499999999999922,-13.401377562733794,-0.20302820460443124,100.91275001343641,714.1887998467595,-33.1411265750245,-0.002199758009134151,100.12978411724112,668.6176557961721,-17.12723402881513,-0.08507470763779225,100.02947871990868,723.4539258877528
25.54999999999992,-13.440625550416668,-0.20117641325414937,101.13676919245978,717.518852781673,-33.7786054850413,-0.001885725715158545,100.33978111861968,668.3035276035196,-17.229516917404677,-0.08305288786311826,100.25640414775381,720.5916085293893
25.59999999999992,-13.479873538099545,-0.19932462190386732,101.36078837148317,720.848905716587,-34.416084395058135,-0.0015716934211829165,100.54977811999825,667.9893994108671,-17.331799805994233,-0.08103106808844412,100.48332957559896,717.7292911710257
25.64999999999992,-13.521461450492215,-0.1974324273529991,101.58969191776929,725.7521172671136,-35.26996247746761,-0.001357761347168565,100.7594912365927,667.8213416016425,-17.43496103020081,-0.079179096845522,100.70736676143564,715.7859096818457
25.699999999999918,-13.563049362884886,-0.19554023280213095,101.81859546405538,730.6553288176426,-36.12384055987737,-0.0011438292731543922,100.96920435318712,667.6532837924183,-17.538122254407384,-0.0773271256026003,100.9314039472723,713.8425281926676
25.74999999999992,-13.60463727527756,-0.19364803825126267,102.0474990103415,735.5585403681719,-36.97771864228719,-0.000929897199140204,101.17891746978155,667.4852259831939,-17.64128347861396,-0.07547515435967846,101.15544113310898,711.899146703489
25.79999999999992,-13.646225187670234,-0.1917558437003944,102.2764025566276,740.4617519187012,-37.83159672469702,-0.0007159651251260158,101.388630586376,667.3171681739697,-17.74444470282054,-0.07362318311675661,101.37947831894566,709.9557652143106
25.84999999999992,-13.690095891161864,-0.18991138675877983,102.5127448503599,748.2812292338464,-39.100730969924356,-0.0005926415888887929,101.5982052124115,667.2476046932085,-17.847841572025608,-0.07193828787756734,101.60151949638319,708.6040744364954
25.89999999999992,-13.733966594653497,-0.18806692981716536,102.7490871440922,756.1007065489963,-40.36986521515237,-0.0004693180526517178,101.807779838447,667.1780412124475,-17.951238441230675,-0.07025339263837833,101.82356067382071,707.2523836586811
25.949999999999918,-13.777837298145126,-0.186222472875551,102.9854294378245,763.9201838641458,-41.638999460380305,-0.00034599451641465157,102.01735446448251,667.1084777316865,-18.05463531043574,-0.06856849739918945,102.04560185125821,705.9006928808668
25.99999999999992,-13.821708001636761,-0.18437801593393652,103.22177173155679,771.7396611792957,-42.90813370560832,-0.0002226709801775766,102.22692909051801,667.0389142509256,-18.158032179640806,-0.06688360216000044,102.26764302869574,704.5490021030525
26.04999999999992,-13.86800864787754,-0.18231375555476567,103.47032776783344,786.2030468471553,-44.52677503271863,-0.00017959610284322135,102.43646737501635,667.0391371543222,-18.260907719511497,-0.06536137266758517,102.48828304507842,703.5993893052394
26.099999999999916,-13.914309294118318,-0.18024949517559463,103.71888380411008,800.6664325150246,-46.1454163598294,-0.00013652122550900032,102.64600565951469,667.0393600577191,-18.363783259382178,-0.06383914317517025,102.70892306146108,702.649776507427
26.149999999999917,-13.9606099403591,-0.17818523479642345,103.96743984038675,815.1298181828951,-47.764057686940276,-9.344634817477627e-05,102.85554394401302,667.0395829611159,-18.466658799252865,-0.06231691368275524,102.92956307784377,701.7001637096146
26.199999999999918,-14.006910586599883,-0.17612097441725227,104.2159958766634,829.5932038507655,-49.38269901405116,-5.0371470840552185e-05,103.06508222851137,667.0398058645127,-18.569534339123557,-0.06079468419034023,103.15020309422643,700.7505509118022
26.24999999999992,-14.055509805698682,-0.17414587782986646,104.48868862332385,866.5925623100296,-48.16115633236538,-7.638759053966949e-05,103.2746574147642,667.0913575283035,-18.671012006586537,-0.05942983009619072,103.36985763439249,700.0863757963585
26.29999999999992,-14.104109024797484,-0.17217078124248078,104.76138136998432,903.5919207693305,-46.93961365067496,-0.00010240371023889969,103.48423260101706,667.1429091920944,-18.772489674049513,-0.05806497600204147,103.58951217455852,699.4222006809154
26.349999999999916,-14.152708243896283,-0.17019568465509527,105.03407411664479,940.5912792286288,-45.71807096898463,-0.00012841982993812805,103.69380778726989,667.1944608558854,-18.873967341512486,-0.05670012190789232,103.80916671472453,698.7580255654723
26.399999999999917,-14.201307462995084,-0.1682205880677096,105.30676686330527,977.5906376879296,-44.496528287294204,-0.00015443594963735825,103.90338297352274,667.2460125196762,-18.975445008975463,-0.055335267813743066,104.02882125489057,698.0938504500291
26.449999999999918,-14.25226154992707,-0.1660942779690854,105.64831242976042,1033.9972426558443,-43.24592530249174,-0.0002378873749831972,104.11305082148368,667.3366913414387,-19.074520207471164,-0.05412174712119197,104.24779201714254,697.6397148293375
26.499999999999915,-14.303215636859054,-0.1639679678704611,105.98985799621566,1090.4038476237865,-41.99532231768932,-0.00032133880032912405,104.3227186694446,667.4273701632012,-19.173595405966854,-0.05290822642864121,104.46676277939449,697.1855792086462
26.549999999999915,-14.354169723791044,-0.16184165777183668,106.33140356267096,1146.8104525917329,-40.74471933288682,-0.0004047902256750569,104.53238651740554,667.5180489849636,-19.27267060446255,-0.051694705736090356,104.68573354164646,696.7314435879551
26.599999999999916,-14.405123810723031,-0.15971534767321224,106.67294912912622,1203.2170575596792,-39.494116348084304,-0.00048824165102098966,104.74205436536649,667.608727806726,-19.371745802958248,-0.0504811850435395,104.90470430389843,696.2773079672638
26.649999999999917,-14.45846470107642,-0.15807107506831444,107.08740713641157,1067.3203945788098,-38.711820462200514,-0.0006170335101576318,104.95185745235554,667.7300853756263,-19.467295509320856,-0.04941232797691336,105.12321747676071,695.9828275680418
26.699999999999918,-14.511805591429809,-0.15642680246341747,107.50186514369705,931.4237315976125,-37.92952457631752,-0.000745825369294351,105.16166053934462,667.851442944527,-19.562845215683456,-0.04834347091028746,105.34173064962299,695.6883471688201
26.749999999999915,-14.565146481783197,-0.15478252985852065,107.91632315098249,795.5270686164246,-37.14722869043458,-0.0008746172284310612,105.37146362633368,667.9728005134274,-19.65839492204605,-0.04727461384366164,105.56024382248526,695.3938667695983
26.799999999999915,-14.618487372136588,-0.15313825725362368,108.33078115826797,659.6304056352271,-36.364932804551586,-0.0010034090875677805,105.58126671332276,668.0941580823278,-19.75394462840865,-0.04620575677703574,105.77875699534754,695.0993863703766
26.849999999999916,-14.674156033688337,-0.15109948816574192,108.33078115826868,494.72280422653097,-35.82418528475918,-0.0011651401029444956,105.79123956612123,668.1617057516644,-19.844699505888016,-0.045274893526485366,105.99698764763247,694.9869750043462
26.899999999999913,-14.729824695240087,-0.14906071907785962,108.33078115826869,329.815202817797,-35.283437764967225,-0.0013268711183212552,106.00121241891969,668.2292534210009,-19.935454383367368,-0.04434403027593529,106.21521829991735,694.874563638316
26.949999999999914,-14.785493356791841,-0.1470219499899772,108.33078115826869,164.9076014090513,-34.74269024517523,-0.0014886021336980265,106.21118527171816,668.2968010903373,-20.026209260846723,-0.04341316702538515,106.43344895220227,694.7621522722859
26.999999999999915,-14.841162018343596,-0.14498318090209475,108.3307811582687,3.0565588374507755e-10,-34.20194272538324,-0.0016503331490747976,106.42115812451664,668.3643487596738,-20.11696413832608,-0.04248230377483501,106.6516796044872,694.6497409062559
