frequency_GHz,S11_13_3_13_dB,S21_13_3_13_dB,phase_delay_13_3_13_rad_per_mm,group_delay_13_3_13_ps_per_mm,S11_16_2_16_dB,S21_16_2_16_dB,phase_delay_16_2_16_rad_per_mm,group_delay_16_2_16_ps_per_mm,S11_15_4_15_dB,S21_15_4_15_dB,phase_delay_15_4_15_rad_per_mm,group_delay_15_4_15_ps_per_mm
3.0,-27.615588120274566,-0.007526634384957763,11.547406758058258,612.3011438744744,-22.598838619353447,-0.02393848673379692,11.552738906218112,610.9716581075186,-21.872571650738664,-0.02831011143871229,11.587012475201549,612.7078390547022
3.05,-27.509321981313843,-0.007715554389516051,11.739766835596326,612.2975410390206,-22.49357228459233,-0.02453473696586964,11.744681313484326,610.9383103896878,-21.787351173692997,-0.028878601207439084,11.779500319798661,612.6756604847858
3.0999999999999996,-27.40305584235312,-0.007904474394074339,11.932126913134391,612.2939382035668,-22.38830594983121,-0.025130987197942357,11.936623720750541,610.904962671857,-21.702130696647327,-0.029447090976165876,11.971988164395773,612.6434819148693
3.1499999999999995,-27.30222327830702,-0.008092504004089738,12.124482463215902,612.2872464052676,-22.28884228418296,-0.025721718789028614,12.128524222038616,610.8381682227329,-21.621775411748796,-0.030004100352302936,12.164435572209344,612.580743279228
3.1999999999999993,-27.201390714260924,-0.008280533614105136,12.31683801329741,612.2805546069686,-22.189378618534704,-0.026312450380114875,12.32042472332669,610.7713737736088,-21.541420126850266,-0.030561109728439995,12.356882980022917,612.5180046435867
3.249999999999999,-27.105783329302874,-0.008467083480975073,12.50918968167373,612.2749154730253,-22.095583806400935,-0.02689501464984912,12.512283194212639,610.7061220194634,-21.46580626238037,-0.031104551956004246,12.549291984925297,612.4584185558523
3.299999999999999,-27.01017594434482,-0.008653633347845007,12.701541350050046,612.269276339082,-22.001788994267166,-0.027477578919583367,12.704141665098588,610.6408702653179,-21.390192397910468,-0.0316479941835685,12.74170098982768,612.3988324681178
3.3499999999999988,-26.919572070154985,-0.008838180029350733,12.893889813786847,612.264839424162,-21.913348344629643,-0.028050573563405734,12.895960168614076,610.5781855682707,-21.319223980341953,-0.032175685285133704,12.934073519555056,612.3425911294427
3.3999999999999986,-26.828968195965146,-0.009022726710856459,13.086238277523648,612.260402509242,-21.824907694992117,-0.028623568207228105,13.087778672129568,610.5155008712235,-21.248255562773437,-0.03270337638669891,13.126446049282436,612.2863497907675
3.4499999999999984,-26.743187346645165,-0.009204704809096322,13.27858437030824,612.2571746128336,-21.74163503029582,-0.029184983922901968,13.27955837110202,610.4551411032679,-21.181832994209817,-0.03321325946616692,13.318784379234252,612.2337838417686
3.4999999999999982,-26.657406497325187,-0.009386682907336186,13.470930463092827,612.2539467164253,-21.65836236559953,-0.029746399638575834,13.471338070074474,610.3947813353124,-21.1154104256462,-0.033723142545634924,13.511122709186072,612.1812178927697
3.549999999999998,-26.57628805447632,-0.009565526348081116,13.663274870535373,612.2520483977956,-21.580054353001994,-0.030294491479487182,13.663080723268534,610.3371174672582,-21.053456288130455,-0.03421310203142471,13.703429182593768,612.1327533476507
3.599999999999998,-26.49516961162745,-0.009744369788826044,13.855619277977919,612.250150079166,-21.501746340404463,-0.03084258332039853,13.854823376462592,610.2794535992037,-20.991502150614714,-0.034703061517214494,13.895735656001465,612.0842888025317
3.6499999999999977,-26.418546237630764,-0.009919564590754243,14.047962985264963,612.2496117849262,-21.42824450392688,-0.031375467399520865,14.046530612881341,610.224766652033,-20.93393026369299,-0.0351711715374312,14.08801308360972,612.0403938927902
3.6999999999999975,-26.34192286363408,-0.010094759392682442,14.240306692552007,612.2490734906863,-21.354742667449297,-0.031908351478643196,14.238237849300091,610.1700797048621,-20.876358376771265,-0.035639281557647895,14.280290511217975,611.9964989830487
3.7499999999999973,-26.269676892346748,-0.010265718388006707,14.43265042355406,612.2499100155298,-21.28587674810134,-0.03242438346544662,14.429911780849558,610.1186314880318,-20.82308844446708,-0.03608370062781285,14.47254182465528,611.9574298859495
3.799999999999997,-26.197430921059418,-0.010436677383330971,14.624994154556115,612.2507465403736,-21.217010828753384,-0.032940415452250044,14.621585712399026,610.0671832712014,-20.769818512162892,-0.03652811969797779,14.66479313809259,611.9183607888502
3.849999999999997,-26.12943714083059,-0.010602866996635669,14.817338913051282,612.2532959833578,-21.15265549598901,-0.033437784686372575,14.813228297081762,610.0191882116013,-20.720790086043802,-0.03694698407225332,14.85702147002547,611.8843060276052
3.899999999999997,-26.061443360601757,-0.010769056609940366,15.009683671546448,612.2558454263423,-21.088300163224634,-0.033935153920495106,15.004870881764496,609.9711931520011,-20.671761659924716,-0.037365848446528835,15.049249801958355,611.8502512663603
3.9499999999999966,-25.99757793685832,-0.010929981628087893,15.20203060627304,612.2601403701403,-21.02832121462031,-0.034412267507534774,15.196484500943306,609.9270265726105,-20.626932147512218,-0.03775727839519653,15.241458320920565,611.8215895712832
3.9999999999999964,-25.93371251311488,-0.011090906646235417,15.394377540999633,612.2644353139386,-20.96834226601598,-0.03488938109457444,15.388098120122114,609.88285999322,-20.582102635099723,-0.03814870834386422,15.433666839882774,611.7929278762059
4.049999999999996,-25.873878047473468,-0.01124603883012982,15.586727696680352,612.2704903731562,-20.91262618844944,-0.03534464622112934,15.57968520344431,609.8425106956502,-20.54140318224456,-0.03851120638124173,15.62585915446738,611.7700548924423
4.099999999999996,-25.814043581832053,-0.011401171014024224,15.779077852361073,612.276545432374,-20.8569101108829,-0.035799911347684225,15.771272286766507,609.8021613980803,-20.5007037293894,-0.038873704418619245,15.818051469051985,611.7471819086785
4.149999999999996,-25.758139722242664,-0.01155003650038009,15.971432396099488,612.284408626172,-20.805383268278653,-0.03623155839532574,15.962835201522587,609.7661910354785,-20.46409912632588,-0.03920563810256457,16.010231244975092,611.7301904300426
4.199999999999996,-25.70223586265327,-0.011698901986735953,16.1637869398379,612.2922718199701,-20.753856425674407,-0.03666320544296725,16.154398116278667,609.7302206728766,-20.42749452326236,-0.03953757178650989,16.202411020898197,611.7131989514065
4.249999999999996,-25.650200113197737,-0.011840964537161805,16.35614697669937,612.302128333909,-20.70637823425169,-0.03707018452775596,16.3459399979101,609.6988470858457,-20.394964108786656,-0.03983733680412378,16.394581983361018,611.7025335418291
4.299999999999995,-25.598164363742203,-0.011983027087587658,16.54850701356084,612.311984847848,-20.65890004282897,-0.03747716361254467,16.53748187954154,609.6674734988148,-20.362433694310955,-0.040137101821737665,16.586752945823847,611.6918681322514
4.349999999999995,-25.549901498095632,-0.012117857820805813,16.740873943359965,612.3239502085146,-20.61542182490247,-0.037857810736181455,16.729005369085407,609.6406388909326,-20.333925929894583,-0.040403551804560615,16.778919319197996,611.6878857543195
4.399999999999995,-25.501638632449062,-0.012252688554023968,16.93324087315909,612.3359155691815,-20.571943606975967,-0.038238457859818234,16.920528858629275,609.6138042830502,-20.305418165478212,-0.040670001787383565,16.971085692572153,611.6839033763875
4.449999999999995,-25.45709418128727,-0.012379843665279909,17.12561594613623,612.3499487057824,-20.532385646686183,-0.03859152701521314,17.112037018897915,609.5918849423726,-20.280911155586843,-0.040901896417351986,17.163251650631274,611.6866203878683
4.499999999999995,-25.41254973012548,-0.012506998776535848,17.317991019113364,612.3639818423833,-20.4928276863964,-0.03894459617060803,17.30354517916656,609.5699656016949,-20.256404145695473,-0.04113379104732041,17.3554176086904,611.689337399349
4.5499999999999945,-25.37167511369617,-0.012626000577512144,17.510375583472033,612.3802088026077,-20.457135632491955,-0.039268779264437254,17.49504112405457,609.5531620050544,-20.235901407606924,-0.04132983675079234,17.547587396361877,611.6989392431888
4.599999999999994,-25.330800497266857,-0.012745002378488439,17.702760147830702,612.3964357628323,-20.42144357858751,-0.03959296235826647,17.68653706894258,609.536358408414,-20.21539866951838,-0.041525882454264265,17.73975718403335,611.7085410870286
4.649999999999994,-25.293545686749635,-0.012855440261141993,17.89515561220745,612.4150621407427,-20.389556576024077,-0.03988716978188558,17.878024113188918,609.5248987831706,-20.198897476192,-0.041685027657032775,17.9319352081253,611.7254048010499
4.699999999999994,-25.256290876232413,-0.012965878143795545,18.087551076584198,612.4336885186533,-20.357669573460644,-0.04018137720550469,18.069511157435254,609.5134391579271,-20.182396282865618,-0.04184417285980128,18.12411323221725,611.7422685150714
4.749999999999994,-25.222592237448588,-0.013067424225233956,18.27995904753967,612.4546694593756,-20.329540713333557,-0.040444554160309794,18.26099270173347,609.5074234013189,-20.169879981434057,-0.04196570460444174,18.31630421145676,611.7665462040328
4.799999999999994,-25.18889359866476,-0.013168970306672367,18.47236701849514,612.4756504000981,-20.30141185320647,-0.0407077311151149,18.452474246031695,609.5014076447105,-20.157363680002497,-0.042087236349082194,18.508495190696273,611.7908238929944
4.849999999999993,-25.158748579306305,-0.01326115721194812,18.66478884829958,612.49907829356,-20.277006627258736,-0.04093887195846166,18.643953730655323,609.5010618199851,-20.148864667826427,-0.042170163992963694,18.700703723031936,611.8226614606109
4.899999999999993,-25.12860355994785,-0.013353344117223873,18.857210678104025,612.5225061870223,-20.252601401311,-0.04117001280180841,18.835433215278957,609.5007159952597,-20.140365655650353,-0.04225309163684519,18.892912255367598,611.8544990282275
4.949999999999993,-25.101950275240608,-0.013435930890085039,19.049648089418692,612.5485297695885,-20.231876783801447,-0.04136836575683916,19.02691432500101,609.5061142565652,-20.135878761166033,-0.04229700351524832,19.08514324287452,611.8941264610411
4.999999999999993,-25.075296990533364,-0.013518517662946204,19.24208550073336,612.5745533521548,-20.211152166291896,-0.0415667187118699,19.218395434723064,609.5115125178708,-20.13139186668171,-0.042340915393651445,19.277374230381444,611.9337538938546
5.049999999999993,-25.05213294186941,-0.013591122100926396,19.434540032736127,612.6031283046556,-20.194112841368987,-0.04173123610760069,19.40988170300192,609.5228354370313,-20.130957868834,-0.04234516825463182,19.469632560017832,611.9812630886044
5.0999999999999925,-25.02896889320546,-0.013663726538906587,19.626994564738897,612.6317032571563,-20.177073516446082,-0.041895753503331475,19.601367971280773,609.5341583561918,-20.130523870986284,-0.042349421115612185,19.66189088965422,612.0287722833542
5.149999999999992,-25.009283283264676,-0.013726041737174354,19.819467884397902,612.6629478457481,-20.163673096532968,-0.04202605750488781,19.792863309802687,609.551577962919,-20.13416012612079,-0.04231381940518901,19.85418157897602,612.0842924288897
5.199999999999992,-24.989597673323896,-0.013788356935442118,20.01194120405691,612.69419243434,-20.150272676619856,-0.04215636150644415,19.984358648324598,609.5689975696464,-20.1377963812553,-0.042278217694765835,20.04647226829783,612.1398125744254
5.249999999999992,-24.973373143415674,-0.013840142836950323,20.20443499916767,612.7281895818263,-20.140523047138647,-0.04225167642188704,20.175866806726862,609.5925302237615,-20.145554655797994,-0.042202460177563975,20.23880036660675,612.2034323425944
5.299999999999992,-24.957148613507457,-0.013891928738458525,20.396928794278434,612.7621867293128,-20.130773417657437,-0.042346991337329935,20.36737496512913,609.6160628778767,-20.153312930340693,-0.04212670266036211,20.431128464915677,612.2670521107634
5.349999999999992,-24.94438393196623,-0.013932946687374357,20.589444836012955,612.7989402650152,-20.12466104245332,-0.04240696800494877,20.558899875656355,609.6458640320152,-20.16523732484671,-0.04201079488832579,20.623499101196,612.3388839796668
5.3999999999999915,-24.931619250425005,-0.013973964636290187,20.781960877747476,612.8356938007176,-20.1185486672492,-0.042466944672567584,20.750424786183583,609.6756651861535,-20.17716171935273,-0.04189488711628947,20.815869737476326,612.4107158485701
5.449999999999991,-24.922330071738543,-0.014003965462531152,20.97450085871334,612.8752803783518,-20.116092265114723,-0.042491095328230775,20.94197039382061,609.7118209816498,-20.193313478715307,-0.04173890987516295,21.008288102373907,612.4907865380404
5.499999999999991,-24.913040893052084,-0.014033966288772116,21.167040839679206,612.9148669559859,-20.113635862980242,-0.04251524598389396,21.133516001457643,609.747976777146,-20.209465238077886,-0.04158293263403642,21.200706467271488,612.5708572275108
5.549999999999991,-24.907229910979865,-0.014052800507048564,21.35960662737432,612.9574445949225,-20.11482759200044,-0.042503526101760565,21.325086346697475,609.7905497438738,-20.22992291597841,-0.04138704631514516,21.393177723347733,612.6592419851114
5.599999999999991,-24.901418928907646,-0.014071634725325008,21.552172415069432,613.0000222338591,-20.11601932102064,-0.042491806219627164,21.516656691937314,609.8331227106017,-20.250380593878937,-0.04119115999625388,21.585648979423986,612.7476267427121
5.649999999999991,-24.899105386003463,-0.014079146683597525,21.744765900674373,613.0455146681994,-20.120880002636202,-0.04244406962360167,21.708255798342144,609.88212300716,-20.275202509540687,-0.040955972409162544,21.77817841188363,612.8443465553734
5.69999999999999,-24.896791843099276,-0.01408665864187004,21.937359386279308,613.0910071025397,-20.125740684251767,-0.042396333027576165,21.899854904746977,609.9311233037182,-20.300024425202437,-0.0407207848220712,21.970707844343274,612.9410663680346
5.74999999999999,-24.898001859599095,-0.01408272872696499,22.12998234145343,613.1394886210497,-20.134314695291224,-0.042312391293083236,22.09148682557549,609.9866027859996,-20.32930570365958,-0.040446813040612074,22.163300642120692,613.0460695323827
5.79999999999999,-24.899211876098914,-0.014078798812059937,22.32260529662755,613.1879701395599,-20.14288870633068,-0.04222844955859029,22.283118746404,610.042082268281,-20.358586982116723,-0.04017284125915294,22.355893439898107,613.1510726967309
5.84999999999999,-24.903962608661082,-0.014063390113991407,22.515259705905443,613.2395114037959,-20.155184886705715,-0.04210864797483107,22.474787570382414,610.1040618204652,-20.39243168171932,-0.03986078143198088,22.54855482322564,613.2643700546769
5.89999999999999,-24.90871334122325,-0.014047981415922875,22.70791411518334,613.2910526680321,-20.16748106708075,-0.04198884639107183,22.666456394360832,610.1660413726495,-20.426276381321912,-0.03954872160480881,22.741216206553172,613.3776674126229
5.9499999999999895,-24.917071223575245,-0.014020955351805047,22.90060183902029,613.3456179256243,-20.18356956609508,-0.04183312664331869,22.85816620099167,610.2345282117628,-20.4647934872831,-0.039199499921408455,22.933951377989544,613.4991892623268
5.999999999999989,-24.925429105927243,-0.013993929287687217,23.09328956285724,613.4001831832167,-20.199658065109407,-0.04167740689556554,23.04987600762251,610.3030150508763,-20.503310593244287,-0.038850278238008094,23.126686549425916,613.6207111120308
6.049999999999989,-24.937418645003998,-0.013955339778461619,23.286012540860096,613.4578523607285,-20.219561545301676,-0.04148636786949144,23.241630894701178,610.3779912443605,-20.546619648447766,-0.03846500342494449,23.319500641613566,613.750409495802
6.099999999999989,-24.949408184080752,-0.01391675026923602,23.478735518862948,613.5155215382404,-20.239465025493946,-0.041295328843417335,23.433385781779844,610.4529674378448,-20.58992870365125,-0.03807972861188088,23.51231473380121,613.8801078795732
6.149999999999989,-24.96509063147063,-0.013866598533164158,23.671495711925665,613.5763282755013,-20.26326403543078,-0.041069206811539444,23.62518980627414,610.5344069610077,-20.63819214563299,-0.03765941462496831,23.705212889033437,614.0178731586572
6.199999999999989,-24.98077307886051,-0.013816446797092296,23.86425590498838,613.6371350127622,-20.28706304536761,-0.040843084779661545,23.816993830768435,610.6158464841707,-20.686455587614727,-0.03723910063805573,23.898111044265665,614.1556384377411
6.2499999999999885,-25.0002096092539,-0.01375479138055553,24.05705529499086,613.7010876878109,-20.314821283736247,-0.0405824877595539,24.008851057770176,610.7037181709256,-20.73979120480887,-0.036785443841155153,24.091098257408788,614.3013303071283
6.299999999999988,-25.019646139647296,-0.013693135964018763,24.249854684993338,613.7650403628595,-20.342579522104884,-0.04032189073944625,24.200708284771917,610.7915898576806,-20.793126822003018,-0.03633178704425456,24.284085470551915,614.4470221765155
6.349999999999988,-25.042902978372656,-0.013620084777211595,24.442695243357697,613.8321594648936,-20.374370776854633,-0.040027531953447264,24.392622732084437,610.8857892105085,-20.851735040823968,-0.03584607051602005,24.47716670758676,614.6005277523825
6.399999999999988,-25.06615981709802,-0.013547033590404422,24.635535801722053,613.8992785669278,-20.406162031604385,-0.03973317316744827,24.584537179396957,610.9799885633366,-20.91034325964492,-0.035360353987785524,24.670247944621607,614.7540333282495
6.449999999999988,-25.093326603658667,-0.013462689634197103,24.828419536075682,613.9695508956771,-20.44205561598573,-0.039406016230285404,24.776512780796626,611.080467597466,-20.974393045812388,-0.034844438584167275,24.8634280585605,614.9151893666768
6.499999999999988,-25.120493390219313,-0.01337834567798978,25.021303270429307,614.0398232244265,-20.477949200367075,-0.039078859293122534,24.9684883821963,611.1809466315956,-21.038442831979854,-0.03432852318054902,25.0566081724994,615.0763454051042
6.549999999999987,-25.151660023522158,-0.013282878791191948,25.21423213560637,614.1132746778869,-20.518069822362616,-0.03871957379652598,25.160529095187005,611.2876348237656,-21.10814919680898,-0.033784211850056284,25.24989192418481,615.2449521399203
6.599999999999987,-25.182826656825007,-0.013187411904394113,25.40716100078343,614.1867261313474,-20.558190444358154,-0.038360288299929414,25.352569808177712,611.3943230159358,-21.177855561638108,-0.03323990051956355,25.443175675870222,615.4135588747363
6.649999999999987,-25.218077703570575,-0.01308107605063062,25.60013703695569,614.263372418295,-20.60263966534404,-0.03796998388103086,25.544679477913675,611.50705804597,-21.253454259059747,-0.03266913623657918,25.63656766728089,615.589400065513
6.699999999999987,-25.253328750316147,-0.012974740196867125,25.79311307312795,614.3400187052428,-20.64708888632993,-0.0375796794621323,25.736789147649638,611.6197930760043,-21.329052956481384,-0.032098371953594815,25.82995965869156,615.7652412562899
6.749999999999987,-25.29279550604673,-0.012857726216816141,25.98613825486981,614.4198046833556,-20.695979524363658,-0.03715958041609398,25.92897152765721,611.7384539830565,-21.410788022002567,-0.031503387654872365,26.023464378934232,615.9480772636624
6.7999999999999865,-25.332262261777313,-0.012740712236765154,26.17916343661167,614.4995906614683,-20.744870162397387,-0.03673948137005566,26.12115390766478,611.8571148901088,-21.49252308752375,-0.030908403356149906,26.2169690991769,616.1309132710351
6.849999999999986,-25.376050605135088,-0.01261335481447928,26.37223973480101,614.5825230525251,-20.7983449826855,-0.0362907825627451,26.313412691094292,611.981581474771,-21.580671772505863,-0.03029151431657614,26.410590849090603,616.3205007608244
6.899999999999986,-25.419838948492863,-0.012485997392193401,26.56531603299035,614.6654554435818,-20.851819802973615,-0.03584208375543454,26.5056714745238,612.1060480594333,-21.66882045748798,-0.029674625277002372,26.604212599004303,616.5100882506138
6.949999999999986,-25.468103979158126,-0.012348572170485678,26.758445430648404,614.7515566983013,-20.910028075810228,-0.0353661637083178,26.69801026385457,612.2361544551675,-21.763699965712142,-0.02903821047930919,26.797955561913025,616.7061649322949
6.999999999999986,-25.516369009823386,-0.012211146948777951,26.95157482830646,614.8376579530209,-20.96823634864684,-0.03489024366120104,26.890349053185336,612.3662608509017,-21.85857947393631,-0.028401795681616004,26.991698524821746,616.902241613976
7.049999999999986,-25.569248246926296,-0.012064058593186808,27.144759324523513,614.9268607342807,-21.031346617384074,-0.034388573324235824,27.082771333133657,612.5018247869731,-21.960521725739678,-0.027748490494535046,27.185566671960533,617.1044585258401
7.099999999999985,-25.622127484029207,-0.011916970237595663,27.33794382074057,615.0160635155406,-21.09445688612131,-0.0338869029872706,27.275193613081978,612.6373887230445,-22.062463977543047,-0.027095185307454084,27.379434819099316,617.306675437704
7.149999999999985,-25.679796580309446,-0.011760611228094547,27.53118531391954,615.1083482814865,-21.162656431528664,-0.03336104226506622,27.467702757079003,612.7782156614602,-22.171836893918016,-0.026427745381133082,27.573431895273934,617.5147241025302
7.199999999999985,-25.73746567658969,-0.011604252218593429,27.72442680709851,615.2006330474326,-21.23085597693602,-0.03283518154286184,27.66021190107603,612.9190425998759,-22.281209810292992,-0.025760305454812078,27.767428971448556,617.7227727673563
7.249999999999985,-25.800115980714633,-0.011439028513337132,27.917727271772662,615.2960118185683,-21.304344705585013,-0.032286859819197745,27.852811149374418,613.0648970080656,-22.398419284830844,-0.02508160038139219,27.961558560250147,617.9363261419508
7.299999999999985,-25.862766284839577,-0.011273804808080833,28.111027736446815,615.391390589704,-21.377833434234006,-0.03173853809553365,28.0454103976728,613.2107514162553,-22.5156287593687,-0.0244028953079723,28.15568814905173,618.1498795165452
7.3499999999999845,-25.930593843371565,-0.011100234333430528,28.304389086124463,615.4897605050566,-21.45683688130324,-0.03116955073552617,28.238102827724735,613.3614834485273,-22.64113023940405,-0.023715872468606396,28.349953584311464,618.368558852534
7.399999999999984,-25.998421401903556,-0.01092666385878022,28.497750435802118,615.5881304204092,-21.535840328372473,-0.030600563375518683,28.430795257776662,613.5122154807992,-22.7666317194394,-0.023028849629240487,28.54421901957119,618.5872381885225
7.449999999999984,-26.071661007077378,-0.010745247441693284,28.691174515757627,615.6894469043156,-21.62063024578516,-0.030012654705997264,28.623583921533147,613.6675491464443,-22.90091084013046,-0.02233666895725003,28.738623408930952,618.8106587190566
7.499999999999984,-26.144900612251202,-0.010563831024606346,28.88459859571314,615.790763388222,-21.70542016319785,-0.029424746036475838,28.816372585289628,613.8228828120897,-23.035189960821526,-0.02164448828525957,28.933027798290713,619.0340792495906
7.549999999999984,-26.223801645299936,-0.010375136070353702,29.078087263439404,615.8949819933799,-21.79626143336071,-0.028820003283626768,29.0092602133827,613.9825425808816,-23.178790137265835,-0.020950343726965442,29.127573992069397,619.2618661624805
7.599999999999984,-26.302702678348673,-0.010186441116101055,29.27157593116567,615.9992005985379,-21.887102703523567,-0.028215260530777695,29.20214784147577,614.1422023496737,-23.322390313710144,-0.02025619916867132,29.322120185848085,619.4896530753704
7.6499999999999835,-26.387557834226996,-0.009991017377866812,29.46513097608291,616.106313600059,-21.984318887484328,-0.02759567405171334,29.39513713961494,614.3059708105594,-23.475914502205843,-0.019563358567546686,29.51681082068469,619.7213705777185
7.699999999999983,-26.47241299010532,-0.009795593639632566,29.658686021000154,616.2134266015803,-22.08153507144509,-0.026976087572648976,29.588126437754102,614.4697392714452,-23.629438690701544,-0.018870517966422053,29.711501455521297,619.9530880800667
7.749999999999983,-26.563518731471817,-0.009594136874533152,29.852309290893892,616.3233418976514,-22.18547616774321,-0.02634380529379627,29.781219863364615,614.6373146078423,-23.793527133566368,-0.01818242619537907,29.906338834101213,620.1882696154006
7.799999999999983,-26.654624472838318,-0.009392680109433735,30.045932560787634,616.4332571937225,-22.289417264041337,-0.02571152301494356,29.97431328897513,614.8048899442393,-23.957615576431195,-0.017494334424336087,30.101176212681136,620.4234511507345
7.849999999999983,-26.752329762326582,-0.009185855709275628,30.239625729339537,616.545918109754,-22.400481822188723,-0.02506871437864581,30.167513168492597,614.975989877759,-24.132962135833292,-0.01681450250723141,30.296162385351213,620.661664339869
7.899999999999983,-26.85003505181485,-0.008979031309117516,30.433318897891446,616.6585790257855,-22.51154638033611,-0.02442590574234806,30.360713048010055,615.1470898112786,-24.30830869523539,-0.01613467059012674,30.49114855802128,620.8998775290037
7.949999999999982,-26.95473109254698,-0.008767501927913033,30.627083741667647,616.7739341135887,-22.630173603065085,-0.023774879745372113,30.55402148413824,615.3214089805992,-24.495651445429896,-0.01546670790425557,30.68628528412319,621.140639143995
7.999999999999982,-27.059427133279108,-0.008555972546708547,30.820848585443844,616.889289201392,-22.748800825794063,-0.023123853748396164,30.747329920266427,615.4957281499198,-24.682994195624406,-0.014798745218384405,30.881422010225098,621.3814007589865
8.049999999999983,-27.171548521694074,-0.008340487836653762,31.014686713474312,617.0071760147304,-22.875492686797795,-0.022466936915015955,30.940748855712588,615.6729804202445,-24.883112902772933,-0.014146304905301266,31.076710732863546,621.6242267522503
8.099999999999982,-27.28366991010904,-0.008125003126598985,31.20852484150477,617.1250628280688,-23.002184547801527,-0.02181002008163577,31.13416779115873,615.850232690569,-25.083231609921455,-0.013493864592218158,31.271999455501987,621.867052745514
8.14999999999998,-27.403705474432723,-0.007906336176764192,31.40243782621966,617.2454538484191,-23.13750976026067,-0.021149610933953,31.32769896905902,616.0300855742471,-25.296905481399865,-0.012860691561675821,31.467441325746503,622.1114281652384
8.199999999999982,-27.523741038756413,-0.007687669226929388,31.596350810934556,617.3658448687694,-23.27283497271982,-0.020489201786270207,31.52123014695932,616.2099384579252,-25.51057935287829,-0.012227518531133469,31.662883195991025,622.3558035849627
8.249999999999982,-27.65221932068429,-0.007466654991500439,31.790340226783062,617.488562179236,-23.417437703268565,-0.019827753969006243,31.714875092204718,616.3920137855365,-25.73855443847038,-0.011617431200798676,31.858479009838813,622.6011941763655
8.299999999999981,-27.780697602612165,-0.007245640756071498,31.98432964263156,617.6112794897027,-23.5620404338173,-0.019166306151742307,31.908520037450103,616.5740891131479,-25.966529524062473,-0.011007343870463916,32.054074823686584,622.8465847677683
8.34999999999998,-27.91824860823035,-0.007023081667276936,32.17839683846686,617.7363515417866,-23.716648762435064,-0.018506355326424175,32.102280017955046,616.758068855084,-26.209443048057974,-0.010424199535291861,32.24982506084279,623.0925000353343
8.39999999999998,-28.055799613848546,-0.006800522578482366,32.37246403430217,617.8614235938705,-23.871257091052836,-0.01784640450110602,32.29603999845999,616.9420485970202,-26.452356572053485,-0.009841055200119799,32.445575297998985,623.3384153029002
8.449999999999982,-28.203119591590358,-0.006577324737970786,32.56661062032668,617.9887369626446,-24.03671885444151,-0.0171904845561543,32.48991613946765,617.1276557482661,-26.710633434034623,-0.00928871510095315,32.641480138085974,623.5843021897464
8.49999999999998,-28.35043956933217,-0.006354126897459214,32.76075720635117,618.1160503314186,-24.202180617830184,-0.016534564611202597,32.683792280475316,617.3132628995119,-26.96891029601576,-0.00873637500178653,32.83738497817294,623.8301890765927
8.54999999999998,-28.508307315563233,-0.0061312218189773435,32.95498438888409,618.2454739276848,-24.379474945236137,-0.01588529342892098,32.877785501805384,617.5000470076591,-27.242524471417887,-0.00821877423177378,33.033444205904075,624.0754890152139
8.59999999999998,-28.66617506179431,-0.005908316740495466,33.14921157141702,618.374897523951,-24.5567692726421,-0.015236022246639346,33.07177872313545,617.6868311158061,-27.516138646820032,-0.007701173461761026,33.22950343363521,624.3207889538351
8.64999999999998,-28.835502228973617,-0.005686571693655681,33.343520795929216,618.5063246732525,-24.747024163007687,-0.014595945096955897,33.2658895839759,617.8744780411537,-27.804319160317576,-0.007222242556120631,33.42571652671623,624.5649521239759
8.69999999999998,-29.004829396152925,-0.005464826646815904,33.537830020441405,618.6377518225542,-24.937279053373267,-0.013955867947272473,33.460000444816345,618.0621249665012,-28.092499673815112,-0.006743311650480269,33.62192961979724,624.8091152941169
8.749999999999979,-29.18664714709326,-0.0052452156919793325,33.73222235920101,618.771061158523,-25.14183845309907,-0.01332761426001408,33.654229470227264,618.2502450197067,-28.393204515334943,-0.006306984536755558,33.81829567201701,625.051568854269
8.79999999999998,-29.368464898033608,-0.005025604737142754,33.92661469796062,618.9043704944919,-25.346397852824882,-0.012699360572755669,33.84845849563819,618.438365072912,-28.69390935685479,-0.0058706574230308495,34.01466172423678,625.2940224144213
8.84999999999998,-29.56395890241797,-0.004809152011427949,34.12109144392504,619.0394695062238,-25.56681409874063,-0.012085659196273978,34.0428057551095,618.6265667634781,-29.003066264993002,-0.005480907502022677,34.21117949344717,625.534227927187
8.899999999999979,-29.759452906802327,-0.004592699285713153,34.31556818988944,619.1745685179558,-25.787230344656376,-0.011471957819792314,34.2371530145808,618.814768454044,-29.312223173131212,-0.0050911575810145375,34.40769726265754,625.7744334399526
8.949999999999978,-29.969984486709905,-0.004380411914898866,34.510130299074156,619.311219232516,-26.025390259700252,-0.010875426557715066,34.43161854121111,619.0027427168135,-29.622646792590086,-0.004751896432888018,34.60436516602701,626.0118037045539
8.999999999999979,-30.180516066617496,-0.004168124544084572,34.704692408258886,619.4478699470761,-26.263550174744143,-0.010278895295637804,34.626084067841425,619.1907169795828,-29.933070412048973,-0.0044126352847615085,34.80103306939648,626.2491739691553
9.04999999999998,-30.407681493922833,-0.003961030837897871,34.89934087457569,619.5859300567536,-26.521708830116108,-0.00970220494381071,34.82066754273792,619.3780305286007,-30.233126675477266,-0.004127766845497388,34.997849126878656,626.4831424195241
9.099999999999978,-30.63484692122817,-0.003753937131711178,35.09398934089248,619.7239901664312,-26.77986748548807,-0.009125514591983646,35.01525101763441,619.5653440776185,-30.53318293890554,-0.0038428984062333013,35.194665184360815,626.7171108698928
9.149999999999977,-30.880485429397257,-0.003553114307989479,35.28872494152772,619.8635352470093,-27.060787025425046,-0.008571320309966874,35.20995192941253,619.751554009498,-30.8055698434019,-0.003616312877964985,35.39162710115622,626.9470426718781
9.199999999999978,-31.126123937566366,-0.0033522914842677755,35.48346054216297,620.0030803275876,-27.341706565362042,-0.008017126027950091,35.40465284119066,619.9377639413774,-31.077956747898263,-0.0033897273496966856,35.588589017951634,627.1769744738634
9.249999999999979,-31.39238438642706,-0.003158797953964532,35.678284365999765,620.1439713615923,-27.648790446637296,-0.007488011598288698,35.59947031438876,620.1225620903774,-31.299624921097525,-0.0032252075294715438,35.78569401625778,627.4023701503305
9.299999999999978,-31.658644835287756,-0.002965304423661298,35.87310818983654,620.2848623955971,-27.95587432791255,-0.006958897168627335,35.79428778758685,620.3073602393773,-31.52129309429676,-0.0030606877092464345,35.98279901456391,627.6277658267977
9.349999999999977,-31.948026111798175,-0.0027802693533189315,36.06802083936674,620.4266639019412,-28.293421110021,-0.006457680821683769,35.98922092356789,620.4905205452393,-31.666007903724644,-0.002961999161236562,36.18004417191985,627.8480890101114
9.399999999999977,-32.23740738830861,-0.002595234282976562,36.26293348889695,620.5684654082851,-28.63096789212948,-0.005956464474740199,36.18415405954893,620.6736808511012,-31.810722713152497,-0.002863310613226717,36.377289329275804,628.0684121934253
9.449999999999978,-32.552805758614646,-0.002419763097730862,36.45793550576198,620.7112890955464,-29.00448015194163,-0.005485550608715642,36.379201698775574,620.854654939746,-31.85540055080182,-0.002834122811443307,36.574671193859594,628.2830228737727
9.499999999999977,-32.86820412892068,-0.002244291912485173,36.652937522627006,620.8541127828075,-29.377992411753787,-0.0050146367426911155,36.5742493380022,621.0356290283906,-31.9000783884511,-0.0028049350096599306,36.772053058443376,628.4976335541202
9.549999999999976,-33.21295379433186,-0.0020795208087602043,36.84802964969587,620.9977246379298,-29.794673414599927,-0.004576636938995787,36.76940989273019,621.2139853100504,-31.833073684684486,-0.002848899996183893,36.96956790353402,628.7060136306125
9.599999999999977,-33.55770345974307,-0.0019147497050352345,37.043121776764735,621.141336493052,-30.211354417446103,-0.004138637135300457,36.96457044745817,621.39234159171,-31.766068980917815,-0.0028928649827078905,37.167082748624686,628.9143937071048
9.649999999999977,-33.93551074731986,-0.0017618415965311833,37.23830426160938,621.2855891047602,-30.68091040213759,-0.0037360865109566837,37.159842215798484,621.5677512420373,-31.592212756871813,-0.003013465696999339,37.36472647133546,629.1159828526336
9.699999999999976,-34.31331803489666,-0.0016089334880271431,37.433486746454015,621.4298417164683,-31.15046638682909,-0.003333535886612941,37.35511398413879,621.7431608923646,-31.418356532825772,-0.0031340664112908187,37.562370194046224,629.3175719981623
9.749999999999975,-34.72809315346419,-0.0014690333476161184,37.628760146700955,621.574673102488,-31.686384899991367,-0.002968936697036444,37.550494965134305,621.9152097278399,-31.156806582855662,-0.0033347307916525492,37.76013836352832,629.5118335824139
9.799999999999976,-35.14286827203174,-0.001329133207205095,37.8240335469479,621.7195044885075,-32.22230341315369,-0.0026043375074599516,37.74587594612983,622.087258563315,-30.895256632885506,-0.0035353951720143244,37.95790653301043,629.7060951666655
9.849999999999977,-35.598124429714176,-0.001203424363246163,38.01939803227988,621.8645869290001,-32.84415053595174,-0.0022797463276608343,37.94136391741317,622.2556683429301,-30.571862202040137,-0.0038194028954919006,38.15579437202759,629.892511276556
9.899999999999975,-36.05338058739661,-0.0010777155192872425,38.21476251761184,622.0096693694927,-33.4659976587498,-0.001955155147861748,38.13685188869651,622.4240781225451,-30.248467771194747,-0.0041034106189695085,38.35368221104474,630.0789273864464
9.949999999999974,-36.550857438253594,-0.0009673724212272205,38.41021823383047,622.15486753233,-34.20360162704498,-0.0016735382181210126,38.33244449966261,622.5885415156239,-29.888161361044716,-0.00447391994140569,38.55168463791938,630.2569905482061
9.999999999999975,-37.04833428911062,-0.0008570293231672022,38.60567395004911,622.3000656951673,-34.94120559534024,-0.0013919212883802881,38.5280371106287,622.7530049087026,-29.527854950894653,-0.004844429263841928,38.74968706479403,630.4350537099659
10.049999999999976,-37.58462657659136,-0.0007632393386720984,38.801220896773756,622.445302374643,-35.843557358254195,-0.0011549749828942428,38.723731752707046,622.9130594031849,-29.150485965401387,-0.005304466740452988,38.94779866457953,630.6042626492015
10.099999999999975,-38.120918864072095,-0.000669449354177006,38.99676784349839,622.5905390541188,-36.7459091211682,-0.0009180286774082282,38.91942639478537,623.0731138976671,-28.773116979908128,-0.005764504217064074,39.14591026436503,630.773471588437
10.149999999999974,-38.68043880277292,-0.0005934072347783846,39.19240606951114,622.7356840919542,-37.9017531268297,-0.0007284161887141938,39.11522013616108,623.2288058612107,-28.392613140722656,-0.006316942867704803,39.34412532546384,630.9333389089038
10.199999999999974,-39.23995874147378,-0.0005173651153797692,39.388044295523876,622.8808291297894,-39.057597132491374,-0.0005388037000201762,39.311013877536794,623.3844978247545,-28.01210930153717,-0.006869381518345596,39.54234038656266,631.0932062293706
10.249999999999975,-39.78153520764792,-0.00046025582734833623,39.58377363688235,623.0256227471281,-40.65356960429157,-0.0003982655696557116,39.50690416790669,623.5353245430977,-27.637380597597147,-0.007516758731616714,39.740652881547966,631.2433000024496
10.299999999999974,-40.32311167382203,-0.00040314653931691475,39.779502978240814,623.1704163644666,-42.24954207609193,-0.0002577274392912765,39.70279445827657,623.686151261441,-27.26265189365714,-0.008164135944887857,39.93896537653327,631.3933937755285
10.349999999999973,-40.763199950550444,-0.00036615842723454483,39.975323157279355,623.3147093599127,-44.789913913790556,-0.00016791326448417507,39.8987777340964,623.8303667461197,-26.898929411775036,-0.008909299328906297,40.13736905103002,631.5332135352298
10.399999999999974,-41.20328822727882,-0.0003291703151521844,40.17114333631791,623.4590023553587,-47.330285751489775,-7.809908967709749e-05,40.09476100991624,623.9745822307983,-26.535206929892926,-0.009654462712924814,40.33577272552678,631.673033294931
10.449999999999974,-41.42050047964141,-0.0003134945397311879,40.36705400160217,623.6026192795713,-52.30404439139681,-3.6581266510192314e-05,40.29083252680901,624.1141847747145,-26.18528027175637,-0.010499521351578889,40.53426092320406,631.802329622853
10.499999999999973,-41.63771273200388,-0.0002978187643102034,40.562964666886415,623.7462362037837,-57.277803031304956,4.936556656685653e-06,40.486904043701784,624.2537873186308,-25.83535361361983,-0.011344579990232985,40.73274912088133,631.9316259507749
10.549999999999972,-41.54048530322378,-0.0003046129909092082,40.758965320274584,623.8890431493064,-53.52499858687533,-1.324598130633493e-05,40.683062749252166,624.3886889814166,-25.50047238101952,-0.012291812006094369,40.93131527393565,632.0501783388497
10.599999999999973,-41.44325787444351,-0.0003114072175082252,40.954965973662745,624.031850094829,-49.77219414244092,-3.142851926938797e-05,40.87922145480257,624.5235906442024,-25.165591148419203,-0.01323904402195584,41.12988142698998,632.1687307269244
10.649999999999974,-41.05511746090816,-0.00034188928243691745,41.15105609544738,624.1736649549837,-46.60735015141994,-0.00011054929588836519,41.07546249412445,624.6495441461408,-24.846010399122445,-0.014290854074785536,41.32851860199184,632.2755586953651
10.699999999999973,-40.666977047372654,-0.0003723713473656212,41.34714621723201,624.3154798151381,-43.4425061603994,-0.0001896700725073721,41.27170353344632,624.7754976480791,-24.526429649825705,-0.015342664127615249,41.52715577699368,632.3823866638057
10.749999999999972,-40.10230742289633,-0.00042768189643375623,41.54332508042929,624.4561078979898,-41.57896651205492,-0.00032639116002558977,41.46802051683525,624.8931069173822,-24.221876512380224,-0.01650001259822448,41.72585617403234,632.4771935952804
10.799999999999972,-39.537637798419894,-0.00048299244550190643,41.73950394362659,624.5967359808416,-39.715426863711066,-0.00046311224754384307,41.66433750022421,625.0107161866852,-23.917323374934742,-0.017657361068833807,41.924556571071015,632.5720005267549
10.849999999999973,-38.90778002620148,-0.000564277422801588,41.935770783872016,624.7359863274606,-38.39944934712345,-0.0006556671046533014,41.860726331712655,625.1287187612324,-23.627216472059864,-0.018922372204043122,42.12331288397664,632.6548046376636
10.899999999999972,-38.27792225398304,-0.0006455624001012814,42.13203762411742,624.8752366740796,-37.08347183053619,-0.0008482219617627846,42.05711516320111,625.2467213357796,-23.337109569185007,-0.020187383339252456,42.32206919688226,632.7376087485724
10.94999999999997,-37.64930626079791,-0.000753937823860575,42.32839147446111,625.0130535144817,-36.06618856994302,-0.0010989650599970099,42.25358043299857,625.3522749654782,-23.060720084657376,-0.02156184406498934,42.52087364863553,632.8080760840481
10.999999999999972,-37.02069026761275,-0.0008623132476198879,42.52474532480478,625.1508703548839,-35.04890530934998,-0.0013497081582312768,42.45004570279604,625.4578285951766,-22.78433060012974,-0.022936304790726336,42.719678100388805,632.878543419524
11.049999999999972,-36.423102492265855,-0.0009989468399844697,42.721185350799544,625.2870732035457,-34.21899616773191,-0.0016731408488814743,42.646567176887544,625.5556660919107,-22.52087220289957,-0.024421503475429412,42.918522965159816,632.9358699337223
11.099999999999971,-35.825514716919,-0.0011355804323490626,42.9176253767943,625.4232760522074,-33.38908702611397,-0.0019965735395317016,42.84308865097904,625.6535035886446,-22.25741380566942,-0.025906702160132498,43.117367829930814,632.9931964479206
11.14999999999997,-35.268864329932455,-0.0013015425849589026,43.11415038468547,625.5575538818284,-32.68825004343531,-0.0023661413791031404,43.0396768670009,625.7459415384006,-22.00607679244729,-0.027505327738309143,43.31624432030643,633.040107459971
11.19999999999997,-34.712213942945915,-0.0014675047375687655,43.31067539257665,625.6918317114495,-31.98741306075669,-0.0027357092186746186,43.236265083022765,625.8383794881568,-21.754739779225154,-0.029103953316485912,43.515120810682056,633.0870184720213
11.249999999999972,-34.19742358191434,-0.001663873762942261,43.50728415706864,625.8240968845818,-31.380525709712046,-0.003138865542364147,43.43290271806781,625.9345382417274,-21.514832040196918,-0.030804374098906587,43.71402462556938,633.11965925337
11.29999999999997,-33.68263322088282,-0.0018602427883157668,43.70389292156062,625.9563620577142,-30.773638358667473,-0.0035420218660536795,43.62954035311285,626.030696995298,-21.2749243011687,-0.03250479488132726,43.91292844045671,633.1523000347187
11.34999999999997,-33.20705116090794,-0.0020880578560634124,43.9005841387703,626.0864986637947,-30.23919023133221,-0.0040864096652931834,43.826249405788225,626.1002974686423,-21.04560447388674,-0.0343244108651825,44.111845948447886,633.1714648227113
11.39999999999997,-32.73146910093306,-0.0023158729238110854,44.09727535597997,626.2166352698753,-29.70474210399697,-0.004630797464532792,44.02295845846361,626.1698979419867,-20.81628464660478,-0.03614402684903789,44.31076345643907,633.1906296107039
11.44999999999997,-32.29131335556734,-0.0025761785870177245,44.29404765495421,626.3444483735599,-29.226313609773428,-0.005182361820098839,44.21968355604296,626.2320354925423,-20.596944859091995,-0.03807246399847341,44.509691354509265,633.1972872473435
11.49999999999997,-31.85115761020165,-0.0028364842502243744,44.490819953928444,626.4722614772444,-28.747885115549934,-0.00573392617566487,44.4164086536223,626.2941730430979,-20.37760507157922,-0.04000090114790893,44.70861925257946,633.2039448839832
11.549999999999969,-31.44254219379224,-0.003130265712151419,44.687671785821145,626.5975777294025,-28.315931830110113,-0.006448386336696474,44.61319579064661,626.3638171827008,-20.167589579878815,-0.04203649731215693,44.90754512680358,633.1975865826145
11.59999999999997,-31.033926777382828,-0.003424047174078495,44.884523617713846,626.7228939815606,-27.883978544670303,-0.007162846497728203,44.80998292767093,626.4334613223039,-19.957574088178408,-0.044072093476405075,45.106471001027714,633.1912282812457
11.64999999999997,-30.653260130711832,-0.003752269912224435,45.08145339373495,626.8454816766044,-27.489648977593102,-0.0078222160890821,45.00679554265721,626.482367392671,-19.756213185280206,-0.0462594286284862,45.305390909020765,633.1733563903191
11.699999999999969,-30.272593484040865,-0.004080492650370384,45.27838316975604,626.9680693716482,-27.095319410515934,-0.008481585680435938,45.20360815764348,626.531273463038,-19.554852282382015,-0.04844676378056734,45.50431081701381,633.1554844993925
11.749999999999968,-29.916694316273773,-0.004444009975527172,45.475389049889614,627.0880672321606,-26.733155952151808,-0.0092562082797708,45.400456751848346,626.5791516797444,-19.36175875243534,-0.05072376359279039,45.70321423275743,633.1123511865851
11.799999999999969,-29.560795148506685,-0.004807527300683994,45.67239493002318,627.2080650926729,-26.370992493787686,-0.010030830879105758,45.59730534605321,626.6270298964508,-19.16866522248866,-0.053000763405013585,45.902117648501054,633.0692178737775
11.84999999999997,-29.226897532025255,-0.005207455439880524,45.869475499803094,627.3251259057712,-26.036183465816606,-0.010866426187187146,45.79417812658104,626.6645603014724,-18.983360527024608,-0.05532651230577722,46.10098335357465,633.0213216434834
11.899999999999968,-28.89299991554385,-0.005607383579077064,46.06655606958301,627.4421867188695,-25.70137443784555,-0.011702021495268543,45.99105090710887,626.702090706494,-18.798055831560568,-0.0576522612065408,46.299849058648235,632.9734254131891
11.949999999999967,-28.578733692921684,-0.006043982600000084,46.26370905267275,627.5559185143653,-25.390236378157653,-0.012588219582392219,46.18794666341161,626.7141322275295,-18.619927905671553,-0.060159386091221796,46.49869228621376,632.9211396052876
11.999999999999968,-28.264467470299522,-0.006480581620923144,46.46086203576251,627.6696503098611,-25.079098318469754,-0.013474417669515957,46.38484241971436,626.726173748565,-18.441799979782537,-0.062666510975903,46.697535513779314,632.868853797386
12.049999999999969,-27.96778093928816,-0.006955482806706432,46.6580855251317,627.7802690389098,-24.788721650513107,-0.014556867798110829,46.581730332063806,626.8059845249174,-18.270584519365904,-0.06524834327561943,46.89633551456891,632.7926226113152
12.099999999999968,-27.671094408276822,-0.007430383992489728,46.855309014500904,627.8908877679582,-24.498344982556482,-0.01563931792670579,46.778618244413245,626.8857953012698,-18.099369058949282,-0.06783017557533581,47.09513551535851,632.7163914252443
12.149999999999967,-27.390233838735096,-0.007944018882986596,47.05260100518526,627.9981526721743,-24.225573933148095,-0.015958961350632205,46.975614293895454,626.883098210276,-17.934633009240567,-0.07051447137482446,47.293882947990376,632.6333804901968
12.199999999999967,-27.109373269193373,-0.008457653773483509,47.24989299586963,628.1054175763903,-23.95280288373971,-0.016278604774558145,47.17261034337767,626.880401119282,-17.769896959531856,-0.07319876717431326,47.492630380622266,632.5503695551492
12.249999999999968,-26.84282116804944,-0.009010757402951044,47.44725127829285,628.2091759582157,-23.697588203873075,-0.017877545442061084,47.36949486646261,626.8144765328798,-17.61155755598773,-0.07581077096136526,47.691326066794375,632.4390929146261
12.299999999999967,-26.576269066905528,-0.009563861032418585,47.64460956071607,628.3129343400409,-23.442373524006463,-0.019476486109564786,47.56637938954754,626.7485519464775,-17.45321815244362,-0.07842277474841713,47.89002175296647,632.3278162741032
12.349999999999966,-26.32271226745058,-0.010157099993684157,47.84203193802847,628.4130429704267,-23.20128642041027,-0.0207273004108856,47.76329259575122,626.7791491184594,-17.299748719346702,-0.08176109493499069,48.088629351247796,632.2143844438281
12.399999999999967,-26.069155467995635,-0.010750338954949777,48.03945431534087,628.5131516008122,-22.960199316814077,-0.021978114712206228,47.9602058019549,626.8097462904412,-17.146279286249783,-0.08509941512156487,48.28723694952913,632.100952613553
12.449999999999967,-25.827453381662934,-0.011384285259777893,48.2369383979792,628.6098180886005,-22.73224698651436,-0.02321807443465136,48.15712877458013,626.8108228093369,-16.999388485396324,-0.08786068557207366,48.485790093059386,631.9903025676039
12.499999999999966,-25.585751295330248,-0.012018231564606014,48.43442248061754,628.7064845763889,-22.504294656214665,-0.02445803415709644,48.354051747205354,626.8118993282327,-16.852497684542872,-0.09062195602258197,48.68434323658962,631.8796525216547
12.549999999999965,-25.354908987243146,-0.012694069556854117,48.63196633262109,628.8004288529734,-22.288349720498235,-0.025741573581991927,48.55096630620257,626.7926672494912,-16.710509271335614,-0.09369737020957598,48.88281178792235,631.7380863614214
12.599999999999966,-25.12406667915604,-0.013369907549102271,48.829510184624645,628.894373129558,-22.072404784781803,-0.02702511300688749,48.7478808651998,626.7734351707497,-16.568520858128352,-0.09677278439657033,49.08128033925509,631.5965202011881
12.649999999999967,-24.90321909797716,-0.014092766410559822,49.02711232112265,628.9850527213869,-21.867452351617366,-0.028369545554251814,48.944779670082106,626.7449488576366,-16.431531775203037,-0.09995762631611033,49.27965558550174,631.4458978470186
12.699999999999966,-24.682371516798298,-0.014815625272017378,49.22471445762065,629.0757323132158,-21.662499918452944,-0.029713978101616127,49.14167847496442,626.7164625445233,-16.294542692277734,-0.10314246823565028,49.47803083174839,631.2952754928491
12.749999999999964,-24.470761849992975,-0.015577919461953575,49.42237226096,629.1594103927179,-21.467634827368556,-0.031116896538280203,49.338557237004835,626.6820463185255,-16.162326262915524,-0.10642684240031687,49.67631010544859,631.1347026745311
12.799999999999965,-24.25915218318765,-0.016340213651889826,49.620030064299364,629.24308847222,-21.272769736284168,-0.03251981497494436,49.535435999045255,626.6476300925276,-16.03010983355331,-0.10971121656498366,49.874589379148794,630.9741298562132
12.849999999999966,-24.056049825461397,-0.017142734039411956,49.8177373537733,629.3201604534246,-21.087202081633716,-0.03397625325462102,49.73229155522246,626.6074362838045,-15.902479106080362,-0.1130764894402077,50.072762843640895,630.8007401072326
12.899999999999965,-23.85294746773516,-0.017945254426934086,50.015444643247235,629.3972324346291,-20.901634426983275,-0.03543269153429765,49.929147111399665,626.5672424750815,-15.77484837860742,-0.1164417623154317,50.270936308132974,630.627350358252
12.949999999999964,-23.657754626014277,-0.01878163396989807,50.21319929809457,629.4730427511993,-20.724674841470677,-0.03694342480693862,50.12597536441041,626.5197296017164,-15.651598532025282,-0.11989056193328568,50.468997693848536,630.4450120737309
12.999999999999964,-23.462561784293392,-0.01961801351286211,50.41095395294192,629.5488530677695,-20.547715255958078,-0.038454158079579685,50.32280361742115,626.4722167283513,-15.528348685443142,-0.12333936155113984,50.667059079564105,630.2626737892099
13.049999999999965,-23.274759052352795,-0.02050657545843905,50.60875650846929,629.6228562945429,-20.37876435162439,-0.040017179507777154,50.51959946716079,626.4172721889329,-15.409293059547139,-0.12686763502677506,50.86500341101016,630.0707145843522
13.099999999999964,-23.086956320412213,-0.021395137404015996,50.80655906399667,629.6968595213162,-20.209813447290713,-0.0415802009359746,50.71639531690043,626.3623276495144,-15.290237433651145,-0.13039590850241023,51.062947742456195,629.8787553794946
13.149999999999963,-22.90606229150096,-0.022326928167420552,51.00440671404144,629.7640653289045,-20.04833662060097,-0.04319313554313251,50.91315452456661,626.3008140509595,-15.175210386641348,-0.13399968501451012,51.26076790512065,629.6763875849675
13.199999999999964,-22.7251682625897,-0.02325871893082517,51.20225436408621,629.8312711364928,-19.886859793911224,-0.04480607015029051,51.10991373223279,626.2393004524044,-15.060183339631552,-0.1376034615266102,51.45858806778511,629.4740197904403
13.249999999999964,-22.550721887849463,-0.024247765525469693,51.400141372922135,629.8916355260997,-19.732378619537403,-0.04646707885260043,51.30663228170471,626.1719037685806,-14.949026700808298,-0.14127805975109187,51.65627809636051,629.2621733531406
13.299999999999963,-22.37627551310924,-0.025236812120114218,51.59802838175807,629.9519999157067,-19.577897445163593,-0.04812808755491032,51.50335083117662,626.1045070847565,-14.837870061985054,-0.14495265797557347,51.853968124935896,629.050326915841
13.349999999999962,-22.207905122343572,-0.02623706214101395,51.795951887932006,630.0126828035181,-19.429977740009043,-0.04983422885992679,51.70002534567208,626.0311814617035,-14.730438779022164,-0.14869341377224166,52.05152207351592,628.829707489683
13.399999999999963,-22.039534731577906,-0.02723731216191372,51.993875394105956,630.0733656913296,-19.282058034854494,-0.05154037016494335,51.89669986016756,625.9578558386503,-14.623007496059271,-0.15243416956891,52.249076022095934,628.6090880635251
13.449999999999964,-21.87691818780206,-0.028273969848802784,52.19183865930771,630.130988390085,-19.140322596198803,-0.05328964577558394,52.09332626594399,625.8785624282141,-14.519161896557158,-0.1562372712638189,52.44648881212395,628.3803594425074
13.499999999999963,-21.71430164402623,-0.029310627535691837,52.38980192450946,630.1886110888405,-18.998587157543124,-0.05503892138622451,52.28995267172043,625.7992690177781,-14.41531629705505,-0.1600403729587277,52.64390160215196,628.1516308214897
13.549999999999962,-21.557027672370552,-0.030478135837064907,52.58779784150224,630.2404432899897,-18.86269127238914,-0.05682829478735095,52.48652754317761,625.7146191326609,-14.314929352066212,-0.16390059932358175,52.84116812186979,627.9151519113558
13.599999999999962,-21.39975370071487,-0.03164564413843812,52.78579375849501,630.2922754911391,-18.726795387235153,-0.05861766818847748,52.6831024146348,625.6299692475438,-14.214542407077372,-0.167760825688436,53.03843464158763,627.678673001222
13.649999999999963,-21.247724399283914,-0.03265665279774473,52.98382215796171,630.3406443177678,-18.596428786446644,-0.060444218172940385,52.87962244622835,625.5403081063076,-14.117493629872898,-0.1716732290910719,53.23555026345293,627.4350792827811
13.699999999999962,-21.095695097852964,-0.0336676614570512,53.18185055742841,630.3890131443966,-18.466062185658142,-0.06227076815740326,53.076142477821904,625.4506469650714,-14.020444852668431,-0.17558563249370773,53.43266588531821,627.1914855643402
13.749999999999961,-20.948341736970875,-0.035004086020156075,53.37990725648133,630.417248751918,-18.340940712673653,-0.06413164055626254,53.27260467776603,625.3565908982844,-13.926621989934635,-0.1795450771472192,53.62962629614151,626.9414663238407
13.799999999999962,-20.80098837608878,-0.03634051058326125,53.577963955534265,630.4454843594397,-18.215819239689164,-0.06599251295512192,53.46906687771017,625.2625348314972,-13.832799127200836,-0.18350452180073085,53.82658670696482,626.6914470833412
13.849999999999962,-20.658281654382975,-0.03747281142305754,53.77602783691183,630.5000970717225,-18.095683923839015,-0.06788479148262314,53.665468714964355,625.1640269891733,-13.742095579013238,-0.18750577257345452,54.023388145386434,626.4355534911215
13.899999999999961,-20.515574932677175,-0.03860511226285364,53.97409171828939,630.5547097840054,-17.975548607988877,-0.06977707001012431,53.86187055221852,625.0655191468495,-13.651392030825644,-0.19150702334617806,54.220189583808036,626.1796598989017
13.94999999999996,-20.37728777919399,-0.04006663338937824,54.1722170457006,630.5942063471009,-17.860168438546182,-0.07169723723048949,54.05820896355715,624.9624691166902,-13.563708867976256,-0.19554467386901905,54.416828429259574,625.9178415013994
13.999999999999961,-20.239000625710794,-0.04152815451590315,54.37034237311182,630.6337029101963,-17.744788269103484,-0.07361740445085474,54.25454737489579,624.8594190865308,-13.476025705126869,-0.1995823243918602,54.61346727471111,625.6560231038969
14.049999999999962,-20.1067999117694,-0.042807583297973746,54.56844998074003,630.6337455483681,-17.636116463004658,-0.07557320741710079,54.450786680377114,624.751777488662,-13.39268778438329,-0.2036635148441208,54.80985649356526,625.3879987241639
14.09999999999996,-19.974599197828017,-0.044087012080044154,54.76655758836824,630.6337881865398,-17.52744465690584,-0.0775290103833468,54.647025985858434,624.6441358907933,-13.309349863639717,-0.20774470529638125,55.00624571241939,625.119974344431
14.14999999999996,-19.842398483886633,-0.04536644086211456,54.96466519599644,630.6338308247116,-17.41877285080702,-0.07948481334959281,54.84326529133975,624.5364942929245,-13.226011942896143,-0.21182589574864175,55.202634931273536,624.851949964698
14.19999999999996,-19.710197769945243,-0.04664586964418502,55.162772803624655,630.6338734628833,-17.310101044708198,-0.08144061631583889,55.039504596821075,624.428852695056,-13.142674022152569,-0.21590708620090235,55.39902415012767,624.583925584965
14.249999999999961,-19.58566210298949,-0.047997735652083685,55.360904144791625,630.6609442327889,-17.209756991839285,-0.08343242585593168,55.235605510603015,624.3166359962192,-13.064847480492627,-0.2200274364728718,55.59507258570714,624.3102821466737
14.29999999999996,-19.461126436033748,-0.04934960165998236,55.55903548595858,630.6880150026944,-17.109412938970383,-0.08542423539602442,55.43170642438494,624.2044192973825,-12.987020938832694,-0.22414778674484112,55.7911210212866,624.0366387083823
14.349999999999959,-19.336590769078004,-0.050701467667881035,55.75716682712554,630.7150857726,-17.009068886101478,-0.08741604493611717,55.627807338166875,624.0922025985458,-12.90919439717276,-0.22826813701681045,55.98716945686605,623.762995270091
14.39999999999996,-19.21205510212226,-0.05205333367577976,55.95529816829251,630.7421565425055,-16.908724833232572,-0.08940785447621,55.82390825194881,623.979985899709,-12.831367855512823,-0.23238848728877992,56.18321789244551,623.4893518317997
14.44999999999996,-19.094468596287978,-0.053656965770998044,56.153473812186206,630.755754057411,-16.816065037317042,-0.09142169927484284,56.0198655261048,623.8644543952936,-12.758745824164452,-0.2365247072438366,56.3789193703273,623.2121785718437
14.49999999999996,-18.97688209045371,-0.055260597866216475,56.351649456079905,630.7693515723165,-16.723405241401522,-0.09343554407347561,56.21582280026078,623.748922890878,-12.686123792816087,-0.24066092719889312,56.574620848209086,622.9350053118877
14.549999999999958,-18.859295584619442,-0.056864229961434906,56.549825099973596,630.782949087222,-16.630745445486003,-0.0954493888721084,56.41178007441676,623.6333913864626,-12.613501761467724,-0.24479714715394965,56.77032232609087,622.6578320519317
14.599999999999959,-18.741709078785167,-0.05846786205665339,56.7480007438673,630.7965466021276,-16.538085649570476,-0.09746323367074125,56.60773734857274,623.517859882047,-12.540879730119356,-0.24893336710900632,56.96602380397267,622.3806587919756
14.64999999999996,-18.630573081630423,-0.060047866234869914,56.94616625931661,630.787579475453,-16.452561967753965,-0.09948460142655642,56.80354790001426,623.4007538427551,-12.473187438944306,-0.2530617455065271,57.16137562717033,622.1027527632262
14.699999999999958,-18.51943708447569,-0.061627870413086365,57.144331774765924,630.7786123487783,-16.36703828593746,-0.10150596918237152,56.99935845145576,623.283647803463,-12.405495147769262,-0.2571901239040477,57.356727450367984,621.8248467344769
14.749999999999957,-18.408301087320957,-0.06320787459130281,57.34249729021523,630.7696452221037,-16.281514604120957,-0.10352733693818662,57.195169002897266,623.1665417641711,-12.33780285659422,-0.26131850230156833,57.55207927356564,621.5469407057275
14.799999999999958,-18.29716509016622,-0.06478787876951932,57.54066280566455,630.7606780954291,-16.195990922304453,-0.1055487046940018,57.390979554338784,623.0494357248791,-12.270110565419172,-0.2654468806990891,57.7474310967633,621.2690346769781
14.849999999999959,-18.19203248063282,-0.06644328657559191,57.73881591271082,630.7485511885501,-16.11713277383284,-0.107562736433169,57.58664250891658,622.9327750491748,-12.207101401361157,-0.26954344527052243,57.94243412061445,620.9932633977973
14.899999999999958,-18.086899871099433,-0.06809869438166452,57.936969019757086,630.7364242816711,-16.038274625361236,-0.10957676817233615,57.782305463494374,622.8161143734703,-12.144092237303148,-0.27364000984195563,58.137437144465586,620.7174921186164
14.949999999999957,-17.98176726156604,-0.06975410218773713,58.13512212680335,630.7242973747922,-15.959416476889633,-0.11159079991150328,57.97796841807217,622.6994536977659,-12.08108307324514,-0.27773657441338884,58.33244016831673,620.4417208394356
14.999999999999957,-17.87663465203265,-0.0714095099938098,58.333275233849626,630.7121704679132,-15.880558328418026,-0.11360483165067049,58.173631372649965,622.5827930220615,-12.018073909187128,-0.28183313898482215,58.52744319216788,620.1659495602547
15.049999999999958,-17.777071060274125,-0.07313767020481851,58.53141027105769,630.6936701490672,-15.80795729526891,-0.11559663502875028,58.36914872383409,622.4685199651261,-11.959525511433863,-0.2858738861222563,58.72210192654574,619.8951799833812
15.099999999999957,-17.677507468515607,-0.07486583041582723,58.72954530826575,630.6751698302214,-15.7353562621198,-0.11758843840682999,58.56466607501818,622.3542469081909,-11.900977113680604,-0.28991463325969025,58.9167606609236,619.6244104065078
15.149999999999956,-17.57794387675709,-0.07659399062683594,58.92768034547381,630.6566695113754,-15.662755228970692,-0.1195802417849097,58.76018342620229,622.2399738512556,-11.842428715927342,-0.2939553803971242,59.11141939530147,619.3536408296343
15.199999999999957,-17.47838028499857,-0.07832215083784473,59.12581538268188,630.6381691925294,-15.590154195821581,-0.12157204516298947,58.955700777386404,622.1257007943203,-11.78388031817408,-0.29799612753455834,59.30607812967933,619.0828712527607
15.249999999999957,-17.384034033952243,-0.08011703252037354,59.323921993355526,630.6117226432298,-15.523457576784356,-0.12352656535561443,59.15107653244727,622.0155966149133,-11.729592261883928,-0.30195718549856243,59.50040063535966,618.8198810757007
15.299999999999956,-17.289687782905926,-0.08191191420290234,59.522028604029174,630.58527609393,-15.45676095774714,-0.1254810855482393,59.346452287508114,621.9054924355062,-11.67530420559378,-0.3059182434625663,59.69472314103998,618.5568908986406
15.349999999999955,-17.195341531859608,-0.08370679588543113,59.720135214702815,630.5588295446303,-15.390064338709921,-0.12743560574086416,59.541828042568966,621.7953882560992,-11.621016149303632,-0.3098793014265702,59.8890456467203,618.2939007215806
15.399999999999956,-17.100995280813287,-0.08550167756796,59.91824182537646,630.5323829953305,-15.323367719672701,-0.1293901259334891,59.73720379762983,621.685284076692,-11.566728093013483,-0.31384035939057425,60.08336815240063,618.0309105445205
15.449999999999957,-17.011549907310766,-0.0873565275069182,60.11631039515654,630.4988226448463,-15.262267424669295,-0.13129253123804682,59.932444426829015,621.581493281605,-11.516519477301193,-0.3176982010507029,60.27736592037193,617.7785664733666
15.499999999999956,-16.922104533808255,-0.08921137744587639,60.31437896493661,630.465262294362,-15.201167129665896,-0.13319493654260445,60.127685056028206,621.4777024865182,-11.466310861588909,-0.3215560427108314,60.47136368834321,617.5262224022127
15.549999999999955,-16.832659160305745,-0.09106622738483458,60.51244753471668,630.4317019438777,-15.140066834662495,-0.13509734184716204,60.32292568522738,621.3739116914312,-11.416102245876624,-0.3254138843709598,60.66536145631449,617.2738783310589
15.599999999999955,-16.74321378680323,-0.09292107732379283,60.71051610449675,630.3981415933935,-15.078966539659094,-0.13699974715171973,60.51816631442657,621.2701208963442,-11.365893630164338,-0.3292717260310884,60.85935922428579,617.021534259905
15.649999999999956,-16.65838709528615,-0.09483062697168082,60.90853836880997,630.3582148263607,-15.023181530292703,-0.13883583084681403,60.71328121476794,621.1743277776759,-11.319600360761273,-0.33300331068751027,61.05304752014202,616.7825322413446
15.699999999999955,-16.57356040376908,-0.09674017661956877,61.106560633123195,630.3182880593279,-14.967396520926318,-0.1406719145419082,60.90839611510931,621.0785346590076,-11.27330709135821,-0.33673489534393186,61.24673581599825,616.5435302227842
15.749999999999954,-16.488733712252003,-0.09864972626745673,61.304582897436404,630.2783612922951,-14.911611511559935,-0.14250799823700236,61.10351101545069,620.9827415403394,-11.22701382195515,-0.34046648000035346,61.44042411185447,616.3045282042237
15.799999999999955,-16.403907020734927,-0.10055927591534476,61.50260516174963,630.2384345252623,-14.85582650219355,-0.1443440819320966,61.298625915792066,620.886948421671,-11.180720552552087,-0.34419806465677516,61.63411240771071,616.0655261856634
15.849999999999955,-16.323448638113398,-0.10251722742230969,61.70057338461931,630.1927251998004,-14.805136911174387,-0.14609916865327066,61.493625790624954,620.8007684781211,-11.13819500232344,-0.3477810284663812,61.82750949809345,615.8424060593101
15.899999999999954,-16.242990255491875,-0.1044751789292746,61.89854160748899,630.1470158743383,-14.75444732015523,-0.1478542553744446,61.688625665457835,620.7145885345712,-11.0956694520948,-0.3513639922759869,62.02090658847617,615.6192859329568
15.949999999999953,-16.162531872870353,-0.10643313043623952,62.09650983035866,630.1013065488762,-14.703757729136074,-0.14960934209561855,61.883625540290716,620.6284085910213,-11.053143901866159,-0.3549469560855927,62.2143036788589,615.3961658066036
15.999999999999954,-16.082073490248828,-0.1083910819432045,62.294478053228346,630.0555972234141,-14.653068138116915,-0.15136442881679255,62.078625415123604,620.5422286474715,-11.010618351637516,-0.35852991989519856,62.40770076924162,615.1730456802502
16.049999999999955,-16.005758403955635,-0.11039086539937858,62.49238543747671,630.0048443077683,-14.607269994471935,-0.153024794094956,62.273523721642945,620.4676805069248,-10.971726361152195,-0.3619429138456613,62.60082830305801,614.9683675889273
16.09999999999995,-15.929443317662452,-0.11239064885555256,62.690292821725066,629.9540913921223,-14.561471850826962,-0.15468515937311927,62.46842202816229,620.3931323663782,-10.932834370666878,-0.3653559077961236,62.793955836874375,614.7636894976044
16.149999999999952,-15.853128231369263,-0.11439043231172669,62.88820020597343,629.9033384764765,-14.515673707181985,-0.15634552465128265,62.66332033468163,620.3185842258315,-10.893942380181558,-0.36876890174658616,62.98708337069076,614.5590114062816
16.199999999999953,-15.776813145076074,-0.1163902157679008,63.0861075902218,629.8525855608306,-14.469875563537009,-0.15800588992944606,62.85821864120097,620.2440360852848,-10.855050389696238,-0.3721818956970487,63.180210904507135,614.3543333149586
16.249999999999954,-15.704439495195667,-0.11842487445105312,63.283948257101926,629.7976370310748,-14.428791941865823,-0.15955839604054195,63.053031156121314,620.1828339290303,-10.819671643223177,-0.37540442084473197,63.37309358273943,614.1704040331701
16.299999999999955,-15.632065845315264,-0.12045953313420549,63.481788923982045,629.742688501319,-14.387708320194642,-0.16111090215163776,63.24784367104165,620.1216317727757,-10.78429289675012,-0.37862694599241503,63.56597626097171,613.9864747513817
16.34999999999995,-15.559692195434865,-0.12249419181735771,63.679629590862156,629.6877399715632,-14.346624698523463,-0.16266340826273346,63.44265618596198,620.0604296165211,-10.748914150277065,-0.38184947114009793,63.75885893920399,613.8025454695932
16.399999999999952,-15.487318545554462,-0.12452885050051007,63.877470257742274,629.6327914418074,-14.30554107685228,-0.16421591437382926,63.637468700882316,619.9992274602666,-10.713535403804006,-0.385071996287781,63.95174161743627,613.6186161878047
16.449999999999953,-15.418703482645494,-0.12659107423201962,64.07523954127272,629.5743193667964,-14.269018543506428,-0.16564823084126185,63.83221318960609,619.9528967850471,-10.681561130716796,-0.38808477801799807,64.1444068865483,613.4576691350824
16.49999999999995,-15.350088419736535,-0.12865329796352906,64.27300882480316,629.5158472917855,-14.232496010160581,-0.16708054730869423,64.02695767832985,619.9065661098276,-10.64958685762959,-0.3910975597482147,64.33707215566031,613.2967220823601
16.54999999999995,-15.28147335682757,-0.13071552169503867,64.4707781083336,629.4573752167745,-14.195973476814732,-0.1685128637761267,64.2217021670536,619.8602354346082,-10.617612584542384,-0.39411034147843155,64.52973742477235,613.1357750296379
16.59999999999995,-15.212858293918606,-0.13277774542654824,64.66854739186405,629.3989031417634,-14.159450943468883,-0.16994518024355917,64.41644665577738,619.8139047593886,-10.585638311455176,-0.3971231232086484,64.72240269388436,612.9748279769157
16.649999999999952,-15.14783796706397,-0.1348599281807568,64.86624110239113,629.3379954440853,-14.127357654576272,-0.17124582666168456,64.61114272901061,619.783941424576,-10.556970842088365,-0.3999082259315752,64.9148808680539,612.8389668121389
16.699999999999953,-15.082817640209335,-0.1369421109349654,65.06393481291822,629.2770877464071,-14.095264365683665,-0.17254647307980983,64.80583880224381,619.7539780897635,-10.528303372721558,-0.4026933286545018,65.10735904222342,612.7031056473622
16.74999999999995,-15.017797313354704,-0.1390242936891738,65.2616285234453,629.216180048729,-14.063171076791061,-0.17384711949793502,65.00053487547703,619.7240147549509,-10.499635903354752,-0.40547843137742823,65.29983721639293,612.5672444825857
16.79999999999995,-14.95277698650007,-0.14110647644338237,65.45932223397237,629.1552723510507,-14.031077787898454,-0.17514776591606027,65.19523094871023,619.6940514201382,-10.470968433987945,-0.4082635341003548,65.49231539056247,612.431383317809
16.84999999999995,-14.891193794552708,-0.14320098462392772,65.65693843976237,629.0930835091269,-14.003301254976243,-0.1763062370999465,65.38990013136,619.6818641908618,-10.445520777061247,-0.4108044204844241,65.68463920332476,612.3224705791631
16.89999999999995,-14.829610602605353,-0.1452954928044729,65.85455464555234,629.030894667203,-13.97552472205404,-0.1774647082838325,65.58456931400973,619.6696769615853,-10.420073120134555,-0.41334530686849297,65.87696301608703,612.2135578405172
16.94999999999995,-14.768027410657995,-0.14739000098501825,66.05217085134234,628.9687058252792,-13.947748189131834,-0.1786231794677186,65.77923849665947,619.6574897323089,-10.394625463207861,-0.41588619325256204,66.06928682884933,612.1046451018713
16.99999999999995,-14.706444218710635,-0.1494845091655636,66.24978705713234,628.9065169833555,-13.91997165620963,-0.17978165065160467,65.97390767930922,619.6453025030324,-10.369177806281167,-0.41842707963663106,66.26161064161163,611.9957323632253
17.04999999999995,-14.64816124461024,-0.15158312276952748,66.44732447005228,628.8433039453405,-13.896417200482974,-0.18078851026475762,66.16857312269447,619.6520973216917,-10.346872700149042,-0.4207087583893399,66.45381508821346,611.9154770635679
17.09999999999995,-14.589878270509844,-0.15368173637349136,66.64486188297222,628.7800909073255,-13.872862744756326,-0.1817953698779104,66.36323856607973,619.6588921403508,-10.324567594016921,-0.4229904371420485,66.6460195348153,611.8352217639103
17.14999999999995,-14.531595296409456,-0.1557803499774551,66.84239929589215,628.7168778693106,-13.849308289029677,-0.1828022294910631,66.55790400946496,619.66568695901,-10.3022624878848,-0.4252721158947569,66.83822398141713,611.7549664642529
17.19999999999995,-14.473312322309063,-0.157878963581419,67.03993670881209,628.6536648312957,-13.825753833303027,-0.18380908910421587,66.75256945285021,619.6724817776692,-10.279957381752677,-0.42755379464746546,67.03042842801895,611.6747111645954
17.24999999999995,-14.418212912397314,-0.15997349131665728,67.23739404290941,628.5903732287468,-13.806344096300254,-0.1846560868425962,66.94725571274186,619.6993370037867,-10.260726555052129,-0.4295629411161709,67.2225505372134,611.6246308097178
17.299999999999947,-14.363113502485572,-0.16206801905189538,67.43485137700672,628.5270816261979,-13.786934359297485,-0.18550308458097636,67.1419419726335,619.7261922299042,-10.241495728351582,-0.43157208758487586,67.41467264640782,611.5745504548404
17.349999999999948,-14.308014092573828,-0.16416254678713366,67.63230871110405,628.4637900236488,-13.767524622294715,-0.18635008231935657,67.33662823252516,619.7530474560218,-10.222264901651036,-0.433581234053581,67.60679475560225,611.5244700999629
17.39999999999995,-14.252914682662082,-0.16625707452237193,67.82976604520137,628.4004984210999,-13.748114885291946,-0.18719708005773678,67.5313144924168,619.7799026821393,-10.203034074950489,-0.43559038052228616,67.7989168647967,611.4743897450853
17.44999999999995,-14.200885848953213,-0.16833887589393814,68.02714438897443,628.3385198651235,-13.732788022738399,-0.18787716023545187,67.72604743034692,619.8277877342094,-10.186818162239348,-0.4373153822694028,67.99099544573856,611.4557989814501
17.49999999999995,-14.148857015244346,-0.17042067726550433,68.22452273274749,628.2765413091472,-13.717461160184856,-0.1885572404131668,67.92078036827704,619.8756727862794,-10.17060224952821,-0.4390403840165192,68.18307402668042,611.4372082178148
17.549999999999947,-14.096828181535484,-0.17250247863707038,68.42190107652053,628.2145627531709,-13.702134297631314,-0.1892373205908817,68.11551330620712,619.9235578383494,-10.154386336817074,-0.44076538576363544,68.37515260762225,611.4186174541796
17.599999999999948,-14.044799347826617,-0.17458428000863657,68.6192794202936,628.1525841971945,-13.686807435077771,-0.18991740076859662,68.31024624413723,619.9714428904196,-10.138170424105937,-0.4424903875107518,68.56723118856411,611.4000266905443
17.64999999999995,-13.995737162954947,-0.17664483611591297,68.81658098529,628.0928522750813,-13.675516295225181,-0.1904248633650679,68.50505285229113,620.0411335264845,-10.124917987738886,-0.44392147942948273,68.75930657407338,611.4140346187689
17.699999999999946,-13.946674978083285,-0.17870539222318924,69.01388255028641,628.0331203529681,-13.664225155372598,-0.19093232596153895,68.69985946044501,620.1108241625494,-10.111665551371841,-0.4453525713482133,68.95138195958263,611.4280425469933
17.749999999999947,-13.89761279321162,-0.1807659483304656,69.21118411528283,627.973388430855,-13.652934015520012,-0.19143978855801005,68.89466606859891,620.1805147986145,-10.098413115004794,-0.44678366326694396,69.1434573450919,611.4420504752178
17.799999999999947,-13.848550608339952,-0.182826504437742,69.40848568027924,627.9136565087418,-13.641642875667428,-0.19194725115448116,69.0894726767528,620.2502054346794,-10.085160678637747,-0.4482147551856746,69.33553273060117,611.4560584034424
17.849999999999948,-13.802360414229845,-0.18485723367434787,69.60571390135814,627.857189213843,-13.634355081430128,-0.19227773345920146,69.28438076635514,620.3422646342253,-10.074828293087013,-0.4493440315409099,69.52764651730656,611.5035648321148
17.89999999999995,-13.756170220119738,-0.18688796291095366,69.80294212243705,627.8007219189441,-13.627067287192832,-0.1926082157639216,69.47928885595749,620.434323833771,-10.064495907536282,-0.450473307896145,69.71976030401194,611.5510712607874
17.949999999999946,-13.709980026009637,-0.18891869214755933,70.00017034351595,627.7442546240453,-13.619779492955537,-0.1929386980686417,69.67419694555981,620.526383033317,-10.05416352198555,-0.4516025842513799,69.91187409071732,611.5985776894598
17.999999999999947,-13.663789831899532,-0.19094942138416515,70.19739856459483,627.6877873291464,-13.612491698718241,-0.19326918037336183,69.86910503516215,620.6184422328627,-10.04383113643482,-0.4527318606066149,70.1039878774227,611.6460841181324
18.049999999999947,-13.620384451050294,-0.19294177224479653,70.3945582118002,627.6360844589938,-13.609188923274491,-0.19341974184970548,70.06414301332003,620.7333299304928,-10.036383085142802,-0.45355332834247475,70.29618265960981,611.7277670437977
18.099999999999945,-13.576979070201062,-0.1949341231054277,70.59171785900554,627.584381588841,-13.605886147830745,-0.19357030332604894,70.2591809914779,620.8482176281227,-10.028935033850788,-0.4543747960783342,70.48837744179693,611.809449969463
18.149999999999945,-13.533573689351828,-0.19692647396605906,70.7888775062109,627.5326787186883,-13.602583372386999,-0.19372086480239237,70.45421896963579,620.9631053257528,-10.021486982558773,-0.45519626381419365,70.68057222398404,611.8911328951283
18.199999999999946,-13.490168308502593,-0.19891882482669038,70.98603715341626,627.4809758485356,-13.599280596943252,-0.19387142627873583,70.64925694779367,621.0779930233829,-10.014038931266757,-0.45601773155005315,70.87276700617116,611.9728158207937
18.249999999999947,-13.449449771905465,-0.20086518647086357,71.18313543100955,627.434516084588,-13.599957923377042,-0.19384050849806397,70.84445378167351,621.2158724067912,-10.00944622374308,-0.45652740367823563,71.0650860844599,612.0891286367172
18.299999999999947,-13.40873123530834,-0.20281154811503668,71.38023370860282,627.3880563206404,-13.600635249810837,-0.1938095907173919,71.03965061555334,621.3537517901996,-10.004853516219406,-0.45703707580641784,71.25740516274865,612.2054414526407
18.349999999999945,-13.368012698711215,-0.20475790975920966,71.57733198619607,627.3415965566928,-13.60131257624463,-0.19377867293671985,71.23484744943316,621.4916311736081,-10.00026080869573,-0.45754674793459993,71.44972424103737,612.3217542685642
18.399999999999945,-13.32729416211409,-0.20670427140338277,71.77443026378933,627.2951367927451,-13.601989902678426,-0.19374775515604778,71.430044283313,621.6295105570165,-9.995668101172056,-0.4580564200627821,71.6420433193261,612.4380670844877
18.449999999999946,-13.289207772407885,-0.20859542387381372,71.9714731448722,627.2544504885675,-13.606656213063706,-0.193535144329053,71.62542879015729,621.7905924472925,-9.993908909380071,-0.45825227966561316,71.83453042750365,612.589249933868
18.499999999999943,-13.251121382701685,-0.21048657634424447,72.16851602595506,627.2137641843898,-13.611322523448992,-0.19332253350205805,71.82081329700154,621.9516743375688,-9.99214971758809,-0.45844813926844385,72.02701753568117,612.7404327832485
18.549999999999944,-13.213034992995482,-0.21237772881467537,72.36555890703794,627.1730778802121,-13.615988833834278,-0.19310992267506308,72.01619780384583,622.1127562278448,-9.990390525796109,-0.4586439988712746,72.2195046438587,612.8916156326289
18.599999999999945,-13.174948603289279,-0.21426888128510627,72.5626017881208,627.1323915760344,-13.620655144219564,-0.1928973118480681,72.2115823106901,622.273838118121,-9.988631334004127,-0.45883985847410536,72.41199175203624,613.0427984820093
18.649999999999945,-13.13942737306481,-0.21609661311652073,72.75959780987864,627.0990145366113,-13.629332334588739,-0.19250477566875127,72.40718398751642,622.4580096775769,-9.98969040744981,-0.4587219053972878,72.60469079426815,613.2288841101598
18.699999999999946,-13.103906142840346,-0.21792434494793514,72.95659383163647,627.0656374971882,-13.63800952495792,-0.19211223948943423,72.60278566434276,622.6421812370328,-9.990749480895497,-0.45860395232046985,72.79738983650006,613.4149697383103
18.749999999999943,-13.068384912615882,-0.2197520767793494,73.15358985339427,627.032260457765,-13.646686715327098,-0.19171970331011723,72.79838734116906,622.8263527964885,-9.991808554341183,-0.4584859992436519,72.99008887873195,613.6010553664609
18.799999999999944,-13.032863682391417,-0.22157980861076382,73.35058587515209,626.9988834183418,-13.655363905696277,-0.1913271671308002,72.9939890179954,623.0105243559444,-9.99286762778687,-0.45836804616683396,73.18278792096386,613.7871409946115
18.849999999999945,-12.999846627569736,-0.2233360342114202,73.54754487058548,626.9737816412529,-13.668088373275067,-0.19075769601144282,73.18983639845423,623.2174464759598,-9.996735909257717,-0.45793829375793965,73.37574271333527,614.0078074307308
18.89999999999994,-12.96682957274806,-0.2250922598120764,73.74450386601887,626.9486798641638,-13.68081284085386,-0.19018822489208528,73.38568377891305,623.4243685959752,-10.000604190728568,-0.457508541349045,73.56869750570667,614.2284738668503
18.949999999999942,-12.933812517926382,-0.22684848541273273,73.94146286145227,626.9235780870748,-13.693537308432655,-0.1896187537727277,73.58153115937188,623.6312907159905,-10.004472472199419,-0.4570787889401503,73.76165229807808,614.4491403029697
18.999999999999943,-12.900795463104703,-0.22860471101338903,74.13842185688566,626.8984763099857,-13.706261776011448,-0.1890492826533701,73.7773785398307,623.8382128360059,-10.00834075367027,-0.4566490365312556,73.95460709044949,614.669806739089
19.049999999999944,-12.870226714446263,-0.2302816648165614,74.33535479099669,626.8828919807544,-13.723082450677516,-0.18830678325957148,73.97350026866673,624.0674567865931,-10.015015568103067,-0.45591138446659185,74.14786072792508,614.9245271975228
19.099999999999945,-12.839657965787822,-0.23195861861973366,74.53228772510772,626.867307651523,-13.73990312534359,-0.18756428386577267,74.16962199750273,624.2967007371801,-10.021690382535867,-0.4551737324019277,74.34111436540067,615.1792476559567
19.14999999999994,-12.809089217129387,-0.23363557242290584,74.72922065921874,626.8517233222916,-13.756723800009661,-0.18682178447197392,74.36574372633874,624.5259446877673,-10.028365196968668,-0.4544360803372637,74.53436800287625,615.4339681143906
19.199999999999942,-12.778520468470948,-0.2353125262260781,74.92615359332976,626.8361389930602,-13.773544474675735,-0.18607928507817512,74.56186545517474,624.7551886383544,-10.03504001140147,-0.45369842827259954,74.72762164035184,615.6886885728245
19.249999999999943,-12.750329533198363,-0.2369038079456717,75.12307342107178,626.8305587623045,-13.794526107969652,-0.1851698057501247,74.75828898852241,625.0052049620017,-10.044518504251252,-0.4526596587508971,74.92121661506,615.9767576258835
19.29999999999994,-12.722138597925785,-0.2384950896652651,75.31999324881377,626.8249785315486,-13.815507741263573,-0.18426032642207413,74.95471252187006,625.2552212856489,-10.053996997101038,-0.45162088922919436,75.11481158976815,616.2648266789424
19.34999999999994,-12.693947662653203,-0.24008637138485858,75.5169130765558,626.8193983007927,-13.836489374557496,-0.18335084709402352,75.15113605521773,625.5052376092962,-10.063475489950825,-0.45058211970749157,75.3084065644763,616.5528957320014
19.39999999999994,-12.665756727380622,-0.24167765310445208,75.7138329042978,626.8138180700369,-13.85747100785142,-0.1824413677659729,75.3475595885654,625.7552539329433,-10.07295398280061,-0.4495433501857887,75.50200153918446,616.8409647850605
19.449999999999942,-12.639917096766004,-0.24317511485523366,75.91075181375928,626.8188563687681,-13.882697463989267,-0.181369862307968,75.54430967695794,626.0262403011549,-10.085241605454529,-0.4482118230092307,75.6959791731567,617.161603884704
19.499999999999943,-12.61407746615139,-0.24467257660601516,76.10767072322075,626.8238946674993,-13.907923920127118,-0.18029835684996293,75.74105976535044,626.2972266693664,-10.097529228108451,-0.4468802958326723,75.88995680712895,617.4822429843476
19.54999999999994,-12.588237835536775,-0.24617003835679652,76.30458963268221,626.8289329662307,-13.933150376264969,-0.17922685139195793,75.93780985374296,626.5682130375778,-10.109816850762371,-0.445548768656114,76.08393444110118,617.8028820839912
19.59999999999994,-12.562398204922161,-0.24766750010757801,76.50150854214367,626.8339712649619,-13.958376832402822,-0.17815534593395288,76.1345599421355,626.8391994057894,-10.122104473416293,-0.4442172414795556,76.27791207507342,618.1235211836348
19.64999999999994,-12.53886815498736,-0.24906432690068478,76.69844103251151,626.8508820145147,-13.987936476622073,-0.17693348290213773,76.33166453851004,627.1301887022132,-10.137224095039057,-0.4426013955993748,76.4723129037335,618.4758542205044
19.69999999999994,-12.515338105052564,-0.2504611536937913,76.89537352287934,626.8677927640674,-14.017496120841326,-0.1757116198703225,76.52876913488457,627.421177998637,-10.152343716661825,-0.44098554971919374,76.66671373239355,618.828187257374
19.74999999999994,-12.491808055117765,-0.25185798048689795,77.09230601324717,626.8847035136201,-14.047055765060582,-0.17448975683850718,76.72587373125911,627.7121672950608,-10.167463338284595,-0.4393697038390126,76.86111456105364,619.1805202942437
19.79999999999994,-12.468278005182968,-0.2532548072800046,77.289238503615,626.9016142631729,-14.076615409279839,-0.17326789380669186,76.92297832763366,628.0031565914845,-10.182582959907364,-0.4377538579588314,77.0555153897137,619.5328533311133
19.84999999999994,-12.447019884354052,-0.2545446549752138,77.48619991442574,626.9312310282078,-14.11062573329573,-0.17191127402772546,77.12045975189491,628.3123290409181,-10.200553466803694,-0.43586549803661123,77.25037853319014,619.9154529218927
19.89999999999994,-12.42576176352514,-0.2558345026704228,77.68316132523645,626.9608477932428,-14.144636057311628,-0.17055465424875887,77.31794117615618,628.6215014903518,-10.218523973700028,-0.43397713811439076,77.4452416766666,620.2980525126723
19.94999999999994,-12.404503642696229,-0.25712435036563175,77.88012273604716,626.9904645582778,-14.178646381327521,-0.1691980344697924,77.51542260041742,628.9306739397853,-10.23649448059636,-0.4320887781921704,77.64010482014301,620.6806521034517
19.99999999999994,-12.383245521867314,-0.2584141980608408,78.07708414685787,627.0200813233129,-14.212656705343418,-0.16784141469082584,77.71290402467869,629.2398463892189,-10.254464987492694,-0.43020041826994987,77.83496796361946,621.0632516942313
20.04999999999994,-12.364225628699575,-0.2595911585493849,78.27409107227489,627.0629833464236,-14.251242387255548,-0.1663529366038333,77.91078565616989,629.5657387965016,-10.275309985365402,-0.4280529614197457,78.03033036993045,621.4744898974811
20.099999999999937,-12.34520573553184,-0.2607681190379288,78.47109799769187,627.1058853695343,-14.289828069167681,-0.1648644585168407,78.10866728766109,629.8916312037843,-10.296154983238111,-0.42590550456954135,78.22569277624144,621.885728100731
20.149999999999938,-12.326185842364103,-0.2619450795264728,78.66810492310888,627.1487873926451,-14.328413751079816,-0.163375980429848,78.3065489191523,630.217523611067,-10.316999981110822,-0.42375804771933684,78.42105518255245,622.2969663039809
20.19999999999994,-12.307165949196365,-0.2631220400150167,78.86511184852588,627.1916894157558,-14.366999432991953,-0.1618875023428553,78.50443055064352,630.5434160183498,-10.337844978983533,-0.4216105908691324,78.61641758886346,622.7082045072308
20.24999999999994,-12.29035450375902,-0.26418077742914203,79.06218108388111,627.2484977609957,-14.41031369798672,-0.16027031196636857,78.70273103185885,630.8846911455529,-10.361591882042596,-0.41921894943170945,78.81231428667445,623.147664619881
20.29999999999994,-12.273543058321675,-0.26523951484326713,79.25925031923634,627.3053061062358,-14.453627962981491,-0.1586531215898817,78.90103151307417,631.225966272756,-10.385338785101661,-0.41682730799428624,79.00821098448546,623.5871247325313
20.349999999999937,-12.256731612884332,-0.2662982522573922,79.45631955459156,627.3621144514758,-14.49694222797626,-0.15703593121339496,79.0993319942895,631.5672413999589,-10.409085688160726,-0.41443566655686315,79.20410768229645,624.0265848451814
20.399999999999938,-12.239920167446988,-0.26735698967151733,79.65338878994676,627.4189227967158,-14.540256492971034,-0.1554187408369081,79.29763247550483,631.908516527162,-10.432832591219793,-0.41204402511943994,79.40000438010746,624.4660449578316
20.44999999999994,-12.225290662779214,-0.2682925870523452,79.85053849030783,627.4904768020303,-14.588464266573686,-0.15369241896554253,79.496371824942,632.2663936803319,-10.459507739868696,-0.40942252195665174,79.59647127014762,624.9290773887506
20.499999999999936,-12.210661158111444,-0.26922818443317287,80.04768819066886,627.5620308073449,-14.636672040176341,-0.15196609709417694,79.69511117437918,632.6242708335019,-10.4861828885176,-0.4068010187938634,79.79293816018776,625.3921098196695
20.549999999999937,-12.196031653443672,-0.2701637818140006,80.24483789102993,627.6335848126594,-14.684879813779,-0.15023977522281123,79.89385052381637,632.9821479866719,-10.512858037166508,-0.4041795156310749,79.98940505022793,625.8551422505884
20.599999999999937,-12.1814021487759,-0.2710993791948283,80.441987591391,627.7051388179738,-14.733087587381657,-0.14851345335144553,80.09258987325356,633.3400251398419,-10.539533185815415,-0.4015580124682864,80.18587194026807,626.3181746815073
20.649999999999938,-12.16893154758274,-0.2719075801502244,80.63923666157616,627.791915681594,-14.786369532867147,-0.14671748767914064,80.2917897978571,633.708050873096,-10.569185098418783,-0.39873326980087653,80.38293236550575,626.8014081962918
20.69999999999994,-12.156460946389585,-0.27271578110562034,80.83648573176131,627.8786925452141,-14.839651478352643,-0.1449215220068357,80.49098972246067,634.0760766063501,-10.598837011022155,-0.39590852713346647,80.57999279074345,627.2846417110763
20.749999999999936,-12.143990345196428,-0.2735239820610162,81.03373480194648,627.9654694088342,-14.892933423838135,-0.14312555633453086,80.69018964706422,634.4441023396041,-10.628488923625525,-0.3930837844660566,80.77705321598111,627.7678752258608
20.799999999999937,-12.131519744003272,-0.2743321830164121,81.23098387213165,628.0522462724543,-14.946215369323632,-0.14132959066222592,80.88938957166776,634.8121280728582,-10.658140836228897,-0.39025904179864646,80.9741136412188,628.2511087406453
20.849999999999937,-12.121188529914642,-0.27500926159622907,81.4283516665385,628.1546966904184,-15.00481929131513,-0.13945767824197683,81.08905387065688,635.1851441272611,-10.6908077493369,-0.3872295652593998,81.17179502954697,628.7595719531255
20.899999999999935,-12.110857315826017,-0.2756863401760458,81.62571946094535,628.2571471083826,-15.063423213306631,-0.1375857658217278,81.288718169646,635.558160181664,-10.723474662444906,-0.3842000887201531,81.36947641787513,629.2680351656055
20.949999999999935,-12.10052610173739,-0.2763634187558626,81.8230872553522,628.3595975263466,-15.122027135298136,-0.1357138534014786,81.48838246863514,635.9311762360669,-10.756141575552913,-0.38117061218090614,81.5671578062033,629.7764983780856
20.999999999999936,-12.090194887648762,-0.27704049733567937,82.02045504975908,628.4620479443108,-15.180631057289641,-0.13384194098122942,81.68804676762426,636.3041922904698,-10.78880848866092,-0.37814113564165924,81.76483919453148,630.2849615905658
21.049999999999937,-12.081986469404793,-0.27758337305451813,82.21796160592858,628.5806077475752,-15.244808729366305,-0.13188216192006494,81.88818418382478,636.6913278376855,-10.824509431776857,-0.37495184445228763,81.96317752720351,630.8110212914152
21.099999999999937,-12.073778051160824,-0.2781262487733567,82.4154681620981,628.6991675508397,-15.308986401442978,-0.12992238285890034,82.08832160002528,637.0784633849012,-10.860210374892798,-0.3717625532629158,82.16151585987556,631.3370809922645
21.149999999999935,-12.065569632916857,-0.27866912449219516,82.61297471826761,628.817727354104,-15.373164073519645,-0.12796260379773589,82.28845901622576,637.4655989321168,-10.895911318008736,-0.3685732620735442,82.3598541925476,631.8631406931139
21.199999999999935,-12.05736121467289,-0.2792120002110337,82.81048127443712,628.9362871573685,-15.437341745596317,-0.12600282473657126,82.48859643242626,637.8527344793324,-10.931612261124677,-0.3653839708841724,82.55819252521964,632.3892003939633
21.249999999999936,-12.051262290725402,-0.2796182243612537,83.00814704212954,629.0711727254611,-15.50732342688226,-0.12402033385695135,82.68923370916826,638.2429136598076,-10.970414351542816,-0.36204324797058623,82.75719604578104,632.9330549910823
21.299999999999933,-12.045163366777917,-0.28002444851147346,83.20581280982195,629.206058293554,-15.577305108168206,-0.12203784297733154,82.88987098591024,638.6330928402828,-11.009216441960957,-0.3587025250570002,82.95619956634243,633.4769095882011
21.349999999999934,-12.039064442830432,-0.2804306726616933,83.40347857751436,629.3409438616467,-15.647286789454157,-0.12005535209771159,83.09050826265222,639.0232720207579,-11.048018532379102,-0.3553618021434139,83.15520308690384,634.0207641853201
21.399999999999935,-12.032965518882946,-0.2808368968119131,83.60114434520678,629.4758294297395,-15.717268470740107,-0.11807286121809164,83.29114553939421,639.4134512012331,-11.086820622797244,-0.35202107922982756,83.35420660746524,634.5646187824391
21.449999999999935,-12.028965393280169,-0.2811045628073387,83.79898990578413,629.6275610976851,-15.793448572441761,-0.11604835224997388,83.4922635828323,639.8138594594504,-11.12872951251909,-0.3485897126498177,83.55391179582281,635.1123834215817
21.499999999999936,-12.024965267677393,-0.2813722288027642,83.99683546636147,629.7792927656308,-15.869628674143424,-0.11402384328185607,83.69338162627037,640.2142677176678,-11.17063840224094,-0.34515834606980766,83.7536169841804,635.6601480607244
21.549999999999933,-12.020965142074617,-0.2816398947981896,84.19468102693881,629.9310244335766,-15.94580877584508,-0.11199933431373839,83.89449966970842,640.6146759758851,-11.212547291962787,-0.3417269794897979,83.95332217253797,636.207912699867
21.599999999999934,-12.016965016471842,-0.28190756079361506,84.39252658751616,630.0827561015222,-16.021988877546743,-0.10997482534562057,84.0956177131465,641.0150842341025,-11.254456181684636,-0.3382956129097879,84.15302736089556,636.7556773390096
21.649999999999935,-12.015056065038314,-0.28203570089868046,84.59057369848325,630.2514804672167,-16.10458660135616,-0.10797099612297653,84.29726132560245,641.4084891064492,-11.29961638771559,-0.3346393045297913,84.35340756414995,637.3185098907614
21.699999999999932,-12.01314711360479,-0.2821638410037456,84.78862080945032,630.4202048329112,-16.18718432516558,-0.10596716690033266,84.49890493805837,641.8018939787959,-11.344776593746545,-0.3309829961497946,84.55378776740432,637.8813424425133
21.749999999999932,-12.011238162171265,-0.28229198110881076,84.9866679204174,630.5889291986055,-16.269782048975003,-0.10396333767768864,84.70054855051434,642.1952988511428,-11.389936799777503,-0.3273266877697977,84.7541679706587,638.4441749942652
21.799999999999933,-12.00932921073774,-0.28242012121387594,85.18471503138448,630.7576535642999,-16.352379772784428,-0.10195950845504463,84.90219216297028,642.5887037234894,-11.435097005808462,-0.32367037938980076,84.95454817391308,639.0070075460171
21.849999999999934,-12.009506377211194,-0.28240822938800836,85.38298464254403,630.943283127716,-16.44202224423928,-0.09987893224999798,85.10429894069384,642.9797613041803,-11.483418707740903,-0.32006883910230505,85.1556679147585,639.5860738732893
21.899999999999935,-12.009683543684648,-0.28239633756214055,85.58125425370358,631.128912691132,-16.53166471569414,-0.09779835604495124,85.3064057184174,643.3708188848713,-11.531740409673349,-0.31646729881480945,85.35678765560391,640.1651402005613
21.949999999999932,-12.009860710158105,-0.28238444573627275,85.77952386486312,631.3145422545481,-16.621307187148997,-0.09571777983990465,85.50851249614094,643.7618764655621,-11.580062111605791,-0.3128657585273141,85.55790739644932,640.7442065278333
21.999999999999932,-12.01003787663156,-0.28237255391040494,85.97779347602267,631.5001718179641,-16.71094965860386,-0.09363720363485789,85.7106192738645,644.152934046253,-11.628383813538237,-0.3092642182398185,85.75902713729472,641.3232728551054
22.049999999999933,-12.012298924972857,-0.2822208436813417,86.17630712496792,631.7028896104025,-16.807898196764484,-0.09162958310966988,85.91324572121854,644.5485567176579,-11.679996567829129,-0.3055237694875435,85.96086269296487,641.8976588595506
22.09999999999993,-12.014559973314157,-0.28206913345227824,86.37482077391317,631.9056074028408,-16.90484673492511,-0.08962196258448211,86.1158721685726,644.9441793890627,-11.73160932212002,-0.30178332073526865,86.16269824863501,642.4720448639956
22.14999999999993,-12.016821021655456,-0.2819174232232148,86.57333442285842,632.1083251952791,-17.001795273085744,-0.0876143420592942,86.31849861592664,645.3398020604676,-11.783222076410915,-0.2980428719829935,86.36453380430515,643.0464308684407
22.199999999999932,-12.019082069996756,-0.2817657129941514,86.77184807180367,632.3110429877175,-17.098743811246376,-0.0856067215341063,86.52112506328069,645.7354247318726,-11.83483483070181,-0.29430242323071837,86.5663693599753,643.6208168728859
22.249999999999932,-12.023427132823986,-0.2814750669334578,86.97062716834522,632.5307597433551,-17.203728310457503,-0.08372217583175855,86.72422614922672,646.1276537602163,-11.889747815967047,-0.29057842710557996,86.76893269030222,644.1989832410629
22.299999999999933,-12.027772195651218,-0.2811844208727641,87.16940626488673,632.7504764989927,-17.308712809668645,-0.08183763012941096,86.92732723517274,646.5198827885602,-11.944660801232287,-0.28685443098044155,86.97149602062915,644.7771496092399
22.34999999999993,-12.03211725847845,-0.2808937748120704,87.36818536142826,632.9701932546303,-17.413697308879776,-0.0799530844270635,87.13042832111873,646.9121118169039,-11.999573786497523,-0.2831304348553034,87.17405935095606,645.3553159774168
22.39999999999993,-12.036462321305684,-0.28060312875137666,87.56696445796979,633.1899100102679,-17.518681808090914,-0.0780685387247159,87.33352940706476,647.3043408452476,-12.054486771762763,-0.279406438730165,87.376622681283,645.9334823455938
22.449999999999932,-12.042893430580332,-0.28017527981970514,87.76603031535134,633.4263809641936,-17.63202237842529,-0.075941778792284,87.53714163348599,647.677657463089,-12.112753050986155,-0.27565561755516277,87.57991132752498,646.5067011774246
22.49999999999993,-12.04932453985498,-0.27974743088803344,87.96509617273291,633.6628519181193,-17.74536294875967,-0.07381501885985192,87.74075385990719,648.0509740809302,-12.171019330209548,-0.27190479638016085,87.78319997376695,647.0799200092554
22.54999999999993,-12.055755649129631,-0.27931958195636175,88.16416203011447,633.8993228720449,-17.858703519094057,-0.07168825892741969,87.94436608632843,648.4242906987716,-12.229285609432944,-0.2681539752051586,87.98648862000896,647.6531388410863
22.59999999999993,-12.062186758404282,-0.27889173302469006,88.36322788749604,634.1357938259705,-17.972044089428447,-0.06956149899498745,88.14797831274966,648.797607316613,-12.28755188865634,-0.26440315403015635,88.18977726625096,648.2263576729171
22.64999999999993,-12.070709875056084,-0.2783289115018868,88.56260130036688,634.3888038704271,-18.094899243862884,-0.06746817649526084,88.35201764569092,649.1610161302126,-12.349073718397413,-0.2608334396377255,88.39378125263467,648.8040043601135
22.699999999999932,-12.079232991707887,-0.2777660899790834,88.7619747132377,634.6418139148834,-18.217754398297334,-0.06537485399553428,88.55605697863221,649.5244249438122,-12.410595548138492,-0.25726372524529495,88.59778523901838,649.38165104731
22.74999999999993,-12.087756108359692,-0.27720326845628,88.96134812610853,634.89482395934,-18.340609552731777,-0.06328153149580787,88.76009631157348,649.8878337574116,-12.472117377879565,-0.2536940108528646,88.80178922540208,649.9592977345065
22.79999999999993,-12.096279225011495,-0.27664044693347656,89.16072153897939,635.1478340037964,-18.463464707166228,-0.061188208996081316,88.96413564451476,650.2512425710112,-12.533639207620643,-0.250124296460434,89.00579321178577,650.536944421703
22.84999999999993,-12.10690093387208,-0.2759456492998217,89.3604232799585,635.4171544873075,-18.59662102162412,-0.06014033654040594,89.16866121690323,650.6403688128677,-12.598788654761227,-0.24626613710306797,89.21053364249887,651.1091986339626
22.899999999999928,-12.117522642732665,-0.2752508516661667,89.56012502093762,635.6864749708185,-18.729777336082016,-0.05909246408473212,89.37318678929168,651.0294950547243,-12.663938101901813,-0.24240797774570175,89.41527407321195,651.6814528462221
22.94999999999993,-12.128144351593251,-0.2745560540325116,89.75982676191673,635.9557954543296,-18.862933650539922,-0.05804459162905823,89.57771236168016,651.4186212965809,-12.729087549042402,-0.23854981838833528,89.62001450392505,652.2537070584816
22.99999999999993,-12.13876606045384,-0.27386125639885656,89.95952850289585,636.2251159378405,-18.99608996499783,-0.056996719173384336,89.78223793406863,651.8077475384376,-12.794236996182994,-0.23469165903096884,89.82475493463814,652.8259612707411
23.04999999999993,-12.151495840575533,-0.2730381164048527,90.15957879196868,636.5107443340688,-19.13979315376209,-0.05484278694362562,89.98725524792408,652.1592525821079,-12.862734630609005,-0.23094868765871002,90.03019715272522,653.3818451839195
23.09999999999993,-12.164225620697232,-0.2722149764108487,90.35962908104149,636.7963727302971,-19.283496342526362,-0.05268885471386533,90.19227256177956,652.5107576257781,-12.931232265035021,-0.22720571628645134,90.23563937081231,653.9377290970979
23.149999999999928,-12.17695540081893,-0.2713918364168447,90.55967937011428,637.0820011265253,-19.42719953129063,-0.050534922484105196,90.39728987563501,652.8622626694482,-12.999729899461032,-0.22346274491419296,90.4410815888994,654.4936130102762
23.19999999999993,-12.189685180940629,-0.2705686964228407,90.75972965918709,637.3676295227535,-19.570902720054907,-0.048380990254344905,90.60230718949049,653.2137677131184,-13.068227533887047,-0.2197197735419343,90.64652380698648,655.0494969234545
23.24999999999993,-12.204530790754859,-0.269624500874565,90.96014926262322,637.6690131113703,-19.727421666685313,-0.0469638277246261,90.80771619040928,653.5425643199278,-13.140112020976126,-0.21611992063773272,90.85266132635387,655.5971747583474
23.299999999999926,-12.219376400569091,-0.2686803053262892,91.16056886605931,637.9703966999872,-19.883940613315726,-0.04554666519490845,91.01312519132806,653.8713609267369,-13.211996508065205,-0.21252006773353158,91.05879884572126,656.14485259324
23.349999999999927,-12.234222010383325,-0.2677361097780133,91.36098846949544,638.271780288604,-20.04045955994615,-0.044129502665190695,91.21853419224685,654.2001575335462,-13.28388099515429,-0.20892021482933018,91.26493636508866,656.6925304281327
23.399999999999928,-12.24906762019756,-0.26679191422973747,91.56140807293156,638.573163877221,-20.196978506576574,-0.04271234013547294,91.42394319316564,654.5289541403555,-13.355765482243374,-0.20532036192512879,91.47107388445606,657.2402082630256
23.44999999999993,-12.266044455701172,-0.26572733028244794,91.76221582157869,638.8881127299243,-20.367017964811563,-0.04103608425026046,91.62978686302468,654.8552899695042,-13.43105519432452,-0.20180362650904346,91.67789256707324,657.7765330107253
23.49999999999993,-12.283021291204786,-0.2646627463351582,91.96302357022581,639.2030615826278,-20.53705742304657,-0.0393598283650476,91.83563053288373,655.1816257986528,-13.506344906405669,-0.19828689109295825,91.88471124969044,658.3128577584251
23.549999999999926,-12.299998126708399,-0.2635981623878685,92.16383131887294,639.5180104353311,-20.707096881281565,-0.03768357247983487,92.04147420274273,655.5079616278015,-13.581634618486815,-0.19477015567687325,92.09152993230761,658.8491825061247
23.599999999999927,-12.316974962212015,-0.2625335784405788,92.36463906752007,639.8329592880345,-20.87713633951657,-0.036007316594622016,92.24731787260178,655.8342974569501,-13.656924330567966,-0.19125342026078804,92.29834861492479,659.3855072538245
23.649999999999928,-12.336103592845246,-0.26135093456428027,92.56585022375774,640.162061853834,-21.062882554686357,-0.034510846152495576,92.45354704491534,656.1366823226776,-13.735594828234714,-0.18784289688021227,92.50583406540206,659.9080277016078
23.699999999999925,-12.35523222347848,-0.2601682906879817,92.76706137999537,640.4911644196334,-21.248628769856154,-0.03301437571036951,92.65977621722887,656.439067188405,-13.814265325901461,-0.1844323734996369,92.71331951587929,660.4305481493909
23.749999999999925,-12.374360854111714,-0.258985646811683,92.96827253623303,640.8202669854327,-21.434374985025965,-0.031517905268243336,92.86600538954242,656.7414520541323,-13.892935823568214,-0.1810218501190613,92.92080496635656,660.9530685971741
23.799999999999926,-12.393489484744949,-0.25780300293538433,93.16948369247066,641.1493695512321,-21.620121200195776,-0.030021434826117167,93.07223456185598,657.0438369198598,-13.971606321234967,-0.17761132673848568,93.12829041683379,661.4755890449574
23.849999999999927,-12.41477918863437,-0.256514031844788,93.37111856608021,641.4938158621671,-21.823757053015648,-0.028733174683952718,93.2788382077732,657.3338243494929,-14.053604725401723,-0.1743196286366452,93.33642233657108,661.981998588458
23.899999999999928,-12.436068892523796,-0.2552250607541915,93.57275343968973,641.8382621731022,-22.027392905835548,-0.02744491454178858,93.48544185369045,657.623811779126,-14.135603129568484,-0.17102793053480492,93.54455425630836,662.4884081319589
23.949999999999925,-12.457358596413219,-0.2539360896635951,93.77438831329926,642.1827084840373,-22.23102875865543,-0.026156654399624536,93.69204549960766,657.9137992087592,-14.21760153373524,-0.16773623243296484,93.75268617604561,662.9948176754596
23.999999999999925,-12.478648300302643,-0.25264711857299865,93.97602318690879,642.5271547949724,-22.434664611475327,-0.0248683942574604,93.89864914552489,658.2037866383922,-14.299599937902,-0.16444453433112455,93.9608180957829,663.5012272189604
24.049999999999926,-12.502113375446275,-0.25125755941403366,94.17810003114644,642.8819129321186,-22.659037610204336,-0.023704205344492368,94.1056071357413,658.4783397671571,-14.384849890663505,-0.16128517115109117,94.16957629226141,663.9904850801335
24.099999999999923,-12.525578450589906,-0.2498680002550686,94.38017687538405,643.236671069265,-22.883410608933364,-0.022540016431524604,94.31256512595769,658.7528928959217,-14.47009984342501,-0.15812580797105819,94.3783344887399,664.4797429413064
24.149999999999924,-12.54904352573354,-0.24847844109610348,94.58225371962169,643.5914292064112,-23.1077836076624,-0.021375827518556757,94.5195231161741,659.0274460246866,-14.555349796186519,-0.154966444791025,94.58709268521841,664.9690008024796
24.199999999999925,-12.572508600877173,-0.24708888193713835,94.78433056385933,643.9461873435575,-23.332156606391443,-0.020211638605588913,94.72648110639051,659.3019991534513,-14.640599748948027,-0.15180708161099182,94.79585088169691,665.4582586636527
24.249999999999925,-12.598182503734538,-0.2456107663792169,94.98685704191485,644.3155045647102,-23.58101004467964,-0.019174104445416725,94.93377477958163,659.5592901516496,-14.728986922524848,-0.1487916419656475,95.0052124405561,665.9294351720929
24.299999999999926,-12.623856406591905,-0.24413265082129532,95.18938351997033,644.6848217858629,-23.829863482967877,-0.01813657028524473,95.14106845277273,659.8165811498479,-14.817374096101675,-0.14577620232030342,95.21457399941528,666.4006116805332
24.349999999999923,-12.649530309449272,-0.24265453526337383,95.39190999802582,645.0541390070158,-24.078716921256095,-0.017099036125072804,95.34836212596383,660.0738721480461,-14.905761269678493,-0.14276076267495955,95.42393555827444,666.8717881889734
24.399999999999924,-12.675204212306639,-0.24117641970545223,95.59443647608133,645.4234562281686,-24.327570359544332,-0.016061501964900807,95.55565579915492,660.3311631462443,-14.99414844325532,-0.13974532302961545,95.63329711713361,667.3429646974137
24.449999999999925,-12.703078056312224,-0.23959830315489447,95.79744151573402,645.8071318686261,-24.605876912102797,-0.015152492486270527,95.76326043217915,660.5714184241898,-15.085526688091237,-0.13688323175731895,95.84323950933809,667.7956403442378
24.499999999999922,-12.730951900317807,-0.23802018660433663,96.0004465553867,646.1908075090837,-24.884183464661287,-0.014243483007640502,95.97086506520337,660.811673702135,-15.176904932927153,-0.1340211404850229,96.05318190154253,668.2483159910618
24.549999999999923,-12.758825744323394,-0.2364420700537787,96.20345159503938,646.5744831495413,-25.162490017219795,-0.013334473529010411,96.17846969822759,661.0519289800802,-15.268283177763076,-0.13115904921272664,96.263124293747,668.7009916378859
24.599999999999923,-12.78669958832898,-0.23486395350322078,96.40645663469208,646.9581587899988,-25.440796569778307,-0.012425464050380322,96.38607433125182,661.2921842580255,-15.359661422598998,-0.12829695794043036,96.47306668595148,669.1536672847099
24.649999999999924,-12.816803492522954,-0.23319960674161908,96.60994739480633,647.3482967793341,-25.7554893134273,-0.011643971178136302,96.59397183181588,661.5157977560469,-15.453836826960071,-0.1255957884099734,96.68356594279987,669.5879661779684
24.699999999999925,-12.84690739671693,-0.23153525998001726,96.81343815492056,647.7384347686693,-26.070182057076355,-0.010862478305892483,96.80186933237992,661.7394112540683,-15.548012231321147,-0.12289461887951668,96.89406519964827,670.0222650712269
24.749999999999922,-12.877011300910903,-0.22987091321841555,97.0169289150348,648.1285727580045,-26.384874800725388,-0.010080985433648718,97.00976683294395,661.9630247520896,-15.642187635682218,-0.12019344934906016,97.10456445649665,670.4565639644853
24.799999999999923,-12.90711520510488,-0.22820656645681373,97.22041967514903,648.5187107473397,-26.69956754437444,-0.009299492561404898,97.21766433350801,662.1866382501108,-15.736363040043294,-0.11749227981860344,97.31506371334505,670.8908628577439
24.849999999999923,-12.939471264094212,-0.2264773241471681,97.42440523851467,648.9189765352262,-27.06056891576943,-0.00864159629914659,97.42583096855033,662.3937023328099,-15.833095235799107,-0.11495731881142261,97.52609761771954,671.3070005872044
24.89999999999992,-12.971827323083545,-0.22474808183752248,97.6283908018803,649.3192423231127,-27.421570287164467,-0.007983700036888523,97.63399760359266,662.600766415509,-15.929827431554916,-0.11242235780424223,97.73713152209402,671.7231383166649
24.94999999999992,-13.004183382072881,-0.22301883952787674,97.83237636524593,649.7195081109992,-27.78257165855953,-0.007325803774630409,97.84216423863498,662.8078304982081,-16.026559627310732,-0.10988739679706166,97.94816542646852,672.1392760461255
24.999999999999922,-13.036539441062219,-0.221289597218231,98.03636192861158,650.1197738988858,-28.14357302995459,-0.0066679075123722955,98.05033087367731,663.0148945809073,-16.12329182306655,-0.1073524357898811,98.15919933084302,672.555413775586
25.049999999999923,-13.071161241742123,-0.21948929877656587,98.24085866637279,650.5197146288616,-28.565977359434207,-0.006130479946244431,98.2587487830422,663.2075568554927,-16.222274825051077,-0.10498736307836587,98.37074445587841,672.9536759833633
25.099999999999923,-13.105783042422031,-0.21768900033490063,98.44535540413399,650.9196553588375,-28.988381688913915,-0.005593052380116756,98.46716669240706,663.4002191300782,-16.32125782703561,-0.1026222903668509,98.58228958091381,673.3519381911407
25.14999999999992,-13.140404843101935,-0.21588870189323553,98.64985214189518,651.3195960888133,-29.410786018393594,-0.005055624813989119,98.67558460177192,663.5928814046636,-16.420240829020134,-0.10025721765533611,98.7938347059492,673.750200398918
25.19999999999992,-13.175026643781845,-0.21408840345157026,98.85434887965638,651.7195368187893,-29.833190347873302,-0.004518197247861443,98.8840025111368,663.785543679249,-16.519223831004663,-0.09789214494382115,99.0053798309846,674.1484626066953
25.249999999999922,-13.211990379678392,-0.21224924941492654,99.05933960370936,652.1301626455971,-30.34143494965264,-0.0040956035851673345,99.09265335928829,663.9643567956355,-16.620084936162502,-0.09569869550465082,99.21741467746,674.529519858163
25.29999999999992,-13.248954115574941,-0.21041009537828287,99.26433032776231,652.5407884724049,-30.84967955143208,-0.003673009922473436,99.30130420743977,664.143169912022,-16.72094604132034,-0.09350524606548091,99.4294495239354,674.9105771096307
25.34999999999992,-13.285917851471494,-0.2085709413416391,99.46932105181529,652.9514142992126,-31.357924153211552,-0.003250416259779507,99.50995505559128,664.3219830284085,-16.82180714647818,-0.09131179662631085,99.64148437041082,675.2916343610983
25.39999999999992,-13.322881587368045,-0.2067317873049953,99.67431177586826,653.3620401260206,-31.866168754991023,-0.002827822597085578,99.71860590374278,664.5007961447948,-16.922668251636022,-0.08911834718714079,99.85351921688624,675.672691612566
25.44999999999992,-13.362129575050918,-0.2048799959547133,99.87984052889416,653.7857372119964,-32.50364766500766,-0.0025137903031097796,99.9274732194859,664.6679766671045,-17.024951140225575,-0.08709652741246639,100.06602204325108,676.0376934556755
25.499999999999922,-13.401377562733794,-0.20302820460443124,100.08536928192007,654.2094342979722,-33.1411265750245,-0.002199758009134151,100.13634053522901,664.8351571894143,-17.12723402881513,-0.08507470763779225,100.27852486961594,676.4026952987849
25.54999999999992,-13.440625550416668,-0.20117641325414937,100.29089803494594,654.6331313839479,-33.7786054850413,-0.001885725715158545,100.34520785097212,665.0023377117241,-17.229516917404677,-0.08305288786311826,100.49102769598075,676.7676971418941
25.59999999999992,-13.479873538099545,-0.19932462190386732,100.49642678797184,655.0568284699237,-34.416084395058135,-0.0015716934211829165,100.55407516671524,665.1695182340337,-17.331799805994233,-0.08103106808844412,100.70353052234559,677.1326989850036
25.64999999999992,-13.521461450492215,-0.1974324273529991,100.70248237894694,655.4918336694457,-35.26996247746761,-0.001357761347168565,100.7631461853473,665.3264247713189,-17.43496103020081,-0.079179096845522,100.9164827185081,677.4836642454967
25.699999999999918,-13.563049362884886,-0.19554023280213095,100.90853796992201,655.9268388689676,-36.12384055987737,-0.0011438292731543922,100.97221720397935,665.4833313086041,-17.538122254407384,-0.0773271256026003,101.1294349146706,677.8346295059896
25.74999999999992,-13.60463727527756,-0.19364803825126267,101.1145935608971,656.3618440684895,-36.97771864228719,-0.000929897199140204,101.18128822261143,665.6402378458893,-17.64128347861396,-0.07547515435967846,101.3423871108331,678.1855947664827
25.79999999999992,-13.646225187670234,-0.1917558437003944,101.3206491518722,656.7968492680114,-37.83159672469702,-0.0007159651251260158,101.39035924124349,665.7971443831744,-17.74444470282054,-0.07362318311675661,101.5553393069956,678.5365600269758
25.84999999999992,-13.690095891161864,-0.18991138675877983,101.52727119220937,657.2174454489715,-39.100730969924356,-0.0005926415888887929,101.59962090612648,665.9451463301999,-17.847841572025608,-0.07193828787756734,101.76872420526767,678.8750580046917
25.89999999999992,-13.733966594653497,-0.18806692981716536,101.73389323254655,657.6380416299316,-40.36986521515237,-0.0004693180526517178,101.80888257100946,666.0931482772255,-17.951238441230675,-0.07025339263837833,101.98210910353974,679.2135559824075
25.949999999999918,-13.777837298145126,-0.186222472875551,101.94051527288373,658.0586378108917,-41.638999460380305,-0.00034599451641465157,102.01814423589244,666.241150224251,-18.05463531043574,-0.06856849739918945,102.1954940018118,679.5520539601233
25.99999999999992,-13.821708001636761,-0.18437801593393652,102.1471373132209,658.4792339918517,-42.90813370560832,-0.0002226709801775766,102.22740590077542,666.3891521712767,-18.158032179640806,-0.06688360216000044,102.40887890008386,679.8905519378392
26.04999999999992,-13.86800864787754,-0.18231375555476567,102.35424997769377,658.8965751561774,-44.52677503271863,-0.00017959610284322135,102.43684888887108,666.53052290029,-18.260907719511497,-0.06536137266758517,102.62268183445441,680.2184988112065
26.099999999999916,-13.914309294118318,-0.18024949517559463,102.56136264216663,659.313916320503,-46.1454163598294,-0.00013652122550900032,102.64629187696673,666.6718936293033,-18.363783259382178,-0.06383914317517025,102.83648476882493,680.5464456845737
26.149999999999917,-13.9606099403591,-0.17818523479642345,102.7684753066395,659.7312574848287,-47.764057686940276,-9.344634817477627e-05,102.8557348650624,666.8132643583166,-18.466658799252865,-0.06231691368275524,103.05028770319548,680.874392557941
26.199999999999918,-14.006910586599883,-0.17612097441725227,102.97558797111238,660.1485986491542,-49.38269901405116,-5.0371470840552185e-05,103.06517785315806,666.9546350873298,-18.569534339123557,-0.06079468419034023,103.26409063756601,681.2023394313082
26.24999999999992,-14.055509805698682,-0.17414587782986646,103.18325890419827,660.5924412163389,-48.16115633236538,-7.638759053966949e-05,103.27479482143602,667.0917349511799,-18.671012006586537,-0.05942983009619072,103.4782997562286,681.5220138051615
26.29999999999992,-14.104109024797484,-0.17217078124248078,103.39092983728415,661.0362837835236,-46.93961365067496,-0.00010240371023889969,103.48441178971396,667.2288348150297,-18.772489674049513,-0.05806497600204147,103.69250887489119,681.8416881790147
26.349999999999916,-14.152708243896283,-0.17019568465509527,103.59860077037003,661.4801263507081,-45.71807096898463,-0.00012841982993812805,103.69402875799189,667.3659346788797,-18.873967341512486,-0.05670012190789232,103.90671799355374,682.1613625528678
26.399999999999917,-14.201307462995084,-0.1682205880677096,103.80627170345592,661.9239689178928,-44.496528287294204,-0.00015443594963735825,103.90364572626984,667.5030345427297,-18.975445008975463,-0.055335267813743066,104.12092711221632,682.4810369267209
26.449999999999918,-14.25226154992707,-0.1660942779690854,104.01449986596752,662.3640859374057,-43.24592530249174,-0.0002378873749831972,104.11343328390556,667.6383770373898,-19.074520207471164,-0.05412174712119197,104.33553347591841,682.7946867770033
26.499999999999915,-14.303215636859054,-0.1639679678704611,104.22272802847911,662.8042029569185,-41.99532231768932,-0.00032133880032912405,104.32322084154127,667.7737195320499,-19.173595405966854,-0.05290822642864121,104.55013983962048,683.1083366272856
26.549999999999915,-14.354169723791044,-0.16184165777183668,104.43095619099073,663.2443199764314,-40.74471933288682,-0.0004047902256750569,104.53300839917698,667.90906202671,-19.27267060446255,-0.051694705736090356,104.76474620332259,683.4219864775678
26.599999999999916,-14.405123810723031,-0.15971534767321224,104.63918435350234,663.6844369959442,-39.494116348084304,-0.00048824165102098966,104.74279595681271,668.0444045213701,-19.371745802958248,-0.0504811850435395,104.97935256702468,683.7356363278502
26.649999999999917,-14.45846470107642,-0.15807107506831444,104.84796142130439,664.1120038080611,-38.711820462200514,-0.0006170335101576318,104.9527530778802,668.180403038827,-19.467295509320856,-0.04941232797691336,105.1943499737396,684.0458468161335
26.699999999999918,-14.511805591429809,-0.15642680246341747,105.05673848910646,664.5395706201781,-37.92952457631752,-0.000745825369294351,105.1627101989477,668.316401556284,-19.562845215683456,-0.04834347091028746,105.40934738045455,684.3560573044168
26.749999999999915,-14.565146481783197,-0.15478252985852065,105.26551555690851,664.9671374322949,-37.14722869043458,-0.0008746172284310612,105.3726673200152,668.452400073741,-19.65839492204605,-0.04727461384366164,105.62434478716946,684.6662677927001
26.799999999999915,-14.618487372136588,-0.15313825725362368,105.47429262471059,665.3947042444117,-36.364932804551586,-0.0010034090875677805,105.5826244410827,668.588398591198,-19.75394462840865,-0.04620575677703574,105.8393421938844,684.9764782809833
26.849999999999916,-14.674156033688337,-0.15109948816574192,105.68359537982688,665.6038685808659,-35.82418528475918,-0.0011651401029444956,105.7927538002731,668.6569299628184,-19.844699505888016,-0.045274893526485366,106.05472820157934,685.1310976981285
26.899999999999913,-14.729824695240087,-0.14906071907785962,105.89289813494317,665.8130329173196,-35.283437764967225,-0.0013268711183212552,106.00288315946348,668.7254613344387,-19.935454383367368,-0.04434403027593529,106.27011420927425,685.2857171152733
26.949999999999914,-14.785493356791841,-0.1470219499899772,106.10220089005946,666.0221972537732,-34.74269024517523,-0.0014886021336980265,106.21301251865388,668.793992706059,-20.026209260846723,-0.04341316702538515,106.4855002169692,685.4403365324182
26.999999999999915,-14.841162018343596,-0.14498318090209475,106.31150364517578,666.2313615902269,-34.20194272538324,-0.0016503331490747976,106.42314187784429,668.8625240776794,-20.11696413832608,-0.04248230377483501,106.70088622466415,685.5949559495631
